club_source_name,player,date_of_birth,transfermarkt_player_id,nationality_raw,nationality_primary,position_source,source_url
Arsenal,John Lukic,1960-11-12,28241,England,England,Goalkeeper,https://raw.githubusercontent.com/Samoilov2004/premier_league_dataset/main/dataset/DATA_JSON/Season_1996/Arsenal_FC_11_1996.json
Arsenal,David Seaman,1963-09-19,3141,England,England,Goalkeeper,https://raw.githubusercontent.com/Samoilov2004/premier_league_dataset/main/dataset/DATA_JSON/Season_1996/Arsenal_FC_11_1996.json
Arsenal,Vince Bartram,1968-07-08,13778,England,England,Goalkeeper,https://raw.githubusercontent.com/Samoilov2004/premier_league_dataset/main/dataset/DATA_JSON/Season_1996/Arsenal_FC_11_1996.json
Arsenal,Lee Harper,1971-10-30,98144,England,England,Goalkeeper,https://raw.githubusercontent.com/Samoilov2004/premier_league_dataset/main/dataset/DATA_JSON/Season_1996/Arsenal_FC_11_1996.json
Arsenal,Tony Adams,1966-10-10,28238,England,England,Centre-Back,https://raw.githubusercontent.com/Samoilov2004/premier_league_dataset/main/dataset/DATA_JSON/Season_1996/Arsenal_FC_11_1996.json
Arsenal,Steve Bould,1962-11-16,106893,England,England,Centre-Back,https://raw.githubusercontent.com/Samoilov2004/premier_league_dataset/main/dataset/DATA_JSON/Season_1996/Arsenal_FC_11_1996.json
Arsenal,Andy Linighan,1962-06-18,176749,England,England,Centre-Back,https://raw.githubusercontent.com/Samoilov2004/premier_league_dataset/main/dataset/DATA_JSON/Season_1996/Arsenal_FC_11_1996.json
Arsenal,Martin Keown,1966-07-24,3184,England,England,Centre-Back,https://raw.githubusercontent.com/Samoilov2004/premier_league_dataset/main/dataset/DATA_JSON/Season_1996/Arsenal_FC_11_1996.json
Arsenal,Scott Marshall,1973-01-05,106912,Scotland,Scotland,Centre-Back,https://raw.githubusercontent.com/Samoilov2004/premier_league_dataset/main/dataset/DATA_JSON/Season_1996/Arsenal_FC_11_1996.json
Arsenal,Matthew Rose,1975-09-24,13733,England,England,Centre-Back,https://raw.githubusercontent.com/Samoilov2004/premier_league_dataset/main/dataset/DATA_JSON/Season_1996/Arsenal_FC_11_1996.json
Arsenal,Nigel Winterburn,1963-11-12,3648,England,England,Left-Back,https://raw.githubusercontent.com/Samoilov2004/premier_league_dataset/main/dataset/DATA_JSON/Season_1996/Arsenal_FC_11_1996.json
Arsenal,Gavin McGowan,1976-01-16,106913,England,England,Left-Back,https://raw.githubusercontent.com/Samoilov2004/premier_league_dataset/main/dataset/DATA_JSON/Season_1996/Arsenal_FC_11_1996.json
Arsenal,Lee Dixon,1964-03-17,28240,England,England,Right-Back,https://raw.githubusercontent.com/Samoilov2004/premier_league_dataset/main/dataset/DATA_JSON/Season_1996/Arsenal_FC_11_1996.json
Arsenal,Steve Morrow,1970-02-07,176752,Northern Ireland,Northern Ireland,Right-Back,https://raw.githubusercontent.com/Samoilov2004/premier_league_dataset/main/dataset/DATA_JSON/Season_1996/Arsenal_FC_11_1996.json
Arsenal,Patrick Vieira,1976-06-23,3183,France | Senegal,France,Defensive Midfield,https://raw.githubusercontent.com/Samoilov2004/premier_league_dataset/main/dataset/DATA_JSON/Season_1996/Arsenal_FC_11_1996.json
Arsenal,Rémi Garde,1966-03-04,101115,France,France,Defensive Midfield,https://raw.githubusercontent.com/Samoilov2004/premier_league_dataset/main/dataset/DATA_JSON/Season_1996/Arsenal_FC_11_1996.json
Arsenal,Ray Parlour,1973-07-03,3208,England,England,Central Midfield,https://raw.githubusercontent.com/Samoilov2004/premier_league_dataset/main/dataset/DATA_JSON/Season_1996/Arsenal_FC_11_1996.json
Arsenal,David Hillier,1969-12-19,176745,England,England,Central Midfield,https://raw.githubusercontent.com/Samoilov2004/premier_league_dataset/main/dataset/DATA_JSON/Season_1996/Arsenal_FC_11_1996.json
Arsenal,Eddie McGoldrick,1965-04-30,102491,Ireland | England,Ireland,Central Midfield,https://raw.githubusercontent.com/Samoilov2004/premier_league_dataset/main/dataset/DATA_JSON/Season_1996/Arsenal_FC_11_1996.json
Arsenal,Ian Selley,1974-06-14,175991,England,England,Central Midfield,https://raw.githubusercontent.com/Samoilov2004/premier_league_dataset/main/dataset/DATA_JSON/Season_1996/Arsenal_FC_11_1996.json
Arsenal,Stephen Hughes,1976-09-18,10400,England,England,Central Midfield,https://raw.githubusercontent.com/Samoilov2004/premier_league_dataset/main/dataset/DATA_JSON/Season_1996/Arsenal_FC_11_1996.json
Arsenal,Adrian Clarke,1974-09-28,222104,England,England,Left Midfield,https://raw.githubusercontent.com/Samoilov2004/premier_league_dataset/main/dataset/DATA_JSON/Season_1996/Arsenal_FC_11_1996.json
Arsenal,David Platt,1966-10-06,101318,England,England,Attacking Midfield,https://raw.githubusercontent.com/Samoilov2004/premier_league_dataset/main/dataset/DATA_JSON/Season_1996/Arsenal_FC_11_1996.json
Arsenal,Paul Merson,1968-03-20,3250,England,England,Attacking Midfield,https://raw.githubusercontent.com/Samoilov2004/premier_league_dataset/main/dataset/DATA_JSON/Season_1996/Arsenal_FC_11_1996.json
Arsenal,Glenn Helder,1968-10-28,152223,Netherlands,Netherlands,Left Winger,https://raw.githubusercontent.com/Samoilov2004/premier_league_dataset/main/dataset/DATA_JSON/Season_1996/Arsenal_FC_11_1996.json
Arsenal,Dennis Bergkamp,1969-10-05,3187,Netherlands,Netherlands,Second Striker,https://raw.githubusercontent.com/Samoilov2004/premier_league_dataset/main/dataset/DATA_JSON/Season_1996/Arsenal_FC_11_1996.json
Arsenal,Ian Wright,1963-03-11,104637,England,England,Centre-Forward,https://raw.githubusercontent.com/Samoilov2004/premier_league_dataset/main/dataset/DATA_JSON/Season_1996/Arsenal_FC_11_1996.json
Arsenal,Nicolas Anelka,1979-03-14,3226,France | Martinique,France,Centre-Forward,https://raw.githubusercontent.com/Samoilov2004/premier_league_dataset/main/dataset/DATA_JSON/Season_1996/Arsenal_FC_11_1996.json
Arsenal,John Hartson,1975-05-04,3094,Wales,Wales,Centre-Forward,https://raw.githubusercontent.com/Samoilov2004/premier_league_dataset/main/dataset/DATA_JSON/Season_1996/Arsenal_FC_11_1996.json
Arsenal,Chris Kiwomya,1969-02-12,173696,England | Uganda,England,Centre-Forward,https://raw.githubusercontent.com/Samoilov2004/premier_league_dataset/main/dataset/DATA_JSON/Season_1996/Arsenal_FC_11_1996.json
Arsenal,Paul Dickov,1972-01-11,9221,Scotland,Scotland,Centre-Forward,https://raw.githubusercontent.com/Samoilov2004/premier_league_dataset/main/dataset/DATA_JSON/Season_1996/Arsenal_FC_11_1996.json
Arsenal,Paul Shaw,1973-04-09,14068,England,England,Centre-Forward,https://raw.githubusercontent.com/Samoilov2004/premier_league_dataset/main/dataset/DATA_JSON/Season_1996/Arsenal_FC_11_1996.json
Arsenal,Isaiah Rankin,1978-05-22,16495,England,England,Centre-Forward,https://raw.githubusercontent.com/Samoilov2004/premier_league_dataset/main/dataset/DATA_JSON/Season_1996/Arsenal_FC_11_1996.json
Aston Villa,Mark Bosnich,1972-01-13,3249,Australia | Croatia,Australia,Goalkeeper,https://raw.githubusercontent.com/Samoilov2004/premier_league_dataset/main/dataset/DATA_JSON/Season_1996/Aston_Villa_405_1996.json
Aston Villa,Michael Oakes,1973-10-30,4237,England,England,Goalkeeper,https://raw.githubusercontent.com/Samoilov2004/premier_league_dataset/main/dataset/DATA_JSON/Season_1996/Aston_Villa_405_1996.json
Aston Villa,Adam Rachel,1976-10-12,105076,England,England,Goalkeeper,https://raw.githubusercontent.com/Samoilov2004/premier_league_dataset/main/dataset/DATA_JSON/Season_1996/Aston_Villa_405_1996.json
Aston Villa,Stuart Brock,1976-09-26,232354,England,England,Goalkeeper,https://raw.githubusercontent.com/Samoilov2004/premier_league_dataset/main/dataset/DATA_JSON/Season_1996/Aston_Villa_405_1996.json
Aston Villa,Gareth Southgate,1970-03-09,3744,England,England,Centre-Back,https://raw.githubusercontent.com/Samoilov2004/premier_league_dataset/main/dataset/DATA_JSON/Season_1996/Aston_Villa_405_1996.json
Aston Villa,Paul McGrath,1959-04-12,102492,Ireland | Nigeria,Ireland,Centre-Back,https://raw.githubusercontent.com/Samoilov2004/premier_league_dataset/main/dataset/DATA_JSON/Season_1996/Aston_Villa_405_1996.json
Aston Villa,Ugo Ehiogu,1972-03-11,3247,England | Nigeria,England,Centre-Back,https://raw.githubusercontent.com/Samoilov2004/premier_league_dataset/main/dataset/DATA_JSON/Season_1996/Aston_Villa_405_1996.json
Aston Villa,Carl Tiler,1970-11-02,198681,England,England,Centre-Back,https://raw.githubusercontent.com/Samoilov2004/premier_league_dataset/main/dataset/DATA_JSON/Season_1996/Aston_Villa_405_1996.json
Aston Villa,Riccardo Scimeca,1975-06-13,5174,England,England,Centre-Back,https://raw.githubusercontent.com/Samoilov2004/premier_league_dataset/main/dataset/DATA_JSON/Season_1996/Aston_Villa_405_1996.json
Aston Villa,David Hughes,1978-01-02,106813,Wales,Wales,Centre-Back,https://raw.githubusercontent.com/Samoilov2004/premier_league_dataset/main/dataset/DATA_JSON/Season_1996/Aston_Villa_405_1996.json
Aston Villa,Steve Staunton,1969-01-19,3839,Ireland,Ireland,Left-Back,https://raw.githubusercontent.com/Samoilov2004/premier_league_dataset/main/dataset/DATA_JSON/Season_1996/Aston_Villa_405_1996.json
Aston Villa,Alan Wright,1971-09-28,3331,England,England,Left-Back,https://raw.githubusercontent.com/Samoilov2004/premier_league_dataset/main/dataset/DATA_JSON/Season_1996/Aston_Villa_405_1996.json
Aston Villa,Phil King,1967-12-28,222296,England,England,Left-Back,https://raw.githubusercontent.com/Samoilov2004/premier_league_dataset/main/dataset/DATA_JSON/Season_1996/Aston_Villa_405_1996.json
Aston Villa,Gary Charles,1970-04-13,106810,England,England,Right-Back,https://raw.githubusercontent.com/Samoilov2004/premier_league_dataset/main/dataset/DATA_JSON/Season_1996/Aston_Villa_405_1996.json
Aston Villa,Nélson,1971-05-11,106821,Portugal,Portugal,Right-Back,https://raw.githubusercontent.com/Samoilov2004/premier_league_dataset/main/dataset/DATA_JSON/Season_1996/Aston_Villa_405_1996.json
Aston Villa,Andy Townsend,1963-07-23,102498,Ireland | England,Ireland,Central Midfield,https://raw.githubusercontent.com/Samoilov2004/premier_league_dataset/main/dataset/DATA_JSON/Season_1996/Aston_Villa_405_1996.json
Aston Villa,Ian Taylor,1968-04-06,3667,England,England,Central Midfield,https://raw.githubusercontent.com/Samoilov2004/premier_league_dataset/main/dataset/DATA_JSON/Season_1996/Aston_Villa_405_1996.json
Aston Villa,Mark Draper,1970-11-11,3681,England,England,Central Midfield,https://raw.githubusercontent.com/Samoilov2004/premier_league_dataset/main/dataset/DATA_JSON/Season_1996/Aston_Villa_405_1996.json
Aston Villa,Lee Hendrie,1977-05-18,4069,England,England,Central Midfield,https://raw.githubusercontent.com/Samoilov2004/premier_league_dataset/main/dataset/DATA_JSON/Season_1996/Aston_Villa_405_1996.json
Aston Villa,Gareth Farrelly,1975-08-28,9878,Ireland,Ireland,Left Midfield,https://raw.githubusercontent.com/Samoilov2004/premier_league_dataset/main/dataset/DATA_JSON/Season_1996/Aston_Villa_405_1996.json
Aston Villa,Sasa Curcic,1972-02-14,174239,Serbia,Serbia,Attacking Midfield,https://raw.githubusercontent.com/Samoilov2004/premier_league_dataset/main/dataset/DATA_JSON/Season_1996/Aston_Villa_405_1996.json
Aston Villa,Franz Carr,1966-09-24,222286,England,England,Right Winger,https://raw.githubusercontent.com/Samoilov2004/premier_league_dataset/main/dataset/DATA_JSON/Season_1996/Aston_Villa_405_1996.json
Aston Villa,Scott Murray,1974-05-26,13417,Scotland,Scotland,Right Winger,https://raw.githubusercontent.com/Samoilov2004/premier_league_dataset/main/dataset/DATA_JSON/Season_1996/Aston_Villa_405_1996.json
Aston Villa,Savo Milosevic,1973-02-09,7896,Serbia | Bosnia-Herzegovina,Serbia,Centre-Forward,https://raw.githubusercontent.com/Samoilov2004/premier_league_dataset/main/dataset/DATA_JSON/Season_1996/Aston_Villa_405_1996.json
Aston Villa,Dwight Yorke,1971-03-11,3223,Trinidad and Tobago | England,Trinidad and Tobago,Centre-Forward,https://raw.githubusercontent.com/Samoilov2004/premier_league_dataset/main/dataset/DATA_JSON/Season_1996/Aston_Villa_405_1996.json
Aston Villa,Tommy Johnson,1971-01-15,13794,England,England,Centre-Forward,https://raw.githubusercontent.com/Samoilov2004/premier_league_dataset/main/dataset/DATA_JSON/Season_1996/Aston_Villa_405_1996.json
Aston Villa,Julian Joachim,1974-09-20,10027,England | St. Vincent & Grenadinen,England,Centre-Forward,https://raw.githubusercontent.com/Samoilov2004/premier_league_dataset/main/dataset/DATA_JSON/Season_1996/Aston_Villa_405_1996.json
Aston Villa,Neil Davis,1973-08-15,230934,England,England,Centre-Forward,https://raw.githubusercontent.com/Samoilov2004/premier_league_dataset/main/dataset/DATA_JSON/Season_1996/Aston_Villa_405_1996.json
Blackburn Rovers,Tim Flowers,1967-03-02,4249,England,England,Goalkeeper,https://raw.githubusercontent.com/Samoilov2004/premier_league_dataset/main/dataset/DATA_JSON/Season_1996/Blackburn_Rovers_164_1996.json
Blackburn Rovers,Shay Given,1976-04-20,3146,Ireland,Ireland,Goalkeeper,https://raw.githubusercontent.com/Samoilov2004/premier_league_dataset/main/dataset/DATA_JSON/Season_1996/Blackburn_Rovers_164_1996.json
Blackburn Rovers,Chris Coleman,1970-10-06,132125,Wales | Ireland,Wales,Centre-Back,https://raw.githubusercontent.com/Samoilov2004/premier_league_dataset/main/dataset/DATA_JSON/Season_1996/Blackburn_Rovers_164_1996.json
Blackburn Rovers,Colin Hendry,1965-07-12,103642,Scotland,Scotland,Centre-Back,https://raw.githubusercontent.com/Samoilov2004/premier_league_dataset/main/dataset/DATA_JSON/Season_1996/Blackburn_Rovers_164_1996.json
Blackburn Rovers,Nicky Marker,1965-03-05,173498,England,England,Centre-Back,https://raw.githubusercontent.com/Samoilov2004/premier_league_dataset/main/dataset/DATA_JSON/Season_1996/Blackburn_Rovers_164_1996.json
Blackburn Rovers,Ian Pearce,1974-07-05,3879,England,England,Centre-Back,https://raw.githubusercontent.com/Samoilov2004/premier_league_dataset/main/dataset/DATA_JSON/Season_1996/Blackburn_Rovers_164_1996.json
Blackburn Rovers,Marlon Broomes,1977-11-28,13995,England,England,Centre-Back,https://raw.githubusercontent.com/Samoilov2004/premier_league_dataset/main/dataset/DATA_JSON/Season_1996/Blackburn_Rovers_164_1996.json
Blackburn Rovers,Tony Whealing,1976-03-09,1213303,England,England,Centre-Back,https://raw.githubusercontent.com/Samoilov2004/premier_league_dataset/main/dataset/DATA_JSON/Season_1996/Blackburn_Rovers_164_1996.json
Blackburn Rovers,Graeme Le Saux,1968-10-17,3157,England | Jersey,England,Left-Back,https://raw.githubusercontent.com/Samoilov2004/premier_league_dataset/main/dataset/DATA_JSON/Season_1996/Blackburn_Rovers_164_1996.json
Blackburn Rovers,Gary Croft,1974-02-17,12692,England,England,Left-Back,https://raw.githubusercontent.com/Samoilov2004/premier_league_dataset/main/dataset/DATA_JSON/Season_1996/Blackburn_Rovers_164_1996.json
Blackburn Rovers,Jeff Kenna,1970-08-27,3933,Ireland,Ireland,Right-Back,https://raw.githubusercontent.com/Samoilov2004/premier_league_dataset/main/dataset/DATA_JSON/Season_1996/Blackburn_Rovers_164_1996.json
Blackburn Rovers,Henning Berg,1969-01-09,3823,Norway | Cyprus,Norway,Right-Back,https://raw.githubusercontent.com/Samoilov2004/premier_league_dataset/main/dataset/DATA_JSON/Season_1996/Blackburn_Rovers_164_1996.json
Blackburn Rovers,Steve Hitchen,1976-11-28,967840,England,England,Right-Back,https://raw.githubusercontent.com/Samoilov2004/premier_league_dataset/main/dataset/DATA_JSON/Season_1996/Blackburn_Rovers_164_1996.json
Blackburn Rovers,Tim Sherwood,1969-06-02,4005,England,England,Central Midfield,https://raw.githubusercontent.com/Samoilov2004/premier_league_dataset/main/dataset/DATA_JSON/Season_1996/Blackburn_Rovers_164_1996.json
Blackburn Rovers,Lars Bohinen,1969-08-09,102503,Norway,Norway,Central Midfield,https://raw.githubusercontent.com/Samoilov2004/premier_league_dataset/main/dataset/DATA_JSON/Season_1996/Blackburn_Rovers_164_1996.json
Blackburn Rovers,Adam Reed,1975-02-18,1155108,England,England,Central Midfield,https://raw.githubusercontent.com/Samoilov2004/premier_league_dataset/main/dataset/DATA_JSON/Season_1996/Blackburn_Rovers_164_1996.json
Blackburn Rovers,Garry Flitcroft,1972-06-11,3706,England,England,Central Midfield,https://raw.githubusercontent.com/Samoilov2004/premier_league_dataset/main/dataset/DATA_JSON/Season_1996/Blackburn_Rovers_164_1996.json
Blackburn Rovers,Paul Warhurst,1969-09-26,3307,England,England,Central Midfield,https://raw.githubusercontent.com/Samoilov2004/premier_league_dataset/main/dataset/DATA_JSON/Season_1996/Blackburn_Rovers_164_1996.json
Blackburn Rovers,Wayne Gill,1975-11-28,107194,England,England,Central Midfield,https://raw.githubusercontent.com/Samoilov2004/premier_league_dataset/main/dataset/DATA_JSON/Season_1996/Blackburn_Rovers_164_1996.json
Blackburn Rovers,Stuart Ripley,1967-11-20,107223,England,England,Right Midfield,https://raw.githubusercontent.com/Samoilov2004/premier_league_dataset/main/dataset/DATA_JSON/Season_1996/Blackburn_Rovers_164_1996.json
Blackburn Rovers,Billy McKinlay,1969-04-22,9212,Scotland,Scotland,Right Midfield,https://raw.githubusercontent.com/Samoilov2004/premier_league_dataset/main/dataset/DATA_JSON/Season_1996/Blackburn_Rovers_164_1996.json
Blackburn Rovers,Damien Duff,1979-02-03,3259,Ireland,Ireland,Right Midfield,https://raw.githubusercontent.com/Samoilov2004/premier_league_dataset/main/dataset/DATA_JSON/Season_1996/Blackburn_Rovers_164_1996.json
Blackburn Rovers,Damien Johnson,1978-11-18,3940,Northern Ireland,Northern Ireland,Right Midfield,https://raw.githubusercontent.com/Samoilov2004/premier_league_dataset/main/dataset/DATA_JSON/Season_1996/Blackburn_Rovers_164_1996.json
Blackburn Rovers,Jason Wilcox,1971-07-15,3320,England,England,Left Midfield,https://raw.githubusercontent.com/Samoilov2004/premier_league_dataset/main/dataset/DATA_JSON/Season_1996/Blackburn_Rovers_164_1996.json
Blackburn Rovers,Matty Holmes,1969-01-08,173497,England,England,Left Midfield,https://raw.githubusercontent.com/Samoilov2004/premier_league_dataset/main/dataset/DATA_JSON/Season_1996/Blackburn_Rovers_164_1996.json
Blackburn Rovers,Niklas Gudmundsson,1972-02-29,173496,Sweden,Sweden,Left Winger,https://raw.githubusercontent.com/Samoilov2004/premier_league_dataset/main/dataset/DATA_JSON/Season_1996/Blackburn_Rovers_164_1996.json
Blackburn Rovers,Kevin Gallacher,1966-11-23,101134,Scotland,Scotland,Right Winger,https://raw.githubusercontent.com/Samoilov2004/premier_league_dataset/main/dataset/DATA_JSON/Season_1996/Blackburn_Rovers_164_1996.json
Blackburn Rovers,Georgios Donis,1969-10-22,107188,Greece,Greece,Right Winger,https://raw.githubusercontent.com/Samoilov2004/premier_league_dataset/main/dataset/DATA_JSON/Season_1996/Blackburn_Rovers_164_1996.json
Blackburn Rovers,Chris Sutton,1973-10-03,7453,England,England,Centre-Forward,https://raw.githubusercontent.com/Samoilov2004/premier_league_dataset/main/dataset/DATA_JSON/Season_1996/Blackburn_Rovers_164_1996.json
Blackburn Rovers,Graham Fenton,1974-05-22,97931,England,England,Centre-Forward,https://raw.githubusercontent.com/Samoilov2004/premier_league_dataset/main/dataset/DATA_JSON/Season_1996/Blackburn_Rovers_164_1996.json
Blackburn Rovers,Per Pedersen,1969-03-30,97263,Denmark,Denmark,Centre-Forward,https://raw.githubusercontent.com/Samoilov2004/premier_league_dataset/main/dataset/DATA_JSON/Season_1996/Blackburn_Rovers_164_1996.json
Blackburn Rovers,James Beattie,1978-02-27,3112,England,England,Centre-Forward,https://raw.githubusercontent.com/Samoilov2004/premier_league_dataset/main/dataset/DATA_JSON/Season_1996/Blackburn_Rovers_164_1996.json
Blackburn Rovers,James Thomas,1979-01-16,277591,Wales,Wales,Centre-Forward,https://raw.githubusercontent.com/Samoilov2004/premier_league_dataset/main/dataset/DATA_JSON/Season_1996/Blackburn_Rovers_164_1996.json
Chelsea,Kevin Hitchcock,1962-05-10,26168,England,England,Goalkeeper,https://raw.githubusercontent.com/Samoilov2004/premier_league_dataset/main/dataset/DATA_JSON/Season_1996/Chelsea_FC_631_1996.json
Chelsea,Dmitriy Kharin,1968-08-16,67109,Russia,Russia,Goalkeeper,https://raw.githubusercontent.com/Samoilov2004/premier_league_dataset/main/dataset/DATA_JSON/Season_1996/Chelsea_FC_631_1996.json
Chelsea,Nick Colgan,1973-09-19,12690,Ireland,Ireland,Goalkeeper,https://raw.githubusercontent.com/Samoilov2004/premier_league_dataset/main/dataset/DATA_JSON/Season_1996/Chelsea_FC_631_1996.json
Chelsea,Frode Grodås,1964-10-24,263,Norway,Norway,Goalkeeper,https://raw.githubusercontent.com/Samoilov2004/premier_league_dataset/main/dataset/DATA_JSON/Season_1996/Chelsea_FC_631_1996.json
Chelsea,Craig Forrest,1967-09-20,107807,Canada,Canada,Goalkeeper,https://raw.githubusercontent.com/Samoilov2004/premier_league_dataset/main/dataset/DATA_JSON/Season_1996/Chelsea_FC_631_1996.json
Chelsea,Frank Leboeuf,1968-01-22,5314,France,France,Centre-Back,https://raw.githubusercontent.com/Samoilov2004/premier_league_dataset/main/dataset/DATA_JSON/Season_1996/Chelsea_FC_631_1996.json
Chelsea,Michael Duberry,1975-10-14,3633,England | Montserrat,England,Centre-Back,https://raw.githubusercontent.com/Samoilov2004/premier_league_dataset/main/dataset/DATA_JSON/Season_1996/Chelsea_FC_631_1996.json
Chelsea,David Lee,1969-11-26,107092,England,England,Centre-Back,https://raw.githubusercontent.com/Samoilov2004/premier_league_dataset/main/dataset/DATA_JSON/Season_1996/Chelsea_FC_631_1996.json
Chelsea,Erland Johnsen,1967-05-04,95371,Norway,Norway,Centre-Back,https://raw.githubusercontent.com/Samoilov2004/premier_league_dataset/main/dataset/DATA_JSON/Season_1996/Chelsea_FC_631_1996.json
Chelsea,Frank Sinclair,1971-03-12,8056,Jamaica | England,Jamaica,Centre-Back,https://raw.githubusercontent.com/Samoilov2004/premier_league_dataset/main/dataset/DATA_JSON/Season_1996/Chelsea_FC_631_1996.json
Chelsea,Andy Myers,1973-03-11,15058,England,England,Left-Back,https://raw.githubusercontent.com/Samoilov2004/premier_league_dataset/main/dataset/DATA_JSON/Season_1996/Chelsea_FC_631_1996.json
Chelsea,Terry Phelan,1967-03-16,102495,Ireland | England,Ireland,Left-Back,https://raw.githubusercontent.com/Samoilov2004/premier_league_dataset/main/dataset/DATA_JSON/Season_1996/Chelsea_FC_631_1996.json
Chelsea,Scott Minto,1971-06-08,3884,England,England,Left-Back,https://raw.githubusercontent.com/Samoilov2004/premier_league_dataset/main/dataset/DATA_JSON/Season_1996/Chelsea_FC_631_1996.json
Chelsea,Danny Granville,1975-01-19,13789,England,England,Left-Back,https://raw.githubusercontent.com/Samoilov2004/premier_league_dataset/main/dataset/DATA_JSON/Season_1996/Chelsea_FC_631_1996.json
Chelsea,Dan Petrescu,1967-12-22,102023,Romania | England,Romania,Right-Back,https://raw.githubusercontent.com/Samoilov2004/premier_league_dataset/main/dataset/DATA_JSON/Season_1996/Chelsea_FC_631_1996.json
Chelsea,Steve Clarke,1963-08-29,107084,Scotland,Scotland,Right-Back,https://raw.githubusercontent.com/Samoilov2004/premier_league_dataset/main/dataset/DATA_JSON/Season_1996/Chelsea_FC_631_1996.json
Chelsea,Paul Parker,1964-04-04,101381,England,England,Right-Back,https://raw.githubusercontent.com/Samoilov2004/premier_league_dataset/main/dataset/DATA_JSON/Season_1996/Chelsea_FC_631_1996.json
Chelsea,Neil Clement,1978-03-10,3789,England,England,Right-Back,https://raw.githubusercontent.com/Samoilov2004/premier_league_dataset/main/dataset/DATA_JSON/Season_1996/Chelsea_FC_631_1996.json
Chelsea,Dennis Wise,1966-12-16,4006,England,England,Defensive Midfield,https://raw.githubusercontent.com/Samoilov2004/premier_league_dataset/main/dataset/DATA_JSON/Season_1996/Chelsea_FC_631_1996.json
Chelsea,Roberto Di Matteo,1970-05-29,103679,Italy | Switzerland,Italy,Central Midfield,https://raw.githubusercontent.com/Samoilov2004/premier_league_dataset/main/dataset/DATA_JSON/Season_1996/Chelsea_FC_631_1996.json
Chelsea,Gavin Peacock,1967-11-18,175582,England,England,Central Midfield,https://raw.githubusercontent.com/Samoilov2004/premier_league_dataset/main/dataset/DATA_JSON/Season_1996/Chelsea_FC_631_1996.json
Chelsea,Jody Morris,1978-12-22,3171,England,England,Central Midfield,https://raw.githubusercontent.com/Samoilov2004/premier_league_dataset/main/dataset/DATA_JSON/Season_1996/Chelsea_FC_631_1996.json
Chelsea,Eddie Newton,1971-12-13,107094,England,England,Central Midfield,https://raw.githubusercontent.com/Samoilov2004/premier_league_dataset/main/dataset/DATA_JSON/Season_1996/Chelsea_FC_631_1996.json
Chelsea,Paul Hughes,1976-04-19,33494,England,England,Central Midfield,https://raw.githubusercontent.com/Samoilov2004/premier_league_dataset/main/dataset/DATA_JSON/Season_1996/Chelsea_FC_631_1996.json
Chelsea,Ruud Gullit,1962-01-09,101045,Netherlands | Suriname,Netherlands,Attacking Midfield,https://raw.githubusercontent.com/Samoilov2004/premier_league_dataset/main/dataset/DATA_JSON/Season_1996/Chelsea_FC_631_1996.json
Chelsea,Craig Burley,1971-09-24,11319,Scotland,Scotland,Attacking Midfield,https://raw.githubusercontent.com/Samoilov2004/premier_league_dataset/main/dataset/DATA_JSON/Season_1996/Chelsea_FC_631_1996.json
Chelsea,Mark Hughes,1963-01-11,8022,Wales,Wales,Second Striker,https://raw.githubusercontent.com/Samoilov2004/premier_league_dataset/main/dataset/DATA_JSON/Season_1996/Chelsea_FC_631_1996.json
Chelsea,Gianfranco Zola,1966-05-07,3177,Italy,Italy,Second Striker,https://raw.githubusercontent.com/Samoilov2004/premier_league_dataset/main/dataset/DATA_JSON/Season_1996/Chelsea_FC_631_1996.json
Chelsea,Gianluca Vialli,1964-09-07,16036,Italy,Italy,Centre-Forward,https://raw.githubusercontent.com/Samoilov2004/premier_league_dataset/main/dataset/DATA_JSON/Season_1996/Chelsea_FC_631_1996.json
Chelsea,John Spencer,1970-11-09,27004,Scotland,Scotland,Centre-Forward,https://raw.githubusercontent.com/Samoilov2004/premier_league_dataset/main/dataset/DATA_JSON/Season_1996/Chelsea_FC_631_1996.json
Chelsea,Mark Nicholls,1977-05-30,107095,England,England,Centre-Forward,https://raw.githubusercontent.com/Samoilov2004/premier_league_dataset/main/dataset/DATA_JSON/Season_1996/Chelsea_FC_631_1996.json
Chelsea,Joe Sheerin,1977-08-11,107103,England,England,Centre-Forward,https://raw.githubusercontent.com/Samoilov2004/premier_league_dataset/main/dataset/DATA_JSON/Season_1996/Chelsea_FC_631_1996.json
Coventry City,Steve Ogrizovic,1957-12-09,109480,England | Serbia,England,Goalkeeper,https://raw.githubusercontent.com/Samoilov2004/premier_league_dataset/main/dataset/DATA_JSON/Season_1996/Coventry_City_990_1996.json
Coventry City,John Filan,1970-08-02,13516,Australia,Australia,Goalkeeper,https://raw.githubusercontent.com/Samoilov2004/premier_league_dataset/main/dataset/DATA_JSON/Season_1996/Coventry_City_990_1996.json
Coventry City,Barry Prenderville,1976-10-16,29884,Ireland,Ireland,Defender,https://raw.githubusercontent.com/Samoilov2004/premier_league_dataset/main/dataset/DATA_JSON/Season_1996/Coventry_City_990_1996.json
Coventry City,Oleksandr Yevtushok,1970-11-01,88169,Ukraine,Ukraine,Centre-Back,https://raw.githubusercontent.com/Samoilov2004/premier_league_dataset/main/dataset/DATA_JSON/Season_1996/Coventry_City_990_1996.json
Coventry City,Liam Daish,1968-10-23,222496,Ireland | England,Ireland,Centre-Back,https://raw.githubusercontent.com/Samoilov2004/premier_league_dataset/main/dataset/DATA_JSON/Season_1996/Coventry_City_990_1996.json
Coventry City,Richard Shaw,1968-11-09,10034,England,England,Centre-Back,https://raw.githubusercontent.com/Samoilov2004/premier_league_dataset/main/dataset/DATA_JSON/Season_1996/Coventry_City_990_1996.json
Coventry City,Paul Williams,1971-03-26,3323,England,England,Centre-Back,https://raw.githubusercontent.com/Samoilov2004/premier_league_dataset/main/dataset/DATA_JSON/Season_1996/Coventry_City_990_1996.json
Coventry City,Gary Breen,1973-12-12,3874,Ireland | England,Ireland,Centre-Back,https://raw.githubusercontent.com/Samoilov2004/premier_league_dataset/main/dataset/DATA_JSON/Season_1996/Coventry_City_990_1996.json
Coventry City,Colin Hawkins,1977-08-17,46745,Ireland,Ireland,Centre-Back,https://raw.githubusercontent.com/Samoilov2004/premier_league_dataset/main/dataset/DATA_JSON/Season_1996/Coventry_City_990_1996.json
Coventry City,David Burrows,1968-10-25,109481,England,England,Left-Back,https://raw.githubusercontent.com/Samoilov2004/premier_league_dataset/main/dataset/DATA_JSON/Season_1996/Coventry_City_990_1996.json
Coventry City,Marcus Hall,1976-03-24,13578,England,England,Left-Back,https://raw.githubusercontent.com/Samoilov2004/premier_league_dataset/main/dataset/DATA_JSON/Season_1996/Coventry_City_990_1996.json
Coventry City,Régis Genaux,1973-08-31,5891,Belgium,Belgium,Right-Back,https://raw.githubusercontent.com/Samoilov2004/premier_league_dataset/main/dataset/DATA_JSON/Season_1996/Coventry_City_990_1996.json
Coventry City,Paul Telfer,1971-10-21,3362,Scotland,Scotland,Right-Back,https://raw.githubusercontent.com/Samoilov2004/premier_league_dataset/main/dataset/DATA_JSON/Season_1996/Coventry_City_990_1996.json
Coventry City,Brian Borrows,1960-12-20,177179,England,England,Right-Back,https://raw.githubusercontent.com/Samoilov2004/premier_league_dataset/main/dataset/DATA_JSON/Season_1996/Coventry_City_990_1996.json
Coventry City,John Eustace,1979-03-11,13569,England,England,Defensive Midfield,https://raw.githubusercontent.com/Samoilov2004/premier_league_dataset/main/dataset/DATA_JSON/Season_1996/Coventry_City_990_1996.json
Coventry City,Gavin Strachan,1978-12-23,41027,Scotland,Scotland,Defensive Midfield,https://raw.githubusercontent.com/Samoilov2004/premier_league_dataset/main/dataset/DATA_JSON/Season_1996/Coventry_City_990_1996.json
Coventry City,Willie Boland,1975-06-08,12684,Ireland,Ireland,Defensive Midfield,https://raw.githubusercontent.com/Samoilov2004/premier_league_dataset/main/dataset/DATA_JSON/Season_1996/Coventry_City_990_1996.json
Coventry City,Scott Goodwin,1978-09-13,231591,England,England,Central Midfield,https://raw.githubusercontent.com/Samoilov2004/premier_league_dataset/main/dataset/DATA_JSON/Season_1996/Coventry_City_990_1996.json
Coventry City,Kevin Richardson,1962-04-12,109495,England,England,Central Midfield,https://raw.githubusercontent.com/Samoilov2004/premier_league_dataset/main/dataset/DATA_JSON/Season_1996/Coventry_City_990_1996.json
Coventry City,Gary McAllister,1964-12-25,10032,Scotland,Scotland,Central Midfield,https://raw.githubusercontent.com/Samoilov2004/premier_league_dataset/main/dataset/DATA_JSON/Season_1996/Coventry_City_990_1996.json
Coventry City,Lorcan Costello,1976-11-11,229872,Ireland,Ireland,Central Midfield,https://raw.githubusercontent.com/Samoilov2004/premier_league_dataset/main/dataset/DATA_JSON/Season_1996/Coventry_City_990_1996.json
Coventry City,Gordon Strachan,1957-09-02,116156,Scotland,Scotland,Right Midfield,https://raw.githubusercontent.com/Samoilov2004/premier_league_dataset/main/dataset/DATA_JSON/Season_1996/Coventry_City_990_1996.json
Coventry City,John Salako,1969-11-02,13423,England | Nigeria,England,Left Midfield,https://raw.githubusercontent.com/Samoilov2004/premier_league_dataset/main/dataset/DATA_JSON/Season_1996/Coventry_City_990_1996.json
Coventry City,Michael O'Neill,1969-05-07,21798,Northern Ireland,Northern Ireland,Attacking Midfield,https://raw.githubusercontent.com/Samoilov2004/premier_league_dataset/main/dataset/DATA_JSON/Season_1996/Coventry_City_990_1996.json
Coventry City,Andy Ducros,1977-09-16,109483,England,England,Left Winger,https://raw.githubusercontent.com/Samoilov2004/premier_league_dataset/main/dataset/DATA_JSON/Season_1996/Coventry_City_990_1996.json
Coventry City,Sam Shilton,1978-07-21,16168,England,England,Left Winger,https://raw.githubusercontent.com/Samoilov2004/premier_league_dataset/main/dataset/DATA_JSON/Season_1996/Coventry_City_990_1996.json
Coventry City,Eoin Jess,1970-12-13,10009,Scotland,Scotland,Second Striker,https://raw.githubusercontent.com/Samoilov2004/premier_league_dataset/main/dataset/DATA_JSON/Season_1996/Coventry_City_990_1996.json
Coventry City,Noel Whelan,1974-12-30,3315,England,England,Centre-Forward,https://raw.githubusercontent.com/Samoilov2004/premier_league_dataset/main/dataset/DATA_JSON/Season_1996/Coventry_City_990_1996.json
Coventry City,Dion Dublin,1969-04-22,3763,England,England,Centre-Forward,https://raw.githubusercontent.com/Samoilov2004/premier_league_dataset/main/dataset/DATA_JSON/Season_1996/Coventry_City_990_1996.json
Coventry City,Peter Ndlovu,1973-02-25,13534,Zimbabwe,Zimbabwe,Centre-Forward,https://raw.githubusercontent.com/Samoilov2004/premier_league_dataset/main/dataset/DATA_JSON/Season_1996/Coventry_City_990_1996.json
Coventry City,Isaías,1963-11-17,176034,Brazil | Portugal,Brazil,Centre-Forward,https://raw.githubusercontent.com/Samoilov2004/premier_league_dataset/main/dataset/DATA_JSON/Season_1996/Coventry_City_990_1996.json
Coventry City,Darren Huckerby,1976-04-23,3136,England,England,Centre-Forward,https://raw.githubusercontent.com/Samoilov2004/premier_league_dataset/main/dataset/DATA_JSON/Season_1996/Coventry_City_990_1996.json
Coventry City,Craig Faulconbridge,1978-04-20,170409,England,England,Centre-Forward,https://raw.githubusercontent.com/Samoilov2004/premier_league_dataset/main/dataset/DATA_JSON/Season_1996/Coventry_City_990_1996.json
Derby County,Steve Sutton,1961-04-16,452991,England,England,Goalkeeper,https://raw.githubusercontent.com/Samoilov2004/premier_league_dataset/main/dataset/DATA_JSON/Season_1996/Derby_County_22_1996.json
Derby County,Russell Hoult,1972-11-22,3653,England,England,Goalkeeper,https://raw.githubusercontent.com/Samoilov2004/premier_league_dataset/main/dataset/DATA_JSON/Season_1996/Derby_County_22_1996.json
Derby County,Martin Taylor,1966-09-12,324169,England,England,Goalkeeper,https://raw.githubusercontent.com/Samoilov2004/premier_league_dataset/main/dataset/DATA_JSON/Season_1996/Derby_County_22_1996.json
Derby County,Mart Poom,1972-03-02,3715,Estonia,Estonia,Goalkeeper,https://raw.githubusercontent.com/Samoilov2004/premier_league_dataset/main/dataset/DATA_JSON/Season_1996/Derby_County_22_1996.json
Derby County,Andy Quy,1976-04-07,193603,England,England,Goalkeeper,https://raw.githubusercontent.com/Samoilov2004/premier_league_dataset/main/dataset/DATA_JSON/Season_1996/Derby_County_22_1996.json
Derby County,Darryl Powell,1971-11-15,4081,Jamaica | England,Jamaica,Centre-Back,https://raw.githubusercontent.com/Samoilov2004/premier_league_dataset/main/dataset/DATA_JSON/Season_1996/Derby_County_22_1996.json
Derby County,Dean Yates,1967-10-26,107825,England,England,Centre-Back,https://raw.githubusercontent.com/Samoilov2004/premier_league_dataset/main/dataset/DATA_JSON/Season_1996/Derby_County_22_1996.json
Derby County,Igor Stimac,1967-06-09,103812,Croatia,Croatia,Centre-Back,https://raw.githubusercontent.com/Samoilov2004/premier_league_dataset/main/dataset/DATA_JSON/Season_1996/Derby_County_22_1996.json
Derby County,Jacob Laursen,1971-06-10,4253,Denmark,Denmark,Centre-Back,https://raw.githubusercontent.com/Samoilov2004/premier_league_dataset/main/dataset/DATA_JSON/Season_1996/Derby_County_22_1996.json
Derby County,Matt Carbon,1975-08-06,43138,England,England,Centre-Back,https://raw.githubusercontent.com/Samoilov2004/premier_league_dataset/main/dataset/DATA_JSON/Season_1996/Derby_County_22_1996.json
Derby County,Christian Dailly,1973-10-23,3799,Scotland,Scotland,Centre-Back,https://raw.githubusercontent.com/Samoilov2004/premier_league_dataset/main/dataset/DATA_JSON/Season_1996/Derby_County_22_1996.json
Derby County,Paul McGrath,1959-04-12,102492,Ireland | Nigeria,Ireland,Centre-Back,https://raw.githubusercontent.com/Samoilov2004/premier_league_dataset/main/dataset/DATA_JSON/Season_1996/Derby_County_22_1996.json
Derby County,Chris Powell,1969-08-09,4100,England | Jamaica,England,Left-Back,https://raw.githubusercontent.com/Samoilov2004/premier_league_dataset/main/dataset/DATA_JSON/Season_1996/Derby_County_22_1996.json
Derby County,Paul Parker,1964-04-04,101381,England,England,Right-Back,https://raw.githubusercontent.com/Samoilov2004/premier_league_dataset/main/dataset/DATA_JSON/Season_1996/Derby_County_22_1996.json
Derby County,Gary Rowett,1974-06-03,4102,England,England,Right-Back,https://raw.githubusercontent.com/Samoilov2004/premier_league_dataset/main/dataset/DATA_JSON/Season_1996/Derby_County_22_1996.json
Derby County,Rob Kozluk,1977-05-08,13525,England | Poland,England,Right-Back,https://raw.githubusercontent.com/Samoilov2004/premier_league_dataset/main/dataset/DATA_JSON/Season_1996/Derby_County_22_1996.json
Derby County,Paul Simpson,1966-07-26,163617,England,England,Midfielder,https://raw.githubusercontent.com/Samoilov2004/premier_league_dataset/main/dataset/DATA_JSON/Season_1996/Derby_County_22_1996.json
Derby County,Lee Carsley,1974-02-28,3618,Ireland | England,Ireland,Defensive Midfield,https://raw.githubusercontent.com/Samoilov2004/premier_league_dataset/main/dataset/DATA_JSON/Season_1996/Derby_County_22_1996.json
Derby County,Aljosa Asanovic,1965-12-14,103806,Croatia,Croatia,Central Midfield,https://raw.githubusercontent.com/Samoilov2004/premier_league_dataset/main/dataset/DATA_JSON/Season_1996/Derby_County_22_1996.json
Derby County,Sean Flynn,1968-03-13,222501,England,England,Right Midfield,https://raw.githubusercontent.com/Samoilov2004/premier_league_dataset/main/dataset/DATA_JSON/Season_1996/Derby_County_22_1996.json
Derby County,Mauricio Solís,1972-12-13,16446,Costa Rica,Costa Rica,Left Midfield,https://raw.githubusercontent.com/Samoilov2004/premier_league_dataset/main/dataset/DATA_JSON/Season_1996/Derby_County_22_1996.json
Derby County,Kevin Cooper,1975-08-02,9162,England,England,Left Midfield,https://raw.githubusercontent.com/Samoilov2004/premier_league_dataset/main/dataset/DATA_JSON/Season_1996/Derby_County_22_1996.json
Derby County,Robin van der Laan,1968-05-09,107826,Netherlands,Netherlands,Attacking Midfield,https://raw.githubusercontent.com/Samoilov2004/premier_league_dataset/main/dataset/DATA_JSON/Season_1996/Derby_County_22_1996.json
Derby County,Paul Trollope,1972-03-06,175993,Wales,Wales,Attacking Midfield,https://raw.githubusercontent.com/Samoilov2004/premier_league_dataset/main/dataset/DATA_JSON/Season_1996/Derby_County_22_1996.json
Derby County,Ashley Ward,1970-11-24,13548,England,England,Centre-Forward,https://raw.githubusercontent.com/Samoilov2004/premier_league_dataset/main/dataset/DATA_JSON/Season_1996/Derby_County_22_1996.json
Derby County,Marino Rahmberg,1974-07-08,19274,Sweden,Sweden,Centre-Forward,https://raw.githubusercontent.com/Samoilov2004/premier_league_dataset/main/dataset/DATA_JSON/Season_1996/Derby_County_22_1996.json
Derby County,Marco Gabbiadini,1968-01-20,223228,England | Italy,England,Centre-Forward,https://raw.githubusercontent.com/Samoilov2004/premier_league_dataset/main/dataset/DATA_JSON/Season_1996/Derby_County_22_1996.json
Derby County,Nick Wright,1975-10-15,223442,England,England,Centre-Forward,https://raw.githubusercontent.com/Samoilov2004/premier_league_dataset/main/dataset/DATA_JSON/Season_1996/Derby_County_22_1996.json
Derby County,Dean Sturridge,1973-07-26,4230,England | Jamaica,England,Centre-Forward,https://raw.githubusercontent.com/Samoilov2004/premier_league_dataset/main/dataset/DATA_JSON/Season_1996/Derby_County_22_1996.json
Derby County,Ron Willems,1966-09-20,107824,Netherlands,Netherlands,Striker,https://raw.githubusercontent.com/Samoilov2004/premier_league_dataset/main/dataset/DATA_JSON/Season_1996/Derby_County_22_1996.json
Derby County,Paulo Wanchope,1976-07-31,3230,Costa Rica | England,Costa Rica,Centre-Forward,https://raw.githubusercontent.com/Samoilov2004/premier_league_dataset/main/dataset/DATA_JSON/Season_1996/Derby_County_22_1996.json
Everton,Jamie Speare,1976-05-11,92585,England,England,Goalkeeper,https://raw.githubusercontent.com/Samoilov2004/premier_league_dataset/main/dataset/DATA_JSON/Season_1996/Everton_FC_29_1996.json
Everton,Neville Southall,1958-09-16,135910,Wales,Wales,Goalkeeper,https://raw.githubusercontent.com/Samoilov2004/premier_league_dataset/main/dataset/DATA_JSON/Season_1996/Everton_FC_29_1996.json
Everton,Paul Gerrard,1973-01-22,3584,England,England,Goalkeeper,https://raw.githubusercontent.com/Samoilov2004/premier_league_dataset/main/dataset/DATA_JSON/Season_1996/Everton_FC_29_1996.json
Everton,Matt Jackson,1971-10-19,13519,England,England,Centre-Back,https://raw.githubusercontent.com/Samoilov2004/premier_league_dataset/main/dataset/DATA_JSON/Season_1996/Everton_FC_29_1996.json
Everton,Graham Allen,1977-08-04,224477,England,England,Centre-Back,https://raw.githubusercontent.com/Samoilov2004/premier_league_dataset/main/dataset/DATA_JSON/Season_1996/Everton_FC_29_1996.json
Everton,Dave Watson,1961-11-20,135911,England,England,Centre-Back,https://raw.githubusercontent.com/Samoilov2004/premier_league_dataset/main/dataset/DATA_JSON/Season_1996/Everton_FC_29_1996.json
Everton,Claus Thomsen,1970-05-31,676,Denmark,Denmark,Centre-Back,https://raw.githubusercontent.com/Samoilov2004/premier_league_dataset/main/dataset/DATA_JSON/Season_1996/Everton_FC_29_1996.json
Everton,Craig Short,1968-06-25,3821,England,England,Centre-Back,https://raw.githubusercontent.com/Samoilov2004/premier_league_dataset/main/dataset/DATA_JSON/Season_1996/Everton_FC_29_1996.json
Everton,Richard Dunne,1979-09-21,3807,Ireland,Ireland,Centre-Back,https://raw.githubusercontent.com/Samoilov2004/premier_league_dataset/main/dataset/DATA_JSON/Season_1996/Everton_FC_29_1996.json
Everton,Andy Hinchcliffe,1969-05-02,106797,England,England,Left-Back,https://raw.githubusercontent.com/Samoilov2004/premier_league_dataset/main/dataset/DATA_JSON/Season_1996/Everton_FC_29_1996.json
Everton,David Unsworth,1973-10-16,3272,England,England,Left-Back,https://raw.githubusercontent.com/Samoilov2004/premier_league_dataset/main/dataset/DATA_JSON/Season_1996/Everton_FC_29_1996.json
Everton,Terry Phelan,1967-03-16,102495,Ireland | England,Ireland,Left-Back,https://raw.githubusercontent.com/Samoilov2004/premier_league_dataset/main/dataset/DATA_JSON/Season_1996/Everton_FC_29_1996.json
Everton,Michael Ball,1979-02-10,9423,England,England,Left-Back,https://raw.githubusercontent.com/Samoilov2004/premier_league_dataset/main/dataset/DATA_JSON/Season_1996/Everton_FC_29_1996.json
Everton,John Hills,1978-04-21,14023,England,England,Left-Back,https://raw.githubusercontent.com/Samoilov2004/premier_league_dataset/main/dataset/DATA_JSON/Season_1996/Everton_FC_29_1996.json
Everton,Earl Barrett,1967-04-28,106795,England,England,Right-Back,https://raw.githubusercontent.com/Samoilov2004/premier_league_dataset/main/dataset/DATA_JSON/Season_1996/Everton_FC_29_1996.json
Everton,Marc Hottiger,1967-07-11,15520,Switzerland,Switzerland,Right-Back,https://raw.githubusercontent.com/Samoilov2004/premier_league_dataset/main/dataset/DATA_JSON/Season_1996/Everton_FC_29_1996.json
Everton,Tony Grant,1974-11-14,9976,England,England,Defensive Midfield,https://raw.githubusercontent.com/Samoilov2004/premier_league_dataset/main/dataset/DATA_JSON/Season_1996/Everton_FC_29_1996.json
Everton,Gary Speed,1969-08-09,3459,Wales,Wales,Central Midfield,https://raw.githubusercontent.com/Samoilov2004/premier_league_dataset/main/dataset/DATA_JSON/Season_1996/Everton_FC_29_1996.json
Everton,Anders Limpar,1965-09-24,101098,Sweden,Sweden,Central Midfield,https://raw.githubusercontent.com/Samoilov2004/premier_league_dataset/main/dataset/DATA_JSON/Season_1996/Everton_FC_29_1996.json
Everton,John Ebbrell,1969-01-10,177250,England,England,Central Midfield,https://raw.githubusercontent.com/Samoilov2004/premier_league_dataset/main/dataset/DATA_JSON/Season_1996/Everton_FC_29_1996.json
Everton,Joe Parkinson,1971-11-06,177273,England,England,Central Midfield,https://raw.githubusercontent.com/Samoilov2004/premier_league_dataset/main/dataset/DATA_JSON/Season_1996/Everton_FC_29_1996.json
Everton,Andrey Kanchelskis,1969-01-23,3742,Russia | England,Russia,Right Midfield,https://raw.githubusercontent.com/Samoilov2004/premier_league_dataset/main/dataset/DATA_JSON/Season_1996/Everton_FC_29_1996.json
Everton,Nick Barmby,1974-11-02,3222,England,England,Left Midfield,https://raw.githubusercontent.com/Samoilov2004/premier_league_dataset/main/dataset/DATA_JSON/Season_1996/Everton_FC_29_1996.json
Everton,Graham Stuart,1970-10-24,3334,England,England,Right Winger,https://raw.githubusercontent.com/Samoilov2004/premier_league_dataset/main/dataset/DATA_JSON/Season_1996/Everton_FC_29_1996.json
Everton,Danny Cadamarteri,1979-12-10,4220,England | Jamaica,England,Right Winger,https://raw.githubusercontent.com/Samoilov2004/premier_league_dataset/main/dataset/DATA_JSON/Season_1996/Everton_FC_29_1996.json
Everton,Paul Rideout,1964-08-14,177275,England,England,Centre-Forward,https://raw.githubusercontent.com/Samoilov2004/premier_league_dataset/main/dataset/DATA_JSON/Season_1996/Everton_FC_29_1996.json
Everton,Duncan Ferguson,1971-12-27,3239,Scotland,Scotland,Centre-Forward,https://raw.githubusercontent.com/Samoilov2004/premier_league_dataset/main/dataset/DATA_JSON/Season_1996/Everton_FC_29_1996.json
Everton,Michael Branch,1978-10-18,10393,England,England,Centre-Forward,https://raw.githubusercontent.com/Samoilov2004/premier_league_dataset/main/dataset/DATA_JSON/Season_1996/Everton_FC_29_1996.json
Leeds United,Nigel Martyn,1966-11-08,3629,England,England,Goalkeeper,https://raw.githubusercontent.com/Samoilov2004/premier_league_dataset/main/dataset/DATA_JSON/Season_1996/Leeds_United_399_1996.json
Leeds United,Mark Beeney,1967-12-30,107177,England,England,Goalkeeper,https://raw.githubusercontent.com/Samoilov2004/premier_league_dataset/main/dataset/DATA_JSON/Season_1996/Leeds_United_399_1996.json
Leeds United,Paul Evans,1973-12-28,103459,South Africa | Australia,South Africa,Goalkeeper,https://raw.githubusercontent.com/Samoilov2004/premier_league_dataset/main/dataset/DATA_JSON/Season_1996/Leeds_United_399_1996.json
Leeds United,Paul Beesley,1965-07-21,223222,England,England,Centre-Back,https://raw.githubusercontent.com/Samoilov2004/premier_league_dataset/main/dataset/DATA_JSON/Season_1996/Leeds_United_399_1996.json
Leeds United,Lucas Radebe,1969-12-04,3088,South Africa,South Africa,Centre-Back,https://raw.githubusercontent.com/Samoilov2004/premier_league_dataset/main/dataset/DATA_JSON/Season_1996/Leeds_United_399_1996.json
Leeds United,David Wetherall,1971-03-14,13615,England,England,Centre-Back,https://raw.githubusercontent.com/Samoilov2004/premier_league_dataset/main/dataset/DATA_JSON/Season_1996/Leeds_United_399_1996.json
Leeds United,Richard Jobson,1963-09-05,175897,England,England,Centre-Back,https://raw.githubusercontent.com/Samoilov2004/premier_league_dataset/main/dataset/DATA_JSON/Season_1996/Leeds_United_399_1996.json
Leeds United,Mark Jackson,1977-09-30,48257,England,England,Centre-Back,https://raw.githubusercontent.com/Samoilov2004/premier_league_dataset/main/dataset/DATA_JSON/Season_1996/Leeds_United_399_1996.json
Leeds United,Robert Molenaar,1969-02-27,6249,Netherlands,Netherlands,Centre-Back,https://raw.githubusercontent.com/Samoilov2004/premier_league_dataset/main/dataset/DATA_JSON/Season_1996/Leeds_United_399_1996.json
Leeds United,Tony Dorigo,1965-12-31,101324,England | Australia,England,Left-Back,https://raw.githubusercontent.com/Samoilov2004/premier_league_dataset/main/dataset/DATA_JSON/Season_1996/Leeds_United_399_1996.json
Leeds United,Ian Harte,1977-08-31,3634,Ireland,Ireland,Left-Back,https://raw.githubusercontent.com/Samoilov2004/premier_league_dataset/main/dataset/DATA_JSON/Season_1996/Leeds_United_399_1996.json
Leeds United,Paul Shepherd,1977-11-17,228811,England,England,Right-Back,https://raw.githubusercontent.com/Samoilov2004/premier_league_dataset/main/dataset/DATA_JSON/Season_1996/Leeds_United_399_1996.json
Leeds United,Gary Kelly,1974-09-07,3631,Ireland,Ireland,Right-Back,https://raw.githubusercontent.com/Samoilov2004/premier_league_dataset/main/dataset/DATA_JSON/Season_1996/Leeds_United_399_1996.json
Leeds United,Gunnar Halle,1965-11-08,102506,Norway,Norway,Right-Back,https://raw.githubusercontent.com/Samoilov2004/premier_league_dataset/main/dataset/DATA_JSON/Season_1996/Leeds_United_399_1996.json
Leeds United,Alan Maybury,1978-08-08,12597,Ireland,Ireland,Right-Back,https://raw.githubusercontent.com/Samoilov2004/premier_league_dataset/main/dataset/DATA_JSON/Season_1996/Leeds_United_399_1996.json
Leeds United,Carlton Palmer,1965-05-12,101325,England,England,Defensive Midfield,https://raw.githubusercontent.com/Samoilov2004/premier_league_dataset/main/dataset/DATA_JSON/Season_1996/Leeds_United_399_1996.json
Leeds United,Martin Foster,1977-10-29,105594,England,England,Midfielder,https://raw.githubusercontent.com/Samoilov2004/premier_league_dataset/main/dataset/DATA_JSON/Season_1996/Leeds_United_399_1996.json
Leeds United,Wesley Boyle,1979-03-30,107186,Northern Ireland,Northern Ireland,Midfielder,https://raw.githubusercontent.com/Samoilov2004/premier_league_dataset/main/dataset/DATA_JSON/Season_1996/Leeds_United_399_1996.json
Leeds United,Mark Tinkler,1974-10-24,55427,England,England,Central Midfield,https://raw.githubusercontent.com/Samoilov2004/premier_league_dataset/main/dataset/DATA_JSON/Season_1996/Leeds_United_399_1996.json
Leeds United,Jason Blunt,1977-08-16,225922,England,England,Central Midfield,https://raw.githubusercontent.com/Samoilov2004/premier_league_dataset/main/dataset/DATA_JSON/Season_1996/Leeds_United_399_1996.json
Leeds United,Lee Bowyer,1977-03-01,3877,England,England,Central Midfield,https://raw.githubusercontent.com/Samoilov2004/premier_league_dataset/main/dataset/DATA_JSON/Season_1996/Leeds_United_399_1996.json
Leeds United,Mark Ford,1975-10-10,176013,England,England,Central Midfield,https://raw.githubusercontent.com/Samoilov2004/premier_league_dataset/main/dataset/DATA_JSON/Season_1996/Leeds_United_399_1996.json
Leeds United,Andy Couzens,1975-04-06,176011,England,England,Central Midfield,https://raw.githubusercontent.com/Samoilov2004/premier_league_dataset/main/dataset/DATA_JSON/Season_1996/Leeds_United_399_1996.json
Leeds United,Lee Sharpe,1971-05-27,107229,England,England,Left Midfield,https://raw.githubusercontent.com/Samoilov2004/premier_league_dataset/main/dataset/DATA_JSON/Season_1996/Leeds_United_399_1996.json
Leeds United,Harry Kewell,1978-09-22,3241,Australia | England,Australia,Left Winger,https://raw.githubusercontent.com/Samoilov2004/premier_league_dataset/main/dataset/DATA_JSON/Season_1996/Leeds_United_399_1996.json
Leeds United,Mark Hateley,1961-07-11,117192,England,England,Centre-Forward,https://raw.githubusercontent.com/Samoilov2004/premier_league_dataset/main/dataset/DATA_JSON/Season_1996/Leeds_United_399_1996.json
Leeds United,Rod Wallace,1969-02-10,13803,England,England,Centre-Forward,https://raw.githubusercontent.com/Samoilov2004/premier_league_dataset/main/dataset/DATA_JSON/Season_1996/Leeds_United_399_1996.json
Leeds United,Ian Rush,1961-10-20,145743,Wales,Wales,Centre-Forward,https://raw.githubusercontent.com/Samoilov2004/premier_league_dataset/main/dataset/DATA_JSON/Season_1996/Leeds_United_399_1996.json
Leeds United,Brian Deane,1968-07-02,8058,England | St. Kitts & Nevis,England,Centre-Forward,https://raw.githubusercontent.com/Samoilov2004/premier_league_dataset/main/dataset/DATA_JSON/Season_1996/Leeds_United_399_1996.json
Leeds United,Andy Gray,1977-11-15,13575,Scotland | England,Scotland,Centre-Forward,https://raw.githubusercontent.com/Samoilov2004/premier_league_dataset/main/dataset/DATA_JSON/Season_1996/Leeds_United_399_1996.json
Leeds United,Derek Lilley,1974-09-02,13327,Scotland,Scotland,Centre-Forward,https://raw.githubusercontent.com/Samoilov2004/premier_league_dataset/main/dataset/DATA_JSON/Season_1996/Leeds_United_399_1996.json
Leeds United,Anthony Yeboah,1966-06-06,328,Ghana,Ghana,Centre-Forward,https://raw.githubusercontent.com/Samoilov2004/premier_league_dataset/main/dataset/DATA_JSON/Season_1996/Leeds_United_399_1996.json
Leeds United,Pierre Laurent,1970-12-13,5629,France,France,Centre-Forward,https://raw.githubusercontent.com/Samoilov2004/premier_league_dataset/main/dataset/DATA_JSON/Season_1996/Leeds_United_399_1996.json
Leicester City,Paul Hyde,1963-07-04,229553,England,England,Goalkeeper,https://raw.githubusercontent.com/Samoilov2004/premier_league_dataset/main/dataset/DATA_JSON/Season_1996/Leicester_City_1003_1996.json
Leicester City,Kevin Poole,1963-07-21,16832,England,England,Goalkeeper,https://raw.githubusercontent.com/Samoilov2004/premier_league_dataset/main/dataset/DATA_JSON/Season_1996/Leicester_City_1003_1996.json
Leicester City,Kasey Keller,1969-11-29,3608,United States,United States,Goalkeeper,https://raw.githubusercontent.com/Samoilov2004/premier_league_dataset/main/dataset/DATA_JSON/Season_1996/Leicester_City_1003_1996.json
Leicester City,Jimmy Willis,1968-12-07,228043,England,England,Centre-Back,https://raw.githubusercontent.com/Samoilov2004/premier_league_dataset/main/dataset/DATA_JSON/Season_1996/Leicester_City_1003_1996.json
Leicester City,Julian Watts,1971-03-17,223290,England,England,Centre-Back,https://raw.githubusercontent.com/Samoilov2004/premier_league_dataset/main/dataset/DATA_JSON/Season_1996/Leicester_City_1003_1996.json
Leicester City,Steve Walsh,1964-03-11,107799,England,England,Centre-Back,https://raw.githubusercontent.com/Samoilov2004/premier_league_dataset/main/dataset/DATA_JSON/Season_1996/Leicester_City_1003_1996.json
Leicester City,Colin Hill,1963-12-11,188488,Northern Ireland | England,Northern Ireland,Centre-Back,https://raw.githubusercontent.com/Samoilov2004/premier_league_dataset/main/dataset/DATA_JSON/Season_1996/Leicester_City_1003_1996.json
Leicester City,Pontus Kåmark,1969-05-04,102617,Sweden,Sweden,Centre-Back,https://raw.githubusercontent.com/Samoilov2004/premier_league_dataset/main/dataset/DATA_JSON/Season_1996/Leicester_City_1003_1996.json
Leicester City,Franck Rolling,1968-08-23,138630,France,France,Centre-Back,https://raw.githubusercontent.com/Samoilov2004/premier_league_dataset/main/dataset/DATA_JSON/Season_1996/Leicester_City_1003_1996.json
Leicester City,Spencer Prior,1971-04-22,12722,England | Australia,England,Centre-Back,https://raw.githubusercontent.com/Samoilov2004/premier_league_dataset/main/dataset/DATA_JSON/Season_1996/Leicester_City_1003_1996.json
Leicester City,Matt Elliott,1968-01-11,107793,Scotland | England,Scotland,Centre-Back,https://raw.githubusercontent.com/Samoilov2004/premier_league_dataset/main/dataset/DATA_JSON/Season_1996/Leicester_City_1003_1996.json
Leicester City,Ian Marshall,1966-03-20,107794,England,England,Centre-Back,https://raw.githubusercontent.com/Samoilov2004/premier_league_dataset/main/dataset/DATA_JSON/Season_1996/Leicester_City_1003_1996.json
Leicester City,Mike Whitlow,1968-01-13,3318,England,England,Left-Back,https://raw.githubusercontent.com/Samoilov2004/premier_league_dataset/main/dataset/DATA_JSON/Season_1996/Leicester_City_1003_1996.json
Leicester City,Robert Ullathorne,1971-11-10,107798,England,England,Left-Back,https://raw.githubusercontent.com/Samoilov2004/premier_league_dataset/main/dataset/DATA_JSON/Season_1996/Leicester_City_1003_1996.json
Leicester City,Neil Lewis,1974-06-28,223422,England,England,Left-Back,https://raw.githubusercontent.com/Samoilov2004/premier_league_dataset/main/dataset/DATA_JSON/Season_1996/Leicester_City_1003_1996.json
Leicester City,Simon Grayson,1969-12-16,106812,England,England,Right-Back,https://raw.githubusercontent.com/Samoilov2004/premier_league_dataset/main/dataset/DATA_JSON/Season_1996/Leicester_City_1003_1996.json
Leicester City,Stuart Campbell,1977-09-12,49699,Scotland,Scotland,Defensive Midfield,https://raw.githubusercontent.com/Samoilov2004/premier_league_dataset/main/dataset/DATA_JSON/Season_1996/Leicester_City_1003_1996.json
Leicester City,Sam McMahon,1976-10-02,223990,England,England,Central Midfield,https://raw.githubusercontent.com/Samoilov2004/premier_league_dataset/main/dataset/DATA_JSON/Season_1996/Leicester_City_1003_1996.json
Leicester City,Neil Lennon,1971-06-25,9498,Northern Ireland,Northern Ireland,Central Midfield,https://raw.githubusercontent.com/Samoilov2004/premier_league_dataset/main/dataset/DATA_JSON/Season_1996/Leicester_City_1003_1996.json
Leicester City,Garry Parker,1965-07-09,107796,England,England,Central Midfield,https://raw.githubusercontent.com/Samoilov2004/premier_league_dataset/main/dataset/DATA_JSON/Season_1996/Leicester_City_1003_1996.json
Leicester City,Jamie Lawrence,1970-08-03,14039,Jamaica | England,Jamaica,Central Midfield,https://raw.githubusercontent.com/Samoilov2004/premier_league_dataset/main/dataset/DATA_JSON/Season_1996/Leicester_City_1003_1996.json
Leicester City,Muzzy Izzet,1974-10-31,3123,Türkiye | England,Türkiye,Right Midfield,https://raw.githubusercontent.com/Samoilov2004/premier_league_dataset/main/dataset/DATA_JSON/Season_1996/Leicester_City_1003_1996.json
Leicester City,Scott Taylor,1970-11-23,107797,England,England,Right Midfield,https://raw.githubusercontent.com/Samoilov2004/premier_league_dataset/main/dataset/DATA_JSON/Season_1996/Leicester_City_1003_1996.json
Leicester City,Steve Guppy,1969-03-29,9497,England,England,Left Midfield,https://raw.githubusercontent.com/Samoilov2004/premier_league_dataset/main/dataset/DATA_JSON/Season_1996/Leicester_City_1003_1996.json
Leicester City,Stuart Wilson,1977-09-16,107800,England,England,Attacking Midfield,https://raw.githubusercontent.com/Samoilov2004/premier_league_dataset/main/dataset/DATA_JSON/Season_1996/Leicester_City_1003_1996.json
Leicester City,Stuart Slater,1969-03-27,224420,England,England,Left Winger,https://raw.githubusercontent.com/Samoilov2004/premier_league_dataset/main/dataset/DATA_JSON/Season_1996/Leicester_City_1003_1996.json
Leicester City,Steve Claridge,1966-10-04,29435,England,England,Centre-Forward,https://raw.githubusercontent.com/Samoilov2004/premier_league_dataset/main/dataset/DATA_JSON/Season_1996/Leicester_City_1003_1996.json
Leicester City,Mark Robins,1969-12-22,13644,England,England,Centre-Forward,https://raw.githubusercontent.com/Samoilov2004/premier_league_dataset/main/dataset/DATA_JSON/Season_1996/Leicester_City_1003_1996.json
Leicester City,Sascha Lenhart,1973-12-16,33611,Germany,Germany,Striker,https://raw.githubusercontent.com/Samoilov2004/premier_league_dataset/main/dataset/DATA_JSON/Season_1996/Leicester_City_1003_1996.json
Leicester City,Emile Heskey,1978-11-01,3142,England | Antigua and Barbuda,England,Centre-Forward,https://raw.githubusercontent.com/Samoilov2004/premier_league_dataset/main/dataset/DATA_JSON/Season_1996/Leicester_City_1003_1996.json
Liverpool,David James,1970-01-08,3646,England | Jamaica,England,Goalkeeper,https://raw.githubusercontent.com/Samoilov2004/premier_league_dataset/main/dataset/DATA_JSON/Season_1996/Liverpool_FC_31_1996.json
Liverpool,Tony Warner,1974-11-05,10259,Trinidad and Tobago | England,Trinidad and Tobago,Goalkeeper,https://raw.githubusercontent.com/Samoilov2004/premier_league_dataset/main/dataset/DATA_JSON/Season_1996/Liverpool_FC_31_1996.json
Liverpool,Michael Stensgaard,1974-01-09,211168,Denmark,Denmark,Goalkeeper,https://raw.githubusercontent.com/Samoilov2004/premier_league_dataset/main/dataset/DATA_JSON/Season_1996/Liverpool_FC_31_1996.json
Liverpool,Phil Babb,1970-11-30,3283,Ireland | England,Ireland,Centre-Back,https://raw.githubusercontent.com/Samoilov2004/premier_league_dataset/main/dataset/DATA_JSON/Season_1996/Liverpool_FC_31_1996.json
Liverpool,Bjørn Tore Kvarme,1972-06-17,7463,Norway,Norway,Centre-Back,https://raw.githubusercontent.com/Samoilov2004/premier_league_dataset/main/dataset/DATA_JSON/Season_1996/Liverpool_FC_31_1996.json
Liverpool,John Scales,1966-04-07,104899,England,England,Centre-Back,https://raw.githubusercontent.com/Samoilov2004/premier_league_dataset/main/dataset/DATA_JSON/Season_1996/Liverpool_FC_31_1996.json
Liverpool,Mark Wright,1963-01-08,101386,England,England,Centre-Back,https://raw.githubusercontent.com/Samoilov2004/premier_league_dataset/main/dataset/DATA_JSON/Season_1996/Liverpool_FC_31_1996.json
Liverpool,Neil Ruddock,1968-09-05,3487,England,England,Centre-Back,https://raw.githubusercontent.com/Samoilov2004/premier_league_dataset/main/dataset/DATA_JSON/Season_1996/Liverpool_FC_31_1996.json
Liverpool,Jamie Carragher,1978-01-28,3597,England | Malta,England,Centre-Back,https://raw.githubusercontent.com/Samoilov2004/premier_league_dataset/main/dataset/DATA_JSON/Season_1996/Liverpool_FC_31_1996.json
Liverpool,Gareth Roberts,1978-06-02,30433,Wales,Wales,Left-Back,https://raw.githubusercontent.com/Samoilov2004/premier_league_dataset/main/dataset/DATA_JSON/Season_1996/Liverpool_FC_31_1996.json
Liverpool,Steve Harkness,1971-08-27,107196,England,England,Left-Back,https://raw.githubusercontent.com/Samoilov2004/premier_league_dataset/main/dataset/DATA_JSON/Season_1996/Liverpool_FC_31_1996.json
Liverpool,Stig Inge Bjørnebye,1969-11-12,102510,Norway,Norway,Left-Back,https://raw.githubusercontent.com/Samoilov2004/premier_league_dataset/main/dataset/DATA_JSON/Season_1996/Liverpool_FC_31_1996.json
Liverpool,Dominic Matteo,1974-04-28,3765,Scotland | England,Scotland,Left-Back,https://raw.githubusercontent.com/Samoilov2004/premier_league_dataset/main/dataset/DATA_JSON/Season_1996/Liverpool_FC_31_1996.json
Liverpool,Rob Jones,1971-05-11,107200,England | Wales,England,Right-Back,https://raw.githubusercontent.com/Samoilov2004/premier_league_dataset/main/dataset/DATA_JSON/Season_1996/Liverpool_FC_31_1996.json
Liverpool,Jamie Redknapp,1973-06-25,3424,England,England,Central Midfield,https://raw.githubusercontent.com/Samoilov2004/premier_league_dataset/main/dataset/DATA_JSON/Season_1996/Liverpool_FC_31_1996.json
Liverpool,Jamie Cassidy,1977-11-21,145723,England,England,Central Midfield,https://raw.githubusercontent.com/Samoilov2004/premier_league_dataset/main/dataset/DATA_JSON/Season_1996/Liverpool_FC_31_1996.json
Liverpool,Jason McAteer,1971-06-18,3710,Ireland | England,Ireland,Right Midfield,https://raw.githubusercontent.com/Samoilov2004/premier_league_dataset/main/dataset/DATA_JSON/Season_1996/Liverpool_FC_31_1996.json
Liverpool,Steve McManaman,1972-11-02,3980,England,England,Right Midfield,https://raw.githubusercontent.com/Samoilov2004/premier_league_dataset/main/dataset/DATA_JSON/Season_1996/Liverpool_FC_31_1996.json
Liverpool,Michael Thomas,1967-08-24,107235,England,England,Right Midfield,https://raw.githubusercontent.com/Samoilov2004/premier_league_dataset/main/dataset/DATA_JSON/Season_1996/Liverpool_FC_31_1996.json
Liverpool,David Thompson,1977-12-09,4127,England,England,Right Midfield,https://raw.githubusercontent.com/Samoilov2004/premier_league_dataset/main/dataset/DATA_JSON/Season_1996/Liverpool_FC_31_1996.json
Liverpool,Mark Kennedy,1976-05-15,3488,Ireland | England,Ireland,Left Midfield,https://raw.githubusercontent.com/Samoilov2004/premier_league_dataset/main/dataset/DATA_JSON/Season_1996/Liverpool_FC_31_1996.json
Liverpool,Patrik Berger,1973-10-11,3218,Czech Republic,Czech Republic,Attacking Midfield,https://raw.githubusercontent.com/Samoilov2004/premier_league_dataset/main/dataset/DATA_JSON/Season_1996/Liverpool_FC_31_1996.json
Liverpool,John Barnes,1963-07-11,87436,England | Jamaica,England,Left Winger,https://raw.githubusercontent.com/Samoilov2004/premier_league_dataset/main/dataset/DATA_JSON/Season_1996/Liverpool_FC_31_1996.json
Liverpool,Stan Collymore,1971-01-22,106811,England,England,Centre-Forward,https://raw.githubusercontent.com/Samoilov2004/premier_league_dataset/main/dataset/DATA_JSON/Season_1996/Liverpool_FC_31_1996.json
Liverpool,Robbie Fowler,1975-09-04,3225,England,England,Centre-Forward,https://raw.githubusercontent.com/Samoilov2004/premier_league_dataset/main/dataset/DATA_JSON/Season_1996/Liverpool_FC_31_1996.json
Liverpool,Michael Owen,1979-12-14,1397,England,England,Centre-Forward,https://raw.githubusercontent.com/Samoilov2004/premier_league_dataset/main/dataset/DATA_JSON/Season_1996/Liverpool_FC_31_1996.json
Liverpool,Lee Jones,1973-05-29,222092,Wales,Wales,Centre-Forward,https://raw.githubusercontent.com/Samoilov2004/premier_league_dataset/main/dataset/DATA_JSON/Season_1996/Liverpool_FC_31_1996.json
Manchester United,Peter Schmeichel,1963-11-18,3465,Denmark | Poland,Denmark,Goalkeeper,https://raw.githubusercontent.com/Samoilov2004/premier_league_dataset/main/dataset/DATA_JSON/Season_1996/Manchester_United_985_1996.json
Manchester United,Raimond van der Gouw,1963-03-24,3644,Netherlands,Netherlands,Goalkeeper,https://raw.githubusercontent.com/Samoilov2004/premier_league_dataset/main/dataset/DATA_JSON/Season_1996/Manchester_United_985_1996.json
Manchester United,Kevin Pilkington,1974-08-03,77354,England,England,Goalkeeper,https://raw.githubusercontent.com/Samoilov2004/premier_league_dataset/main/dataset/DATA_JSON/Season_1996/Manchester_United_985_1996.json
Manchester United,David May,1970-06-24,3538,England,England,Centre-Back,https://raw.githubusercontent.com/Samoilov2004/premier_league_dataset/main/dataset/DATA_JSON/Season_1996/Manchester_United_985_1996.json
Manchester United,Gary Pallister,1965-06-30,106917,England,England,Centre-Back,https://raw.githubusercontent.com/Samoilov2004/premier_league_dataset/main/dataset/DATA_JSON/Season_1996/Manchester_United_985_1996.json
Manchester United,Ronny Johnsen,1969-10-06,3578,Norway,Norway,Centre-Back,https://raw.githubusercontent.com/Samoilov2004/premier_league_dataset/main/dataset/DATA_JSON/Season_1996/Manchester_United_985_1996.json
Manchester United,Chris Casper,1975-04-28,150434,England,England,Centre-Back,https://raw.githubusercontent.com/Samoilov2004/premier_league_dataset/main/dataset/DATA_JSON/Season_1996/Manchester_United_985_1996.json
Manchester United,Denis Irwin,1965-10-31,4280,Ireland,Ireland,Left-Back,https://raw.githubusercontent.com/Samoilov2004/premier_league_dataset/main/dataset/DATA_JSON/Season_1996/Manchester_United_985_1996.json
Manchester United,Gary Neville,1975-02-18,3403,England,England,Right-Back,https://raw.githubusercontent.com/Samoilov2004/premier_league_dataset/main/dataset/DATA_JSON/Season_1996/Manchester_United_985_1996.json
Manchester United,Phil Neville,1977-01-21,3404,England,England,Right-Back,https://raw.githubusercontent.com/Samoilov2004/premier_league_dataset/main/dataset/DATA_JSON/Season_1996/Manchester_United_985_1996.json
Manchester United,John O'Kane,1974-11-15,150458,England,England,Right-Back,https://raw.githubusercontent.com/Samoilov2004/premier_league_dataset/main/dataset/DATA_JSON/Season_1996/Manchester_United_985_1996.json
Manchester United,John Curtis,1978-03-09,7913,England,England,Right-Back,https://raw.githubusercontent.com/Samoilov2004/premier_league_dataset/main/dataset/DATA_JSON/Season_1996/Manchester_United_985_1996.json
Manchester United,Michael Clegg,1977-03-07,106894,England,England,Right-Back,https://raw.githubusercontent.com/Samoilov2004/premier_league_dataset/main/dataset/DATA_JSON/Season_1996/Manchester_United_985_1996.json
Manchester United,Nicky Butt,1975-01-21,3543,England,England,Defensive Midfield,https://raw.githubusercontent.com/Samoilov2004/premier_league_dataset/main/dataset/DATA_JSON/Season_1996/Manchester_United_985_1996.json
Manchester United,Grant Brebner,1977-06-12,12687,Scotland | Australia,Scotland,Central Midfield,https://raw.githubusercontent.com/Samoilov2004/premier_league_dataset/main/dataset/DATA_JSON/Season_1996/Manchester_United_985_1996.json
Manchester United,Roy Keane,1971-10-08,3396,Ireland,Ireland,Central Midfield,https://raw.githubusercontent.com/Samoilov2004/premier_league_dataset/main/dataset/DATA_JSON/Season_1996/Manchester_United_985_1996.json
Manchester United,Paul Scholes,1974-11-16,3397,England,England,Central Midfield,https://raw.githubusercontent.com/Samoilov2004/premier_league_dataset/main/dataset/DATA_JSON/Season_1996/Manchester_United_985_1996.json
Manchester United,Phil Mulryne,1978-01-01,11720,Northern Ireland,Northern Ireland,Central Midfield,https://raw.githubusercontent.com/Samoilov2004/premier_league_dataset/main/dataset/DATA_JSON/Season_1996/Manchester_United_985_1996.json
Manchester United,Michael Appleton,1975-04-12,3279,England,England,Central Midfield,https://raw.githubusercontent.com/Samoilov2004/premier_league_dataset/main/dataset/DATA_JSON/Season_1996/Manchester_United_985_1996.json
Manchester United,David Beckham,1975-02-05,3139,England,England,Right Midfield,https://raw.githubusercontent.com/Samoilov2004/premier_league_dataset/main/dataset/DATA_JSON/Season_1996/Manchester_United_985_1996.json
Manchester United,Ryan Giggs,1973-11-29,3406,Wales,Wales,Left Midfield,https://raw.githubusercontent.com/Samoilov2004/premier_league_dataset/main/dataset/DATA_JSON/Season_1996/Manchester_United_985_1996.json
Manchester United,Jordi Cruijff,1974-09-02,7436,Netherlands | Spain,Netherlands,Attacking Midfield,https://raw.githubusercontent.com/Samoilov2004/premier_league_dataset/main/dataset/DATA_JSON/Season_1996/Manchester_United_985_1996.json
Manchester United,Ben Thornley,1975-04-21,16727,England,England,Left Winger,https://raw.githubusercontent.com/Samoilov2004/premier_league_dataset/main/dataset/DATA_JSON/Season_1996/Manchester_United_985_1996.json
Manchester United,Karel Poborský,1972-03-30,3420,Czech Republic,Czech Republic,Right Winger,https://raw.githubusercontent.com/Samoilov2004/premier_league_dataset/main/dataset/DATA_JSON/Season_1996/Manchester_United_985_1996.json
Manchester United,Terry Cooke,1976-05-08,13404,England,England,Right Winger,https://raw.githubusercontent.com/Samoilov2004/premier_league_dataset/main/dataset/DATA_JSON/Season_1996/Manchester_United_985_1996.json
Manchester United,Éric Cantona,1966-05-24,12000,France,France,Second Striker,https://raw.githubusercontent.com/Samoilov2004/premier_league_dataset/main/dataset/DATA_JSON/Season_1996/Manchester_United_985_1996.json
Manchester United,Brian McClair,1963-08-12,101130,Scotland,Scotland,Second Striker,https://raw.githubusercontent.com/Samoilov2004/premier_league_dataset/main/dataset/DATA_JSON/Season_1996/Manchester_United_985_1996.json
Manchester United,Jon Macken,1977-07-09,4080,Ireland | England,Ireland,Centre-Forward,https://raw.githubusercontent.com/Samoilov2004/premier_league_dataset/main/dataset/DATA_JSON/Season_1996/Manchester_United_985_1996.json
Manchester United,Andy Cole,1971-10-15,3238,England | Jamaica,England,Centre-Forward,https://raw.githubusercontent.com/Samoilov2004/premier_league_dataset/main/dataset/DATA_JSON/Season_1996/Manchester_United_985_1996.json
Manchester United,Ole Gunnar Solskjaer,1973-02-26,3394,Norway,Norway,Centre-Forward,https://raw.githubusercontent.com/Samoilov2004/premier_league_dataset/main/dataset/DATA_JSON/Season_1996/Manchester_United_985_1996.json
Middlesbrough,Alan Miller,1970-03-29,3820,England,England,Goalkeeper,https://raw.githubusercontent.com/Samoilov2004/premier_league_dataset/main/dataset/DATA_JSON/Season_1996/Middlesbrough_FC_641_1996.json
Middlesbrough,Gary Walsh,1968-03-21,13547,England,England,Goalkeeper,https://raw.githubusercontent.com/Samoilov2004/premier_league_dataset/main/dataset/DATA_JSON/Season_1996/Middlesbrough_FC_641_1996.json
Middlesbrough,Mark Schwarzer,1972-06-10,3357,Australia | Germany,Australia,Goalkeeper,https://raw.githubusercontent.com/Samoilov2004/premier_league_dataset/main/dataset/DATA_JSON/Season_1996/Middlesbrough_FC_641_1996.json
Middlesbrough,Ben Roberts,1975-06-22,4099,England,England,Goalkeeper,https://raw.githubusercontent.com/Samoilov2004/premier_league_dataset/main/dataset/DATA_JSON/Season_1996/Middlesbrough_FC_641_1996.json
Middlesbrough,Derek Whyte,1968-08-31,11375,Scotland,Scotland,Centre-Back,https://raw.githubusercontent.com/Samoilov2004/premier_league_dataset/main/dataset/DATA_JSON/Season_1996/Middlesbrough_FC_641_1996.json
Middlesbrough,Nigel Pearson,1963-08-21,222229,England,England,Centre-Back,https://raw.githubusercontent.com/Samoilov2004/premier_league_dataset/main/dataset/DATA_JSON/Season_1996/Middlesbrough_FC_641_1996.json
Middlesbrough,Phil Whelan,1972-07-08,222239,England,England,Centre-Back,https://raw.githubusercontent.com/Samoilov2004/premier_league_dataset/main/dataset/DATA_JSON/Season_1996/Middlesbrough_FC_641_1996.json
Middlesbrough,Steve Vickers,1967-10-13,3935,England,England,Centre-Back,https://raw.githubusercontent.com/Samoilov2004/premier_league_dataset/main/dataset/DATA_JSON/Season_1996/Middlesbrough_FC_641_1996.json
Middlesbrough,Vladimír Kinder,1969-09-03,16483,Slovakia,Slovakia,Centre-Back,https://raw.githubusercontent.com/Samoilov2004/premier_league_dataset/main/dataset/DATA_JSON/Season_1996/Middlesbrough_FC_641_1996.json
Middlesbrough,Gianluca Festa,1969-03-16,5596,Italy,Italy,Centre-Back,https://raw.githubusercontent.com/Samoilov2004/premier_league_dataset/main/dataset/DATA_JSON/Season_1996/Middlesbrough_FC_641_1996.json
Middlesbrough,Craig Liddle,1971-10-21,214028,England,England,Centre-Back,https://raw.githubusercontent.com/Samoilov2004/premier_league_dataset/main/dataset/DATA_JSON/Season_1996/Middlesbrough_FC_641_1996.json
Middlesbrough,Alan White,1976-03-22,34615,England,England,Centre-Back,https://raw.githubusercontent.com/Samoilov2004/premier_league_dataset/main/dataset/DATA_JSON/Season_1996/Middlesbrough_FC_641_1996.json
Middlesbrough,Branco,1964-04-04,102590,Brazil | Lebanon,Brazil,Left-Back,https://raw.githubusercontent.com/Samoilov2004/premier_league_dataset/main/dataset/DATA_JSON/Season_1996/Middlesbrough_FC_641_1996.json
Middlesbrough,Neil Cox,1971-08-10,13784,England,England,Right-Back,https://raw.githubusercontent.com/Samoilov2004/premier_league_dataset/main/dataset/DATA_JSON/Season_1996/Middlesbrough_FC_641_1996.json
Middlesbrough,Curtis Fleming,1968-08-10,11353,Ireland | England,Ireland,Right-Back,https://raw.githubusercontent.com/Samoilov2004/premier_league_dataset/main/dataset/DATA_JSON/Season_1996/Middlesbrough_FC_641_1996.json
Middlesbrough,Clayton Blackmore,1964-09-23,176007,Wales,Wales,Right-Back,https://raw.githubusercontent.com/Samoilov2004/premier_league_dataset/main/dataset/DATA_JSON/Season_1996/Middlesbrough_FC_641_1996.json
Middlesbrough,Chris Morris,1963-12-24,104108,Ireland | England,Ireland,Right-Back,https://raw.githubusercontent.com/Samoilov2004/premier_league_dataset/main/dataset/DATA_JSON/Season_1996/Middlesbrough_FC_641_1996.json
Middlesbrough,Viv Anderson,1956-07-29,117188,England,England,Right-Back,https://raw.githubusercontent.com/Samoilov2004/premier_league_dataset/main/dataset/DATA_JSON/Season_1996/Middlesbrough_FC_641_1996.json
Middlesbrough,Emerson,1972-12-04,8754,Brazil | Portugal,Brazil,Defensive Midfield,https://raw.githubusercontent.com/Samoilov2004/premier_league_dataset/main/dataset/DATA_JSON/Season_1996/Middlesbrough_FC_641_1996.json
Middlesbrough,Robbie Mustoe,1968-08-28,13419,England,England,Central Midfield,https://raw.githubusercontent.com/Samoilov2004/premier_league_dataset/main/dataset/DATA_JSON/Season_1996/Middlesbrough_FC_641_1996.json
Middlesbrough,Bryan Robson,1957-11-01,101382,England,England,Central Midfield,https://raw.githubusercontent.com/Samoilov2004/premier_league_dataset/main/dataset/DATA_JSON/Season_1996/Middlesbrough_FC_641_1996.json
Middlesbrough,Phil Stamp,1975-12-12,12607,England,England,Central Midfield,https://raw.githubusercontent.com/Samoilov2004/premier_league_dataset/main/dataset/DATA_JSON/Season_1996/Middlesbrough_FC_641_1996.json
Middlesbrough,Mark Summerbell,1976-10-30,195687,England,England,Central Midfield,https://raw.githubusercontent.com/Samoilov2004/premier_league_dataset/main/dataset/DATA_JSON/Season_1996/Middlesbrough_FC_641_1996.json
Middlesbrough,Nick Barmby,1974-11-02,3222,England,England,Left Midfield,https://raw.githubusercontent.com/Samoilov2004/premier_league_dataset/main/dataset/DATA_JSON/Season_1996/Middlesbrough_FC_641_1996.json
Middlesbrough,Alan Moore,1974-11-25,10007,Ireland,Ireland,Left Midfield,https://raw.githubusercontent.com/Samoilov2004/premier_league_dataset/main/dataset/DATA_JSON/Season_1996/Middlesbrough_FC_641_1996.json
Middlesbrough,Juninho Paulista,1973-02-22,3505,Brazil | Italy,Brazil,Attacking Midfield,https://raw.githubusercontent.com/Samoilov2004/premier_league_dataset/main/dataset/DATA_JSON/Season_1996/Middlesbrough_FC_641_1996.json
Middlesbrough,John Hendrie,1963-10-24,195175,Scotland,Scotland,Right Winger,https://raw.githubusercontent.com/Samoilov2004/premier_league_dataset/main/dataset/DATA_JSON/Season_1996/Middlesbrough_FC_641_1996.json
Middlesbrough,Craig Hignett,1970-12-01,3787,England,England,Right Winger,https://raw.githubusercontent.com/Samoilov2004/premier_league_dataset/main/dataset/DATA_JSON/Season_1996/Middlesbrough_FC_641_1996.json
Middlesbrough,Anthony Ormerod,1979-03-31,106162,Ireland | England,Ireland,Right Winger,https://raw.githubusercontent.com/Samoilov2004/premier_league_dataset/main/dataset/DATA_JSON/Season_1996/Middlesbrough_FC_641_1996.json
Middlesbrough,Chris Freestone,1971-04-09,230936,England,England,Centre-Forward,https://raw.githubusercontent.com/Samoilov2004/premier_league_dataset/main/dataset/DATA_JSON/Season_1996/Middlesbrough_FC_641_1996.json
Middlesbrough,Mikkel Beck,1973-12-05,5650,Denmark,Denmark,Centre-Forward,https://raw.githubusercontent.com/Samoilov2004/premier_league_dataset/main/dataset/DATA_JSON/Season_1996/Middlesbrough_FC_641_1996.json
Middlesbrough,Fabrizio Ravanelli,1968-11-12,4226,Italy,Italy,Centre-Forward,https://raw.githubusercontent.com/Samoilov2004/premier_league_dataset/main/dataset/DATA_JSON/Season_1996/Middlesbrough_FC_641_1996.json
Middlesbrough,Jan Åge Fjørtoft,1967-10-01,514,Norway,Norway,Centre-Forward,https://raw.githubusercontent.com/Samoilov2004/premier_league_dataset/main/dataset/DATA_JSON/Season_1996/Middlesbrough_FC_641_1996.json
Middlesbrough,Andy Campbell,1979-04-18,12689,England,England,Centre-Forward,https://raw.githubusercontent.com/Samoilov2004/premier_league_dataset/main/dataset/DATA_JSON/Season_1996/Middlesbrough_FC_641_1996.json
Newcastle United,Pavel Srnicek,1968-10-03,5963,Czech Republic | France,Czech Republic,Goalkeeper,https://raw.githubusercontent.com/Samoilov2004/premier_league_dataset/main/dataset/DATA_JSON/Season_1996/Newcastle_United_762_1996.json
Newcastle United,Shaka Hislop,1969-02-22,4175,Trinidad and Tobago | England,Trinidad and Tobago,Goalkeeper,https://raw.githubusercontent.com/Samoilov2004/premier_league_dataset/main/dataset/DATA_JSON/Season_1996/Newcastle_United_762_1996.json
Newcastle United,Philippe Albert,1967-10-08,27972,Belgium,Belgium,Centre-Back,https://raw.githubusercontent.com/Samoilov2004/premier_league_dataset/main/dataset/DATA_JSON/Season_1996/Newcastle_United_762_1996.json
Newcastle United,Darren Peacock,1968-03-02,107099,England,England,Centre-Back,https://raw.githubusercontent.com/Samoilov2004/premier_league_dataset/main/dataset/DATA_JSON/Season_1996/Newcastle_United_762_1996.json
Newcastle United,Steve Howey,1971-10-26,3138,England,England,Centre-Back,https://raw.githubusercontent.com/Samoilov2004/premier_league_dataset/main/dataset/DATA_JSON/Season_1996/Newcastle_United_762_1996.json
Newcastle United,John Beresford,1966-04-09,109487,England,England,Left-Back,https://raw.githubusercontent.com/Samoilov2004/premier_league_dataset/main/dataset/DATA_JSON/Season_1996/Newcastle_United_762_1996.json
Newcastle United,Robbie Elliott,1973-12-25,3577,England,England,Left-Back,https://raw.githubusercontent.com/Samoilov2004/premier_league_dataset/main/dataset/DATA_JSON/Season_1996/Newcastle_United_762_1996.json
Newcastle United,Warren Barton,1969-03-19,13238,England,England,Right-Back,https://raw.githubusercontent.com/Samoilov2004/premier_league_dataset/main/dataset/DATA_JSON/Season_1996/Newcastle_United_762_1996.json
Newcastle United,Steve Watson,1974-01-04,3309,England,England,Right-Back,https://raw.githubusercontent.com/Samoilov2004/premier_league_dataset/main/dataset/DATA_JSON/Season_1996/Newcastle_United_762_1996.json
Newcastle United,David Batty,1968-02-12,3295,England,England,Defensive Midfield,https://raw.githubusercontent.com/Samoilov2004/premier_league_dataset/main/dataset/DATA_JSON/Season_1996/Newcastle_United_762_1996.json
Newcastle United,Jim Crawford,1973-01-05,24551,Ireland | United States,Ireland,Central Midfield,https://raw.githubusercontent.com/Samoilov2004/premier_league_dataset/main/dataset/DATA_JSON/Season_1996/Newcastle_United_762_1996.json
Newcastle United,Rob Lee,1966-01-02,14183,England,England,Central Midfield,https://raw.githubusercontent.com/Samoilov2004/premier_league_dataset/main/dataset/DATA_JSON/Season_1996/Newcastle_United_762_1996.json
Newcastle United,Lee Clark,1972-10-27,3477,England,England,Central Midfield,https://raw.githubusercontent.com/Samoilov2004/premier_league_dataset/main/dataset/DATA_JSON/Season_1996/Newcastle_United_762_1996.json
Newcastle United,Des Hamilton,1976-08-15,107087,England,England,Right Midfield,https://raw.githubusercontent.com/Samoilov2004/premier_league_dataset/main/dataset/DATA_JSON/Season_1996/Newcastle_United_762_1996.json
Newcastle United,Keith Gillespie,1975-02-18,3827,Northern Ireland,Northern Ireland,Right Midfield,https://raw.githubusercontent.com/Samoilov2004/premier_league_dataset/main/dataset/DATA_JSON/Season_1996/Newcastle_United_762_1996.json
Newcastle United,David Ginola,1967-01-25,104897,France,France,Left Winger,https://raw.githubusercontent.com/Samoilov2004/premier_league_dataset/main/dataset/DATA_JSON/Season_1996/Newcastle_United_762_1996.json
Newcastle United,Peter Beardsley,1961-01-18,102030,England,England,Second Striker,https://raw.githubusercontent.com/Samoilov2004/premier_league_dataset/main/dataset/DATA_JSON/Season_1996/Newcastle_United_762_1996.json
Newcastle United,Paul Brayson,1977-09-16,224845,England,England,Centre-Forward,https://raw.githubusercontent.com/Samoilov2004/premier_league_dataset/main/dataset/DATA_JSON/Season_1996/Newcastle_United_762_1996.json
Newcastle United,Alan Shearer,1970-08-13,3110,England,England,Centre-Forward,https://raw.githubusercontent.com/Samoilov2004/premier_league_dataset/main/dataset/DATA_JSON/Season_1996/Newcastle_United_762_1996.json
Newcastle United,Les Ferdinand,1966-08-12,3645,England | St. Lucia,England,Centre-Forward,https://raw.githubusercontent.com/Samoilov2004/premier_league_dataset/main/dataset/DATA_JSON/Season_1996/Newcastle_United_762_1996.json
Newcastle United,Faustino Asprilla,1969-10-11,102150,Colombia,Colombia,Centre-Forward,https://raw.githubusercontent.com/Samoilov2004/premier_league_dataset/main/dataset/DATA_JSON/Season_1996/Newcastle_United_762_1996.json
Newcastle United,Paul Kitson,1971-09-01,107813,England,England,Centre-Forward,https://raw.githubusercontent.com/Samoilov2004/premier_league_dataset/main/dataset/DATA_JSON/Season_1996/Newcastle_United_762_1996.json
Nottingham Forest,David Henry,1977-12-11,242265,Northern Ireland,Northern Ireland,Goalkeeper,https://raw.githubusercontent.com/Samoilov2004/premier_league_dataset/main/dataset/DATA_JSON/Season_1996/Nottingham_Forest_703_1996.json
Nottingham Forest,Mark Crossley,1969-06-16,4041,Wales | England,Wales,Goalkeeper,https://raw.githubusercontent.com/Samoilov2004/premier_league_dataset/main/dataset/DATA_JSON/Season_1996/Nottingham_Forest_703_1996.json
Nottingham Forest,Alan Fettis,1971-01-02,4222,Northern Ireland,Northern Ireland,Goalkeeper,https://raw.githubusercontent.com/Samoilov2004/premier_league_dataset/main/dataset/DATA_JSON/Season_1996/Nottingham_Forest_703_1996.json
Nottingham Forest,Tommy Wright,1963-08-29,206780,Northern Ireland,Northern Ireland,Goalkeeper,https://raw.githubusercontent.com/Samoilov2004/premier_league_dataset/main/dataset/DATA_JSON/Season_1996/Nottingham_Forest_703_1996.json
Nottingham Forest,Vance Warner,1974-03-09,227869,England,England,Centre-Back,https://raw.githubusercontent.com/Samoilov2004/premier_league_dataset/main/dataset/DATA_JSON/Season_1996/Nottingham_Forest_703_1996.json
Nottingham Forest,Steve Blatherwick,1973-09-20,228541,England,England,Centre-Back,https://raw.githubusercontent.com/Samoilov2004/premier_league_dataset/main/dataset/DATA_JSON/Season_1996/Nottingham_Forest_703_1996.json
Nottingham Forest,Steve Chettle,1968-09-27,168569,England,England,Centre-Back,https://raw.githubusercontent.com/Samoilov2004/premier_league_dataset/main/dataset/DATA_JSON/Season_1996/Nottingham_Forest_703_1996.json
Nottingham Forest,Nikola Jerkan,1964-08-12,81486,Croatia,Croatia,Centre-Back,https://raw.githubusercontent.com/Samoilov2004/premier_league_dataset/main/dataset/DATA_JSON/Season_1996/Nottingham_Forest_703_1996.json
Nottingham Forest,Brian O'Neil,1972-06-09,669,Scotland,Scotland,Centre-Back,https://raw.githubusercontent.com/Samoilov2004/premier_league_dataset/main/dataset/DATA_JSON/Season_1996/Nottingham_Forest_703_1996.json
Nottingham Forest,Stuart Pearce,1962-04-24,101317,England,England,Left-Back,https://raw.githubusercontent.com/Samoilov2004/premier_league_dataset/main/dataset/DATA_JSON/Season_1996/Nottingham_Forest_703_1996.json
Nottingham Forest,Colin Cooper,1967-02-28,3867,England,England,Left-Back,https://raw.githubusercontent.com/Samoilov2004/premier_league_dataset/main/dataset/DATA_JSON/Season_1996/Nottingham_Forest_703_1996.json
Nottingham Forest,Alf-Inge Haaland,1972-11-23,107179,Norway,Norway,Right-Back,https://raw.githubusercontent.com/Samoilov2004/premier_league_dataset/main/dataset/DATA_JSON/Season_1996/Nottingham_Forest_703_1996.json
Nottingham Forest,Justin Walker,1975-06-09,230674,England,England,Midfielder,https://raw.githubusercontent.com/Samoilov2004/premier_league_dataset/main/dataset/DATA_JSON/Season_1996/Nottingham_Forest_703_1996.json
Nottingham Forest,Bobby Howe,1973-06-11,228813,England,England,Central Midfield,https://raw.githubusercontent.com/Samoilov2004/premier_league_dataset/main/dataset/DATA_JSON/Season_1996/Nottingham_Forest_703_1996.json
Nottingham Forest,Chris Bart-Williams,1974-06-16,3293,England | Sierra Leone,England,Central Midfield,https://raw.githubusercontent.com/Samoilov2004/premier_league_dataset/main/dataset/DATA_JSON/Season_1996/Nottingham_Forest_703_1996.json
Nottingham Forest,Scot Gemmill,1971-02-01,3617,Scotland,Scotland,Central Midfield,https://raw.githubusercontent.com/Samoilov2004/premier_league_dataset/main/dataset/DATA_JSON/Season_1996/Nottingham_Forest_703_1996.json
Nottingham Forest,Craig Armstrong,1975-05-23,13396,England,England,Central Midfield,https://raw.githubusercontent.com/Samoilov2004/premier_league_dataset/main/dataset/DATA_JSON/Season_1996/Nottingham_Forest_703_1996.json
Nottingham Forest,Steve Melton,1978-03-10,34611,England,England,Right Midfield,https://raw.githubusercontent.com/Samoilov2004/premier_league_dataset/main/dataset/DATA_JSON/Season_1996/Nottingham_Forest_703_1996.json
Nottingham Forest,David Phillips,1963-07-29,168585,Wales | Germany,Wales,Right Midfield,https://raw.githubusercontent.com/Samoilov2004/premier_league_dataset/main/dataset/DATA_JSON/Season_1996/Nottingham_Forest_703_1996.json
Nottingham Forest,Steve Stone,1971-08-20,3364,England,England,Right Midfield,https://raw.githubusercontent.com/Samoilov2004/premier_league_dataset/main/dataset/DATA_JSON/Season_1996/Nottingham_Forest_703_1996.json
Nottingham Forest,Nigel Clough,1966-03-19,101322,England,England,Attacking Midfield,https://raw.githubusercontent.com/Samoilov2004/premier_league_dataset/main/dataset/DATA_JSON/Season_1996/Nottingham_Forest_703_1996.json
Nottingham Forest,Chris Allen,1972-11-18,223949,England,England,Left Winger,https://raw.githubusercontent.com/Samoilov2004/premier_league_dataset/main/dataset/DATA_JSON/Season_1996/Nottingham_Forest_703_1996.json
Nottingham Forest,Ian Woan,1967-12-14,168600,England,England,Left Winger,https://raw.githubusercontent.com/Samoilov2004/premier_league_dataset/main/dataset/DATA_JSON/Season_1996/Nottingham_Forest_703_1996.json
Nottingham Forest,Des Lyttle,1971-09-24,3674,England,England,Right Winger,https://raw.githubusercontent.com/Samoilov2004/premier_league_dataset/main/dataset/DATA_JSON/Season_1996/Nottingham_Forest_703_1996.json
Nottingham Forest,Bryan Roy,1970-12-02,351,Netherlands | Suriname,Netherlands,Right Winger,https://raw.githubusercontent.com/Samoilov2004/premier_league_dataset/main/dataset/DATA_JSON/Season_1996/Nottingham_Forest_703_1996.json
Nottingham Forest,Andrea Silenzi,1966-10-02,180552,Italy,Italy,Centre-Forward,https://raw.githubusercontent.com/Samoilov2004/premier_league_dataset/main/dataset/DATA_JSON/Season_1996/Nottingham_Forest_703_1996.json
Nottingham Forest,Dean Saunders,1964-06-21,92213,Wales,Wales,Centre-Forward,https://raw.githubusercontent.com/Samoilov2004/premier_league_dataset/main/dataset/DATA_JSON/Season_1996/Nottingham_Forest_703_1996.json
Nottingham Forest,Kevin Campbell,1970-04-02,3468,England | Jamaica,England,Centre-Forward,https://raw.githubusercontent.com/Samoilov2004/premier_league_dataset/main/dataset/DATA_JSON/Season_1996/Nottingham_Forest_703_1996.json
Nottingham Forest,Jason Lee,1971-09-05,14624,England,England,Centre-Forward,https://raw.githubusercontent.com/Samoilov2004/premier_league_dataset/main/dataset/DATA_JSON/Season_1996/Nottingham_Forest_703_1996.json
Nottingham Forest,Pierre van Hooijdonk,1969-11-29,3520,Netherlands | Morocco,Netherlands,Centre-Forward,https://raw.githubusercontent.com/Samoilov2004/premier_league_dataset/main/dataset/DATA_JSON/Season_1996/Nottingham_Forest_703_1996.json
Nottingham Forest,Paul McGregor,1974-12-17,168581,England,England,Centre-Forward,https://raw.githubusercontent.com/Samoilov2004/premier_league_dataset/main/dataset/DATA_JSON/Season_1996/Nottingham_Forest_703_1996.json
Nottingham Forest,Ian Thomas-Moore,1976-08-26,9990,England,England,Centre-Forward,https://raw.githubusercontent.com/Samoilov2004/premier_league_dataset/main/dataset/DATA_JSON/Season_1996/Nottingham_Forest_703_1996.json
Nottingham Forest,Steve Guinan,1975-12-24,16670,England,England,Centre-Forward,https://raw.githubusercontent.com/Samoilov2004/premier_league_dataset/main/dataset/DATA_JSON/Season_1996/Nottingham_Forest_703_1996.json
Sheffield Wednesday,Kevin Pressman,1967-06-11,10242,England,England,Goalkeeper,https://raw.githubusercontent.com/Samoilov2004/premier_league_dataset/main/dataset/DATA_JSON/Season_1996/Sheffield_Wednesday_1035_1996.json
Sheffield Wednesday,Matt Clarke,1973-03-11,13781,England,England,Goalkeeper,https://raw.githubusercontent.com/Samoilov2004/premier_league_dataset/main/dataset/DATA_JSON/Season_1996/Sheffield_Wednesday_1035_1996.json
Sheffield Wednesday,Peter Atherton,1970-06-04,13552,England,England,Centre-Back,https://raw.githubusercontent.com/Samoilov2004/premier_league_dataset/main/dataset/DATA_JSON/Season_1996/Sheffield_Wednesday_1035_1996.json
Sheffield Wednesday,Jon Newsome,1970-06-09,107093,England,England,Centre-Back,https://raw.githubusercontent.com/Samoilov2004/premier_league_dataset/main/dataset/DATA_JSON/Season_1996/Sheffield_Wednesday_1035_1996.json
Sheffield Wednesday,Des Walker,1965-11-26,10000,England | Jamaica,England,Centre-Back,https://raw.githubusercontent.com/Samoilov2004/premier_league_dataset/main/dataset/DATA_JSON/Season_1996/Sheffield_Wednesday_1035_1996.json
Sheffield Wednesday,Dejan Stefanovic,1974-10-28,4308,Serbia,Serbia,Centre-Back,https://raw.githubusercontent.com/Samoilov2004/premier_league_dataset/main/dataset/DATA_JSON/Season_1996/Sheffield_Wednesday_1035_1996.json
Sheffield Wednesday,Lee Briscoe,1975-09-30,13994,England,England,Left-Back,https://raw.githubusercontent.com/Samoilov2004/premier_league_dataset/main/dataset/DATA_JSON/Season_1996/Sheffield_Wednesday_1035_1996.json
Sheffield Wednesday,Ritchie Humphreys,1977-11-30,66930,England,England,Left-Back,https://raw.githubusercontent.com/Samoilov2004/premier_league_dataset/main/dataset/DATA_JSON/Season_1996/Sheffield_Wednesday_1035_1996.json
Sheffield Wednesday,Ian Nolan,1970-09-07,107097,Northern Ireland | England,Northern Ireland,Right-Back,https://raw.githubusercontent.com/Samoilov2004/premier_league_dataset/main/dataset/DATA_JSON/Season_1996/Sheffield_Wednesday_1035_1996.json
Sheffield Wednesday,Steve Nicol,1961-11-12,107096,Scotland,Scotland,Right-Back,https://raw.githubusercontent.com/Samoilov2004/premier_league_dataset/main/dataset/DATA_JSON/Season_1996/Sheffield_Wednesday_1035_1996.json
Sheffield Wednesday,Orlando Trustfull,1970-04-08,107142,Netherlands | Suriname,Netherlands,Defensive Midfield,https://raw.githubusercontent.com/Samoilov2004/premier_league_dataset/main/dataset/DATA_JSON/Season_1996/Sheffield_Wednesday_1035_1996.json
Sheffield Wednesday,Graham Hyde,1970-10-11,106798,England,England,Central Midfield,https://raw.githubusercontent.com/Samoilov2004/premier_league_dataset/main/dataset/DATA_JSON/Season_1996/Sheffield_Wednesday_1035_1996.json
Sheffield Wednesday,John Sheridan,1964-01-10,102496,Ireland | England,Ireland,Central Midfield,https://raw.githubusercontent.com/Samoilov2004/premier_league_dataset/main/dataset/DATA_JSON/Season_1996/Sheffield_Wednesday_1035_1996.json
Sheffield Wednesday,Wayne Collins,1969-04-03,175977,England,England,Central Midfield,https://raw.githubusercontent.com/Samoilov2004/premier_league_dataset/main/dataset/DATA_JSON/Season_1996/Sheffield_Wednesday_1035_1996.json
Sheffield Wednesday,Mike Williams,1969-11-21,223291,England,England,Right Midfield,https://raw.githubusercontent.com/Samoilov2004/premier_league_dataset/main/dataset/DATA_JSON/Season_1996/Sheffield_Wednesday_1035_1996.json
Sheffield Wednesday,Mark Pembridge,1970-11-29,3615,Wales,Wales,Left Midfield,https://raw.githubusercontent.com/Samoilov2004/premier_league_dataset/main/dataset/DATA_JSON/Season_1996/Sheffield_Wednesday_1035_1996.json
Sheffield Wednesday,Regi Blinker,1969-04-06,107125,Netherlands | Suriname,Netherlands,Left Winger,https://raw.githubusercontent.com/Samoilov2004/premier_league_dataset/main/dataset/DATA_JSON/Season_1996/Sheffield_Wednesday_1035_1996.json
Sheffield Wednesday,Benny Carbone,1971-08-14,3389,Italy,Italy,Second Striker,https://raw.githubusercontent.com/Samoilov2004/premier_league_dataset/main/dataset/DATA_JSON/Season_1996/Sheffield_Wednesday_1035_1996.json
Sheffield Wednesday,Guy Whittingham,1964-10-11,106806,England,England,Centre-Forward,https://raw.githubusercontent.com/Samoilov2004/premier_league_dataset/main/dataset/DATA_JSON/Season_1996/Sheffield_Wednesday_1035_1996.json
Sheffield Wednesday,Mark Bright,1962-06-06,223280,England,England,Centre-Forward,https://raw.githubusercontent.com/Samoilov2004/premier_league_dataset/main/dataset/DATA_JSON/Season_1996/Sheffield_Wednesday_1035_1996.json
Sheffield Wednesday,David Hirst,1967-07-12,109491,England | Scotland,England,Centre-Forward,https://raw.githubusercontent.com/Samoilov2004/premier_league_dataset/main/dataset/DATA_JSON/Season_1996/Sheffield_Wednesday_1035_1996.json
Sheffield Wednesday,Andy Booth,1973-06-12,49086,England,England,Centre-Forward,https://raw.githubusercontent.com/Samoilov2004/premier_league_dataset/main/dataset/DATA_JSON/Season_1996/Sheffield_Wednesday_1035_1996.json
Sheffield Wednesday,Scott Oakes,1972-05-08,107098,England,England,Striker,https://raw.githubusercontent.com/Samoilov2004/premier_league_dataset/main/dataset/DATA_JSON/Season_1996/Sheffield_Wednesday_1035_1996.json
Sheffield Wednesday,O'Neill Donaldson,1969-11-24,195174,England,England,Centre-Forward,https://raw.githubusercontent.com/Samoilov2004/premier_league_dataset/main/dataset/DATA_JSON/Season_1996/Sheffield_Wednesday_1035_1996.json
Southampton,Chris Woods,1959-11-14,101320,England,England,Goalkeeper,https://raw.githubusercontent.com/Samoilov2004/premier_league_dataset/main/dataset/DATA_JSON/Season_1996/Southampton_FC_180_1996.json
Southampton,Dave Beasant,1959-03-20,10384,England,England,Goalkeeper,https://raw.githubusercontent.com/Samoilov2004/premier_league_dataset/main/dataset/DATA_JSON/Season_1996/Southampton_FC_180_1996.json
Southampton,Neil Moss,1975-10-05,48075,England,England,Goalkeeper,https://raw.githubusercontent.com/Samoilov2004/premier_league_dataset/main/dataset/DATA_JSON/Season_1996/Southampton_FC_180_1996.json
Southampton,Darryl Flahavan,1978-11-28,39699,England,England,Goalkeeper,https://raw.githubusercontent.com/Samoilov2004/premier_league_dataset/main/dataset/DATA_JSON/Season_1996/Southampton_FC_180_1996.json
Southampton,Maik Taylor,1971-04-09,3723,Northern Ireland | Germany,Northern Ireland,Goalkeeper,https://raw.githubusercontent.com/Samoilov2004/premier_league_dataset/main/dataset/DATA_JSON/Season_1996/Southampton_FC_180_1996.json
Southampton,Ken Monkou,1964-11-29,109494,Netherlands | Suriname,Netherlands,Centre-Back,https://raw.githubusercontent.com/Samoilov2004/premier_league_dataset/main/dataset/DATA_JSON/Season_1996/Southampton_FC_180_1996.json
Southampton,Alan Neilson,1972-09-26,175987,Wales | Germany,Wales,Centre-Back,https://raw.githubusercontent.com/Samoilov2004/premier_league_dataset/main/dataset/DATA_JSON/Season_1996/Southampton_FC_180_1996.json
Southampton,Richard Dryden,1969-06-14,109489,England,England,Centre-Back,https://raw.githubusercontent.com/Samoilov2004/premier_league_dataset/main/dataset/DATA_JSON/Season_1996/Southampton_FC_180_1996.json
Southampton,Claus Lundekvam,1973-02-22,3687,Norway,Norway,Centre-Back,https://raw.githubusercontent.com/Samoilov2004/premier_league_dataset/main/dataset/DATA_JSON/Season_1996/Southampton_FC_180_1996.json
Southampton,Graham Potter,1975-05-20,224679,England,England,Left-Back,https://raw.githubusercontent.com/Samoilov2004/premier_league_dataset/main/dataset/DATA_JSON/Season_1996/Southampton_FC_180_1996.json
Southampton,Christer Warren,1974-10-10,230348,England,England,Left-Back,https://raw.githubusercontent.com/Samoilov2004/premier_league_dataset/main/dataset/DATA_JSON/Season_1996/Southampton_FC_180_1996.json
Southampton,Francis Benali,1968-12-30,3298,England,England,Left-Back,https://raw.githubusercontent.com/Samoilov2004/premier_league_dataset/main/dataset/DATA_JSON/Season_1996/Southampton_FC_180_1996.json
Southampton,Simon Charlton,1971-10-25,19846,England,England,Left-Back,https://raw.githubusercontent.com/Samoilov2004/premier_league_dataset/main/dataset/DATA_JSON/Season_1996/Southampton_FC_180_1996.json
Southampton,Matthew Robinson,1974-12-23,13677,England,England,Left-Back,https://raw.githubusercontent.com/Samoilov2004/premier_league_dataset/main/dataset/DATA_JSON/Season_1996/Southampton_FC_180_1996.json
Southampton,Jason Dodd,1970-02-11,3685,England,England,Right-Back,https://raw.githubusercontent.com/Samoilov2004/premier_league_dataset/main/dataset/DATA_JSON/Season_1996/Southampton_FC_180_1996.json
Southampton,Barry Venison,1964-08-16,176215,England,England,Right-Back,https://raw.githubusercontent.com/Samoilov2004/premier_league_dataset/main/dataset/DATA_JSON/Season_1996/Southampton_FC_180_1996.json
Southampton,Ulrich van Gobbel,1971-01-16,92229,Netherlands | Suriname,Netherlands,Right-Back,https://raw.githubusercontent.com/Samoilov2004/premier_league_dataset/main/dataset/DATA_JSON/Season_1996/Southampton_FC_180_1996.json
Southampton,Russell Watkinson,1977-03-12,225986,England,England,Midfielder,https://raw.githubusercontent.com/Samoilov2004/premier_league_dataset/main/dataset/DATA_JSON/Season_1996/Southampton_FC_180_1996.json
Southampton,Jim Magilton,1969-06-05,3481,Northern Ireland,Northern Ireland,Central Midfield,https://raw.githubusercontent.com/Samoilov2004/premier_league_dataset/main/dataset/DATA_JSON/Season_1996/Southampton_FC_180_1996.json
Southampton,Neil Maddison,1969-02-10,195000,England,England,Central Midfield,https://raw.githubusercontent.com/Samoilov2004/premier_league_dataset/main/dataset/DATA_JSON/Season_1996/Southampton_FC_180_1996.json
Southampton,David Hughes,1972-12-30,195176,Wales | England,Wales,Central Midfield,https://raw.githubusercontent.com/Samoilov2004/premier_league_dataset/main/dataset/DATA_JSON/Season_1996/Southampton_FC_180_1996.json
Southampton,Paul Tisdale,1973-01-14,77580,Malta | England,Malta,Central Midfield,https://raw.githubusercontent.com/Samoilov2004/premier_league_dataset/main/dataset/DATA_JSON/Season_1996/Southampton_FC_180_1996.json
Southampton,Matt Oakley,1977-08-17,3784,England,England,Central Midfield,https://raw.githubusercontent.com/Samoilov2004/premier_league_dataset/main/dataset/DATA_JSON/Season_1996/Southampton_FC_180_1996.json
Southampton,Robbie Slater,1964-11-22,133804,Australia | England,Australia,Central Midfield,https://raw.githubusercontent.com/Samoilov2004/premier_league_dataset/main/dataset/DATA_JSON/Season_1996/Southampton_FC_180_1996.json
Southampton,Paul Sheerin,1974-08-28,12790,Scotland,Scotland,Central Midfield,https://raw.githubusercontent.com/Samoilov2004/premier_league_dataset/main/dataset/DATA_JSON/Season_1996/Southampton_FC_180_1996.json
Southampton,Matt Le Tissier,1968-10-14,43705,England | Guernsey,England,Attacking Midfield,https://raw.githubusercontent.com/Samoilov2004/premier_league_dataset/main/dataset/DATA_JSON/Season_1996/Southampton_FC_180_1996.json
Southampton,Eyal Berkovic,1972-02-04,3231,Israel,Israel,Attacking Midfield,https://raw.githubusercontent.com/Samoilov2004/premier_league_dataset/main/dataset/DATA_JSON/Season_1996/Southampton_FC_180_1996.json
Southampton,Neil Heaney,1971-03-11,21265,England,England,Left Winger,https://raw.githubusercontent.com/Samoilov2004/premier_league_dataset/main/dataset/DATA_JSON/Season_1996/Southampton_FC_180_1996.json
Southampton,Neil Shipperley,1974-10-30,13801,England,England,Centre-Forward,https://raw.githubusercontent.com/Samoilov2004/premier_league_dataset/main/dataset/DATA_JSON/Season_1996/Southampton_FC_180_1996.json
Southampton,Ali Dia,1965-08-20,131507,Senegal | France,Senegal,Centre-Forward,https://raw.githubusercontent.com/Samoilov2004/premier_league_dataset/main/dataset/DATA_JSON/Season_1996/Southampton_FC_180_1996.json
Southampton,Mickey Evans,1973-01-01,222258,Ireland | England,Ireland,Centre-Forward,https://raw.githubusercontent.com/Samoilov2004/premier_league_dataset/main/dataset/DATA_JSON/Season_1996/Southampton_FC_180_1996.json
Southampton,Gordon Watson,1971-03-20,222264,England,England,Centre-Forward,https://raw.githubusercontent.com/Samoilov2004/premier_league_dataset/main/dataset/DATA_JSON/Season_1996/Southampton_FC_180_1996.json
Southampton,Steve Basham,1977-02-12,13663,England,England,Centre-Forward,https://raw.githubusercontent.com/Samoilov2004/premier_league_dataset/main/dataset/DATA_JSON/Season_1996/Southampton_FC_180_1996.json
Southampton,Egil Østenstad,1972-02-01,3705,Norway,Norway,Centre-Forward,https://raw.githubusercontent.com/Samoilov2004/premier_league_dataset/main/dataset/DATA_JSON/Season_1996/Southampton_FC_180_1996.json
Sunderland,Lionel Perez,1967-04-24,223246,France,France,Goalkeeper,https://raw.githubusercontent.com/Samoilov2004/premier_league_dataset/main/dataset/DATA_JSON/Season_1996/Sunderland_AFC_289_1996.json
Sunderland,Phil Naisbett,1979-02-01,228812,England,England,Goalkeeper,https://raw.githubusercontent.com/Samoilov2004/premier_league_dataset/main/dataset/DATA_JSON/Season_1996/Sunderland_AFC_289_1996.json
Sunderland,Tony Coton,1961-05-19,176010,England,England,Goalkeeper,https://raw.githubusercontent.com/Samoilov2004/premier_league_dataset/main/dataset/DATA_JSON/Season_1996/Sunderland_AFC_289_1996.json
Sunderland,David Preece,1976-08-26,12788,England,England,Goalkeeper,https://raw.githubusercontent.com/Samoilov2004/premier_league_dataset/main/dataset/DATA_JSON/Season_1996/Sunderland_AFC_289_1996.json
Sunderland,Chris Woods,1959-11-14,101320,England,England,Goalkeeper,https://raw.githubusercontent.com/Samoilov2004/premier_league_dataset/main/dataset/DATA_JSON/Season_1996/Sunderland_AFC_289_1996.json
Sunderland,Lee Howey,1969-01-04,223235,England,England,Defender,https://raw.githubusercontent.com/Samoilov2004/premier_league_dataset/main/dataset/DATA_JSON/Season_1996/Sunderland_AFC_289_1996.json
Sunderland,Richard Ord,1970-03-03,223243,England,England,Defender,https://raw.githubusercontent.com/Samoilov2004/premier_league_dataset/main/dataset/DATA_JSON/Season_1996/Sunderland_AFC_289_1996.json
Sunderland,Andy Melville,1968-11-29,4004,Wales,Wales,Centre-Back,https://raw.githubusercontent.com/Samoilov2004/premier_league_dataset/main/dataset/DATA_JSON/Season_1996/Sunderland_AFC_289_1996.json
Sunderland,Jan Eriksson,1967-08-24,101092,Sweden,Sweden,Centre-Back,https://raw.githubusercontent.com/Samoilov2004/premier_league_dataset/main/dataset/DATA_JSON/Season_1996/Sunderland_AFC_289_1996.json
Sunderland,Martin Scott,1968-07-01,223250,England,England,Left-Back,https://raw.githubusercontent.com/Samoilov2004/premier_league_dataset/main/dataset/DATA_JSON/Season_1996/Sunderland_AFC_289_1996.json
Sunderland,Michael Gray,1974-03-08,4128,England,England,Left-Back,https://raw.githubusercontent.com/Samoilov2004/premier_league_dataset/main/dataset/DATA_JSON/Season_1996/Sunderland_AFC_289_1996.json
Sunderland,Paul Heckingbottom,1977-07-17,13581,England,England,Left-Back,https://raw.githubusercontent.com/Samoilov2004/premier_league_dataset/main/dataset/DATA_JSON/Season_1996/Sunderland_AFC_289_1996.json
Sunderland,Dariusz Kubicki,1963-06-06,117233,Poland,Poland,Right-Back,https://raw.githubusercontent.com/Samoilov2004/premier_league_dataset/main/dataset/DATA_JSON/Season_1996/Sunderland_AFC_289_1996.json
Sunderland,Gareth Hall,1969-03-20,175580,Wales | England,Wales,Right-Back,https://raw.githubusercontent.com/Samoilov2004/premier_league_dataset/main/dataset/DATA_JSON/Season_1996/Sunderland_AFC_289_1996.json
Sunderland,Darren Holloway,1977-03-10,14024,England,England,Right-Back,https://raw.githubusercontent.com/Samoilov2004/premier_league_dataset/main/dataset/DATA_JSON/Season_1996/Sunderland_AFC_289_1996.json
Sunderland,Darren Williams,1977-04-28,3324,England,England,Right-Back,https://raw.githubusercontent.com/Samoilov2004/premier_league_dataset/main/dataset/DATA_JSON/Season_1996/Sunderland_AFC_289_1996.json
Sunderland,Steve Agnew,1965-09-11,223219,England,England,Central Midfield,https://raw.githubusercontent.com/Samoilov2004/premier_league_dataset/main/dataset/DATA_JSON/Season_1996/Sunderland_AFC_289_1996.json
Sunderland,Paul Bracewell,1962-07-19,175999,England,England,Central Midfield,https://raw.githubusercontent.com/Samoilov2004/premier_league_dataset/main/dataset/DATA_JSON/Season_1996/Sunderland_AFC_289_1996.json
Sunderland,Kevin Ball,1964-12-11,175973,England,England,Central Midfield,https://raw.githubusercontent.com/Samoilov2004/premier_league_dataset/main/dataset/DATA_JSON/Season_1996/Sunderland_AFC_289_1996.json
Sunderland,Alex Rae,1969-09-30,4239,Scotland,Scotland,Central Midfield,https://raw.githubusercontent.com/Samoilov2004/premier_league_dataset/main/dataset/DATA_JSON/Season_1996/Sunderland_AFC_289_1996.json
Sunderland,Allan Johnston,1973-12-14,3649,Scotland,Scotland,Right Midfield,https://raw.githubusercontent.com/Samoilov2004/premier_league_dataset/main/dataset/DATA_JSON/Season_1996/Sunderland_AFC_289_1996.json
Sunderland,Sam Aiston,1976-11-21,49315,England,England,Left Winger,https://raw.githubusercontent.com/Samoilov2004/premier_league_dataset/main/dataset/DATA_JSON/Season_1996/Sunderland_AFC_289_1996.json
Sunderland,John Mullin,1975-11-08,13653,England,England,Right Winger,https://raw.githubusercontent.com/Samoilov2004/premier_league_dataset/main/dataset/DATA_JSON/Season_1996/Sunderland_AFC_289_1996.json
Sunderland,Chris Waddle,1960-12-14,101385,England,England,Right Winger,https://raw.githubusercontent.com/Samoilov2004/premier_league_dataset/main/dataset/DATA_JSON/Season_1996/Sunderland_AFC_289_1996.json
Sunderland,Craig Russell,1974-04-02,223249,England,England,Centre-Forward,https://raw.githubusercontent.com/Samoilov2004/premier_league_dataset/main/dataset/DATA_JSON/Season_1996/Sunderland_AFC_289_1996.json
Sunderland,Paul Stewart,1964-07-10,145778,England,England,Centre-Forward,https://raw.githubusercontent.com/Samoilov2004/premier_league_dataset/main/dataset/DATA_JSON/Season_1996/Sunderland_AFC_289_1996.json
Sunderland,David Kelly,1965-11-25,102499,Ireland | England,Ireland,Centre-Forward,https://raw.githubusercontent.com/Samoilov2004/premier_league_dataset/main/dataset/DATA_JSON/Season_1996/Sunderland_AFC_289_1996.json
Sunderland,Niall Quinn,1966-06-10,104110,Ireland,Ireland,Centre-Forward,https://raw.githubusercontent.com/Samoilov2004/premier_league_dataset/main/dataset/DATA_JSON/Season_1996/Sunderland_AFC_289_1996.json
Sunderland,Martin Smith,1974-11-13,67336,England,England,Centre-Forward,https://raw.githubusercontent.com/Samoilov2004/premier_league_dataset/main/dataset/DATA_JSON/Season_1996/Sunderland_AFC_289_1996.json
Sunderland,Michael Bridges,1978-05-08,3767,England,England,Centre-Forward,https://raw.githubusercontent.com/Samoilov2004/premier_league_dataset/main/dataset/DATA_JSON/Season_1996/Sunderland_AFC_289_1996.json
Tottenham Hotspur,Ian Walker,1971-10-31,4137,England,England,Goalkeeper,https://raw.githubusercontent.com/Samoilov2004/premier_league_dataset/main/dataset/DATA_JSON/Season_1996/Tottenham_Hotspur_148_1996.json
Tottenham Hotspur,Espen Baardsen,1977-07-12,3850,Norway | United States,Norway,Goalkeeper,https://raw.githubusercontent.com/Samoilov2004/premier_league_dataset/main/dataset/DATA_JSON/Season_1996/Tottenham_Hotspur_148_1996.json
Tottenham Hotspur,Simon Brown,1976-03-12,21412,England,England,Goalkeeper,https://raw.githubusercontent.com/Samoilov2004/premier_league_dataset/main/dataset/DATA_JSON/Season_1996/Tottenham_Hotspur_148_1996.json
Tottenham Hotspur,Colin Calderwood,1965-01-20,103641,Scotland,Scotland,Centre-Back,https://raw.githubusercontent.com/Samoilov2004/premier_league_dataset/main/dataset/DATA_JSON/Season_1996/Tottenham_Hotspur_148_1996.json
Tottenham Hotspur,Gary Mabbutt,1961-08-23,109493,England,England,Centre-Back,https://raw.githubusercontent.com/Samoilov2004/premier_league_dataset/main/dataset/DATA_JSON/Season_1996/Tottenham_Hotspur_148_1996.json
Tottenham Hotspur,Stuart Nethercott,1973-03-21,13595,England,England,Centre-Back,https://raw.githubusercontent.com/Samoilov2004/premier_league_dataset/main/dataset/DATA_JSON/Season_1996/Tottenham_Hotspur_148_1996.json
Tottenham Hotspur,John Scales,1966-04-07,104899,England,England,Centre-Back,https://raw.githubusercontent.com/Samoilov2004/premier_league_dataset/main/dataset/DATA_JSON/Season_1996/Tottenham_Hotspur_148_1996.json
Tottenham Hotspur,Sol Campbell,1974-09-18,3198,England | Jamaica,England,Centre-Back,https://raw.githubusercontent.com/Samoilov2004/premier_league_dataset/main/dataset/DATA_JSON/Season_1996/Tottenham_Hotspur_148_1996.json
Tottenham Hotspur,Ramon Vega,1971-06-14,103731,Switzerland,Switzerland,Centre-Back,https://raw.githubusercontent.com/Samoilov2004/premier_league_dataset/main/dataset/DATA_JSON/Season_1996/Tottenham_Hotspur_148_1996.json
Tottenham Hotspur,Mark Arber,1977-09-10,47997,England | South Africa,England,Centre-Back,https://raw.githubusercontent.com/Samoilov2004/premier_league_dataset/main/dataset/DATA_JSON/Season_1996/Tottenham_Hotspur_148_1996.json
Tottenham Hotspur,Justin Edinburgh,1969-12-18,104903,England,England,Left-Back,https://raw.githubusercontent.com/Samoilov2004/premier_league_dataset/main/dataset/DATA_JSON/Season_1996/Tottenham_Hotspur_148_1996.json
Tottenham Hotspur,Clive Wilson,1961-11-13,109500,England,England,Left-Back,https://raw.githubusercontent.com/Samoilov2004/premier_league_dataset/main/dataset/DATA_JSON/Season_1996/Tottenham_Hotspur_148_1996.json
Tottenham Hotspur,Jamie Clapham,1975-07-12,3938,England,England,Left-Back,https://raw.githubusercontent.com/Samoilov2004/premier_league_dataset/main/dataset/DATA_JSON/Season_1996/Tottenham_Hotspur_148_1996.json
Tottenham Hotspur,Simon Webb,1978-01-19,57476,Ireland,Ireland,Left-Back,https://raw.githubusercontent.com/Samoilov2004/premier_league_dataset/main/dataset/DATA_JSON/Season_1996/Tottenham_Hotspur_148_1996.json
Tottenham Hotspur,David Kerslake,1966-06-19,223238,England,England,Right-Back,https://raw.githubusercontent.com/Samoilov2004/premier_league_dataset/main/dataset/DATA_JSON/Season_1996/Tottenham_Hotspur_148_1996.json
Tottenham Hotspur,Dean Austin,1970-04-26,109486,England,England,Right-Back,https://raw.githubusercontent.com/Samoilov2004/premier_league_dataset/main/dataset/DATA_JSON/Season_1996/Tottenham_Hotspur_148_1996.json
Tottenham Hotspur,Stephen Carr,1976-08-29,4046,Ireland,Ireland,Right-Back,https://raw.githubusercontent.com/Samoilov2004/premier_league_dataset/main/dataset/DATA_JSON/Season_1996/Tottenham_Hotspur_148_1996.json
Tottenham Hotspur,Gerry McMahon,1973-12-29,163933,Northern Ireland,Northern Ireland,Central Midfield,https://raw.githubusercontent.com/Samoilov2004/premier_league_dataset/main/dataset/DATA_JSON/Season_1996/Tottenham_Hotspur_148_1996.json
Tottenham Hotspur,Jason Dozzell,1967-09-12,223226,England,England,Central Midfield,https://raw.githubusercontent.com/Samoilov2004/premier_league_dataset/main/dataset/DATA_JSON/Season_1996/Tottenham_Hotspur_148_1996.json
Tottenham Hotspur,Danny Hill,1974-01-10,228070,England,England,Central Midfield,https://raw.githubusercontent.com/Samoilov2004/premier_league_dataset/main/dataset/DATA_JSON/Season_1996/Tottenham_Hotspur_148_1996.json
Tottenham Hotspur,David Howells,1967-12-15,109492,England,England,Central Midfield,https://raw.githubusercontent.com/Samoilov2004/premier_league_dataset/main/dataset/DATA_JSON/Season_1996/Tottenham_Hotspur_148_1996.json
Tottenham Hotspur,Ruel Fox,1968-01-14,104904,Montserrat | England,Montserrat,Central Midfield,https://raw.githubusercontent.com/Samoilov2004/premier_league_dataset/main/dataset/DATA_JSON/Season_1996/Tottenham_Hotspur_148_1996.json
Tottenham Hotspur,Allan Nielsen,1971-03-13,31829,Denmark,Denmark,Central Midfield,https://raw.githubusercontent.com/Samoilov2004/premier_league_dataset/main/dataset/DATA_JSON/Season_1996/Tottenham_Hotspur_148_1996.json
Tottenham Hotspur,Garry Brady,1976-07-09,12822,Scotland,Scotland,Central Midfield,https://raw.githubusercontent.com/Samoilov2004/premier_league_dataset/main/dataset/DATA_JSON/Season_1996/Tottenham_Hotspur_148_1996.json
Tottenham Hotspur,Darren Anderton,1972-03-03,3277,England,England,Right Midfield,https://raw.githubusercontent.com/Samoilov2004/premier_league_dataset/main/dataset/DATA_JSON/Season_1996/Tottenham_Hotspur_148_1996.json
Tottenham Hotspur,Andy Sinton,1966-03-19,101326,England,England,Left Midfield,https://raw.githubusercontent.com/Samoilov2004/premier_league_dataset/main/dataset/DATA_JSON/Season_1996/Tottenham_Hotspur_148_1996.json
Tottenham Hotspur,Ronny Rosenthal,1963-04-10,141047,Israel | Belgium,Israel,Left Winger,https://raw.githubusercontent.com/Samoilov2004/premier_league_dataset/main/dataset/DATA_JSON/Season_1996/Tottenham_Hotspur_148_1996.json
Tottenham Hotspur,Paul McVeigh,1977-06-12,11716,Northern Ireland,Northern Ireland,Left Winger,https://raw.githubusercontent.com/Samoilov2004/premier_league_dataset/main/dataset/DATA_JSON/Season_1996/Tottenham_Hotspur_148_1996.json
Tottenham Hotspur,Steffen Iversen,1976-10-11,3478,Norway,Norway,Second Striker,https://raw.githubusercontent.com/Samoilov2004/premier_league_dataset/main/dataset/DATA_JSON/Season_1996/Tottenham_Hotspur_148_1996.json
Tottenham Hotspur,Teddy Sheringham,1966-02-04,3392,England,England,Centre-Forward,https://raw.githubusercontent.com/Samoilov2004/premier_league_dataset/main/dataset/DATA_JSON/Season_1996/Tottenham_Hotspur_148_1996.json
Tottenham Hotspur,Chris Armstrong,1971-06-19,3281,England,England,Centre-Forward,https://raw.githubusercontent.com/Samoilov2004/premier_league_dataset/main/dataset/DATA_JSON/Season_1996/Tottenham_Hotspur_148_1996.json
Tottenham Hotspur,Neale Fenn,1977-01-18,34620,Ireland | England,Ireland,Centre-Forward,https://raw.githubusercontent.com/Samoilov2004/premier_league_dataset/main/dataset/DATA_JSON/Season_1996/Tottenham_Hotspur_148_1996.json
Tottenham Hotspur,Rory Allen,1977-10-17,109485,England,England,Centre-Forward,https://raw.githubusercontent.com/Samoilov2004/premier_league_dataset/main/dataset/DATA_JSON/Season_1996/Tottenham_Hotspur_148_1996.json
West Ham United,Les Sealey,1957-09-29,176019,England,England,Goalkeeper,https://raw.githubusercontent.com/Samoilov2004/premier_league_dataset/main/dataset/DATA_JSON/Season_1996/West_Ham_United_379_1996.json
West Ham United,Ludek Miklosko,1961-09-12,106952,Czech Republic,Czech Republic,Goalkeeper,https://raw.githubusercontent.com/Samoilov2004/premier_league_dataset/main/dataset/DATA_JSON/Season_1996/West_Ham_United_379_1996.json
West Ham United,Peter Shilton,1949-09-18,101383,England,England,Goalkeeper,https://raw.githubusercontent.com/Samoilov2004/premier_league_dataset/main/dataset/DATA_JSON/Season_1996/West_Ham_United_379_1996.json
West Ham United,Steve Mautone,1970-10-08,197268,Australia | Italy,Australia,Goalkeeper,https://raw.githubusercontent.com/Samoilov2004/premier_league_dataset/main/dataset/DATA_JSON/Season_1996/West_Ham_United_379_1996.json
West Ham United,Neil Finn,1978-12-29,230514,England,England,Goalkeeper,https://raw.githubusercontent.com/Samoilov2004/premier_league_dataset/main/dataset/DATA_JSON/Season_1996/West_Ham_United_379_1996.json
West Ham United,Slaven Bilic,1968-11-09,41137,Croatia,Croatia,Centre-Back,https://raw.githubusercontent.com/Samoilov2004/premier_league_dataset/main/dataset/DATA_JSON/Season_1996/West_Ham_United_379_1996.json
West Ham United,Richard Hall,1972-03-14,222259,England,England,Centre-Back,https://raw.githubusercontent.com/Samoilov2004/premier_league_dataset/main/dataset/DATA_JSON/Season_1996/West_Ham_United_379_1996.json
West Ham United,Marc Rieper,1968-05-06,98529,Denmark,Denmark,Centre-Back,https://raw.githubusercontent.com/Samoilov2004/premier_league_dataset/main/dataset/DATA_JSON/Season_1996/West_Ham_United_379_1996.json
West Ham United,Rio Ferdinand,1978-07-11,3235,England,England,Centre-Back,https://raw.githubusercontent.com/Samoilov2004/premier_league_dataset/main/dataset/DATA_JSON/Season_1996/West_Ham_United_379_1996.json
West Ham United,Adrian Whitbread,1971-10-22,225376,England,England,Centre-Back,https://raw.githubusercontent.com/Samoilov2004/premier_league_dataset/main/dataset/DATA_JSON/Season_1996/West_Ham_United_379_1996.json
West Ham United,Julian Dicks,1968-08-08,107806,England,England,Left-Back,https://raw.githubusercontent.com/Samoilov2004/premier_league_dataset/main/dataset/DATA_JSON/Season_1996/West_Ham_United_379_1996.json
West Ham United,Keith Rowland,1971-01-09,149519,Northern Ireland,Northern Ireland,Left-Back,https://raw.githubusercontent.com/Samoilov2004/premier_league_dataset/main/dataset/DATA_JSON/Season_1996/West_Ham_United_379_1996.json
West Ham United,Mark Bowen,1963-07-12,181585,Wales,Wales,Left-Back,https://raw.githubusercontent.com/Samoilov2004/premier_league_dataset/main/dataset/DATA_JSON/Season_1996/West_Ham_United_379_1996.json
West Ham United,Tim Breacker,1965-02-07,107804,England,England,Right-Back,https://raw.githubusercontent.com/Samoilov2004/premier_league_dataset/main/dataset/DATA_JSON/Season_1996/West_Ham_United_379_1996.json
West Ham United,Steve Potts,1967-07-05,107819,England | United States,England,Right-Back,https://raw.githubusercontent.com/Samoilov2004/premier_league_dataset/main/dataset/DATA_JSON/Season_1996/West_Ham_United_379_1996.json
West Ham United,Kenny Brown,1967-11-07,228464,England,England,Right-Back,https://raw.githubusercontent.com/Samoilov2004/premier_league_dataset/main/dataset/DATA_JSON/Season_1996/West_Ham_United_379_1996.json
West Ham United,Danny Williamson,1973-05-12,197252,England,England,Central Midfield,https://raw.githubusercontent.com/Samoilov2004/premier_league_dataset/main/dataset/DATA_JSON/Season_1996/West_Ham_United_379_1996.json
West Ham United,Ian Bishop,1965-05-29,175895,England,England,Central Midfield,https://raw.githubusercontent.com/Samoilov2004/premier_league_dataset/main/dataset/DATA_JSON/Season_1996/West_Ham_United_379_1996.json
West Ham United,Steve Lomas,1974-01-18,3801,Northern Ireland | Germany,Northern Ireland,Central Midfield,https://raw.githubusercontent.com/Samoilov2004/premier_league_dataset/main/dataset/DATA_JSON/Season_1996/West_Ham_United_379_1996.json
West Ham United,John Moncur,1966-09-22,3696,England,England,Central Midfield,https://raw.githubusercontent.com/Samoilov2004/premier_league_dataset/main/dataset/DATA_JSON/Season_1996/West_Ham_United_379_1996.json
West Ham United,Frank Lampard,1978-06-20,3163,England,England,Central Midfield,https://raw.githubusercontent.com/Samoilov2004/premier_league_dataset/main/dataset/DATA_JSON/Season_1996/West_Ham_United_379_1996.json
West Ham United,Robbie Slater,1964-11-22,133804,Australia | England,Australia,Central Midfield,https://raw.githubusercontent.com/Samoilov2004/premier_league_dataset/main/dataset/DATA_JSON/Season_1996/West_Ham_United_379_1996.json
West Ham United,Scott Mean,1973-12-13,107816,England,England,Central Midfield,https://raw.githubusercontent.com/Samoilov2004/premier_league_dataset/main/dataset/DATA_JSON/Season_1996/West_Ham_United_379_1996.json
West Ham United,Stan Lazaridis,1972-08-16,3747,Australia | Greece,Australia,Left Midfield,https://raw.githubusercontent.com/Samoilov2004/premier_league_dataset/main/dataset/DATA_JSON/Season_1996/West_Ham_United_379_1996.json
West Ham United,Lee Hodges,1978-02-03,807434,England,England,Left Midfield,https://raw.githubusercontent.com/Samoilov2004/premier_league_dataset/main/dataset/DATA_JSON/Season_1996/West_Ham_United_379_1996.json
West Ham United,Ilie Dumitrescu,1969-06-01,102020,Romania,Romania,Attacking Midfield,https://raw.githubusercontent.com/Samoilov2004/premier_league_dataset/main/dataset/DATA_JSON/Season_1996/West_Ham_United_379_1996.json
West Ham United,Michael Hughes,1971-02-08,14026,Northern Ireland,Northern Ireland,Attacking Midfield,https://raw.githubusercontent.com/Samoilov2004/premier_league_dataset/main/dataset/DATA_JSON/Season_1996/West_Ham_United_379_1996.json
West Ham United,Futre,1966-02-28,27705,Portugal,Portugal,Left Winger,https://raw.githubusercontent.com/Samoilov2004/premier_league_dataset/main/dataset/DATA_JSON/Season_1996/West_Ham_United_379_1996.json
West Ham United,Porfírio,1973-09-28,17187,Portugal,Portugal,Left Winger,https://raw.githubusercontent.com/Samoilov2004/premier_league_dataset/main/dataset/DATA_JSON/Season_1996/West_Ham_United_379_1996.json
West Ham United,Florin Răducioiu,1970-03-17,16167,Romania | Spain,Romania,Centre-Forward,https://raw.githubusercontent.com/Samoilov2004/premier_league_dataset/main/dataset/DATA_JSON/Season_1996/West_Ham_United_379_1996.json
West Ham United,Tony Cottee,1965-11-07,107792,England,England,Centre-Forward,https://raw.githubusercontent.com/Samoilov2004/premier_league_dataset/main/dataset/DATA_JSON/Season_1996/West_Ham_United_379_1996.json
West Ham United,Paul Kitson,1971-09-01,107813,England,England,Centre-Forward,https://raw.githubusercontent.com/Samoilov2004/premier_league_dataset/main/dataset/DATA_JSON/Season_1996/West_Ham_United_379_1996.json
West Ham United,John Hartson,1975-05-04,3094,Wales,Wales,Centre-Forward,https://raw.githubusercontent.com/Samoilov2004/premier_league_dataset/main/dataset/DATA_JSON/Season_1996/West_Ham_United_379_1996.json
West Ham United,Iain Dowie,1965-09-01,149507,Northern Ireland | England,Northern Ireland,Centre-Forward,https://raw.githubusercontent.com/Samoilov2004/premier_league_dataset/main/dataset/DATA_JSON/Season_1996/West_Ham_United_379_1996.json
West Ham United,Mike Newell,1965-01-27,170398,England,England,Centre-Forward,https://raw.githubusercontent.com/Samoilov2004/premier_league_dataset/main/dataset/DATA_JSON/Season_1996/West_Ham_United_379_1996.json
West Ham United,Steve Jones,1970-03-17,197276,England,England,Centre-Forward,https://raw.githubusercontent.com/Samoilov2004/premier_league_dataset/main/dataset/DATA_JSON/Season_1996/West_Ham_United_379_1996.json
West Ham United,Lee Boylan,1978-02-09,66498,England | Ireland,England,Centre-Forward,https://raw.githubusercontent.com/Samoilov2004/premier_league_dataset/main/dataset/DATA_JSON/Season_1996/West_Ham_United_379_1996.json
Wimbledon (- 2004),Paul Heald,1968-09-20,13790,England,England,Goalkeeper,https://raw.githubusercontent.com/Samoilov2004/premier_league_dataset/main/dataset/DATA_JSON/Season_1996/Wimbledon_FC_(-_2004)_114309_1996.json
Wimbledon (- 2004),Neil Sullivan,1970-02-24,4045,Scotland | England,Scotland,Goalkeeper,https://raw.githubusercontent.com/Samoilov2004/premier_league_dataset/main/dataset/DATA_JSON/Season_1996/Wimbledon_FC_(-_2004)_114309_1996.json
Wimbledon (- 2004),Brendan Murphy,1975-08-19,103857,Ireland,Ireland,Goalkeeper,https://raw.githubusercontent.com/Samoilov2004/premier_league_dataset/main/dataset/DATA_JSON/Season_1996/Wimbledon_FC_(-_2004)_114309_1996.json
Wimbledon (- 2004),Alan Reeves,1967-11-19,222303,England,England,Centre-Back,https://raw.githubusercontent.com/Samoilov2004/premier_league_dataset/main/dataset/DATA_JSON/Season_1996/Wimbledon_FC_(-_2004)_114309_1996.json
Wimbledon (- 2004),Kenny Cunningham,1971-06-28,3937,Ireland,Ireland,Centre-Back,https://raw.githubusercontent.com/Samoilov2004/premier_league_dataset/main/dataset/DATA_JSON/Season_1996/Wimbledon_FC_(-_2004)_114309_1996.json
Wimbledon (- 2004),Dean Blackwell,1969-05-12,109501,England,England,Centre-Back,https://raw.githubusercontent.com/Samoilov2004/premier_league_dataset/main/dataset/DATA_JSON/Season_1996/Wimbledon_FC_(-_2004)_114309_1996.json
Wimbledon (- 2004),Chris Perry,1973-04-26,4051,England,England,Centre-Back,https://raw.githubusercontent.com/Samoilov2004/premier_league_dataset/main/dataset/DATA_JSON/Season_1996/Wimbledon_FC_(-_2004)_114309_1996.json
Wimbledon (- 2004),Alan Kimble,1966-06-08,109508,England,England,Left-Back,https://raw.githubusercontent.com/Samoilov2004/premier_league_dataset/main/dataset/DATA_JSON/Season_1996/Wimbledon_FC_(-_2004)_114309_1996.json
Wimbledon (- 2004),Ben Thatcher,1975-11-30,3304,Wales | England,Wales,Left-Back,https://raw.githubusercontent.com/Samoilov2004/premier_league_dataset/main/dataset/DATA_JSON/Season_1996/Wimbledon_FC_(-_2004)_114309_1996.json
Wimbledon (- 2004),Duncan Jupp,1975-01-25,39702,Scotland,Scotland,Right-Back,https://raw.githubusercontent.com/Samoilov2004/premier_league_dataset/main/dataset/DATA_JSON/Season_1996/Wimbledon_FC_(-_2004)_114309_1996.json
Wimbledon (- 2004),Brian McAllister,1970-11-30,109510,Scotland,Scotland,Right-Back,https://raw.githubusercontent.com/Samoilov2004/premier_league_dataset/main/dataset/DATA_JSON/Season_1996/Wimbledon_FC_(-_2004)_114309_1996.json
Wimbledon (- 2004),Vinnie Jones,1965-05-01,136042,Wales | England,Wales,Defensive Midfield,https://raw.githubusercontent.com/Samoilov2004/premier_league_dataset/main/dataset/DATA_JSON/Season_1996/Wimbledon_FC_(-_2004)_114309_1996.json
Wimbledon (- 2004),Øyvind Leonhardsen,1970-08-17,4071,Norway,Norway,Central Midfield,https://raw.githubusercontent.com/Samoilov2004/premier_league_dataset/main/dataset/DATA_JSON/Season_1996/Wimbledon_FC_(-_2004)_114309_1996.json
Wimbledon (- 2004),Stewart Castledine,1973-01-22,109502,England,England,Central Midfield,https://raw.githubusercontent.com/Samoilov2004/premier_league_dataset/main/dataset/DATA_JSON/Season_1996/Wimbledon_FC_(-_2004)_114309_1996.json
Wimbledon (- 2004),Peter Fear,1973-10-09,109505,England,England,Central Midfield,https://raw.githubusercontent.com/Samoilov2004/premier_league_dataset/main/dataset/DATA_JSON/Season_1996/Wimbledon_FC_(-_2004)_114309_1996.json
Wimbledon (- 2004),Neal Ardley,1972-01-09,13985,England,England,Right Midfield,https://raw.githubusercontent.com/Samoilov2004/premier_league_dataset/main/dataset/DATA_JSON/Season_1996/Wimbledon_FC_(-_2004)_114309_1996.json
Wimbledon (- 2004),Robbie Earle,1965-01-27,109504,Jamaica | England,Jamaica,Attacking Midfield,https://raw.githubusercontent.com/Samoilov2004/premier_league_dataset/main/dataset/DATA_JSON/Season_1996/Wimbledon_FC_(-_2004)_114309_1996.json
Wimbledon (- 2004),Jason Euell,1977-06-02,3092,Jamaica | England,Jamaica,Left Winger,https://raw.githubusercontent.com/Samoilov2004/premier_league_dataset/main/dataset/DATA_JSON/Season_1996/Wimbledon_FC_(-_2004)_114309_1996.json
Wimbledon (- 2004),Gary Blissett,1964-06-29,6778,England,England,Centre-Forward,https://raw.githubusercontent.com/Samoilov2004/premier_league_dataset/main/dataset/DATA_JSON/Season_1996/Wimbledon_FC_(-_2004)_114309_1996.json
Wimbledon (- 2004),Efan Ekoku,1967-08-06,102315,Nigeria | England,Nigeria,Centre-Forward,https://raw.githubusercontent.com/Samoilov2004/premier_league_dataset/main/dataset/DATA_JSON/Season_1996/Wimbledon_FC_(-_2004)_114309_1996.json
Wimbledon (- 2004),Dean Holdsworth,1968-08-11,13792,England,England,Centre-Forward,https://raw.githubusercontent.com/Samoilov2004/premier_league_dataset/main/dataset/DATA_JSON/Season_1996/Wimbledon_FC_(-_2004)_114309_1996.json
Wimbledon (- 2004),Marcus Gayle,1970-09-27,3135,Jamaica | England,Jamaica,Centre-Forward,https://raw.githubusercontent.com/Samoilov2004/premier_league_dataset/main/dataset/DATA_JSON/Season_1996/Wimbledon_FC_(-_2004)_114309_1996.json
Wimbledon (- 2004),Jon Goodman,1971-02-06,109506,Ireland | England,Ireland,Centre-Forward,https://raw.githubusercontent.com/Samoilov2004/premier_league_dataset/main/dataset/DATA_JSON/Season_1996/Wimbledon_FC_(-_2004)_114309_1996.json
Wimbledon (- 2004),Mick Harford,1959-12-02,176806,England,England,Centre-Forward,https://raw.githubusercontent.com/Samoilov2004/premier_league_dataset/main/dataset/DATA_JSON/Season_1996/Wimbledon_FC_(-_2004)_114309_1996.json
Wimbledon (- 2004),Andy Clarke,1967-07-22,109503,England,England,Centre-Forward,https://raw.githubusercontent.com/Samoilov2004/premier_league_dataset/main/dataset/DATA_JSON/Season_1996/Wimbledon_FC_(-_2004)_114309_1996.json
Wimbledon (- 2004),Carl Cort,1977-01-11,3093,Guyana | England,Guyana,Centre-Forward,https://raw.githubusercontent.com/Samoilov2004/premier_league_dataset/main/dataset/DATA_JSON/Season_1996/Wimbledon_FC_(-_2004)_114309_1996.json
