Player,Club,Price,Mins,Starts,A,CS,GC,Y,R,Saves,Bonus,Pts,Mins/Save,Mins/Pts,Pts/Price,ffs_2008_09_category,source_url,outside_pl_2007_08_flag,carrier_player_name,carrier_status,G,name_norm,launch_match_status,launch_match_method,launch_position,launch_player,launch_team,points_2006_07,start_price_m,launch_source_url,expected_later_addition
Fabianski,ARS,5.0,248,3.0,0,1.0,2.0,0.0,0,8.0,0,15,31.0,16.53,3.0,GK,https://www.fantasyfootballscout.co.uk/fantasy-premier-league-goalkeepers,False,Fabianski,CLEAN_POSITIVE_MINUTES,,fabianski,MATCHED,EXACT_DISPLAY_NAME,GK,Fabianski,Arsenal,0.0,5.0,https://web.archive.org/web/20070810212948id_/http://fantasy.premierleague.com/playerlist.html,False
Almunia,ARS,6.0,2610,29.0,1,11.0,24.0,0.0,0,71.0,0,117,36.76,22.31,19.5,GK,https://www.fantasyfootballscout.co.uk/fantasy-premier-league-goalkeepers,False,Almunia,CLEAN_POSITIVE_MINUTES,,almunia,MATCHED,EXACT_DISPLAY_NAME,GK,Almunia,Arsenal,6.0,5.0,https://web.archive.org/web/20070810212948id_/http://fantasy.premierleague.com/playerlist.html,False
Friedel,AVL,5.5,3420,38.0,0,8.0,48.0,0.0,0,124.0,12,149,27.58,22.95,27.09,GK,https://www.fantasyfootballscout.co.uk/fantasy-premier-league-goalkeepers,False,Friedel,CLEAN_POSITIVE_MINUTES,,friedel,MATCHED,EXACT_DISPLAY_NAME,GK,Friedel,Blackburn,162.0,5.5,https://web.archive.org/web/20070810212948id_/http://fantasy.premierleague.com/playerlist.html,False
Taylor,AVL,4.5,294,3.0,0,0.0,6.0,0.0,0,11.0,0,12,26.73,24.5,2.67,GK,https://www.fantasyfootballscout.co.uk/fantasy-premier-league-goalkeepers,False,Taylor,CLEAN_POSITIVE_MINUTES,,taylor,MATCHED,EXACT_DISPLAY_NAME+TEAM_TIEBREAK,GK,Taylor,Aston Villa,12.0,4.0,https://web.archive.org/web/20070810212948id_/http://fantasy.premierleague.com/playerlist.html,False
Robinson,BLA,5.0,2250,25.0,0,5.0,47.0,0.0,0,64.0,0,63,35.16,35.71,12.6,GK,https://www.fantasyfootballscout.co.uk/fantasy-premier-league-goalkeepers,False,Robinson,CLEAN_POSITIVE_MINUTES,,robinson,MATCHED,EXACT_DISPLAY_NAME,GK,Robinson,Tottenham,117.0,5.0,https://web.archive.org/web/20070810212948id_/http://fantasy.premierleague.com/playerlist.html,False
Al-Habsi,BOL,4.0,900,10.0,0,4.0,12.0,0.0,0,41.0,3,44,21.95,20.45,11.0,GK,https://www.fantasyfootballscout.co.uk/fantasy-premier-league-goalkeepers,False,Al-Habsi,CLEAN_POSITIVE_MINUTES,,alhabsi,MATCHED,EXACT_DISPLAY_NAME,GK,Al-Habsi,Bolton,0.0,4.0,https://web.archive.org/web/20070810212948id_/http://fantasy.premierleague.com/playerlist.html,False
Jaaskelainen,BOL,4.5,2520,28.0,1,8.0,42.0,1.0,0,80.0,0,90,31.5,28.0,20.0,GK,https://www.fantasyfootballscout.co.uk/fantasy-premier-league-goalkeepers,False,Jaaskelainen,CLEAN_POSITIVE_MINUTES,,jaaskelainen,MATCHED,EXACT_DISPLAY_NAME,GK,Jaaskelainen,Bolton,146.0,5.0,https://web.archive.org/web/20070810212948id_/http://fantasy.premierleague.com/playerlist.html,False
Cudicini,CHE,5.0,900,10.0,0,6.0,7.0,0.0,0,23.0,0,46,39.13,19.57,9.2,GK,https://www.fantasyfootballscout.co.uk/fantasy-premier-league-goalkeepers,False,Cudicini,CLEAN_POSITIVE_MINUTES,,cudicini,MATCHED,EXACT_DISPLAY_NAME,GK,Cudicini,Chelsea,40.0,5.5,https://web.archive.org/web/20070810212948id_/http://fantasy.premierleague.com/playerlist.html,False
Cech,CHE,6.0,2313,26.0,0,14.0,17.0,0.0,0,60.0,2,120,38.55,19.28,20.0,GK,https://www.fantasyfootballscout.co.uk/fantasy-premier-league-goalkeepers,False,Cech,CLEAN_POSITIVE_MINUTES,,cech,MATCHED,EXACT_DISPLAY_NAME,GK,Cech,Chelsea,98.0,6.5,https://web.archive.org/web/20070810212948id_/http://fantasy.premierleague.com/playerlist.html,False
Hilario,CHE,4.5,207,2.0,0,0.0,2.0,0.0,0,3.0,0,5,69.0,41.4,1.11,GK,https://www.fantasyfootballscout.co.uk/fantasy-premier-league-goalkeepers,False,Hilario,CLEAN_POSITIVE_MINUTES,,hilario,MATCHED,EXACT_DISPLAY_NAME,GK,Hilario,Chelsea,40.0,5.0,https://web.archive.org/web/20070810212948id_/http://fantasy.premierleague.com/playerlist.html,False
Howard,EVE,5.5,3240,36.0,1,14.0,30.0,1.0,0,95.0,0,147,34.11,22.04,26.73,GK,https://www.fantasyfootballscout.co.uk/fantasy-premier-league-goalkeepers,False,Howard,CLEAN_POSITIVE_MINUTES,,howard,MATCHED,EXACT_DISPLAY_NAME+TEAM_TIEBREAK,GK,Howard,Everton,164.0,5.0,https://web.archive.org/web/20070810212948id_/http://fantasy.premierleague.com/playerlist.html,False
Schwarzer,FUL,4.0,3060,34.0,0,8.0,47.0,2.0,0,97.0,3,106,31.55,28.87,26.5,GK,https://www.fantasyfootballscout.co.uk/fantasy-premier-league-goalkeepers,False,Schwarzer,CLEAN_POSITIVE_MINUTES,,schwarzer,MATCHED,EXACT_DISPLAY_NAME,GK,Schwarzer,Middlesbrough,115.0,4.5,https://web.archive.org/web/20070810212948id_/http://fantasy.premierleague.com/playerlist.html,False
Niemi,FUL,4.0,1980,22.0,0,2.0,39.0,0.0,0,89.0,2,64,22.25,30.94,16.0,GK,https://www.fantasyfootballscout.co.uk/fantasy-premier-league-goalkeepers,False,Niemi,CLEAN_POSITIVE_MINUTES,,niemi,MATCHED,EXACT_DISPLAY_NAME,GK,Niemi,Fulham,102.0,4.0,https://web.archive.org/web/20070810212948id_/http://fantasy.premierleague.com/playerlist.html,False
Warner,HUL,4.0,270,3.0,0,0.0,5.0,0.0,0,15.0,0,7,18.0,38.57,1.75,GK,https://www.fantasyfootballscout.co.uk/fantasy-premier-league-goalkeepers,False,Warner,CLEAN_POSITIVE_MINUTES,,warner,MATCHED,EXACT_DISPLAY_NAME,GK,Warner,Fulham,0.0,4.0,https://web.archive.org/web/20070810212948id_/http://fantasy.premierleague.com/playerlist.html,False
Reina,LIV,6.0,3420,38.0,1,18.0,28.0,2.0,0,66.0,3,159,51.82,21.51,26.5,GK,https://www.fantasyfootballscout.co.uk/fantasy-premier-league-goalkeepers,False,Reina,CLEAN_POSITIVE_MINUTES,,reina,MATCHED,EXACT_DISPLAY_NAME,GK,Reina,Liverpool,150.0,6.5,https://web.archive.org/web/20070810212948id_/http://fantasy.premierleague.com/playerlist.html,False
Hart,MCY,5.0,2340,26.0,0,7.0,34.0,0.0,0,104.0,3,103,22.5,22.72,20.6,GK,https://www.fantasyfootballscout.co.uk/fantasy-premier-league-goalkeepers,False,Hart,CLEAN_POSITIVE_MINUTES,,hart,MATCHED,EXACT_DISPLAY_NAME,GK,Hart,Man. City,7.0,4.0,https://web.archive.org/web/20070810212948id_/http://fantasy.premierleague.com/playerlist.html,False
Schmeichel,MCY,4.0,630,7.0,0,4.0,5.0,0.0,0,24.0,2,41,26.25,15.37,10.25,GK,https://www.fantasyfootballscout.co.uk/fantasy-premier-league-goalkeepers,False,Schmeichel,CLEAN_POSITIVE_MINUTES,,schmeichel,MATCHED,EXACT_DISPLAY_NAME,GK,Schmeichel,Man. City,0.0,4.0,https://web.archive.org/web/20070810212948id_/http://fantasy.premierleague.com/playerlist.html,False
Jones,MID,4.0,90,1.0,0,0.0,3.0,0.0,0,1.0,0,1,90.0,90.0,0.25,GK,https://www.fantasyfootballscout.co.uk/fantasy-premier-league-goalkeepers,False,Jones,CLEAN_POSITIVE_MINUTES,,jones,MATCHED,EXACT_DISPLAY_NAME+TEAM_TIEBREAK,GK,Jones,Middlesbrough,10.0,4.0,https://web.archive.org/web/20070810212948id_/http://fantasy.premierleague.com/playerlist.html,False
Turnbull,MID,4.0,270,3.0,0,0.0,3.0,0.0,0,11.0,0,9,24.55,30.0,2.25,GK,https://www.fantasyfootballscout.co.uk/fantasy-premier-league-goalkeepers,False,Turnbull,CLEAN_POSITIVE_MINUTES,,turnbull,UNMATCHED,NO_LAUNCH_ROW,,,,,,,False
Van der Sar,MUN,6.0,2565,29.0,1,14.0,18.0,2.0,0,77.0,0,126,33.31,20.36,21.0,GK,https://www.fantasyfootballscout.co.uk/fantasy-premier-league-goalkeepers,False,Van der Sar,CLEAN_POSITIVE_MINUTES,,vandersar,MATCHED,EXACT_DISPLAY_NAME,GK,Van der Sar,Man. United,130.0,6.0,https://web.archive.org/web/20070810212948id_/http://fantasy.premierleague.com/playerlist.html,False
Kuszczak,MUN,5.0,765,9.0,0,5.0,4.0,0.0,0,23.0,0,40,33.26,19.13,8.0,GK,https://www.fantasyfootballscout.co.uk/fantasy-premier-league-goalkeepers,False,Kuszczak,CLEAN_POSITIVE_MINUTES,,kuszczak,MATCHED,EXACT_DISPLAY_NAME,GK,Kuszczak,Man. United,35.0,4.5,https://web.archive.org/web/20070810212948id_/http://fantasy.premierleague.com/playerlist.html,False
Foster,MUN,5.0,90,1.0,0,1.0,0.0,0.0,0,5.0,0,7,18.0,12.86,1.4,GK,https://www.fantasyfootballscout.co.uk/fantasy-premier-league-goalkeepers,False,Foster,CLEAN_POSITIVE_MINUTES,,foster,MATCHED,EXACT_DISPLAY_NAME,GK,Foster,Man. United,109.0,5.0,https://web.archive.org/web/20070810212948id_/http://fantasy.premierleague.com/playerlist.html,False
Given,NEW,5.0,1628,19.0,0,2.0,37.0,2.0,0,54.0,0,39,30.15,41.74,7.8,GK,https://www.fantasyfootballscout.co.uk/fantasy-premier-league-goalkeepers,False,Given,CLEAN_POSITIVE_MINUTES,,given,MATCHED,EXACT_DISPLAY_NAME,GK,Given,Newcastle,64.0,5.0,https://web.archive.org/web/20070810212948id_/http://fantasy.premierleague.com/playerlist.html,False
Harper,NEW,4.5,1792,20.0,0,6.0,28.0,0.0,0,75.0,0,73,23.89,24.55,16.22,GK,https://www.fantasyfootballscout.co.uk/fantasy-premier-league-goalkeepers,False,Harper,CLEAN_POSITIVE_MINUTES,,harper,MATCHED,EXACT_DISPLAY_NAME+TEAM_TIEBREAK,GK,Harper,Newcastle,56.0,4.5,https://web.archive.org/web/20070810212948id_/http://fantasy.premierleague.com/playerlist.html,False
Ashdown,POR,4.5,270,3.0,0,0.0,4.0,0.0,0,10.0,0,7,27.0,38.57,1.56,GK,https://www.fantasyfootballscout.co.uk/fantasy-premier-league-goalkeepers,False,Ashdown,CLEAN_POSITIVE_MINUTES,,ashdown,MATCHED,EXACT_DISPLAY_NAME,GK,Ashdown,Portsmouth,0.0,4.0,https://web.archive.org/web/20070810212948id_/http://fantasy.premierleague.com/playerlist.html,False
James,POR,6.0,3150,35.0,0,16.0,36.0,2.0,0,124.0,5,167,25.4,18.86,27.83,GK,https://www.fantasyfootballscout.co.uk/fantasy-premier-league-goalkeepers,False,James,CLEAN_POSITIVE_MINUTES,,james,MATCHED,EXACT_DISPLAY_NAME,GK,James,Portsmouth,173.0,5.0,https://web.archive.org/web/20070810212948id_/http://fantasy.premierleague.com/playerlist.html,False
Ward,SUN,4.0,270,3.0,0,1.0,3.0,0.0,0,8.0,0,10,33.75,27.0,2.5,GK,https://www.fantasyfootballscout.co.uk/fantasy-premier-league-goalkeepers,False,Ward,CLEAN_POSITIVE_MINUTES,,ward,MATCHED,EXACT_DISPLAY_NAME,GK,Ward,Sunderland,0.0,4.0,https://web.archive.org/web/20070810212948id_/http://fantasy.premierleague.com/playerlist.html,False
Gordon,SUN,4.5,3060,34.0,0,6.0,55.0,1.0,0,99.0,6,100,30.91,30.6,22.22,GK,https://www.fantasyfootballscout.co.uk/fantasy-premier-league-goalkeepers,False,Gordon,CLEAN_POSITIVE_MINUTES,,gordon,MATCHED,EXACT_DISPLAY_NAME,GK,Gordon,Sunderland,0.0,4.0,https://web.archive.org/web/20070810212948id_/http://fantasy.premierleague.com/playerlist.html,False
Fulop,SUN,4.0,90,1.0,0,0.0,1.0,0.0,0,4.0,0,3,22.5,30.0,0.75,GK,https://www.fantasyfootballscout.co.uk/fantasy-premier-league-goalkeepers,False,Fulop,CLEAN_POSITIVE_MINUTES,,fulop,MATCHED,EXACT_DISPLAY_NAME,GK,Fulop,Sunderland,0.0,4.0,https://web.archive.org/web/20070810212948id_/http://fantasy.premierleague.com/playerlist.html,False
Carson,WBA,5.0,3125,35.0,2,9.0,46.0,1.0,1,82.0,1,113,38.11,27.65,22.6,GK,https://www.fantasyfootballscout.co.uk/fantasy-premier-league-goalkeepers,False,Carson,CLEAN_POSITIVE_MINUTES,,carson,MATCHED,EXACT_DISPLAY_NAME,GK,Carson,Aston Villa,139.0,5.5,https://web.archive.org/web/20070810212948id_/http://fantasy.premierleague.com/playerlist.html,False
Green,WHM,5.0,3420,38.0,0,8.0,50.0,2.0,0,111.0,12,144,30.81,23.75,28.8,GK,https://www.fantasyfootballscout.co.uk/fantasy-premier-league-goalkeepers,False,Green,CLEAN_POSITIVE_MINUTES,,green,MATCHED,EXACT_DISPLAY_NAME,GK,Green,West Ham,99.0,4.5,https://web.archive.org/web/20070810212948id_/http://fantasy.premierleague.com/playerlist.html,False
Pollitt,WIG,4.0,90,1.0,0,0.0,2.0,0.0,0,1.0,0,1,90.0,90.0,0.25,GK,https://www.fantasyfootballscout.co.uk/fantasy-premier-league-goalkeepers,False,Pollitt,CLEAN_POSITIVE_MINUTES,,pollitt,MATCHED,EXACT_DISPLAY_NAME,GK,Pollitt,Wigan,6.0,4.0,https://web.archive.org/web/20070810212948id_/http://fantasy.premierleague.com/playerlist.html,False
Kirkland,WIG,4.5,3330,37.0,0,12.0,49.0,0.0,0,96.0,4,132,34.69,25.23,29.33,GK,https://www.fantasyfootballscout.co.uk/fantasy-premier-league-goalkeepers,False,Kirkland,CLEAN_POSITIVE_MINUTES,,kirkland,MATCHED,EXACT_DISPLAY_NAME,GK,Kirkland,Wigan,95.0,4.0,https://web.archive.org/web/20070810212948id_/http://fantasy.premierleague.com/playerlist.html,False
Sagna,ARS,6.5,2458,28.0,4,10.0,21.0,3.0,0,,3,115,,21.37,17.69,DEF,https://www.fantasyfootballscout.co.uk/fantasy-premier-league-defenders,False,Sagna,CLEAN_POSITIVE_MINUTES,1.0,sagna,MATCHED,EXACT_DISPLAY_NAME,DEF,Sagna,Arsenal,0.0,6.0,https://web.archive.org/web/20070810212948id_/http://fantasy.premierleague.com/playerlist.html,False
Senderos,ARS,5.0,1246,15.0,0,7.0,11.0,0.0,1,,1,65,,19.17,13.0,DEF,https://www.fantasyfootballscout.co.uk/fantasy-premier-league-defenders,False,Senderos,CLEAN_POSITIVE_MINUTES,2.0,senderos,MATCHED,EXACT_DISPLAY_NAME,DEF,Senderos,Arsenal,25.0,5.5,https://web.archive.org/web/20070810212948id_/http://fantasy.premierleague.com/playerlist.html,False
Clichy,ARS,6.5,3330,37.0,5,15.0,30.0,5.0,0,,9,146,,22.81,22.46,DEF,https://www.fantasyfootballscout.co.uk/fantasy-premier-league-defenders,False,Clichy,CLEAN_POSITIVE_MINUTES,0.0,clichy,MATCHED,EXACT_DISPLAY_NAME,DEF,Clichy,Arsenal,80.0,6.0,https://web.archive.org/web/20070810212948id_/http://fantasy.premierleague.com/playerlist.html,False
Toure,ARS,6.5,2565,29.0,3,8.0,26.0,3.0,0,,10,115,,22.3,17.69,DEF,https://www.fantasyfootballscout.co.uk/fantasy-premier-league-defenders,False,Toure,CLEAN_POSITIVE_MINUTES,2.0,toure,MATCHED,EXACT_DISPLAY_NAME,DEF,Toure,Arsenal,131.0,6.5,https://web.archive.org/web/20070810212948id_/http://fantasy.premierleague.com/playerlist.html,False
Gallas,ARS,6.5,2723,30.0,0,11.0,26.0,6.0,0,,4,120,,22.69,18.46,DEF,https://www.fantasyfootballscout.co.uk/fantasy-premier-league-defenders,False,Gallas,CLEAN_POSITIVE_MINUTES,4.0,gallas,MATCHED,EXACT_DISPLAY_NAME,DEF,Gallas,Arsenal,83.0,6.5,https://web.archive.org/web/20070810212948id_/http://fantasy.premierleague.com/playerlist.html,False
Djourou,ARS,5.0,1258,14.0,0,3.0,23.0,0.0,0,,1,33,,38.12,6.6,DEF,https://www.fantasyfootballscout.co.uk/fantasy-premier-league-defenders,False,Djourou,CLEAN_POSITIVE_MINUTES,0.0,djourou,MATCHED,EXACT_DISPLAY_NAME,DEF,Djourou,Birmingham,66.0,5.0,https://web.archive.org/web/20070810212948id_/http://fantasy.premierleague.com/playerlist.html,False
Traore,ARS,4.5,102,1.0,1,0.0,1.0,0.0,0,,0,7,,14.57,1.56,DEF,https://www.fantasyfootballscout.co.uk/fantasy-premier-league-defenders,False,Traore,CLEAN_POSITIVE_MINUTES,0.0,traore,MATCHED,EXACT_DISPLAY_NAME,DEF,Traore,Portsmouth,38.0,4.5,https://web.archive.org/web/20070810212948id_/http://fantasy.premierleague.com/playerlist.html,False
Hoyte,ARS,4.5,155,2.0,0,1.0,1.0,1.0,0,,0,9,,17.22,2.0,DEF,https://www.fantasyfootballscout.co.uk/fantasy-premier-league-defenders,False,Hoyte,CLEAN_POSITIVE_MINUTES,0.0,hoyte,MATCHED,EXACT_DISPLAY_NAME,DEF,Hoyte,Arsenal,70.0,5.0,https://web.archive.org/web/20070810212948id_/http://fantasy.premierleague.com/playerlist.html,False
Bouma,AVL,5.0,3261,38.0,1,9.0,48.0,5.0,0,,3,103,,31.66,20.6,DEF,https://www.fantasyfootballscout.co.uk/fantasy-premier-league-defenders,False,Bouma,CLEAN_POSITIVE_MINUTES,1.0,bouma,MATCHED,EXACT_DISPLAY_NAME,DEF,Bouma,Aston Villa,85.0,4.5,https://web.archive.org/web/20070810212948id_/http://fantasy.premierleague.com/playerlist.html,False
Knight,AVL,5.0,2519,29.0,1,8.0,37.0,1.0,1,,1,84,,29.99,16.8,DEF,https://www.fantasyfootballscout.co.uk/fantasy-premier-league-defenders,False,Knight,CLEAN_POSITIVE_MINUTES,1.0,knight,MATCHED,EXACT_DISPLAY_NAME,DEF,Knight,Fulham,63.0,4.5,https://web.archive.org/web/20070810212948id_/http://fantasy.premierleague.com/playerlist.html,False
Laursen,AVL,6.0,3368,38.0,2,9.0,50.0,1.0,0,,27,163,,20.66,27.17,DEF,https://www.fantasyfootballscout.co.uk/fantasy-premier-league-defenders,False,Laursen,CLEAN_POSITIVE_MINUTES,6.0,laursen,MATCHED,EXACT_DISPLAY_NAME,DEF,Laursen,Aston Villa,53.0,4.5,https://web.archive.org/web/20070810212948id_/http://fantasy.premierleague.com/playerlist.html,False
Davies,AVL,5.0,814,9.0,0,0.0,13.0,1.0,0,,3,25,,32.56,5.0,DEF,https://www.fantasyfootballscout.co.uk/fantasy-premier-league-defenders,False,Davies,CLEAN_POSITIVE_MINUTES,1.0,davies,MATCHED,EXACT_DISPLAY_NAME+CATEGORY_TIEBREAK,DEF,Davies,Middlesbrough,57.0,4.5,https://web.archive.org/web/20070810212948id_/http://fantasy.premierleague.com/playerlist.html,False
Khizanishvili,BLA,4.5,955,11.0,0,3.0,12.0,2.0,0,,1,30,,31.83,6.67,DEF,https://www.fantasyfootballscout.co.uk/fantasy-premier-league-defenders,False,Khizanishvili,CLEAN_POSITIVE_MINUTES,0.0,khizanishvili,MATCHED,EXACT_DISPLAY_NAME,DEF,Khizanishvili,Blackburn,39.0,5.0,https://web.archive.org/web/20070810212948id_/http://fantasy.premierleague.com/playerlist.html,False
Emerton,BLA,5.5,2752,32.0,1,6.0,41.0,2.0,1,,0,82,,33.56,14.91,DEF,https://www.fantasyfootballscout.co.uk/fantasy-premier-league-defenders,False,Emerton,CLEAN_POSITIVE_MINUTES,1.0,emerton,MATCHED,EXACT_DISPLAY_NAME,DEF,Emerton,Blackburn,82.0,5.5,https://web.archive.org/web/20070810212948id_/http://fantasy.premierleague.com/playerlist.html,False
Warnock,BLA,5.5,3283,37.0,3,8.0,42.0,8.0,0,,1,103,,31.87,18.73,DEF,https://www.fantasyfootballscout.co.uk/fantasy-premier-league-defenders,False,Warnock,CLEAN_POSITIVE_MINUTES,1.0,warnock,MATCHED,EXACT_DISPLAY_NAME,DEF,Warnock,Blackburn,36.0,5.5,https://web.archive.org/web/20070810212948id_/http://fantasy.premierleague.com/playerlist.html,False
Samba,BLA,5.5,2891,32.0,1,6.0,44.0,10.0,1,,11,90,,32.12,16.36,DEF,https://www.fantasyfootballscout.co.uk/fantasy-premier-league-defenders,False,Samba,CLEAN_POSITIVE_MINUTES,2.0,samba,MATCHED,EXACT_DISPLAY_NAME,DEF,Samba,Blackburn,41.0,5.5,https://web.archive.org/web/20070810212948id_/http://fantasy.premierleague.com/playerlist.html,False
Ooijer,BLA,5.0,2026,23.0,0,4.0,25.0,2.0,0,,1,59,,34.34,11.8,DEF,https://www.fantasyfootballscout.co.uk/fantasy-premier-league-defenders,False,Ooijer,CLEAN_POSITIVE_MINUTES,0.0,ooijer,MATCHED,EXACT_DISPLAY_NAME,DEF,Ooijer,Blackburn,46.0,5.0,https://web.archive.org/web/20070810212948id_/http://fantasy.premierleague.com/playerlist.html,False
Nelsen,BLA,5.0,1934,22.0,0,6.0,31.0,3.0,2,,4,52,,37.19,10.4,DEF,https://www.fantasyfootballscout.co.uk/fantasy-premier-league-defenders,False,Nelsen,CLEAN_POSITIVE_MINUTES,0.0,nelsen,MATCHED,EXACT_DISPLAY_NAME,DEF,Nelsen,Blackburn,24.0,5.0,https://web.archive.org/web/20070810212948id_/http://fantasy.premierleague.com/playerlist.html,False
Samuel,BOL,4.5,1312,14.0,0,4.0,23.0,1.0,0,,0,40,,32.8,8.89,DEF,https://www.fantasyfootballscout.co.uk/fantasy-premier-league-defenders,False,Samuel,CLEAN_POSITIVE_MINUTES,0.0,samuel,MATCHED,EXACT_DISPLAY_NAME,DEF,Samuel,Bolton,4.0,4.5,https://web.archive.org/web/20070810212948id_/http://fantasy.premierleague.com/playerlist.html,False
Gardner,BOL,4.5,2223,25.0,0,7.0,34.0,2.0,0,,2,66,,33.68,14.67,DEF,https://www.fantasyfootballscout.co.uk/fantasy-premier-league-defenders,False,Gardner,CLEAN_POSITIVE_MINUTES,0.0,gardner,MATCHED,EXACT_DISPLAY_NAME+TEAM_TIEBREAK,DEF,Gardner,Bolton,23.0,5.0,https://web.archive.org/web/20070810212948id_/http://fantasy.premierleague.com/playerlist.html,False
Hunt,BOL,4.0,1096,13.0,0,3.0,16.0,6.0,0,,0,27,,40.59,6.75,DEF,https://www.fantasyfootballscout.co.uk/fantasy-premier-league-defenders,False,Hunt,CLEAN_POSITIVE_MINUTES,0.0,hunt,MATCHED,EXACT_DISPLAY_NAME+TEAM_TIEBREAK,DEF,Hunt,Bolton,91.0,5.0,https://web.archive.org/web/20070810212948id_/http://fantasy.premierleague.com/playerlist.html,False
O’Brien A,BOL,4.5,2821,32.0,0,11.0,37.0,5.0,0,,8,99,,28.49,22.0,DEF,https://www.fantasyfootballscout.co.uk/fantasy-premier-league-defenders,False,O’Brien A,CLEAN_POSITIVE_MINUTES,0.0,obriena,UNMATCHED,NO_LAUNCH_ROW,,,,,,,False
Meite,BOL,4.0,1800,21.0,0,5.0,31.0,1.0,0,,2,50,,36.0,12.5,DEF,https://www.fantasyfootballscout.co.uk/fantasy-premier-league-defenders,False,Meite,CLEAN_POSITIVE_MINUTES,0.0,meite,MATCHED,EXACT_DISPLAY_NAME,DEF,Meite,Bolton,101.0,5.0,https://web.archive.org/web/20070810212948id_/http://fantasy.premierleague.com/playerlist.html,False
Steinsson,BOL,4.5,1391,15.0,2,7.0,18.0,2.0,0,,1,58,,23.98,12.89,DEF,https://www.fantasyfootballscout.co.uk/fantasy-premier-league-defenders,False,Steinsson,CLEAN_POSITIVE_MINUTES,0.0,steinsson,UNMATCHED,NO_LAUNCH_ROW,,,,,,,False
Cahill,BOL,4.5,1193,14.0,1,5.0,19.0,0.0,0,,6,50,,23.86,11.11,DEF,https://www.fantasyfootballscout.co.uk/fantasy-premier-league-defenders,False,Cahill,CLEAN_POSITIVE_MINUTES,0.0,cahill,MATCHED,EXACT_DISPLAY_NAME+CATEGORY_TIEBREAK,DEF,Cahill,Aston Villa,51.0,4.5,https://web.archive.org/web/20070810212948id_/http://fantasy.premierleague.com/playerlist.html,False
Bridge,CHE,5.5,818,9.0,1,5.0,4.0,0.0,0,,0,43,,19.02,7.82,DEF,https://www.fantasyfootballscout.co.uk/fantasy-premier-league-defenders,False,Bridge,CLEAN_POSITIVE_MINUTES,0.0,bridge,MATCHED,EXACT_DISPLAY_NAME,DEF,Bridge,Chelsea,95.0,6.0,https://web.archive.org/web/20070810212948id_/http://fantasy.premierleague.com/playerlist.html,False
Carvalho,CHE,6.5,1745,19.0,0,13.0,14.0,6.0,1,,17,101,,17.28,15.54,DEF,https://www.fantasyfootballscout.co.uk/fantasy-premier-league-defenders,False,Carvalho,CLEAN_POSITIVE_MINUTES,1.0,carvalho,MATCHED,EXACT_DISPLAY_NAME,DEF,Carvalho,Chelsea,145.0,7.0,https://web.archive.org/web/20070810212948id_/http://fantasy.premierleague.com/playerlist.html,False
Terry,CHE,7.5,1895,21.0,1,12.0,13.0,6.0,0,,7,97,,19.54,12.93,DEF,https://www.fantasyfootballscout.co.uk/fantasy-premier-league-defenders,False,Terry,CLEAN_POSITIVE_MINUTES,1.0,terry,MATCHED,EXACT_DISPLAY_NAME,DEF,Terry,Chelsea,139.0,7.5,https://web.archive.org/web/20070810212948id_/http://fantasy.premierleague.com/playerlist.html,False
Ferreira,CHE,6.0,1292,15.0,1,8.0,14.0,1.0,0,,0,61,,21.18,10.17,DEF,https://www.fantasyfootballscout.co.uk/fantasy-premier-league-defenders,False,Ferreira,CLEAN_POSITIVE_MINUTES,0.0,ferreira,MATCHED,EXACT_DISPLAY_NAME,DEF,Ferreira,Chelsea,73.0,6.0,https://web.archive.org/web/20070810212948id_/http://fantasy.premierleague.com/playerlist.html,False
Alex,CHE,6.0,2071,23.0,2,13.0,15.0,4.0,0,,4,116,,17.85,19.33,DEF,https://www.fantasyfootballscout.co.uk/fantasy-premier-league-defenders,False,Alex,CLEAN_POSITIVE_MINUTES,2.0,alex,UNMATCHED,NO_LAUNCH_ROW,,,,,,,False
Belletti,CHE,6.0,1919,21.0,1,14.0,8.0,5.0,0,,3,112,,17.13,18.67,DEF,https://www.fantasyfootballscout.co.uk/fantasy-premier-league-defenders,False,Belletti,CLEAN_POSITIVE_MINUTES,2.0,belletti,UNMATCHED,NO_LAUNCH_ROW,,,,,,,False
Cole A,CHE,6.5,2413,27.0,1,14.0,22.0,4.0,1,,4,109,,22.14,16.77,DEF,https://www.fantasyfootballscout.co.uk/fantasy-premier-league-defenders,False,Cole A,CLEAN_POSITIVE_MINUTES,1.0,colea,MATCHED,EXACT_DISPLAY_NAME,DEF,Cole A,Chelsea,79.0,6.5,https://web.archive.org/web/20070810212948id_/http://fantasy.premierleague.com/playerlist.html,False
Hibbert,EVE,5.0,1926,23.0,1,5.0,24.0,3.0,1,,3,61,,31.57,12.2,DEF,https://www.fantasyfootballscout.co.uk/fantasy-premier-league-defenders,False,Hibbert,CLEAN_POSITIVE_MINUTES,0.0,hibbert,MATCHED,EXACT_DISPLAY_NAME,DEF,Hibbert,Everton,26.0,4.5,https://web.archive.org/web/20070810212948id_/http://fantasy.premierleague.com/playerlist.html,False
Neville,EVE,6.0,3238,37.0,2,13.0,32.0,4.0,1,,6,135,,23.99,22.5,DEF,https://www.fantasyfootballscout.co.uk/fantasy-premier-league-defenders,False,Neville,CLEAN_POSITIVE_MINUTES,2.0,neville,MATCHED,EXACT_DISPLAY_NAME+TEAM_TIEBREAK,DEF,Neville,Everton,108.0,5.5,https://web.archive.org/web/20070810212948id_/http://fantasy.premierleague.com/playerlist.html,False
Yobo,EVE,6.0,2609,29.0,2,9.0,29.0,0.0,0,,13,113,,23.09,18.83,DEF,https://www.fantasyfootballscout.co.uk/fantasy-premier-league-defenders,False,Yobo,CLEAN_POSITIVE_MINUTES,1.0,yobo,MATCHED,EXACT_DISPLAY_NAME,DEF,Yobo,Everton,139.0,5.5,https://web.archive.org/web/20070810212948id_/http://fantasy.premierleague.com/playerlist.html,False
Jagielka,EVE,6.0,2654,30.0,4,11.0,24.0,2.0,0,,7,128,,20.73,21.33,DEF,https://www.fantasyfootballscout.co.uk/fantasy-premier-league-defenders,False,Jagielka,CLEAN_POSITIVE_MINUTES,1.0,jagielka,MATCHED,EXACT_DISPLAY_NAME,DEF,Jagielka,Everton,121.0,5.5,https://web.archive.org/web/20070810212948id_/http://fantasy.premierleague.com/playerlist.html,False
Baines,EVE,5.0,1140,12.0,1,4.0,12.0,1.0,0,,7,56,,20.36,11.2,DEF,https://www.fantasyfootballscout.co.uk/fantasy-premier-league-defenders,False,Baines,CLEAN_POSITIVE_MINUTES,0.0,baines,MATCHED,EXACT_DISPLAY_NAME,DEF,Baines,Everton,95.0,4.5,https://web.archive.org/web/20070810212948id_/http://fantasy.premierleague.com/playerlist.html,False
Valente,EVE,4.5,721,8.0,1,4.0,4.0,1.0,0,,0,35,,20.6,7.78,DEF,https://www.fantasyfootballscout.co.uk/fantasy-premier-league-defenders,False,Valente,CLEAN_POSITIVE_MINUTES,0.0,valente,MATCHED,EXACT_DISPLAY_NAME,DEF,Valente,Everton,30.0,4.5,https://web.archive.org/web/20070810212948id_/http://fantasy.premierleague.com/playerlist.html,False
Lescott,EVE,7.0,3375,38.0,2,14.0,32.0,3.0,0,,21,196,,17.22,28.0,DEF,https://www.fantasyfootballscout.co.uk/fantasy-premier-league-defenders,False,Lescott,CLEAN_POSITIVE_MINUTES,8.0,lescott,MATCHED,EXACT_DISPLAY_NAME,DEF,Lescott,Everton,164.0,6.0,https://web.archive.org/web/20070810212948id_/http://fantasy.premierleague.com/playerlist.html,False
Hangeland,FUL,4.5,1350,15.0,0,5.0,18.0,1.0,0,,5,48,,28.13,10.67,DEF,https://www.fantasyfootballscout.co.uk/fantasy-premier-league-defenders,False,Hangeland,CLEAN_POSITIVE_MINUTES,0.0,hangeland,UNMATCHED,NO_LAUNCH_ROW,,,,,,,False
Stefanovic,FUL,4.0,1170,13.0,0,1.0,23.0,4.0,0,,5,23,,50.87,5.75,DEF,https://www.fantasyfootballscout.co.uk/fantasy-premier-league-defenders,False,Stefanovic,CLEAN_POSITIVE_MINUTES,0.0,stefanovic,MATCHED,EXACT_DISPLAY_NAME,DEF,Stefanovic,Portsmouth,65.0,4.5,https://web.archive.org/web/20070810212948id_/http://fantasy.premierleague.com/playerlist.html,False
Hughes,FUL,4.5,2660,30.0,0,7.0,44.0,0.0,0,,2,75,,35.47,16.67,DEF,https://www.fantasyfootballscout.co.uk/fantasy-premier-league-defenders,False,Hughes,CLEAN_POSITIVE_MINUTES,0.0,hughes,MATCHED,EXACT_DISPLAY_NAME+TEAM_TIEBREAK,DEF,Hughes,Fulham,43.0,4.0,https://web.archive.org/web/20070810212948id_/http://fantasy.premierleague.com/playerlist.html,False
Baird,FUL,4.0,1463,17.0,0,3.0,27.0,1.0,1,,1,33,,44.33,8.25,DEF,https://www.fantasyfootballscout.co.uk/fantasy-premier-league-defenders,False,Baird,CLEAN_POSITIVE_MINUTES,0.0,baird,MATCHED,EXACT_DISPLAY_NAME,DEF,Baird,Fulham,0.0,4.5,https://web.archive.org/web/20070810212948id_/http://fantasy.premierleague.com/playerlist.html,False
Konchesky,FUL,4.5,2925,32.0,2,6.0,52.0,5.0,1,,4,72,,40.63,16.0,DEF,https://www.fantasyfootballscout.co.uk/fantasy-premier-league-defenders,False,Konchesky,CLEAN_POSITIVE_MINUTES,0.0,konchesky,MATCHED,EXACT_DISPLAY_NAME,DEF,Konchesky,Fulham,41.0,4.5,https://web.archive.org/web/20070810212948id_/http://fantasy.premierleague.com/playerlist.html,False
Omozusi,FUL,4.0,689,8.0,0,0.0,11.0,1.0,1,,0,8,,86.13,2.0,DEF,https://www.fantasyfootballscout.co.uk/fantasy-premier-league-defenders,False,Omozusi,CLEAN_POSITIVE_MINUTES,0.0,omozusi,UNMATCHED,NO_LAUNCH_ROW,,,,,,,False
Paintsil,FUL,4.0,683,7.0,0,1.0,14.0,5.0,0,,0,14,,48.79,3.5,DEF,https://www.fantasyfootballscout.co.uk/fantasy-premier-league-defenders,False,Paintsil,CLEAN_POSITIVE_MINUTES,0.0,paintsil,MATCHED,EXACT_DISPLAY_NAME,DEF,Paintsil,West Ham,5.0,4.0,https://web.archive.org/web/20070810212948id_/http://fantasy.premierleague.com/playerlist.html,False
Volz,FUL,4.5,485,5.0,1,0.0,15.0,1.0,1,,0,12,,40.42,2.67,DEF,https://www.fantasyfootballscout.co.uk/fantasy-premier-league-defenders,False,Volz,CLEAN_POSITIVE_MINUTES,0.0,volz,MATCHED,EXACT_DISPLAY_NAME,DEF,Volz,Fulham,76.0,4.5,https://web.archive.org/web/20070810212948id_/http://fantasy.premierleague.com/playerlist.html,False
Gardner,HUL,4.5,360,6.0,0,0.0,5.0,1.0,0,,0,16,,22.5,3.56,DEF,https://www.fantasyfootballscout.co.uk/fantasy-premier-league-defenders,False,Gardner,CLEAN_POSITIVE_MINUTES,1.0,gardner,AMBIGUOUS,EXACT_DISPLAY_NAME+MULTIPLE_REMAIN,,Gardner | Gardner | Gardner,Bolton | Tottenham | Aston Villa,,,,False
Carragher,LIV,6.5,3040,35.0,2,0.0,24.0,4.0,0,,10,136,,22.35,20.92,DEF,https://www.fantasyfootballscout.co.uk/fantasy-premier-league-defenders,False,Carragher,CLEAN_POSITIVE_MINUTES,0.0,carragher,MATCHED,EXACT_DISPLAY_NAME,DEF,Carragher,Liverpool,163.0,7.0,https://web.archive.org/web/20070810212948id_/http://fantasy.premierleague.com/playerlist.html,False
Agger,LIV,6.5,436,5.0,0,3.0,2.0,0.0,0,,1,23,,18.96,3.54,DEF,https://www.fantasyfootballscout.co.uk/fantasy-premier-league-defenders,False,Agger,CLEAN_POSITIVE_MINUTES,0.0,agger,MATCHED,EXACT_DISPLAY_NAME,DEF,Agger,Liverpool,131.0,7.0,https://web.archive.org/web/20070810212948id_/http://fantasy.premierleague.com/playerlist.html,False
Insua,LIV,5.0,207,2.0,0,2.0,0.0,1.0,0,,0,12,,17.25,2.4,DEF,https://www.fantasyfootballscout.co.uk/fantasy-premier-league-defenders,False,Insua,CLEAN_POSITIVE_MINUTES,0.0,insua,MATCHED,EXACT_DISPLAY_NAME,DEF,Insua,Liverpool,3.0,5.0,https://web.archive.org/web/20070810212948id_/http://fantasy.premierleague.com/playerlist.html,False
Skrtel,LIV,6.0,1191,13.0,0,7.0,10.0,1.0,0,,3,55,,21.65,9.17,DEF,https://www.fantasyfootballscout.co.uk/fantasy-premier-league-defenders,False,Skrtel,CLEAN_POSITIVE_MINUTES,0.0,skrtel,UNMATCHED,NO_LAUNCH_ROW,,,,,,,False
Finnan,LIV,6.0,1959,22.0,2,9.0,15.0,2.0,0,,3,85,,23.05,14.17,DEF,https://www.fantasyfootballscout.co.uk/fantasy-premier-league-defenders,False,Finnan,CLEAN_POSITIVE_MINUTES,0.0,finnan,MATCHED,EXACT_DISPLAY_NAME,DEF,Finnan,Liverpool,143.0,6.5,https://web.archive.org/web/20070810212948id_/http://fantasy.premierleague.com/playerlist.html,False
Hyypia,LIV,5.5,2025,23.0,1,0.0,15.0,1.0,0,,11,103,,19.66,18.73,DEF,https://www.fantasyfootballscout.co.uk/fantasy-premier-league-defenders,False,Hyypia,CLEAN_POSITIVE_MINUTES,1.0,hyypia,MATCHED,EXACT_DISPLAY_NAME,DEF,Hyypia,Liverpool,106.0,6.0,https://web.archive.org/web/20070810212948id_/http://fantasy.premierleague.com/playerlist.html,False
Aurelio,LIV,6.5,1125,13.0,1,2.0,13.0,1.0,0,,1,41,,27.44,6.31,DEF,https://www.fantasyfootballscout.co.uk/fantasy-premier-league-defenders,False,Aurelio,CLEAN_POSITIVE_MINUTES,1.0,aurelio,MATCHED,EXACT_DISPLAY_NAME,DEF,Aurelio,Liverpool,54.0,6.5,https://web.archive.org/web/20070810212948id_/http://fantasy.premierleague.com/playerlist.html,False
Arbeloa,LIV,6.0,2274,26.0,1,12.0,21.0,4.0,0,,0,96,,23.69,16.0,DEF,https://www.fantasyfootballscout.co.uk/fantasy-premier-league-defenders,False,Arbeloa,CLEAN_POSITIVE_MINUTES,0.0,arbeloa,MATCHED,EXACT_DISPLAY_NAME,DEF,Arbeloa,Liverpool,37.0,6.5,https://web.archive.org/web/20070810212948id_/http://fantasy.premierleague.com/playerlist.html,False
Dunne,MCY,5.5,3039,34.0,0,10.0,48.0,2.0,2,,33,119,,25.54,21.64,DEF,https://www.fantasyfootballscout.co.uk/fantasy-premier-league-defenders,False,Dunne,CLEAN_POSITIVE_MINUTES,0.0,dunne,MATCHED,EXACT_DISPLAY_NAME,DEF,Dunne,Man. City,151.0,5.5,https://web.archive.org/web/20070810212948id_/http://fantasy.premierleague.com/playerlist.html,False
Ben Haim,MCY,5.0,1018,12.0,0,3.0,11.0,2.0,0,,3,35,,29.09,7.0,DEF,https://www.fantasyfootballscout.co.uk/fantasy-premier-league-defenders,False,Ben Haim,CLEAN_POSITIVE_MINUTES,0.0,benhaim,MATCHED,EXACT_DISPLAY_NAME,DEF,Ben Haim,Chelsea,84.0,6.0,https://web.archive.org/web/20070810212948id_/http://fantasy.premierleague.com/playerlist.html,False
Onuoha,MCY,5.0,1222,13.0,1,5.0,13.0,0.0,0,,0,53,,23.06,10.6,DEF,https://www.fantasyfootballscout.co.uk/fantasy-premier-league-defenders,False,Onuoha,CLEAN_POSITIVE_MINUTES,1.0,onuoha,MATCHED,EXACT_DISPLAY_NAME,DEF,Onuoha,Man. City,54.0,4.5,https://web.archive.org/web/20070810212948id_/http://fantasy.premierleague.com/playerlist.html,False
Corluka,MCY,5.5,2970,33.0,2,10.0,46.0,4.0,0,,3,101,,29.41,18.36,DEF,https://www.fantasyfootballscout.co.uk/fantasy-premier-league-defenders,False,Corluka,CLEAN_POSITIVE_MINUTES,0.0,corluka,MATCHED,EXACT_DISPLAY_NAME,DEF,Corluka,Man. City,0.0,5.5,https://web.archive.org/web/20070810212948id_/http://fantasy.premierleague.com/playerlist.html,False
Garrido,MCY,4.5,1898,20.0,1,8.0,33.0,4.0,0,,0,67,,28.33,14.89,DEF,https://www.fantasyfootballscout.co.uk/fantasy-premier-league-defenders,False,Garrido,CLEAN_POSITIVE_MINUTES,0.0,garrido,MATCHED,EXACT_DISPLAY_NAME,DEF,Garrido,Man. City,0.0,4.5,https://web.archive.org/web/20070810212948id_/http://fantasy.premierleague.com/playerlist.html,False
Ball,MCY,5.0,1875,20.0,0,3.0,35.0,2.0,0,,0,45,,41.67,9.0,DEF,https://www.fantasyfootballscout.co.uk/fantasy-premier-league-defenders,False,Ball,CLEAN_POSITIVE_MINUTES,0.0,ball,MATCHED,EXACT_DISPLAY_NAME,DEF,Ball,Man. City,38.0,4.5,https://web.archive.org/web/20070810212948id_/http://fantasy.premierleague.com/playerlist.html,False
Richards,MCY,5.5,2250,25.0,0,8.0,30.0,4.0,0,,5,74,,30.41,13.45,DEF,https://www.fantasyfootballscout.co.uk/fantasy-premier-league-defenders,False,Richards,CLEAN_POSITIVE_MINUTES,0.0,richards,MATCHED,EXACT_DISPLAY_NAME,DEF,Richards,Man. City,94.0,5.0,https://web.archive.org/web/20070810212948id_/http://fantasy.premierleague.com/playerlist.html,False
Wheater,MID,5.0,3015,34.0,0,7.0,45.0,8.0,0,,18,110,,27.41,22.0,DEF,https://www.fantasyfootballscout.co.uk/fantasy-premier-league-defenders,False,Wheater,CLEAN_POSITIVE_MINUTES,3.0,wheater,MATCHED,EXACT_DISPLAY_NAME,DEF,Wheater,Middlesbrough,9.0,4.0,https://web.archive.org/web/20070810212948id_/http://fantasy.premierleague.com/playerlist.html,False
Grounds,MID,4.0,423,5.0,0,1.0,6.0,1.0,0,,0,12,,35.25,3.0,DEF,https://www.fantasyfootballscout.co.uk/fantasy-premier-league-defenders,False,Grounds,CLEAN_POSITIVE_MINUTES,0.0,grounds,UNMATCHED,NO_LAUNCH_ROW,,,,,,,False
Huth,MID,4.5,923,10.0,0,3.0,10.0,3.0,0,,9,45,,20.51,10.0,DEF,https://www.fantasyfootballscout.co.uk/fantasy-premier-league-defenders,False,Huth,CLEAN_POSITIVE_MINUTES,1.0,huth,MATCHED,EXACT_DISPLAY_NAME,DEF,Huth,Middlesbrough,22.0,5.0,https://web.archive.org/web/20070810212948id_/http://fantasy.premierleague.com/playerlist.html,False
Pogatetz,MID,4.5,2131,24.0,0,5.0,29.0,3.0,0,,0,62,,34.37,13.78,DEF,https://www.fantasyfootballscout.co.uk/fantasy-premier-league-defenders,False,Pogatetz,CLEAN_POSITIVE_MINUTES,0.0,pogatetz,MATCHED,EXACT_DISPLAY_NAME,DEF,Pogatetz,Middlesbrough,115.0,5.5,https://web.archive.org/web/20070810212948id_/http://fantasy.premierleague.com/playerlist.html,False
Taylor,MID,4.5,1557,17.0,1,2.0,31.0,1.0,0,,0,35,,44.49,7.78,DEF,https://www.fantasyfootballscout.co.uk/fantasy-premier-league-defenders,False,Taylor,CLEAN_POSITIVE_MINUTES,0.0,taylor,MATCHED,EXACT_DISPLAY_NAME+TEAM_TIEBREAK,DEF,Taylor,Middlesbrough,83.0,4.5,https://web.archive.org/web/20070810212948id_/http://fantasy.premierleague.com/playerlist.html,False
Riggott,MID,4.5,829,9.0,0,2.0,11.0,0.0,0,,1,31,,26.74,6.89,DEF,https://www.fantasyfootballscout.co.uk/fantasy-premier-league-defenders,False,Riggott,CLEAN_POSITIVE_MINUTES,1.0,riggott,MATCHED,EXACT_DISPLAY_NAME,DEF,Riggott,Middlesbrough,5.0,4.5,https://web.archive.org/web/20070810212948id_/http://fantasy.premierleague.com/playerlist.html,False
Young,MID,4.5,3108,35.0,1,7.0,48.0,8.0,0,,2,94,,33.06,20.89,DEF,https://www.fantasyfootballscout.co.uk/fantasy-premier-league-defenders,False,Young,CLEAN_POSITIVE_MINUTES,1.0,young,MATCHED,EXACT_DISPLAY_NAME+TEAM_TIEBREAK,DEF,Young,Middlesbrough,84.0,5.0,https://web.archive.org/web/20070810212948id_/http://fantasy.premierleague.com/playerlist.html,False
Silvestre,MUN,5.5,186,2.0,0,0.0,2.0,0.0,0,,0,3,,62.0,0.55,DEF,https://www.fantasyfootballscout.co.uk/fantasy-premier-league-defenders,False,Silvestre,CLEAN_POSITIVE_MINUTES,0.0,silvestre,MATCHED,EXACT_DISPLAY_NAME,DEF,Silvestre,Man. United,35.0,5.5,https://web.archive.org/web/20070810212948id_/http://fantasy.premierleague.com/playerlist.html,False
Vidic,MUN,7.0,2667,30.0,1,17.0,13.0,5.0,0,,7,145,,18.39,20.71,DEF,https://www.fantasyfootballscout.co.uk/fantasy-premier-league-defenders,False,Vidic,CLEAN_POSITIVE_MINUTES,1.0,vidic,MATCHED,EXACT_DISPLAY_NAME,DEF,Vidic,Man. United,106.0,7.0,https://web.archive.org/web/20070810212948id_/http://fantasy.premierleague.com/playerlist.html,False
Evra,MUN,6.5,2820,33.0,1,16.0,16.0,4.0,0,,1,133,,21.2,20.46,DEF,https://www.fantasyfootballscout.co.uk/fantasy-premier-league-defenders,False,Evra,CLEAN_POSITIVE_MINUTES,0.0,evra,MATCHED,EXACT_DISPLAY_NAME,DEF,Evra,Man. United,111.0,6.5,https://web.archive.org/web/20070810212948id_/http://fantasy.premierleague.com/playerlist.html,False
Evans,MUN,4.5,1336,15.0,0,5.0,15.0,0.0,0,,4,50,,26.72,11.11,DEF,https://www.fantasyfootballscout.co.uk/fantasy-premier-league-defenders,False,Evans,CLEAN_POSITIVE_MINUTES,0.0,evans,MATCHED,EXACT_DISPLAY_NAME,DEF,Evans,Man. United,0.0,4.5,https://web.archive.org/web/20070810212948id_/http://fantasy.premierleague.com/playerlist.html,False
Ferdinand,MUN,7.0,3045,35.0,1,17.0,20.0,4.0,0,,15,171,,17.81,24.43,DEF,https://www.fantasyfootballscout.co.uk/fantasy-premier-league-defenders,False,Ferdinand,CLEAN_POSITIVE_MINUTES,2.0,ferdinand,MATCHED,EXACT_DISPLAY_NAME+TEAM_TIEBREAK,DEF,Ferdinand,Man. United,126.0,6.5,https://web.archive.org/web/20070810212948id_/http://fantasy.premierleague.com/playerlist.html,False
Brown,MUN,6.0,3028,34.0,2,17.0,21.0,8.0,0,,4,142,,21.32,23.67,DEF,https://www.fantasyfootballscout.co.uk/fantasy-premier-league-defenders,False,Brown,CLEAN_POSITIVE_MINUTES,1.0,brown,MATCHED,EXACT_DISPLAY_NAME+TEAM_TIEBREAK,DEF,Brown,Man. United,61.0,5.5,https://web.archive.org/web/20070810212948id_/http://fantasy.premierleague.com/playerlist.html,False
O’Shea,MUN,5.5,1147,12.0,2,0.0,9.0,1.0,0,,0,48,,23.9,8.73,DEF,https://www.fantasyfootballscout.co.uk/fantasy-premier-league-defenders,False,O’Shea,CLEAN_POSITIVE_MINUTES,0.0,oshea,MATCHED,EXACT_DISPLAY_NAME,MID,O'Shea,Man. United,76.0,6.0,https://web.archive.org/web/20070810212948id_/http://fantasy.premierleague.com/playerlist.html,False
Faye,NEW,4.5,1741,20.0,0,4.0,31.0,5.0,0,,4,54,,32.24,12.0,DEF,https://www.fantasyfootballscout.co.uk/fantasy-premier-league-defenders,False,Faye,CLEAN_POSITIVE_MINUTES,1.0,faye,MATCHED,EXACT_DISPLAY_NAME,DEF,Faye,Bolton,82.0,5.0,https://web.archive.org/web/20070810212948id_/http://fantasy.premierleague.com/playerlist.html,False
Taylor,NEW,5.0,2633,29.0,1,6.0,50.0,3.0,0,,3,75,,35.11,15.0,DEF,https://www.fantasyfootballscout.co.uk/fantasy-premier-league-defenders,False,Taylor,CLEAN_POSITIVE_MINUTES,1.0,taylor,MATCHED,EXACT_DISPLAY_NAME+TEAM_TIEBREAK,DEF,Taylor,Newcastle,93.0,5.0,https://web.archive.org/web/20070810212948id_/http://fantasy.premierleague.com/playerlist.html,False
Edgar,NEW,4.0,189,2.0,0,1.0,2.0,0.0,0,,1,11,,17.18,2.75,DEF,https://www.fantasyfootballscout.co.uk/fantasy-premier-league-defenders,False,Edgar,CLEAN_POSITIVE_MINUTES,0.0,edgar,MATCHED,EXACT_DISPLAY_NAME,DEF,Edgar,Newcastle,14.0,4.0,https://web.archive.org/web/20070810212948id_/http://fantasy.premierleague.com/playerlist.html,False
Beye,NEW,5.0,2472,27.0,2,5.0,46.0,5.0,0,,2,69,,35.83,13.8,DEF,https://www.fantasyfootballscout.co.uk/fantasy-premier-league-defenders,False,Beye,CLEAN_POSITIVE_MINUTES,1.0,beye,UNMATCHED,NO_LAUNCH_ROW,,,,,,,False
NZogbia,NEW,5.5,2441,27.0,3,0.0,53.0,5.0,0,,6,86,,28.38,15.64,DEF,https://www.fantasyfootballscout.co.uk/fantasy-premier-league-defenders,False,NZogbia,CLEAN_POSITIVE_MINUTES,3.0,nzogbia,MATCHED,EXACT_DISPLAY_NAME,MID,N'Zogbia,Newcastle,40.0,5.0,https://web.archive.org/web/20070810212948id_/http://fantasy.premierleague.com/playerlist.html,False
Jose Enrique,NEW,5.0,1617,18.0,1,5.0,30.0,1.0,0,,2,54,,29.94,10.8,DEF,https://www.fantasyfootballscout.co.uk/fantasy-premier-league-defenders,False,Jose Enrique,CLEAN_POSITIVE_MINUTES,0.0,joseenrique,MATCHED,EXACT_DISPLAY_NAME,DEF,Jose Enrique,Newcastle,0.0,5.0,https://web.archive.org/web/20070810212948id_/http://fantasy.premierleague.com/playerlist.html,False
Cacapa,NEW,5.0,1433,16.0,0,3.0,33.0,1.0,0,,3,41,,34.95,8.2,DEF,https://www.fantasyfootballscout.co.uk/fantasy-premier-league-defenders,False,Cacapa,CLEAN_POSITIVE_MINUTES,1.0,cacapa,MATCHED,EXACT_DISPLAY_NAME,DEF,Cacapa,Newcastle,0.0,5.0,https://web.archive.org/web/20070810212948id_/http://fantasy.premierleague.com/playerlist.html,False
Johnson,POR,5.5,2715,31.0,4,14.0,29.0,3.0,0,,10,136,,19.96,24.73,DEF,https://www.fantasyfootballscout.co.uk/fantasy-premier-league-defenders,False,Johnson,CLEAN_POSITIVE_MINUTES,1.0,johnson,MATCHED,EXACT_DISPLAY_NAME+CATEGORY_TIEBREAK,DEF,Johnson,Chelsea,92.0,6.0,https://web.archive.org/web/20070810212948id_/http://fantasy.premierleague.com/playerlist.html,False
Pamarot,POR,4.5,1167,13.0,0,3.0,13.0,3.0,0,,3,50,,23.34,11.11,DEF,https://www.fantasyfootballscout.co.uk/fantasy-premier-league-defenders,False,Pamarot,CLEAN_POSITIVE_MINUTES,1.0,pamarot,MATCHED,EXACT_DISPLAY_NAME,DEF,Pamarot,Portsmouth,56.0,4.5,https://web.archive.org/web/20070810212948id_/http://fantasy.premierleague.com/playerlist.html,False
Aubey,POR,4.5,170,2.0,0,0.0,2.0,0.0,0,,0,8,,21.25,1.78,DEF,https://www.fantasyfootballscout.co.uk/fantasy-premier-league-defenders,False,Aubey,CLEAN_POSITIVE_MINUTES,0.0,aubey,UNMATCHED,NO_LAUNCH_ROW,,,,,,,False
Hreidarsson,POR,5.5,2590,30.0,2,12.0,34.0,3.0,1,,4,121,,21.4,22.0,DEF,https://www.fantasyfootballscout.co.uk/fantasy-premier-league-defenders,False,Hreidarsson,CLEAN_POSITIVE_MINUTES,3.0,hreidarsson,MATCHED,EXACT_DISPLAY_NAME,DEF,Hreidarsson,Portsmouth,79.0,5.0,https://web.archive.org/web/20070810212948id_/http://fantasy.premierleague.com/playerlist.html,False
Distin,POR,5.5,3195,36.0,1,15.0,39.0,4.0,0,,16,133,,24.02,24.18,DEF,https://www.fantasyfootballscout.co.uk/fantasy-premier-league-defenders,False,Distin,CLEAN_POSITIVE_MINUTES,0.0,distin,MATCHED,EXACT_DISPLAY_NAME,DEF,Distin,Portsmouth,145.0,5.5,https://web.archive.org/web/20070810212948id_/http://fantasy.premierleague.com/playerlist.html,False
Campbell,POR,5.5,2790,31.0,0,15.0,31.0,2.0,0,,14,129,,21.63,23.45,DEF,https://www.fantasyfootballscout.co.uk/fantasy-premier-league-defenders,False,Campbell,CLEAN_POSITIVE_MINUTES,1.0,campbell,MATCHED,EXACT_DISPLAY_NAME,DEF,Campbell,Portsmouth,136.0,5.5,https://web.archive.org/web/20070810212948id_/http://fantasy.premierleague.com/playerlist.html,False
Lauren,POR,4.5,978,12.0,0,3.0,15.0,4.0,0,,3,30,,32.6,6.67,DEF,https://www.fantasyfootballscout.co.uk/fantasy-premier-league-defenders,False,Lauren,CLEAN_POSITIVE_MINUTES,0.0,lauren,MATCHED,EXACT_DISPLAY_NAME,DEF,Lauren,Portsmouth,28.0,5.0,https://web.archive.org/web/20070810212948id_/http://fantasy.premierleague.com/playerlist.html,False
Nosworthy,SUN,4.5,2514,28.0,1,6.0,37.0,3.0,0,,3,73,,34.44,16.22,DEF,https://www.fantasyfootballscout.co.uk/fantasy-premier-league-defenders,False,Nosworthy,CLEAN_POSITIVE_MINUTES,0.0,nosworthy,MATCHED,EXACT_DISPLAY_NAME,DEF,Nosworthy,Sunderland,0.0,4.0,https://web.archive.org/web/20070810212948id_/http://fantasy.premierleague.com/playerlist.html,False
Collins,SUN,4.5,3044,35.0,1,5.0,52.0,6.0,0,,3,77,,39.53,17.11,DEF,https://www.fantasyfootballscout.co.uk/fantasy-premier-league-defenders,False,Collins,CLEAN_POSITIVE_MINUTES,1.0,collins,MATCHED,EXACT_DISPLAY_NAME+TEAM_TIEBREAK,DEF,Collins,Sunderland,0.0,4.0,https://web.archive.org/web/20070810212948id_/http://fantasy.premierleague.com/playerlist.html,False
Higginbotham,SUN,4.5,1890,21.0,0,2.0,39.0,1.0,0,,6,59,,32.03,13.11,DEF,https://www.fantasyfootballscout.co.uk/fantasy-premier-league-defenders,False,Higginbotham,CLEAN_POSITIVE_MINUTES,3.0,higginbotham,UNMATCHED,NO_LAUNCH_ROW,,,,,,,False
Anderson,SUN,4.0,29,0.0,0,0.0,1.0,0.0,0,,0,1,,29.0,0.25,DEF,https://www.fantasyfootballscout.co.uk/fantasy-premier-league-defenders,False,Anderson,CLEAN_POSITIVE_MINUTES,0.0,anderson,MATCHED,EXACT_DISPLAY_NAME+TEAM_TIEBREAK,DEF,Anderson,Sunderland,0.0,4.0,https://web.archive.org/web/20070810212948id_/http://fantasy.premierleague.com/playerlist.html,False
Bardsley,SUN,4.5,990,11.0,0,4.0,10.0,3.0,0,,1,34,,29.12,7.56,DEF,https://www.fantasyfootballscout.co.uk/fantasy-premier-league-defenders,False,Bardsley,CLEAN_POSITIVE_MINUTES,0.0,bardsley,MATCHED,EXACT_DISPLAY_NAME,DEF,Bardsley,Man. United,46.0,4.5,https://web.archive.org/web/20070810212948id_/http://fantasy.premierleague.com/playerlist.html,False
McShane,SUN,4.5,1764,20.0,0,2.0,37.0,3.0,1,,9,38,,46.42,8.44,DEF,https://www.fantasyfootballscout.co.uk/fantasy-premier-league-defenders,False,McShane,CLEAN_POSITIVE_MINUTES,0.0,mcshane,MATCHED,EXACT_DISPLAY_NAME,DEF,McShane,Sunderland,0.0,4.0,https://web.archive.org/web/20070810212948id_/http://fantasy.premierleague.com/playerlist.html,False
Chimbonda,SUN,5.5,2752,31.0,6,7.0,51.0,5.0,0,,1,99,,27.8,18.0,DEF,https://www.fantasyfootballscout.co.uk/fantasy-premier-league-defenders,False,Chimbonda,CLEAN_POSITIVE_MINUTES,2.0,chimbonda,MATCHED,EXACT_DISPLAY_NAME,DEF,Chimbonda,Tottenham,90.0,6.0,https://web.archive.org/web/20070810212948id_/http://fantasy.premierleague.com/playerlist.html,False
Bale,TOT,6.0,610,7.0,1,0.0,14.0,1.0,0,,3,27,,22.59,4.5,DEF,https://www.fantasyfootballscout.co.uk/fantasy-premier-league-defenders,False,Bale,CLEAN_POSITIVE_MINUTES,2.0,bale,MATCHED,EXACT_DISPLAY_NAME,DEF,Bale,Tottenham,0.0,6.0,https://web.archive.org/web/20070810212948id_/http://fantasy.premierleague.com/playerlist.html,False
Gilberto,TOT,5.0,343,3.0,0,1.0,3.0,0.0,0,,0,18,,19.06,3.6,DEF,https://www.fantasyfootballscout.co.uk/fantasy-premier-league-defenders,False,Gilberto,CLEAN_POSITIVE_MINUTES,1.0,gilberto,MATCHED,EXACT_DISPLAY_NAME,MID,Gilberto,Arsenal,141.0,7.5,https://web.archive.org/web/20070810212948id_/http://fantasy.premierleague.com/playerlist.html,True
Assou-Ekotto,TOT,4.5,90,1.0,0,0.0,1.0,1.0,0,,0,1,,90.0,0.22,DEF,https://www.fantasyfootballscout.co.uk/fantasy-premier-league-defenders,False,Assou-Ekotto,CLEAN_POSITIVE_MINUTES,0.0,assouekotto,MATCHED,EXACT_DISPLAY_NAME,DEF,Assou-Ekotto,Tottenham,43.0,4.5,https://web.archive.org/web/20070810212948id_/http://fantasy.premierleague.com/playerlist.html,False
Hutton,TOT,5.5,1215,14.0,1,4.0,20.0,1.0,0,,6,43,,28.26,7.82,DEF,https://www.fantasyfootballscout.co.uk/fantasy-premier-league-defenders,False,Hutton,CLEAN_POSITIVE_MINUTES,0.0,hutton,UNMATCHED,NO_LAUNCH_ROW,,,,,,,False
Lee,TOT,4.5,1519,17.0,0,4.0,28.0,2.0,0,,0,39,,38.95,8.67,DEF,https://www.fantasyfootballscout.co.uk/fantasy-premier-league-defenders,False,Lee,CLEAN_POSITIVE_MINUTES,0.0,lee,MATCHED,EXACT_DISPLAY_NAME,DEF,Lee,Tottenham,44.0,5.0,https://web.archive.org/web/20070810212948id_/http://fantasy.premierleague.com/playerlist.html,False
Kaboul,TOT,5.0,1605,19.0,1,3.0,35.0,1.0,0,,4,61,,26.31,12.2,DEF,https://www.fantasyfootballscout.co.uk/fantasy-premier-league-defenders,False,Kaboul,CLEAN_POSITIVE_MINUTES,3.0,kaboul,MATCHED,EXACT_DISPLAY_NAME,DEF,Kaboul,Tottenham,0.0,5.0,https://web.archive.org/web/20070810212948id_/http://fantasy.premierleague.com/playerlist.html,False
Stalteri,TOT,4.5,1368,16.0,1,5.0,20.0,3.0,0,,0,45,,90.0,10.0,DEF,https://www.fantasyfootballscout.co.uk/fantasy-premier-league-defenders,False,Stalteri,CLEAN_POSITIVE_MINUTES,0.0,stalteri,MATCHED,EXACT_DISPLAY_NAME,DEF,Stalteri,Tottenham,13.0,4.5,https://web.archive.org/web/20070810212948id_/http://fantasy.premierleague.com/playerlist.html,False
Dawson,TOT,5.0,2195,25.0,0,4.0,39.0,3.0,0,,3,64,,34.3,12.8,DEF,https://www.fantasyfootballscout.co.uk/fantasy-premier-league-defenders,False,Dawson,CLEAN_POSITIVE_MINUTES,1.0,dawson,MATCHED,EXACT_DISPLAY_NAME,DEF,Dawson,Tottenham,100.0,5.5,https://web.archive.org/web/20070810212948id_/http://fantasy.premierleague.com/playerlist.html,False
Rocha,TOT,4.5,425,5.0,0,1.0,7.0,1.0,0,,0,11,,38.64,2.44,DEF,https://www.fantasyfootballscout.co.uk/fantasy-premier-league-defenders,False,Rocha,CLEAN_POSITIVE_MINUTES,0.0,rocha,MATCHED,EXACT_DISPLAY_NAME,DEF,Rocha,Tottenham,17.0,5.0,https://web.archive.org/web/20070810212948id_/http://fantasy.premierleague.com/playerlist.html,False
Woodgate,TOT,5.5,2438,28.0,0,7.0,44.0,6.0,0,,16,87,,28.02,15.82,DEF,https://www.fantasyfootballscout.co.uk/fantasy-premier-league-defenders,False,Woodgate,CLEAN_POSITIVE_MINUTES,1.0,woodgate,MATCHED,EXACT_DISPLAY_NAME,DEF,Woodgate,Middlesbrough,113.0,5.5,https://web.archive.org/web/20070810212948id_/http://fantasy.premierleague.com/playerlist.html,False
Gunter,TOT,4.5,79,1.0,0,0.0,1.0,0.0,0,,0,7,,11.29,1.56,DEF,https://www.fantasyfootballscout.co.uk/fantasy-premier-league-defenders,False,Gunter,CLEAN_POSITIVE_MINUTES,0.0,gunter,UNMATCHED,NO_LAUNCH_ROW,,,,,,,False
King,TOT,5.5,289,4.0,0,0.0,8.0,0.0,0,,0,5,,57.8,0.91,DEF,https://www.fantasyfootballscout.co.uk/fantasy-premier-league-defenders,False,King,CLEAN_POSITIVE_MINUTES,0.0,king,MATCHED,EXACT_DISPLAY_NAME,DEF,King,Tottenham,61.0,5.5,https://web.archive.org/web/20070810212948id_/http://fantasy.premierleague.com/playerlist.html,False
Collins,WHM,,199,2.0,0,1.0,2.0,0.0,0,,0,8,,24.88,0.0,DEF,https://www.fantasyfootballscout.co.uk/fantasy-premier-league-defenders,False,Collins,CLEAN_POSITIVE_MINUTES,0.0,collins,MATCHED,EXACT_DISPLAY_NAME+TEAM_TIEBREAK,DEF,Collins,West Ham,44.0,4.5,https://web.archive.org/web/20070810212948id_/http://fantasy.premierleague.com/playerlist.html,False
Upson,WHM,5.0,2582,29.0,1,8.0,30.0,2.0,0,,9,99,,26.08,19.8,DEF,https://www.fantasyfootballscout.co.uk/fantasy-premier-league-defenders,False,Upson,CLEAN_POSITIVE_MINUTES,1.0,upson,MATCHED,EXACT_DISPLAY_NAME,DEF,Upson,West Ham,2.0,4.5,https://web.archive.org/web/20070810212948id_/http://fantasy.premierleague.com/playerlist.html,False
Spector,WHM,4.5,1326,13.0,1,2.0,20.0,1.0,0,,0,43,,30.84,9.56,DEF,https://www.fantasyfootballscout.co.uk/fantasy-premier-league-defenders,False,Spector,CLEAN_POSITIVE_MINUTES,0.0,spector,MATCHED,EXACT_DISPLAY_NAME,DEF,Spector,West Ham,50.0,4.5,https://web.archive.org/web/20070810212948id_/http://fantasy.premierleague.com/playerlist.html,False
Ferdinand,WHM,5.0,1894,21.0,0,4.0,32.0,1.0,0,,2,63,,30.06,12.6,DEF,https://www.fantasyfootballscout.co.uk/fantasy-premier-league-defenders,False,Ferdinand,CLEAN_POSITIVE_MINUTES,2.0,ferdinand,MATCHED,EXACT_DISPLAY_NAME+TEAM_TIEBREAK,DEF,Ferdinand,West Ham,83.0,4.5,https://web.archive.org/web/20070810212948id_/http://fantasy.premierleague.com/playerlist.html,False
Tomkins,WHM,4.0,467,5.0,0,0.0,11.0,0.0,0,,0,7,,66.71,1.75,DEF,https://www.fantasyfootballscout.co.uk/fantasy-premier-league-defenders,False,Tomkins,CLEAN_POSITIVE_MINUTES,0.0,tomkins,UNMATCHED,NO_LAUNCH_ROW,,,,,,,False
McCartney,WHM,5.0,3225,37.0,4,7.0,47.0,4.0,0,,7,110,,29.32,22.0,DEF,https://www.fantasyfootballscout.co.uk/fantasy-premier-league-defenders,False,McCartney,CLEAN_POSITIVE_MINUTES,1.0,mccartney,MATCHED,EXACT_DISPLAY_NAME,DEF,McCartney,West Ham,46.0,4.5,https://web.archive.org/web/20070810212948id_/http://fantasy.premierleague.com/playerlist.html,False
Gabbidon,WHM,4.5,768,8.0,0,3.0,5.0,1.0,0,,0,29,,26.48,6.44,DEF,https://www.fantasyfootballscout.co.uk/fantasy-premier-league-defenders,False,Gabbidon,CLEAN_POSITIVE_MINUTES,0.0,gabbidon,MATCHED,EXACT_DISPLAY_NAME,DEF,Gabbidon,West Ham,34.0,4.5,https://web.archive.org/web/20070810212948id_/http://fantasy.premierleague.com/playerlist.html,False
Neill,WHM,5.0,3060,34.0,2,7.0,46.0,5.0,0,,0,83,,36.87,16.6,DEF,https://www.fantasyfootballscout.co.uk/fantasy-premier-league-defenders,False,Neill,CLEAN_POSITIVE_MINUTES,0.0,neill,MATCHED,EXACT_DISPLAY_NAME,DEF,Neill,West Ham,96.0,5.0,https://web.archive.org/web/20070810212948id_/http://fantasy.premierleague.com/playerlist.html,False
Bramble,WIG,4.5,2340,26.0,1,5.0,42.0,5.0,0,,3,69,,33.91,15.33,DEF,https://www.fantasyfootballscout.co.uk/fantasy-premier-league-defenders,False,Bramble,CLEAN_POSITIVE_MINUTES,2.0,bramble,MATCHED,EXACT_DISPLAY_NAME,DEF,Bramble,Wigan,41.0,4.0,https://web.archive.org/web/20070810212948id_/http://fantasy.premierleague.com/playerlist.html,False
Edman,WIG,4.5,400,4.0,0,4.0,1.0,0.0,0,,0,25,,16.0,5.56,DEF,https://www.fantasyfootballscout.co.uk/fantasy-premier-league-defenders,False,Edman,CLEAN_POSITIVE_MINUTES,0.0,edman,UNMATCHED,NO_LAUNCH_ROW,,,,,,,False
Boyce,WIG,4.5,2203,24.0,0,9.0,31.0,1.0,0,,0,73,,30.18,16.22,DEF,https://www.fantasyfootballscout.co.uk/fantasy-premier-league-defenders,False,Boyce,CLEAN_POSITIVE_MINUTES,0.0,boyce,MATCHED,EXACT_DISPLAY_NAME,DEF,Boyce,Wigan,91.0,4.0,https://web.archive.org/web/20070810212948id_/http://fantasy.premierleague.com/playerlist.html,False
Granqvist,WIG,4.0,1171,13.0,0,2.0,24.0,1.0,0,,0,24,,48.79,6.0,DEF,https://www.fantasyfootballscout.co.uk/fantasy-premier-league-defenders,False,Granqvist,CLEAN_POSITIVE_MINUTES,0.0,granqvist,MATCHED,EXACT_DISPLAY_NAME,DEF,Granqvist,Wigan,0.0,4.0,https://web.archive.org/web/20070810212948id_/http://fantasy.premierleague.com/playerlist.html,False
Taylor,WIG,4.5,1113,14.0,3,2.0,17.0,4.0,0,,4,65,,17.12,14.44,DEF,https://www.fantasyfootballscout.co.uk/fantasy-premier-league-defenders,False,Taylor,CLEAN_POSITIVE_MINUTES,3.0,taylor,MATCHED,EXACT_DISPLAY_NAME+TEAM_TIEBREAK,DEF,Taylor,Wigan,49.0,4.0,https://web.archive.org/web/20070810212948id_/http://fantasy.premierleague.com/playerlist.html,False
Scharner,WIG,5.0,3313,37.0,1,12.0,51.0,6.0,0,,15,135,,24.54,27.0,DEF,https://www.fantasyfootballscout.co.uk/fantasy-premier-league-defenders,False,Scharner,CLEAN_POSITIVE_MINUTES,4.0,scharner,MATCHED,EXACT_DISPLAY_NAME,DEF,Scharner,Wigan,75.0,4.5,https://web.archive.org/web/20070810212948id_/http://fantasy.premierleague.com/playerlist.html,False
Melchiot,WIG,4.5,2632,30.0,3,10.0,31.0,2.0,1,,7,101,,26.06,22.44,DEF,https://www.fantasyfootballscout.co.uk/fantasy-premier-league-defenders,False,Melchiot,CLEAN_POSITIVE_MINUTES,0.0,melchiot,MATCHED,EXACT_DISPLAY_NAME,DEF,Melchiot,Wigan,0.0,4.5,https://web.archive.org/web/20070810212948id_/http://fantasy.premierleague.com/playerlist.html,False
Figueroa,WIG,4.0,91,1.0,0,0.0,2.0,0.0,0,,0,2,,45.5,0.5,DEF,https://www.fantasyfootballscout.co.uk/fantasy-premier-league-defenders,False,Figueroa,CLEAN_POSITIVE_MINUTES,0.0,figueroa,UNMATCHED,NO_LAUNCH_ROW,,,,,,,False
Diaby,ARS,5.5,714,8.0,1,,,0.0,1,,0,28,,25.5,5.09,MID,https://www.fantasyfootballscout.co.uk/fantasy-premier-league-midfielders,False,Diaby,CLEAN_POSITIVE_MINUTES,1.0,diaby,MATCHED,EXACT_DISPLAY_NAME,MID,Diaby,Arsenal,28.0,5.5,https://web.archive.org/web/20070810212948id_/http://fantasy.premierleague.com/playerlist.html,False
Rosicky,ARS,7.5,1334,15.0,2,,,1.0,0,,9,84,,15.88,11.2,MID,https://www.fantasyfootballscout.co.uk/fantasy-premier-league-midfielders,False,Rosicky,CLEAN_POSITIVE_MINUTES,6.0,rosicky,MATCHED,EXACT_DISPLAY_NAME,MID,Rosicky,Arsenal,83.0,8.5,https://web.archive.org/web/20070810212948id_/http://fantasy.premierleague.com/playerlist.html,False
Eboue,ARS,6.0,1651,21.0,2,,,5.0,0,,2,77,,21.44,12.83,MID,https://www.fantasyfootballscout.co.uk/fantasy-premier-league-midfielders,False,Eboue,CLEAN_POSITIVE_MINUTES,0.0,eboue,MATCHED,EXACT_DISPLAY_NAME,DEF,Eboue,Arsenal,84.0,6.5,https://web.archive.org/web/20070810212948id_/http://fantasy.premierleague.com/playerlist.html,False
Fabregas,ARS,10.0,2857,32.0,20,,,9.0,0,,43,205,,13.94,20.5,MID,https://www.fantasyfootballscout.co.uk/fantasy-premier-league-midfielders,False,Fabregas,CLEAN_POSITIVE_MINUTES,7.0,fabregas,MATCHED,EXACT_DISPLAY_NAME,MID,Fabregas,Arsenal,182.0,9.5,https://web.archive.org/web/20070810212948id_/http://fantasy.premierleague.com/playerlist.html,False
Denilson,ARS,6.0,550,5.0,1,,,0.0,0,,1,26,,21.15,4.33,MID,https://www.fantasyfootballscout.co.uk/fantasy-premier-league-midfielders,False,Denilson,CLEAN_POSITIVE_MINUTES,0.0,denilson,MATCHED,EXACT_DISPLAY_NAME,MID,Denilson,Arsenal,17.0,6.5,https://web.archive.org/web/20070810212948id_/http://fantasy.premierleague.com/playerlist.html,False
Song,ARS,5.0,470,5.0,0,,,0.0,0,,0,17,,27.65,3.4,MID,https://www.fantasyfootballscout.co.uk/fantasy-premier-league-midfielders,False,Song,CLEAN_POSITIVE_MINUTES,0.0,song,UNMATCHED,NO_LAUNCH_ROW,,,,,,,False
Petrov,AVL,6.0,1843,21.0,1,,,3.0,0,,3,60,,30.72,10.0,MID,https://www.fantasyfootballscout.co.uk/fantasy-premier-league-midfielders,False,Petrov,CLEAN_POSITIVE_MINUTES,1.0,petrov,MATCHED,EXACT_DISPLAY_NAME+TEAM_TIEBREAK,MID,Petrov,Aston Villa,94.0,7.0,https://web.archive.org/web/20070810212948id_/http://fantasy.premierleague.com/playerlist.html,False
Osbourne,AVL,4.5,168,2.0,0,,,1.0,0,,0,7,,24.0,1.56,MID,https://www.fantasyfootballscout.co.uk/fantasy-premier-league-midfielders,False,Osbourne,CLEAN_POSITIVE_MINUTES,0.0,osbourne,MATCHED,EXACT_DISPLAY_NAME,MID,Osbourne,Aston Villa,28.0,4.5,https://web.archive.org/web/20070810212948id_/http://fantasy.premierleague.com/playerlist.html,False
Young,AVL,8.5,3288,37.0,17,,,6.0,0,,26,177,,18.58,20.82,MID,https://www.fantasyfootballscout.co.uk/fantasy-premier-league-midfielders,False,Young,CLEAN_POSITIVE_MINUTES,8.0,young,MATCHED,EXACT_DISPLAY_NAME+TEAM_TIEBREAK,FWD,Young,Aston Villa,134.0,7.0,https://web.archive.org/web/20070810212948id_/http://fantasy.premierleague.com/playerlist.html,False
Maloney,AVL,6.0,995,13.0,1,,,0.0,0,,3,57,,17.46,9.5,MID,https://www.fantasyfootballscout.co.uk/fantasy-premier-league-midfielders,False,Maloney,CLEAN_POSITIVE_MINUTES,4.0,maloney,MATCHED,EXACT_DISPLAY_NAME,MID,Maloney,Aston Villa,18.0,6.0,https://web.archive.org/web/20070810212948id_/http://fantasy.premierleague.com/playerlist.html,False
Barry,AVL,8.5,3319,37.0,10,,,5.0,0,,27,178,,18.65,20.94,MID,https://www.fantasyfootballscout.co.uk/fantasy-premier-league-midfielders,False,Barry,CLEAN_POSITIVE_MINUTES,9.0,barry,MATCHED,EXACT_DISPLAY_NAME,MID,Barry,Aston Villa,147.0,7.5,https://web.archive.org/web/20070810212948id_/http://fantasy.premierleague.com/playerlist.html,False
Reo-Coker,AVL,5.0,3102,35.0,3,,,9.0,1,,3,79,,39.27,15.8,MID,https://www.fantasyfootballscout.co.uk/fantasy-premier-league-midfielders,False,Reo-Coker,CLEAN_POSITIVE_MINUTES,0.0,reocoker,MATCHED,EXACT_DISPLAY_NAME,MID,Reo-Coker,Aston Villa,83.0,5.5,https://web.archive.org/web/20070810212948id_/http://fantasy.premierleague.com/playerlist.html,False
Gardner,AVL,5.0,1331,16.0,0,,,4.0,0,,0,49,,27.16,9.8,MID,https://www.fantasyfootballscout.co.uk/fantasy-premier-league-midfielders,False,Gardner,CLEAN_POSITIVE_MINUTES,3.0,gardner,MATCHED,EXACT_DISPLAY_NAME+TEAM_TIEBREAK,MID,Gardner,Aston Villa,35.0,5.0,https://web.archive.org/web/20070810212948id_/http://fantasy.premierleague.com/playerlist.html,False
Routledge,AVL,4.5,99,1.0,0,,,0.0,0,,0,5,,19.8,1.11,MID,https://www.fantasyfootballscout.co.uk/fantasy-premier-league-midfielders,False,Routledge,CLEAN_POSITIVE_MINUTES,0.0,routledge,MATCHED,EXACT_DISPLAY_NAME,MID,Routledge,Tottenham,45.0,5.5,https://web.archive.org/web/20070810212948id_/http://fantasy.premierleague.com/playerlist.html,False
Reid,BLA,5.0,1867,20.0,0,,,6.0,0,,4,46,,40.59,9.2,MID,https://www.fantasyfootballscout.co.uk/fantasy-premier-league-midfielders,False,Reid,CLEAN_POSITIVE_MINUTES,0.0,reid,MATCHED,EXACT_DISPLAY_NAME,MID,Reid,Blackburn,6.0,6.0,https://web.archive.org/web/20070810212948id_/http://fantasy.premierleague.com/playerlist.html,False
Tugay,BLA,5.0,1124,12.0,0,,,4.0,1,,11,45,,24.98,9.0,MID,https://www.fantasyfootballscout.co.uk/fantasy-premier-league-midfielders,False,Tugay,CLEAN_POSITIVE_MINUTES,2.0,tugay,MATCHED,EXACT_DISPLAY_NAME,MID,Tugay,Blackburn,82.0,5.5,https://web.archive.org/web/20070810212948id_/http://fantasy.premierleague.com/playerlist.html,False
Mokoena,BLA,4.5,766,9.0,1,,,2.0,0,,0,27,,28.37,6.0,MID,https://www.fantasyfootballscout.co.uk/fantasy-premier-league-midfielders,False,Mokoena,CLEAN_POSITIVE_MINUTES,0.0,mokoena,MATCHED,EXACT_DISPLAY_NAME,MID,Mokoena,Blackburn,40.0,4.5,https://web.archive.org/web/20070810212948id_/http://fantasy.premierleague.com/playerlist.html,False
Bentley,BLA,8.0,3320,37.0,10,,,8.0,0,,35,169,,19.64,21.13,MID,https://www.fantasyfootballscout.co.uk/fantasy-premier-league-midfielders,False,Bentley,CLEAN_POSITIVE_MINUTES,6.0,bentley,MATCHED,EXACT_DISPLAY_NAME,MID,Bentley,Blackburn,145.0,7.0,https://web.archive.org/web/20070810212948id_/http://fantasy.premierleague.com/playerlist.html,False
Dunn,BLA,6.0,1951,25.0,6,,,6.0,1,,10,79,,24.7,13.17,MID,https://www.fantasyfootballscout.co.uk/fantasy-premier-league-midfielders,False,Dunn,CLEAN_POSITIVE_MINUTES,1.0,dunn,MATCHED,EXACT_DISPLAY_NAME,MID,Dunn,Blackburn,14.0,6.0,https://web.archive.org/web/20070810212948id_/http://fantasy.premierleague.com/playerlist.html,False
Gamst Pedersen,BLA,7.0,2871,32.0,4,,,5.0,0,,6,110,,26.1,15.71,MID,https://www.fantasyfootballscout.co.uk/fantasy-premier-league-midfielders,False,Gamst Pedersen,CLEAN_POSITIVE_MINUTES,4.0,gamstpedersen,MATCHED,EXACT_DISPLAY_NAME,MID,Gamst Pedersen,Blackburn,155.0,8.0,https://web.archive.org/web/20070810212948id_/http://fantasy.premierleague.com/playerlist.html,False
Vogel,BLA,4.5,462,6.0,0,,,0.0,0,,0,14,,33.0,3.11,MID,https://www.fantasyfootballscout.co.uk/fantasy-premier-league-midfielders,False,Vogel,CLEAN_POSITIVE_MINUTES,0.0,vogel,UNMATCHED,NO_LAUNCH_ROW,,,,,,,False
Taylor,BOL,6.0,1827,22.0,4,,,3.0,0,,2,84,,21.75,14.0,MID,https://www.fantasyfootballscout.co.uk/fantasy-premier-league-midfielders,False,Taylor,CLEAN_POSITIVE_MINUTES,4.0,taylor,MATCHED,EXACT_DISPLAY_NAME+CATEGORY_TIEBREAK,MID,Taylor,Portsmouth,164.0,7.0,https://web.archive.org/web/20070810212948id_/http://fantasy.premierleague.com/playerlist.html,False
Muamba,BOL,5.0,3196,37.0,2,,,5.0,0,,3,86,,37.16,17.2,MID,https://www.fantasyfootballscout.co.uk/fantasy-premier-league-midfielders,False,Muamba,CLEAN_POSITIVE_MINUTES,2.0,muamba,MATCHED,EXACT_DISPLAY_NAME,MID,Muamba,Birmingham,0.0,4.0,https://web.archive.org/web/20070810212948id_/http://fantasy.premierleague.com/playerlist.html,False
McCann,BOL,4.5,2020,21.0,0,,,5.0,0,,3,61,,33.11,13.56,MID,https://www.fantasyfootballscout.co.uk/fantasy-premier-league-midfielders,False,McCann,CLEAN_POSITIVE_MINUTES,1.0,mccann,MATCHED,EXACT_DISPLAY_NAME,MID,McCann,Bolton,74.0,5.0,https://web.archive.org/web/20070810212948id_/http://fantasy.premierleague.com/playerlist.html,False
Nolan,BOL,6.0,2766,33.0,3,,,10.0,0,,0,100,,27.66,16.67,MID,https://www.fantasyfootballscout.co.uk/fantasy-premier-league-midfielders,False,Nolan,CLEAN_POSITIVE_MINUTES,5.0,nolan,MATCHED,EXACT_DISPLAY_NAME,MID,Nolan,Bolton,81.0,7.0,https://web.archive.org/web/20070810212948id_/http://fantasy.premierleague.com/playerlist.html,False
Cohen,BOL,4.5,301,3.0,0,,,1.0,0,,0,15,,20.07,3.33,MID,https://www.fantasyfootballscout.co.uk/fantasy-premier-league-midfielders,False,Cohen,CLEAN_POSITIVE_MINUTES,1.0,cohen,UNMATCHED,NO_LAUNCH_ROW,,,,,,,False
O’Brien J,BOL,4.5,1320,16.0,1,,,2.0,0,,0,35,,37.71,7.78,MID,https://www.fantasyfootballscout.co.uk/fantasy-premier-league-midfielders,False,O’Brien J,CLEAN_POSITIVE_MINUTES,0.0,obrienj,UNMATCHED,NO_LAUNCH_ROW,,,,,,,False
Kalou,CHE,8.5,2133,24.0,11,,,1.0,0,,3,115,,18.55,13.53,MID,https://www.fantasyfootballscout.co.uk/fantasy-premier-league-midfielders,False,Kalou,CLEAN_POSITIVE_MINUTES,7.0,kalou,MATCHED,EXACT_DISPLAY_NAME,FWD,Kalou,Chelsea,98.0,8.0,https://web.archive.org/web/20070810212948id_/http://fantasy.premierleague.com/playerlist.html,False
Cole J,CHE,9.0,2470,29.0,6,,,5.0,0,,18,144,,17.15,16.0,MID,https://www.fantasyfootballscout.co.uk/fantasy-premier-league-midfielders,False,Cole J,CLEAN_POSITIVE_MINUTES,7.0,colej,MATCHED,EXACT_DISPLAY_NAME,MID,Cole J,Chelsea,16.0,9.0,https://web.archive.org/web/20070810212948id_/http://fantasy.premierleague.com/playerlist.html,False
Essien,CHE,8.0,2099,23.0,4,,,5.0,1,,27,121,,17.35,15.13,MID,https://www.fantasyfootballscout.co.uk/fantasy-premier-league-midfielders,False,Essien,CLEAN_POSITIVE_MINUTES,6.0,essien,MATCHED,EXACT_DISPLAY_NAME,MID,Essien,Chelsea,144.0,8.0,https://web.archive.org/web/20070810212948id_/http://fantasy.premierleague.com/playerlist.html,False
Wright-Phillips,CHE,7.5,1649,19.0,4,,,1.0,0,,3,77,,21.42,10.27,MID,https://www.fantasyfootballscout.co.uk/fantasy-premier-league-midfielders,False,Wright-Phillips,CLEAN_POSITIVE_MINUTES,2.0,wrightphillips,MATCHED,EXACT_DISPLAY_NAME,MID,Wright-Phillips,Chelsea,71.0,7.5,https://web.archive.org/web/20070810212948id_/http://fantasy.premierleague.com/playerlist.html,False
Lampard,CHE,11.0,1954,21.0,10,,,4.0,1,,19,149,,13.11,13.55,MID,https://www.fantasyfootballscout.co.uk/fantasy-premier-league-midfielders,False,Lampard,CLEAN_POSITIVE_MINUTES,10.0,lampard,MATCHED,EXACT_DISPLAY_NAME,MID,Lampard,Chelsea,202.0,11.0,https://web.archive.org/web/20070810212948id_/http://fantasy.premierleague.com/playerlist.html,False
Malouda,CHE,7.5,1392,16.0,1,,,2.0,0,,2,57,,24.42,7.6,MID,https://www.fantasyfootballscout.co.uk/fantasy-premier-league-midfielders,False,Malouda,CLEAN_POSITIVE_MINUTES,2.0,malouda,MATCHED,EXACT_DISPLAY_NAME,MID,Malouda,Chelsea,0.0,9.0,https://web.archive.org/web/20070810212948id_/http://fantasy.premierleague.com/playerlist.html,False
Makelele,CHE,5.5,1221,15.0,0,,,1.0,0,,8,47,,25.98,8.55,MID,https://www.fantasyfootballscout.co.uk/fantasy-premier-league-midfielders,False,Makelele,CLEAN_POSITIVE_MINUTES,0.0,makelele,MATCHED,EXACT_DISPLAY_NAME,MID,Makelele,Chelsea,81.0,6.5,https://web.archive.org/web/20070810212948id_/http://fantasy.premierleague.com/playerlist.html,False
Mikel,CHE,6.0,1953,22.0,0,,,5.0,1,,5,58,,33.67,9.67,MID,https://www.fantasyfootballscout.co.uk/fantasy-premier-league-midfielders,False,Mikel,CLEAN_POSITIVE_MINUTES,0.0,mikel,MATCHED,EXACT_DISPLAY_NAME,MID,Mikel,Chelsea,42.0,7.0,https://web.archive.org/web/20070810212948id_/http://fantasy.premierleague.com/playerlist.html,False
Ballack,CHE,9.0,1410,17.0,1,,,5.0,0,,21,98,,14.39,10.89,MID,https://www.fantasyfootballscout.co.uk/fantasy-premier-league-midfielders,False,Ballack,CLEAN_POSITIVE_MINUTES,7.0,ballack,MATCHED,EXACT_DISPLAY_NAME,MID,Ballack,Chelsea,77.0,8.5,https://web.archive.org/web/20070810212948id_/http://fantasy.premierleague.com/playerlist.html,False
Sidwell,AVL,6.5,518,7.0,1,,,1.0,0,,0,25,,20.72,3.85,MID,https://www.fantasyfootballscout.co.uk/fantasy-premier-league-midfielders,False,Sidwell,CLEAN_POSITIVE_MINUTES,0.0,sidwell,MATCHED,EXACT_DISPLAY_NAME,MID,Sidwell,Chelsea,134.0,8.0,https://web.archive.org/web/20070810212948id_/http://fantasy.premierleague.com/playerlist.html,False
Cahill,EVE,8.0,1498,17.0,3,,,4.0,0,,9,94,,15.94,11.75,MID,https://www.fantasyfootballscout.co.uk/fantasy-premier-league-midfielders,False,Cahill,CLEAN_POSITIVE_MINUTES,7.0,cahill,MATCHED,EXACT_DISPLAY_NAME+TEAM_TIEBREAK,MID,Cahill,Everton,70.0,7.5,https://web.archive.org/web/20070810212948id_/http://fantasy.premierleague.com/playerlist.html,False
Osman,EVE,6.0,2313,26.0,2,,,0.0,0,,13,103,,22.46,17.17,MID,https://www.fantasyfootballscout.co.uk/fantasy-premier-league-midfielders,False,Osman,CLEAN_POSITIVE_MINUTES,4.0,osman,MATCHED,EXACT_DISPLAY_NAME,MID,Osman,Everton,104.0,6.0,https://web.archive.org/web/20070810212948id_/http://fantasy.premierleague.com/playerlist.html,False
Pienaar,EVE,5.5,2080,25.0,6,,,6.0,0,,8,90,,23.11,16.36,MID,https://www.fantasyfootballscout.co.uk/fantasy-premier-league-midfielders,False,Pienaar,CLEAN_POSITIVE_MINUTES,2.0,pienaar,MATCHED,EXACT_DISPLAY_NAME,MID,Pienaar,Everton,0.0,5.0,https://web.archive.org/web/20070810212948id_/http://fantasy.premierleague.com/playerlist.html,False
Arteta,EVE,7.5,2448,27.0,7,,,2.0,1,,17,105,,23.31,14.0,MID,https://www.fantasyfootballscout.co.uk/fantasy-premier-league-midfielders,False,Arteta,CLEAN_POSITIVE_MINUTES,1.0,arteta,MATCHED,EXACT_DISPLAY_NAME,MID,Arteta,Everton,178.0,8.5,https://web.archive.org/web/20070810212948id_/http://fantasy.premierleague.com/playerlist.html,False
Andreasen,FUL,4.5,788,9.0,0,,,2.0,1,,0,18,,43.78,4.0,MID,https://www.fantasyfootballscout.co.uk/fantasy-premier-league-midfielders,False,Andreasen,CLEAN_POSITIVE_MINUTES,0.0,andreasen,UNMATCHED,NO_LAUNCH_ROW,,,,,,,False
Bouazza,FUL,5.5,1188,15.0,2,,,1.0,1,,0,38,,31.26,6.91,MID,https://www.fantasyfootballscout.co.uk/fantasy-premier-league-midfielders,False,Bouazza,CLEAN_POSITIVE_MINUTES,1.0,bouazza,MATCHED,EXACT_DISPLAY_NAME,FWD,Bouazza,Fulham,98.0,6.0,https://web.archive.org/web/20070810212948id_/http://fantasy.premierleague.com/playerlist.html,False
Bullard,FUL,6.5,1386,16.0,3,,,0.0,0,,20,76,,18.24,11.69,MID,https://www.fantasyfootballscout.co.uk/fantasy-premier-league-midfielders,False,Bullard,CLEAN_POSITIVE_MINUTES,2.0,bullard,MATCHED,EXACT_DISPLAY_NAME,MID,Bullard,Fulham,23.0,6.5,https://web.archive.org/web/20070810212948id_/http://fantasy.premierleague.com/playerlist.html,False
Davies,FUL,6.0,3210,36.0,8,,,6.0,0,,19,140,,22.93,23.33,MID,https://www.fantasyfootballscout.co.uk/fantasy-premier-league-midfielders,False,Davies,CLEAN_POSITIVE_MINUTES,5.0,davies,MATCHED,EXACT_DISPLAY_NAME+TEAM_TIEBREAK,MID,Davies,Fulham,94.0,5.5,https://web.archive.org/web/20070810212948id_/http://fantasy.premierleague.com/playerlist.html,False
Seol,FUL,5.0,498,6.0,1,,,1.0,0,,0,22,,22.64,4.4,MID,https://www.fantasyfootballscout.co.uk/fantasy-premier-league-midfielders,False,Seol,CLEAN_POSITIVE_MINUTES,0.0,seol,MATCHED,EXACT_DISPLAY_NAME,MID,Seol,Reading,83.0,5.5,https://web.archive.org/web/20070810212948id_/http://fantasy.premierleague.com/playerlist.html,False
Dempsey,FUL,5.5,2671,32.0,3,,,4.0,0,,7,115,,23.23,20.91,MID,https://www.fantasyfootballscout.co.uk/fantasy-premier-league-midfielders,False,Dempsey,CLEAN_POSITIVE_MINUTES,6.0,dempsey,MATCHED,EXACT_DISPLAY_NAME,MID,Dempsey,Fulham,16.0,4.5,https://web.archive.org/web/20070810212948id_/http://fantasy.premierleague.com/playerlist.html,False
Murphy,FUL,5.5,2470,28.0,1,,,4.0,0,,8,97,,25.46,17.64,MID,https://www.fantasyfootballscout.co.uk/fantasy-premier-league-midfielders,False,Murphy,CLEAN_POSITIVE_MINUTES,5.0,murphy,MATCHED,EXACT_DISPLAY_NAME+CATEGORY_TIEBREAK,MID,Murphy,Tottenham,31.0,5.5,https://web.archive.org/web/20070810212948id_/http://fantasy.premierleague.com/playerlist.html,False
Smertin,FUL,4.5,988,11.0,1,,,2.0,0,,3,42,,23.52,9.33,MID,https://www.fantasyfootballscout.co.uk/fantasy-premier-league-midfielders,False,Smertin,CLEAN_POSITIVE_MINUTES,2.0,smertin,MATCHED,EXACT_DISPLAY_NAME,MID,Smertin,Fulham,16.0,4.0,https://web.archive.org/web/20070810212948id_/http://fantasy.premierleague.com/playerlist.html,False
Andranik,FUL,4.5,79,1.0,0,,,0.0,0,,0,3,,26.33,0.67,MID,https://www.fantasyfootballscout.co.uk/fantasy-premier-league-midfielders,False,Andranik,CLEAN_POSITIVE_MINUTES,0.0,andranik,MATCHED,EXACT_DISPLAY_NAME,MID,Andranik,Bolton,42.0,5.0,https://web.archive.org/web/20070810212948id_/http://fantasy.premierleague.com/playerlist.html,False
Geovanni,HUL,5.0,412,2.0,1,,,4.0,0,,0,36,,11.44,7.2,MID,https://www.fantasyfootballscout.co.uk/fantasy-premier-league-midfielders,False,Geovanni,CLEAN_POSITIVE_MINUTES,3.0,geovanni,MATCHED,EXACT_DISPLAY_NAME,MID,Geovanni,Man. City,0.0,7.0,https://web.archive.org/web/20070810212948id_/http://fantasy.premierleague.com/playerlist.html,False
Kuyt,LIV,8.5,2166,24.0,8,,,3.0,0,,5,95,,22.8,11.18,MID,https://www.fantasyfootballscout.co.uk/fantasy-premier-league-midfielders,False,Kuyt,CLEAN_POSITIVE_MINUTES,3.0,kuyt,MATCHED,EXACT_DISPLAY_NAME,FWD,Kuyt,Liverpool,140.0,9.5,https://web.archive.org/web/20070810212948id_/http://fantasy.premierleague.com/playerlist.html,False
Lucas,LIV,6.5,1110,12.0,5,,,0.0,0,,2,55,,20.18,8.46,MID,https://www.fantasyfootballscout.co.uk/fantasy-premier-league-midfielders,False,Lucas,CLEAN_POSITIVE_MINUTES,0.0,lucas,UNMATCHED,NO_LAUNCH_ROW,,,,,,,False
Alonso,LIV,6.0,1468,16.0,1,,,3.0,0,,7,60,,24.47,10.0,MID,https://www.fantasyfootballscout.co.uk/fantasy-premier-league-midfielders,False,Alonso,CLEAN_POSITIVE_MINUTES,2.0,alonso,MATCHED,EXACT_DISPLAY_NAME+TEAM_TIEBREAK,MID,Alonso,Liverpool,112.0,7.0,https://web.archive.org/web/20070810212948id_/http://fantasy.premierleague.com/playerlist.html,False
Plessis,LIV,5.0,180,1.0,0,,,0.0,0,,0,4,,45.0,0.8,MID,https://www.fantasyfootballscout.co.uk/fantasy-premier-league-midfielders,False,Plessis,CLEAN_POSITIVE_MINUTES,0.0,plessis,UNMATCHED,NO_LAUNCH_ROW,,,,,,,False
Mascherano,LIV,5.5,2153,24.0,1,,,5.0,1,,15,76,,28.33,13.82,MID,https://www.fantasyfootballscout.co.uk/fantasy-premier-league-midfielders,False,Mascherano,CLEAN_POSITIVE_MINUTES,1.0,mascherano,MATCHED,EXACT_DISPLAY_NAME,MID,Mascherano,Liverpool,25.0,6.0,https://web.archive.org/web/20070810212948id_/http://fantasy.premierleague.com/playerlist.html,False
Babel,LIV,7.5,1420,16.0,3,,,1.0,0,,1,78,,18.21,10.4,MID,https://www.fantasyfootballscout.co.uk/fantasy-premier-league-midfielders,False,Babel,CLEAN_POSITIVE_MINUTES,4.0,babel,MATCHED,EXACT_DISPLAY_NAME,MID,Babel,Liverpool,0.0,8.0,https://web.archive.org/web/20070810212948id_/http://fantasy.premierleague.com/playerlist.html,False
Benayoun,LIV,7.0,1581,15.0,2,,,0.0,0,,3,81,,19.52,11.57,MID,https://www.fantasyfootballscout.co.uk/fantasy-premier-league-midfielders,False,Benayoun,CLEAN_POSITIVE_MINUTES,4.0,benayoun,MATCHED,EXACT_DISPLAY_NAME,MID,Benayoun,Liverpool,88.0,7.0,https://web.archive.org/web/20070810212948id_/http://fantasy.premierleague.com/playerlist.html,False
Pennant,LIV,6.5,1128,14.0,3,,,3.0,0,,6,63,,17.9,9.69,MID,https://www.fantasyfootballscout.co.uk/fantasy-premier-league-midfielders,False,Pennant,CLEAN_POSITIVE_MINUTES,2.0,pennant,MATCHED,EXACT_DISPLAY_NAME,MID,Pennant,Liverpool,90.0,7.0,https://web.archive.org/web/20070810212948id_/http://fantasy.premierleague.com/playerlist.html,False
Gerrard,LIV,11.5,2840,32.0,11,,,3.0,0,,35,200,,14.2,17.39,MID,https://www.fantasyfootballscout.co.uk/fantasy-premier-league-midfielders,False,Gerrard,CLEAN_POSITIVE_MINUTES,11.0,gerrard,MATCHED,EXACT_DISPLAY_NAME,MID,Gerrard,Liverpool,180.0,10.5,https://web.archive.org/web/20070810212948id_/http://fantasy.premierleague.com/playerlist.html,False
Elano,MCY,8.5,2439,30.0,9,,,3.0,0,,13,149,,16.37,17.53,MID,https://www.fantasyfootballscout.co.uk/fantasy-premier-league-midfielders,False,Elano,CLEAN_POSITIVE_MINUTES,8.0,elano,MATCHED,EXACT_DISPLAY_NAME,MID,Elano,Man. City,0.0,8.0,https://web.archive.org/web/20070810212948id_/http://fantasy.premierleague.com/playerlist.html,False
Ireland,MCY,5.5,2547,32.0,4,,,1.0,1,,8,106,,24.03,19.27,MID,https://www.fantasyfootballscout.co.uk/fantasy-premier-league-midfielders,False,Ireland,CLEAN_POSITIVE_MINUTES,4.0,ireland,MATCHED,EXACT_DISPLAY_NAME,MID,Ireland,Man. City,52.0,5.0,https://web.archive.org/web/20070810212948id_/http://fantasy.premierleague.com/playerlist.html,False
Castillo,MCY,7.0,296,3.0,0,,,0.0,0,,0,9,,32.89,1.29,MID,https://www.fantasyfootballscout.co.uk/fantasy-premier-league-midfielders,False,Castillo,CLEAN_POSITIVE_MINUTES,0.0,castillo,UNMATCHED,NO_LAUNCH_ROW,,,,,,,False
Hamann,MCY,4.5,2203,26.0,1,,,8.0,0,,13,71,,31.03,15.78,MID,https://www.fantasyfootballscout.co.uk/fantasy-premier-league-midfielders,False,Hamann,CLEAN_POSITIVE_MINUTES,0.0,hamann,MATCHED,EXACT_DISPLAY_NAME,MID,Hamann,Man. City,29.0,4.5,https://web.archive.org/web/20070810212948id_/http://fantasy.premierleague.com/playerlist.html,False
Johnson,MCY,6.0,1930,22.0,3,,,4.0,0,,2,67,,28.81,11.17,MID,https://www.fantasyfootballscout.co.uk/fantasy-premier-league-midfielders,False,Johnson,CLEAN_POSITIVE_MINUTES,2.0,johnson,MATCHED,EXACT_DISPLAY_NAME+TEAM_TIEBREAK,MID,Johnson,Man. City,40.0,4.5,https://web.archive.org/web/20070810212948id_/http://fantasy.premierleague.com/playerlist.html,False
Gelson,MCY,5.0,1961,21.0,0,,,5.0,0,,5,59,,33.24,11.8,MID,https://www.fantasyfootballscout.co.uk/fantasy-premier-league-midfielders,False,Gelson,CLEAN_POSITIVE_MINUTES,2.0,gelson,MATCHED,EXACT_DISPLAY_NAME,MID,Gelson,Man. City,0.0,5.0,https://web.archive.org/web/20070810212948id_/http://fantasy.premierleague.com/playerlist.html,False
Petrov,MCY,7.5,2972,34.0,11,,,2.0,1,,21,153,,19.42,20.4,MID,https://www.fantasyfootballscout.co.uk/fantasy-premier-league-midfielders,False,Petrov,CLEAN_POSITIVE_MINUTES,5.0,petrov,MATCHED,EXACT_DISPLAY_NAME+TEAM_TIEBREAK,MID,Petrov,Man. City,0.0,6.5,https://web.archive.org/web/20070810212948id_/http://fantasy.premierleague.com/playerlist.html,False
O’Neil,MID,5.0,2330,27.0,5,,,8.0,0,,3,70,,33.29,14.0,MID,https://www.fantasyfootballscout.co.uk/fantasy-premier-league-midfielders,False,O’Neil,CLEAN_POSITIVE_MINUTES,0.0,oneil,MATCHED,EXACT_DISPLAY_NAME,MID,O'Neil,Portsmouth,99.0,6.0,https://web.archive.org/web/20070810212948id_/http://fantasy.premierleague.com/playerlist.html,False
Shawky,MID,4.5,252,3.0,0,,,1.0,0,,0,7,,36.0,1.56,MID,https://www.fantasyfootballscout.co.uk/fantasy-premier-league-midfielders,False,Shawky,CLEAN_POSITIVE_MINUTES,0.0,shawky,UNMATCHED,NO_LAUNCH_ROW,,,,,,,False
Johnson,MID,4.5,475,3.0,0,,,2.0,0,,0,25,,19.0,5.56,MID,https://www.fantasyfootballscout.co.uk/fantasy-premier-league-midfielders,False,Johnson,CLEAN_POSITIVE_MINUTES,1.0,johnson,MATCHED,EXACT_DISPLAY_NAME+TEAM_TIEBREAK,MID,Johnson,Middlesbrough,17.0,4.0,https://web.archive.org/web/20070810212948id_/http://fantasy.premierleague.com/playerlist.html,False
Arca,MID,5.5,1863,22.0,5,,,6.0,0,,8,77,,24.19,14.0,MID,https://www.fantasyfootballscout.co.uk/fantasy-premier-league-midfielders,False,Arca,CLEAN_POSITIVE_MINUTES,2.0,arca,MATCHED,EXACT_DISPLAY_NAME,MID,Arca,Middlesbrough,68.0,6.0,https://web.archive.org/web/20070810212948id_/http://fantasy.premierleague.com/playerlist.html,False
Downing,MID,7.5,3415,38.0,6,,,3.0,0,,22,166,,20.57,22.13,MID,https://www.fantasyfootballscout.co.uk/fantasy-premier-league-midfielders,False,Downing,CLEAN_POSITIVE_MINUTES,9.0,downing,MATCHED,EXACT_DISPLAY_NAME,MID,Downing,Middlesbrough,120.0,7.0,https://web.archive.org/web/20070810212948id_/http://fantasy.premierleague.com/playerlist.html,False
Boateng,HUL,5.0,2607,30.0,3,,,9.0,0,,13,86,,30.31,17.2,MID,https://www.fantasyfootballscout.co.uk/fantasy-premier-league-midfielders,False,Boateng,CLEAN_POSITIVE_MINUTES,1.0,boateng,AMBIGUOUS,EXACT_DISPLAY_NAME+MULTIPLE_REMAIN,,Boateng | Boateng,Tottenham | Middlesbrough,,,,False
Park,MUN,6.5,630,8.0,1,,,0.0,0,,0,31,,20.32,4.77,MID,https://www.fantasyfootballscout.co.uk/fantasy-premier-league-midfielders,False,Park,CLEAN_POSITIVE_MINUTES,1.0,park,MATCHED,EXACT_DISPLAY_NAME,MID,Park,Man. United,61.0,7.5,https://web.archive.org/web/20070810212948id_/http://fantasy.premierleague.com/playerlist.html,False
Carrick,MUN,7.0,2203,25.0,3,,,2.0,0,,10,93,,23.69,13.29,MID,https://www.fantasyfootballscout.co.uk/fantasy-premier-league-midfielders,False,Carrick,CLEAN_POSITIVE_MINUTES,2.0,carrick,MATCHED,EXACT_DISPLAY_NAME,MID,Carrick,Man. United,106.0,7.5,https://web.archive.org/web/20070810212948id_/http://fantasy.premierleague.com/playerlist.html,False
Scholes,MUN,7.0,1836,22.0,4,,,3.0,0,,14,85,,21.6,12.14,MID,https://www.fantasyfootballscout.co.uk/fantasy-premier-league-midfielders,False,Scholes,CLEAN_POSITIVE_MINUTES,1.0,scholes,MATCHED,EXACT_DISPLAY_NAME,MID,Scholes,Man. United,132.0,8.0,https://web.archive.org/web/20070810212948id_/http://fantasy.premierleague.com/playerlist.html,False
Hargreaves,MUN,7.0,1527,17.0,2,,,2.0,0,,8,69,,22.13,9.86,MID,https://www.fantasyfootballscout.co.uk/fantasy-premier-league-midfielders,False,Hargreaves,CLEAN_POSITIVE_MINUTES,2.0,hargreaves,MATCHED,EXACT_DISPLAY_NAME,MID,Hargreaves,Man. United,0.0,6.5,https://web.archive.org/web/20070810212948id_/http://fantasy.premierleague.com/playerlist.html,False
Ronaldo,MUN,14.0,2746,31.0,7,,,5.0,1,,35,283,,9.7,20.21,MID,https://www.fantasyfootballscout.co.uk/fantasy-premier-league-midfielders,False,Ronaldo,CLEAN_POSITIVE_MINUTES,31.0,ronaldo,MATCHED,EXACT_DISPLAY_NAME,MID,Ronaldo,Man. United,244.0,12.0,https://web.archive.org/web/20070810212948id_/http://fantasy.premierleague.com/playerlist.html,False
Nani,MUN,8.0,1572,17.0,9,,,2.0,1,,5,89,,17.66,11.13,MID,https://www.fantasyfootballscout.co.uk/fantasy-premier-league-midfielders,False,Nani,CLEAN_POSITIVE_MINUTES,3.0,nani,MATCHED,EXACT_DISPLAY_NAME,MID,Nani,Man. United,0.0,8.0,https://web.archive.org/web/20070810212948id_/http://fantasy.premierleague.com/playerlist.html,False
Fletcher,MUN,5.5,653,5.0,2,,,1.0,0,,0,28,,23.32,5.09,MID,https://www.fantasyfootballscout.co.uk/fantasy-premier-league-midfielders,False,Fletcher,CLEAN_POSITIVE_MINUTES,0.0,fletcher,MATCHED,EXACT_DISPLAY_NAME,MID,Fletcher,Man. United,64.0,6.5,https://web.archive.org/web/20070810212948id_/http://fantasy.premierleague.com/playerlist.html,False
Giggs,MUN,7.5,2234,27.0,5,,,1.0,0,,3,101,,22.12,13.47,MID,https://www.fantasyfootballscout.co.uk/fantasy-premier-league-midfielders,False,Giggs,CLEAN_POSITIVE_MINUTES,3.0,giggs,MATCHED,EXACT_DISPLAY_NAME,MID,Giggs,Man. United,125.0,8.5,https://web.archive.org/web/20070810212948id_/http://fantasy.premierleague.com/playerlist.html,False
Anderson,MUN,6.0,1485,17.0,1,,,2.0,0,,3,54,,27.5,9.0,MID,https://www.fantasyfootballscout.co.uk/fantasy-premier-league-midfielders,False,Anderson,CLEAN_POSITIVE_MINUTES,0.0,anderson,MATCHED,EXACT_DISPLAY_NAME+TEAM_TIEBREAK,MID,Anderson,Man. United,0.0,8.0,https://web.archive.org/web/20070810212948id_/http://fantasy.premierleague.com/playerlist.html,False
Guthrie,NEW,5.0,1896,23.0,0,,,4.0,0,,7,57,,33.26,11.4,MID,https://www.fantasyfootballscout.co.uk/fantasy-premier-league-midfielders,False,Guthrie,CLEAN_POSITIVE_MINUTES,0.0,guthrie,MATCHED,EXACT_DISPLAY_NAME,MID,Guthrie,Bolton,3.0,4.5,https://web.archive.org/web/20070810212948id_/http://fantasy.premierleague.com/playerlist.html,False
Milner,NEW,6.0,2227,25.0,2,,,3.0,0,,14,84,,26.51,14.0,MID,https://www.fantasyfootballscout.co.uk/fantasy-premier-league-midfielders,False,Milner,CLEAN_POSITIVE_MINUTES,2.0,milner,MATCHED,EXACT_DISPLAY_NAME,MID,Milner,Newcastle,114.0,6.5,https://web.archive.org/web/20070810212948id_/http://fantasy.premierleague.com/playerlist.html,False
Butt,NEW,5.5,2998,34.0,1,,,12.0,0,,28,110,,27.25,20.0,MID,https://www.fantasyfootballscout.co.uk/fantasy-premier-league-midfielders,False,Butt,CLEAN_POSITIVE_MINUTES,3.0,butt,MATCHED,EXACT_DISPLAY_NAME,MID,Butt,Newcastle,71.0,5.0,https://web.archive.org/web/20070810212948id_/http://fantasy.premierleague.com/playerlist.html,False
Duff,NEW,6.0,1062,12.0,0,,,3.0,0,,1,27,,39.33,4.5,MID,https://www.fantasyfootballscout.co.uk/fantasy-premier-league-midfielders,False,Duff,CLEAN_POSITIVE_MINUTES,0.0,duff,MATCHED,EXACT_DISPLAY_NAME,MID,Duff,Newcastle,51.0,7.0,https://web.archive.org/web/20070810212948id_/http://fantasy.premierleague.com/playerlist.html,False
Geremi,NEW,6.0,2057,25.0,7,,,3.0,0,,4,101,,20.37,16.83,MID,https://www.fantasyfootballscout.co.uk/fantasy-premier-league-midfielders,False,Geremi,CLEAN_POSITIVE_MINUTES,2.0,geremi,MATCHED,EXACT_DISPLAY_NAME,DEF,Geremi,Newcastle,51.0,5.5,https://web.archive.org/web/20070810212948id_/http://fantasy.premierleague.com/playerlist.html,False
Smith,NEW,5.0,2396,27.0,3,,,9.0,1,,5,61,,39.28,12.2,MID,https://www.fantasyfootballscout.co.uk/fantasy-premier-league-midfielders,False,Smith,CLEAN_POSITIVE_MINUTES,0.0,smith,MATCHED,EXACT_DISPLAY_NAME,FWD,Smith,Newcastle,19.0,7.0,https://web.archive.org/web/20070810212948id_/http://fantasy.premierleague.com/playerlist.html,False
Mvuemba,POR,4.5,316,4.0,0,,,0.0,0,,0,12,,26.33,2.67,MID,https://www.fantasyfootballscout.co.uk/fantasy-premier-league-midfielders,False,Mvuemba,CLEAN_POSITIVE_MINUTES,0.0,mvuemba,MATCHED,EXACT_DISPLAY_NAME,MID,Mvuemba,Portsmouth,15.0,5.0,https://web.archive.org/web/20070810212948id_/http://fantasy.premierleague.com/playerlist.html,False
Hughes,POR,4.5,770,8.0,0,,,2.0,0,,0,22,,35.0,4.89,MID,https://www.fantasyfootballscout.co.uk/fantasy-premier-league-midfielders,False,Hughes,CLEAN_POSITIVE_MINUTES,0.0,hughes,MATCHED,EXACT_DISPLAY_NAME+TEAM_TIEBREAK,MID,Hughes,Portsmouth,33.0,4.5,https://web.archive.org/web/20070810212948id_/http://fantasy.premierleague.com/playerlist.html,False
Kranjcar,POR,6.5,2854,33.0,4,,,2.0,0,,10,118,,24.19,18.15,MID,https://www.fantasyfootballscout.co.uk/fantasy-premier-league-midfielders,False,Kranjcar,CLEAN_POSITIVE_MINUTES,4.0,kranjcar,MATCHED,EXACT_DISPLAY_NAME,MID,Kranjcar,Portsmouth,58.0,6.0,https://web.archive.org/web/20070810212948id_/http://fantasy.premierleague.com/playerlist.html,False
Davis,POR,5.0,1648,19.0,2,,,8.0,0,,0,51,,32.31,10.2,MID,https://www.fantasyfootballscout.co.uk/fantasy-premier-league-midfielders,False,Davis,CLEAN_POSITIVE_MINUTES,1.0,davis,MATCHED,EXACT_DISPLAY_NAME+TEAM_TIEBREAK,MID,Davis,Portsmouth,78.0,5.5,https://web.archive.org/web/20070810212948id_/http://fantasy.premierleague.com/playerlist.html,False
Mendes,POR,4.5,1221,15.0,4,,,3.0,0,,8,52,,23.48,11.56,MID,https://www.fantasyfootballscout.co.uk/fantasy-premier-league-midfielders,False,Mendes,CLEAN_POSITIVE_MINUTES,0.0,mendes,MATCHED,EXACT_DISPLAY_NAME,MID,Mendes,Portsmouth,87.0,5.5,https://web.archive.org/web/20070810212948id_/http://fantasy.premierleague.com/playerlist.html,False
Diop,POR,5.5,2173,25.0,4,,,7.0,0,,6,77,,28.22,14.0,MID,https://www.fantasyfootballscout.co.uk/fantasy-premier-league-midfielders,False,Diop,CLEAN_POSITIVE_MINUTES,0.0,diop,MATCHED,EXACT_DISPLAY_NAME,MID,Diop,Fulham,48.0,5.0,https://web.archive.org/web/20070810212948id_/http://fantasy.premierleague.com/playerlist.html,False
Muntari,POR,6.5,2367,27.0,3,,,4.0,2,,7,97,,24.4,14.92,MID,https://www.fantasyfootballscout.co.uk/fantasy-premier-league-midfielders,False,Muntari,CLEAN_POSITIVE_MINUTES,4.0,muntari,MATCHED,EXACT_DISPLAY_NAME,MID,Muntari,Portsmouth,0.0,6.5,https://web.archive.org/web/20070810212948id_/http://fantasy.premierleague.com/playerlist.html,False
Diarra,POR,5.5,1370,15.0,0,,,3.0,0,,15,54,,25.37,9.82,MID,https://www.fantasyfootballscout.co.uk/fantasy-premier-league-midfielders,False,Diarra,CLEAN_POSITIVE_MINUTES,1.0,diarra,MATCHED,EXACT_DISPLAY_NAME,MID,Diarra,Chelsea,20.0,6.0,https://web.archive.org/web/20070810212948id_/http://fantasy.premierleague.com/playerlist.html,False
Little,POR,4.5,53,0.0,0,,,0.0,0,,0,2,,26.5,0.44,MID,https://www.fantasyfootballscout.co.uk/fantasy-premier-league-midfielders,False,Little,CLEAN_POSITIVE_MINUTES,0.0,little,MATCHED,EXACT_DISPLAY_NAME,MID,Little,Reading,68.0,5.0,https://web.archive.org/web/20070810212948id_/http://fantasy.premierleague.com/playerlist.html,False
Wallace,SUN,4.5,1491,19.0,2,,,3.0,0,,2,55,,27.11,12.22,MID,https://www.fantasyfootballscout.co.uk/fantasy-premier-league-midfielders,False,Wallace,CLEAN_POSITIVE_MINUTES,2.0,wallace,MATCHED,EXACT_DISPLAY_NAME,MID,Wallace,Sunderland,0.0,4.0,https://web.archive.org/web/20070810212948id_/http://fantasy.premierleague.com/playerlist.html,False
Richardson,SUN,6.0,1109,13.0,2,,,3.0,0,,3,53,,20.92,8.83,MID,https://www.fantasyfootballscout.co.uk/fantasy-premier-league-midfielders,False,Richardson,CLEAN_POSITIVE_MINUTES,3.0,richardson,MATCHED,EXACT_DISPLAY_NAME,MID,Richardson,Sunderland,30.0,5.5,https://web.archive.org/web/20070810212948id_/http://fantasy.premierleague.com/playerlist.html,False
Leadbitter,SUN,5.0,1896,21.0,5,,,5.0,0,,2,71,,26.7,14.2,MID,https://www.fantasyfootballscout.co.uk/fantasy-premier-league-midfielders,False,Leadbitter,CLEAN_POSITIVE_MINUTES,2.0,leadbitter,MATCHED,EXACT_DISPLAY_NAME,MID,Leadbitter,Sunderland,0.0,4.5,https://web.archive.org/web/20070810212948id_/http://fantasy.premierleague.com/playerlist.html,False
Miller,SUN,4.5,1604,17.0,2,,,3.0,1,,0,47,,34.13,10.44,MID,https://www.fantasyfootballscout.co.uk/fantasy-premier-league-midfielders,False,Miller,CLEAN_POSITIVE_MINUTES,1.0,miller,MATCHED,EXACT_DISPLAY_NAME+TEAM_TIEBREAK,MID,Miller,Sunderland,0.0,4.0,https://web.archive.org/web/20070810212948id_/http://fantasy.premierleague.com/playerlist.html,False
Reid,SUN,6.0,985,11.0,2,,,2.0,0,,15,50,,19.7,8.33,MID,https://www.fantasyfootballscout.co.uk/fantasy-premier-league-midfielders,False,Reid,CLEAN_POSITIVE_MINUTES,1.0,reid,MATCHED,EXACT_DISPLAY_NAME,MID,Reid,Blackburn,6.0,6.0,https://web.archive.org/web/20070810212948id_/http://fantasy.premierleague.com/playerlist.html,False
Edwards,SUN,5.5,845,11.0,0,,,0.0,0,,5,29,,29.14,5.27,MID,https://www.fantasyfootballscout.co.uk/fantasy-premier-league-midfielders,False,Edwards,CLEAN_POSITIVE_MINUTES,0.0,edwards,MATCHED,EXACT_DISPLAY_NAME,MID,Edwards,Sunderland,0.0,5.0,https://web.archive.org/web/20070810212948id_/http://fantasy.premierleague.com/playerlist.html,False
Whitehead,SUN,5.0,2397,27.0,2,,,8.0,0,,1,62,,38.66,12.4,MID,https://www.fantasyfootballscout.co.uk/fantasy-premier-league-midfielders,False,Whitehead,CLEAN_POSITIVE_MINUTES,1.0,whitehead,MATCHED,EXACT_DISPLAY_NAME,MID,Whitehead,Sunderland,0.0,5.0,https://web.archive.org/web/20070810212948id_/http://fantasy.premierleague.com/playerlist.html,False
O’Donovan,SUN,4.5,459,4.0,0,,,2.0,0,,0,16,,28.69,3.56,MID,https://www.fantasyfootballscout.co.uk/fantasy-premier-league-midfielders,False,O’Donovan,CLEAN_POSITIVE_MINUTES,0.0,odonovan,UNMATCHED,NO_LAUNCH_ROW,,,,,,,False
Yorke,SUN,4.5,1250,17.0,0,,,4.0,1,,2,34,,36.76,7.56,MID,https://www.fantasyfootballscout.co.uk/fantasy-premier-league-midfielders,False,Yorke,CLEAN_POSITIVE_MINUTES,1.0,yorke,MATCHED,EXACT_DISPLAY_NAME,MID,Yorke,Sunderland,0.0,4.5,https://web.archive.org/web/20070810212948id_/http://fantasy.premierleague.com/playerlist.html,False
Tainio,SUN,5.0,651,8.0,0,,,1.0,0,,0,19,,34.26,3.8,MID,https://www.fantasyfootballscout.co.uk/fantasy-premier-league-midfielders,False,Tainio,CLEAN_POSITIVE_MINUTES,0.0,tainio,MATCHED,EXACT_DISPLAY_NAME,MID,Tainio,Tottenham,52.0,5.5,https://web.archive.org/web/20070810212948id_/http://fantasy.premierleague.com/playerlist.html,False
Etuhu,Sun,4.5,1504,18.0,1,,,4.0,0,,1,44,,34.18,9.78,MID,https://www.fantasyfootballscout.co.uk/fantasy-premier-league-midfielders,False,Etuhu,CLEAN_POSITIVE_MINUTES,1.0,etuhu,MATCHED,EXACT_DISPLAY_NAME,MID,Etuhu,Sunderland,0.0,4.5,https://web.archive.org/web/20070810212948id_/http://fantasy.premierleague.com/playerlist.html,False
Malbranque,SUN,6.5,2840,35.0,6,,,4.0,0,,8,113,,25.13,17.38,MID,https://www.fantasyfootballscout.co.uk/fantasy-premier-league-midfielders,False,Malbranque,CLEAN_POSITIVE_MINUTES,4.0,malbranque,MATCHED,EXACT_DISPLAY_NAME,MID,Malbranque,Tottenham,60.0,6.5,https://web.archive.org/web/20070810212948id_/http://fantasy.premierleague.com/playerlist.html,False
Zokora,TOT,5.5,2252,25.0,0,,,6.0,0,,0,53,,42.49,9.64,MID,https://www.fantasyfootballscout.co.uk/fantasy-premier-league-midfielders,False,Zokora,CLEAN_POSITIVE_MINUTES,0.0,zokora,MATCHED,EXACT_DISPLAY_NAME,MID,Zokora,Tottenham,60.0,6.0,https://web.archive.org/web/20070810212948id_/http://fantasy.premierleague.com/playerlist.html,False
Huddlestone,TOT,6.0,1945,24.0,7,,,5.0,0,,11,95,,20.47,15.83,MID,https://www.fantasyfootballscout.co.uk/fantasy-premier-league-midfielders,False,Huddlestone,CLEAN_POSITIVE_MINUTES,3.0,huddlestone,MATCHED,EXACT_DISPLAY_NAME,MID,Huddlestone,Tottenham,64.0,5.0,https://web.archive.org/web/20070810212948id_/http://fantasy.premierleague.com/playerlist.html,False
Lennon,TOT,7.0,2129,25.0,6,,,1.0,0,,8,95,,22.41,13.57,MID,https://www.fantasyfootballscout.co.uk/fantasy-premier-league-midfielders,False,Lennon,CLEAN_POSITIVE_MINUTES,2.0,lennon,MATCHED,EXACT_DISPLAY_NAME,MID,Lennon,Tottenham,98.0,7.5,https://web.archive.org/web/20070810212948id_/http://fantasy.premierleague.com/playerlist.html,False
Taarabt,TOT,4.5,129,0.0,0,,,0.0,0,,0,6,,21.5,1.33,MID,https://www.fantasyfootballscout.co.uk/fantasy-premier-league-midfielders,False,Taarabt,CLEAN_POSITIVE_MINUTES,0.0,taarabt,MATCHED,EXACT_DISPLAY_NAME,MID,Taarabt,Tottenham,2.0,4.5,https://web.archive.org/web/20070810212948id_/http://fantasy.premierleague.com/playerlist.html,False
Boateng,TOT,5.0,592,7.0,0,,,2.0,0,,0,17,,34.82,3.4,MID,https://www.fantasyfootballscout.co.uk/fantasy-premier-league-midfielders,False,Boateng,CLEAN_POSITIVE_MINUTES,0.0,boateng,MATCHED,EXACT_DISPLAY_NAME+TEAM_TIEBREAK,MID,Boateng,Tottenham,0.0,6.0,https://web.archive.org/web/20070810212948id_/http://fantasy.premierleague.com/playerlist.html,False
Jenas,TOT,7.0,2475,29.0,6,,,3.0,0,,7,104,,23.8,14.86,MID,https://www.fantasyfootballscout.co.uk/fantasy-premier-league-midfielders,False,Jenas,CLEAN_POSITIVE_MINUTES,4.0,jenas,MATCHED,EXACT_DISPLAY_NAME,MID,Jenas,Tottenham,95.0,7.0,https://web.archive.org/web/20070810212948id_/http://fantasy.premierleague.com/playerlist.html,False
O’Hara,TOT,5.0,897,10.0,0,,,3.0,0,,0,25,,35.88,5.0,MID,https://www.fantasyfootballscout.co.uk/fantasy-premier-league-midfielders,False,O’Hara,CLEAN_POSITIVE_MINUTES,1.0,ohara,UNMATCHED,NO_LAUNCH_ROW,,,,,,,False
Parker,WHM,5.0,1425,17.0,0,,,3.0,0,,3,39,,36.54,7.8,MID,https://www.fantasyfootballscout.co.uk/fantasy-premier-league-midfielders,False,Parker,CLEAN_POSITIVE_MINUTES,1.0,parker,MATCHED,EXACT_DISPLAY_NAME,MID,Parker,West Ham,92.0,6.0,https://web.archive.org/web/20070810212948id_/http://fantasy.premierleague.com/playerlist.html,False
Boa Morte,WHM,5.0,1494,18.0,3,,,2.0,1,,2,50,,29.88,10.0,MID,https://www.fantasyfootballscout.co.uk/fantasy-premier-league-midfielders,False,Boa Morte,CLEAN_POSITIVE_MINUTES,0.0,boamorte,MATCHED,EXACT_DISPLAY_NAME,MID,Boa Morte,West Ham,70.0,7.0,https://web.archive.org/web/20070810212948id_/http://fantasy.premierleague.com/playerlist.html,False
Faubert,WHM,5.5,345,4.0,0,,,1.0,0,,0,11,,31.36,2.0,MID,https://www.fantasyfootballscout.co.uk/fantasy-premier-league-midfielders,False,Faubert,CLEAN_POSITIVE_MINUTES,0.0,faubert,MATCHED,EXACT_DISPLAY_NAME,MID,Faubert,West Ham,0.0,7.0,https://web.archive.org/web/20070810212948id_/http://fantasy.premierleague.com/playerlist.html,False
Etherington,WHM,5.5,1305,17.0,1,,,2.0,0,,8,59,,22.12,10.73,MID,https://www.fantasyfootballscout.co.uk/fantasy-premier-league-midfielders,False,Etherington,CLEAN_POSITIVE_MINUTES,3.0,etherington,MATCHED,EXACT_DISPLAY_NAME,MID,Etherington,West Ham,63.0,6.0,https://web.archive.org/web/20070810212948id_/http://fantasy.premierleague.com/playerlist.html,False
Bowyer,WHM,5.5,1008,12.0,2,,,7.0,1,,5,50,,20.16,9.09,MID,https://www.fantasyfootballscout.co.uk/fantasy-premier-league-midfielders,False,Bowyer,CLEAN_POSITIVE_MINUTES,4.0,bowyer,MATCHED,EXACT_DISPLAY_NAME,MID,Bowyer,West Ham,54.0,5.5,https://web.archive.org/web/20070810212948id_/http://fantasy.premierleague.com/playerlist.html,False
Noble,WHM,5.5,2289,25.0,3,,,6.0,0,,5,86,,26.62,15.64,MID,https://www.fantasyfootballscout.co.uk/fantasy-premier-league-midfielders,False,Noble,CLEAN_POSITIVE_MINUTES,3.0,noble,MATCHED,EXACT_DISPLAY_NAME,MID,Noble,West Ham,37.0,4.5,https://web.archive.org/web/20070810212948id_/http://fantasy.premierleague.com/playerlist.html,False
Ljungberg,WHM,6.0,1854,20.0,4,,,3.0,0,,8,74,,25.05,12.33,MID,https://www.fantasyfootballscout.co.uk/fantasy-premier-league-midfielders,False,Ljungberg,CLEAN_POSITIVE_MINUTES,2.0,ljungberg,MATCHED,EXACT_DISPLAY_NAME,MID,Ljungberg,West Ham,36.0,7.0,https://web.archive.org/web/20070810212948id_/http://fantasy.premierleague.com/playerlist.html,False
Dyer,WHM,5.5,180,2.0,0,,,0.0,0,,0,5,,36.0,0.91,MID,https://www.fantasyfootballscout.co.uk/fantasy-premier-league-midfielders,False,Dyer,CLEAN_POSITIVE_MINUTES,0.0,dyer,MATCHED,EXACT_DISPLAY_NAME,MID,Dyer,Newcastle,77.0,7.0,https://web.archive.org/web/20070810212948id_/http://fantasy.premierleague.com/playerlist.html,False
Mullins,WHM,4.5,2803,34.0,0,,,3.0,0,,1,71,,39.48,15.78,MID,https://www.fantasyfootballscout.co.uk/fantasy-premier-league-midfielders,False,Mullins,CLEAN_POSITIVE_MINUTES,0.0,mullins,MATCHED,EXACT_DISPLAY_NAME,MID,Mullins,West Ham,66.0,4.5,https://web.archive.org/web/20070810212948id_/http://fantasy.premierleague.com/playerlist.html,False
Palacios,WIG,5.5,1730,20.0,1,,,6.0,1,,3,49,,35.31,8.91,MID,https://www.fantasyfootballscout.co.uk/fantasy-premier-league-midfielders,False,Palacios,CLEAN_POSITIVE_MINUTES,0.0,palacios,UNMATCHED,NO_LAUNCH_ROW,,,,,,,False
Kilbane,WIG,5.0,2962,33.0,1,,,2.0,1,,7,86,,34.44,17.2,MID,https://www.fantasyfootballscout.co.uk/fantasy-premier-league-midfielders,False,Kilbane,CLEAN_POSITIVE_MINUTES,1.0,kilbane,MATCHED,EXACT_DISPLAY_NAME,MID,Kilbane,Wigan,90.0,5.0,https://web.archive.org/web/20070810212948id_/http://fantasy.premierleague.com/playerlist.html,False
Koumas,WIG,5.5,1985,21.0,4,,,1.0,1,,18,86,,23.08,15.64,MID,https://www.fantasyfootballscout.co.uk/fantasy-premier-league-midfielders,False,Koumas,CLEAN_POSITIVE_MINUTES,1.0,koumas,MATCHED,EXACT_DISPLAY_NAME,MID,Koumas,Wigan,0.0,6.0,https://web.archive.org/web/20070810212948id_/http://fantasy.premierleague.com/playerlist.html,False
Sibierski,WIG,5.0,1023,10.0,1,,,1.0,0,,2,64,,15.98,12.8,MID,https://www.fantasyfootballscout.co.uk/fantasy-premier-league-midfielders,False,Sibierski,CLEAN_POSITIVE_MINUTES,4.0,sibierski,MATCHED,EXACT_DISPLAY_NAME,MID,Sibierski,Wigan,62.0,5.5,https://web.archive.org/web/20070810212948id_/http://fantasy.premierleague.com/playerlist.html,False
Brown,WIG,4.5,2473,27.0,0,,,11.0,0,,6,62,,39.89,13.78,MID,https://www.fantasyfootballscout.co.uk/fantasy-premier-league-midfielders,False,Brown,CLEAN_POSITIVE_MINUTES,0.0,brown,MATCHED,EXACT_DISPLAY_NAME+TEAM_TIEBREAK,MID,Brown,Wigan,77.0,4.5,https://web.archive.org/web/20070810212948id_/http://fantasy.premierleague.com/playerlist.html,False
Valencia,WIG,6.0,2711,30.0,4,,,5.0,0,,12,108,,25.1,18.0,MID,https://www.fantasyfootballscout.co.uk/fantasy-premier-league-midfielders,False,Valencia,CLEAN_POSITIVE_MINUTES,3.0,valencia,MATCHED,EXACT_DISPLAY_NAME,MID,Valencia,Wigan,48.0,5.0,https://web.archive.org/web/20070810212948id_/http://fantasy.premierleague.com/playerlist.html,False
De Ridder,WIG,4.5,579,6.0,1,,,1.0,0,,3,21,,27.57,4.67,MID,https://www.fantasyfootballscout.co.uk/fantasy-premier-league-midfielders,False,De Ridder,CLEAN_POSITIVE_MINUTES,0.0,deridder,MATCHED,EXACT_DISPLAY_NAME,MID,De Ridder,Birmingham,0.0,4.5,https://web.archive.org/web/20070810212948id_/http://fantasy.premierleague.com/playerlist.html,False
Cattermole,WIG,5.0,1002,11.0,0,,,5.0,0,,3,37,,27.08,7.4,MID,https://www.fantasyfootballscout.co.uk/fantasy-premier-league-midfielders,False,Cattermole,CLEAN_POSITIVE_MINUTES,1.0,cattermole,MATCHED,EXACT_DISPLAY_NAME,MID,Cattermole,Middlesbrough,57.0,5.5,https://web.archive.org/web/20070810212948id_/http://fantasy.premierleague.com/playerlist.html,False
Kapo,WIG,5.5,2019,23.0,0,,,5.0,0,,8,76,,26.57,13.82,MID,https://www.fantasyfootballscout.co.uk/fantasy-premier-league-midfielders,False,Kapo,CLEAN_POSITIVE_MINUTES,5.0,kapo,MATCHED,EXACT_DISPLAY_NAME,MID,Kapo,Birmingham,0.0,5.0,https://web.archive.org/web/20070810212948id_/http://fantasy.premierleague.com/playerlist.html,False
Van Persie,ARS,9.5,1073,13.0,3,,,2.0,0,,8,68,,15.78,7.16,FWD,https://www.fantasyfootballscout.co.uk/fantasy-premier-league-forwards,False,Van Persie,CLEAN_POSITIVE_MINUTES,7.0,vanpersie,MATCHED,EXACT_DISPLAY_NAME,FWD,Van Persie,Arsenal,108.0,9.0,https://web.archive.org/web/20070810212948id_/http://fantasy.premierleague.com/playerlist.html,False
Adebayor,ARS,11.0,2928,33.0,4,,,3.0,0,,27,200,,14.64,18.18,FWD,https://www.fantasyfootballscout.co.uk/fantasy-premier-league-forwards,False,Adebayor,CLEAN_POSITIVE_MINUTES,24.0,adebayor,MATCHED,EXACT_DISPLAY_NAME,FWD,Adebayor,Arsenal,110.0,8.0,https://web.archive.org/web/20070810212948id_/http://fantasy.premierleague.com/playerlist.html,False
Walcott,ARS,7.0,1260,11.0,3,,,0.0,0,,4,65,,19.38,9.29,FWD,https://www.fantasyfootballscout.co.uk/fantasy-premier-league-forwards,False,Walcott,CLEAN_POSITIVE_MINUTES,4.0,walcott,MATCHED,EXACT_DISPLAY_NAME,FWD,Walcott,Arsenal,36.0,7.5,https://web.archive.org/web/20070810212948id_/http://fantasy.premierleague.com/playerlist.html,False
Eduardo,ARS,8.5,961,12.0,5,,,3.0,0,,5,61,,15.75,7.18,FWD,https://www.fantasyfootballscout.co.uk/fantasy-premier-league-forwards,False,Eduardo,CLEAN_POSITIVE_MINUTES,4.0,eduardo,MATCHED,EXACT_DISPLAY_NAME,FWD,Eduardo,Arsenal,0.0,9.0,https://web.archive.org/web/20070810212948id_/http://fantasy.premierleague.com/playerlist.html,False
Bendtner,ARS,5.5,945,9.0,3,,,1.0,1,,4,63,,15.0,11.45,FWD,https://www.fantasyfootballscout.co.uk/fantasy-premier-league-forwards,False,Bendtner,CLEAN_POSITIVE_MINUTES,5.0,bendtner,MATCHED,EXACT_DISPLAY_NAME,FWD,Bendtner,Arsenal,0.0,6.0,https://web.archive.org/web/20070810212948id_/http://fantasy.premierleague.com/playerlist.html,False
Agbonlahor,AVL,8.0,3278,37.0,8,,,4.0,0,,21,158,,20.75,19.75,FWD,https://www.fantasyfootballscout.co.uk/fantasy-premier-league-forwards,False,Agbonlahor,CLEAN_POSITIVE_MINUTES,11.0,agbonlahor,MATCHED,EXACT_DISPLAY_NAME,FWD,Agbonlahor,Aston Villa,144.0,7.5,https://web.archive.org/web/20070810212948id_/http://fantasy.premierleague.com/playerlist.html,False
Harewood,AVL,5.0,521,4.0,0,,,2.0,0,,0,42,,12.4,8.4,FWD,https://www.fantasyfootballscout.co.uk/fantasy-premier-league-forwards,False,Harewood,CLEAN_POSITIVE_MINUTES,5.0,harewood,MATCHED,EXACT_DISPLAY_NAME,FWD,Harewood,Aston Villa,59.0,5.5,https://web.archive.org/web/20070810212948id_/http://fantasy.premierleague.com/playerlist.html,False
Carew,AVL,7.5,2546,30.0,3,,,5.0,0,,19,136,,18.72,18.13,FWD,https://www.fantasyfootballscout.co.uk/fantasy-premier-league-forwards,False,Carew,CLEAN_POSITIVE_MINUTES,13.0,carew,MATCHED,EXACT_DISPLAY_NAME,FWD,Carew,Aston Villa,48.0,8.0,https://web.archive.org/web/20070810212948id_/http://fantasy.premierleague.com/playerlist.html,False
Rigters,BLA,5.0,16,0.0,0,,,0.0,0,,0,2,,8.0,0.4,FWD,https://www.fantasyfootballscout.co.uk/fantasy-premier-league-forwards,False,Rigters,CLEAN_POSITIVE_MINUTES,0.0,rigters,MATCHED,EXACT_DISPLAY_NAME,FWD,Rigters,Blackburn,0.0,6.5,https://web.archive.org/web/20070810212948id_/http://fantasy.premierleague.com/playerlist.html,False
McCarthy,BLA,7.5,1680,22.0,1,,,1.0,0,,3,82,,20.49,10.93,FWD,https://www.fantasyfootballscout.co.uk/fantasy-premier-league-forwards,False,McCarthy,CLEAN_POSITIVE_MINUTES,8.0,mccarthy,MATCHED,EXACT_DISPLAY_NAME,FWD,McCarthy,Blackburn,151.0,9.0,https://web.archive.org/web/20070810212948id_/http://fantasy.premierleague.com/playerlist.html,False
Santa Cruz,BLA,9.0,3187,36.0,7,,,3.0,0,,16,182,,17.51,20.22,FWD,https://www.fantasyfootballscout.co.uk/fantasy-premier-league-forwards,False,Santa Cruz,CLEAN_POSITIVE_MINUTES,19.0,santacruz,MATCHED,EXACT_DISPLAY_NAME,FWD,Santa Cruz,Blackburn,0.0,7.0,https://web.archive.org/web/20070810212948id_/http://fantasy.premierleague.com/playerlist.html,False
Roberts,BLA,6.5,1264,12.0,6,,,2.0,0,,1,67,,18.87,10.31,FWD,https://www.fantasyfootballscout.co.uk/fantasy-premier-league-forwards,False,Roberts,CLEAN_POSITIVE_MINUTES,3.0,roberts,MATCHED,EXACT_DISPLAY_NAME,FWD,Roberts,Blackburn,46.0,7.0,https://web.archive.org/web/20070810212948id_/http://fantasy.premierleague.com/playerlist.html,False
Derbyshire,BLA,5.5,621,4.0,2,,,1.0,0,,0,42,,14.79,7.64,FWD,https://www.fantasyfootballscout.co.uk/fantasy-premier-league-forwards,False,Derbyshire,CLEAN_POSITIVE_MINUTES,3.0,derbyshire,MATCHED,EXACT_DISPLAY_NAME,FWD,Derbyshire,Blackburn,53.0,6.0,https://web.archive.org/web/20070810212948id_/http://fantasy.premierleague.com/playerlist.html,False
Davies,BOL,6.0,2640,31.0,4,,,10.0,0,,15,89,,29.66,14.83,FWD,https://www.fantasyfootballscout.co.uk/fantasy-premier-league-forwards,False,Davies,CLEAN_POSITIVE_MINUTES,3.0,davies,MATCHED,EXACT_DISPLAY_NAME+TEAM_TIEBREAK,FWD,Davies,Bolton,99.0,6.5,https://web.archive.org/web/20070810212948id_/http://fantasy.premierleague.com/playerlist.html,False
Vaz Te,BOL,5.0,45,1.0,0,,,0.0,0,,0,1,,45.0,0.2,FWD,https://www.fantasyfootballscout.co.uk/fantasy-premier-league-forwards,False,Vaz Te,CLEAN_POSITIVE_MINUTES,0.0,vazte,MATCHED,EXACT_DISPLAY_NAME,FWD,Vaz Te,Bolton,27.0,5.5,https://web.archive.org/web/20070810212948id_/http://fantasy.premierleague.com/playerlist.html,False
Helguson,BOL,5.5,273,3.0,0,,,1.0,0,,0,16,,17.06,2.91,FWD,https://www.fantasyfootballscout.co.uk/fantasy-premier-league-forwards,False,Helguson,CLEAN_POSITIVE_MINUTES,2.0,helguson,MATCHED,EXACT_DISPLAY_NAME,FWD,Helguson,Bolton,61.0,6.0,https://web.archive.org/web/20070810212948id_/http://fantasy.premierleague.com/playerlist.html,False
Schevchenko,CHE,8.0,745,9.0,1,,,0.0,0,,8,54,,13.8,6.75,FWD,https://www.fantasyfootballscout.co.uk/fantasy-premier-league-forwards,False,Schevchenko,CLEAN_POSITIVE_MINUTES,5.0,schevchenko,UNMATCHED,NO_LAUNCH_ROW,,,,,,,False
Pizzaro,CHE,7.0,693,8.0,1,,,1.0,0,,1,36,,19.25,5.14,FWD,https://www.fantasyfootballscout.co.uk/fantasy-premier-league-forwards,False,Pizzaro,CLEAN_POSITIVE_MINUTES,2.0,pizzaro,UNMATCHED,NO_LAUNCH_ROW,,,,,,,False
Drogba,CHE,11.0,1525,17.0,6,,,5.0,1,,9,87,,17.53,7.91,FWD,https://www.fantasyfootballscout.co.uk/fantasy-premier-league-forwards,False,Drogba,CLEAN_POSITIVE_MINUTES,8.0,drogba,MATCHED,EXACT_DISPLAY_NAME,FWD,Drogba,Chelsea,170.0,12.0,https://web.archive.org/web/20070810212948id_/http://fantasy.premierleague.com/playerlist.html,False
Anelka,CHE,9.5,2575,28.0,8,,,1.0,0,,11,136,,18.93,14.32,FWD,https://www.fantasyfootballscout.co.uk/fantasy-premier-league-forwards,False,Anelka,CLEAN_POSITIVE_MINUTES,11.0,anelka,MATCHED,EXACT_DISPLAY_NAME,FWD,Anelka,Bolton,153.0,8.5,https://web.archive.org/web/20070810212948id_/http://fantasy.premierleague.com/playerlist.html,False
Yakubu,EVE,8.0,2303,28.0,3,,,2.0,0,,12,137,,16.81,17.13,FWD,https://www.fantasyfootballscout.co.uk/fantasy-premier-league-forwards,False,Yakubu,CLEAN_POSITIVE_MINUTES,15.0,yakubu,MATCHED,EXACT_DISPLAY_NAME,FWD,Yakubu,Middlesbrough,136.0,8.0,https://web.archive.org/web/20070810212948id_/http://fantasy.premierleague.com/playerlist.html,False
Vaughan,EVE,5.5,145,1.0,0,,,0.0,0,,2,14,,10.36,2.55,FWD,https://www.fantasyfootballscout.co.uk/fantasy-premier-league-forwards,False,Vaughan,CLEAN_POSITIVE_MINUTES,1.0,vaughan,MATCHED,EXACT_DISPLAY_NAME,FWD,Vaughan,Everton,36.0,6.5,https://web.archive.org/web/20070810212948id_/http://fantasy.premierleague.com/playerlist.html,False
Anichebe,EVE,5.5,1081,11.0,1,,,1.0,0,,0,42,,25.74,7.64,FWD,https://www.fantasyfootballscout.co.uk/fantasy-premier-league-forwards,False,Anichebe,CLEAN_POSITIVE_MINUTES,1.0,anichebe,MATCHED,EXACT_DISPLAY_NAME,FWD,Anichebe,Everton,38.0,6.0,https://web.archive.org/web/20070810212948id_/http://fantasy.premierleague.com/playerlist.html,False
Johnson,FUL,7.0,1844,20.0,4,,,1.0,0,,4,87,,21.2,12.43,FWD,https://www.fantasyfootballscout.co.uk/fantasy-premier-league-forwards,False,Johnson,CLEAN_POSITIVE_MINUTES,6.0,johnson,MATCHED,EXACT_DISPLAY_NAME+CATEGORY_TIEBREAK,FWD,Johnson,Everton,139.0,8.5,https://web.archive.org/web/20070810212948id_/http://fantasy.premierleague.com/playerlist.html,False
Kamara,FUL,5.5,1612,19.0,2,,,6.0,0,,6,71,,22.7,12.91,FWD,https://www.fantasyfootballscout.co.uk/fantasy-premier-league-forwards,False,Kamara,CLEAN_POSITIVE_MINUTES,5.0,kamara,MATCHED,EXACT_DISPLAY_NAME,FWD,Kamara,Fulham,0.0,6.5,https://web.archive.org/web/20070810212948id_/http://fantasy.premierleague.com/playerlist.html,False
Neveland,FUL,5.0,219,2.0,0,,,1.0,0,,0,17,,12.88,3.4,FWD,https://www.fantasyfootballscout.co.uk/fantasy-premier-league-forwards,False,Neveland,CLEAN_POSITIVE_MINUTES,2.0,neveland,UNMATCHED,NO_LAUNCH_ROW,,,,,,,False
Bouazza,FUL,5.5,1188,15.0,2,,,1.0,1,,0,38,,31.26,6.91,FWD,https://www.fantasyfootballscout.co.uk/fantasy-premier-league-forwards,False,Bouazza,CLEAN_POSITIVE_MINUTES,1.0,bouazza,MATCHED,EXACT_DISPLAY_NAME,FWD,Bouazza,Fulham,98.0,6.0,https://web.archive.org/web/20070810212948id_/http://fantasy.premierleague.com/playerlist.html,False
Healy,FUL,5.5,1361,15.0,0,,,3.0,0,,0,57,,23.88,10.36,FWD,https://www.fantasyfootballscout.co.uk/fantasy-premier-league-forwards,False,Healy,CLEAN_POSITIVE_MINUTES,4.0,healy,MATCHED,EXACT_DISPLAY_NAME,FWD,Healy,Fulham,0.0,6.0,https://web.archive.org/web/20070810212948id_/http://fantasy.premierleague.com/playerlist.html,False
Johnson,FUL,5.0,385,4.0,0,,,0.0,0,,1,11,,35.0,2.2,FWD,https://www.fantasyfootballscout.co.uk/fantasy-premier-league-forwards,False,Johnson,CLEAN_POSITIVE_MINUTES,0.0,johnson,MATCHED,EXACT_DISPLAY_NAME+CATEGORY_TIEBREAK,FWD,Johnson,Everton,139.0,8.5,https://web.archive.org/web/20070810212948id_/http://fantasy.premierleague.com/playerlist.html,False
Zamora,FULL,5.5,909,11.0,2,,,1.0,0,,2,34,,26.74,6.18,FWD,https://www.fantasyfootballscout.co.uk/fantasy-premier-league-forwards,False,Zamora,CLEAN_POSITIVE_MINUTES,1.0,zamora,MATCHED,EXACT_DISPLAY_NAME,FWD,Zamora,West Ham,118.0,6.0,https://web.archive.org/web/20070810212948id_/http://fantasy.premierleague.com/playerlist.html,False
Keane,LIV,9.0,2714,33.0,7,,,1.0,1,,22,162,,16.75,18.0,FWD,https://www.fantasyfootballscout.co.uk/fantasy-premier-league-forwards,False,Keane,CLEAN_POSITIVE_MINUTES,15.0,keane,MATCHED,EXACT_DISPLAY_NAME,FWD,Keane,Tottenham,104.0,9.0,https://web.archive.org/web/20070810212948id_/http://fantasy.premierleague.com/playerlist.html,False
Torres,LIV,12.0,2533,29.0,4,,,5.0,0,,29,193,,13.12,16.08,FWD,https://www.fantasyfootballscout.co.uk/fantasy-premier-league-forwards,False,Torres,CLEAN_POSITIVE_MINUTES,24.0,torres,MATCHED,EXACT_DISPLAY_NAME,FWD,Torres,Liverpool,0.0,10.0,https://web.archive.org/web/20070810212948id_/http://fantasy.premierleague.com/playerlist.html,False
Voronin,LIV,7.0,1121,13.0,2,,,2.0,0,,0,56,,20.02,8.0,FWD,https://www.fantasyfootballscout.co.uk/fantasy-premier-league-forwards,False,Voronin,CLEAN_POSITIVE_MINUTES,5.0,voronin,MATCHED,EXACT_DISPLAY_NAME,FWD,Voronin,Liverpool,0.0,8.0,https://web.archive.org/web/20070810212948id_/http://fantasy.premierleague.com/playerlist.html,False
Vassell,MCY,6.5,1767,22.0,3,,,2.0,0,,3,78,,22.65,12.0,FWD,https://www.fantasyfootballscout.co.uk/fantasy-premier-league-forwards,False,Vassell,CLEAN_POSITIVE_MINUTES,6.0,vassell,MATCHED,EXACT_DISPLAY_NAME,FWD,Vassell,Man. City,74.0,7.0,https://web.archive.org/web/20070810212948id_/http://fantasy.premierleague.com/playerlist.html,False
Benjani,MCY,7.0,2897,33.0,3,,,1.0,0,,15,150,,19.31,21.43,FWD,https://www.fantasyfootballscout.co.uk/fantasy-premier-league-forwards,False,Benjani,CLEAN_POSITIVE_MINUTES,15.0,benjani,MATCHED,EXACT_DISPLAY_NAME,FWD,Benjani,Portsmouth,91.0,6.0,https://web.archive.org/web/20070810212948id_/http://fantasy.premierleague.com/playerlist.html,False
Caicedo,MCY,5.5,222,0.0,0,,,1.0,0,,0,9,,24.67,1.64,FWD,https://www.fantasyfootballscout.co.uk/fantasy-premier-league-forwards,False,Caicedo,CLEAN_POSITIVE_MINUTES,0.0,caicedo,UNMATCHED,NO_LAUNCH_ROW,,,,,,,False
Bojinov,MCY,6.0,50,0.0,0,,,0.0,0,,0,3,,16.67,0.5,FWD,https://www.fantasyfootballscout.co.uk/fantasy-premier-league-forwards,False,Bojinov,CLEAN_POSITIVE_MINUTES,0.0,bojinov,MATCHED,EXACT_DISPLAY_NAME,FWD,Bojinov,Man. City,0.0,7.0,https://web.archive.org/web/20070810212948id_/http://fantasy.premierleague.com/playerlist.html,False
Bianchi,MCY,6.0,768,7.0,1,,,0.0,0,,6,51,,15.06,8.5,FWD,https://www.fantasyfootballscout.co.uk/fantasy-premier-league-forwards,False,Bianchi,CLEAN_POSITIVE_MINUTES,4.0,bianchi,MATCHED,EXACT_DISPLAY_NAME,FWD,Bianchi,Man. City,0.0,7.5,https://web.archive.org/web/20070810212948id_/http://fantasy.premierleague.com/playerlist.html,False
Sturridge,MCY,5.0,150,2.0,1,,,0.0,0,,0,11,,13.64,2.2,FWD,https://www.fantasyfootballscout.co.uk/fantasy-premier-league-forwards,False,Sturridge,CLEAN_POSITIVE_MINUTES,1.0,sturridge,MATCHED,EXACT_DISPLAY_NAME,FWD,Sturridge,Man. City,2.0,5.0,https://web.archive.org/web/20070810212948id_/http://fantasy.premierleague.com/playerlist.html,False
Tuncay,MID,7.0,2212,27.0,4,,,5.0,0,,13,111,,19.93,15.86,FWD,https://www.fantasyfootballscout.co.uk/fantasy-premier-league-forwards,False,Tuncay,CLEAN_POSITIVE_MINUTES,8.0,tuncay,MATCHED,EXACT_DISPLAY_NAME,FWD,Tuncay,Middlesbrough,0.0,7.5,https://web.archive.org/web/20070810212948id_/http://fantasy.premierleague.com/playerlist.html,False
Alves,MID,7.5,651,7.0,2,,,0.0,0,,6,54,,12.06,7.2,FWD,https://www.fantasyfootballscout.co.uk/fantasy-premier-league-forwards,False,Alves,CLEAN_POSITIVE_MINUTES,6.0,alves,UNMATCHED,NO_LAUNCH_ROW,,,,,,,False
Mido,MID,6.5,746,9.0,0,,,4.0,1,,4,24,,31.08,3.69,FWD,https://www.fantasyfootballscout.co.uk/fantasy-premier-league-forwards,False,Mido,CLEAN_POSITIVE_MINUTES,2.0,mido,MATCHED,EXACT_DISPLAY_NAME,FWD,Mido,Tottenham,18.0,7.0,https://web.archive.org/web/20070810212948id_/http://fantasy.premierleague.com/playerlist.html,False
Aliadiere,MID,6.0,2152,26.0,7,,,2.0,1,,4,92,,23.39,15.33,FWD,https://www.fantasyfootballscout.co.uk/fantasy-premier-league-forwards,False,Aliadiere,CLEAN_POSITIVE_MINUTES,5.0,aliadiere,MATCHED,EXACT_DISPLAY_NAME,FWD,Aliadiere,Middlesbrough,14.0,6.5,https://web.archive.org/web/20070810212948id_/http://fantasy.premierleague.com/playerlist.html,False
Saha,MU,7.5,741,7.0,0,,,0.0,0,,2,45,,16.47,6.0,FWD,https://www.fantasyfootballscout.co.uk/fantasy-premier-league-forwards,False,Saha,CLEAN_POSITIVE_MINUTES,5.0,saha,MATCHED,EXACT_DISPLAY_NAME,FWD,Saha,Man. United,97.0,9.0,https://web.archive.org/web/20070810212948id_/http://fantasy.premierleague.com/playerlist.html,False
Rooney,MU,11.0,2181,25.0,13,,,8.0,0,,20,148,,14.74,13.45,FWD,https://www.fantasyfootballscout.co.uk/fantasy-premier-league-forwards,False,Rooney,CLEAN_POSITIVE_MINUTES,12.0,rooney,MATCHED,EXACT_DISPLAY_NAME,FWD,Rooney,Man. United,184.0,12.0,https://web.archive.org/web/20070810212948id_/http://fantasy.premierleague.com/playerlist.html,False
Tevez,MU,10.0,2677,31.0,6,,,1.0,0,,23,161,,16.63,16.1,FWD,https://www.fantasyfootballscout.co.uk/fantasy-premier-league-forwards,False,Tevez,CLEAN_POSITIVE_MINUTES,14.0,tevez,MATCHED,EXACT_DISPLAY_NAME,FWD,Tevez,Man. United,91.0,8.5,https://web.archive.org/web/20070810212948id_/http://fantasy.premierleague.com/playerlist.html,False
Martins,NEW,7.0,2051,27.0,4,,,1.0,0,,7,106,,19.35,15.14,FWD,https://www.fantasyfootballscout.co.uk/fantasy-premier-league-forwards,False,Martins,CLEAN_POSITIVE_MINUTES,9.0,martins,MATCHED,EXACT_DISPLAY_NAME,FWD,Martins,Newcastle,140.0,9.0,https://web.archive.org/web/20070810212948id_/http://fantasy.premierleague.com/playerlist.html,False
Owen,NEW,8.5,2175,25.0,1,,,2.0,0,,3,99,,21.97,11.65,FWD,https://www.fantasyfootballscout.co.uk/fantasy-premier-league-forwards,False,Owen,CLEAN_POSITIVE_MINUTES,11.0,owen,MATCHED,EXACT_DISPLAY_NAME,FWD,Owen,Newcastle,6.0,9.5,https://web.archive.org/web/20070810212948id_/http://fantasy.premierleague.com/playerlist.html,False
Carroll,NEW,5.0,141,1.0,1,,,0.0,0,,0,6,,23.5,1.2,FWD,https://www.fantasyfootballscout.co.uk/fantasy-premier-league-forwards,False,Carroll,CLEAN_POSITIVE_MINUTES,0.0,carroll,MATCHED,EXACT_DISPLAY_NAME,DEF,Carroll,Newcastle,4.0,4.0,https://web.archive.org/web/20070810212948id_/http://fantasy.premierleague.com/playerlist.html,False
Viduka,NEW,7.5,1658,20.0,1,,,0.0,0,,12,87,,19.06,11.6,FWD,https://www.fantasyfootballscout.co.uk/fantasy-premier-league-forwards,False,Viduka,CLEAN_POSITIVE_MINUTES,7.0,viduka,MATCHED,EXACT_DISPLAY_NAME,FWD,Viduka,Newcastle,139.0,8.0,https://web.archive.org/web/20070810212948id_/http://fantasy.premierleague.com/playerlist.html,False
Ameobi,NEW,5.5,276,3.0,0,,,0.0,0,,0,8,,34.5,1.45,FWD,https://www.fantasyfootballscout.co.uk/fantasy-premier-league-forwards,False,Ameobi,CLEAN_POSITIVE_MINUTES,0.0,ameobi,MATCHED,EXACT_DISPLAY_NAME,FWD,Ameobi,Newcastle,34.0,7.0,https://web.archive.org/web/20070810212948id_/http://fantasy.premierleague.com/playerlist.html,False
Crouch,POR,8.0,929,10.0,3,,,0.0,0,,5,64,,14.52,8.0,FWD,https://www.fantasyfootballscout.co.uk/fantasy-premier-league-forwards,False,Crouch,CLEAN_POSITIVE_MINUTES,5.0,crouch,MATCHED,EXACT_DISPLAY_NAME,FWD,Crouch,Liverpool,111.0,8.5,https://web.archive.org/web/20070810212948id_/http://fantasy.premierleague.com/playerlist.html,False
Nugent,POR,5.5,625,5.0,1,,,0.0,0,,0,23,,27.17,4.18,FWD,https://www.fantasyfootballscout.co.uk/fantasy-premier-league-forwards,False,Nugent,CLEAN_POSITIVE_MINUTES,0.0,nugent,MATCHED,EXACT_DISPLAY_NAME,FWD,Nugent,Portsmouth,0.0,7.0,https://web.archive.org/web/20070810212948id_/http://fantasy.premierleague.com/playerlist.html,False
Utaka,POR,6.0,2015,25.0,3,,,1.0,0,,5,83,,24.28,13.83,FWD,https://www.fantasyfootballscout.co.uk/fantasy-premier-league-forwards,False,Utaka,CLEAN_POSITIVE_MINUTES,5.0,utaka,MATCHED,EXACT_DISPLAY_NAME,FWD,Utaka,Portsmouth,0.0,6.5,https://web.archive.org/web/20070810212948id_/http://fantasy.premierleague.com/playerlist.html,False
Kanu,POR,6.0,1379,16.0,4,,,1.0,0,,8,71,,19.42,11.83,FWD,https://www.fantasyfootballscout.co.uk/fantasy-premier-league-forwards,False,Kanu,CLEAN_POSITIVE_MINUTES,4.0,kanu,MATCHED,EXACT_DISPLAY_NAME,FWD,Kanu,Portsmouth,118.0,6.5,https://web.archive.org/web/20070810212948id_/http://fantasy.premierleague.com/playerlist.html,False
Defoe,POR,8.0,1605,16.0,3,,,5.0,0,,9,104,,15.43,13.0,FWD,https://www.fantasyfootballscout.co.uk/fantasy-premier-league-forwards,False,Defoe,CLEAN_POSITIVE_MINUTES,12.0,defoe,MATCHED,EXACT_DISPLAY_NAME,FWD,Defoe,Tottenham,109.0,8.0,https://web.archive.org/web/20070810212948id_/http://fantasy.premierleague.com/playerlist.html,False
Kitson,STK,5.5,2522,28.0,3,,,2.0,1,,8,114,,22.12,20.73,FWD,https://www.fantasyfootballscout.co.uk/fantasy-premier-league-forwards,False,Kitson,CLEAN_POSITIVE_MINUTES,10.0,kitson,MATCHED,EXACT_DISPLAY_NAME,FWD,Kitson,Reading,32.0,6.0,https://web.archive.org/web/20070810212948id_/http://fantasy.premierleague.com/playerlist.html,False
Murphy,SUN,5.5,1804,20.0,3,,,2.0,0,,5,71,,25.41,12.91,FWD,https://www.fantasyfootballscout.co.uk/fantasy-premier-league-forwards,False,Murphy,CLEAN_POSITIVE_MINUTES,3.0,murphy,MATCHED,EXACT_DISPLAY_NAME+TEAM_TIEBREAK,FWD,Murphy,Sunderland,0.0,5.5,https://web.archive.org/web/20070810212948id_/http://fantasy.premierleague.com/playerlist.html,False
Diouf,SUN,6.5,2639,32.0,7,,,11.0,0,,20,109,,24.21,16.77,FWD,https://www.fantasyfootballscout.co.uk/fantasy-premier-league-forwards,False,Diouf,CLEAN_POSITIVE_MINUTES,4.0,diouf,MATCHED,EXACT_DISPLAY_NAME,FWD,Diouf,Bolton,103.0,7.0,https://web.archive.org/web/20070810212948id_/http://fantasy.premierleague.com/playerlist.html,False
Chopra,SUN,5.5,2008,25.0,1,,,7.0,0,,0,73,,27.51,13.27,FWD,https://www.fantasyfootballscout.co.uk/fantasy-premier-league-forwards,False,Chopra,CLEAN_POSITIVE_MINUTES,6.0,chopra,MATCHED,EXACT_DISPLAY_NAME,FWD,Chopra,Sunderland,0.0,5.5,https://web.archive.org/web/20070810212948id_/http://fantasy.premierleague.com/playerlist.html,False
Prica,SUN,5.0,210,3.0,0,,,1.0,0,,2,12,,17.5,2.4,FWD,https://www.fantasyfootballscout.co.uk/fantasy-premier-league-forwards,False,Prica,CLEAN_POSITIVE_MINUTES,1.0,prica,UNMATCHED,NO_LAUNCH_ROW,,,,,,,False
Jones,SUN,7.0,2818,33.0,10,,,2.0,0,,18,138,,20.42,19.71,FWD,https://www.fantasyfootballscout.co.uk/fantasy-premier-league-forwards,False,Jones,CLEAN_POSITIVE_MINUTES,7.0,jones,AMBIGUOUS,EXACT_DISPLAY_NAME+MULTIPLE_REMAIN,,Jones | Jones,Middlesbrough | Derby,,,,False
Stokes,SUN,5.0,746,9.0,0,,,1.0,0,,1,29,,25.72,5.8,FWD,https://www.fantasyfootballscout.co.uk/fantasy-premier-league-forwards,False,Stokes,CLEAN_POSITIVE_MINUTES,1.0,stokes,MATCHED,EXACT_DISPLAY_NAME,FWD,Stokes,Sunderland,0.0,5.0,https://web.archive.org/web/20070810212948id_/http://fantasy.premierleague.com/playerlist.html,False
Waghorn,SUN,5.0,107,1.0,0,,,0.0,0,,0,4,,26.75,0.8,FWD,https://www.fantasyfootballscout.co.uk/fantasy-premier-league-forwards,False,Waghorn,CLEAN_POSITIVE_MINUTES,0.0,waghorn,UNMATCHED,NO_LAUNCH_ROW,,,,,,,False
Bent,TOT,7.5,1148,11.0,5,,,0.0,0,,6,80,,14.35,10.67,FWD,https://www.fantasyfootballscout.co.uk/fantasy-premier-league-forwards,False,Bent,CLEAN_POSITIVE_MINUTES,6.0,bent,UNMATCHED,NO_LAUNCH_ROW,,,,,,,False
Berbatov,TOT,9.5,2989,33.0,11,,,3.0,0,,18,177,,16.89,18.63,FWD,https://www.fantasyfootballscout.co.uk/fantasy-premier-league-forwards,False,Berbatov,CLEAN_POSITIVE_MINUTES,15.0,berbatov,MATCHED,EXACT_DISPLAY_NAME,FWD,Berbatov,Tottenham,169.0,9.5,https://web.archive.org/web/20070810212948id_/http://fantasy.premierleague.com/playerlist.html,False
Moore,WBA,5.0,842,14.0,0,,,1.0,0,,0,26,,32.38,5.2,FWD,https://www.fantasyfootballscout.co.uk/fantasy-premier-league-forwards,False,Moore,CLEAN_POSITIVE_MINUTES,1.0,moore,MATCHED,EXACT_DISPLAY_NAME+CATEGORY_TIEBREAK,FWD,Moore,Aston Villa,42.0,5.5,https://web.archive.org/web/20070810212948id_/http://fantasy.premierleague.com/playerlist.html,False
Sears,WHM,5.0,215,1.0,0,,,0.0,0,,0,12,,17.92,2.4,FWD,https://www.fantasyfootballscout.co.uk/fantasy-premier-league-forwards,False,Sears,CLEAN_POSITIVE_MINUTES,1.0,sears,UNMATCHED,NO_LAUNCH_ROW,,,,,,,False
Camara,WhM,5.0,340,3.0,0,,,1.0,0,,0,14,,24.29,2.8,FWD,https://www.fantasyfootballscout.co.uk/fantasy-premier-league-forwards,False,Camara,CLEAN_POSITIVE_MINUTES,1.0,camara,MATCHED,EXACT_DISPLAY_NAME+CATEGORY_TIEBREAK,FWD,Camara,Wigan,68.0,6.0,https://web.archive.org/web/20070810212948id_/http://fantasy.premierleague.com/playerlist.html,False
Bellamy,WHM,6.5,527,6.0,2,,,2.0,0,,6,31,,17.0,4.77,FWD,https://www.fantasyfootballscout.co.uk/fantasy-premier-league-forwards,False,Bellamy,CLEAN_POSITIVE_MINUTES,2.0,bellamy,MATCHED,EXACT_DISPLAY_NAME,FWD,Bellamy,West Ham,90.0,8.0,https://web.archive.org/web/20070810212948id_/http://fantasy.premierleague.com/playerlist.html,False
Ashton,WHM,6.5,2001,22.0,0,,,0.0,0,,10,100,,20.01,15.38,FWD,https://www.fantasyfootballscout.co.uk/fantasy-premier-league-forwards,False,Ashton,CLEAN_POSITIVE_MINUTES,10.0,ashton,MATCHED,EXACT_DISPLAY_NAME,FWD,Ashton,West Ham,0.0,7.0,https://web.archive.org/web/20070810212948id_/http://fantasy.premierleague.com/playerlist.html,False
Cole,WhM,5.5,1892,23.0,9,,,9.0,0,,9,95,,19.92,17.27,FWD,https://www.fantasyfootballscout.co.uk/fantasy-premier-league-forwards,False,Cole,CLEAN_POSITIVE_MINUTES,4.0,cole,MATCHED,EXACT_DISPLAY_NAME,FWD,Cole,West Ham,30.0,5.0,https://web.archive.org/web/20070810212948id_/http://fantasy.premierleague.com/playerlist.html,False
King,WIG,6.0,668,8.0,0,,,1.0,0,,0,24,,27.83,4.0,FWD,https://www.fantasyfootballscout.co.uk/fantasy-premier-league-forwards,False,King,CLEAN_POSITIVE_MINUTES,1.0,king,MATCHED,EXACT_DISPLAY_NAME,DEF,King,Tottenham,61.0,5.5,https://web.archive.org/web/20070810212948id_/http://fantasy.premierleague.com/playerlist.html,False
Heskey,WIG,6.5,2072,25.0,5,,,6.0,0,,10,84,,24.67,12.92,FWD,https://www.fantasyfootballscout.co.uk/fantasy-premier-league-forwards,False,Heskey,CLEAN_POSITIVE_MINUTES,4.0,heskey,MATCHED,EXACT_DISPLAY_NAME,FWD,Heskey,Wigan,107.0,6.5,https://web.archive.org/web/20070810212948id_/http://fantasy.premierleague.com/playerlist.html,False
