canonical_playerId,canonical_name,canonical_minutes,morph_name,slot_id,match_method,clubs,rows,weeks,minutes_sum,minutes_delta,assists_sum,goals_sum,bonus_sum,points_sum,clean_sheets_sum,yellow_sum,fixtures
34285,Maynor Figueroa,2812,Maynor Figueroa,513,EXACT,Wigan,37,1 2 3 4 5 6 7 8 9 10 11 12 13 14 15 16 17 18 19 20 21 22 23 24 25 26 27 28 30 31 32 33 34 35 36 37 38,2812,0,1,1,5,65,5,6,GW1:CHE(H) 0-2:19 Aug 13:30 | GW2:SOU(A) 2-0:25 Aug 15:00 | GW3:STK(H) 2-2:01 Sep 15:00 | GW4:MUN(A) 0-4:15 Sep 15:00 | GW5:FUL(H) 1-2:22 Sep 15:00 | GW6:SUN(A) 0-1:29 Sep 15:00 | GW7:EVE(H) 2-2:06 Oct 15:00 | GW8:SWA(A) 1-2:20 Oct 15:00 | GW9:WHU(H) 2-1:27 Oct 15:00 | GW10:TOT(A) 1-0:03 Nov 15:00 | GW11:WBA(H) 1-2:10 Nov 15:00 | GW12:LIV(A) 0-3:17 Nov 15:00 | GW13:RDG(H) 3-2:24 Nov 15:00 | GW14:MCI(H) 0-2:28 Nov 20:00 | GW15:NEW(A) 0-3:03 Dec 20:00 | GW16:QPR(H) 2-2:08 Dec 15:00 | GW17:NOR(A) 1-2:15 Dec 15:00 | GW18:ARS(H) 0-1:22 Dec 12:45 | GW19:EVE(A) 1-2:26 Dec 15:00 | GW20:AVL(A) 3-0:29 Dec 15:00 | GW21:MUN(H) 0-4:01 Jan 15:00 | GW22:FUL(A) 1-1:12 Jan 15:00 | GW23:SUN(H) 2-3:19 Jan 15:00 | GW24:STK(A) 2-2:29 Jan 19:45 | GW25:SOU(H) 2-2:02 Feb 15:00 | GW26:CHE(A) 1-4:09 Feb 15:00 | GW27:RDG(A) 3-0:23 Feb 15:00 | GW28:LIV(H) 0-4:02 Mar 17:30 | GW30:NEW(H) 2-1:17 Mar 16:00 | GW31:NOR(H) 1-0:30 Mar 15:00 | GW32:QPR(A) 1-1:07 Apr 16:10 | GW33:MCI(A) 0-1:17 Apr 19:45 | GW34:WHU(A) 0-2:20 Apr 15:00 | GW35:TOT(H) 2-2:27 Apr 15:00 | GW36:SWA(H) 2-3:07 May 19:45 | GW37:ARS(A) 1-4:14 May 19:45 | GW38:AVL(H) 2-2:19 May 16:00
49413,James Tomkins,1582,James Tomkins,495,EXACT,West Ham,36,1 2 3 4 5 6 7 8 9 10 11 12 13 14 15 16 17 18 20 21 22 23 24 25 26 27 28 30 31 32 33 34 35 36 37 38,1582,0,1,1,1,46,3,4,GW1:AVL(H) 1-0:18 Aug 15:00 | GW2:SWA(A) 0-3:25 Aug 12:45 | GW3:FUL(H) 3-0:01 Sep 12:45 | GW4:NOR(A) 0-0:15 Sep 12:45 | GW5:SUN(H) 1-1:22 Sep 15:00 | GW6:QPR(A) 2-1:01 Oct 20:00 | GW7:ARS(H) 1-3:06 Oct 17:30 | GW8:SOU(H) 4-1:20 Oct 15:00 | GW9:WIG(A) 1-2:27 Oct 15:00 | GW10:MCI(H) 0-0:03 Nov 17:30 | GW11:NEW(A) 1-0:11 Nov 15:00 | GW12:STK(H) 1-1:19 Nov 20:00 | GW13:TOT(A) 1-3:25 Nov 16:00 | GW14:MUN(A) 0-1:28 Nov 20:00 | GW15:CHE(H) 3-1:01 Dec 12:45 | GW16:LIV(H) 2-3:09 Dec 16:00 | GW17:WBA(A) 0-0:16 Dec 16:00 | GW18:EVE(H) 1-2:22 Dec 15:00 | GW20:RDG(A) 0-1:29 Dec 15:00 | GW21:NOR(H) 2-1:01 Jan 15:00 | GW22:SUN(A) 0-3:12 Jan 15:00 | GW23:ARS(A) 1-5:23 Jan 19:45 | GW24:FUL(A) 1-3:30 Jan 20:00 | GW25:SWA(H) 1-0:02 Feb 15:00 | GW26:AVL(A) 1-2:10 Feb 13:30 | GW27:TOT(H) 2-3:25 Feb 20:00 | GW28:STK(A) 1-0:02 Mar 15:00 | GW30:CHE(A) 0-2:17 Mar 16:00 | GW31:WBA(H) 3-1:30 Mar 15:00 | GW32:LIV(A) 0-0:07 Apr 13:30 | GW33:MUN(H) 2-2:17 Apr 19:45 | GW34:WIG(H) 2-0:20 Apr 15:00 | GW35:MCI(A) 1-2:27 Apr 12:45 | GW36:NEW(H) 0-0:04 May 15:00 | GW37:EVE(A) 0-2:12 May 15:00 | GW38:RDG(H) 4-2:19 May 16:00
61538,Callum McManaman,12,Callum McManaman,627,EXACT,Wigan,1,29,11,-1,0,0,0,0,0,1,GW29:WBA(H) 1-1:17 March 15:00
93666,Abdul Razak,1,Abdul Razak,576,EXACT,Man City,2,19 29,0,-1,0,0,0,0,0,0,GW19:SUN(A) 0-1:01 Jan. 15:00 | GW29:CHE(H) 2-1:21 March 19:45
59013,Barry Bannan,636,Barry Bannan,45,EXACT,Aston Villa,12,1 2 3 4 5 6 7 8 9 10 20 30,638,2,2,0,4,27,2,2,GW1:WHU(A) 0-1:18 Aug 15:00 | GW2:EVE(H) 1-3:25 Aug 15:00 | GW3:NEW(A) 1-1:02 Sep 16:00 | GW4:SWA(H) 2-0:15 Sep 15:00 | GW5:SOU(A) 1-4:22 Sep 15:00 | GW6:WBA(H) 1-1:30 Sep 16:00 | GW7:TOT(A) 0-2:07 Oct 15:00 | GW8:FUL(A) 0-1:20 Oct 15:00 | GW9:NOR(H) 1-1:27 Oct 12:45 | GW10:SUN(A) 1-0:03 Nov 15:00 | GW20:WIG(H) 0-3:29 Dec 15:00 | GW30:QPR(H) 3-2:16 Mar 15:00
97580,Louis Laing,2,Louis Laing,387,EXACT,Sunderland,37,1 3 4 5 6 7 8 9 10 11 12 13 14 15 16 17 18 19 20 21 22 23 24 25 26 27 28 29 30 31 32 33 34 35 36 37 38,0,-2,0,0,0,0,0,0,GW1:ARS(A) 0-0:18 Aug 15:00 | GW3:SWA(A) 2-2:01 Sep 15:00 | GW4:LIV(H) 1-1:15 Sep 17:30 | GW5:WHU(A) 1-1:22 Sep 15:00 | GW6:WIG(H) 1-0:29 Sep 15:00 | GW7:MCI(A) 0-3:06 Oct 12:45 | GW8:NEW(H) 1-1:21 Oct 13:30 | GW9:STK(A) 0-0:27 Oct 15:00 | GW10:AVL(H) 0-1:03 Nov 15:00 | GW11:EVE(A) 1-2:10 Nov 15:00 | GW12:FUL(A) 3-1:18 Nov 16:00 | GW13:WBA(H) 2-4:24 Nov 12:45 | GW14:QPR(H) 0-0:27 Nov 19:45 | GW15:NOR(A) 1-2:02 Dec 16:00 | GW16:RDG(H) 3-0:11 Dec 19:45 | GW17:MUN(A) 1-3:15 Dec 15:00 | GW18:SOU(A) 1-0:22 Dec 15:00 | GW19:MCI(H) 1-0:26 Dec 15:00 | GW20:TOT(H) 1-2:29 Dec 12:45 | GW21:LIV(A) 0-3:02 Jan 19:45 | GW22:WHU(H) 3-0:12 Jan 15:00 | GW23:WIG(A) 3-2:19 Jan 15:00 | GW24:SWA(H) 0-0:29 Jan 19:45 | GW25:RDG(A) 1-2:02 Feb 15:00 | GW26:ARS(H) 0-1:09 Feb 15:00 | GW27:WBA(A) 1-2:23 Feb 15:00 | GW28:FUL(H) 2-2:02 Mar 15:00 | GW29:QPR(A) 1-3:09 Mar 15:00 | GW30:NOR(H) 1-1:17 Mar 13:30 | GW31:MUN(H) 0-1:30 Mar 12:45 | GW32:CHE(A) 1-2:07 Apr 15:00 | GW33:NEW(A) 3-0:14 Apr 12:00 | GW34:EVE(H) 1-0:20 Apr 15:00 | GW35:AVL(A) 1-6:29 Apr 20:00 | GW36:STK(H) 1-1:06 May 20:00 | GW37:SOU(H) 1-1:12 May 15:00 | GW38:TOT(A) 0-1:19 May 16:00
97580,Louis Laing,2,Louis Laing,521,EXACT,Sunderland,2,17 29,0,-2,0,0,0,0,0,0,GW17:QPR(A) 3-2:21 Dec. 20:00 | GW29:BLA(A) 0-2:20 March 20:00
80979,Andreas Weimann,3,Andreas Weimann,588,EXACT,Aston Villa,1,17,0,-3,0,0,0,0,0,0,GW17:ARS(H) 1-2:21 Dec. 19:45
93666,Abdul Razak,1,Abdul Razak,189,EXACT,Man City,37,1 2 3 4 5 6 7 8 9 10 11 12 13 14 15 16 17 18 19 20 21 22 23 24 25 26 27 28 30 31 32 33 34 35 36 37 38,4,3,0,0,0,3,0,0,GW1:SOU(H) 3-2:19 Aug 16:00 | GW2:LIV(A) 2-2:26 Aug 16:00 | GW3:QPR(H) 3-1:01 Sep 17:30 | GW4:STK(A) 1-1:15 Sep 15:00 | GW5:ARS(H) 1-1:23 Sep 16:00 | GW6:FUL(A) 2-1:29 Sep 15:00 | GW7:SUN(H) 3-0:06 Oct 12:45 | GW8:WBA(A) 2-1:20 Oct 15:00 | GW9:SWA(H) 1-0:27 Oct 17:30 | GW10:WHU(A) 0-0:03 Nov 17:30 | GW11:TOT(H) 2-1:11 Nov 13:30 | GW12:AVL(H) 5-0:17 Nov 15:00 | GW13:CHE(A) 0-0:25 Nov 16:00 | GW14:WIG(A) 2-0:28 Nov 20:00 | GW15:EVE(H) 1-1:01 Dec 15:00 | GW16:MUN(H) 2-3:09 Dec 13:30 | GW17:NEW(A) 3-1:15 Dec 12:45 | GW18:RDG(H) 1-0:22 Dec 15:00 | GW19:SUN(A) 0-1:26 Dec 15:00 | GW20:NOR(A) 4-3:29 Dec 15:00 | GW21:STK(H) 3-0:01 Jan 15:00 | GW22:ARS(A) 2-0:13 Jan 16:00 | GW23:FUL(H) 2-0:19 Jan 15:00 | GW24:QPR(A) 0-0:29 Jan 19:45 | GW25:LIV(H) 2-2:03 Feb 16:00 | GW26:SOU(A) 1-3:09 Feb 17:30 | GW27:CHE(H) 2-0:24 Feb 13:30 | GW28:AVL(A) 1-0:04 Mar 20:00 | GW30:EVE(A) 0-2:16 Mar 12:45 | GW31:NEW(H) 4-0:30 Mar 15:00 | GW32:MUN(A) 2-1:08 Apr 20:00 | GW33:WIG(H) 1-0:17 Apr 19:45 | GW34:TOT(A) 1-3:21 Apr 13:30 | GW35:WHU(H) 2-1:27 Apr 12:45 | GW36:WBA(H) 1-0:07 May 19:45 | GW37:RDG(A) 2-0:14 May 20:00 | GW38:NOR(H) 2-3:19 May 16:00
55658,Marcos Angeleri,5,Marcos Angeleri,336,EXACT,Sunderland,1,17,0,-5,0,0,0,0,0,0,GW17:QPR(A) 3-2:21 Dec. 20:00
55658,Marcos Angeleri,5,Marcos Angeleri,382,EXACT,Sunderland,37,1 3 4 5 6 7 8 9 10 11 12 13 14 15 16 17 18 19 20 21 22 23 24 25 26 27 28 29 30 31 32 33 34 35 36 37 38,0,-5,0,0,0,0,0,0,GW1:ARS(A) 0-0:18 Aug 15:00 | GW3:SWA(A) 2-2:01 Sep 15:00 | GW4:LIV(H) 1-1:15 Sep 17:30 | GW5:WHU(A) 1-1:22 Sep 15:00 | GW6:WIG(H) 1-0:29 Sep 15:00 | GW7:MCI(A) 0-3:06 Oct 12:45 | GW8:NEW(H) 1-1:21 Oct 13:30 | GW9:STK(A) 0-0:27 Oct 15:00 | GW10:AVL(H) 0-1:03 Nov 15:00 | GW11:EVE(A) 1-2:10 Nov 15:00 | GW12:FUL(A) 3-1:18 Nov 16:00 | GW13:WBA(H) 2-4:24 Nov 12:45 | GW14:QPR(H) 0-0:27 Nov 19:45 | GW15:NOR(A) 1-2:02 Dec 16:00 | GW16:RDG(H) 3-0:11 Dec 19:45 | GW17:MUN(A) 1-3:15 Dec 15:00 | GW18:SOU(A) 1-0:22 Dec 15:00 | GW19:MCI(H) 1-0:26 Dec 15:00 | GW20:TOT(H) 1-2:29 Dec 12:45 | GW21:LIV(A) 0-3:02 Jan 19:45 | GW22:WHU(H) 3-0:12 Jan 15:00 | GW23:WIG(A) 3-2:19 Jan 15:00 | GW24:SWA(H) 0-0:29 Jan 19:45 | GW25:RDG(A) 1-2:02 Feb 15:00 | GW26:ARS(H) 0-1:09 Feb 15:00 | GW27:WBA(A) 1-2:23 Feb 15:00 | GW28:FUL(H) 2-2:02 Mar 15:00 | GW29:QPR(A) 1-3:09 Mar 15:00 | GW30:NOR(H) 1-1:17 Mar 13:30 | GW31:MUN(H) 0-1:30 Mar 12:45 | GW32:CHE(A) 1-2:07 Apr 15:00 | GW33:NEW(A) 3-0:14 Apr 12:00 | GW34:EVE(H) 1-0:20 Apr 15:00 | GW35:AVL(A) 1-6:29 Apr 20:00 | GW36:STK(H) 1-1:06 May 20:00 | GW37:SOU(H) 1-1:12 May 15:00 | GW38:TOT(A) 0-1:19 May 16:00
80179,Adam Forshaw,7,Adam Forshaw,101,EXACT,Everton,37,1 2 3 4 5 6 7 8 9 10 11 12 13 14 15 16 17 18 19 20 21 22 23 24 25 26 27 28 30 31 32 33 34 35 36 37 38,0,-7,0,0,0,0,0,0,GW1:MUN(H) 1-0:20 Aug 20:00 | GW2:AVL(A) 3-1:25 Aug 15:00 | GW3:WBA(A) 0-2:01 Sep 15:00 | GW4:NEW(H) 2-2:17 Sep 20:00 | GW5:SWA(A) 3-0:22 Sep 12:45 | GW6:SOU(H) 3-1:29 Sep 15:00 | GW7:WIG(A) 2-2:06 Oct 15:00 | GW8:QPR(A) 1-1:21 Oct 16:00 | GW9:LIV(H) 2-2:28 Oct 13:30 | GW10:FUL(A) 2-2:03 Nov 15:00 | GW11:SUN(H) 2-1:10 Nov 15:00 | GW12:RDG(A) 1-2:17 Nov 15:00 | GW13:NOR(H) 1-1:24 Nov 15:00 | GW14:ARS(H) 1-1:28 Nov 19:45 | GW15:MCI(A) 1-1:01 Dec 15:00 | GW16:TOT(H) 2-1:09 Dec 15:00 | GW17:STK(A) 1-1:15 Dec 15:00 | GW18:WHU(A) 2-1:22 Dec 15:00 | GW19:WIG(H) 2-1:26 Dec 15:00 | GW20:CHE(H) 1-2:30 Dec 13:30 | GW21:NEW(A) 2-1:02 Jan 20:00 | GW22:SWA(H) 0-0:12 Jan 15:00 | GW23:SOU(A) 0-0:21 Jan 20:00 | GW24:WBA(H) 2-1:30 Jan 19:45 | GW25:AVL(H) 3-3:02 Feb 15:00 | GW26:MUN(A) 0-2:10 Feb 16:00 | GW27:NOR(A) 1-2:23 Feb 15:00 | GW28:RDG(H) 3-1:02 Mar 15:00 | GW30:MCI(H) 2-0:16 Mar 12:45 | GW31:STK(H) 1-0:30 Mar 17:30 | GW32:TOT(A) 2-2:07 Apr 14:05 | GW33:ARS(A) 0-0:16 Apr 19:45 | GW34:SUN(A) 0-1:20 Apr 15:00 | GW35:FUL(H) 1-0:27 Apr 15:00 | GW36:LIV(A) 0-0:05 May 13:30 | GW37:WHU(H) 2-0:12 May 15:00 | GW38:CHE(A) 1-2:19 May 16:00
80179,Adam Forshaw,7,Adam Forshaw,120,EXACT,Everton,1,29,0,-7,0,0,0,0,0,0,GW29:ARS(H) 0-1:21 March 20:00
14075,Patrice Evra,2961,Patrice Evra,203,EXACT,Man Utd,37,1 2 3 4 5 6 7 8 9 10 11 12 13 14 15 16 17 18 19 20 21 22 23 24 25 26 27 28 30 31 32 33 34 35 36 37 38,2970,9,6,4,16,146,9,3,GW1:EVE(A) 0-1:20 Aug 20:00 | GW2:FUL(H) 3-2:25 Aug 15:00 | GW3:SOU(A) 3-2:02 Sep 16:00 | GW4:WIG(H) 4-0:15 Sep 15:00 | GW5:LIV(A) 2-1:23 Sep 13:30 | GW6:TOT(H) 2-3:29 Sep 17:30 | GW7:NEW(A) 3-0:07 Oct 16:00 | GW8:STK(H) 4-2:20 Oct 15:00 | GW9:CHE(A) 3-2:28 Oct 16:00 | GW10:ARS(H) 2-1:03 Nov 12:45 | GW11:AVL(A) 3-2:10 Nov 17:30 | GW12:NOR(A) 0-1:17 Nov 17:30 | GW13:QPR(H) 3-1:24 Nov 15:00 | GW14:WHU(H) 1-0:28 Nov 20:00 | GW15:RDG(A) 4-3:01 Dec 17:30 | GW16:MCI(A) 3-2:09 Dec 13:30 | GW17:SUN(H) 3-1:15 Dec 15:00 | GW18:SWA(A) 1-1:23 Dec 13:30 | GW19:NEW(H) 4-3:26 Dec 15:00 | GW20:WBA(H) 2-0:29 Dec 15:00 | GW21:WIG(A) 4-0:01 Jan 15:00 | GW22:LIV(H) 2-1:13 Jan 13:30 | GW23:TOT(A) 1-1:20 Jan 16:00 | GW24:SOU(H) 2-1:30 Jan 20:00 | GW25:FUL(A) 1-0:02 Feb 17:30 | GW26:EVE(H) 2-0:10 Feb 16:00 | GW27:QPR(A) 2-0:23 Feb 15:00 | GW28:NOR(H) 4-0:02 Mar 15:00 | GW30:RDG(H) 1-0:16 Mar 17:30 | GW31:SUN(A) 1-0:30 Mar 12:45 | GW32:MCI(H) 1-2:08 Apr 20:00 | GW33:WHU(A) 2-2:17 Apr 19:45 | GW34:AVL(H) 3-0:22 Apr 20:00 | GW35:ARS(A) 1-1:28 Apr 16:00 | GW36:CHE(H) 0-1:05 May 16:00 | GW37:SWA(H) 2-1:12 May 16:00 | GW38:WBA(A) 5-5:19 May 16:00
59948,Nathan Eccleston,9,Nathan Eccleston,170,EXACT,Liverpool,37,1 2 3 4 5 6 7 8 9 10 11 12 13 14 15 16 17 18 19 20 21 22 23 24 25 26 28 29 30 31 32 33 34 35 36 37 38,0,-9,0,0,0,0,0,0,GW1:WBA(A) 0-3:18 Aug 15:00 | GW2:MCI(H) 2-2:26 Aug 16:00 | GW3:ARS(H) 0-2:02 Sep 13:30 | GW4:SUN(A) 1-1:15 Sep 17:30 | GW5:MUN(H) 1-2:23 Sep 13:30 | GW6:NOR(A) 5-2:29 Sep 15:00 | GW7:STK(H) 0-0:07 Oct 15:00 | GW8:RDG(H) 1-0:20 Oct 15:00 | GW9:EVE(A) 2-2:28 Oct 13:30 | GW10:NEW(H) 1-1:04 Nov 16:00 | GW11:CHE(A) 1-1:11 Nov 16:00 | GW12:WIG(H) 3-0:17 Nov 15:00 | GW13:SWA(A) 0-0:25 Nov 13:30 | GW14:TOT(A) 1-2:28 Nov 19:45 | GW15:SOU(H) 1-0:01 Dec 15:00 | GW16:WHU(A) 3-2:09 Dec 16:00 | GW17:AVL(H) 1-3:15 Dec 15:00 | GW18:FUL(H) 4-0:22 Dec 17:30 | GW19:STK(A) 1-3:26 Dec 19:45 | GW20:QPR(A) 3-0:30 Dec 16:00 | GW21:SUN(H) 3-0:02 Jan 19:45 | GW22:MUN(A) 1-2:13 Jan 13:30 | GW23:NOR(H) 5-0:19 Jan 15:00 | GW24:ARS(A) 2-2:30 Jan 19:45 | GW25:MCI(A) 2-2:03 Feb 16:00 | GW26:SWA(H) 5-0:17 Feb 15:00 | GW28:WIG(A) 4-0:02 Mar 17:30 | GW29:TOT(H) 3-2:10 Mar 16:00 | GW30:SOU(A) 1-3:16 Mar 15:00 | GW31:AVL(A) 2-1:31 Mar 13:30 | GW32:WHU(H) 0-0:07 Apr 13:30 | GW33:RDG(A) 0-0:13 Apr 15:00 | GW34:CHE(H) 2-2:21 Apr 16:00 | GW35:NEW(A) 6-0:27 Apr 17:30 | GW36:EVE(H) 0-0:05 May 13:30 | GW37:FUL(A) 3-1:12 May 15:00 | GW38:QPR(H) 1-0:19 May 16:00
52477,Nathan Baker,249,Nathan Baker,35,EXACT,Aston Villa,12,1 2 3 4 5 6 7 8 9 10 20 30,260,11,0,0,0,10,1,0,GW1:WHU(A) 0-1:18 Aug 15:00 | GW2:EVE(H) 1-3:25 Aug 15:00 | GW3:NEW(A) 1-1:02 Sep 16:00 | GW4:SWA(H) 2-0:15 Sep 15:00 | GW5:SOU(A) 1-4:22 Sep 15:00 | GW6:WBA(H) 1-1:30 Sep 16:00 | GW7:TOT(A) 0-2:07 Oct 15:00 | GW8:FUL(A) 0-1:20 Oct 15:00 | GW9:NOR(H) 1-1:27 Oct 12:45 | GW10:SUN(A) 1-0:03 Nov 15:00 | GW20:WIG(H) 0-3:29 Dec 15:00 | GW30:QPR(H) 3-2:16 Mar 15:00
54662,Geoffrey Mujangi Bia,11,Geoffrey Mujangi Bia,465,EXACT,Wolves,1,33,0,-11,0,0,0,0,0,0,GW33:ARS(H) 0-3:11 April 19:45
18430,Zoltán Gera,1108,Zoltan Gera,480,EXACT,West Brom,37,1 2 3 4 5 6 7 8 9 10 11 12 13 14 15 16 17 18 19 20 21 22 23 24 25 26 27 28 29 30 31 32 34 35 36 37 38,1120,12,1,4,7,64,5,1,GW1:LIV(H) 3-0:18 Aug 15:00 | GW2:TOT(A) 1-1:25 Aug 15:00 | GW3:EVE(H) 2-0:01 Sep 15:00 | GW4:FUL(A) 0-3:15 Sep 15:00 | GW5:RDG(H) 1-0:22 Sep 15:00 | GW6:AVL(A) 1-1:30 Sep 16:00 | GW7:QPR(H) 3-2:06 Oct 15:00 | GW8:MCI(H) 1-2:20 Oct 15:00 | GW9:NEW(A) 1-2:28 Oct 15:00 | GW10:SOU(H) 2-0:05 Nov 20:00 | GW11:WIG(A) 2-1:10 Nov 15:00 | GW12:CHE(H) 2-1:17 Nov 15:00 | GW13:SUN(A) 4-2:24 Nov 12:45 | GW14:SWA(A) 1-3:28 Nov 19:45 | GW15:STK(H) 0-1:01 Dec 15:00 | GW16:ARS(A) 0-2:08 Dec 15:00 | GW17:WHU(H) 0-0:16 Dec 16:00 | GW18:NOR(H) 2-1:22 Dec 15:00 | GW19:QPR(A) 2-1:26 Dec 15:00 | GW20:MUN(A) 0-2:29 Dec 15:00 | GW21:FUL(H) 1-2:01 Jan 12:45 | GW22:RDG(A) 2-3:12 Jan 15:00 | GW23:AVL(H) 2-2:19 Jan 17:30 | GW24:EVE(A) 1-2:30 Jan 19:45 | GW25:TOT(H) 0-1:03 Feb 13:30 | GW26:LIV(A) 2-0:11 Feb 20:00 | GW27:SUN(H) 2-1:23 Feb 15:00 | GW28:CHE(A) 0-1:02 Mar 15:00 | GW29:SWA(H) 2-1:09 Mar 15:00 | GW30:STK(A) 0-0:16 Mar 15:00 | GW31:WHU(A) 1-3:30 Mar 15:00 | GW32:ARS(H) 1-2:06 Apr 15:00 | GW34:NEW(H) 1-1:20 Apr 15:00 | GW35:SOU(A) 3-0:27 Apr 15:00 | GW36:MCI(A) 0-1:07 May 19:45 | GW37:NOR(A) 0-4:12 May 15:00 | GW38:MUN(H) 5-5:19 May 16:00
55586,Jose Baxter,12,Jose Baxter,112,EXACT,Everton,37,1 2 3 4 5 6 7 8 9 10 11 12 13 14 15 16 17 18 19 20 21 22 23 24 25 26 27 28 30 31 32 33 34 35 36 37 38,0,-12,0,0,0,0,0,0,GW1:MUN(H) 1-0:20 Aug 20:00 | GW2:AVL(A) 3-1:25 Aug 15:00 | GW3:WBA(A) 0-2:01 Sep 15:00 | GW4:NEW(H) 2-2:17 Sep 20:00 | GW5:SWA(A) 3-0:22 Sep 12:45 | GW6:SOU(H) 3-1:29 Sep 15:00 | GW7:WIG(A) 2-2:06 Oct 15:00 | GW8:QPR(A) 1-1:21 Oct 16:00 | GW9:LIV(H) 2-2:28 Oct 13:30 | GW10:FUL(A) 2-2:03 Nov 15:00 | GW11:SUN(H) 2-1:10 Nov 15:00 | GW12:RDG(A) 1-2:17 Nov 15:00 | GW13:NOR(H) 1-1:24 Nov 15:00 | GW14:ARS(H) 1-1:28 Nov 19:45 | GW15:MCI(A) 1-1:01 Dec 15:00 | GW16:TOT(H) 2-1:09 Dec 15:00 | GW17:STK(A) 1-1:15 Dec 15:00 | GW18:WHU(A) 2-1:22 Dec 15:00 | GW19:WIG(H) 2-1:26 Dec 15:00 | GW20:CHE(H) 1-2:30 Dec 13:30 | GW21:NEW(A) 2-1:02 Jan 20:00 | GW22:SWA(H) 0-0:12 Jan 15:00 | GW23:SOU(A) 0-0:21 Jan 20:00 | GW24:WBA(H) 2-1:30 Jan 19:45 | GW25:AVL(H) 3-3:02 Feb 15:00 | GW26:MUN(A) 0-2:10 Feb 16:00 | GW27:NOR(A) 1-2:23 Feb 15:00 | GW28:RDG(H) 3-1:02 Mar 15:00 | GW30:MCI(H) 2-0:16 Mar 12:45 | GW31:STK(H) 1-0:30 Mar 17:30 | GW32:TOT(A) 2-2:07 Apr 14:05 | GW33:ARS(A) 0-0:16 Apr 19:45 | GW34:SUN(A) 0-1:20 Apr 15:00 | GW35:FUL(H) 1-0:27 Apr 15:00 | GW36:LIV(A) 0-0:05 May 13:30 | GW37:WHU(H) 2-0:12 May 15:00 | GW38:CHE(A) 1-2:19 May 16:00
55586,Jose Baxter,12,Jose Baxter,132,EXACT,Everton,1,33,0,-12,0,0,0,0,0,0,GW33:SUN(H) 4-0:09 April 15:00
50117,Rafik Halliche,14,Rafik Halliche,126,EXACT,Fulham,37,1 2 3 4 5 6 7 8 9 10 11 12 13 14 15 16 17 18 19 20 21 22 23 24 25 26 27 28 30 31 32 33 34 35 36 37 38,0,-14,0,0,0,0,0,0,GW1:NOR(H) 5-0:18 Aug 15:00 | GW2:MUN(A) 2-3:25 Aug 15:00 | GW3:WHU(A) 0-3:01 Sep 12:45 | GW4:WBA(H) 3-0:15 Sep 15:00 | GW5:WIG(A) 2-1:22 Sep 15:00 | GW6:MCI(H) 1-2:29 Sep 15:00 | GW7:SOU(A) 2-2:07 Oct 13:30 | GW8:AVL(H) 1-0:20 Oct 15:00 | GW9:RDG(A) 3-3:27 Oct 15:00 | GW10:EVE(H) 2-2:03 Nov 15:00 | GW11:ARS(A) 3-3:10 Nov 15:00 | GW12:SUN(H) 1-3:18 Nov 16:00 | GW13:STK(A) 0-1:24 Nov 15:00 | GW14:CHE(A) 0-0:28 Nov 19:45 | GW15:TOT(H) 0-3:01 Dec 15:00 | GW16:NEW(H) 2-1:10 Dec 20:00 | GW17:QPR(A) 1-2:15 Dec 15:00 | GW18:LIV(A) 0-4:22 Dec 17:30 | GW19:SOU(H) 1-1:26 Dec 15:00 | GW20:SWA(H) 1-2:29 Dec 15:00 | GW21:WBA(A) 2-1:01 Jan 12:45 | GW22:WIG(H) 1-1:12 Jan 15:00 | GW23:MCI(A) 0-2:19 Jan 15:00 | GW24:WHU(H) 3-1:30 Jan 20:00 | GW25:MUN(H) 0-1:02 Feb 17:30 | GW26:NOR(A) 0-0:09 Feb 15:00 | GW27:STK(H) 1-0:23 Feb 12:45 | GW28:SUN(A) 2-2:02 Mar 15:00 | GW30:TOT(A) 1-0:17 Mar 15:00 | GW31:QPR(H) 3-2:01 Apr 20:00 | GW32:NEW(A) 0-1:07 Apr 15:00 | GW33:CHE(H) 0-3:17 Apr 20:00 | GW34:ARS(H) 0-1:20 Apr 15:00 | GW35:EVE(A) 0-1:27 Apr 15:00 | GW36:RDG(H) 2-4:04 May 15:00 | GW37:LIV(H) 1-3:12 May 15:00 | GW38:SWA(A) 3-0:19 May 16:00
50117,Rafik Halliche,14,Rafik Halliche,144,EXACT,Fulham,1,27,0,-14,0,0,0,0,0,0,GW27:WOL(H) 5-0:04 March 14:05
19916,James Vaughan,16,James Vaughan,277,EXACT,Norwich,38,1 2 3 4 5 6 7 8 9 10 11 12 13 14 15 16 17 18 19 20 21 22 23 24 25 26 27 28 29 30 31 32 33 34 35 36 37 38,0,-16,0,0,0,0,0,0,GW1:FUL(A) 0-5:18 Aug 15:00 | GW2:QPR(H) 1-1:25 Aug 15:00 | GW3:TOT(A) 1-1:01 Sep 15:00 | GW4:WHU(H) 0-0:15 Sep 12:45 | GW5:NEW(A) 0-1:23 Sep 15:00 | GW6:LIV(H) 2-5:29 Sep 15:00 | GW7:CHE(A) 1-4:06 Oct 15:00 | GW8:ARS(H) 1-0:20 Oct 17:30 | GW9:AVL(A) 1-1:27 Oct 12:45 | GW10:STK(H) 1-0:03 Nov 15:00 | GW11:RDG(A) 0-0:10 Nov 15:00 | GW12:MUN(H) 1-0:17 Nov 17:30 | GW13:EVE(A) 1-1:24 Nov 15:00 | GW14:SOU(A) 1-1:28 Nov 19:45 | GW15:SUN(H) 2-1:02 Dec 16:00 | GW16:SWA(A) 4-3:08 Dec 15:00 | GW17:WIG(H) 2-1:15 Dec 15:00 | GW18:WBA(A) 1-2:22 Dec 15:00 | GW19:CHE(H) 0-1:26 Dec 15:00 | GW20:MCI(H) 3-4:29 Dec 15:00 | GW21:WHU(A) 1-2:01 Jan 15:00 | GW22:NEW(H) 0-0:12 Jan 15:00 | GW23:LIV(A) 0-5:19 Jan 15:00 | GW24:TOT(H) 1-1:30 Jan 19:45 | GW25:QPR(A) 0-0:02 Feb 12:45 | GW26:FUL(H) 0-0:09 Feb 15:00 | GW27:EVE(H) 2-1:23 Feb 15:00 | GW28:MUN(A) 0-4:02 Mar 15:00 | GW29:SOU(H) 0-0:09 Mar 15:00 | GW30:SUN(A) 1-1:17 Mar 13:30 | GW31:WIG(A) 0-1:30 Mar 15:00 | GW32:SWA(H) 2-2:06 Apr 15:00 | GW33:ARS(A) 1-3:13 Apr 15:00 | GW34:RDG(H) 2-1:20 Apr 15:00 | GW35:STK(A) 0-1:27 Apr 15:00 | GW36:AVL(H) 1-2:04 May 15:00 | GW37:WBA(H) 4-0:12 May 15:00 | GW38:MCI(A) 3-2:19 May 16:00
41823,Fabian Delph,414,Fabian Delph,48,EXACT,Aston Villa,12,1 2 3 4 5 6 7 8 9 10 20 30,391,-23,0,0,0,8,0,2,GW1:WHU(A) 0-1:18 Aug 15:00 | GW2:EVE(H) 1-3:25 Aug 15:00 | GW3:NEW(A) 1-1:02 Sep 16:00 | GW4:SWA(H) 2-0:15 Sep 15:00 | GW5:SOU(A) 1-4:22 Sep 15:00 | GW6:WBA(H) 1-1:30 Sep 16:00 | GW7:TOT(A) 0-2:07 Oct 15:00 | GW8:FUL(A) 0-1:20 Oct 15:00 | GW9:NOR(H) 1-1:27 Oct 12:45 | GW10:SUN(A) 1-0:03 Nov 15:00 | GW20:WIG(H) 0-3:29 Dec 15:00 | GW30:QPR(H) 3-2:16 Mar 15:00
19714,Andy Wilkinson,1752,Andy Wilkinson,359,EXACT,Stoke City,38,1 2 3 4 5 6 7 8 9 10 11 12 13 14 15 16 17 18 19 20 21 22 23 24 25 26 27 28 29 30 31 32 33 34 35 36 37 38,1728,-24,0,0,3,47,4,6,GW1:RDG(A) 1-1:18 Aug 15:00 | GW2:ARS(H) 0-0:26 Aug 13:30 | GW3:WIG(A) 2-2:01 Sep 15:00 | GW4:MCI(H) 1-1:15 Sep 15:00 | GW5:CHE(A) 0-1:22 Sep 15:00 | GW6:SWA(H) 2-0:29 Sep 15:00 | GW7:LIV(A) 0-0:07 Oct 15:00 | GW8:MUN(A) 2-4:20 Oct 15:00 | GW9:SUN(H) 0-0:27 Oct 15:00 | GW10:NOR(A) 0-1:03 Nov 15:00 | GW11:QPR(H) 1-0:10 Nov 15:00 | GW12:WHU(A) 1-1:19 Nov 20:00 | GW13:FUL(H) 1-0:24 Nov 15:00 | GW14:NEW(H) 2-1:28 Nov 19:45 | GW15:WBA(A) 1-0:01 Dec 15:00 | GW16:AVL(A) 0-0:08 Dec 15:00 | GW17:EVE(H) 1-1:15 Dec 15:00 | GW18:TOT(A) 0-0:22 Dec 15:00 | GW19:LIV(H) 3-1:26 Dec 19:45 | GW20:SOU(H) 3-3:29 Dec 15:00 | GW21:MCI(A) 0-3:01 Jan 15:00 | GW22:CHE(H) 0-4:12 Jan 15:00 | GW23:SWA(A) 1-3:19 Jan 15:00 | GW24:WIG(H) 2-2:29 Jan 19:45 | GW25:ARS(A) 0-1:02 Feb 15:00 | GW26:RDG(H) 2-1:09 Feb 15:00 | GW27:FUL(A) 0-1:23 Feb 12:45 | GW28:WHU(H) 0-1:02 Mar 15:00 | GW29:NEW(A) 1-2:10 Mar 15:00 | GW30:WBA(H) 0-0:16 Mar 15:00 | GW31:EVE(A) 0-1:30 Mar 17:30 | GW32:AVL(H) 1-3:06 Apr 15:00 | GW33:MUN(H) 0-2:14 Apr 14:05 | GW34:QPR(A) 2-0:20 Apr 15:00 | GW35:NOR(H) 1-0:27 Apr 15:00 | GW36:SUN(A) 1-1:06 May 20:00 | GW37:TOT(H) 1-2:12 May 13:30 | GW38:SOU(A) 1-1:19 May 16:00
11535,Michael Tonge,25,Michael Tonge,319,EXACT,Stoke City,2,2 3,0,-25,0,0,0,0,0,0,GW2:NOR(A) 1-1:21 Aug. 13:30 | GW3:WBA(A) 1-0:28 Aug. 15:00
37417,Bjørn Helge Riise,26,Bjorn Helge Riise,606,FUZZY_STRICT,Fulham,1,27,0,-26,0,0,0,0,0,0,GW27:WOL(H) 5-0:04 March 14:05
75996,Jordan Cook,27,Jordan Cook,344,EXACT,Sunderland,1,17,0,-27,0,0,0,0,0,0,GW17:QPR(A) 3-2:21 Dec. 20:00
96114,Craig Lynch,28,Craig Lynch,353,EXACT,Sunderland,1,17,0,-28,0,0,0,0,0,0,GW17:QPR(A) 3-2:21 Dec. 20:00
96114,Craig Lynch,28,Craig Lynch,400,EXACT,Sunderland,37,1 3 4 5 6 7 8 9 10 11 12 13 14 15 16 17 18 19 20 21 22 23 24 25 26 27 28 29 30 31 32 33 34 35 36 37 38,0,-28,0,0,0,0,0,0,GW1:ARS(A) 0-0:18 Aug 15:00 | GW3:SWA(A) 2-2:01 Sep 15:00 | GW4:LIV(H) 1-1:15 Sep 17:30 | GW5:WHU(A) 1-1:22 Sep 15:00 | GW6:WIG(H) 1-0:29 Sep 15:00 | GW7:MCI(A) 0-3:06 Oct 12:45 | GW8:NEW(H) 1-1:21 Oct 13:30 | GW9:STK(A) 0-0:27 Oct 15:00 | GW10:AVL(H) 0-1:03 Nov 15:00 | GW11:EVE(A) 1-2:10 Nov 15:00 | GW12:FUL(A) 3-1:18 Nov 16:00 | GW13:WBA(H) 2-4:24 Nov 12:45 | GW14:QPR(H) 0-0:27 Nov 19:45 | GW15:NOR(A) 1-2:02 Dec 16:00 | GW16:RDG(H) 3-0:11 Dec 19:45 | GW17:MUN(A) 1-3:15 Dec 15:00 | GW18:SOU(A) 1-0:22 Dec 15:00 | GW19:MCI(H) 1-0:26 Dec 15:00 | GW20:TOT(H) 1-2:29 Dec 12:45 | GW21:LIV(A) 0-3:02 Jan 19:45 | GW22:WHU(H) 3-0:12 Jan 15:00 | GW23:WIG(A) 3-2:19 Jan 15:00 | GW24:SWA(H) 0-0:29 Jan 19:45 | GW25:RDG(A) 1-2:02 Feb 15:00 | GW26:ARS(H) 0-1:09 Feb 15:00 | GW27:WBA(A) 1-2:23 Feb 15:00 | GW28:FUL(H) 2-2:02 Mar 15:00 | GW29:QPR(A) 1-3:09 Mar 15:00 | GW30:NOR(H) 1-1:17 Mar 13:30 | GW31:MUN(H) 0-1:30 Mar 12:45 | GW32:CHE(A) 1-2:07 Apr 15:00 | GW33:NEW(A) 3-0:14 Apr 12:00 | GW34:EVE(H) 1-0:20 Apr 15:00 | GW35:AVL(A) 1-6:29 Apr 20:00 | GW36:STK(H) 1-1:06 May 20:00 | GW37:SOU(H) 1-1:12 May 15:00 | GW38:TOT(A) 0-1:19 May 16:00
40399,Sam Vokes,28,Sam Vokes,477,EXACT,Wolves,1,33,0,-28,0,0,0,0,0,0,GW33:ARS(H) 0-3:11 April 19:45
60865,Apostolos Vellios,30,Apostolos Vellios,129,EXACT,Everton,1,29,0,-30,0,0,0,0,0,0,GW29:ARS(H) 0-1:21 March 20:00
79843,George Thorne,30,George Thorne,422,EXACT,West Brom,2,27 33,0,-30,0,0,0,0,0,0,GW27:CHE(H) 1-0:03 March 15:00 | GW33:MCI(A) 0-4:11 April 19:45
60865,Apostolos Vellios,30,Apostolos Vellios,110,EXACT,Everton,37,1 2 3 4 5 6 7 8 9 10 11 12 13 14 15 16 17 18 19 20 21 22 23 24 25 26 27 28 30 31 32 33 34 35 36 37 38,61,31,1,0,0,9,0,0,GW1:MUN(H) 1-0:20 Aug 20:00 | GW2:AVL(A) 3-1:25 Aug 15:00 | GW3:WBA(A) 0-2:01 Sep 15:00 | GW4:NEW(H) 2-2:17 Sep 20:00 | GW5:SWA(A) 3-0:22 Sep 12:45 | GW6:SOU(H) 3-1:29 Sep 15:00 | GW7:WIG(A) 2-2:06 Oct 15:00 | GW8:QPR(A) 1-1:21 Oct 16:00 | GW9:LIV(H) 2-2:28 Oct 13:30 | GW10:FUL(A) 2-2:03 Nov 15:00 | GW11:SUN(H) 2-1:10 Nov 15:00 | GW12:RDG(A) 1-2:17 Nov 15:00 | GW13:NOR(H) 1-1:24 Nov 15:00 | GW14:ARS(H) 1-1:28 Nov 19:45 | GW15:MCI(A) 1-1:01 Dec 15:00 | GW16:TOT(H) 2-1:09 Dec 15:00 | GW17:STK(A) 1-1:15 Dec 15:00 | GW18:WHU(A) 2-1:22 Dec 15:00 | GW19:WIG(H) 2-1:26 Dec 15:00 | GW20:CHE(H) 1-2:30 Dec 13:30 | GW21:NEW(A) 2-1:02 Jan 20:00 | GW22:SWA(H) 0-0:12 Jan 15:00 | GW23:SOU(A) 0-0:21 Jan 20:00 | GW24:WBA(H) 2-1:30 Jan 19:45 | GW25:AVL(H) 3-3:02 Feb 15:00 | GW26:MUN(A) 0-2:10 Feb 16:00 | GW27:NOR(A) 1-2:23 Feb 15:00 | GW28:RDG(H) 3-1:02 Mar 15:00 | GW30:MCI(H) 2-0:16 Mar 12:45 | GW31:STK(H) 1-0:30 Mar 17:30 | GW32:TOT(A) 2-2:07 Apr 14:05 | GW33:ARS(A) 0-0:16 Apr 19:45 | GW34:SUN(A) 0-1:20 Apr 15:00 | GW35:FUL(H) 1-0:27 Apr 15:00 | GW36:LIV(A) 0-0:05 May 13:30 | GW37:WHU(H) 2-0:12 May 15:00 | GW38:CHE(A) 1-2:19 May 16:00
40146,Ryan Bertrand,33,Ryan Bertrand,93,EXACT,Chelsea,1,29,0,-33,0,0,0,0,0,0,GW29:MCI(A) 1-2:21 March 19:45
61944,Shane Ferguson,309,Shane Ferguson,239,EXACT,Newcastle,38,1 2 3 4 5 6 7 8 9 10 11 12 13 14 15 16 17 18 19 20 21 22 23 24 25 26 27 28 29 30 31 32 33 34 35 36 37 38,346,37,1,0,0,14,0,0,GW1:TOT(H) 2-1:18 Aug 17:30 | GW2:CHE(A) 0-2:25 Aug 17:30 | GW3:AVL(H) 1-1:02 Sep 16:00 | GW4:EVE(A) 2-2:17 Sep 20:00 | GW5:NOR(H) 1-0:23 Sep 15:00 | GW6:RDG(A) 2-2:29 Sep 15:00 | GW7:MUN(H) 0-3:07 Oct 16:00 | GW8:SUN(A) 1-1:21 Oct 13:30 | GW9:WBA(H) 2-1:28 Oct 15:00 | GW10:LIV(A) 1-1:04 Nov 16:00 | GW11:WHU(H) 0-1:11 Nov 15:00 | GW12:SWA(H) 1-2:17 Nov 15:00 | GW13:SOU(A) 0-2:25 Nov 15:00 | GW14:STK(A) 1-2:28 Nov 19:45 | GW15:WIG(H) 3-0:03 Dec 20:00 | GW16:FUL(A) 1-2:10 Dec 20:00 | GW17:MCI(H) 1-3:15 Dec 12:45 | GW18:QPR(H) 1-0:22 Dec 15:00 | GW19:MUN(A) 3-4:26 Dec 15:00 | GW20:ARS(A) 3-7:29 Dec 17:30 | GW21:EVE(H) 1-2:02 Jan 20:00 | GW22:NOR(A) 0-0:12 Jan 15:00 | GW23:RDG(H) 1-2:19 Jan 15:00 | GW24:AVL(A) 2-1:29 Jan 19:45 | GW25:CHE(H) 3-2:02 Feb 15:00 | GW26:TOT(A) 1-2:09 Feb 12:45 | GW27:SOU(H) 4-2:24 Feb 13:30 | GW28:SWA(A) 0-1:02 Mar 15:00 | GW29:STK(H) 2-1:10 Mar 15:00 | GW30:WIG(A) 1-2:17 Mar 16:00 | GW31:MCI(A) 0-4:30 Mar 15:00 | GW32:FUL(H) 1-0:07 Apr 15:00 | GW33:SUN(H) 0-3:14 Apr 12:00 | GW34:WBA(A) 1-1:20 Apr 15:00 | GW35:LIV(H) 0-6:27 Apr 17:30 | GW36:WHU(A) 0-0:04 May 15:00 | GW37:QPR(A) 2-1:12 May 15:00 | GW38:ARS(H) 0-1:19 May 16:00
56996,Amine Linganzi,38,Amine Linganzi,618,EXACT,Blackburn,2,19 29,0,-38,0,0,0,0,0,0,GW19:MUN(A) 3-2:31 Dec. 12:45 | GW29:SUN(H) 2-0:20 March 20:00
12413,Robert Huth,3111,Robert Huth,361,EXACT,Stoke City,38,1 2 3 4 5 6 7 8 9 10 11 12 13 14 15 16 17 18 19 20 21 22 23 24 25 26 27 28 29 30 31 32 33 34 35 36 37 38,3150,39,0,1,9,112,11,5,GW1:RDG(A) 1-1:18 Aug 15:00 | GW2:ARS(H) 0-0:26 Aug 13:30 | GW3:WIG(A) 2-2:01 Sep 15:00 | GW4:MCI(H) 1-1:15 Sep 15:00 | GW5:CHE(A) 0-1:22 Sep 15:00 | GW6:SWA(H) 2-0:29 Sep 15:00 | GW7:LIV(A) 0-0:07 Oct 15:00 | GW8:MUN(A) 2-4:20 Oct 15:00 | GW9:SUN(H) 0-0:27 Oct 15:00 | GW10:NOR(A) 0-1:03 Nov 15:00 | GW11:QPR(H) 1-0:10 Nov 15:00 | GW12:WHU(A) 1-1:19 Nov 20:00 | GW13:FUL(H) 1-0:24 Nov 15:00 | GW14:NEW(H) 2-1:28 Nov 19:45 | GW15:WBA(A) 1-0:01 Dec 15:00 | GW16:AVL(A) 0-0:08 Dec 15:00 | GW17:EVE(H) 1-1:15 Dec 15:00 | GW18:TOT(A) 0-0:22 Dec 15:00 | GW19:LIV(H) 3-1:26 Dec 19:45 | GW20:SOU(H) 3-3:29 Dec 15:00 | GW21:MCI(A) 0-3:01 Jan 15:00 | GW22:CHE(H) 0-4:12 Jan 15:00 | GW23:SWA(A) 1-3:19 Jan 15:00 | GW24:WIG(H) 2-2:29 Jan 19:45 | GW25:ARS(A) 0-1:02 Feb 15:00 | GW26:RDG(H) 2-1:09 Feb 15:00 | GW27:FUL(A) 0-1:23 Feb 12:45 | GW28:WHU(H) 0-1:02 Mar 15:00 | GW29:NEW(A) 1-2:10 Mar 15:00 | GW30:WBA(H) 0-0:16 Mar 15:00 | GW31:EVE(A) 0-1:30 Mar 17:30 | GW32:AVL(H) 1-3:06 Apr 15:00 | GW33:MUN(H) 0-2:14 Apr 14:05 | GW34:QPR(A) 2-0:20 Apr 15:00 | GW35:NOR(H) 1-0:27 Apr 15:00 | GW36:SUN(A) 1-1:06 May 20:00 | GW37:TOT(H) 1-2:12 May 13:30 | GW38:SOU(A) 1-1:19 May 16:00
28541,Fraizer Campbell,225,Fraizer Campbell,402,EXACT,Sunderland,37,1 3 4 5 6 7 8 9 10 11 12 13 14 15 16 17 18 19 20 21 22 23 24 25 26 27 28 29 30 31 32 33 34 35 36 37 38,264,39,0,1,0,17,1,0,GW1:ARS(A) 0-0:18 Aug 15:00 | GW3:SWA(A) 2-2:01 Sep 15:00 | GW4:LIV(H) 1-1:15 Sep 17:30 | GW5:WHU(A) 1-1:22 Sep 15:00 | GW6:WIG(H) 1-0:29 Sep 15:00 | GW7:MCI(A) 0-3:06 Oct 12:45 | GW8:NEW(H) 1-1:21 Oct 13:30 | GW9:STK(A) 0-0:27 Oct 15:00 | GW10:AVL(H) 0-1:03 Nov 15:00 | GW11:EVE(A) 1-2:10 Nov 15:00 | GW12:FUL(A) 3-1:18 Nov 16:00 | GW13:WBA(H) 2-4:24 Nov 12:45 | GW14:QPR(H) 0-0:27 Nov 19:45 | GW15:NOR(A) 1-2:02 Dec 16:00 | GW16:RDG(H) 3-0:11 Dec 19:45 | GW17:MUN(A) 1-3:15 Dec 15:00 | GW18:SOU(A) 1-0:22 Dec 15:00 | GW19:MCI(H) 1-0:26 Dec 15:00 | GW20:TOT(H) 1-2:29 Dec 12:45 | GW21:LIV(A) 0-3:02 Jan 19:45 | GW22:WHU(H) 3-0:12 Jan 15:00 | GW23:WIG(A) 3-2:19 Jan 15:00 | GW24:SWA(H) 0-0:29 Jan 19:45 | GW25:RDG(A) 1-2:02 Feb 15:00 | GW26:ARS(H) 0-1:09 Feb 15:00 | GW27:WBA(A) 1-2:23 Feb 15:00 | GW28:FUL(H) 2-2:02 Mar 15:00 | GW29:QPR(A) 1-3:09 Mar 15:00 | GW30:NOR(H) 1-1:17 Mar 13:30 | GW31:MUN(H) 0-1:30 Mar 12:45 | GW32:CHE(A) 1-2:07 Apr 15:00 | GW33:NEW(A) 3-0:14 Apr 12:00 | GW34:EVE(H) 1-0:20 Apr 15:00 | GW35:AVL(A) 1-6:29 Apr 20:00 | GW36:STK(H) 1-1:06 May 20:00 | GW37:SOU(H) 1-1:12 May 15:00 | GW38:TOT(A) 0-1:19 May 16:00
10370,Mamady Sidibe,40,Mamady Sidibe,330,EXACT,Stoke City,2,2 3,0,-40,0,0,0,0,0,0,GW2:NOR(A) 1-1:21 Aug. 13:30 | GW3:WBA(A) 1-0:28 Aug. 15:00
10370,Mamady Sidibe,40,Mamady Sidibe,376,EXACT,Stoke City,38,1 2 3 4 5 6 7 8 9 10 11 12 13 14 15 16 17 18 19 20 21 22 23 24 25 26 27 28 29 30 31 32 33 34 35 36 37 38,0,-40,0,0,0,0,0,0,GW1:RDG(A) 1-1:18 Aug 15:00 | GW2:ARS(H) 0-0:26 Aug 13:30 | GW3:WIG(A) 2-2:01 Sep 15:00 | GW4:MCI(H) 1-1:15 Sep 15:00 | GW5:CHE(A) 0-1:22 Sep 15:00 | GW6:SWA(H) 2-0:29 Sep 15:00 | GW7:LIV(A) 0-0:07 Oct 15:00 | GW8:MUN(A) 2-4:20 Oct 15:00 | GW9:SUN(H) 0-0:27 Oct 15:00 | GW10:NOR(A) 0-1:03 Nov 15:00 | GW11:QPR(H) 1-0:10 Nov 15:00 | GW12:WHU(A) 1-1:19 Nov 20:00 | GW13:FUL(H) 1-0:24 Nov 15:00 | GW14:NEW(H) 2-1:28 Nov 19:45 | GW15:WBA(A) 1-0:01 Dec 15:00 | GW16:AVL(A) 0-0:08 Dec 15:00 | GW17:EVE(H) 1-1:15 Dec 15:00 | GW18:TOT(A) 0-0:22 Dec 15:00 | GW19:LIV(H) 3-1:26 Dec 19:45 | GW20:SOU(H) 3-3:29 Dec 15:00 | GW21:MCI(A) 0-3:01 Jan 15:00 | GW22:CHE(H) 0-4:12 Jan 15:00 | GW23:SWA(A) 1-3:19 Jan 15:00 | GW24:WIG(H) 2-2:29 Jan 19:45 | GW25:ARS(A) 0-1:02 Feb 15:00 | GW26:RDG(H) 2-1:09 Feb 15:00 | GW27:FUL(A) 0-1:23 Feb 12:45 | GW28:WHU(H) 0-1:02 Mar 15:00 | GW29:NEW(A) 1-2:10 Mar 15:00 | GW30:WBA(H) 0-0:16 Mar 15:00 | GW31:EVE(A) 0-1:30 Mar 17:30 | GW32:AVL(H) 1-3:06 Apr 15:00 | GW33:MUN(H) 0-2:14 Apr 14:05 | GW34:QPR(A) 2-0:20 Apr 15:00 | GW35:NOR(H) 1-0:27 Apr 15:00 | GW36:SUN(A) 1-1:06 May 20:00 | GW37:TOT(H) 1-2:12 May 13:30 | GW38:SOU(A) 1-1:19 May 16:00
1615,Robbie Blake,43,Robbie Blake,86,EXACT,Bolton,1,19,0,-43,0,0,0,0,0,0,GW19:WOL(H) 1-1:31 Dec. 15:00
40387,Dan Gosling,1,Dan Gosling,240,EXACT,Newcastle,38,1 2 3 4 5 6 7 8 9 10 11 12 13 14 15 16 17 18 19 20 21 22 23 24 25 26 27 28 29 30 31 32 33 34 35 36 37 38,44,43,0,0,0,3,0,0,GW1:TOT(H) 2-1:18 Aug 17:30 | GW2:CHE(A) 0-2:25 Aug 17:30 | GW3:AVL(H) 1-1:02 Sep 16:00 | GW4:EVE(A) 2-2:17 Sep 20:00 | GW5:NOR(H) 1-0:23 Sep 15:00 | GW6:RDG(A) 2-2:29 Sep 15:00 | GW7:MUN(H) 0-3:07 Oct 16:00 | GW8:SUN(A) 1-1:21 Oct 13:30 | GW9:WBA(H) 2-1:28 Oct 15:00 | GW10:LIV(A) 1-1:04 Nov 16:00 | GW11:WHU(H) 0-1:11 Nov 15:00 | GW12:SWA(H) 1-2:17 Nov 15:00 | GW13:SOU(A) 0-2:25 Nov 15:00 | GW14:STK(A) 1-2:28 Nov 19:45 | GW15:WIG(H) 3-0:03 Dec 20:00 | GW16:FUL(A) 1-2:10 Dec 20:00 | GW17:MCI(H) 1-3:15 Dec 12:45 | GW18:QPR(H) 1-0:22 Dec 15:00 | GW19:MUN(A) 3-4:26 Dec 15:00 | GW20:ARS(A) 3-7:29 Dec 17:30 | GW21:EVE(H) 1-2:02 Jan 20:00 | GW22:NOR(A) 0-0:12 Jan 15:00 | GW23:RDG(H) 1-2:19 Jan 15:00 | GW24:AVL(A) 2-1:29 Jan 19:45 | GW25:CHE(H) 3-2:02 Feb 15:00 | GW26:TOT(A) 1-2:09 Feb 12:45 | GW27:SOU(H) 4-2:24 Feb 13:30 | GW28:SWA(A) 0-1:02 Mar 15:00 | GW29:STK(H) 2-1:10 Mar 15:00 | GW30:WIG(A) 1-2:17 Mar 16:00 | GW31:MCI(A) 0-4:30 Mar 15:00 | GW32:FUL(H) 1-0:07 Apr 15:00 | GW33:SUN(H) 0-3:14 Apr 12:00 | GW34:WBA(A) 1-1:20 Apr 15:00 | GW35:LIV(H) 0-6:27 Apr 17:30 | GW36:WHU(A) 0-0:04 May 15:00 | GW37:QPR(A) 2-1:12 May 15:00 | GW38:ARS(H) 0-1:19 May 16:00
18073,Mark Noble,2144,Mark Noble,499,EXACT,West Ham,36,1 2 3 4 5 6 7 8 9 10 11 12 13 14 15 16 17 18 20 21 22 23 24 25 26 27 28 30 31 32 33 34 35 36 37 38,2196,52,4,4,13,96,7,7,GW1:AVL(H) 1-0:18 Aug 15:00 | GW2:SWA(A) 0-3:25 Aug 12:45 | GW3:FUL(H) 3-0:01 Sep 12:45 | GW4:NOR(A) 0-0:15 Sep 12:45 | GW5:SUN(H) 1-1:22 Sep 15:00 | GW6:QPR(A) 2-1:01 Oct 20:00 | GW7:ARS(H) 1-3:06 Oct 17:30 | GW8:SOU(H) 4-1:20 Oct 15:00 | GW9:WIG(A) 1-2:27 Oct 15:00 | GW10:MCI(H) 0-0:03 Nov 17:30 | GW11:NEW(A) 1-0:11 Nov 15:00 | GW12:STK(H) 1-1:19 Nov 20:00 | GW13:TOT(A) 1-3:25 Nov 16:00 | GW14:MUN(A) 0-1:28 Nov 20:00 | GW15:CHE(H) 3-1:01 Dec 12:45 | GW16:LIV(H) 2-3:09 Dec 16:00 | GW17:WBA(A) 0-0:16 Dec 16:00 | GW18:EVE(H) 1-2:22 Dec 15:00 | GW20:RDG(A) 0-1:29 Dec 15:00 | GW21:NOR(H) 2-1:01 Jan 15:00 | GW22:SUN(A) 0-3:12 Jan 15:00 | GW23:ARS(A) 1-5:23 Jan 19:45 | GW24:FUL(A) 1-3:30 Jan 20:00 | GW25:SWA(H) 1-0:02 Feb 15:00 | GW26:AVL(A) 1-2:10 Feb 13:30 | GW27:TOT(H) 2-3:25 Feb 20:00 | GW28:STK(A) 1-0:02 Mar 15:00 | GW30:CHE(A) 0-2:17 Mar 16:00 | GW31:WBA(H) 3-1:30 Mar 15:00 | GW32:LIV(A) 0-0:07 Apr 13:30 | GW33:MUN(H) 2-2:17 Apr 19:45 | GW34:WIG(H) 2-0:20 Apr 15:00 | GW35:MCI(A) 1-2:27 Apr 12:45 | GW36:NEW(H) 0-0:04 May 15:00 | GW37:EVE(A) 0-2:12 May 15:00 | GW38:RDG(H) 4-2:19 May 16:00
80061,Ryan Noble,61,Ryan Noble,354,EXACT,Sunderland,1,17,0,-61,0,0,0,0,0,0,GW17:QPR(A) 3-2:21 Dec. 20:00
80061,Ryan Noble,61,Ryan Noble,401,EXACT,Sunderland,37,1 3 4 5 6 7 8 9 10 11 12 13 14 15 16 17 18 19 20 21 22 23 24 25 26 27 28 29 30 31 32 33 34 35 36 37 38,0,-61,0,0,0,0,0,0,GW1:ARS(A) 0-0:18 Aug 15:00 | GW3:SWA(A) 2-2:01 Sep 15:00 | GW4:LIV(H) 1-1:15 Sep 17:30 | GW5:WHU(A) 1-1:22 Sep 15:00 | GW6:WIG(H) 1-0:29 Sep 15:00 | GW7:MCI(A) 0-3:06 Oct 12:45 | GW8:NEW(H) 1-1:21 Oct 13:30 | GW9:STK(A) 0-0:27 Oct 15:00 | GW10:AVL(H) 0-1:03 Nov 15:00 | GW11:EVE(A) 1-2:10 Nov 15:00 | GW12:FUL(A) 3-1:18 Nov 16:00 | GW13:WBA(H) 2-4:24 Nov 12:45 | GW14:QPR(H) 0-0:27 Nov 19:45 | GW15:NOR(A) 1-2:02 Dec 16:00 | GW16:RDG(H) 3-0:11 Dec 19:45 | GW17:MUN(A) 1-3:15 Dec 15:00 | GW18:SOU(A) 1-0:22 Dec 15:00 | GW19:MCI(H) 1-0:26 Dec 15:00 | GW20:TOT(H) 1-2:29 Dec 12:45 | GW21:LIV(A) 0-3:02 Jan 19:45 | GW22:WHU(H) 3-0:12 Jan 15:00 | GW23:WIG(A) 3-2:19 Jan 15:00 | GW24:SWA(H) 0-0:29 Jan 19:45 | GW25:RDG(A) 1-2:02 Feb 15:00 | GW26:ARS(H) 0-1:09 Feb 15:00 | GW27:WBA(A) 1-2:23 Feb 15:00 | GW28:FUL(H) 2-2:02 Mar 15:00 | GW29:QPR(A) 1-3:09 Mar 15:00 | GW30:NOR(H) 1-1:17 Mar 13:30 | GW31:MUN(H) 0-1:30 Mar 12:45 | GW32:CHE(A) 1-2:07 Apr 15:00 | GW33:NEW(A) 3-0:14 Apr 12:00 | GW34:EVE(H) 1-0:20 Apr 15:00 | GW35:AVL(A) 1-6:29 Apr 20:00 | GW36:STK(H) 1-1:06 May 20:00 | GW37:SOU(H) 1-1:12 May 15:00 | GW38:TOT(A) 0-1:19 May 16:00
55909,Chris Smalling,1082,Chris Smalling,198,EXACT,Man Utd,37,1 2 3 4 5 6 7 8 9 10 11 12 13 14 15 16 17 18 19 20 21 22 23 24 25 26 27 28 30 31 32 33 34 35 36 37 38,1020,-62,0,0,1,47,6,1,GW1:EVE(A) 0-1:20 Aug 20:00 | GW2:FUL(H) 3-2:25 Aug 15:00 | GW3:SOU(A) 3-2:02 Sep 16:00 | GW4:WIG(H) 4-0:15 Sep 15:00 | GW5:LIV(A) 2-1:23 Sep 13:30 | GW6:TOT(H) 2-3:29 Sep 17:30 | GW7:NEW(A) 3-0:07 Oct 16:00 | GW8:STK(H) 4-2:20 Oct 15:00 | GW9:CHE(A) 3-2:28 Oct 16:00 | GW10:ARS(H) 2-1:03 Nov 12:45 | GW11:AVL(A) 3-2:10 Nov 17:30 | GW12:NOR(A) 0-1:17 Nov 17:30 | GW13:QPR(H) 3-1:24 Nov 15:00 | GW14:WHU(H) 1-0:28 Nov 20:00 | GW15:RDG(A) 4-3:01 Dec 17:30 | GW16:MCI(A) 3-2:09 Dec 13:30 | GW17:SUN(H) 3-1:15 Dec 15:00 | GW18:SWA(A) 1-1:23 Dec 13:30 | GW19:NEW(H) 4-3:26 Dec 15:00 | GW20:WBA(H) 2-0:29 Dec 15:00 | GW21:WIG(A) 4-0:01 Jan 15:00 | GW22:LIV(H) 2-1:13 Jan 13:30 | GW23:TOT(A) 1-1:20 Jan 16:00 | GW24:SOU(H) 2-1:30 Jan 20:00 | GW25:FUL(A) 1-0:02 Feb 17:30 | GW26:EVE(H) 2-0:10 Feb 16:00 | GW27:QPR(A) 2-0:23 Feb 15:00 | GW28:NOR(H) 4-0:02 Mar 15:00 | GW30:RDG(H) 1-0:16 Mar 17:30 | GW31:SUN(A) 1-0:30 Mar 12:45 | GW32:MCI(H) 1-2:08 Apr 20:00 | GW33:WHU(A) 2-2:17 Apr 19:45 | GW34:AVL(H) 3-0:22 Apr 20:00 | GW35:ARS(A) 1-1:28 Apr 16:00 | GW36:CHE(H) 0-1:05 May 16:00 | GW37:SWA(H) 2-1:12 May 16:00 | GW38:WBA(A) 5-5:19 May 16:00
19057,Sebastian Larsson,2833,Sebastian Larsson,395,EXACT,Sunderland,37,1 3 4 5 6 7 8 9 10 11 12 13 14 15 16 17 18 19 20 21 22 23 24 25 26 27 28 29 30 31 32 33 34 35 36 37 38,2897,64,6,1,8,110,13,5,GW1:ARS(A) 0-0:18 Aug 15:00 | GW3:SWA(A) 2-2:01 Sep 15:00 | GW4:LIV(H) 1-1:15 Sep 17:30 | GW5:WHU(A) 1-1:22 Sep 15:00 | GW6:WIG(H) 1-0:29 Sep 15:00 | GW7:MCI(A) 0-3:06 Oct 12:45 | GW8:NEW(H) 1-1:21 Oct 13:30 | GW9:STK(A) 0-0:27 Oct 15:00 | GW10:AVL(H) 0-1:03 Nov 15:00 | GW11:EVE(A) 1-2:10 Nov 15:00 | GW12:FUL(A) 3-1:18 Nov 16:00 | GW13:WBA(H) 2-4:24 Nov 12:45 | GW14:QPR(H) 0-0:27 Nov 19:45 | GW15:NOR(A) 1-2:02 Dec 16:00 | GW16:RDG(H) 3-0:11 Dec 19:45 | GW17:MUN(A) 1-3:15 Dec 15:00 | GW18:SOU(A) 1-0:22 Dec 15:00 | GW19:MCI(H) 1-0:26 Dec 15:00 | GW20:TOT(H) 1-2:29 Dec 12:45 | GW21:LIV(A) 0-3:02 Jan 19:45 | GW22:WHU(H) 3-0:12 Jan 15:00 | GW23:WIG(A) 3-2:19 Jan 15:00 | GW24:SWA(H) 0-0:29 Jan 19:45 | GW25:RDG(A) 1-2:02 Feb 15:00 | GW26:ARS(H) 0-1:09 Feb 15:00 | GW27:WBA(A) 1-2:23 Feb 15:00 | GW28:FUL(H) 2-2:02 Mar 15:00 | GW29:QPR(A) 1-3:09 Mar 15:00 | GW30:NOR(H) 1-1:17 Mar 13:30 | GW31:MUN(H) 0-1:30 Mar 12:45 | GW32:CHE(A) 1-2:07 Apr 15:00 | GW33:NEW(A) 3-0:14 Apr 12:00 | GW34:EVE(H) 1-0:20 Apr 15:00 | GW35:AVL(A) 1-6:29 Apr 20:00 | GW36:STK(H) 1-1:06 May 20:00 | GW37:SOU(H) 1-1:12 May 15:00 | GW38:TOT(A) 0-1:19 May 16:00
15944,Michael Kightly,160,Michael Kightly,470,EXACT,Wolves,1,33,90,-70,0,0,0,1,0,1,GW33:ARS(H) 0-3:11 April 19:45
15749,Joe Hart,3420,Joe Hart,171,EXACT,Man City,37,1 2 3 4 5 6 7 8 9 10 11 12 13 14 15 16 17 18 19 20 21 22 23 24 25 26 27 28 30 31 32 33 34 35 36 37 38,3330,-90,0,0,1,152,17,1,GW1:SOU(H) 3-2:19 Aug 16:00 | GW2:LIV(A) 2-2:26 Aug 16:00 | GW3:QPR(H) 3-1:01 Sep 17:30 | GW4:STK(A) 1-1:15 Sep 15:00 | GW5:ARS(H) 1-1:23 Sep 16:00 | GW6:FUL(A) 2-1:29 Sep 15:00 | GW7:SUN(H) 3-0:06 Oct 12:45 | GW8:WBA(A) 2-1:20 Oct 15:00 | GW9:SWA(H) 1-0:27 Oct 17:30 | GW10:WHU(A) 0-0:03 Nov 17:30 | GW11:TOT(H) 2-1:11 Nov 13:30 | GW12:AVL(H) 5-0:17 Nov 15:00 | GW13:CHE(A) 0-0:25 Nov 16:00 | GW14:WIG(A) 2-0:28 Nov 20:00 | GW15:EVE(H) 1-1:01 Dec 15:00 | GW16:MUN(H) 2-3:09 Dec 13:30 | GW17:NEW(A) 3-1:15 Dec 12:45 | GW18:RDG(H) 1-0:22 Dec 15:00 | GW19:SUN(A) 0-1:26 Dec 15:00 | GW20:NOR(A) 4-3:29 Dec 15:00 | GW21:STK(H) 3-0:01 Jan 15:00 | GW22:ARS(A) 2-0:13 Jan 16:00 | GW23:FUL(H) 2-0:19 Jan 15:00 | GW24:QPR(A) 0-0:29 Jan 19:45 | GW25:LIV(H) 2-2:03 Feb 16:00 | GW26:SOU(A) 1-3:09 Feb 17:30 | GW27:CHE(H) 2-0:24 Feb 13:30 | GW28:AVL(A) 1-0:04 Mar 20:00 | GW30:EVE(A) 0-2:16 Mar 12:45 | GW31:NEW(H) 4-0:30 Mar 15:00 | GW32:MUN(A) 2-1:08 Apr 20:00 | GW33:WIG(H) 1-0:17 Apr 19:45 | GW34:TOT(A) 1-3:21 Apr 13:30 | GW35:WHU(H) 2-1:27 Apr 12:45 | GW36:WBA(H) 1-0:07 May 19:45 | GW37:RDG(A) 2-0:14 May 20:00 | GW38:NOR(H) 2-3:19 May 16:00
12745,Leighton Baines,3420,Leighton Baines,97,EXACT,Everton,37,1 2 3 4 5 6 7 8 9 10 11 12 13 14 15 16 17 18 19 20 21 22 23 24 25 26 27 28 30 31 32 33 34 35 36 37 38,3330,-90,7,5,24,171,10,4,GW1:MUN(H) 1-0:20 Aug 20:00 | GW2:AVL(A) 3-1:25 Aug 15:00 | GW3:WBA(A) 0-2:01 Sep 15:00 | GW4:NEW(H) 2-2:17 Sep 20:00 | GW5:SWA(A) 3-0:22 Sep 12:45 | GW6:SOU(H) 3-1:29 Sep 15:00 | GW7:WIG(A) 2-2:06 Oct 15:00 | GW8:QPR(A) 1-1:21 Oct 16:00 | GW9:LIV(H) 2-2:28 Oct 13:30 | GW10:FUL(A) 2-2:03 Nov 15:00 | GW11:SUN(H) 2-1:10 Nov 15:00 | GW12:RDG(A) 1-2:17 Nov 15:00 | GW13:NOR(H) 1-1:24 Nov 15:00 | GW14:ARS(H) 1-1:28 Nov 19:45 | GW15:MCI(A) 1-1:01 Dec 15:00 | GW16:TOT(H) 2-1:09 Dec 15:00 | GW17:STK(A) 1-1:15 Dec 15:00 | GW18:WHU(A) 2-1:22 Dec 15:00 | GW19:WIG(H) 2-1:26 Dec 15:00 | GW20:CHE(H) 1-2:30 Dec 13:30 | GW21:NEW(A) 2-1:02 Jan 20:00 | GW22:SWA(H) 0-0:12 Jan 15:00 | GW23:SOU(A) 0-0:21 Jan 20:00 | GW24:WBA(H) 2-1:30 Jan 19:45 | GW25:AVL(H) 3-3:02 Feb 15:00 | GW26:MUN(A) 0-2:10 Feb 16:00 | GW27:NOR(A) 1-2:23 Feb 15:00 | GW28:RDG(H) 3-1:02 Mar 15:00 | GW30:MCI(H) 2-0:16 Mar 12:45 | GW31:STK(H) 1-0:30 Mar 17:30 | GW32:TOT(A) 2-2:07 Apr 14:05 | GW33:ARS(A) 0-0:16 Apr 19:45 | GW34:SUN(A) 0-1:20 Apr 15:00 | GW35:FUL(H) 1-0:27 Apr 15:00 | GW36:LIV(A) 0-0:05 May 13:30 | GW37:WHU(H) 2-0:12 May 15:00 | GW38:CHE(A) 1-2:19 May 16:00
76358,James Hurst,90,James Hurst,410,EXACT,West Brom,2,27 33,0,-90,0,0,0,0,0,0,GW27:CHE(H) 1-0:03 March 15:00 | GW33:MCI(A) 0-4:11 April 19:45
76358,James Hurst,90,James Hurst,466,EXACT,West Brom,37,1 2 3 4 5 6 7 8 9 10 11 12 13 14 15 16 17 18 19 20 21 22 23 24 25 26 27 28 29 30 31 32 34 35 36 37 38,0,-90,0,0,0,0,0,0,GW1:LIV(H) 3-0:18 Aug 15:00 | GW2:TOT(A) 1-1:25 Aug 15:00 | GW3:EVE(H) 2-0:01 Sep 15:00 | GW4:FUL(A) 0-3:15 Sep 15:00 | GW5:RDG(H) 1-0:22 Sep 15:00 | GW6:AVL(A) 1-1:30 Sep 16:00 | GW7:QPR(H) 3-2:06 Oct 15:00 | GW8:MCI(H) 1-2:20 Oct 15:00 | GW9:NEW(A) 1-2:28 Oct 15:00 | GW10:SOU(H) 2-0:05 Nov 20:00 | GW11:WIG(A) 2-1:10 Nov 15:00 | GW12:CHE(H) 2-1:17 Nov 15:00 | GW13:SUN(A) 4-2:24 Nov 12:45 | GW14:SWA(A) 1-3:28 Nov 19:45 | GW15:STK(H) 0-1:01 Dec 15:00 | GW16:ARS(A) 0-2:08 Dec 15:00 | GW17:WHU(H) 0-0:16 Dec 16:00 | GW18:NOR(H) 2-1:22 Dec 15:00 | GW19:QPR(A) 2-1:26 Dec 15:00 | GW20:MUN(A) 0-2:29 Dec 15:00 | GW21:FUL(H) 1-2:01 Jan 12:45 | GW22:RDG(A) 2-3:12 Jan 15:00 | GW23:AVL(H) 2-2:19 Jan 17:30 | GW24:EVE(A) 1-2:30 Jan 19:45 | GW25:TOT(H) 0-1:03 Feb 13:30 | GW26:LIV(A) 2-0:11 Feb 20:00 | GW27:SUN(H) 2-1:23 Feb 15:00 | GW28:CHE(A) 0-1:02 Mar 15:00 | GW29:SWA(H) 2-1:09 Mar 15:00 | GW30:STK(A) 0-0:16 Mar 15:00 | GW31:WHU(A) 1-3:30 Mar 15:00 | GW32:ARS(H) 1-2:06 Apr 15:00 | GW34:NEW(H) 1-1:20 Apr 15:00 | GW35:SOU(A) 3-0:27 Apr 15:00 | GW36:MCI(A) 0-1:07 May 19:45 | GW37:NOR(A) 0-4:12 May 15:00 | GW38:MUN(H) 5-5:19 May 16:00
86168,Rubén Rochina,117,Ruben Rochina,68,EXACT,Blackburn,3,3 17 29,26,-91,0,0,0,1,0,0,GW3:EVE(H) 0-1:27 Aug. 15:00 | GW17:BOL(H) 1-2:20 Dec. 20:00 | GW29:SUN(H) 2-0:20 March 20:00
21060,Jonás Gutiérrez,2982,Jonas Gutierrez,241,EXACT,Newcastle,38,1 2 3 4 5 6 7 8 9 10 11 12 13 14 15 16 17 18 19 20 21 22 23 24 25 26 27 28 29 30 31 32 33 34 35 36 37 38,2890,-92,2,1,3,76,5,8,GW1:TOT(H) 2-1:18 Aug 17:30 | GW2:CHE(A) 0-2:25 Aug 17:30 | GW3:AVL(H) 1-1:02 Sep 16:00 | GW4:EVE(A) 2-2:17 Sep 20:00 | GW5:NOR(H) 1-0:23 Sep 15:00 | GW6:RDG(A) 2-2:29 Sep 15:00 | GW7:MUN(H) 0-3:07 Oct 16:00 | GW8:SUN(A) 1-1:21 Oct 13:30 | GW9:WBA(H) 2-1:28 Oct 15:00 | GW10:LIV(A) 1-1:04 Nov 16:00 | GW11:WHU(H) 0-1:11 Nov 15:00 | GW12:SWA(H) 1-2:17 Nov 15:00 | GW13:SOU(A) 0-2:25 Nov 15:00 | GW14:STK(A) 1-2:28 Nov 19:45 | GW15:WIG(H) 3-0:03 Dec 20:00 | GW16:FUL(A) 1-2:10 Dec 20:00 | GW17:MCI(H) 1-3:15 Dec 12:45 | GW18:QPR(H) 1-0:22 Dec 15:00 | GW19:MUN(A) 3-4:26 Dec 15:00 | GW20:ARS(A) 3-7:29 Dec 17:30 | GW21:EVE(H) 1-2:02 Jan 20:00 | GW22:NOR(A) 0-0:12 Jan 15:00 | GW23:RDG(H) 1-2:19 Jan 15:00 | GW24:AVL(A) 2-1:29 Jan 19:45 | GW25:CHE(H) 3-2:02 Feb 15:00 | GW26:TOT(A) 1-2:09 Feb 12:45 | GW27:SOU(H) 4-2:24 Feb 13:30 | GW28:SWA(A) 0-1:02 Mar 15:00 | GW29:STK(H) 2-1:10 Mar 15:00 | GW30:WIG(A) 1-2:17 Mar 16:00 | GW31:MCI(A) 0-4:30 Mar 15:00 | GW32:FUL(H) 1-0:07 Apr 15:00 | GW33:SUN(H) 0-3:14 Apr 12:00 | GW34:WBA(A) 1-1:20 Apr 15:00 | GW35:LIV(H) 0-6:27 Apr 17:30 | GW36:WHU(A) 0-0:04 May 15:00 | GW37:QPR(A) 2-1:12 May 15:00 | GW38:ARS(H) 0-1:19 May 16:00
2060,Joe Cole,796,Joe Cole,160,EXACT,West Ham,37,1 2 3 4 5 6 7 8 9 10 11 12 13 14 15 16 17 18 19 20 21 22 23 24 25 26 27 28 30 31 32 33 34 35 36 37 38,702,-94,1,2,2,35,0,2,GW1:WBA(A) 0-3:18 Aug 15:00 | GW2:MCI(H) 2-2:26 Aug 16:00 | GW3:ARS(H) 0-2:02 Sep 13:30 | GW4:SUN(A) 1-1:15 Sep 17:30 | GW5:MUN(H) 1-2:23 Sep 13:30 | GW6:NOR(A) 5-2:29 Sep 15:00 | GW7:STK(H) 0-0:07 Oct 15:00 | GW8:RDG(H) 1-0:20 Oct 15:00 | GW9:EVE(A) 2-2:28 Oct 13:30 | GW10:NEW(H) 1-1:04 Nov 16:00 | GW11:CHE(A) 1-1:11 Nov 16:00 | GW12:WIG(H) 3-0:17 Nov 15:00 | GW13:SWA(A) 0-0:25 Nov 13:30 | GW14:TOT(A) 1-2:28 Nov 19:45 | GW15:SOU(H) 1-0:01 Dec 15:00 | GW16:WHU(A) 3-2:09 Dec 16:00 | GW17:AVL(H) 1-3:15 Dec 15:00 | GW18:FUL(H) 4-0:22 Dec 17:30 | GW19:STK(A) 1-3:26 Dec 19:45 | GW20:QPR(A) 3-0:30 Dec 16:00 | GW21:SUN(H) 3-0:02 Jan 19:45 | GW22:SUN(A) 0-3:12 Jan 15:00 | GW23:ARS(A) 1-5:23 Jan 19:45 | GW24:FUL(A) 1-3:30 Jan 20:00 | GW25:SWA(H) 1-0:02 Feb 15:00 | GW26:AVL(A) 1-2:10 Feb 13:30 | GW27:TOT(H) 2-3:25 Feb 20:00 | GW28:STK(A) 1-0:02 Mar 15:00 | GW30:CHE(A) 0-2:17 Mar 16:00 | GW31:WBA(H) 3-1:30 Mar 15:00 | GW32:LIV(A) 0-0:07 Apr 13:30 | GW33:MUN(H) 2-2:17 Apr 19:45 | GW34:WIG(H) 2-0:20 Apr 15:00 | GW35:MCI(A) 1-2:27 Apr 12:45 | GW36:NEW(H) 0-0:04 May 15:00 | GW37:EVE(A) 0-2:12 May 15:00 | GW38:RDG(H) 4-2:19 May 16:00
20493,Ishmael Miller,96,Ishmael Miller,431,EXACT,West Brom,1,33,0,-96,0,0,0,0,0,0,GW33:MCI(A) 0-4:11 April 19:45
42425,Matthew Briggs,198,Matthew Briggs,120,EXACT,Fulham,37,1 2 3 4 5 6 7 8 9 10 11 12 13 14 15 16 17 18 19 20 21 22 23 24 25 26 27 28 30 31 32 33 34 35 36 37 38,297,99,1,0,0,9,0,0,GW1:NOR(H) 5-0:18 Aug 15:00 | GW2:MUN(A) 2-3:25 Aug 15:00 | GW3:WHU(A) 0-3:01 Sep 12:45 | GW4:WBA(H) 3-0:15 Sep 15:00 | GW5:WIG(A) 2-1:22 Sep 15:00 | GW6:MCI(H) 1-2:29 Sep 15:00 | GW7:SOU(A) 2-2:07 Oct 13:30 | GW8:AVL(H) 1-0:20 Oct 15:00 | GW9:RDG(A) 3-3:27 Oct 15:00 | GW10:EVE(H) 2-2:03 Nov 15:00 | GW11:ARS(A) 3-3:10 Nov 15:00 | GW12:SUN(H) 1-3:18 Nov 16:00 | GW13:STK(A) 0-1:24 Nov 15:00 | GW14:CHE(A) 0-0:28 Nov 19:45 | GW15:TOT(H) 0-3:01 Dec 15:00 | GW16:NEW(H) 2-1:10 Dec 20:00 | GW17:QPR(A) 1-2:15 Dec 15:00 | GW18:LIV(A) 0-4:22 Dec 17:30 | GW19:SOU(H) 1-1:26 Dec 15:00 | GW20:SWA(H) 1-2:29 Dec 15:00 | GW21:WBA(A) 2-1:01 Jan 12:45 | GW22:WIG(H) 1-1:12 Jan 15:00 | GW23:MCI(A) 0-2:19 Jan 15:00 | GW24:WHU(H) 3-1:30 Jan 20:00 | GW25:MUN(H) 0-1:02 Feb 17:30 | GW26:NOR(A) 0-0:09 Feb 15:00 | GW27:STK(H) 1-0:23 Feb 12:45 | GW28:SUN(A) 2-2:02 Mar 15:00 | GW30:TOT(A) 1-0:17 Mar 15:00 | GW31:QPR(H) 3-2:01 Apr 20:00 | GW32:NEW(A) 0-1:07 Apr 15:00 | GW33:CHE(H) 0-3:17 Apr 20:00 | GW34:ARS(H) 0-1:20 Apr 15:00 | GW35:EVE(A) 0-1:27 Apr 15:00 | GW36:RDG(H) 2-4:04 May 15:00 | GW37:LIV(H) 1-3:12 May 15:00 | GW38:SWA(A) 3-0:19 May 16:00
11911,Gary Caldwell,1977,Gary Caldwell,515,EXACT,Wigan,37,1 2 3 4 5 6 7 8 9 10 11 12 13 14 15 16 17 18 19 20 21 22 23 24 25 26 27 28 30 31 32 33 34 35 36 37 38,2079,102,1,1,5,47,4,8,GW1:CHE(H) 0-2:19 Aug 13:30 | GW2:SOU(A) 2-0:25 Aug 15:00 | GW3:STK(H) 2-2:01 Sep 15:00 | GW4:MUN(A) 0-4:15 Sep 15:00 | GW5:FUL(H) 1-2:22 Sep 15:00 | GW6:SUN(A) 0-1:29 Sep 15:00 | GW7:EVE(H) 2-2:06 Oct 15:00 | GW8:SWA(A) 1-2:20 Oct 15:00 | GW9:WHU(H) 2-1:27 Oct 15:00 | GW10:TOT(A) 1-0:03 Nov 15:00 | GW11:WBA(H) 1-2:10 Nov 15:00 | GW12:LIV(A) 0-3:17 Nov 15:00 | GW13:RDG(H) 3-2:24 Nov 15:00 | GW14:MCI(H) 0-2:28 Nov 20:00 | GW15:NEW(A) 0-3:03 Dec 20:00 | GW16:QPR(H) 2-2:08 Dec 15:00 | GW17:NOR(A) 1-2:15 Dec 15:00 | GW18:ARS(H) 0-1:22 Dec 12:45 | GW19:EVE(A) 1-2:26 Dec 15:00 | GW20:AVL(A) 3-0:29 Dec 15:00 | GW21:MUN(H) 0-4:01 Jan 15:00 | GW22:FUL(A) 1-1:12 Jan 15:00 | GW23:SUN(H) 2-3:19 Jan 15:00 | GW24:STK(A) 2-2:29 Jan 19:45 | GW25:SOU(H) 2-2:02 Feb 15:00 | GW26:CHE(A) 1-4:09 Feb 15:00 | GW27:RDG(A) 3-0:23 Feb 15:00 | GW28:LIV(H) 0-4:02 Mar 17:30 | GW30:NEW(H) 2-1:17 Mar 16:00 | GW31:NOR(H) 1-0:30 Mar 15:00 | GW32:QPR(A) 1-1:07 Apr 16:10 | GW33:MCI(A) 0-1:17 Apr 19:45 | GW34:WHU(A) 0-2:20 Apr 15:00 | GW35:TOT(H) 2-2:27 Apr 15:00 | GW36:SWA(H) 2-3:07 May 19:45 | GW37:ARS(A) 1-4:14 May 19:45 | GW38:AVL(H) 2-2:19 May 16:00
39233,Gianni Zuiverloon,116,Gianni Zuiverloon,415,EXACT,West Brom,2,27 33,0,-116,0,0,0,0,0,0,GW27:CHE(H) 1-0:03 March 15:00 | GW33:MCI(A) 0-4:11 April 19:45
1795,Michael Owen,228,Michael Owen,601,EXACT,Stoke City,35,4 5 6 7 8 9 10 11 12 13 14 15 16 17 18 19 20 21 22 23 24 25 26 27 28 29 30 31 32 33 34 35 36 37 38,101,-127,0,1,0,12,0,0,GW4:MCI(H) 1-1:15 Sep 15:00 | GW5:CHE(A) 0-1:22 Sep 15:00 | GW6:SWA(H) 2-0:29 Sep 15:00 | GW7:LIV(A) 0-0:07 Oct 15:00 | GW8:MUN(A) 2-4:20 Oct 15:00 | GW9:SUN(H) 0-0:27 Oct 15:00 | GW10:NOR(A) 0-1:03 Nov 15:00 | GW11:QPR(H) 1-0:10 Nov 15:00 | GW12:WHU(A) 1-1:19 Nov 20:00 | GW13:FUL(H) 1-0:24 Nov 15:00 | GW14:NEW(H) 2-1:28 Nov 19:45 | GW15:WBA(A) 1-0:01 Dec 15:00 | GW16:AVL(A) 0-0:08 Dec 15:00 | GW17:EVE(H) 1-1:15 Dec 15:00 | GW18:TOT(A) 0-0:22 Dec 15:00 | GW19:LIV(H) 3-1:26 Dec 19:45 | GW20:SOU(H) 3-3:29 Dec 15:00 | GW21:MCI(A) 0-3:01 Jan 15:00 | GW22:CHE(H) 0-4:12 Jan 15:00 | GW23:SWA(A) 1-3:19 Jan 15:00 | GW24:WIG(H) 2-2:29 Jan 19:45 | GW25:ARS(A) 0-1:02 Feb 15:00 | GW26:RDG(H) 2-1:09 Feb 15:00 | GW27:FUL(A) 0-1:23 Feb 12:45 | GW28:WHU(H) 0-1:02 Mar 15:00 | GW29:NEW(A) 1-2:10 Mar 15:00 | GW30:WBA(H) 0-0:16 Mar 15:00 | GW31:EVE(A) 0-1:30 Mar 17:30 | GW32:AVL(H) 1-3:06 Apr 15:00 | GW33:MUN(H) 0-2:14 Apr 14:05 | GW34:QPR(A) 2-0:20 Apr 15:00 | GW35:NOR(H) 1-0:27 Apr 15:00 | GW36:SUN(A) 1-1:06 May 20:00 | GW37:TOT(H) 1-2:12 May 13:30 | GW38:SOU(A) 1-1:19 May 16:00
49493,Chris Herd,107,Chris Herd,46,EXACT,Aston Villa,12,1 2 3 4 5 6 7 8 9 10 20 30,238,131,0,0,0,4,0,1,GW1:WHU(A) 0-1:18 Aug 15:00 | GW2:EVE(H) 1-3:25 Aug 15:00 | GW3:NEW(A) 1-1:02 Sep 16:00 | GW4:SWA(H) 2-0:15 Sep 15:00 | GW5:SOU(A) 1-4:22 Sep 15:00 | GW6:WBA(H) 1-1:30 Sep 16:00 | GW7:TOT(A) 0-2:07 Oct 15:00 | GW8:FUL(A) 0-1:20 Oct 15:00 | GW9:NOR(H) 1-1:27 Oct 12:45 | GW10:SUN(A) 1-0:03 Nov 15:00 | GW20:WIG(H) 0-3:29 Dec 15:00 | GW30:QPR(H) 3-2:16 Mar 15:00
37869,Ryan Shawcross,3196,Ryan Shawcross,360,EXACT,Stoke City,38,1 2 3 4 5 6 7 8 9 10 11 12 13 14 15 16 17 18 19 20 21 22 23 24 25 26 27 28 29 30 31 32 33 34 35 36 37 38,3330,134,1,1,15,123,12,9,GW1:RDG(A) 1-1:18 Aug 15:00 | GW2:ARS(H) 0-0:26 Aug 13:30 | GW3:WIG(A) 2-2:01 Sep 15:00 | GW4:MCI(H) 1-1:15 Sep 15:00 | GW5:CHE(A) 0-1:22 Sep 15:00 | GW6:SWA(H) 2-0:29 Sep 15:00 | GW7:LIV(A) 0-0:07 Oct 15:00 | GW8:MUN(A) 2-4:20 Oct 15:00 | GW9:SUN(H) 0-0:27 Oct 15:00 | GW10:NOR(A) 0-1:03 Nov 15:00 | GW11:QPR(H) 1-0:10 Nov 15:00 | GW12:WHU(A) 1-1:19 Nov 20:00 | GW13:FUL(H) 1-0:24 Nov 15:00 | GW14:NEW(H) 2-1:28 Nov 19:45 | GW15:WBA(A) 1-0:01 Dec 15:00 | GW16:AVL(A) 0-0:08 Dec 15:00 | GW17:EVE(H) 1-1:15 Dec 15:00 | GW18:TOT(A) 0-0:22 Dec 15:00 | GW19:LIV(H) 3-1:26 Dec 19:45 | GW20:SOU(H) 3-3:29 Dec 15:00 | GW21:MCI(A) 0-3:01 Jan 15:00 | GW22:CHE(H) 0-4:12 Jan 15:00 | GW23:SWA(A) 1-3:19 Jan 15:00 | GW24:WIG(H) 2-2:29 Jan 19:45 | GW25:ARS(A) 0-1:02 Feb 15:00 | GW26:RDG(H) 2-1:09 Feb 15:00 | GW27:FUL(A) 0-1:23 Feb 12:45 | GW28:WHU(H) 0-1:02 Mar 15:00 | GW29:NEW(A) 1-2:10 Mar 15:00 | GW30:WBA(H) 0-0:16 Mar 15:00 | GW31:EVE(A) 0-1:30 Mar 17:30 | GW32:AVL(H) 1-3:06 Apr 15:00 | GW33:MUN(H) 0-2:14 Apr 14:05 | GW34:QPR(A) 2-0:20 Apr 15:00 | GW35:NOR(H) 1-0:27 Apr 15:00 | GW36:SUN(A) 1-1:06 May 20:00 | GW37:TOT(H) 1-2:12 May 13:30 | GW38:SOU(A) 1-1:19 May 16:00
38429,Gabriel Obertan,283,Gabriel Obertan,236,EXACT,Newcastle,38,1 2 3 4 5 6 7 8 9 10 11 12 13 14 15 16 17 18 19 20 21 22 23 24 25 26 27 28 29 30 31 32 33 34 35 36 37 38,418,135,3,0,0,25,0,0,GW1:TOT(H) 2-1:18 Aug 17:30 | GW2:CHE(A) 0-2:25 Aug 17:30 | GW3:AVL(H) 1-1:02 Sep 16:00 | GW4:EVE(A) 2-2:17 Sep 20:00 | GW5:NOR(H) 1-0:23 Sep 15:00 | GW6:RDG(A) 2-2:29 Sep 15:00 | GW7:MUN(H) 0-3:07 Oct 16:00 | GW8:SUN(A) 1-1:21 Oct 13:30 | GW9:WBA(H) 2-1:28 Oct 15:00 | GW10:LIV(A) 1-1:04 Nov 16:00 | GW11:WHU(H) 0-1:11 Nov 15:00 | GW12:SWA(H) 1-2:17 Nov 15:00 | GW13:SOU(A) 0-2:25 Nov 15:00 | GW14:STK(A) 1-2:28 Nov 19:45 | GW15:WIG(H) 3-0:03 Dec 20:00 | GW16:FUL(A) 1-2:10 Dec 20:00 | GW17:MCI(H) 1-3:15 Dec 12:45 | GW18:QPR(H) 1-0:22 Dec 15:00 | GW19:MUN(A) 3-4:26 Dec 15:00 | GW20:ARS(A) 3-7:29 Dec 17:30 | GW21:EVE(H) 1-2:02 Jan 20:00 | GW22:NOR(A) 0-0:12 Jan 15:00 | GW23:RDG(H) 1-2:19 Jan 15:00 | GW24:AVL(A) 2-1:29 Jan 19:45 | GW25:CHE(H) 3-2:02 Feb 15:00 | GW26:TOT(A) 1-2:09 Feb 12:45 | GW27:SOU(H) 4-2:24 Feb 13:30 | GW28:SWA(A) 0-1:02 Mar 15:00 | GW29:STK(H) 2-1:10 Mar 15:00 | GW30:WIG(A) 1-2:17 Mar 16:00 | GW31:MCI(A) 0-4:30 Mar 15:00 | GW32:FUL(H) 1-0:07 Apr 15:00 | GW33:SUN(H) 0-3:14 Apr 12:00 | GW34:WBA(A) 1-1:20 Apr 15:00 | GW35:LIV(H) 0-6:27 Apr 17:30 | GW36:WHU(A) 0-0:04 May 15:00 | GW37:QPR(A) 2-1:12 May 15:00 | GW38:ARS(H) 0-1:19 May 16:00
20664,David Silva,2563,David Silva,183,EXACT,Man City,37,1 2 3 4 5 6 7 8 9 10 11 12 13 14 15 16 17 18 19 20 21 22 23 24 25 26 27 28 30 31 32 33 34 35 36 37 38,2427,-136,12,4,20,144,14,2,GW1:SOU(H) 3-2:19 Aug 16:00 | GW2:LIV(A) 2-2:26 Aug 16:00 | GW3:QPR(H) 3-1:01 Sep 17:30 | GW4:STK(A) 1-1:15 Sep 15:00 | GW5:ARS(H) 1-1:23 Sep 16:00 | GW6:FUL(A) 2-1:29 Sep 15:00 | GW7:SUN(H) 3-0:06 Oct 12:45 | GW8:WBA(A) 2-1:20 Oct 15:00 | GW9:SWA(H) 1-0:27 Oct 17:30 | GW10:WHU(A) 0-0:03 Nov 17:30 | GW11:TOT(H) 2-1:11 Nov 13:30 | GW12:AVL(H) 5-0:17 Nov 15:00 | GW13:CHE(A) 0-0:25 Nov 16:00 | GW14:WIG(A) 2-0:28 Nov 20:00 | GW15:EVE(H) 1-1:01 Dec 15:00 | GW16:MUN(H) 2-3:09 Dec 13:30 | GW17:NEW(A) 3-1:15 Dec 12:45 | GW18:RDG(H) 1-0:22 Dec 15:00 | GW19:SUN(A) 0-1:26 Dec 15:00 | GW20:NOR(A) 4-3:29 Dec 15:00 | GW21:STK(H) 3-0:01 Jan 15:00 | GW22:ARS(A) 2-0:13 Jan 16:00 | GW23:FUL(H) 2-0:19 Jan 15:00 | GW24:QPR(A) 0-0:29 Jan 19:45 | GW25:LIV(H) 2-2:03 Feb 16:00 | GW26:SOU(A) 1-3:09 Feb 17:30 | GW27:CHE(H) 2-0:24 Feb 13:30 | GW28:AVL(A) 1-0:04 Mar 20:00 | GW30:EVE(A) 0-2:16 Mar 12:45 | GW31:NEW(H) 4-0:30 Mar 15:00 | GW32:MUN(A) 2-1:08 Apr 20:00 | GW33:WIG(H) 1-0:17 Apr 19:45 | GW34:TOT(A) 1-3:21 Apr 13:30 | GW35:WHU(H) 2-1:27 Apr 12:45 | GW36:WBA(H) 1-0:07 May 19:45 | GW37:RDG(A) 2-0:14 May 20:00 | GW38:NOR(H) 2-3:19 May 16:00
9765,Ivan Klasnic,311,Ivan Klasnic,88,EXACT,Bolton,2,3 17,170,-141,0,1,0,7,0,1,GW3:LIV(A) 1-3:27 Aug. 17:30 | GW17:BLA(A) 2-1:20 Dec. 20:00
57835,Magaye Gueye,192,Magaye Gueye,111,EXACT,Everton,37,1 2 3 4 5 6 7 8 9 10 11 12 13 14 15 16 17 18 19 20 21 22 23 24 25 26 27 28 30 31 32 33 34 35 36 37 38,51,-141,0,0,0,2,0,0,GW1:MUN(H) 1-0:20 Aug 20:00 | GW2:AVL(A) 3-1:25 Aug 15:00 | GW3:WBA(A) 0-2:01 Sep 15:00 | GW4:NEW(H) 2-2:17 Sep 20:00 | GW5:SWA(A) 3-0:22 Sep 12:45 | GW6:SOU(H) 3-1:29 Sep 15:00 | GW7:WIG(A) 2-2:06 Oct 15:00 | GW8:QPR(A) 1-1:21 Oct 16:00 | GW9:LIV(H) 2-2:28 Oct 13:30 | GW10:FUL(A) 2-2:03 Nov 15:00 | GW11:SUN(H) 2-1:10 Nov 15:00 | GW12:RDG(A) 1-2:17 Nov 15:00 | GW13:NOR(H) 1-1:24 Nov 15:00 | GW14:ARS(H) 1-1:28 Nov 19:45 | GW15:MCI(A) 1-1:01 Dec 15:00 | GW16:TOT(H) 2-1:09 Dec 15:00 | GW17:STK(A) 1-1:15 Dec 15:00 | GW18:WHU(A) 2-1:22 Dec 15:00 | GW19:WIG(H) 2-1:26 Dec 15:00 | GW20:CHE(H) 1-2:30 Dec 13:30 | GW21:NEW(A) 2-1:02 Jan 20:00 | GW22:SWA(H) 0-0:12 Jan 15:00 | GW23:SOU(A) 0-0:21 Jan 20:00 | GW24:WBA(H) 2-1:30 Jan 19:45 | GW25:AVL(H) 3-3:02 Feb 15:00 | GW26:MUN(A) 0-2:10 Feb 16:00 | GW27:NOR(A) 1-2:23 Feb 15:00 | GW28:RDG(H) 3-1:02 Mar 15:00 | GW30:MCI(H) 2-0:16 Mar 12:45 | GW31:STK(H) 1-0:30 Mar 17:30 | GW32:TOT(A) 2-2:07 Apr 14:05 | GW33:ARS(A) 0-0:16 Apr 19:45 | GW34:SUN(A) 0-1:20 Apr 15:00 | GW35:FUL(H) 1-0:27 Apr 15:00 | GW36:LIV(A) 0-0:05 May 13:30 | GW37:WHU(H) 2-0:12 May 15:00 | GW38:CHE(A) 1-2:19 May 16:00
1344,Jussi Jääskeläinen,3096,Jussi Jaaskelainen,489,EXACT,West Ham,36,1 2 3 4 5 6 7 8 9 10 11 12 13 14 15 16 17 18 20 21 22 23 24 25 26 27 28 30 31 32 33 34 35 36 37 38,3240,144,0,0,4,139,11,2,GW1:AVL(H) 1-0:18 Aug 15:00 | GW2:SWA(A) 0-3:25 Aug 12:45 | GW3:FUL(H) 3-0:01 Sep 12:45 | GW4:NOR(A) 0-0:15 Sep 12:45 | GW5:SUN(H) 1-1:22 Sep 15:00 | GW6:QPR(A) 2-1:01 Oct 20:00 | GW7:ARS(H) 1-3:06 Oct 17:30 | GW8:SOU(H) 4-1:20 Oct 15:00 | GW9:WIG(A) 1-2:27 Oct 15:00 | GW10:MCI(H) 0-0:03 Nov 17:30 | GW11:NEW(A) 1-0:11 Nov 15:00 | GW12:STK(H) 1-1:19 Nov 20:00 | GW13:TOT(A) 1-3:25 Nov 16:00 | GW14:MUN(A) 0-1:28 Nov 20:00 | GW15:CHE(H) 3-1:01 Dec 12:45 | GW16:LIV(H) 2-3:09 Dec 16:00 | GW17:WBA(A) 0-0:16 Dec 16:00 | GW18:EVE(H) 1-2:22 Dec 15:00 | GW20:RDG(A) 0-1:29 Dec 15:00 | GW21:NOR(H) 2-1:01 Jan 15:00 | GW22:SUN(A) 0-3:12 Jan 15:00 | GW23:ARS(A) 1-5:23 Jan 19:45 | GW24:FUL(A) 1-3:30 Jan 20:00 | GW25:SWA(H) 1-0:02 Feb 15:00 | GW26:AVL(A) 1-2:10 Feb 13:30 | GW27:TOT(H) 2-3:25 Feb 20:00 | GW28:STK(A) 1-0:02 Mar 15:00 | GW30:CHE(A) 0-2:17 Mar 16:00 | GW31:WBA(H) 3-1:30 Mar 15:00 | GW32:LIV(A) 0-0:07 Apr 13:30 | GW33:MUN(H) 2-2:17 Apr 19:45 | GW34:WIG(H) 2-0:20 Apr 15:00 | GW35:MCI(A) 1-2:27 Apr 12:45 | GW36:NEW(H) 0-0:04 May 15:00 | GW37:EVE(A) 0-2:12 May 15:00 | GW38:RDG(H) 4-2:19 May 16:00
5306,Kevin Nolan,2658,Kevin Nolan,502,EXACT,West Ham,36,1 2 3 4 5 6 7 8 9 10 11 12 13 14 15 16 17 18 20 21 22 23 24 25 26 27 28 30 31 32 33 34 35 36 37 38,2802,144,2,10,19,145,11,6,GW1:AVL(H) 1-0:18 Aug 15:00 | GW2:SWA(A) 0-3:25 Aug 12:45 | GW3:FUL(H) 3-0:01 Sep 12:45 | GW4:NOR(A) 0-0:15 Sep 12:45 | GW5:SUN(H) 1-1:22 Sep 15:00 | GW6:QPR(A) 2-1:01 Oct 20:00 | GW7:ARS(H) 1-3:06 Oct 17:30 | GW8:SOU(H) 4-1:20 Oct 15:00 | GW9:WIG(A) 1-2:27 Oct 15:00 | GW10:MCI(H) 0-0:03 Nov 17:30 | GW11:NEW(A) 1-0:11 Nov 15:00 | GW12:STK(H) 1-1:19 Nov 20:00 | GW13:TOT(A) 1-3:25 Nov 16:00 | GW14:MUN(A) 0-1:28 Nov 20:00 | GW15:CHE(H) 3-1:01 Dec 12:45 | GW16:LIV(H) 2-3:09 Dec 16:00 | GW17:WBA(A) 0-0:16 Dec 16:00 | GW18:EVE(H) 1-2:22 Dec 15:00 | GW20:RDG(A) 0-1:29 Dec 15:00 | GW21:NOR(H) 2-1:01 Jan 15:00 | GW22:SUN(A) 0-3:12 Jan 15:00 | GW23:ARS(A) 1-5:23 Jan 19:45 | GW24:FUL(A) 1-3:30 Jan 20:00 | GW25:SWA(H) 1-0:02 Feb 15:00 | GW26:AVL(A) 1-2:10 Feb 13:30 | GW27:TOT(H) 2-3:25 Feb 20:00 | GW28:STK(A) 1-0:02 Mar 15:00 | GW30:CHE(A) 0-2:17 Mar 16:00 | GW31:WBA(H) 3-1:30 Mar 15:00 | GW32:LIV(A) 0-0:07 Apr 13:30 | GW33:MUN(H) 2-2:17 Apr 19:45 | GW34:WIG(H) 2-0:20 Apr 15:00 | GW35:MCI(A) 1-2:27 Apr 12:45 | GW36:NEW(H) 0-0:04 May 15:00 | GW37:EVE(A) 0-2:12 May 15:00 | GW38:RDG(H) 4-2:19 May 16:00
83427,Jack Robinson,147,Jack Robinson,148,EXACT,Liverpool,37,1 2 3 4 5 6 7 8 9 10 11 12 13 14 15 16 17 18 19 20 21 22 23 24 25 26 28 29 30 31 32 33 34 35 36 37 38,0,-147,0,0,0,0,0,0,GW1:WBA(A) 0-3:18 Aug 15:00 | GW2:MCI(H) 2-2:26 Aug 16:00 | GW3:ARS(H) 0-2:02 Sep 13:30 | GW4:SUN(A) 1-1:15 Sep 17:30 | GW5:MUN(H) 1-2:23 Sep 13:30 | GW6:NOR(A) 5-2:29 Sep 15:00 | GW7:STK(H) 0-0:07 Oct 15:00 | GW8:RDG(H) 1-0:20 Oct 15:00 | GW9:EVE(A) 2-2:28 Oct 13:30 | GW10:NEW(H) 1-1:04 Nov 16:00 | GW11:CHE(A) 1-1:11 Nov 16:00 | GW12:WIG(H) 3-0:17 Nov 15:00 | GW13:SWA(A) 0-0:25 Nov 13:30 | GW14:TOT(A) 1-2:28 Nov 19:45 | GW15:SOU(H) 1-0:01 Dec 15:00 | GW16:WHU(A) 3-2:09 Dec 16:00 | GW17:AVL(H) 1-3:15 Dec 15:00 | GW18:FUL(H) 4-0:22 Dec 17:30 | GW19:STK(A) 1-3:26 Dec 19:45 | GW20:QPR(A) 3-0:30 Dec 16:00 | GW21:SUN(H) 3-0:02 Jan 19:45 | GW22:MUN(A) 1-2:13 Jan 13:30 | GW23:NOR(H) 5-0:19 Jan 15:00 | GW24:ARS(A) 2-2:30 Jan 19:45 | GW25:MCI(A) 2-2:03 Feb 16:00 | GW26:SWA(H) 5-0:17 Feb 15:00 | GW28:WIG(A) 4-0:02 Mar 17:30 | GW29:TOT(H) 3-2:10 Mar 16:00 | GW30:SOU(A) 1-3:16 Mar 15:00 | GW31:AVL(A) 2-1:31 Mar 13:30 | GW32:WHU(H) 0-0:07 Apr 13:30 | GW33:RDG(A) 0-0:13 Apr 15:00 | GW34:CHE(H) 2-2:21 Apr 16:00 | GW35:NEW(A) 6-0:27 Apr 17:30 | GW36:EVE(H) 0-0:05 May 13:30 | GW37:FUL(A) 3-1:12 May 15:00 | GW38:QPR(H) 1-0:19 May 16:00
83427,Jack Robinson,147,Jack Robinson,160,EXACT,Liverpool,1,29,0,-147,0,0,0,0,0,0,GW29:QPR(A) 2-3:21 March 20:00
20312,Carlos Tevez,2531,Carlos Tevez,190,EXACT,Man City,37,1 2 3 4 5 6 7 8 9 10 11 12 13 14 15 16 17 18 19 20 21 22 23 24 25 26 27 28 30 31 32 33 34 35 36 37 38,2382,-149,14,11,25,168,14,3,GW1:SOU(H) 3-2:19 Aug 16:00 | GW2:LIV(A) 2-2:26 Aug 16:00 | GW3:QPR(H) 3-1:01 Sep 17:30 | GW4:STK(A) 1-1:15 Sep 15:00 | GW5:ARS(H) 1-1:23 Sep 16:00 | GW6:FUL(A) 2-1:29 Sep 15:00 | GW7:SUN(H) 3-0:06 Oct 12:45 | GW8:WBA(A) 2-1:20 Oct 15:00 | GW9:SWA(H) 1-0:27 Oct 17:30 | GW10:WHU(A) 0-0:03 Nov 17:30 | GW11:TOT(H) 2-1:11 Nov 13:30 | GW12:AVL(H) 5-0:17 Nov 15:00 | GW13:CHE(A) 0-0:25 Nov 16:00 | GW14:WIG(A) 2-0:28 Nov 20:00 | GW15:EVE(H) 1-1:01 Dec 15:00 | GW16:MUN(H) 2-3:09 Dec 13:30 | GW17:NEW(A) 3-1:15 Dec 12:45 | GW18:RDG(H) 1-0:22 Dec 15:00 | GW19:SUN(A) 0-1:26 Dec 15:00 | GW20:NOR(A) 4-3:29 Dec 15:00 | GW21:STK(H) 3-0:01 Jan 15:00 | GW22:ARS(A) 2-0:13 Jan 16:00 | GW23:FUL(H) 2-0:19 Jan 15:00 | GW24:QPR(A) 0-0:29 Jan 19:45 | GW25:LIV(H) 2-2:03 Feb 16:00 | GW26:SOU(A) 1-3:09 Feb 17:30 | GW27:CHE(H) 2-0:24 Feb 13:30 | GW28:AVL(A) 1-0:04 Mar 20:00 | GW30:EVE(A) 0-2:16 Mar 12:45 | GW31:NEW(H) 4-0:30 Mar 15:00 | GW32:MUN(A) 2-1:08 Apr 20:00 | GW33:WIG(H) 1-0:17 Apr 19:45 | GW34:TOT(A) 1-3:21 Apr 13:30 | GW35:WHU(H) 2-1:27 Apr 12:45 | GW36:WBA(H) 1-0:07 May 19:45 | GW37:RDG(A) 2-0:14 May 20:00 | GW38:NOR(H) 2-3:19 May 16:00
19556,David Jones,955,David Jones,522,EXACT,Wigan,37,1 2 3 4 5 6 7 8 9 10 11 12 13 14 15 16 17 18 19 20 21 22 23 24 25 26 27 28 30 31 32 33 34 35 36 37 38,806,-149,0,0,0,22,1,1,GW1:CHE(H) 0-2:19 Aug 13:30 | GW2:SOU(A) 2-0:25 Aug 15:00 | GW3:STK(H) 2-2:01 Sep 15:00 | GW4:MUN(A) 0-4:15 Sep 15:00 | GW5:FUL(H) 1-2:22 Sep 15:00 | GW6:SUN(A) 0-1:29 Sep 15:00 | GW7:EVE(H) 2-2:06 Oct 15:00 | GW8:SWA(A) 1-2:20 Oct 15:00 | GW9:WHU(H) 2-1:27 Oct 15:00 | GW10:TOT(A) 1-0:03 Nov 15:00 | GW11:WBA(H) 1-2:10 Nov 15:00 | GW12:LIV(A) 0-3:17 Nov 15:00 | GW13:RDG(H) 3-2:24 Nov 15:00 | GW14:MCI(H) 0-2:28 Nov 20:00 | GW15:NEW(A) 0-3:03 Dec 20:00 | GW16:QPR(H) 2-2:08 Dec 15:00 | GW17:NOR(A) 1-2:15 Dec 15:00 | GW18:ARS(H) 0-1:22 Dec 12:45 | GW19:EVE(A) 1-2:26 Dec 15:00 | GW20:AVL(A) 3-0:29 Dec 15:00 | GW21:MUN(H) 0-4:01 Jan 15:00 | GW22:FUL(A) 1-1:12 Jan 15:00 | GW23:SUN(H) 2-3:19 Jan 15:00 | GW24:STK(A) 2-2:29 Jan 19:45 | GW25:SOU(H) 2-2:02 Feb 15:00 | GW26:CHE(A) 1-4:09 Feb 15:00 | GW27:RDG(A) 3-0:23 Feb 15:00 | GW28:LIV(H) 0-4:02 Mar 17:30 | GW30:NEW(H) 2-1:17 Mar 16:00 | GW31:NOR(H) 1-0:30 Mar 15:00 | GW32:QPR(A) 1-1:07 Apr 16:10 | GW33:MCI(A) 0-1:17 Apr 19:45 | GW34:WHU(A) 0-2:20 Apr 15:00 | GW35:TOT(H) 2-2:27 Apr 15:00 | GW36:SWA(H) 2-3:07 May 19:45 | GW37:ARS(A) 1-4:14 May 19:45 | GW38:AVL(H) 2-2:19 May 16:00
41135,Branislav Ivanovic,2829,Branislav Ivanovic,70,EXACT,Chelsea,35,1 2 4 5 6 7 8 9 10 11 12 13 14 15 16 18 19 20 21 22 23 24 25 26 27 28 30 31 32 33 34 35 36 37 38,2675,-154,1,4,6,113,9,4,GW1:RDG(H) 4-2:22 Aug 19:45 | GW2:NEW(H) 2-0:25 Aug 17:30 | GW4:QPR(A) 0-0:15 Sep 15:00 | GW5:STK(H) 1-0:22 Sep 15:00 | GW6:ARS(A) 2-1:29 Sep 12:45 | GW7:NOR(H) 4-1:06 Oct 15:00 | GW8:TOT(A) 4-2:20 Oct 12:45 | GW9:MUN(H) 2-3:28 Oct 16:00 | GW10:SWA(A) 1-1:03 Nov 15:00 | GW11:LIV(H) 1-1:11 Nov 16:00 | GW12:WBA(A) 1-2:17 Nov 15:00 | GW13:MCI(H) 0-0:25 Nov 16:00 | GW14:FUL(H) 0-0:28 Nov 19:45 | GW15:WHU(A) 1-3:01 Dec 12:45 | GW16:SUN(A) 3-1:08 Dec 15:00 | GW18:AVL(H) 8-0:23 Dec 16:00 | GW19:NOR(A) 1-0:26 Dec 15:00 | GW20:EVE(A) 2-1:30 Dec 13:30 | GW21:QPR(H) 0-1:02 Jan 19:45 | GW22:SOU(H) 2-2:16 Jan 19:45 | GW23:ARS(H) 2-1:20 Jan 13:30 | GW24:RDG(A) 2-2:30 Jan 20:00 | GW25:NEW(A) 2-3:02 Feb 15:00 | GW26:WIG(H) 4-1:09 Feb 15:00 | GW27:MCI(A) 0-2:24 Feb 13:30 | GW28:WBA(H) 1-0:02 Mar 15:00 | GW30:WHU(H) 2-0:17 Mar 16:00 | GW31:SOU(A) 1-2:30 Mar 15:00 | GW32:SUN(H) 2-1:07 Apr 15:00 | GW33:FUL(A) 3-0:17 Apr 20:00 | GW34:LIV(A) 2-2:21 Apr 16:00 | GW35:SWA(H) 2-0:28 Apr 15:00 | GW36:TOT(H) 2-2:08 May 19:45 | GW37:AVL(A) 2-1:11 May 12:45 | GW38:EVE(H) 2-1:19 May 16:00
51933,Jordan Spence,180,Jordan Spence,617,EXACT,West Ham,29,8 9 10 11 12 13 14 15 16 17 18 20 21 22 23 24 25 26 27 28 30 31 32 33 34 35 36 37 38,26,-154,0,0,0,4,0,0,GW8:SOU(H) 4-1:20 Oct 15:00 | GW9:WIG(A) 1-2:27 Oct 15:00 | GW10:MCI(H) 0-0:03 Nov 17:30 | GW11:NEW(A) 1-0:11 Nov 15:00 | GW12:STK(H) 1-1:19 Nov 20:00 | GW13:TOT(A) 1-3:25 Nov 16:00 | GW14:MUN(A) 0-1:28 Nov 20:00 | GW15:CHE(H) 3-1:01 Dec 12:45 | GW16:LIV(H) 2-3:09 Dec 16:00 | GW17:WBA(A) 0-0:16 Dec 16:00 | GW18:EVE(H) 1-2:22 Dec 15:00 | GW20:RDG(A) 0-1:29 Dec 15:00 | GW21:NOR(H) 2-1:01 Jan 15:00 | GW22:SUN(A) 0-3:12 Jan 15:00 | GW23:ARS(A) 1-5:23 Jan 19:45 | GW24:FUL(A) 1-3:30 Jan 20:00 | GW25:SWA(H) 1-0:02 Feb 15:00 | GW26:AVL(A) 1-2:10 Feb 13:30 | GW27:TOT(H) 2-3:25 Feb 20:00 | GW28:STK(A) 1-0:02 Mar 15:00 | GW30:CHE(A) 0-2:17 Mar 16:00 | GW31:WBA(H) 3-1:30 Mar 15:00 | GW32:LIV(A) 0-0:07 Apr 13:30 | GW33:MUN(H) 2-2:17 Apr 19:45 | GW34:WIG(H) 2-0:20 Apr 15:00 | GW35:MCI(A) 1-2:27 Apr 12:45 | GW36:NEW(H) 0-0:04 May 15:00 | GW37:EVE(A) 0-2:12 May 15:00 | GW38:RDG(H) 4-2:19 May 16:00
60490,Danny Wilson,155,Danny Wilson,147,EXACT,Liverpool,37,1 2 3 4 5 6 7 8 9 10 11 12 13 14 15 16 17 18 19 20 21 22 23 24 25 26 28 29 30 31 32 33 34 35 36 37 38,0,-155,0,0,0,0,0,0,GW1:WBA(A) 0-3:18 Aug 15:00 | GW2:MCI(H) 2-2:26 Aug 16:00 | GW3:ARS(H) 0-2:02 Sep 13:30 | GW4:SUN(A) 1-1:15 Sep 17:30 | GW5:MUN(H) 1-2:23 Sep 13:30 | GW6:NOR(A) 5-2:29 Sep 15:00 | GW7:STK(H) 0-0:07 Oct 15:00 | GW8:RDG(H) 1-0:20 Oct 15:00 | GW9:EVE(A) 2-2:28 Oct 13:30 | GW10:NEW(H) 1-1:04 Nov 16:00 | GW11:CHE(A) 1-1:11 Nov 16:00 | GW12:WIG(H) 3-0:17 Nov 15:00 | GW13:SWA(A) 0-0:25 Nov 13:30 | GW14:TOT(A) 1-2:28 Nov 19:45 | GW15:SOU(H) 1-0:01 Dec 15:00 | GW16:WHU(A) 3-2:09 Dec 16:00 | GW17:AVL(H) 1-3:15 Dec 15:00 | GW18:FUL(H) 4-0:22 Dec 17:30 | GW19:STK(A) 1-3:26 Dec 19:45 | GW20:QPR(A) 3-0:30 Dec 16:00 | GW21:SUN(H) 3-0:02 Jan 19:45 | GW22:MUN(A) 1-2:13 Jan 13:30 | GW23:NOR(H) 5-0:19 Jan 15:00 | GW24:ARS(A) 2-2:30 Jan 19:45 | GW25:MCI(A) 2-2:03 Feb 16:00 | GW26:SWA(H) 5-0:17 Feb 15:00 | GW28:WIG(A) 4-0:02 Mar 17:30 | GW29:TOT(H) 3-2:10 Mar 16:00 | GW30:SOU(A) 1-3:16 Mar 15:00 | GW31:AVL(A) 2-1:31 Mar 13:30 | GW32:WHU(H) 0-0:07 Apr 13:30 | GW33:RDG(A) 0-0:13 Apr 15:00 | GW34:CHE(H) 2-2:21 Apr 16:00 | GW35:NEW(A) 6-0:27 Apr 17:30 | GW36:EVE(H) 0-0:05 May 13:30 | GW37:FUL(A) 3-1:12 May 15:00 | GW38:QPR(H) 1-0:19 May 16:00
60490,Danny Wilson,155,Danny Wilson,158,EXACT,Liverpool,1,27,0,-155,0,0,0,0,0,0,GW27:ARS(H) 1-2:03 March 12:45
44528,Steven Mouyokolo,158,Steven Mouyokolo,456,EXACT,Wolves,1,29,0,-158,0,0,0,0,0,0,GW29:MUN(H) 0-5:18 March 13:30
13594,Yossi Benayoun,203,Yossi Benayoun,86,EXACT,Chelsea,36,1 2 3 4 5 6 7 8 9 10 11 12 13 14 15 16 17 18 20 21 22 23 24 25 26 27 28 30 31 32 33 34 35 36 37 38,374,171,1,0,0,17,1,1,GW1:RDG(H) 4-2:22 Aug 19:45 | GW2:NEW(H) 2-0:25 Aug 17:30 | GW3:FUL(H) 3-0:01 Sep 12:45 | GW4:NOR(A) 0-0:15 Sep 12:45 | GW5:SUN(H) 1-1:22 Sep 15:00 | GW6:QPR(A) 2-1:01 Oct 20:00 | GW7:ARS(H) 1-3:06 Oct 17:30 | GW8:SOU(H) 4-1:20 Oct 15:00 | GW9:WIG(A) 1-2:27 Oct 15:00 | GW10:MCI(H) 0-0:03 Nov 17:30 | GW11:NEW(A) 1-0:11 Nov 15:00 | GW12:STK(H) 1-1:19 Nov 20:00 | GW13:TOT(A) 1-3:25 Nov 16:00 | GW14:MUN(A) 0-1:28 Nov 20:00 | GW15:CHE(H) 3-1:01 Dec 12:45 | GW16:LIV(H) 2-3:09 Dec 16:00 | GW17:WBA(A) 0-0:16 Dec 16:00 | GW18:EVE(H) 1-2:22 Dec 15:00 | GW20:RDG(A) 0-1:29 Dec 15:00 | GW21:NOR(H) 2-1:01 Jan 15:00 | GW22:SOU(H) 2-2:16 Jan 19:45 | GW23:ARS(H) 2-1:20 Jan 13:30 | GW24:RDG(A) 2-2:30 Jan 20:00 | GW25:NEW(A) 2-3:02 Feb 15:00 | GW26:WIG(H) 4-1:09 Feb 15:00 | GW27:MCI(A) 0-2:24 Feb 13:30 | GW28:WBA(H) 1-0:02 Mar 15:00 | GW30:WHU(H) 2-0:17 Mar 16:00 | GW31:SOU(A) 1-2:30 Mar 15:00 | GW32:SUN(H) 2-1:07 Apr 15:00 | GW33:FUL(A) 3-0:17 Apr 20:00 | GW34:LIV(A) 2-2:21 Apr 16:00 | GW35:SWA(H) 2-0:28 Apr 15:00 | GW36:TOT(H) 2-2:08 May 19:45 | GW37:AVL(A) 2-1:11 May 12:45 | GW38:EVE(H) 2-1:19 May 16:00
88821,Josh McEachran,171,Josh McEachran,101,EXACT,Swansea,1,29,0,-171,0,0,0,0,0,0,GW29:FUL(A) 3-0:17 March 15:00
88821,Josh McEachran,171,Josh McEachran,75,EXACT,Chelsea,35,1 2 4 5 6 7 8 9 10 11 12 13 14 15 16 18 19 20 21 22 23 24 25 26 27 28 30 31 32 33 34 35 36 37 38,0,-171,0,0,0,0,0,0,GW1:RDG(H) 4-2:22 Aug 19:45 | GW2:NEW(H) 2-0:25 Aug 17:30 | GW4:QPR(A) 0-0:15 Sep 15:00 | GW5:STK(H) 1-0:22 Sep 15:00 | GW6:ARS(A) 2-1:29 Sep 12:45 | GW7:NOR(H) 4-1:06 Oct 15:00 | GW8:TOT(A) 4-2:20 Oct 12:45 | GW9:MUN(H) 2-3:28 Oct 16:00 | GW10:SWA(A) 1-1:03 Nov 15:00 | GW11:LIV(H) 1-1:11 Nov 16:00 | GW12:WBA(A) 1-2:17 Nov 15:00 | GW13:MCI(H) 0-0:25 Nov 16:00 | GW14:FUL(H) 0-0:28 Nov 19:45 | GW15:WHU(A) 1-3:01 Dec 12:45 | GW16:SUN(A) 3-1:08 Dec 15:00 | GW18:AVL(H) 8-0:23 Dec 16:00 | GW19:NOR(A) 1-0:26 Dec 15:00 | GW20:EVE(A) 2-1:30 Dec 13:30 | GW21:QPR(H) 0-1:02 Jan 19:45 | GW22:SOU(H) 2-2:16 Jan 19:45 | GW23:ARS(H) 2-1:20 Jan 13:30 | GW24:RDG(A) 2-2:30 Jan 20:00 | GW25:NEW(A) 2-3:02 Feb 15:00 | GW26:WIG(H) 4-1:09 Feb 15:00 | GW27:MCI(A) 0-2:24 Feb 13:30 | GW28:WBA(H) 1-0:02 Mar 15:00 | GW30:WHU(H) 2-0:17 Mar 16:00 | GW31:SOU(A) 1-2:30 Mar 15:00 | GW32:SUN(H) 2-1:07 Apr 15:00 | GW33:FUL(A) 3-0:17 Apr 20:00 | GW34:LIV(A) 2-2:21 Apr 16:00 | GW35:SWA(H) 2-0:28 Apr 15:00 | GW36:TOT(H) 2-2:08 May 19:45 | GW37:AVL(A) 2-1:11 May 12:45 | GW38:EVE(H) 2-1:19 May 16:00
57835,Magaye Gueye,192,Magaye Gueye,130,EXACT,Everton,1,29,13,-179,0,0,0,1,0,0,GW29:ARS(H) 0-1:21 March 20:00
12086,Boaz Myhill,540,Boaz Myhill,462,EXACT,West Brom,37,1 2 3 4 5 6 7 8 9 10 11 12 13 14 15 16 17 18 19 20 21 22 23 24 25 26 27 28 29 30 31 32 34 35 36 37 38,720,180,0,0,2,25,1,0,GW1:LIV(H) 3-0:18 Aug 15:00 | GW2:TOT(A) 1-1:25 Aug 15:00 | GW3:EVE(H) 2-0:01 Sep 15:00 | GW4:FUL(A) 0-3:15 Sep 15:00 | GW5:RDG(H) 1-0:22 Sep 15:00 | GW6:AVL(A) 1-1:30 Sep 16:00 | GW7:QPR(H) 3-2:06 Oct 15:00 | GW8:MCI(H) 1-2:20 Oct 15:00 | GW9:NEW(A) 1-2:28 Oct 15:00 | GW10:SOU(H) 2-0:05 Nov 20:00 | GW11:WIG(A) 2-1:10 Nov 15:00 | GW12:CHE(H) 2-1:17 Nov 15:00 | GW13:SUN(A) 4-2:24 Nov 12:45 | GW14:SWA(A) 1-3:28 Nov 19:45 | GW15:STK(H) 0-1:01 Dec 15:00 | GW16:ARS(A) 0-2:08 Dec 15:00 | GW17:WHU(H) 0-0:16 Dec 16:00 | GW18:NOR(H) 2-1:22 Dec 15:00 | GW19:QPR(A) 2-1:26 Dec 15:00 | GW20:MUN(A) 0-2:29 Dec 15:00 | GW21:FUL(H) 1-2:01 Jan 12:45 | GW22:RDG(A) 2-3:12 Jan 15:00 | GW23:AVL(H) 2-2:19 Jan 17:30 | GW24:EVE(A) 1-2:30 Jan 19:45 | GW25:TOT(H) 0-1:03 Feb 13:30 | GW26:LIV(A) 2-0:11 Feb 20:00 | GW27:SUN(H) 2-1:23 Feb 15:00 | GW28:CHE(A) 0-1:02 Mar 15:00 | GW29:SWA(H) 2-1:09 Mar 15:00 | GW30:STK(A) 0-0:16 Mar 15:00 | GW31:WHU(A) 1-3:30 Mar 15:00 | GW32:ARS(H) 1-2:06 Apr 15:00 | GW34:NEW(H) 1-1:20 Apr 15:00 | GW35:SOU(A) 3-0:27 Apr 15:00 | GW36:MCI(A) 0-1:07 May 19:45 | GW37:NOR(A) 0-4:12 May 15:00 | GW38:MUN(H) 5-5:19 May 16:00
59949,Séamus Coleman,2259,Seamus Coleman,107,EXACT,Everton,37,1 2 3 4 5 6 7 8 9 10 11 12 13 14 15 16 17 18 19 20 21 22 23 24 25 26 27 28 30 31 32 33 34 35 36 37 38,2075,-184,5,0,5,71,8,4,GW1:MUN(H) 1-0:20 Aug 20:00 | GW2:AVL(A) 3-1:25 Aug 15:00 | GW3:WBA(A) 0-2:01 Sep 15:00 | GW4:NEW(H) 2-2:17 Sep 20:00 | GW5:SWA(A) 3-0:22 Sep 12:45 | GW6:SOU(H) 3-1:29 Sep 15:00 | GW7:WIG(A) 2-2:06 Oct 15:00 | GW8:QPR(A) 1-1:21 Oct 16:00 | GW9:LIV(H) 2-2:28 Oct 13:30 | GW10:FUL(A) 2-2:03 Nov 15:00 | GW11:SUN(H) 2-1:10 Nov 15:00 | GW12:RDG(A) 1-2:17 Nov 15:00 | GW13:NOR(H) 1-1:24 Nov 15:00 | GW14:ARS(H) 1-1:28 Nov 19:45 | GW15:MCI(A) 1-1:01 Dec 15:00 | GW16:TOT(H) 2-1:09 Dec 15:00 | GW17:STK(A) 1-1:15 Dec 15:00 | GW18:WHU(A) 2-1:22 Dec 15:00 | GW19:WIG(H) 2-1:26 Dec 15:00 | GW20:CHE(H) 1-2:30 Dec 13:30 | GW21:NEW(A) 2-1:02 Jan 20:00 | GW22:SWA(H) 0-0:12 Jan 15:00 | GW23:SOU(A) 0-0:21 Jan 20:00 | GW24:WBA(H) 2-1:30 Jan 19:45 | GW25:AVL(H) 3-3:02 Feb 15:00 | GW26:MUN(A) 0-2:10 Feb 16:00 | GW27:NOR(A) 1-2:23 Feb 15:00 | GW28:RDG(H) 3-1:02 Mar 15:00 | GW30:MCI(H) 2-0:16 Mar 12:45 | GW31:STK(H) 1-0:30 Mar 17:30 | GW32:TOT(A) 2-2:07 Apr 14:05 | GW33:ARS(A) 0-0:16 Apr 19:45 | GW34:SUN(A) 0-1:20 Apr 15:00 | GW35:FUL(H) 1-0:27 Apr 15:00 | GW36:LIV(A) 0-0:05 May 13:30 | GW37:WHU(H) 2-0:12 May 15:00 | GW38:CHE(A) 1-2:19 May 16:00
53371,David Meyler,261,David Meyler,391,EXACT,Sunderland,37,1 3 4 5 6 7 8 9 10 11 12 13 14 15 16 17 18 19 20 21 22 23 24 25 26 27 28 29 30 31 32 33 34 35 36 37 38,67,-194,0,0,0,3,0,0,GW1:ARS(A) 0-0:18 Aug 15:00 | GW3:SWA(A) 2-2:01 Sep 15:00 | GW4:LIV(H) 1-1:15 Sep 17:30 | GW5:WHU(A) 1-1:22 Sep 15:00 | GW6:WIG(H) 1-0:29 Sep 15:00 | GW7:MCI(A) 0-3:06 Oct 12:45 | GW8:NEW(H) 1-1:21 Oct 13:30 | GW9:STK(A) 0-0:27 Oct 15:00 | GW10:AVL(H) 0-1:03 Nov 15:00 | GW11:EVE(A) 1-2:10 Nov 15:00 | GW12:FUL(A) 3-1:18 Nov 16:00 | GW13:WBA(H) 2-4:24 Nov 12:45 | GW14:QPR(H) 0-0:27 Nov 19:45 | GW15:NOR(A) 1-2:02 Dec 16:00 | GW16:RDG(H) 3-0:11 Dec 19:45 | GW17:MUN(A) 1-3:15 Dec 15:00 | GW18:SOU(A) 1-0:22 Dec 15:00 | GW19:MCI(H) 1-0:26 Dec 15:00 | GW20:TOT(H) 1-2:29 Dec 12:45 | GW21:LIV(A) 0-3:02 Jan 19:45 | GW22:WHU(H) 3-0:12 Jan 15:00 | GW23:WIG(A) 3-2:19 Jan 15:00 | GW24:SWA(H) 0-0:29 Jan 19:45 | GW25:RDG(A) 1-2:02 Feb 15:00 | GW26:ARS(H) 0-1:09 Feb 15:00 | GW27:WBA(A) 1-2:23 Feb 15:00 | GW28:FUL(H) 2-2:02 Mar 15:00 | GW29:QPR(A) 1-3:09 Mar 15:00 | GW30:NOR(H) 1-1:17 Mar 13:30 | GW31:MUN(H) 0-1:30 Mar 12:45 | GW32:CHE(A) 1-2:07 Apr 15:00 | GW33:NEW(A) 3-0:14 Apr 12:00 | GW34:EVE(H) 1-0:20 Apr 15:00 | GW35:AVL(A) 1-6:29 Apr 20:00 | GW36:STK(H) 1-1:06 May 20:00 | GW37:SOU(H) 1-1:12 May 15:00 | GW38:TOT(A) 0-1:19 May 16:00
45139,Eric Lichaj,273,Eric Lichaj,42,EXACT,Aston Villa,12,1 2 3 4 5 6 7 8 9 10 20 30,468,195,1,0,0,17,2,5,GW1:WHU(A) 0-1:18 Aug 15:00 | GW2:EVE(H) 1-3:25 Aug 15:00 | GW3:NEW(A) 1-1:02 Sep 16:00 | GW4:SWA(H) 2-0:15 Sep 15:00 | GW5:SOU(A) 1-4:22 Sep 15:00 | GW6:WBA(H) 1-1:30 Sep 16:00 | GW7:TOT(A) 0-2:07 Oct 15:00 | GW8:FUL(A) 0-1:20 Oct 15:00 | GW9:NOR(H) 1-1:27 Oct 12:45 | GW10:SUN(A) 1-0:03 Nov 15:00 | GW20:WIG(H) 0-3:29 Dec 15:00 | GW30:QPR(H) 3-2:16 Mar 15:00
55415,Conor Sammon,209,Conor Sammon,453,EXACT,Wigan,1,33,14,-195,0,0,0,1,0,0,GW33:MUN(H) 1-0:11 April 19:45
42425,Matthew Briggs,198,Matthew Briggs,137,EXACT,Fulham,1,29,0,-198,0,0,0,0,0,0,GW29:SWA(H) 0-3:17 March 15:00
79843,George Thorne,30,George Thorne,473,EXACT,West Brom,37,1 2 3 4 5 6 7 8 9 10 11 12 13 14 15 16 17 18 19 20 21 22 23 24 25 26 27 28 29 30 31 32 34 35 36 37 38,230,200,0,0,0,7,0,0,GW1:LIV(H) 3-0:18 Aug 15:00 | GW2:TOT(A) 1-1:25 Aug 15:00 | GW3:EVE(H) 2-0:01 Sep 15:00 | GW4:FUL(A) 0-3:15 Sep 15:00 | GW5:RDG(H) 1-0:22 Sep 15:00 | GW6:AVL(A) 1-1:30 Sep 16:00 | GW7:QPR(H) 3-2:06 Oct 15:00 | GW8:MCI(H) 1-2:20 Oct 15:00 | GW9:NEW(A) 1-2:28 Oct 15:00 | GW10:SOU(H) 2-0:05 Nov 20:00 | GW11:WIG(A) 2-1:10 Nov 15:00 | GW12:CHE(H) 2-1:17 Nov 15:00 | GW13:SUN(A) 4-2:24 Nov 12:45 | GW14:SWA(A) 1-3:28 Nov 19:45 | GW15:STK(H) 0-1:01 Dec 15:00 | GW16:ARS(A) 0-2:08 Dec 15:00 | GW17:WHU(H) 0-0:16 Dec 16:00 | GW18:NOR(H) 2-1:22 Dec 15:00 | GW19:QPR(A) 2-1:26 Dec 15:00 | GW20:MUN(A) 0-2:29 Dec 15:00 | GW21:FUL(H) 1-2:01 Jan 12:45 | GW22:RDG(A) 2-3:12 Jan 15:00 | GW23:AVL(H) 2-2:19 Jan 17:30 | GW24:EVE(A) 1-2:30 Jan 19:45 | GW25:TOT(H) 0-1:03 Feb 13:30 | GW26:LIV(A) 2-0:11 Feb 20:00 | GW27:SUN(H) 2-1:23 Feb 15:00 | GW28:CHE(A) 0-1:02 Mar 15:00 | GW29:SWA(H) 2-1:09 Mar 15:00 | GW30:STK(A) 0-0:16 Mar 15:00 | GW31:WHU(A) 1-3:30 Mar 15:00 | GW32:ARS(H) 1-2:06 Apr 15:00 | GW34:NEW(H) 1-1:20 Apr 15:00 | GW35:SOU(A) 3-0:27 Apr 15:00 | GW36:MCI(A) 0-1:07 May 19:45 | GW37:NOR(A) 0-4:12 May 15:00 | GW38:MUN(H) 5-5:19 May 16:00
1212,Shaun Wright-Phillips,202,Shaun Wright-Phillips,197,EXACT,QPR,1,29,0,-202,0,0,0,0,0,0,GW29:LIV(H) 3-2:21 March 20:00
13594,Yossi Benayoun,203,Yossi Benayoun,103,EXACT,Arsenal,1,29,0,-203,0,0,0,0,0,0,GW29:EVE(A) 1-0:21 March 20:00
40142,Andy Carroll,2070,Andy Carroll,168,EXACT,West Ham,36,1 2 3 4 5 6 7 8 9 10 11 12 13 14 15 16 17 18 20 21 22 23 24 25 26 27 28 30 31 32 33 34 35 36 37 38,1863,-207,5,6,6,86,7,5,GW1:WBA(A) 0-3:18 Aug 15:00 | GW2:MCI(H) 2-2:26 Aug 16:00 | GW3:FUL(H) 3-0:01 Sep 12:45 | GW4:NOR(A) 0-0:15 Sep 12:45 | GW5:SUN(H) 1-1:22 Sep 15:00 | GW6:QPR(A) 2-1:01 Oct 20:00 | GW7:ARS(H) 1-3:06 Oct 17:30 | GW8:SOU(H) 4-1:20 Oct 15:00 | GW9:WIG(A) 1-2:27 Oct 15:00 | GW10:MCI(H) 0-0:03 Nov 17:30 | GW11:NEW(A) 1-0:11 Nov 15:00 | GW12:STK(H) 1-1:19 Nov 20:00 | GW13:TOT(A) 1-3:25 Nov 16:00 | GW14:MUN(A) 0-1:28 Nov 20:00 | GW15:CHE(H) 3-1:01 Dec 12:45 | GW16:LIV(H) 2-3:09 Dec 16:00 | GW17:WBA(A) 0-0:16 Dec 16:00 | GW18:EVE(H) 1-2:22 Dec 15:00 | GW20:RDG(A) 0-1:29 Dec 15:00 | GW21:NOR(H) 2-1:01 Jan 15:00 | GW22:SUN(A) 0-3:12 Jan 15:00 | GW23:ARS(A) 1-5:23 Jan 19:45 | GW24:FUL(A) 1-3:30 Jan 20:00 | GW25:SWA(H) 1-0:02 Feb 15:00 | GW26:AVL(A) 1-2:10 Feb 13:30 | GW27:TOT(H) 2-3:25 Feb 20:00 | GW28:STK(A) 1-0:02 Mar 15:00 | GW30:CHE(A) 0-2:17 Mar 16:00 | GW31:WBA(H) 3-1:30 Mar 15:00 | GW32:LIV(A) 0-0:07 Apr 13:30 | GW33:MUN(H) 2-2:17 Apr 19:45 | GW34:WIG(H) 2-0:20 Apr 15:00 | GW35:MCI(A) 1-2:27 Apr 12:45 | GW36:NEW(H) 0-0:04 May 15:00 | GW37:EVE(A) 0-2:12 May 15:00 | GW38:RDG(H) 4-2:19 May 16:00
55415,Conor Sammon,209,Conor Sammon,527,EXACT,Wigan,37,1 2 3 4 5 6 7 8 9 10 11 12 13 14 15 16 17 18 19 20 21 22 23 24 25 26 27 28 30 31 32 33 34 35 36 37 38,0,-209,0,0,0,0,0,0,GW1:CHE(H) 0-2:19 Aug 13:30 | GW2:SOU(A) 2-0:25 Aug 15:00 | GW3:STK(H) 2-2:01 Sep 15:00 | GW4:MUN(A) 0-4:15 Sep 15:00 | GW5:FUL(H) 1-2:22 Sep 15:00 | GW6:SUN(A) 0-1:29 Sep 15:00 | GW7:EVE(H) 2-2:06 Oct 15:00 | GW8:SWA(A) 1-2:20 Oct 15:00 | GW9:WHU(H) 2-1:27 Oct 15:00 | GW10:TOT(A) 1-0:03 Nov 15:00 | GW11:WBA(H) 1-2:10 Nov 15:00 | GW12:LIV(A) 0-3:17 Nov 15:00 | GW13:RDG(H) 3-2:24 Nov 15:00 | GW14:MCI(H) 0-2:28 Nov 20:00 | GW15:NEW(A) 0-3:03 Dec 20:00 | GW16:QPR(H) 2-2:08 Dec 15:00 | GW17:NOR(A) 1-2:15 Dec 15:00 | GW18:ARS(H) 0-1:22 Dec 12:45 | GW19:EVE(A) 1-2:26 Dec 15:00 | GW20:AVL(A) 3-0:29 Dec 15:00 | GW21:MUN(H) 0-4:01 Jan 15:00 | GW22:FUL(A) 1-1:12 Jan 15:00 | GW23:SUN(H) 2-3:19 Jan 15:00 | GW24:STK(A) 2-2:29 Jan 19:45 | GW25:SOU(H) 2-2:02 Feb 15:00 | GW26:CHE(A) 1-4:09 Feb 15:00 | GW27:RDG(A) 3-0:23 Feb 15:00 | GW28:LIV(H) 0-4:02 Mar 17:30 | GW30:NEW(H) 2-1:17 Mar 16:00 | GW31:NOR(H) 1-0:30 Mar 15:00 | GW32:QPR(A) 1-1:07 Apr 16:10 | GW33:MCI(A) 0-1:17 Apr 19:45 | GW34:WHU(A) 0-2:20 Apr 15:00 | GW35:TOT(H) 2-2:27 Apr 15:00 | GW36:SWA(H) 2-3:07 May 19:45 | GW37:ARS(A) 1-4:14 May 19:45 | GW38:AVL(H) 2-2:19 May 16:00
14402,Fernando Torres,2658,Fernando Torres,89,EXACT,Chelsea,35,1 2 4 5 6 7 8 9 10 11 12 13 14 15 16 18 19 20 21 22 23 24 25 26 27 28 30 31 32 33 34 35 36 37 38,2448,-210,10,8,14,129,8,4,GW1:RDG(H) 4-2:22 Aug 19:45 | GW2:NEW(H) 2-0:25 Aug 17:30 | GW4:QPR(A) 0-0:15 Sep 15:00 | GW5:STK(H) 1-0:22 Sep 15:00 | GW6:ARS(A) 2-1:29 Sep 12:45 | GW7:NOR(H) 4-1:06 Oct 15:00 | GW8:TOT(A) 4-2:20 Oct 12:45 | GW9:MUN(H) 2-3:28 Oct 16:00 | GW10:SWA(A) 1-1:03 Nov 15:00 | GW11:LIV(H) 1-1:11 Nov 16:00 | GW12:WBA(A) 1-2:17 Nov 15:00 | GW13:MCI(H) 0-0:25 Nov 16:00 | GW14:FUL(H) 0-0:28 Nov 19:45 | GW15:WHU(A) 1-3:01 Dec 12:45 | GW16:SUN(A) 3-1:08 Dec 15:00 | GW18:AVL(H) 8-0:23 Dec 16:00 | GW19:NOR(A) 1-0:26 Dec 15:00 | GW20:EVE(A) 2-1:30 Dec 13:30 | GW21:QPR(H) 0-1:02 Jan 19:45 | GW22:SOU(H) 2-2:16 Jan 19:45 | GW23:ARS(H) 2-1:20 Jan 13:30 | GW24:RDG(A) 2-2:30 Jan 20:00 | GW25:NEW(A) 2-3:02 Feb 15:00 | GW26:WIG(H) 4-1:09 Feb 15:00 | GW27:MCI(A) 0-2:24 Feb 13:30 | GW28:WBA(H) 1-0:02 Mar 15:00 | GW30:WHU(H) 2-0:17 Mar 16:00 | GW31:SOU(A) 1-2:30 Mar 15:00 | GW32:SUN(H) 2-1:07 Apr 15:00 | GW33:FUL(A) 3-0:17 Apr 20:00 | GW34:LIV(A) 2-2:21 Apr 16:00 | GW35:SWA(H) 2-0:28 Apr 15:00 | GW36:TOT(H) 2-2:08 May 19:45 | GW37:AVL(A) 2-1:11 May 12:45 | GW38:EVE(H) 2-1:19 May 16:00
59970,Federico Macheda,216,Federico Macheda,224,EXACT,Man Utd,37,1 2 3 4 5 6 7 8 9 10 11 12 13 14 15 16 17 18 19 20 21 22 23 24 25 26 27 28 30 31 32 33 34 35 36 37 38,0,-216,0,0,0,0,0,0,GW1:EVE(A) 0-1:20 Aug 20:00 | GW2:FUL(H) 3-2:25 Aug 15:00 | GW3:SOU(A) 3-2:02 Sep 16:00 | GW4:WIG(H) 4-0:15 Sep 15:00 | GW5:LIV(A) 2-1:23 Sep 13:30 | GW6:TOT(H) 2-3:29 Sep 17:30 | GW7:NEW(A) 3-0:07 Oct 16:00 | GW8:STK(H) 4-2:20 Oct 15:00 | GW9:CHE(A) 3-2:28 Oct 16:00 | GW10:ARS(H) 2-1:03 Nov 12:45 | GW11:AVL(A) 3-2:10 Nov 17:30 | GW12:NOR(A) 0-1:17 Nov 17:30 | GW13:QPR(H) 3-1:24 Nov 15:00 | GW14:WHU(H) 1-0:28 Nov 20:00 | GW15:RDG(A) 4-3:01 Dec 17:30 | GW16:MCI(A) 3-2:09 Dec 13:30 | GW17:SUN(H) 3-1:15 Dec 15:00 | GW18:SWA(A) 1-1:23 Dec 13:30 | GW19:NEW(H) 4-3:26 Dec 15:00 | GW20:WBA(H) 2-0:29 Dec 15:00 | GW21:WIG(A) 4-0:01 Jan 15:00 | GW22:LIV(H) 2-1:13 Jan 13:30 | GW23:TOT(A) 1-1:20 Jan 16:00 | GW24:SOU(H) 2-1:30 Jan 20:00 | GW25:FUL(A) 1-0:02 Feb 17:30 | GW26:EVE(H) 2-0:10 Feb 16:00 | GW27:QPR(A) 2-0:23 Feb 15:00 | GW28:NOR(H) 4-0:02 Mar 15:00 | GW30:RDG(H) 1-0:16 Mar 17:30 | GW31:SUN(A) 1-0:30 Mar 12:45 | GW32:MCI(H) 1-2:08 Apr 20:00 | GW33:WHU(A) 2-2:17 Apr 19:45 | GW34:AVL(H) 3-0:22 Apr 20:00 | GW35:ARS(A) 1-1:28 Apr 16:00 | GW36:CHE(H) 0-1:05 May 16:00 | GW37:SWA(H) 2-1:12 May 16:00 | GW38:WBA(A) 5-5:19 May 16:00
41792,Aaron Ramsey,355,Aaron Ramsey,18,EXACT,Arsenal,12,1 2 3 4 5 6 7 8 9 10 20 30,572,217,3,0,1,27,1,1,GW1:SUN(H) 0-0:18 Aug 15:00 | GW2:STK(A) 0-0:26 Aug 13:30 | GW3:LIV(A) 2-0:02 Sep 13:30 | GW4:SOU(H) 6-1:15 Sep 15:00 | GW5:MCI(A) 1-1:23 Sep 16:00 | GW6:CHE(H) 1-2:29 Sep 12:45 | GW7:WHU(A) 3-1:06 Oct 17:30 | GW8:NOR(A) 0-1:20 Oct 17:30 | GW9:QPR(H) 1-0:27 Oct 15:00 | GW10:MUN(A) 1-2:03 Nov 12:45 | GW20:NEW(H) 7-3:29 Dec 17:30 | GW30:SWA(A) 2-0:16 Mar 15:00
15109,Tom Huddlestone,1165,Tom Huddlestone,450,EXACT,Tottenham,37,1 2 3 4 5 6 7 8 9 10 11 12 13 14 15 16 17 18 19 20 21 22 23 24 25 26 27 28 29 30 31 32 34 35 36 37 38,947,-218,4,0,0,37,2,3,GW1:NEW(A) 1-2:18 Aug 17:30 | GW2:WBA(H) 1-1:25 Aug 15:00 | GW3:NOR(H) 1-1:01 Sep 15:00 | GW4:RDG(A) 3-1:16 Sep 16:00 | GW5:QPR(H) 2-1:23 Sep 16:00 | GW6:MUN(A) 3-2:29 Sep 17:30 | GW7:AVL(H) 2-0:07 Oct 15:00 | GW8:CHE(H) 2-4:20 Oct 12:45 | GW9:SOU(A) 2-1:28 Oct 15:00 | GW10:WIG(H) 0-1:03 Nov 15:00 | GW11:MCI(A) 1-2:11 Nov 13:30 | GW12:ARS(A) 2-5:17 Nov 12:45 | GW13:WHU(H) 3-1:25 Nov 16:00 | GW14:LIV(H) 2-1:28 Nov 19:45 | GW15:FUL(A) 3-0:01 Dec 15:00 | GW16:EVE(A) 1-2:09 Dec 15:00 | GW17:SWA(H) 1-0:16 Dec 13:30 | GW18:STK(H) 0-0:22 Dec 15:00 | GW19:AVL(A) 4-0:26 Dec 17:30 | GW20:SUN(A) 2-1:29 Dec 12:45 | GW21:RDG(H) 3-1:01 Jan 15:00 | GW22:QPR(A) 0-0:12 Jan 12:45 | GW23:MUN(H) 1-1:20 Jan 16:00 | GW24:NOR(A) 1-1:30 Jan 19:45 | GW25:WBA(A) 1-0:03 Feb 13:30 | GW26:NEW(H) 2-1:09 Feb 12:45 | GW27:WHU(A) 3-2:25 Feb 20:00 | GW28:ARS(H) 2-1:03 Mar 16:00 | GW29:LIV(A) 2-3:10 Mar 16:00 | GW30:FUL(H) 0-1:17 Mar 15:00 | GW31:SWA(A) 2-1:30 Mar 15:00 | GW32:EVE(H) 2-2:07 Apr 14:05 | GW34:MCI(H) 3-1:21 Apr 13:30 | GW35:WIG(A) 2-2:27 Apr 15:00 | GW36:CHE(A) 2-2:08 May 19:45 | GW37:STK(A) 2-1:12 May 13:30 | GW38:SUN(H) 1-0:19 May 16:00
28147,Mohamed Diamé,2639,Mohamed Diame,503,EXACT,West Ham,36,1 2 3 4 5 6 7 8 9 10 11 12 13 14 15 16 17 18 20 21 22 23 24 25 26 27 28 30 31 32 33 34 35 36 37 38,2415,-224,0,3,2,83,11,3,GW1:AVL(H) 1-0:18 Aug 15:00 | GW2:SWA(A) 0-3:25 Aug 12:45 | GW3:FUL(H) 3-0:01 Sep 12:45 | GW4:NOR(A) 0-0:15 Sep 12:45 | GW5:SUN(H) 1-1:22 Sep 15:00 | GW6:QPR(A) 2-1:01 Oct 20:00 | GW7:ARS(H) 1-3:06 Oct 17:30 | GW8:SOU(H) 4-1:20 Oct 15:00 | GW9:WIG(A) 1-2:27 Oct 15:00 | GW10:MCI(H) 0-0:03 Nov 17:30 | GW11:NEW(A) 1-0:11 Nov 15:00 | GW12:STK(H) 1-1:19 Nov 20:00 | GW13:TOT(A) 1-3:25 Nov 16:00 | GW14:MUN(A) 0-1:28 Nov 20:00 | GW15:CHE(H) 3-1:01 Dec 12:45 | GW16:LIV(H) 2-3:09 Dec 16:00 | GW17:WBA(A) 0-0:16 Dec 16:00 | GW18:EVE(H) 1-2:22 Dec 15:00 | GW20:RDG(A) 0-1:29 Dec 15:00 | GW21:NOR(H) 2-1:01 Jan 15:00 | GW22:SUN(A) 0-3:12 Jan 15:00 | GW23:ARS(A) 1-5:23 Jan 19:45 | GW24:FUL(A) 1-3:30 Jan 20:00 | GW25:SWA(H) 1-0:02 Feb 15:00 | GW26:AVL(A) 1-2:10 Feb 13:30 | GW27:TOT(H) 2-3:25 Feb 20:00 | GW28:STK(A) 1-0:02 Mar 15:00 | GW30:CHE(A) 0-2:17 Mar 16:00 | GW31:WBA(H) 3-1:30 Mar 15:00 | GW32:LIV(A) 0-0:07 Apr 13:30 | GW33:MUN(H) 2-2:17 Apr 19:45 | GW34:WIG(H) 2-0:20 Apr 15:00 | GW35:MCI(A) 1-2:27 Apr 12:45 | GW36:NEW(H) 0-0:04 May 15:00 | GW37:EVE(A) 0-2:12 May 15:00 | GW38:RDG(H) 4-2:19 May 16:00
6769,Salif Diao,235,Salif Diao,327,EXACT,Stoke City,2,2 3,0,-235,0,0,0,0,0,0,GW2:NOR(A) 1-1:21 Aug. 13:30 | GW3:WBA(A) 1-0:28 Aug. 15:00
6769,Salif Diao,235,Salif Diao,369,EXACT,Stoke City,38,1 2 3 4 5 6 7 8 9 10 11 12 13 14 15 16 17 18 19 20 21 22 23 24 25 26 27 28 29 30 31 32 33 34 35 36 37 38,0,-235,0,0,0,0,0,0,GW1:RDG(A) 1-1:18 Aug 15:00 | GW2:ARS(H) 0-0:26 Aug 13:30 | GW3:WIG(A) 2-2:01 Sep 15:00 | GW4:MCI(H) 1-1:15 Sep 15:00 | GW5:CHE(A) 0-1:22 Sep 15:00 | GW6:SWA(H) 2-0:29 Sep 15:00 | GW7:LIV(A) 0-0:07 Oct 15:00 | GW8:MUN(A) 2-4:20 Oct 15:00 | GW9:SUN(H) 0-0:27 Oct 15:00 | GW10:NOR(A) 0-1:03 Nov 15:00 | GW11:QPR(H) 1-0:10 Nov 15:00 | GW12:WHU(A) 1-1:19 Nov 20:00 | GW13:FUL(H) 1-0:24 Nov 15:00 | GW14:NEW(H) 2-1:28 Nov 19:45 | GW15:WBA(A) 1-0:01 Dec 15:00 | GW16:AVL(A) 0-0:08 Dec 15:00 | GW17:EVE(H) 1-1:15 Dec 15:00 | GW18:TOT(A) 0-0:22 Dec 15:00 | GW19:LIV(H) 3-1:26 Dec 19:45 | GW20:SOU(H) 3-3:29 Dec 15:00 | GW21:MCI(A) 0-3:01 Jan 15:00 | GW22:CHE(H) 0-4:12 Jan 15:00 | GW23:SWA(A) 1-3:19 Jan 15:00 | GW24:WIG(H) 2-2:29 Jan 19:45 | GW25:ARS(A) 0-1:02 Feb 15:00 | GW26:RDG(H) 2-1:09 Feb 15:00 | GW27:FUL(A) 0-1:23 Feb 12:45 | GW28:WHU(H) 0-1:02 Mar 15:00 | GW29:NEW(A) 1-2:10 Mar 15:00 | GW30:WBA(H) 0-0:16 Mar 15:00 | GW31:EVE(A) 0-1:30 Mar 17:30 | GW32:AVL(H) 1-3:06 Apr 15:00 | GW33:MUN(H) 0-2:14 Apr 14:05 | GW34:QPR(A) 2-0:20 Apr 15:00 | GW35:NOR(H) 1-0:27 Apr 15:00 | GW36:SUN(A) 1-1:06 May 20:00 | GW37:TOT(H) 1-2:12 May 13:30 | GW38:SOU(A) 1-1:19 May 16:00
20141,Graham Dorrans,1422,Graham Dorrans,474,EXACT,West Brom,37,1 2 3 4 5 6 7 8 9 10 11 12 13 14 15 16 17 18 19 20 21 22 23 24 25 26 27 28 29 30 31 32 34 35 36 37 38,1659,237,2,1,0,56,5,3,GW1:LIV(H) 3-0:18 Aug 15:00 | GW2:TOT(A) 1-1:25 Aug 15:00 | GW3:EVE(H) 2-0:01 Sep 15:00 | GW4:FUL(A) 0-3:15 Sep 15:00 | GW5:RDG(H) 1-0:22 Sep 15:00 | GW6:AVL(A) 1-1:30 Sep 16:00 | GW7:QPR(H) 3-2:06 Oct 15:00 | GW8:MCI(H) 1-2:20 Oct 15:00 | GW9:NEW(A) 1-2:28 Oct 15:00 | GW10:SOU(H) 2-0:05 Nov 20:00 | GW11:WIG(A) 2-1:10 Nov 15:00 | GW12:CHE(H) 2-1:17 Nov 15:00 | GW13:SUN(A) 4-2:24 Nov 12:45 | GW14:SWA(A) 1-3:28 Nov 19:45 | GW15:STK(H) 0-1:01 Dec 15:00 | GW16:ARS(A) 0-2:08 Dec 15:00 | GW17:WHU(H) 0-0:16 Dec 16:00 | GW18:NOR(H) 2-1:22 Dec 15:00 | GW19:QPR(A) 2-1:26 Dec 15:00 | GW20:MUN(A) 0-2:29 Dec 15:00 | GW21:FUL(H) 1-2:01 Jan 12:45 | GW22:RDG(A) 2-3:12 Jan 15:00 | GW23:AVL(H) 2-2:19 Jan 17:30 | GW24:EVE(A) 1-2:30 Jan 19:45 | GW25:TOT(H) 0-1:03 Feb 13:30 | GW26:LIV(A) 2-0:11 Feb 20:00 | GW27:SUN(H) 2-1:23 Feb 15:00 | GW28:CHE(A) 0-1:02 Mar 15:00 | GW29:SWA(H) 2-1:09 Mar 15:00 | GW30:STK(A) 0-0:16 Mar 15:00 | GW31:WHU(A) 1-3:30 Mar 15:00 | GW32:ARS(H) 1-2:06 Apr 15:00 | GW34:NEW(H) 1-1:20 Apr 15:00 | GW35:SOU(A) 3-0:27 Apr 15:00 | GW36:MCI(A) 0-1:07 May 19:45 | GW37:NOR(A) 0-4:12 May 15:00 | GW38:MUN(H) 5-5:19 May 16:00
12679,Michael Dawson,2160,Michael Dawson,435,EXACT,Tottenham,37,1 2 3 4 5 6 7 8 9 10 11 12 13 14 15 16 17 18 19 20 21 22 23 24 25 26 27 28 29 30 31 32 34 35 36 37 38,1921,-239,0,1,6,64,4,4,GW1:NEW(A) 1-2:18 Aug 17:30 | GW2:WBA(H) 1-1:25 Aug 15:00 | GW3:NOR(H) 1-1:01 Sep 15:00 | GW4:RDG(A) 3-1:16 Sep 16:00 | GW5:QPR(H) 2-1:23 Sep 16:00 | GW6:MUN(A) 3-2:29 Sep 17:30 | GW7:AVL(H) 2-0:07 Oct 15:00 | GW8:CHE(H) 2-4:20 Oct 12:45 | GW9:SOU(A) 2-1:28 Oct 15:00 | GW10:WIG(H) 0-1:03 Nov 15:00 | GW11:MCI(A) 1-2:11 Nov 13:30 | GW12:ARS(A) 2-5:17 Nov 12:45 | GW13:WHU(H) 3-1:25 Nov 16:00 | GW14:LIV(H) 2-1:28 Nov 19:45 | GW15:FUL(A) 3-0:01 Dec 15:00 | GW16:EVE(A) 1-2:09 Dec 15:00 | GW17:SWA(H) 1-0:16 Dec 13:30 | GW18:STK(H) 0-0:22 Dec 15:00 | GW19:AVL(A) 4-0:26 Dec 17:30 | GW20:SUN(A) 2-1:29 Dec 12:45 | GW21:RDG(H) 3-1:01 Jan 15:00 | GW22:QPR(A) 0-0:12 Jan 12:45 | GW23:MUN(H) 1-1:20 Jan 16:00 | GW24:NOR(A) 1-1:30 Jan 19:45 | GW25:WBA(A) 1-0:03 Feb 13:30 | GW26:NEW(H) 2-1:09 Feb 12:45 | GW27:WHU(A) 3-2:25 Feb 20:00 | GW28:ARS(H) 2-1:03 Mar 16:00 | GW29:LIV(A) 2-3:10 Mar 16:00 | GW30:FUL(H) 0-1:17 Mar 15:00 | GW31:SWA(A) 2-1:30 Mar 15:00 | GW32:EVE(H) 2-2:07 Apr 14:05 | GW34:MCI(H) 3-1:21 Apr 13:30 | GW35:WIG(A) 2-2:27 Apr 15:00 | GW36:CHE(A) 2-2:08 May 19:45 | GW37:STK(A) 2-1:12 May 13:30 | GW38:SUN(H) 1-0:19 May 16:00
4445,James McFadden,280,James McFadden,623,EXACT,Sunderland,28,11 12 13 14 15 16 17 18 19 20 21 22 23 24 25 26 27 28 29 30 31 32 33 34 35 36 37 38,38,-242,0,0,0,3,0,0,GW11:EVE(A) 1-2:10 Nov 15:00 | GW12:FUL(A) 3-1:18 Nov 16:00 | GW13:WBA(H) 2-4:24 Nov 12:45 | GW14:QPR(H) 0-0:27 Nov 19:45 | GW15:NOR(A) 1-2:02 Dec 16:00 | GW16:RDG(H) 3-0:11 Dec 19:45 | GW17:MUN(A) 1-3:15 Dec 15:00 | GW18:SOU(A) 1-0:22 Dec 15:00 | GW19:MCI(H) 1-0:26 Dec 15:00 | GW20:TOT(H) 1-2:29 Dec 12:45 | GW21:LIV(A) 0-3:02 Jan 19:45 | GW22:WHU(H) 3-0:12 Jan 15:00 | GW23:WIG(A) 3-2:19 Jan 15:00 | GW24:SWA(H) 0-0:29 Jan 19:45 | GW25:RDG(A) 1-2:02 Feb 15:00 | GW26:ARS(H) 0-1:09 Feb 15:00 | GW27:WBA(A) 1-2:23 Feb 15:00 | GW28:FUL(H) 2-2:02 Mar 15:00 | GW29:QPR(A) 1-3:09 Mar 15:00 | GW30:NOR(H) 1-1:17 Mar 13:30 | GW31:MUN(H) 0-1:30 Mar 12:45 | GW32:CHE(A) 1-2:07 Apr 15:00 | GW33:NEW(A) 3-0:14 Apr 12:00 | GW34:EVE(H) 1-0:20 Apr 15:00 | GW35:AVL(A) 1-6:29 Apr 20:00 | GW36:STK(H) 1-1:06 May 20:00 | GW37:SOU(H) 1-1:12 May 15:00 | GW38:TOT(A) 0-1:19 May 16:00
14775,Ryan Taylor,278,Ryan Taylor,233,EXACT,Newcastle,38,1 2 3 4 5 6 7 8 9 10 11 12 13 14 15 16 17 18 19 20 21 22 23 24 25 26 27 28 29 30 31 32 33 34 35 36 37 38,27,-251,0,0,0,1,0,0,GW1:TOT(H) 2-1:18 Aug 17:30 | GW2:CHE(A) 0-2:25 Aug 17:30 | GW3:AVL(H) 1-1:02 Sep 16:00 | GW4:EVE(A) 2-2:17 Sep 20:00 | GW5:NOR(H) 1-0:23 Sep 15:00 | GW6:RDG(A) 2-2:29 Sep 15:00 | GW7:MUN(H) 0-3:07 Oct 16:00 | GW8:SUN(A) 1-1:21 Oct 13:30 | GW9:WBA(H) 2-1:28 Oct 15:00 | GW10:LIV(A) 1-1:04 Nov 16:00 | GW11:WHU(H) 0-1:11 Nov 15:00 | GW12:SWA(H) 1-2:17 Nov 15:00 | GW13:SOU(A) 0-2:25 Nov 15:00 | GW14:STK(A) 1-2:28 Nov 19:45 | GW15:WIG(H) 3-0:03 Dec 20:00 | GW16:FUL(A) 1-2:10 Dec 20:00 | GW17:MCI(H) 1-3:15 Dec 12:45 | GW18:QPR(H) 1-0:22 Dec 15:00 | GW19:MUN(A) 3-4:26 Dec 15:00 | GW20:ARS(A) 3-7:29 Dec 17:30 | GW21:EVE(H) 1-2:02 Jan 20:00 | GW22:NOR(A) 0-0:12 Jan 15:00 | GW23:RDG(H) 1-2:19 Jan 15:00 | GW24:AVL(A) 2-1:29 Jan 19:45 | GW25:CHE(H) 3-2:02 Feb 15:00 | GW26:TOT(A) 1-2:09 Feb 12:45 | GW27:SOU(H) 4-2:24 Feb 13:30 | GW28:SWA(A) 0-1:02 Mar 15:00 | GW29:STK(H) 2-1:10 Mar 15:00 | GW30:WIG(A) 1-2:17 Mar 16:00 | GW31:MCI(A) 0-4:30 Mar 15:00 | GW32:FUL(H) 1-0:07 Apr 15:00 | GW33:SUN(H) 0-3:14 Apr 12:00 | GW34:WBA(A) 1-1:20 Apr 15:00 | GW35:LIV(H) 0-6:27 Apr 17:30 | GW36:WHU(A) 0-0:04 May 15:00 | GW37:QPR(A) 2-1:12 May 15:00 | GW38:ARS(H) 0-1:19 May 16:00
53371,David Meyler,261,David Meyler,345,EXACT,Sunderland,1,17,0,-261,0,0,0,0,0,0,GW17:QPR(A) 3-2:21 Dec. 20:00
7645,Phil Jagielka,2796,Phil Jagielka,95,EXACT,Everton,37,1 2 3 4 5 6 7 8 9 10 11 12 13 14 15 16 17 18 19 20 21 22 23 24 25 26 27 28 30 31 32 33 34 35 36 37 38,3064,268,2,2,10,120,9,1,GW1:MUN(H) 1-0:20 Aug 20:00 | GW2:AVL(A) 3-1:25 Aug 15:00 | GW3:WBA(A) 0-2:01 Sep 15:00 | GW4:NEW(H) 2-2:17 Sep 20:00 | GW5:SWA(A) 3-0:22 Sep 12:45 | GW6:SOU(H) 3-1:29 Sep 15:00 | GW7:WIG(A) 2-2:06 Oct 15:00 | GW8:QPR(A) 1-1:21 Oct 16:00 | GW9:LIV(H) 2-2:28 Oct 13:30 | GW10:FUL(A) 2-2:03 Nov 15:00 | GW11:SUN(H) 2-1:10 Nov 15:00 | GW12:RDG(A) 1-2:17 Nov 15:00 | GW13:NOR(H) 1-1:24 Nov 15:00 | GW14:ARS(H) 1-1:28 Nov 19:45 | GW15:MCI(A) 1-1:01 Dec 15:00 | GW16:TOT(H) 2-1:09 Dec 15:00 | GW17:STK(A) 1-1:15 Dec 15:00 | GW18:WHU(A) 2-1:22 Dec 15:00 | GW19:WIG(H) 2-1:26 Dec 15:00 | GW20:CHE(H) 1-2:30 Dec 13:30 | GW21:NEW(A) 2-1:02 Jan 20:00 | GW22:SWA(H) 0-0:12 Jan 15:00 | GW23:SOU(A) 0-0:21 Jan 20:00 | GW24:WBA(H) 2-1:30 Jan 19:45 | GW25:AVL(H) 3-3:02 Feb 15:00 | GW26:MUN(A) 0-2:10 Feb 16:00 | GW27:NOR(A) 1-2:23 Feb 15:00 | GW28:RDG(H) 3-1:02 Mar 15:00 | GW30:MCI(H) 2-0:16 Mar 12:45 | GW31:STK(H) 1-0:30 Mar 17:30 | GW32:TOT(A) 2-2:07 Apr 14:05 | GW33:ARS(A) 0-0:16 Apr 19:45 | GW34:SUN(A) 0-1:20 Apr 15:00 | GW35:FUL(H) 1-0:27 Apr 15:00 | GW36:LIV(A) 0-0:05 May 13:30 | GW37:WHU(H) 2-0:12 May 15:00 | GW38:CHE(A) 1-2:19 May 16:00
15337,Tim Howard,3420,Tim Howard,93,EXACT,Everton,37,1 2 3 4 5 6 7 8 9 10 11 12 13 14 15 16 17 18 19 20 21 22 23 24 25 26 27 28 30 31 32 33 34 35 36 37 38,3150,-270,0,0,0,110,9,0,GW1:MUN(H) 1-0:20 Aug 20:00 | GW2:AVL(A) 3-1:25 Aug 15:00 | GW3:WBA(A) 0-2:01 Sep 15:00 | GW4:NEW(H) 2-2:17 Sep 20:00 | GW5:SWA(A) 3-0:22 Sep 12:45 | GW6:SOU(H) 3-1:29 Sep 15:00 | GW7:WIG(A) 2-2:06 Oct 15:00 | GW8:QPR(A) 1-1:21 Oct 16:00 | GW9:LIV(H) 2-2:28 Oct 13:30 | GW10:FUL(A) 2-2:03 Nov 15:00 | GW11:SUN(H) 2-1:10 Nov 15:00 | GW12:RDG(A) 1-2:17 Nov 15:00 | GW13:NOR(H) 1-1:24 Nov 15:00 | GW14:ARS(H) 1-1:28 Nov 19:45 | GW15:MCI(A) 1-1:01 Dec 15:00 | GW16:TOT(H) 2-1:09 Dec 15:00 | GW17:STK(A) 1-1:15 Dec 15:00 | GW18:WHU(A) 2-1:22 Dec 15:00 | GW19:WIG(H) 2-1:26 Dec 15:00 | GW20:CHE(H) 1-2:30 Dec 13:30 | GW21:NEW(A) 2-1:02 Jan 20:00 | GW22:SWA(H) 0-0:12 Jan 15:00 | GW23:SOU(A) 0-0:21 Jan 20:00 | GW24:WBA(H) 2-1:30 Jan 19:45 | GW25:AVL(H) 3-3:02 Feb 15:00 | GW26:MUN(A) 0-2:10 Feb 16:00 | GW27:NOR(A) 1-2:23 Feb 15:00 | GW28:RDG(H) 3-1:02 Mar 15:00 | GW30:MCI(H) 2-0:16 Mar 12:45 | GW31:STK(H) 1-0:30 Mar 17:30 | GW32:TOT(A) 2-2:07 Apr 14:05 | GW33:ARS(A) 0-0:16 Apr 19:45 | GW34:SUN(A) 0-1:20 Apr 15:00 | GW35:FUL(H) 1-0:27 Apr 15:00 | GW36:LIV(A) 0-0:05 May 13:30 | GW37:WHU(H) 2-0:12 May 15:00 | GW38:CHE(A) 1-2:19 May 16:00
16854,Philippe Senderos,270,Philippe Senderos,139,EXACT,Fulham,1,33,0,-270,0,0,0,0,0,0,GW33:CHE(H) 1-1:09 April 20:00
20480,Tim Krul,1855,Tim Krul,226,EXACT,Newcastle,38,1 2 3 4 5 6 7 8 9 10 11 12 13 14 15 16 17 18 19 20 21 22 23 24 25 26 27 28 29 30 31 32 33 34 35 36 37 38,2126,271,1,0,5,75,4,0,GW1:TOT(H) 2-1:18 Aug 17:30 | GW2:CHE(A) 0-2:25 Aug 17:30 | GW3:AVL(H) 1-1:02 Sep 16:00 | GW4:EVE(A) 2-2:17 Sep 20:00 | GW5:NOR(H) 1-0:23 Sep 15:00 | GW6:RDG(A) 2-2:29 Sep 15:00 | GW7:MUN(H) 0-3:07 Oct 16:00 | GW8:SUN(A) 1-1:21 Oct 13:30 | GW9:WBA(H) 2-1:28 Oct 15:00 | GW10:LIV(A) 1-1:04 Nov 16:00 | GW11:WHU(H) 0-1:11 Nov 15:00 | GW12:SWA(H) 1-2:17 Nov 15:00 | GW13:SOU(A) 0-2:25 Nov 15:00 | GW14:STK(A) 1-2:28 Nov 19:45 | GW15:WIG(H) 3-0:03 Dec 20:00 | GW16:FUL(A) 1-2:10 Dec 20:00 | GW17:MCI(H) 1-3:15 Dec 12:45 | GW18:QPR(H) 1-0:22 Dec 15:00 | GW19:MUN(A) 3-4:26 Dec 15:00 | GW20:ARS(A) 3-7:29 Dec 17:30 | GW21:EVE(H) 1-2:02 Jan 20:00 | GW22:NOR(A) 0-0:12 Jan 15:00 | GW23:RDG(H) 1-2:19 Jan 15:00 | GW24:AVL(A) 2-1:29 Jan 19:45 | GW25:CHE(H) 3-2:02 Feb 15:00 | GW26:TOT(A) 1-2:09 Feb 12:45 | GW27:SOU(H) 4-2:24 Feb 13:30 | GW28:SWA(A) 0-1:02 Mar 15:00 | GW29:STK(H) 2-1:10 Mar 15:00 | GW30:WIG(A) 1-2:17 Mar 16:00 | GW31:MCI(A) 0-4:30 Mar 15:00 | GW32:FUL(H) 1-0:07 Apr 15:00 | GW33:SUN(H) 0-3:14 Apr 12:00 | GW34:WBA(A) 1-1:20 Apr 15:00 | GW35:LIV(H) 0-6:27 Apr 17:30 | GW36:WHU(A) 0-0:04 May 15:00 | GW37:QPR(A) 2-1:12 May 15:00 | GW38:ARS(H) 0-1:19 May 16:00
4445,James McFadden,280,James McFadden,594,EXACT,Everton,1,29,0,-280,0,0,0,0,0,0,GW29:ARS(H) 0-1:21 March 20:00
38429,Gabriel Obertan,283,Gabriel Obertan,218,EXACT,Newcastle,1,29,0,-283,0,0,0,0,0,0,GW29:NOR(H) 1-0:18 March 16:00
14279,Marc-Antoine Fortuné,1114,Marc-Antoine Fortune,486,EXACT,West Brom,37,1 2 3 4 5 6 7 8 9 10 11 12 13 14 15 16 17 18 19 20 21 22 23 24 25 26 27 28 29 30 31 32 34 35 36 37 38,827,-287,2,2,2,40,2,2,GW1:LIV(H) 3-0:18 Aug 15:00 | GW2:TOT(A) 1-1:25 Aug 15:00 | GW3:EVE(H) 2-0:01 Sep 15:00 | GW4:FUL(A) 0-3:15 Sep 15:00 | GW5:RDG(H) 1-0:22 Sep 15:00 | GW6:AVL(A) 1-1:30 Sep 16:00 | GW7:QPR(H) 3-2:06 Oct 15:00 | GW8:MCI(H) 1-2:20 Oct 15:00 | GW9:NEW(A) 1-2:28 Oct 15:00 | GW10:SOU(H) 2-0:05 Nov 20:00 | GW11:WIG(A) 2-1:10 Nov 15:00 | GW12:CHE(H) 2-1:17 Nov 15:00 | GW13:SUN(A) 4-2:24 Nov 12:45 | GW14:SWA(A) 1-3:28 Nov 19:45 | GW15:STK(H) 0-1:01 Dec 15:00 | GW16:ARS(A) 0-2:08 Dec 15:00 | GW17:WHU(H) 0-0:16 Dec 16:00 | GW18:NOR(H) 2-1:22 Dec 15:00 | GW19:QPR(A) 2-1:26 Dec 15:00 | GW20:MUN(A) 0-2:29 Dec 15:00 | GW21:FUL(H) 1-2:01 Jan 12:45 | GW22:RDG(A) 2-3:12 Jan 15:00 | GW23:AVL(H) 2-2:19 Jan 17:30 | GW24:EVE(A) 1-2:30 Jan 19:45 | GW25:TOT(H) 0-1:03 Feb 13:30 | GW26:LIV(A) 2-0:11 Feb 20:00 | GW27:SUN(H) 2-1:23 Feb 15:00 | GW28:CHE(A) 0-1:02 Mar 15:00 | GW29:SWA(H) 2-1:09 Mar 15:00 | GW30:STK(A) 0-0:16 Mar 15:00 | GW31:WHU(A) 1-3:30 Mar 15:00 | GW32:ARS(H) 1-2:06 Apr 15:00 | GW34:NEW(H) 1-1:20 Apr 15:00 | GW35:SOU(A) 3-0:27 Apr 15:00 | GW36:MCI(A) 0-1:07 May 19:45 | GW37:NOR(A) 0-4:12 May 15:00 | GW38:MUN(H) 5-5:19 May 16:00
28097,Niko Kranjcar,368,Niko Kranjcar,399,EXACT,Tottenham,1,2,73,-295,0,0,0,2,0,0,GW2:MUN(A) 0-3:22 Aug. 20:00
13017,Wayne Rooney,2226,Wayne Rooney,221,EXACT,Man Utd,37,1 2 3 4 5 6 7 8 9 10 11 12 13 14 15 16 17 18 19 20 21 22 23 24 25 26 27 28 30 31 32 33 34 35 36 37 38,1924,-302,10,12,27,141,7,7,GW1:EVE(A) 0-1:20 Aug 20:00 | GW2:FUL(H) 3-2:25 Aug 15:00 | GW3:SOU(A) 3-2:02 Sep 16:00 | GW4:WIG(H) 4-0:15 Sep 15:00 | GW5:LIV(A) 2-1:23 Sep 13:30 | GW6:TOT(H) 2-3:29 Sep 17:30 | GW7:NEW(A) 3-0:07 Oct 16:00 | GW8:STK(H) 4-2:20 Oct 15:00 | GW9:CHE(A) 3-2:28 Oct 16:00 | GW10:ARS(H) 2-1:03 Nov 12:45 | GW11:AVL(A) 3-2:10 Nov 17:30 | GW12:NOR(A) 0-1:17 Nov 17:30 | GW13:QPR(H) 3-1:24 Nov 15:00 | GW14:WHU(H) 1-0:28 Nov 20:00 | GW15:RDG(A) 4-3:01 Dec 17:30 | GW16:MCI(A) 3-2:09 Dec 13:30 | GW17:SUN(H) 3-1:15 Dec 15:00 | GW18:SWA(A) 1-1:23 Dec 13:30 | GW19:NEW(H) 4-3:26 Dec 15:00 | GW20:WBA(H) 2-0:29 Dec 15:00 | GW21:WIG(A) 4-0:01 Jan 15:00 | GW22:LIV(H) 2-1:13 Jan 13:30 | GW23:TOT(A) 1-1:20 Jan 16:00 | GW24:SOU(H) 2-1:30 Jan 20:00 | GW25:FUL(A) 1-0:02 Feb 17:30 | GW26:EVE(H) 2-0:10 Feb 16:00 | GW27:QPR(A) 2-0:23 Feb 15:00 | GW28:NOR(H) 4-0:02 Mar 15:00 | GW30:RDG(H) 1-0:16 Mar 17:30 | GW31:SUN(A) 1-0:30 Mar 12:45 | GW32:MCI(H) 1-2:08 Apr 20:00 | GW33:WHU(A) 2-2:17 Apr 19:45 | GW34:AVL(H) 3-0:22 Apr 20:00 | GW35:ARS(A) 1-1:28 Apr 16:00 | GW36:CHE(H) 0-1:05 May 16:00 | GW37:SWA(H) 2-1:12 May 16:00 | GW38:WBA(A) 5-5:19 May 16:00
82263,Marcos Alonso,360,Marcos Alonso,71,EXACT,Bolton,1,17,56,-304,0,0,0,1,0,0,GW17:BLA(A) 2-1:20 Dec. 20:00
20568,Giles Barnes,307,Giles Barnes,423,EXACT,West Brom,2,27 33,0,-307,0,0,0,0,0,0,GW27:CHE(H) 1-0:03 March 15:00 | GW33:MCI(A) 0-4:11 April 19:45
50232,Jonjo Shelvey,321,Jonjo Shelvey,168,EXACT,Liverpool,2,19 29,0,-321,0,0,0,0,0,0,GW19:NEW(H) 3-1:30 Dec. 19:45 | GW29:QPR(A) 2-3:21 March 20:00
1307,Ricardo Gardner,321,Ricardo Gardner,81,EXACT,Bolton,1,17,0,-321,0,0,0,0,0,0,GW17:BLA(A) 2-1:20 Dec. 20:00
45175,Ádám Bogdán,321,Adam Bogdan,70,EXACT,Bolton,2,3 17,0,-321,0,0,0,0,0,0,GW3:LIV(A) 1-3:27 Aug. 17:30 | GW17:BLA(A) 2-1:20 Dec. 20:00
49013,Victor Moses,812,Victor Moses,521,EXACT,Chelsea,35,1 2 4 5 6 7 8 9 10 11 12 13 14 15 16 18 19 20 21 22 23 24 25 26 27 28 30 31 32 33 34 35 36 37 38,1139,327,1,1,4,53,7,0,GW1:CHE(H) 0-2:19 Aug 13:30 | GW2:NEW(H) 2-0:25 Aug 17:30 | GW4:QPR(A) 0-0:15 Sep 15:00 | GW5:STK(H) 1-0:22 Sep 15:00 | GW6:ARS(A) 2-1:29 Sep 12:45 | GW7:NOR(H) 4-1:06 Oct 15:00 | GW8:TOT(A) 4-2:20 Oct 12:45 | GW9:MUN(H) 2-3:28 Oct 16:00 | GW10:SWA(A) 1-1:03 Nov 15:00 | GW11:LIV(H) 1-1:11 Nov 16:00 | GW12:WBA(A) 1-2:17 Nov 15:00 | GW13:MCI(H) 0-0:25 Nov 16:00 | GW14:FUL(H) 0-0:28 Nov 19:45 | GW15:WHU(A) 1-3:01 Dec 12:45 | GW16:SUN(A) 3-1:08 Dec 15:00 | GW18:AVL(H) 8-0:23 Dec 16:00 | GW19:NOR(A) 1-0:26 Dec 15:00 | GW20:EVE(A) 2-1:30 Dec 13:30 | GW21:QPR(H) 0-1:02 Jan 19:45 | GW22:SOU(H) 2-2:16 Jan 19:45 | GW23:ARS(H) 2-1:20 Jan 13:30 | GW24:RDG(A) 2-2:30 Jan 20:00 | GW25:NEW(A) 2-3:02 Feb 15:00 | GW26:WIG(H) 4-1:09 Feb 15:00 | GW27:MCI(A) 0-2:24 Feb 13:30 | GW28:WBA(H) 1-0:02 Mar 15:00 | GW30:WHU(H) 2-0:17 Mar 16:00 | GW31:SOU(A) 1-2:30 Mar 15:00 | GW32:SUN(H) 2-1:07 Apr 15:00 | GW33:FUL(A) 3-0:17 Apr 20:00 | GW34:LIV(A) 2-2:21 Apr 16:00 | GW35:SWA(H) 2-0:28 Apr 15:00 | GW36:TOT(H) 2-2:08 May 19:45 | GW37:AVL(A) 2-1:11 May 12:45 | GW38:EVE(H) 2-1:19 May 16:00
7551,Joleon Lescott,1882,Joleon Lescott,176,EXACT,Man City,37,1 2 3 4 5 6 7 8 9 10 11 12 13 14 15 16 17 18 19 20 21 22 23 24 25 26 27 28 30 31 32 33 34 35 36 37 38,1551,-331,0,1,7,77,7,3,GW1:SOU(H) 3-2:19 Aug 16:00 | GW2:LIV(A) 2-2:26 Aug 16:00 | GW3:QPR(H) 3-1:01 Sep 17:30 | GW4:STK(A) 1-1:15 Sep 15:00 | GW5:ARS(H) 1-1:23 Sep 16:00 | GW6:FUL(A) 2-1:29 Sep 15:00 | GW7:SUN(H) 3-0:06 Oct 12:45 | GW8:WBA(A) 2-1:20 Oct 15:00 | GW9:SWA(H) 1-0:27 Oct 17:30 | GW10:WHU(A) 0-0:03 Nov 17:30 | GW11:TOT(H) 2-1:11 Nov 13:30 | GW12:AVL(H) 5-0:17 Nov 15:00 | GW13:CHE(A) 0-0:25 Nov 16:00 | GW14:WIG(A) 2-0:28 Nov 20:00 | GW15:EVE(H) 1-1:01 Dec 15:00 | GW16:MUN(H) 2-3:09 Dec 13:30 | GW17:NEW(A) 3-1:15 Dec 12:45 | GW18:RDG(H) 1-0:22 Dec 15:00 | GW19:SUN(A) 0-1:26 Dec 15:00 | GW20:NOR(A) 4-3:29 Dec 15:00 | GW21:STK(H) 3-0:01 Jan 15:00 | GW22:ARS(A) 2-0:13 Jan 16:00 | GW23:FUL(H) 2-0:19 Jan 15:00 | GW24:QPR(A) 0-0:29 Jan 19:45 | GW25:LIV(H) 2-2:03 Feb 16:00 | GW26:SOU(A) 1-3:09 Feb 17:30 | GW27:CHE(H) 2-0:24 Feb 13:30 | GW28:AVL(A) 1-0:04 Mar 20:00 | GW30:EVE(A) 0-2:16 Mar 12:45 | GW31:NEW(H) 4-0:30 Mar 15:00 | GW32:MUN(A) 2-1:08 Apr 20:00 | GW33:WIG(H) 1-0:17 Apr 19:45 | GW34:TOT(A) 1-3:21 Apr 13:30 | GW35:WHU(H) 2-1:27 Apr 12:45 | GW36:WBA(H) 1-0:07 May 19:45 | GW37:RDG(A) 2-0:14 May 20:00 | GW38:NOR(H) 2-3:19 May 16:00
5543,Chris Kirkland,332,Chris Kirkland,434,EXACT,Wigan,1,33,0,-332,0,0,0,0,0,0,GW33:MUN(H) 1-0:11 April 19:45
1841,Wes Brown,426,Wes Brown,341,EXACT,Sunderland,1,17,90,-336,0,1,2,9,0,0,GW17:QPR(A) 3-2:21 Dec. 20:00
51484,Nathan Delfouneso,392,Nathan Delfouneso,59,EXACT,Aston Villa,21,1 2 3 4 5 6 7 8 9 10 11 12 13 20 21 22 23 30 31 32 33,45,-347,0,0,0,1,0,0,GW1:WHU(A) 0-1:18 Aug 15:00 | GW2:EVE(H) 1-3:25 Aug 15:00 | GW3:NEW(A) 1-1:02 Sep 16:00 | GW4:SWA(H) 2-0:15 Sep 15:00 | GW5:SOU(A) 1-4:22 Sep 15:00 | GW6:WBA(H) 1-1:30 Sep 16:00 | GW7:TOT(A) 0-2:07 Oct 15:00 | GW8:FUL(A) 0-1:20 Oct 15:00 | GW9:NOR(H) 1-1:27 Oct 12:45 | GW10:SUN(A) 1-0:03 Nov 15:00 | GW11:MUN(H) 2-3:10 Nov 17:30 | GW12:MCI(A) 0-5:17 Nov 15:00 | GW13:ARS(H) 0-0:24 Nov 17:30 | GW20:WIG(H) 0-3:29 Dec 15:00 | GW21:SWA(A) 2-2:01 Jan 15:00 | GW22:SOU(H) 0-1:12 Jan 15:00 | GW23:WBA(A) 2-2:19 Jan 17:30 | GW30:QPR(H) 3-2:16 Mar 15:00 | GW31:LIV(H) 1-2:31 Mar 13:30 | GW32:STK(A) 3-1:06 Apr 15:00 | GW33:FUL(H) 1-1:13 Apr 15:00
38290,Danny Rose,351,Danny Rose,400,EXACT,Tottenham,1,2,0,-351,0,0,0,0,0,0,GW2:MUN(A) 0-3:22 Aug. 20:00
49305,Mauro Boselli,494,Mauro Boselli,540,EXACT,Wigan,37,1 2 3 4 5 6 7 8 9 10 11 12 13 14 15 16 17 18 19 20 21 22 23 24 25 26 27 28 30 31 32 33 34 35 36 37 38,135,-359,0,0,0,8,0,0,GW1:CHE(H) 0-2:19 Aug 13:30 | GW2:SOU(A) 2-0:25 Aug 15:00 | GW3:STK(H) 2-2:01 Sep 15:00 | GW4:MUN(A) 0-4:15 Sep 15:00 | GW5:FUL(H) 1-2:22 Sep 15:00 | GW6:SUN(A) 0-1:29 Sep 15:00 | GW7:EVE(H) 2-2:06 Oct 15:00 | GW8:SWA(A) 1-2:20 Oct 15:00 | GW9:WHU(H) 2-1:27 Oct 15:00 | GW10:TOT(A) 1-0:03 Nov 15:00 | GW11:WBA(H) 1-2:10 Nov 15:00 | GW12:LIV(A) 0-3:17 Nov 15:00 | GW13:RDG(H) 3-2:24 Nov 15:00 | GW14:MCI(H) 0-2:28 Nov 20:00 | GW15:NEW(A) 0-3:03 Dec 20:00 | GW16:QPR(H) 2-2:08 Dec 15:00 | GW17:NOR(A) 1-2:15 Dec 15:00 | GW18:ARS(H) 0-1:22 Dec 12:45 | GW19:EVE(A) 1-2:26 Dec 15:00 | GW20:AVL(A) 3-0:29 Dec 15:00 | GW21:MUN(H) 0-4:01 Jan 15:00 | GW22:FUL(A) 1-1:12 Jan 15:00 | GW23:SUN(H) 2-3:19 Jan 15:00 | GW24:STK(A) 2-2:29 Jan 19:45 | GW25:SOU(H) 2-2:02 Feb 15:00 | GW26:CHE(A) 1-4:09 Feb 15:00 | GW27:RDG(A) 3-0:23 Feb 15:00 | GW28:LIV(H) 0-4:02 Mar 17:30 | GW30:NEW(H) 2-1:17 Mar 16:00 | GW31:NOR(H) 1-0:30 Mar 15:00 | GW32:QPR(A) 1-1:07 Apr 16:10 | GW33:MCI(A) 0-1:17 Apr 19:45 | GW34:WHU(A) 0-2:20 Apr 15:00 | GW35:TOT(H) 2-2:27 Apr 15:00 | GW36:SWA(H) 2-3:07 May 19:45 | GW37:ARS(A) 1-4:14 May 19:45 | GW38:AVL(H) 2-2:19 May 16:00
1827,Mark Schwarzer,2790,Mark Schwarzer,118,EXACT,Fulham,37,1 2 3 4 5 6 7 8 9 10 11 12 13 14 15 16 17 18 19 20 21 22 23 24 25 26 27 28 30 31 32 33 34 35 36 37 38,3150,360,0,0,2,132,8,0,GW1:NOR(H) 5-0:18 Aug 15:00 | GW2:MUN(A) 2-3:25 Aug 15:00 | GW3:WHU(A) 0-3:01 Sep 12:45 | GW4:WBA(H) 3-0:15 Sep 15:00 | GW5:WIG(A) 2-1:22 Sep 15:00 | GW6:MCI(H) 1-2:29 Sep 15:00 | GW7:SOU(A) 2-2:07 Oct 13:30 | GW8:AVL(H) 1-0:20 Oct 15:00 | GW9:RDG(A) 3-3:27 Oct 15:00 | GW10:EVE(H) 2-2:03 Nov 15:00 | GW11:ARS(A) 3-3:10 Nov 15:00 | GW12:SUN(H) 1-3:18 Nov 16:00 | GW13:STK(A) 0-1:24 Nov 15:00 | GW14:CHE(A) 0-0:28 Nov 19:45 | GW15:TOT(H) 0-3:01 Dec 15:00 | GW16:NEW(H) 2-1:10 Dec 20:00 | GW17:QPR(A) 1-2:15 Dec 15:00 | GW18:LIV(A) 0-4:22 Dec 17:30 | GW19:SOU(H) 1-1:26 Dec 15:00 | GW20:SWA(H) 1-2:29 Dec 15:00 | GW21:WBA(A) 2-1:01 Jan 12:45 | GW22:WIG(H) 1-1:12 Jan 15:00 | GW23:MCI(A) 0-2:19 Jan 15:00 | GW24:WHU(H) 3-1:30 Jan 20:00 | GW25:MUN(H) 0-1:02 Feb 17:30 | GW26:NOR(A) 0-0:09 Feb 15:00 | GW27:STK(H) 1-0:23 Feb 12:45 | GW28:SUN(A) 2-2:02 Mar 15:00 | GW30:TOT(A) 1-0:17 Mar 15:00 | GW31:QPR(H) 3-2:01 Apr 20:00 | GW32:NEW(A) 0-1:07 Apr 15:00 | GW33:CHE(H) 0-3:17 Apr 20:00 | GW34:ARS(H) 0-1:20 Apr 15:00 | GW35:EVE(A) 0-1:27 Apr 15:00 | GW36:RDG(H) 2-4:04 May 15:00 | GW37:LIV(H) 1-3:12 May 15:00 | GW38:SWA(A) 3-0:19 May 16:00
44302,Adlène Guédioura,365,Adlene Guedioura,469,EXACT,Wolves,1,33,0,-365,0,0,0,0,0,0,GW33:ARS(H) 0-3:11 April 19:45
32318,Marc Wilson,1856,Marc Wilson,364,EXACT,Stoke City,38,1 2 3 4 5 6 7 8 9 10 11 12 13 14 15 16 17 18 19 20 21 22 23 24 25 26 27 28 29 30 31 32 33 34 35 36 37 38,1488,-368,0,0,0,46,5,3,GW1:RDG(A) 1-1:18 Aug 15:00 | GW2:ARS(H) 0-0:26 Aug 13:30 | GW3:WIG(A) 2-2:01 Sep 15:00 | GW4:MCI(H) 1-1:15 Sep 15:00 | GW5:CHE(A) 0-1:22 Sep 15:00 | GW6:SWA(H) 2-0:29 Sep 15:00 | GW7:LIV(A) 0-0:07 Oct 15:00 | GW8:MUN(A) 2-4:20 Oct 15:00 | GW9:SUN(H) 0-0:27 Oct 15:00 | GW10:NOR(A) 0-1:03 Nov 15:00 | GW11:QPR(H) 1-0:10 Nov 15:00 | GW12:WHU(A) 1-1:19 Nov 20:00 | GW13:FUL(H) 1-0:24 Nov 15:00 | GW14:NEW(H) 2-1:28 Nov 19:45 | GW15:WBA(A) 1-0:01 Dec 15:00 | GW16:AVL(A) 0-0:08 Dec 15:00 | GW17:EVE(H) 1-1:15 Dec 15:00 | GW18:TOT(A) 0-0:22 Dec 15:00 | GW19:LIV(H) 3-1:26 Dec 19:45 | GW20:SOU(H) 3-3:29 Dec 15:00 | GW21:MCI(A) 0-3:01 Jan 15:00 | GW22:CHE(H) 0-4:12 Jan 15:00 | GW23:SWA(A) 1-3:19 Jan 15:00 | GW24:WIG(H) 2-2:29 Jan 19:45 | GW25:ARS(A) 0-1:02 Feb 15:00 | GW26:RDG(H) 2-1:09 Feb 15:00 | GW27:FUL(A) 0-1:23 Feb 12:45 | GW28:WHU(H) 0-1:02 Mar 15:00 | GW29:NEW(A) 1-2:10 Mar 15:00 | GW30:WBA(H) 0-0:16 Mar 15:00 | GW31:EVE(A) 0-1:30 Mar 17:30 | GW32:AVL(H) 1-3:06 Apr 15:00 | GW33:MUN(H) 0-2:14 Apr 14:05 | GW34:QPR(A) 2-0:20 Apr 15:00 | GW35:NOR(H) 1-0:27 Apr 15:00 | GW36:SUN(A) 1-1:06 May 20:00 | GW37:TOT(H) 1-2:12 May 13:30 | GW38:SOU(A) 1-1:19 May 16:00
3332,Steven Reid,1274,Steven Reid,475,EXACT,West Brom,37,1 2 3 4 5 6 7 8 9 10 11 12 13 14 15 16 17 18 19 20 21 22 23 24 25 26 27 28 29 30 31 32 34 35 36 37 38,906,-368,0,0,0,19,3,4,GW1:LIV(H) 3-0:18 Aug 15:00 | GW2:TOT(A) 1-1:25 Aug 15:00 | GW3:EVE(H) 2-0:01 Sep 15:00 | GW4:FUL(A) 0-3:15 Sep 15:00 | GW5:RDG(H) 1-0:22 Sep 15:00 | GW6:AVL(A) 1-1:30 Sep 16:00 | GW7:QPR(H) 3-2:06 Oct 15:00 | GW8:MCI(H) 1-2:20 Oct 15:00 | GW9:NEW(A) 1-2:28 Oct 15:00 | GW10:SOU(H) 2-0:05 Nov 20:00 | GW11:WIG(A) 2-1:10 Nov 15:00 | GW12:CHE(H) 2-1:17 Nov 15:00 | GW13:SUN(A) 4-2:24 Nov 12:45 | GW14:SWA(A) 1-3:28 Nov 19:45 | GW15:STK(H) 0-1:01 Dec 15:00 | GW16:ARS(A) 0-2:08 Dec 15:00 | GW17:WHU(H) 0-0:16 Dec 16:00 | GW18:NOR(H) 2-1:22 Dec 15:00 | GW19:QPR(A) 2-1:26 Dec 15:00 | GW20:MUN(A) 0-2:29 Dec 15:00 | GW21:FUL(H) 1-2:01 Jan 12:45 | GW22:RDG(A) 2-3:12 Jan 15:00 | GW23:AVL(H) 2-2:19 Jan 17:30 | GW24:EVE(A) 1-2:30 Jan 19:45 | GW25:TOT(H) 0-1:03 Feb 13:30 | GW26:LIV(A) 2-0:11 Feb 20:00 | GW27:SUN(H) 2-1:23 Feb 15:00 | GW28:CHE(A) 0-1:02 Mar 15:00 | GW29:SWA(H) 2-1:09 Mar 15:00 | GW30:STK(A) 0-0:16 Mar 15:00 | GW31:WHU(A) 1-3:30 Mar 15:00 | GW32:ARS(H) 1-2:06 Apr 15:00 | GW34:NEW(H) 1-1:20 Apr 15:00 | GW35:SOU(A) 3-0:27 Apr 15:00 | GW36:MCI(A) 0-1:07 May 19:45 | GW37:NOR(A) 0-4:12 May 15:00 | GW38:MUN(H) 5-5:19 May 16:00
15284,Brede Hangeland,3330,Brede Hangeland,124,EXACT,Fulham,37,1 2 3 4 5 6 7 8 9 10 11 12 13 14 15 16 17 18 19 20 21 22 23 24 25 26 27 28 30 31 32 33 34 35 36 37 38,2955,-375,0,0,2,72,7,2,GW1:NOR(H) 5-0:18 Aug 15:00 | GW2:MUN(A) 2-3:25 Aug 15:00 | GW3:WHU(A) 0-3:01 Sep 12:45 | GW4:WBA(H) 3-0:15 Sep 15:00 | GW5:WIG(A) 2-1:22 Sep 15:00 | GW6:MCI(H) 1-2:29 Sep 15:00 | GW7:SOU(A) 2-2:07 Oct 13:30 | GW8:AVL(H) 1-0:20 Oct 15:00 | GW9:RDG(A) 3-3:27 Oct 15:00 | GW10:EVE(H) 2-2:03 Nov 15:00 | GW11:ARS(A) 3-3:10 Nov 15:00 | GW12:SUN(H) 1-3:18 Nov 16:00 | GW13:STK(A) 0-1:24 Nov 15:00 | GW14:CHE(A) 0-0:28 Nov 19:45 | GW15:TOT(H) 0-3:01 Dec 15:00 | GW16:NEW(H) 2-1:10 Dec 20:00 | GW17:QPR(A) 1-2:15 Dec 15:00 | GW18:LIV(A) 0-4:22 Dec 17:30 | GW19:SOU(H) 1-1:26 Dec 15:00 | GW20:SWA(H) 1-2:29 Dec 15:00 | GW21:WBA(A) 2-1:01 Jan 12:45 | GW22:WIG(H) 1-1:12 Jan 15:00 | GW23:MCI(A) 0-2:19 Jan 15:00 | GW24:WHU(H) 3-1:30 Jan 20:00 | GW25:MUN(H) 0-1:02 Feb 17:30 | GW26:NOR(A) 0-0:09 Feb 15:00 | GW27:STK(H) 1-0:23 Feb 12:45 | GW28:SUN(A) 2-2:02 Mar 15:00 | GW30:TOT(A) 1-0:17 Mar 15:00 | GW31:QPR(H) 3-2:01 Apr 20:00 | GW32:NEW(A) 0-1:07 Apr 15:00 | GW33:CHE(H) 0-3:17 Apr 20:00 | GW34:ARS(H) 0-1:20 Apr 15:00 | GW35:EVE(A) 0-1:27 Apr 15:00 | GW36:RDG(H) 2-4:04 May 15:00 | GW37:LIV(H) 1-3:12 May 15:00 | GW38:SWA(A) 3-0:19 May 16:00
36903,Gareth Bale,2451,Gareth Bale,448,EXACT,Tottenham,37,1 2 3 4 5 6 7 8 9 10 11 12 13 14 15 16 17 18 19 20 21 22 23 24 25 26 27 28 29 30 31 32 34 35 36 37 38,2831,380,9,20,47,238,8,6,GW1:NEW(A) 1-2:18 Aug 17:30 | GW2:WBA(H) 1-1:25 Aug 15:00 | GW3:NOR(H) 1-1:01 Sep 15:00 | GW4:RDG(A) 3-1:16 Sep 16:00 | GW5:QPR(H) 2-1:23 Sep 16:00 | GW6:MUN(A) 3-2:29 Sep 17:30 | GW7:AVL(H) 2-0:07 Oct 15:00 | GW8:CHE(H) 2-4:20 Oct 12:45 | GW9:SOU(A) 2-1:28 Oct 15:00 | GW10:WIG(H) 0-1:03 Nov 15:00 | GW11:MCI(A) 1-2:11 Nov 13:30 | GW12:ARS(A) 2-5:17 Nov 12:45 | GW13:WHU(H) 3-1:25 Nov 16:00 | GW14:LIV(H) 2-1:28 Nov 19:45 | GW15:FUL(A) 3-0:01 Dec 15:00 | GW16:EVE(A) 1-2:09 Dec 15:00 | GW17:SWA(H) 1-0:16 Dec 13:30 | GW18:STK(H) 0-0:22 Dec 15:00 | GW19:AVL(A) 4-0:26 Dec 17:30 | GW20:SUN(A) 2-1:29 Dec 12:45 | GW21:RDG(H) 3-1:01 Jan 15:00 | GW22:QPR(A) 0-0:12 Jan 12:45 | GW23:MUN(H) 1-1:20 Jan 16:00 | GW24:NOR(A) 1-1:30 Jan 19:45 | GW25:WBA(A) 1-0:03 Feb 13:30 | GW26:NEW(H) 2-1:09 Feb 12:45 | GW27:WHU(A) 3-2:25 Feb 20:00 | GW28:ARS(H) 2-1:03 Mar 16:00 | GW29:LIV(A) 2-3:10 Mar 16:00 | GW30:FUL(H) 0-1:17 Mar 15:00 | GW31:SWA(A) 2-1:30 Mar 15:00 | GW32:EVE(H) 2-2:07 Apr 14:05 | GW34:MCI(H) 3-1:21 Apr 13:30 | GW35:WIG(A) 2-2:27 Apr 15:00 | GW36:CHE(A) 2-2:08 May 19:45 | GW37:STK(A) 2-1:12 May 13:30 | GW38:SUN(H) 1-0:19 May 16:00
3773,Peter Crouch,1932,Peter Crouch,377,EXACT,Stoke City,38,1 2 3 4 5 6 7 8 9 10 11 12 13 14 15 16 17 18 19 20 21 22 23 24 25 26 27 28 29 30 31 32 33 34 35 36 37 38,2322,390,6,7,24,128,11,2,GW1:RDG(A) 1-1:18 Aug 15:00 | GW2:ARS(H) 0-0:26 Aug 13:30 | GW3:WIG(A) 2-2:01 Sep 15:00 | GW4:MCI(H) 1-1:15 Sep 15:00 | GW5:CHE(A) 0-1:22 Sep 15:00 | GW6:SWA(H) 2-0:29 Sep 15:00 | GW7:LIV(A) 0-0:07 Oct 15:00 | GW8:MUN(A) 2-4:20 Oct 15:00 | GW9:SUN(H) 0-0:27 Oct 15:00 | GW10:NOR(A) 0-1:03 Nov 15:00 | GW11:QPR(H) 1-0:10 Nov 15:00 | GW12:WHU(A) 1-1:19 Nov 20:00 | GW13:FUL(H) 1-0:24 Nov 15:00 | GW14:NEW(H) 2-1:28 Nov 19:45 | GW15:WBA(A) 1-0:01 Dec 15:00 | GW16:AVL(A) 0-0:08 Dec 15:00 | GW17:EVE(H) 1-1:15 Dec 15:00 | GW18:TOT(A) 0-0:22 Dec 15:00 | GW19:LIV(H) 3-1:26 Dec 19:45 | GW20:SOU(H) 3-3:29 Dec 15:00 | GW21:MCI(A) 0-3:01 Jan 15:00 | GW22:CHE(H) 0-4:12 Jan 15:00 | GW23:SWA(A) 1-3:19 Jan 15:00 | GW24:WIG(H) 2-2:29 Jan 19:45 | GW25:ARS(A) 0-1:02 Feb 15:00 | GW26:RDG(H) 2-1:09 Feb 15:00 | GW27:FUL(A) 0-1:23 Feb 12:45 | GW28:WHU(H) 0-1:02 Mar 15:00 | GW29:NEW(A) 1-2:10 Mar 15:00 | GW30:WBA(H) 0-0:16 Mar 15:00 | GW31:EVE(A) 0-1:30 Mar 17:30 | GW32:AVL(H) 1-3:06 Apr 15:00 | GW33:MUN(H) 0-2:14 Apr 14:05 | GW34:QPR(A) 2-0:20 Apr 15:00 | GW35:NOR(H) 1-0:27 Apr 15:00 | GW36:SUN(A) 1-1:06 May 20:00 | GW37:TOT(H) 1-2:12 May 13:30 | GW38:SOU(A) 1-1:19 May 16:00
2051,Frank Lampard,2026,Frank Lampard,77,EXACT,Chelsea,35,1 2 4 5 6 7 8 9 10 11 12 13 14 15 16 18 19 20 21 22 23 24 25 26 27 28 30 31 32 33 34 35 36 37 38,1634,-392,1,13,11,127,6,1,GW1:RDG(H) 4-2:22 Aug 19:45 | GW2:NEW(H) 2-0:25 Aug 17:30 | GW4:QPR(A) 0-0:15 Sep 15:00 | GW5:STK(H) 1-0:22 Sep 15:00 | GW6:ARS(A) 2-1:29 Sep 12:45 | GW7:NOR(H) 4-1:06 Oct 15:00 | GW8:TOT(A) 4-2:20 Oct 12:45 | GW9:MUN(H) 2-3:28 Oct 16:00 | GW10:SWA(A) 1-1:03 Nov 15:00 | GW11:LIV(H) 1-1:11 Nov 16:00 | GW12:WBA(A) 1-2:17 Nov 15:00 | GW13:MCI(H) 0-0:25 Nov 16:00 | GW14:FUL(H) 0-0:28 Nov 19:45 | GW15:WHU(A) 1-3:01 Dec 12:45 | GW16:SUN(A) 3-1:08 Dec 15:00 | GW18:AVL(H) 8-0:23 Dec 16:00 | GW19:NOR(A) 1-0:26 Dec 15:00 | GW20:EVE(A) 2-1:30 Dec 13:30 | GW21:QPR(H) 0-1:02 Jan 19:45 | GW22:SOU(H) 2-2:16 Jan 19:45 | GW23:ARS(H) 2-1:20 Jan 13:30 | GW24:RDG(A) 2-2:30 Jan 20:00 | GW25:NEW(A) 2-3:02 Feb 15:00 | GW26:WIG(H) 4-1:09 Feb 15:00 | GW27:MCI(A) 0-2:24 Feb 13:30 | GW28:WBA(H) 1-0:02 Mar 15:00 | GW30:WHU(H) 2-0:17 Mar 16:00 | GW31:SOU(A) 1-2:30 Mar 15:00 | GW32:SUN(H) 2-1:07 Apr 15:00 | GW33:FUL(A) 3-0:17 Apr 20:00 | GW34:LIV(A) 2-2:21 Apr 16:00 | GW35:SWA(H) 2-0:28 Apr 15:00 | GW36:TOT(H) 2-2:08 May 19:45 | GW37:AVL(A) 2-1:11 May 12:45 | GW38:EVE(H) 2-1:19 May 16:00
1632,Gareth Barry,2705,Gareth Barry,186,EXACT,Man City,37,1 2 3 4 5 6 7 8 9 10 11 12 13 14 15 16 17 18 19 20 21 22 23 24 25 26 27 28 30 31 32 33 34 35 36 37 38,2308,-397,4,1,7,84,13,6,GW1:SOU(H) 3-2:19 Aug 16:00 | GW2:LIV(A) 2-2:26 Aug 16:00 | GW3:QPR(H) 3-1:01 Sep 17:30 | GW4:STK(A) 1-1:15 Sep 15:00 | GW5:ARS(H) 1-1:23 Sep 16:00 | GW6:FUL(A) 2-1:29 Sep 15:00 | GW7:SUN(H) 3-0:06 Oct 12:45 | GW8:WBA(A) 2-1:20 Oct 15:00 | GW9:SWA(H) 1-0:27 Oct 17:30 | GW10:WHU(A) 0-0:03 Nov 17:30 | GW11:TOT(H) 2-1:11 Nov 13:30 | GW12:AVL(H) 5-0:17 Nov 15:00 | GW13:CHE(A) 0-0:25 Nov 16:00 | GW14:WIG(A) 2-0:28 Nov 20:00 | GW15:EVE(H) 1-1:01 Dec 15:00 | GW16:MUN(H) 2-3:09 Dec 13:30 | GW17:NEW(A) 3-1:15 Dec 12:45 | GW18:RDG(H) 1-0:22 Dec 15:00 | GW19:SUN(A) 0-1:26 Dec 15:00 | GW20:NOR(A) 4-3:29 Dec 15:00 | GW21:STK(H) 3-0:01 Jan 15:00 | GW22:ARS(A) 2-0:13 Jan 16:00 | GW23:FUL(H) 2-0:19 Jan 15:00 | GW24:QPR(A) 0-0:29 Jan 19:45 | GW25:LIV(H) 2-2:03 Feb 16:00 | GW26:SOU(A) 1-3:09 Feb 17:30 | GW27:CHE(H) 2-0:24 Feb 13:30 | GW28:AVL(A) 1-0:04 Mar 20:00 | GW30:EVE(A) 0-2:16 Mar 12:45 | GW31:NEW(H) 4-0:30 Mar 15:00 | GW32:MUN(A) 2-1:08 Apr 20:00 | GW33:WIG(H) 1-0:17 Apr 19:45 | GW34:TOT(A) 1-3:21 Apr 13:30 | GW35:WHU(H) 2-1:27 Apr 12:45 | GW36:WBA(H) 1-0:07 May 19:45 | GW37:RDG(A) 2-0:14 May 20:00 | GW38:NOR(H) 2-3:19 May 16:00
17349,Aaron Lennon,2365,Aaron Lennon,447,EXACT,Tottenham,37,1 2 3 4 5 6 7 8 9 10 11 12 13 14 15 16 17 18 19 20 21 22 23 24 25 26 27 28 29 30 31 32 34 35 36 37 38,2765,400,8,4,10,129,11,1,GW1:NEW(A) 1-2:18 Aug 17:30 | GW2:WBA(H) 1-1:25 Aug 15:00 | GW3:NOR(H) 1-1:01 Sep 15:00 | GW4:RDG(A) 3-1:16 Sep 16:00 | GW5:QPR(H) 2-1:23 Sep 16:00 | GW6:MUN(A) 3-2:29 Sep 17:30 | GW7:AVL(H) 2-0:07 Oct 15:00 | GW8:CHE(H) 2-4:20 Oct 12:45 | GW9:SOU(A) 2-1:28 Oct 15:00 | GW10:WIG(H) 0-1:03 Nov 15:00 | GW11:MCI(A) 1-2:11 Nov 13:30 | GW12:ARS(A) 2-5:17 Nov 12:45 | GW13:WHU(H) 3-1:25 Nov 16:00 | GW14:LIV(H) 2-1:28 Nov 19:45 | GW15:FUL(A) 3-0:01 Dec 15:00 | GW16:EVE(A) 1-2:09 Dec 15:00 | GW17:SWA(H) 1-0:16 Dec 13:30 | GW18:STK(H) 0-0:22 Dec 15:00 | GW19:AVL(A) 4-0:26 Dec 17:30 | GW20:SUN(A) 2-1:29 Dec 12:45 | GW21:RDG(H) 3-1:01 Jan 15:00 | GW22:QPR(A) 0-0:12 Jan 12:45 | GW23:MUN(H) 1-1:20 Jan 16:00 | GW24:NOR(A) 1-1:30 Jan 19:45 | GW25:WBA(A) 1-0:03 Feb 13:30 | GW26:NEW(H) 2-1:09 Feb 12:45 | GW27:WHU(A) 3-2:25 Feb 20:00 | GW28:ARS(H) 2-1:03 Mar 16:00 | GW29:LIV(A) 2-3:10 Mar 16:00 | GW30:FUL(H) 0-1:17 Mar 15:00 | GW31:SWA(A) 2-1:30 Mar 15:00 | GW32:EVE(H) 2-2:07 Apr 14:05 | GW34:MCI(H) 3-1:21 Apr 13:30 | GW35:WIG(A) 2-2:27 Apr 15:00 | GW36:CHE(A) 2-2:08 May 19:45 | GW37:STK(A) 2-1:12 May 13:30 | GW38:SUN(H) 1-0:19 May 16:00
49414,Jack Collison,199,Jack Collison,497,EXACT,West Ham,36,1 2 3 4 5 6 7 8 9 10 11 12 13 14 15 16 17 18 20 21 22 23 24 25 26 27 28 30 31 32 33 34 35 36 37 38,606,407,0,2,3,32,1,2,GW1:AVL(H) 1-0:18 Aug 15:00 | GW2:SWA(A) 0-3:25 Aug 12:45 | GW3:FUL(H) 3-0:01 Sep 12:45 | GW4:NOR(A) 0-0:15 Sep 12:45 | GW5:SUN(H) 1-1:22 Sep 15:00 | GW6:QPR(A) 2-1:01 Oct 20:00 | GW7:ARS(H) 1-3:06 Oct 17:30 | GW8:SOU(H) 4-1:20 Oct 15:00 | GW9:WIG(A) 1-2:27 Oct 15:00 | GW10:MCI(H) 0-0:03 Nov 17:30 | GW11:NEW(A) 1-0:11 Nov 15:00 | GW12:STK(H) 1-1:19 Nov 20:00 | GW13:TOT(A) 1-3:25 Nov 16:00 | GW14:MUN(A) 0-1:28 Nov 20:00 | GW15:CHE(H) 3-1:01 Dec 12:45 | GW16:LIV(H) 2-3:09 Dec 16:00 | GW17:WBA(A) 0-0:16 Dec 16:00 | GW18:EVE(H) 1-2:22 Dec 15:00 | GW20:RDG(A) 0-1:29 Dec 15:00 | GW21:NOR(H) 2-1:01 Jan 15:00 | GW22:SUN(A) 0-3:12 Jan 15:00 | GW23:ARS(A) 1-5:23 Jan 19:45 | GW24:FUL(A) 1-3:30 Jan 20:00 | GW25:SWA(H) 1-0:02 Feb 15:00 | GW26:AVL(A) 1-2:10 Feb 13:30 | GW27:TOT(H) 2-3:25 Feb 20:00 | GW28:STK(A) 1-0:02 Mar 15:00 | GW30:CHE(A) 0-2:17 Mar 16:00 | GW31:WBA(H) 3-1:30 Mar 15:00 | GW32:LIV(A) 0-0:07 Apr 13:30 | GW33:MUN(H) 2-2:17 Apr 19:45 | GW34:WIG(H) 2-0:20 Apr 15:00 | GW35:MCI(A) 1-2:27 Apr 12:45 | GW36:NEW(H) 0-0:04 May 15:00 | GW37:EVE(A) 0-2:12 May 15:00 | GW38:RDG(H) 4-2:19 May 16:00
1840,Kieron Dyer,608,Kieron Dyer,296,EXACT,QPR,38,1 2 3 4 5 6 7 8 9 10 11 12 13 14 15 16 17 18 19 20 21 22 23 24 25 26 27 28 29 30 31 32 33 34 35 36 37 38,198,-410,1,0,0,8,0,1,GW1:SWA(H) 0-5:18 Aug 15:00 | GW2:NOR(A) 1-1:25 Aug 15:00 | GW3:MCI(A) 1-3:01 Sep 17:30 | GW4:CHE(H) 0-0:15 Sep 15:00 | GW5:TOT(A) 1-2:23 Sep 16:00 | GW6:WHU(H) 1-2:01 Oct 20:00 | GW7:WBA(A) 2-3:06 Oct 15:00 | GW8:EVE(H) 1-1:21 Oct 16:00 | GW9:ARS(A) 0-1:27 Oct 15:00 | GW10:RDG(H) 1-1:04 Nov 13:30 | GW11:STK(A) 0-1:10 Nov 15:00 | GW12:SOU(H) 1-3:17 Nov 15:00 | GW13:MUN(A) 1-3:24 Nov 15:00 | GW14:SUN(A) 0-0:27 Nov 19:45 | GW15:AVL(H) 1-1:01 Dec 15:00 | GW16:WIG(A) 2-2:08 Dec 15:00 | GW17:FUL(H) 2-1:15 Dec 15:00 | GW18:NEW(A) 0-1:22 Dec 15:00 | GW19:WBA(H) 1-2:26 Dec 15:00 | GW20:LIV(H) 0-3:30 Dec 16:00 | GW21:CHE(A) 1-0:02 Jan 19:45 | GW22:TOT(H) 0-0:12 Jan 12:45 | GW23:WHU(A) 1-1:19 Jan 15:00 | GW24:MCI(H) 0-0:29 Jan 19:45 | GW25:NOR(H) 0-0:02 Feb 12:45 | GW26:SWA(A) 1-4:09 Feb 15:00 | GW27:MUN(H) 0-2:23 Feb 15:00 | GW28:SOU(A) 2-1:02 Mar 15:00 | GW29:SUN(H) 3-1:09 Mar 15:00 | GW30:AVL(A) 2-3:16 Mar 15:00 | GW31:FUL(A) 2-3:01 Apr 20:00 | GW32:WIG(H) 1-1:07 Apr 16:10 | GW33:EVE(A) 0-2:13 Apr 15:00 | GW34:STK(H) 0-2:20 Apr 15:00 | GW35:RDG(A) 0-0:28 Apr 13:30 | GW36:ARS(H) 0-1:04 May 17:30 | GW37:NEW(H) 1-2:12 May 15:00 | GW38:LIV(A) 0-1:19 May 16:00
39104,Mousa Dembélé,1922,Mousa Dembele,139,EXACT,Tottenham,37,1 2 3 4 5 6 7 8 9 10 11 12 13 14 15 16 17 18 19 20 21 22 23 24 25 26 27 28 29 30 31 32 34 35 36 37 38,2343,421,2,1,4,77,9,4,GW1:NOR(H) 5-0:18 Aug 15:00 | GW2:MUN(A) 2-3:25 Aug 15:00 | GW3:NOR(H) 1-1:01 Sep 15:00 | GW4:RDG(A) 3-1:16 Sep 16:00 | GW5:QPR(H) 2-1:23 Sep 16:00 | GW6:MUN(A) 3-2:29 Sep 17:30 | GW7:AVL(H) 2-0:07 Oct 15:00 | GW8:CHE(H) 2-4:20 Oct 12:45 | GW9:SOU(A) 2-1:28 Oct 15:00 | GW10:WIG(H) 0-1:03 Nov 15:00 | GW11:MCI(A) 1-2:11 Nov 13:30 | GW12:ARS(A) 2-5:17 Nov 12:45 | GW13:WHU(H) 3-1:25 Nov 16:00 | GW14:LIV(H) 2-1:28 Nov 19:45 | GW15:FUL(A) 3-0:01 Dec 15:00 | GW16:EVE(A) 1-2:09 Dec 15:00 | GW17:SWA(H) 1-0:16 Dec 13:30 | GW18:STK(H) 0-0:22 Dec 15:00 | GW19:AVL(A) 4-0:26 Dec 17:30 | GW20:SUN(A) 2-1:29 Dec 12:45 | GW21:RDG(H) 3-1:01 Jan 15:00 | GW22:QPR(A) 0-0:12 Jan 12:45 | GW23:MUN(H) 1-1:20 Jan 16:00 | GW24:NOR(A) 1-1:30 Jan 19:45 | GW25:WBA(A) 1-0:03 Feb 13:30 | GW26:NEW(H) 2-1:09 Feb 12:45 | GW27:WHU(A) 3-2:25 Feb 20:00 | GW28:ARS(H) 2-1:03 Mar 16:00 | GW29:LIV(A) 2-3:10 Mar 16:00 | GW30:FUL(H) 0-1:17 Mar 15:00 | GW31:SWA(A) 2-1:30 Mar 15:00 | GW32:EVE(H) 2-2:07 Apr 14:05 | GW34:MCI(H) 3-1:21 Apr 13:30 | GW35:WIG(A) 2-2:27 Apr 15:00 | GW36:CHE(A) 2-2:08 May 19:45 | GW37:STK(A) 2-1:12 May 13:30 | GW38:SUN(H) 1-0:19 May 16:00
1841,Wes Brown,426,Wes Brown,386,EXACT,Sunderland,37,1 3 4 5 6 7 8 9 10 11 12 13 14 15 16 17 18 19 20 21 22 23 24 25 26 27 28 29 30 31 32 33 34 35 36 37 38,0,-426,0,0,0,0,0,0,GW1:ARS(A) 0-0:18 Aug 15:00 | GW3:SWA(A) 2-2:01 Sep 15:00 | GW4:LIV(H) 1-1:15 Sep 17:30 | GW5:WHU(A) 1-1:22 Sep 15:00 | GW6:WIG(H) 1-0:29 Sep 15:00 | GW7:MCI(A) 0-3:06 Oct 12:45 | GW8:NEW(H) 1-1:21 Oct 13:30 | GW9:STK(A) 0-0:27 Oct 15:00 | GW10:AVL(H) 0-1:03 Nov 15:00 | GW11:EVE(A) 1-2:10 Nov 15:00 | GW12:FUL(A) 3-1:18 Nov 16:00 | GW13:WBA(H) 2-4:24 Nov 12:45 | GW14:QPR(H) 0-0:27 Nov 19:45 | GW15:NOR(A) 1-2:02 Dec 16:00 | GW16:RDG(H) 3-0:11 Dec 19:45 | GW17:MUN(A) 1-3:15 Dec 15:00 | GW18:SOU(A) 1-0:22 Dec 15:00 | GW19:MCI(H) 1-0:26 Dec 15:00 | GW20:TOT(H) 1-2:29 Dec 12:45 | GW21:LIV(A) 0-3:02 Jan 19:45 | GW22:WHU(H) 3-0:12 Jan 15:00 | GW23:WIG(A) 3-2:19 Jan 15:00 | GW24:SWA(H) 0-0:29 Jan 19:45 | GW25:RDG(A) 1-2:02 Feb 15:00 | GW26:ARS(H) 0-1:09 Feb 15:00 | GW27:WBA(A) 1-2:23 Feb 15:00 | GW28:FUL(H) 2-2:02 Mar 15:00 | GW29:QPR(A) 1-3:09 Mar 15:00 | GW30:NOR(H) 1-1:17 Mar 13:30 | GW31:MUN(H) 0-1:30 Mar 12:45 | GW32:CHE(A) 1-2:07 Apr 15:00 | GW33:NEW(A) 3-0:14 Apr 12:00 | GW34:EVE(H) 1-0:20 Apr 15:00 | GW35:AVL(A) 1-6:29 Apr 20:00 | GW36:STK(H) 1-1:06 May 20:00 | GW37:SOU(H) 1-1:12 May 15:00 | GW38:TOT(A) 0-1:19 May 16:00
39895,Youssouf Mulumbu,2861,Youssouf Mulumbu,478,EXACT,West Brom,37,1 2 3 4 5 6 7 8 9 10 11 12 13 14 15 16 17 18 19 20 21 22 23 24 25 26 27 28 29 30 31 32 34 35 36 37 38,2430,-431,2,2,5,75,7,4,GW1:LIV(H) 3-0:18 Aug 15:00 | GW2:TOT(A) 1-1:25 Aug 15:00 | GW3:EVE(H) 2-0:01 Sep 15:00 | GW4:FUL(A) 0-3:15 Sep 15:00 | GW5:RDG(H) 1-0:22 Sep 15:00 | GW6:AVL(A) 1-1:30 Sep 16:00 | GW7:QPR(H) 3-2:06 Oct 15:00 | GW8:MCI(H) 1-2:20 Oct 15:00 | GW9:NEW(A) 1-2:28 Oct 15:00 | GW10:SOU(H) 2-0:05 Nov 20:00 | GW11:WIG(A) 2-1:10 Nov 15:00 | GW12:CHE(H) 2-1:17 Nov 15:00 | GW13:SUN(A) 4-2:24 Nov 12:45 | GW14:SWA(A) 1-3:28 Nov 19:45 | GW15:STK(H) 0-1:01 Dec 15:00 | GW16:ARS(A) 0-2:08 Dec 15:00 | GW17:WHU(H) 0-0:16 Dec 16:00 | GW18:NOR(H) 2-1:22 Dec 15:00 | GW19:QPR(A) 2-1:26 Dec 15:00 | GW20:MUN(A) 0-2:29 Dec 15:00 | GW21:FUL(H) 1-2:01 Jan 12:45 | GW22:RDG(A) 2-3:12 Jan 15:00 | GW23:AVL(H) 2-2:19 Jan 17:30 | GW24:EVE(A) 1-2:30 Jan 19:45 | GW25:TOT(H) 0-1:03 Feb 13:30 | GW26:LIV(A) 2-0:11 Feb 20:00 | GW27:SUN(H) 2-1:23 Feb 15:00 | GW28:CHE(A) 0-1:02 Mar 15:00 | GW29:SWA(H) 2-1:09 Mar 15:00 | GW30:STK(A) 0-0:16 Mar 15:00 | GW31:WHU(A) 1-3:30 Mar 15:00 | GW32:ARS(H) 1-2:06 Apr 15:00 | GW34:NEW(H) 1-1:20 Apr 15:00 | GW35:SOU(A) 3-0:27 Apr 15:00 | GW36:MCI(A) 0-1:07 May 19:45 | GW37:NOR(A) 0-4:12 May 15:00 | GW38:MUN(H) 5-5:19 May 16:00
14489,Danny Pugh,521,Danny Pugh,326,EXACT,Stoke City,2,2 3,84,-437,0,0,0,3,0,0,GW2:NOR(A) 1-1:21 Aug. 13:30 | GW3:WBA(A) 1-0:28 Aug. 15:00
1256,Damien Duff,1882,Damien Duff,130,EXACT,Fulham,37,1 2 3 4 5 6 7 8 9 10 11 12 13 14 15 16 17 18 19 20 21 22 23 24 25 26 27 28 30 31 32 33 34 35 36 37 38,2324,442,7,3,9,108,7,0,GW1:NOR(H) 5-0:18 Aug 15:00 | GW2:MUN(A) 2-3:25 Aug 15:00 | GW3:WHU(A) 0-3:01 Sep 12:45 | GW4:WBA(H) 3-0:15 Sep 15:00 | GW5:WIG(A) 2-1:22 Sep 15:00 | GW6:MCI(H) 1-2:29 Sep 15:00 | GW7:SOU(A) 2-2:07 Oct 13:30 | GW8:AVL(H) 1-0:20 Oct 15:00 | GW9:RDG(A) 3-3:27 Oct 15:00 | GW10:EVE(H) 2-2:03 Nov 15:00 | GW11:ARS(A) 3-3:10 Nov 15:00 | GW12:SUN(H) 1-3:18 Nov 16:00 | GW13:STK(A) 0-1:24 Nov 15:00 | GW14:CHE(A) 0-0:28 Nov 19:45 | GW15:TOT(H) 0-3:01 Dec 15:00 | GW16:NEW(H) 2-1:10 Dec 20:00 | GW17:QPR(A) 1-2:15 Dec 15:00 | GW18:LIV(A) 0-4:22 Dec 17:30 | GW19:SOU(H) 1-1:26 Dec 15:00 | GW20:SWA(H) 1-2:29 Dec 15:00 | GW21:WBA(A) 2-1:01 Jan 12:45 | GW22:WIG(H) 1-1:12 Jan 15:00 | GW23:MCI(A) 0-2:19 Jan 15:00 | GW24:WHU(H) 3-1:30 Jan 20:00 | GW25:MUN(H) 0-1:02 Feb 17:30 | GW26:NOR(A) 0-0:09 Feb 15:00 | GW27:STK(H) 1-0:23 Feb 12:45 | GW28:SUN(A) 2-2:02 Mar 15:00 | GW30:TOT(A) 1-0:17 Mar 15:00 | GW31:QPR(H) 3-2:01 Apr 20:00 | GW32:NEW(A) 0-1:07 Apr 15:00 | GW33:CHE(H) 0-3:17 Apr 20:00 | GW34:ARS(H) 0-1:20 Apr 15:00 | GW35:EVE(A) 0-1:27 Apr 15:00 | GW36:RDG(H) 2-4:04 May 15:00 | GW37:LIV(H) 1-3:12 May 15:00 | GW38:SWA(A) 3-0:19 May 16:00
15943,Thomas Vermaelen,450,Thomas Vermaelen,5,EXACT,Arsenal,12,1 2 3 4 5 6 7 8 9 10 20 30,899,449,0,0,4,36,4,1,GW1:SUN(H) 0-0:18 Aug 15:00 | GW2:STK(A) 0-0:26 Aug 13:30 | GW3:LIV(A) 2-0:02 Sep 13:30 | GW4:SOU(H) 6-1:15 Sep 15:00 | GW5:MCI(A) 1-1:23 Sep 16:00 | GW6:CHE(H) 1-2:29 Sep 12:45 | GW7:WHU(A) 3-1:06 Oct 17:30 | GW8:NOR(A) 0-1:20 Oct 17:30 | GW9:QPR(H) 1-0:27 Oct 15:00 | GW10:MUN(A) 1-2:03 Nov 12:45 | GW20:NEW(H) 7-3:29 Dec 17:30 | GW30:SWA(A) 2-0:16 Mar 15:00
15903,David Stockdale,630,David Stockdale,117,EXACT,Fulham,37,1 2 3 4 5 6 7 8 9 10 11 12 13 14 15 16 17 18 19 20 21 22 23 24 25 26 27 28 30 31 32 33 34 35 36 37 38,180,-450,0,0,0,5,0,0,GW1:NOR(H) 5-0:18 Aug 15:00 | GW2:MUN(A) 2-3:25 Aug 15:00 | GW3:WHU(A) 0-3:01 Sep 12:45 | GW4:WBA(H) 3-0:15 Sep 15:00 | GW5:WIG(A) 2-1:22 Sep 15:00 | GW6:MCI(H) 1-2:29 Sep 15:00 | GW7:SOU(A) 2-2:07 Oct 13:30 | GW8:AVL(H) 1-0:20 Oct 15:00 | GW9:RDG(A) 3-3:27 Oct 15:00 | GW10:EVE(H) 2-2:03 Nov 15:00 | GW11:ARS(A) 3-3:10 Nov 15:00 | GW12:SUN(H) 1-3:18 Nov 16:00 | GW13:STK(A) 0-1:24 Nov 15:00 | GW14:CHE(A) 0-0:28 Nov 19:45 | GW15:TOT(H) 0-3:01 Dec 15:00 | GW16:NEW(H) 2-1:10 Dec 20:00 | GW17:QPR(A) 1-2:15 Dec 15:00 | GW18:LIV(A) 0-4:22 Dec 17:30 | GW19:SOU(H) 1-1:26 Dec 15:00 | GW20:SWA(H) 1-2:29 Dec 15:00 | GW21:WBA(A) 2-1:01 Jan 12:45 | GW22:WIG(H) 1-1:12 Jan 15:00 | GW23:MCI(A) 0-2:19 Jan 15:00 | GW24:WHU(H) 3-1:30 Jan 20:00 | GW25:MUN(H) 0-1:02 Feb 17:30 | GW26:NOR(A) 0-0:09 Feb 15:00 | GW27:STK(H) 1-0:23 Feb 12:45 | GW28:SUN(A) 2-2:02 Mar 15:00 | GW30:TOT(A) 1-0:17 Mar 15:00 | GW31:QPR(H) 3-2:01 Apr 20:00 | GW32:NEW(A) 0-1:07 Apr 15:00 | GW33:CHE(H) 0-3:17 Apr 20:00 | GW34:ARS(H) 0-1:20 Apr 15:00 | GW35:EVE(A) 0-1:27 Apr 15:00 | GW36:RDG(H) 2-4:04 May 15:00 | GW37:LIV(H) 1-3:12 May 15:00 | GW38:SWA(A) 3-0:19 May 16:00
10135,Tomasz Kuszczak,450,Tomasz Kuszczak,205,EXACT,Man Utd,1,33,0,-450,0,0,0,0,0,0,GW33:WIG(A) 0-1:11 April 19:45
50471,James McArthur,542,James McArthur,443,EXACT,Wigan,1,33,90,-452,0,0,0,3,1,0,GW33:MUN(H) 1-0:11 April 19:45
41106,Milan Jovanovic,461,Milan Jovanovic,182,EXACT,Liverpool,1,29,0,-461,0,0,0,0,0,0,GW29:QPR(A) 2-3:21 March 20:00
10451,Jermaine Jenas,1320,Jermaine Jenas,455,EXACT,QPR,38,1 2 3 4 5 6 7 8 9 10 11 12 13 14 15 16 17 18 19 20 21 22 23 24 25 26 27 28 29 30 31 32 33 34 35 36 37 38,828,-492,0,2,1,32,1,1,GW1:NEW(A) 1-2:18 Aug 17:30 | GW2:WBA(H) 1-1:25 Aug 15:00 | GW3:NOR(H) 1-1:01 Sep 15:00 | GW4:RDG(A) 3-1:16 Sep 16:00 | GW5:QPR(H) 2-1:23 Sep 16:00 | GW6:MUN(A) 3-2:29 Sep 17:30 | GW7:AVL(H) 2-0:07 Oct 15:00 | GW8:CHE(H) 2-4:20 Oct 12:45 | GW9:SOU(A) 2-1:28 Oct 15:00 | GW10:WIG(H) 0-1:03 Nov 15:00 | GW11:MCI(A) 1-2:11 Nov 13:30 | GW12:ARS(A) 2-5:17 Nov 12:45 | GW13:WHU(H) 3-1:25 Nov 16:00 | GW14:LIV(H) 2-1:28 Nov 19:45 | GW15:FUL(A) 3-0:01 Dec 15:00 | GW16:EVE(A) 1-2:09 Dec 15:00 | GW17:SWA(H) 1-0:16 Dec 13:30 | GW18:STK(H) 0-0:22 Dec 15:00 | GW19:AVL(A) 4-0:26 Dec 17:30 | GW20:SUN(A) 2-1:29 Dec 12:45 | GW21:RDG(H) 3-1:01 Jan 15:00 | GW22:QPR(A) 0-0:12 Jan 12:45 | GW23:MUN(H) 1-1:20 Jan 16:00 | GW24:NOR(A) 1-1:30 Jan 19:45 | GW25:NOR(H) 0-0:02 Feb 12:45 | GW26:SWA(A) 1-4:09 Feb 15:00 | GW27:MUN(H) 0-2:23 Feb 15:00 | GW28:SOU(A) 2-1:02 Mar 15:00 | GW29:SUN(H) 3-1:09 Mar 15:00 | GW30:AVL(A) 2-3:16 Mar 15:00 | GW31:FUL(A) 2-3:01 Apr 20:00 | GW32:WIG(H) 1-1:07 Apr 16:10 | GW33:EVE(A) 0-2:13 Apr 15:00 | GW34:STK(H) 0-2:20 Apr 15:00 | GW35:RDG(A) 0-0:28 Apr 13:30 | GW36:ARS(H) 0-1:04 May 17:30 | GW37:NEW(H) 1-2:12 May 15:00 | GW38:LIV(A) 0-1:19 May 16:00
1934,Ledley King,494,Ledley King,386,EXACT,Tottenham,1,2,0,-494,0,0,0,0,0,0,GW2:MUN(A) 0-3:22 Aug. 20:00
1934,Ledley King,494,Ledley King,434,EXACT,Tottenham,37,1 2 3 4 5 6 7 8 9 10 11 12 13 14 15 16 17 18 19 20 21 22 23 24 25 26 27 28 29 30 31 32 34 35 36 37 38,0,-494,0,0,0,0,0,0,GW1:NEW(A) 1-2:18 Aug 17:30 | GW2:WBA(H) 1-1:25 Aug 15:00 | GW3:NOR(H) 1-1:01 Sep 15:00 | GW4:RDG(A) 3-1:16 Sep 16:00 | GW5:QPR(H) 2-1:23 Sep 16:00 | GW6:MUN(A) 3-2:29 Sep 17:30 | GW7:AVL(H) 2-0:07 Oct 15:00 | GW8:CHE(H) 2-4:20 Oct 12:45 | GW9:SOU(A) 2-1:28 Oct 15:00 | GW10:WIG(H) 0-1:03 Nov 15:00 | GW11:MCI(A) 1-2:11 Nov 13:30 | GW12:ARS(A) 2-5:17 Nov 12:45 | GW13:WHU(H) 3-1:25 Nov 16:00 | GW14:LIV(H) 2-1:28 Nov 19:45 | GW15:FUL(A) 3-0:01 Dec 15:00 | GW16:EVE(A) 1-2:09 Dec 15:00 | GW17:SWA(H) 1-0:16 Dec 13:30 | GW18:STK(H) 0-0:22 Dec 15:00 | GW19:AVL(A) 4-0:26 Dec 17:30 | GW20:SUN(A) 2-1:29 Dec 12:45 | GW21:RDG(H) 3-1:01 Jan 15:00 | GW22:QPR(A) 0-0:12 Jan 12:45 | GW23:MUN(H) 1-1:20 Jan 16:00 | GW24:NOR(A) 1-1:30 Jan 19:45 | GW25:WBA(A) 1-0:03 Feb 13:30 | GW26:NEW(H) 2-1:09 Feb 12:45 | GW27:WHU(A) 3-2:25 Feb 20:00 | GW28:ARS(H) 2-1:03 Mar 16:00 | GW29:LIV(A) 2-3:10 Mar 16:00 | GW30:FUL(H) 0-1:17 Mar 15:00 | GW31:SWA(A) 2-1:30 Mar 15:00 | GW32:EVE(H) 2-2:07 Apr 14:05 | GW34:MCI(H) 3-1:21 Apr 13:30 | GW35:WIG(A) 2-2:27 Apr 15:00 | GW36:CHE(A) 2-2:08 May 19:45 | GW37:STK(A) 2-1:12 May 13:30 | GW38:SUN(H) 1-0:19 May 16:00
11334,Petr Cech,3420,Petr Cech,63,EXACT,Chelsea,35,1 2 4 5 6 7 8 9 10 11 12 13 14 15 16 18 19 20 21 22 23 24 25 26 27 28 30 31 32 33 34 35 36 37 38,2925,-495,0,0,1,123,11,2,GW1:RDG(H) 4-2:22 Aug 19:45 | GW2:NEW(H) 2-0:25 Aug 17:30 | GW4:QPR(A) 0-0:15 Sep 15:00 | GW5:STK(H) 1-0:22 Sep 15:00 | GW6:ARS(A) 2-1:29 Sep 12:45 | GW7:NOR(H) 4-1:06 Oct 15:00 | GW8:TOT(A) 4-2:20 Oct 12:45 | GW9:MUN(H) 2-3:28 Oct 16:00 | GW10:SWA(A) 1-1:03 Nov 15:00 | GW11:LIV(H) 1-1:11 Nov 16:00 | GW12:WBA(A) 1-2:17 Nov 15:00 | GW13:MCI(H) 0-0:25 Nov 16:00 | GW14:FUL(H) 0-0:28 Nov 19:45 | GW15:WHU(A) 1-3:01 Dec 12:45 | GW16:SUN(A) 3-1:08 Dec 15:00 | GW18:AVL(H) 8-0:23 Dec 16:00 | GW19:NOR(A) 1-0:26 Dec 15:00 | GW20:EVE(A) 2-1:30 Dec 13:30 | GW21:QPR(H) 0-1:02 Jan 19:45 | GW22:SOU(H) 2-2:16 Jan 19:45 | GW23:ARS(H) 2-1:20 Jan 13:30 | GW24:RDG(A) 2-2:30 Jan 20:00 | GW25:NEW(A) 2-3:02 Feb 15:00 | GW26:WIG(H) 4-1:09 Feb 15:00 | GW27:MCI(A) 0-2:24 Feb 13:30 | GW28:WBA(H) 1-0:02 Mar 15:00 | GW30:WHU(H) 2-0:17 Mar 16:00 | GW31:SOU(A) 1-2:30 Mar 15:00 | GW32:SUN(H) 2-1:07 Apr 15:00 | GW33:FUL(A) 3-0:17 Apr 20:00 | GW34:LIV(A) 2-2:21 Apr 16:00 | GW35:SWA(H) 2-0:28 Apr 15:00 | GW36:TOT(H) 2-2:08 May 19:45 | GW37:AVL(A) 2-1:11 May 12:45 | GW38:EVE(H) 2-1:19 May 16:00
27697,Nicklas Bendtner,495,Nicklas Bendtner,31,EXACT,Arsenal,18,1 2 3 4 5 6 7 8 9 10 12 13 20 22 23 30 32 33,0,-495,0,0,0,0,0,0,GW1:SUN(H) 0-0:18 Aug 15:00 | GW2:STK(A) 0-0:26 Aug 13:30 | GW3:LIV(A) 2-0:02 Sep 13:30 | GW4:SOU(H) 6-1:15 Sep 15:00 | GW5:MCI(A) 1-1:23 Sep 16:00 | GW6:CHE(H) 1-2:29 Sep 12:45 | GW7:WHU(A) 3-1:06 Oct 17:30 | GW8:NOR(A) 0-1:20 Oct 17:30 | GW9:QPR(H) 1-0:27 Oct 15:00 | GW10:MUN(A) 1-2:03 Nov 12:45 | GW12:TOT(H) 5-2:17 Nov 12:45 | GW13:AVL(A) 0-0:24 Nov 17:30 | GW20:NEW(H) 7-3:29 Dec 17:30 | GW22:MCI(H) 0-2:13 Jan 16:00 | GW23:WHU(H) 5-1:23 Jan 19:45 | GW30:SWA(A) 2-0:16 Mar 15:00 | GW32:WBA(A) 2-1:06 Apr 15:00 | GW33:EVE(H) 0-0:16 Apr 19:45
27450,Gabriel Agbonlahor,1603,Gabriel Agbonlahor,60,EXACT,Aston Villa,21,1 2 3 4 5 6 7 8 9 10 11 12 13 20 21 22 23 30 31 32 33,1105,-498,2,4,8,54,3,2,GW1:WHU(A) 0-1:18 Aug 15:00 | GW2:EVE(H) 1-3:25 Aug 15:00 | GW3:NEW(A) 1-1:02 Sep 16:00 | GW4:SWA(H) 2-0:15 Sep 15:00 | GW5:SOU(A) 1-4:22 Sep 15:00 | GW6:WBA(H) 1-1:30 Sep 16:00 | GW7:TOT(A) 0-2:07 Oct 15:00 | GW8:FUL(A) 0-1:20 Oct 15:00 | GW9:NOR(H) 1-1:27 Oct 12:45 | GW10:SUN(A) 1-0:03 Nov 15:00 | GW11:MUN(H) 2-3:10 Nov 17:30 | GW12:MCI(A) 0-5:17 Nov 15:00 | GW13:ARS(H) 0-0:24 Nov 17:30 | GW20:WIG(H) 0-3:29 Dec 15:00 | GW21:SWA(A) 2-2:01 Jan 15:00 | GW22:SOU(H) 0-1:12 Jan 15:00 | GW23:WBA(A) 2-2:19 Jan 17:30 | GW30:QPR(H) 3-2:16 Mar 15:00 | GW31:LIV(H) 1-2:31 Mar 13:30 | GW32:STK(A) 3-1:06 Apr 15:00 | GW33:FUL(H) 1-1:13 Apr 15:00
15157,James Milner,2134,James Milner,187,EXACT,Man City,37,1 2 3 4 5 6 7 8 9 10 11 12 13 14 15 16 17 18 19 20 21 22 23 24 25 26 27 28 30 31 32 33 34 35 36 37 38,1634,-500,4,4,14,93,10,1,GW1:SOU(H) 3-2:19 Aug 16:00 | GW2:LIV(A) 2-2:26 Aug 16:00 | GW3:QPR(H) 3-1:01 Sep 17:30 | GW4:STK(A) 1-1:15 Sep 15:00 | GW5:ARS(H) 1-1:23 Sep 16:00 | GW6:FUL(A) 2-1:29 Sep 15:00 | GW7:SUN(H) 3-0:06 Oct 12:45 | GW8:WBA(A) 2-1:20 Oct 15:00 | GW9:SWA(H) 1-0:27 Oct 17:30 | GW10:WHU(A) 0-0:03 Nov 17:30 | GW11:TOT(H) 2-1:11 Nov 13:30 | GW12:AVL(H) 5-0:17 Nov 15:00 | GW13:CHE(A) 0-0:25 Nov 16:00 | GW14:WIG(A) 2-0:28 Nov 20:00 | GW15:EVE(H) 1-1:01 Dec 15:00 | GW16:MUN(H) 2-3:09 Dec 13:30 | GW17:NEW(A) 3-1:15 Dec 12:45 | GW18:RDG(H) 1-0:22 Dec 15:00 | GW19:SUN(A) 0-1:26 Dec 15:00 | GW20:NOR(A) 4-3:29 Dec 15:00 | GW21:STK(H) 3-0:01 Jan 15:00 | GW22:ARS(A) 2-0:13 Jan 16:00 | GW23:FUL(H) 2-0:19 Jan 15:00 | GW24:QPR(A) 0-0:29 Jan 19:45 | GW25:LIV(H) 2-2:03 Feb 16:00 | GW26:SOU(A) 1-3:09 Feb 17:30 | GW27:CHE(H) 2-0:24 Feb 13:30 | GW28:AVL(A) 1-0:04 Mar 20:00 | GW30:EVE(A) 0-2:16 Mar 12:45 | GW31:NEW(H) 4-0:30 Mar 15:00 | GW32:MUN(A) 2-1:08 Apr 20:00 | GW33:WIG(H) 1-0:17 Apr 19:45 | GW34:TOT(A) 1-3:21 Apr 13:30 | GW35:WHU(H) 2-1:27 Apr 12:45 | GW36:WBA(H) 1-0:07 May 19:45 | GW37:RDG(A) 2-0:14 May 20:00 | GW38:NOR(H) 2-3:19 May 16:00
42493,Mario Balotelli,1091,Mario Balotelli,191,EXACT,Man City,37,1 2 3 4 5 6 7 8 9 10 11 12 13 14 15 16 17 18 19 20 21 22 23 24 25 26 27 28 30 31 32 33 34 35 36 37 38,591,-500,1,1,3,27,3,2,GW1:SOU(H) 3-2:19 Aug 16:00 | GW2:LIV(A) 2-2:26 Aug 16:00 | GW3:QPR(H) 3-1:01 Sep 17:30 | GW4:STK(A) 1-1:15 Sep 15:00 | GW5:ARS(H) 1-1:23 Sep 16:00 | GW6:FUL(A) 2-1:29 Sep 15:00 | GW7:SUN(H) 3-0:06 Oct 12:45 | GW8:WBA(A) 2-1:20 Oct 15:00 | GW9:SWA(H) 1-0:27 Oct 17:30 | GW10:WHU(A) 0-0:03 Nov 17:30 | GW11:TOT(H) 2-1:11 Nov 13:30 | GW12:AVL(H) 5-0:17 Nov 15:00 | GW13:CHE(A) 0-0:25 Nov 16:00 | GW14:WIG(A) 2-0:28 Nov 20:00 | GW15:EVE(H) 1-1:01 Dec 15:00 | GW16:MUN(H) 2-3:09 Dec 13:30 | GW17:NEW(A) 3-1:15 Dec 12:45 | GW18:RDG(H) 1-0:22 Dec 15:00 | GW19:SUN(A) 0-1:26 Dec 15:00 | GW20:NOR(A) 4-3:29 Dec 15:00 | GW21:STK(H) 3-0:01 Jan 15:00 | GW22:ARS(A) 2-0:13 Jan 16:00 | GW23:FUL(H) 2-0:19 Jan 15:00 | GW24:QPR(A) 0-0:29 Jan 19:45 | GW25:LIV(H) 2-2:03 Feb 16:00 | GW26:SOU(A) 1-3:09 Feb 17:30 | GW27:CHE(H) 2-0:24 Feb 13:30 | GW28:AVL(A) 1-0:04 Mar 20:00 | GW30:EVE(A) 0-2:16 Mar 12:45 | GW31:NEW(H) 4-0:30 Mar 15:00 | GW32:MUN(A) 2-1:08 Apr 20:00 | GW33:WIG(H) 1-0:17 Apr 19:45 | GW34:TOT(A) 1-3:21 Apr 13:30 | GW35:WHU(H) 2-1:27 Apr 12:45 | GW36:WBA(H) 1-0:07 May 19:45 | GW37:RDG(A) 2-0:14 May 20:00 | GW38:NOR(H) 2-3:19 May 16:00
3,Ryan Giggs,1678,Ryan Giggs,209,EXACT,Man Utd,37,1 2 3 4 5 6 7 8 9 10 11 12 13 14 15 16 17 18 19 20 21 22 23 24 25 26 27 28 30 31 32 33 34 35 36 37 38,1168,-510,3,2,7,65,6,0,GW1:EVE(A) 0-1:20 Aug 20:00 | GW2:FUL(H) 3-2:25 Aug 15:00 | GW3:SOU(A) 3-2:02 Sep 16:00 | GW4:WIG(H) 4-0:15 Sep 15:00 | GW5:LIV(A) 2-1:23 Sep 13:30 | GW6:TOT(H) 2-3:29 Sep 17:30 | GW7:NEW(A) 3-0:07 Oct 16:00 | GW8:STK(H) 4-2:20 Oct 15:00 | GW9:CHE(A) 3-2:28 Oct 16:00 | GW10:ARS(H) 2-1:03 Nov 12:45 | GW11:AVL(A) 3-2:10 Nov 17:30 | GW12:NOR(A) 0-1:17 Nov 17:30 | GW13:QPR(H) 3-1:24 Nov 15:00 | GW14:WHU(H) 1-0:28 Nov 20:00 | GW15:RDG(A) 4-3:01 Dec 17:30 | GW16:MCI(A) 3-2:09 Dec 13:30 | GW17:SUN(H) 3-1:15 Dec 15:00 | GW18:SWA(A) 1-1:23 Dec 13:30 | GW19:NEW(H) 4-3:26 Dec 15:00 | GW20:WBA(H) 2-0:29 Dec 15:00 | GW21:WIG(A) 4-0:01 Jan 15:00 | GW22:LIV(H) 2-1:13 Jan 13:30 | GW23:TOT(A) 1-1:20 Jan 16:00 | GW24:SOU(H) 2-1:30 Jan 20:00 | GW25:FUL(A) 1-0:02 Feb 17:30 | GW26:EVE(H) 2-0:10 Feb 16:00 | GW27:QPR(A) 2-0:23 Feb 15:00 | GW28:NOR(H) 4-0:02 Mar 15:00 | GW30:RDG(H) 1-0:16 Mar 17:30 | GW31:SUN(A) 1-0:30 Mar 12:45 | GW32:MCI(H) 1-2:08 Apr 20:00 | GW33:WHU(A) 2-2:17 Apr 19:45 | GW34:AVL(H) 3-0:22 Apr 20:00 | GW35:ARS(A) 1-1:28 Apr 16:00 | GW36:CHE(H) 0-1:05 May 16:00 | GW37:SWA(H) 2-1:12 May 16:00 | GW38:WBA(A) 5-5:19 May 16:00
28468,Craig Gardner,2219,Craig Gardner,396,EXACT,Sunderland,37,1 3 4 5 6 7 8 9 10 11 12 13 14 15 16 17 18 19 20 21 22 23 24 25 26 27 28 29 30 31 32 33 34 35 36 37 38,2738,519,2,6,8,103,9,9,GW1:ARS(A) 0-0:18 Aug 15:00 | GW3:SWA(A) 2-2:01 Sep 15:00 | GW4:LIV(H) 1-1:15 Sep 17:30 | GW5:WHU(A) 1-1:22 Sep 15:00 | GW6:WIG(H) 1-0:29 Sep 15:00 | GW7:MCI(A) 0-3:06 Oct 12:45 | GW8:NEW(H) 1-1:21 Oct 13:30 | GW9:STK(A) 0-0:27 Oct 15:00 | GW10:AVL(H) 0-1:03 Nov 15:00 | GW11:EVE(A) 1-2:10 Nov 15:00 | GW12:FUL(A) 3-1:18 Nov 16:00 | GW13:WBA(H) 2-4:24 Nov 12:45 | GW14:QPR(H) 0-0:27 Nov 19:45 | GW15:NOR(A) 1-2:02 Dec 16:00 | GW16:RDG(H) 3-0:11 Dec 19:45 | GW17:MUN(A) 1-3:15 Dec 15:00 | GW18:SOU(A) 1-0:22 Dec 15:00 | GW19:MCI(H) 1-0:26 Dec 15:00 | GW20:TOT(H) 1-2:29 Dec 12:45 | GW21:LIV(A) 0-3:02 Jan 19:45 | GW22:WHU(H) 3-0:12 Jan 15:00 | GW23:WIG(A) 3-2:19 Jan 15:00 | GW24:SWA(H) 0-0:29 Jan 19:45 | GW25:RDG(A) 1-2:02 Feb 15:00 | GW26:ARS(H) 0-1:09 Feb 15:00 | GW27:WBA(A) 1-2:23 Feb 15:00 | GW28:FUL(H) 2-2:02 Mar 15:00 | GW29:QPR(A) 1-3:09 Mar 15:00 | GW30:NOR(H) 1-1:17 Mar 13:30 | GW31:MUN(H) 0-1:30 Mar 12:45 | GW32:CHE(A) 1-2:07 Apr 15:00 | GW33:NEW(A) 3-0:14 Apr 12:00 | GW34:EVE(H) 1-0:20 Apr 15:00 | GW35:AVL(A) 1-6:29 Apr 20:00 | GW36:STK(H) 1-1:06 May 20:00 | GW37:SOU(H) 1-1:12 May 15:00 | GW38:TOT(A) 0-1:19 May 16:00
2034,Rio Ferdinand,1710,Rio Ferdinand,202,EXACT,Man Utd,37,1 2 3 4 5 6 7 8 9 10 11 12 13 14 15 16 17 18 19 20 21 22 23 24 25 26 27 28 30 31 32 33 34 35 36 37 38,2232,522,2,1,6,86,7,2,GW1:EVE(A) 0-1:20 Aug 20:00 | GW2:FUL(H) 3-2:25 Aug 15:00 | GW3:SOU(A) 3-2:02 Sep 16:00 | GW4:WIG(H) 4-0:15 Sep 15:00 | GW5:LIV(A) 2-1:23 Sep 13:30 | GW6:TOT(H) 2-3:29 Sep 17:30 | GW7:NEW(A) 3-0:07 Oct 16:00 | GW8:STK(H) 4-2:20 Oct 15:00 | GW9:CHE(A) 3-2:28 Oct 16:00 | GW10:ARS(H) 2-1:03 Nov 12:45 | GW11:AVL(A) 3-2:10 Nov 17:30 | GW12:NOR(A) 0-1:17 Nov 17:30 | GW13:QPR(H) 3-1:24 Nov 15:00 | GW14:WHU(H) 1-0:28 Nov 20:00 | GW15:RDG(A) 4-3:01 Dec 17:30 | GW16:MCI(A) 3-2:09 Dec 13:30 | GW17:SUN(H) 3-1:15 Dec 15:00 | GW18:SWA(A) 1-1:23 Dec 13:30 | GW19:NEW(H) 4-3:26 Dec 15:00 | GW20:WBA(H) 2-0:29 Dec 15:00 | GW21:WIG(A) 4-0:01 Jan 15:00 | GW22:LIV(H) 2-1:13 Jan 13:30 | GW23:TOT(A) 1-1:20 Jan 16:00 | GW24:SOU(H) 2-1:30 Jan 20:00 | GW25:FUL(A) 1-0:02 Feb 17:30 | GW26:EVE(H) 2-0:10 Feb 16:00 | GW27:QPR(A) 2-0:23 Feb 15:00 | GW28:NOR(H) 4-0:02 Mar 15:00 | GW30:RDG(H) 1-0:16 Mar 17:30 | GW31:SUN(A) 1-0:30 Mar 12:45 | GW32:MCI(H) 1-2:08 Apr 20:00 | GW33:WHU(A) 2-2:17 Apr 19:45 | GW34:AVL(H) 3-0:22 Apr 20:00 | GW35:ARS(A) 1-1:28 Apr 16:00 | GW36:CHE(H) 0-1:05 May 16:00 | GW37:SWA(H) 2-1:12 May 16:00 | GW38:WBA(A) 5-5:19 May 16:00
58786,Martin Kelly,859,Martin Kelly,150,EXACT,Liverpool,37,1 2 3 4 5 6 7 8 9 10 11 12 13 14 15 16 17 18 19 20 21 22 23 24 25 26 28 29 30 31 32 33 34 35 36 37 38,335,-524,0,0,0,6,0,0,GW1:WBA(A) 0-3:18 Aug 15:00 | GW2:MCI(H) 2-2:26 Aug 16:00 | GW3:ARS(H) 0-2:02 Sep 13:30 | GW4:SUN(A) 1-1:15 Sep 17:30 | GW5:MUN(H) 1-2:23 Sep 13:30 | GW6:NOR(A) 5-2:29 Sep 15:00 | GW7:STK(H) 0-0:07 Oct 15:00 | GW8:RDG(H) 1-0:20 Oct 15:00 | GW9:EVE(A) 2-2:28 Oct 13:30 | GW10:NEW(H) 1-1:04 Nov 16:00 | GW11:CHE(A) 1-1:11 Nov 16:00 | GW12:WIG(H) 3-0:17 Nov 15:00 | GW13:SWA(A) 0-0:25 Nov 13:30 | GW14:TOT(A) 1-2:28 Nov 19:45 | GW15:SOU(H) 1-0:01 Dec 15:00 | GW16:WHU(A) 3-2:09 Dec 16:00 | GW17:AVL(H) 1-3:15 Dec 15:00 | GW18:FUL(H) 4-0:22 Dec 17:30 | GW19:STK(A) 1-3:26 Dec 19:45 | GW20:QPR(A) 3-0:30 Dec 16:00 | GW21:SUN(H) 3-0:02 Jan 19:45 | GW22:MUN(A) 1-2:13 Jan 13:30 | GW23:NOR(H) 5-0:19 Jan 15:00 | GW24:ARS(A) 2-2:30 Jan 19:45 | GW25:MCI(A) 2-2:03 Feb 16:00 | GW26:SWA(H) 5-0:17 Feb 15:00 | GW28:WIG(A) 4-0:02 Mar 17:30 | GW29:TOT(H) 3-2:10 Mar 16:00 | GW30:SOU(A) 1-3:16 Mar 15:00 | GW31:AVL(A) 2-1:31 Mar 13:30 | GW32:WHU(H) 0-0:07 Apr 13:30 | GW33:RDG(A) 0-0:13 Apr 15:00 | GW34:CHE(H) 2-2:21 Apr 16:00 | GW35:NEW(A) 6-0:27 Apr 17:30 | GW36:EVE(H) 0-0:05 May 13:30 | GW37:FUL(A) 3-1:12 May 15:00 | GW38:QPR(H) 1-0:19 May 16:00
1863,Jonathan Greening,528,Jonathan Greening,146,EXACT,Fulham,1,27,0,-528,0,0,0,0,0,0,GW27:WOL(H) 5-0:04 March 14:05
18008,James Morrison,2281,James Morrison,477,EXACT,West Brom,37,1 2 3 4 5 6 7 8 9 10 11 12 13 14 15 16 17 18 19 20 21 22 23 24 25 26 27 28 29 30 31 32 34 35 36 37 38,2811,530,8,5,12,132,8,4,GW1:LIV(H) 3-0:18 Aug 15:00 | GW2:TOT(A) 1-1:25 Aug 15:00 | GW3:EVE(H) 2-0:01 Sep 15:00 | GW4:FUL(A) 0-3:15 Sep 15:00 | GW5:RDG(H) 1-0:22 Sep 15:00 | GW6:AVL(A) 1-1:30 Sep 16:00 | GW7:QPR(H) 3-2:06 Oct 15:00 | GW8:MCI(H) 1-2:20 Oct 15:00 | GW9:NEW(A) 1-2:28 Oct 15:00 | GW10:SOU(H) 2-0:05 Nov 20:00 | GW11:WIG(A) 2-1:10 Nov 15:00 | GW12:CHE(H) 2-1:17 Nov 15:00 | GW13:SUN(A) 4-2:24 Nov 12:45 | GW14:SWA(A) 1-3:28 Nov 19:45 | GW15:STK(H) 0-1:01 Dec 15:00 | GW16:ARS(A) 0-2:08 Dec 15:00 | GW17:WHU(H) 0-0:16 Dec 16:00 | GW18:NOR(H) 2-1:22 Dec 15:00 | GW19:QPR(A) 2-1:26 Dec 15:00 | GW20:MUN(A) 0-2:29 Dec 15:00 | GW21:FUL(H) 1-2:01 Jan 12:45 | GW22:RDG(A) 2-3:12 Jan 15:00 | GW23:AVL(H) 2-2:19 Jan 17:30 | GW24:EVE(A) 1-2:30 Jan 19:45 | GW25:TOT(H) 0-1:03 Feb 13:30 | GW26:LIV(A) 2-0:11 Feb 20:00 | GW27:SUN(H) 2-1:23 Feb 15:00 | GW28:CHE(A) 0-1:02 Mar 15:00 | GW29:SWA(H) 2-1:09 Mar 15:00 | GW30:STK(A) 0-0:16 Mar 15:00 | GW31:WHU(A) 1-3:30 Mar 15:00 | GW32:ARS(H) 1-2:06 Apr 15:00 | GW34:NEW(H) 1-1:20 Apr 15:00 | GW35:SOU(A) 3-0:27 Apr 15:00 | GW36:MCI(A) 0-1:07 May 19:45 | GW37:NOR(A) 0-4:12 May 15:00 | GW38:MUN(H) 5-5:19 May 16:00
19718,Ryan Nelsen,2414,Ryan Nelsen,287,EXACT,QPR,38,1 2 3 4 5 6 7 8 9 10 11 12 13 14 15 16 17 18 19 20 21 22 23 24 25 26 27 28 29 30 31 32 33 34 35 36 37 38,1882,-532,0,1,9,69,5,0,GW1:SWA(H) 0-5:18 Aug 15:00 | GW2:NOR(A) 1-1:25 Aug 15:00 | GW3:MCI(A) 1-3:01 Sep 17:30 | GW4:CHE(H) 0-0:15 Sep 15:00 | GW5:TOT(A) 1-2:23 Sep 16:00 | GW6:WHU(H) 1-2:01 Oct 20:00 | GW7:WBA(A) 2-3:06 Oct 15:00 | GW8:EVE(H) 1-1:21 Oct 16:00 | GW9:ARS(A) 0-1:27 Oct 15:00 | GW10:RDG(H) 1-1:04 Nov 13:30 | GW11:STK(A) 0-1:10 Nov 15:00 | GW12:SOU(H) 1-3:17 Nov 15:00 | GW13:MUN(A) 1-3:24 Nov 15:00 | GW14:SUN(A) 0-0:27 Nov 19:45 | GW15:AVL(H) 1-1:01 Dec 15:00 | GW16:WIG(A) 2-2:08 Dec 15:00 | GW17:FUL(H) 2-1:15 Dec 15:00 | GW18:NEW(A) 0-1:22 Dec 15:00 | GW19:WBA(H) 1-2:26 Dec 15:00 | GW20:LIV(H) 0-3:30 Dec 16:00 | GW21:CHE(A) 1-0:02 Jan 19:45 | GW22:TOT(H) 0-0:12 Jan 12:45 | GW23:WHU(A) 1-1:19 Jan 15:00 | GW24:MCI(H) 0-0:29 Jan 19:45 | GW25:NOR(H) 0-0:02 Feb 12:45 | GW26:SWA(A) 1-4:09 Feb 15:00 | GW27:MUN(H) 0-2:23 Feb 15:00 | GW28:SOU(A) 2-1:02 Mar 15:00 | GW29:SUN(H) 3-1:09 Mar 15:00 | GW30:AVL(A) 2-3:16 Mar 15:00 | GW31:FUL(A) 2-3:01 Apr 20:00 | GW32:WIG(H) 1-1:07 Apr 16:10 | GW33:EVE(A) 0-2:13 Apr 15:00 | GW34:STK(H) 0-2:20 Apr 15:00 | GW35:RDG(A) 0-0:28 Apr 13:30 | GW36:ARS(H) 0-1:04 May 17:30 | GW37:NEW(H) 1-2:12 May 15:00 | GW38:LIV(A) 0-1:19 May 16:00
19958,David Wheater,535,David Wheater,72,EXACT,Bolton,1,17,0,-535,0,0,0,0,0,0,GW17:BLA(A) 2-1:20 Dec. 20:00
61538,Callum McManaman,12,Callum McManaman,528,EXACT,Wigan,37,1 2 3 4 5 6 7 8 9 10 11 12 13 14 15 16 17 18 19 20 21 22 23 24 25 26 27 28 30 31 32 33 34 35 36 37 38,551,539,2,1,2,35,2,0,GW1:CHE(H) 0-2:19 Aug 13:30 | GW2:SOU(A) 2-0:25 Aug 15:00 | GW3:STK(H) 2-2:01 Sep 15:00 | GW4:MUN(A) 0-4:15 Sep 15:00 | GW5:FUL(H) 1-2:22 Sep 15:00 | GW6:SUN(A) 0-1:29 Sep 15:00 | GW7:EVE(H) 2-2:06 Oct 15:00 | GW8:SWA(A) 1-2:20 Oct 15:00 | GW9:WHU(H) 2-1:27 Oct 15:00 | GW10:TOT(A) 1-0:03 Nov 15:00 | GW11:WBA(H) 1-2:10 Nov 15:00 | GW12:LIV(A) 0-3:17 Nov 15:00 | GW13:RDG(H) 3-2:24 Nov 15:00 | GW14:MCI(H) 0-2:28 Nov 20:00 | GW15:NEW(A) 0-3:03 Dec 20:00 | GW16:QPR(H) 2-2:08 Dec 15:00 | GW17:NOR(A) 1-2:15 Dec 15:00 | GW18:ARS(H) 0-1:22 Dec 12:45 | GW19:EVE(A) 1-2:26 Dec 15:00 | GW20:AVL(A) 3-0:29 Dec 15:00 | GW21:MUN(H) 0-4:01 Jan 15:00 | GW22:FUL(A) 1-1:12 Jan 15:00 | GW23:SUN(H) 2-3:19 Jan 15:00 | GW24:STK(A) 2-2:29 Jan 19:45 | GW25:SOU(H) 2-2:02 Feb 15:00 | GW26:CHE(A) 1-4:09 Feb 15:00 | GW27:RDG(A) 3-0:23 Feb 15:00 | GW28:LIV(H) 0-4:02 Mar 17:30 | GW30:NEW(H) 2-1:17 Mar 16:00 | GW31:NOR(H) 1-0:30 Mar 15:00 | GW32:QPR(A) 1-1:07 Apr 16:10 | GW33:MCI(A) 0-1:17 Apr 19:45 | GW34:WHU(A) 0-2:20 Apr 15:00 | GW35:TOT(H) 2-2:27 Apr 15:00 | GW36:SWA(H) 2-3:07 May 19:45 | GW37:ARS(A) 1-4:14 May 19:45 | GW38:AVL(H) 2-2:19 May 16:00
12086,Boaz Myhill,540,Boaz Myhill,408,EXACT,West Brom,2,27 33,0,-540,0,0,0,0,0,0,GW27:CHE(H) 1-0:03 March 15:00 | GW33:MCI(A) 0-4:11 April 19:45
50232,Jonjo Shelvey,321,Jonjo Shelvey,158,EXACT,Liverpool,37,1 2 3 4 5 6 7 8 9 10 11 12 13 14 15 16 17 18 19 20 21 22 23 24 25 26 28 29 30 31 32 33 34 35 36 37 38,864,543,0,0,0,21,2,3,GW1:WBA(A) 0-3:18 Aug 15:00 | GW2:MCI(H) 2-2:26 Aug 16:00 | GW3:ARS(H) 0-2:02 Sep 13:30 | GW4:SUN(A) 1-1:15 Sep 17:30 | GW5:MUN(H) 1-2:23 Sep 13:30 | GW6:NOR(A) 5-2:29 Sep 15:00 | GW7:STK(H) 0-0:07 Oct 15:00 | GW8:RDG(H) 1-0:20 Oct 15:00 | GW9:EVE(A) 2-2:28 Oct 13:30 | GW10:NEW(H) 1-1:04 Nov 16:00 | GW11:CHE(A) 1-1:11 Nov 16:00 | GW12:WIG(H) 3-0:17 Nov 15:00 | GW13:SWA(A) 0-0:25 Nov 13:30 | GW14:TOT(A) 1-2:28 Nov 19:45 | GW15:SOU(H) 1-0:01 Dec 15:00 | GW16:WHU(A) 3-2:09 Dec 16:00 | GW17:AVL(H) 1-3:15 Dec 15:00 | GW18:FUL(H) 4-0:22 Dec 17:30 | GW19:STK(A) 1-3:26 Dec 19:45 | GW20:QPR(A) 3-0:30 Dec 16:00 | GW21:SUN(H) 3-0:02 Jan 19:45 | GW22:MUN(A) 1-2:13 Jan 13:30 | GW23:NOR(H) 5-0:19 Jan 15:00 | GW24:ARS(A) 2-2:30 Jan 19:45 | GW25:MCI(A) 2-2:03 Feb 16:00 | GW26:SWA(H) 5-0:17 Feb 15:00 | GW28:WIG(A) 4-0:02 Mar 17:30 | GW29:TOT(H) 3-2:10 Mar 16:00 | GW30:SOU(A) 1-3:16 Mar 15:00 | GW31:AVL(A) 2-1:31 Mar 13:30 | GW32:WHU(H) 0-0:07 Apr 13:30 | GW33:RDG(A) 0-0:13 Apr 15:00 | GW34:CHE(H) 2-2:21 Apr 16:00 | GW35:NEW(A) 6-0:27 Apr 17:30 | GW36:EVE(H) 0-0:05 May 13:30 | GW37:FUL(A) 3-1:12 May 15:00 | GW38:QPR(H) 1-0:19 May 16:00
8595,Dimitar Berbatov,2210,Dimitar Berbatov,219,EXACT,Fulham,37,1 2 3 4 5 6 7 8 9 10 11 12 13 14 15 16 17 18 19 20 21 22 23 24 25 26 27 28 30 31 32 33 34 35 36 37 38,2754,544,4,15,28,161,7,1,GW1:EVE(A) 0-1:20 Aug 20:00 | GW2:FUL(H) 3-2:25 Aug 15:00 | GW3:WHU(A) 0-3:01 Sep 12:45 | GW4:WBA(H) 3-0:15 Sep 15:00 | GW5:WIG(A) 2-1:22 Sep 15:00 | GW6:MCI(H) 1-2:29 Sep 15:00 | GW7:SOU(A) 2-2:07 Oct 13:30 | GW8:AVL(H) 1-0:20 Oct 15:00 | GW9:RDG(A) 3-3:27 Oct 15:00 | GW10:EVE(H) 2-2:03 Nov 15:00 | GW11:ARS(A) 3-3:10 Nov 15:00 | GW12:SUN(H) 1-3:18 Nov 16:00 | GW13:STK(A) 0-1:24 Nov 15:00 | GW14:CHE(A) 0-0:28 Nov 19:45 | GW15:TOT(H) 0-3:01 Dec 15:00 | GW16:NEW(H) 2-1:10 Dec 20:00 | GW17:QPR(A) 1-2:15 Dec 15:00 | GW18:LIV(A) 0-4:22 Dec 17:30 | GW19:SOU(H) 1-1:26 Dec 15:00 | GW20:SWA(H) 1-2:29 Dec 15:00 | GW21:WBA(A) 2-1:01 Jan 12:45 | GW22:WIG(H) 1-1:12 Jan 15:00 | GW23:MCI(A) 0-2:19 Jan 15:00 | GW24:WHU(H) 3-1:30 Jan 20:00 | GW25:MUN(H) 0-1:02 Feb 17:30 | GW26:NOR(A) 0-0:09 Feb 15:00 | GW27:STK(H) 1-0:23 Feb 12:45 | GW28:SUN(A) 2-2:02 Mar 15:00 | GW30:TOT(A) 1-0:17 Mar 15:00 | GW31:QPR(H) 3-2:01 Apr 20:00 | GW32:NEW(A) 0-1:07 Apr 15:00 | GW33:CHE(H) 0-3:17 Apr 20:00 | GW34:ARS(H) 0-1:20 Apr 15:00 | GW35:EVE(A) 0-1:27 Apr 15:00 | GW36:RDG(H) 2-4:04 May 15:00 | GW37:LIV(H) 1-3:12 May 15:00 | GW38:SWA(A) 3-0:19 May 16:00
40660,Adam Hammill,544,Adam Hammil,466,FUZZY_STRICT,Wolves,1,33,0,-544,0,0,0,0,0,0,GW33:ARS(H) 0-3:11 April 19:45
4570,Bobby Zamora,758,Bobby Zamora,299,EXACT,QPR,38,1 2 3 4 5 6 7 8 9 10 11 12 13 14 15 16 17 18 19 20 21 22 23 24 25 26 27 28 29 30 31 32 33 34 35 36 37 38,1307,549,2,4,6,59,2,1,GW1:SWA(H) 0-5:18 Aug 15:00 | GW2:NOR(A) 1-1:25 Aug 15:00 | GW3:MCI(A) 1-3:01 Sep 17:30 | GW4:CHE(H) 0-0:15 Sep 15:00 | GW5:TOT(A) 1-2:23 Sep 16:00 | GW6:WHU(H) 1-2:01 Oct 20:00 | GW7:WBA(A) 2-3:06 Oct 15:00 | GW8:EVE(H) 1-1:21 Oct 16:00 | GW9:ARS(A) 0-1:27 Oct 15:00 | GW10:RDG(H) 1-1:04 Nov 13:30 | GW11:STK(A) 0-1:10 Nov 15:00 | GW12:SOU(H) 1-3:17 Nov 15:00 | GW13:MUN(A) 1-3:24 Nov 15:00 | GW14:SUN(A) 0-0:27 Nov 19:45 | GW15:AVL(H) 1-1:01 Dec 15:00 | GW16:WIG(A) 2-2:08 Dec 15:00 | GW17:FUL(H) 2-1:15 Dec 15:00 | GW18:NEW(A) 0-1:22 Dec 15:00 | GW19:WBA(H) 1-2:26 Dec 15:00 | GW20:LIV(H) 0-3:30 Dec 16:00 | GW21:CHE(A) 1-0:02 Jan 19:45 | GW22:TOT(H) 0-0:12 Jan 12:45 | GW23:WHU(A) 1-1:19 Jan 15:00 | GW24:MCI(H) 0-0:29 Jan 19:45 | GW25:NOR(H) 0-0:02 Feb 12:45 | GW26:SWA(A) 1-4:09 Feb 15:00 | GW27:MUN(H) 0-2:23 Feb 15:00 | GW28:SOU(A) 2-1:02 Mar 15:00 | GW29:SUN(H) 3-1:09 Mar 15:00 | GW30:AVL(A) 2-3:16 Mar 15:00 | GW31:FUL(A) 2-3:01 Apr 20:00 | GW32:WIG(H) 1-1:07 Apr 16:10 | GW33:EVE(A) 0-2:13 Apr 15:00 | GW34:STK(H) 0-2:20 Apr 15:00 | GW35:RDG(A) 0-0:28 Apr 13:30 | GW36:ARS(H) 0-1:04 May 17:30 | GW37:NEW(H) 1-2:12 May 15:00 | GW38:LIV(A) 0-1:19 May 16:00
3289,Matthew Taylor,1924,Matthew Taylor,498,EXACT,West Ham,36,1 2 3 4 5 6 7 8 9 10 11 12 13 14 15 16 17 18 20 21 22 23 24 25 26 27 28 30 31 32 33 34 35 36 37 38,1371,-553,4,1,3,60,5,2,GW1:AVL(H) 1-0:18 Aug 15:00 | GW2:SWA(A) 0-3:25 Aug 12:45 | GW3:FUL(H) 3-0:01 Sep 12:45 | GW4:NOR(A) 0-0:15 Sep 12:45 | GW5:SUN(H) 1-1:22 Sep 15:00 | GW6:QPR(A) 2-1:01 Oct 20:00 | GW7:ARS(H) 1-3:06 Oct 17:30 | GW8:SOU(H) 4-1:20 Oct 15:00 | GW9:WIG(A) 1-2:27 Oct 15:00 | GW10:MCI(H) 0-0:03 Nov 17:30 | GW11:NEW(A) 1-0:11 Nov 15:00 | GW12:STK(H) 1-1:19 Nov 20:00 | GW13:TOT(A) 1-3:25 Nov 16:00 | GW14:MUN(A) 0-1:28 Nov 20:00 | GW15:CHE(H) 3-1:01 Dec 12:45 | GW16:LIV(H) 2-3:09 Dec 16:00 | GW17:WBA(A) 0-0:16 Dec 16:00 | GW18:EVE(H) 1-2:22 Dec 15:00 | GW20:RDG(A) 0-1:29 Dec 15:00 | GW21:NOR(H) 2-1:01 Jan 15:00 | GW22:SUN(A) 0-3:12 Jan 15:00 | GW23:ARS(A) 1-5:23 Jan 19:45 | GW24:FUL(A) 1-3:30 Jan 20:00 | GW25:SWA(H) 1-0:02 Feb 15:00 | GW26:AVL(A) 1-2:10 Feb 13:30 | GW27:TOT(H) 2-3:25 Feb 20:00 | GW28:STK(A) 1-0:02 Mar 15:00 | GW30:CHE(A) 0-2:17 Mar 16:00 | GW31:WBA(H) 3-1:30 Mar 15:00 | GW32:LIV(A) 0-0:07 Apr 13:30 | GW33:MUN(H) 2-2:17 Apr 19:45 | GW34:WIG(H) 2-0:20 Apr 15:00 | GW35:MCI(A) 1-2:27 Apr 12:45 | GW36:NEW(H) 0-0:04 May 15:00 | GW37:EVE(A) 0-2:12 May 15:00 | GW38:RDG(H) 4-2:19 May 16:00
28301,Cheick Tioté,2304,Cheick Tiote,237,EXACT,Newcastle,38,1 2 3 4 5 6 7 8 9 10 11 12 13 14 15 16 17 18 19 20 21 22 23 24 25 26 27 28 29 30 31 32 33 34 35 36 37 38,1750,-554,1,0,0,38,2,7,GW1:TOT(H) 2-1:18 Aug 17:30 | GW2:CHE(A) 0-2:25 Aug 17:30 | GW3:AVL(H) 1-1:02 Sep 16:00 | GW4:EVE(A) 2-2:17 Sep 20:00 | GW5:NOR(H) 1-0:23 Sep 15:00 | GW6:RDG(A) 2-2:29 Sep 15:00 | GW7:MUN(H) 0-3:07 Oct 16:00 | GW8:SUN(A) 1-1:21 Oct 13:30 | GW9:WBA(H) 2-1:28 Oct 15:00 | GW10:LIV(A) 1-1:04 Nov 16:00 | GW11:WHU(H) 0-1:11 Nov 15:00 | GW12:SWA(H) 1-2:17 Nov 15:00 | GW13:SOU(A) 0-2:25 Nov 15:00 | GW14:STK(A) 1-2:28 Nov 19:45 | GW15:WIG(H) 3-0:03 Dec 20:00 | GW16:FUL(A) 1-2:10 Dec 20:00 | GW17:MCI(H) 1-3:15 Dec 12:45 | GW18:QPR(H) 1-0:22 Dec 15:00 | GW19:MUN(A) 3-4:26 Dec 15:00 | GW20:ARS(A) 3-7:29 Dec 17:30 | GW21:EVE(H) 1-2:02 Jan 20:00 | GW22:NOR(A) 0-0:12 Jan 15:00 | GW23:RDG(H) 1-2:19 Jan 15:00 | GW24:AVL(A) 2-1:29 Jan 19:45 | GW25:CHE(H) 3-2:02 Feb 15:00 | GW26:TOT(A) 1-2:09 Feb 12:45 | GW27:SOU(H) 4-2:24 Feb 13:30 | GW28:SWA(A) 0-1:02 Mar 15:00 | GW29:STK(H) 2-1:10 Mar 15:00 | GW30:WIG(A) 1-2:17 Mar 16:00 | GW31:MCI(A) 0-4:30 Mar 15:00 | GW32:FUL(H) 1-0:07 Apr 15:00 | GW33:SUN(H) 0-3:14 Apr 12:00 | GW34:WBA(A) 1-1:20 Apr 15:00 | GW35:LIV(H) 0-6:27 Apr 17:30 | GW36:WHU(A) 0-0:04 May 15:00 | GW37:QPR(A) 2-1:12 May 15:00 | GW38:ARS(H) 0-1:19 May 16:00
56239,Nile Ranger,562,Nile Ranger,628,EXACT,Newcastle,26,13 14 15 16 17 18 19 20 21 22 23 24 25 26 27 28 29 30 31 32 33 34 35 36 37 38,8,-554,0,0,0,2,0,0,GW13:SOU(A) 0-2:25 Nov 15:00 | GW14:STK(A) 1-2:28 Nov 19:45 | GW15:WIG(H) 3-0:03 Dec 20:00 | GW16:FUL(A) 1-2:10 Dec 20:00 | GW17:MCI(H) 1-3:15 Dec 12:45 | GW18:QPR(H) 1-0:22 Dec 15:00 | GW19:MUN(A) 3-4:26 Dec 15:00 | GW20:ARS(A) 3-7:29 Dec 17:30 | GW21:EVE(H) 1-2:02 Jan 20:00 | GW22:NOR(A) 0-0:12 Jan 15:00 | GW23:RDG(H) 1-2:19 Jan 15:00 | GW24:AVL(A) 2-1:29 Jan 19:45 | GW25:CHE(H) 3-2:02 Feb 15:00 | GW26:TOT(A) 1-2:09 Feb 12:45 | GW27:SOU(H) 4-2:24 Feb 13:30 | GW28:SWA(A) 0-1:02 Mar 15:00 | GW29:STK(H) 2-1:10 Mar 15:00 | GW30:WIG(A) 1-2:17 Mar 16:00 | GW31:MCI(A) 0-4:30 Mar 15:00 | GW32:FUL(H) 1-0:07 Apr 15:00 | GW33:SUN(H) 0-3:14 Apr 12:00 | GW34:WBA(A) 1-1:20 Apr 15:00 | GW35:LIV(H) 0-6:27 Apr 17:30 | GW36:WHU(A) 0-0:04 May 15:00 | GW37:QPR(A) 2-1:12 May 15:00 | GW38:ARS(H) 0-1:19 May 16:00
15154,Jean Makoun,554,Jean Makoun,47,EXACT,Aston Villa,12,1 2 3 4 5 6 7 8 9 10 20 30,0,-554,0,0,0,0,0,0,GW1:WHU(A) 0-1:18 Aug 15:00 | GW2:EVE(H) 1-3:25 Aug 15:00 | GW3:NEW(A) 1-1:02 Sep 16:00 | GW4:SWA(H) 2-0:15 Sep 15:00 | GW5:SOU(A) 1-4:22 Sep 15:00 | GW6:WBA(H) 1-1:30 Sep 16:00 | GW7:TOT(A) 0-2:07 Oct 15:00 | GW8:FUL(A) 0-1:20 Oct 15:00 | GW9:NOR(H) 1-1:27 Oct 12:45 | GW10:SUN(A) 1-0:03 Nov 15:00 | GW20:WIG(H) 0-3:29 Dec 15:00 | GW30:QPR(H) 3-2:16 Mar 15:00
11278,José Bosingwa,1261,Jose Bosingwa,558,EXACT,QPR,38,1 2 3 4 5 6 7 8 9 10 11 12 13 14 15 16 17 18 19 20 21 22 23 24 25 26 27 28 29 30 31 32 33 34 35 36 37 38,1824,563,1,0,0,46,3,2,GW1:SWA(H) 0-5:18 Aug 15:00 | GW2:NOR(A) 1-1:25 Aug 15:00 | GW3:MCI(A) 1-3:01 Sep 17:30 | GW4:CHE(H) 0-0:15 Sep 15:00 | GW5:TOT(A) 1-2:23 Sep 16:00 | GW6:WHU(H) 1-2:01 Oct 20:00 | GW7:WBA(A) 2-3:06 Oct 15:00 | GW8:EVE(H) 1-1:21 Oct 16:00 | GW9:ARS(A) 0-1:27 Oct 15:00 | GW10:RDG(H) 1-1:04 Nov 13:30 | GW11:STK(A) 0-1:10 Nov 15:00 | GW12:SOU(H) 1-3:17 Nov 15:00 | GW13:MUN(A) 1-3:24 Nov 15:00 | GW14:SUN(A) 0-0:27 Nov 19:45 | GW15:AVL(H) 1-1:01 Dec 15:00 | GW16:WIG(A) 2-2:08 Dec 15:00 | GW17:FUL(H) 2-1:15 Dec 15:00 | GW18:NEW(A) 0-1:22 Dec 15:00 | GW19:WBA(H) 1-2:26 Dec 15:00 | GW20:LIV(H) 0-3:30 Dec 16:00 | GW21:CHE(A) 1-0:02 Jan 19:45 | GW22:TOT(H) 0-0:12 Jan 12:45 | GW23:WHU(A) 1-1:19 Jan 15:00 | GW24:MCI(H) 0-0:29 Jan 19:45 | GW25:NOR(H) 0-0:02 Feb 12:45 | GW26:SWA(A) 1-4:09 Feb 15:00 | GW27:MUN(H) 0-2:23 Feb 15:00 | GW28:SOU(A) 2-1:02 Mar 15:00 | GW29:SUN(H) 3-1:09 Mar 15:00 | GW30:AVL(A) 2-3:16 Mar 15:00 | GW31:FUL(A) 2-3:01 Apr 20:00 | GW32:WIG(H) 1-1:07 Apr 16:10 | GW33:EVE(A) 0-2:13 Apr 15:00 | GW34:STK(H) 0-2:20 Apr 15:00 | GW35:RDG(A) 0-0:28 Apr 13:30 | GW36:ARS(H) 0-1:04 May 17:30 | GW37:NEW(H) 1-2:12 May 15:00 | GW38:LIV(A) 0-1:19 May 16:00
58771,Jack Colback,583,Jack Colback,348,EXACT,Sunderland,1,17,20,-563,0,0,0,1,0,0,GW17:QPR(A) 3-2:21 Dec. 20:00
3665,Fábio Aurélio,564,Fabio Aurelio,159,EXACT,Liverpool,1,27,0,-564,0,0,0,0,0,0,GW27:ARS(H) 1-2:03 March 12:45
37639,Danny Guthrie,951,Danny Guthrie,327,EXACT,Reading,36,1 4 5 6 7 8 9 10 11 12 13 14 15 16 17 18 19 20 21 22 23 24 25 26 27 28 29 30 31 32 33 34 35 36 37 38,1523,572,1,1,3,48,4,4,GW1:CHE(A) 2-4:22 Aug 19:45 | GW4:TOT(H) 1-3:16 Sep 16:00 | GW5:WBA(A) 0-1:22 Sep 15:00 | GW6:NEW(H) 2-2:29 Sep 15:00 | GW7:SWA(A) 2-2:06 Oct 15:00 | GW8:LIV(A) 0-1:20 Oct 15:00 | GW9:FUL(H) 3-3:27 Oct 15:00 | GW10:QPR(A) 1-1:04 Nov 13:30 | GW11:NOR(H) 0-0:10 Nov 15:00 | GW12:EVE(H) 2-1:17 Nov 15:00 | GW13:WIG(A) 2-3:24 Nov 15:00 | GW14:AVL(A) 0-1:27 Nov 20:00 | GW15:MUN(H) 3-4:01 Dec 17:30 | GW16:SUN(A) 0-3:11 Dec 19:45 | GW17:ARS(H) 2-5:17 Dec 20:00 | GW18:MCI(A) 0-1:22 Dec 15:00 | GW19:SWA(H) 0-0:26 Dec 15:00 | GW20:WHU(H) 1-0:29 Dec 15:00 | GW21:TOT(A) 1-3:01 Jan 15:00 | GW22:WBA(H) 3-2:12 Jan 15:00 | GW23:NEW(A) 2-1:19 Jan 15:00 | GW24:CHE(H) 2-2:30 Jan 20:00 | GW25:SUN(H) 2-1:02 Feb 15:00 | GW26:STK(A) 1-2:09 Feb 15:00 | GW27:WIG(H) 0-3:23 Feb 15:00 | GW28:EVE(A) 1-3:02 Mar 15:00 | GW29:AVL(H) 1-2:09 Mar 15:00 | GW30:MUN(A) 0-1:16 Mar 17:30 | GW31:ARS(A) 1-4:30 Mar 15:00 | GW32:SOU(H) 0-2:06 Apr 12:45 | GW33:LIV(H) 0-0:13 Apr 15:00 | GW34:NOR(A) 1-2:20 Apr 15:00 | GW35:QPR(H) 0-0:28 Apr 13:30 | GW36:FUL(A) 4-2:04 May 15:00 | GW37:MCI(H) 0-2:14 May 20:00 | GW38:WHU(A) 2-4:19 May 16:00
1840,Kieron Dyer,608,Kieron Dyer,487,EXACT,QPR,1,33,0,-608,0,0,0,0,0,0,GW33:SWA(H) 3-0:11 April 20:00
20658,Pablo Zabaleta,1945,Pablo Zabaleta,175,EXACT,Man City,37,1 2 3 4 5 6 7 8 9 10 11 12 13 14 15 16 17 18 19 20 21 22 23 24 25 26 27 28 30 31 32 33 34 35 36 37 38,2559,614,2,2,12,116,11,7,GW1:SOU(H) 3-2:19 Aug 16:00 | GW2:LIV(A) 2-2:26 Aug 16:00 | GW3:QPR(H) 3-1:01 Sep 17:30 | GW4:STK(A) 1-1:15 Sep 15:00 | GW5:ARS(H) 1-1:23 Sep 16:00 | GW6:FUL(A) 2-1:29 Sep 15:00 | GW7:SUN(H) 3-0:06 Oct 12:45 | GW8:WBA(A) 2-1:20 Oct 15:00 | GW9:SWA(H) 1-0:27 Oct 17:30 | GW10:WHU(A) 0-0:03 Nov 17:30 | GW11:TOT(H) 2-1:11 Nov 13:30 | GW12:AVL(H) 5-0:17 Nov 15:00 | GW13:CHE(A) 0-0:25 Nov 16:00 | GW14:WIG(A) 2-0:28 Nov 20:00 | GW15:EVE(H) 1-1:01 Dec 15:00 | GW16:MUN(H) 2-3:09 Dec 13:30 | GW17:NEW(A) 3-1:15 Dec 12:45 | GW18:RDG(H) 1-0:22 Dec 15:00 | GW19:SUN(A) 0-1:26 Dec 15:00 | GW20:NOR(A) 4-3:29 Dec 15:00 | GW21:STK(H) 3-0:01 Jan 15:00 | GW22:ARS(A) 2-0:13 Jan 16:00 | GW23:FUL(H) 2-0:19 Jan 15:00 | GW24:QPR(A) 0-0:29 Jan 19:45 | GW25:LIV(H) 2-2:03 Feb 16:00 | GW26:SOU(A) 1-3:09 Feb 17:30 | GW27:CHE(H) 2-0:24 Feb 13:30 | GW28:AVL(A) 1-0:04 Mar 20:00 | GW30:EVE(A) 0-2:16 Mar 12:45 | GW31:NEW(H) 4-0:30 Mar 15:00 | GW32:MUN(A) 2-1:08 Apr 20:00 | GW33:WIG(H) 1-0:17 Apr 19:45 | GW34:TOT(A) 1-3:21 Apr 13:30 | GW35:WHU(H) 2-1:27 Apr 12:45 | GW36:WBA(H) 1-0:07 May 19:45 | GW37:RDG(A) 2-0:14 May 20:00 | GW38:NOR(H) 2-3:19 May 16:00
42427,Kieran Gibbs,345,Kieran Gibbs,8,EXACT,Arsenal,15,1 2 3 4 5 6 7 8 9 10 13 20 23 30 33,960,615,3,0,2,51,5,0,GW1:SUN(H) 0-0:18 Aug 15:00 | GW2:STK(A) 0-0:26 Aug 13:30 | GW3:LIV(A) 2-0:02 Sep 13:30 | GW4:SOU(H) 6-1:15 Sep 15:00 | GW5:MCI(A) 1-1:23 Sep 16:00 | GW6:CHE(H) 1-2:29 Sep 12:45 | GW7:WHU(A) 3-1:06 Oct 17:30 | GW8:NOR(A) 0-1:20 Oct 17:30 | GW9:QPR(H) 1-0:27 Oct 15:00 | GW10:MUN(A) 1-2:03 Nov 12:45 | GW13:AVL(A) 0-0:24 Nov 17:30 | GW20:NEW(H) 7-3:29 Dec 17:30 | GW23:WHU(H) 5-1:23 Jan 19:45 | GW30:SWA(A) 2-0:16 Mar 15:00 | GW33:EVE(H) 0-0:16 Apr 19:45
91979,Jon Flanagan,621,Jon Flanagan,149,EXACT,Liverpool,37,1 2 3 4 5 6 7 8 9 10 11 12 13 14 15 16 17 18 19 20 21 22 23 24 25 26 28 29 30 31 32 33 34 35 36 37 38,0,-621,0,0,0,0,0,0,GW1:WBA(A) 0-3:18 Aug 15:00 | GW2:MCI(H) 2-2:26 Aug 16:00 | GW3:ARS(H) 0-2:02 Sep 13:30 | GW4:SUN(A) 1-1:15 Sep 17:30 | GW5:MUN(H) 1-2:23 Sep 13:30 | GW6:NOR(A) 5-2:29 Sep 15:00 | GW7:STK(H) 0-0:07 Oct 15:00 | GW8:RDG(H) 1-0:20 Oct 15:00 | GW9:EVE(A) 2-2:28 Oct 13:30 | GW10:NEW(H) 1-1:04 Nov 16:00 | GW11:CHE(A) 1-1:11 Nov 16:00 | GW12:WIG(H) 3-0:17 Nov 15:00 | GW13:SWA(A) 0-0:25 Nov 13:30 | GW14:TOT(A) 1-2:28 Nov 19:45 | GW15:SOU(H) 1-0:01 Dec 15:00 | GW16:WHU(A) 3-2:09 Dec 16:00 | GW17:AVL(H) 1-3:15 Dec 15:00 | GW18:FUL(H) 4-0:22 Dec 17:30 | GW19:STK(A) 1-3:26 Dec 19:45 | GW20:QPR(A) 3-0:30 Dec 16:00 | GW21:SUN(H) 3-0:02 Jan 19:45 | GW22:MUN(A) 1-2:13 Jan 13:30 | GW23:NOR(H) 5-0:19 Jan 15:00 | GW24:ARS(A) 2-2:30 Jan 19:45 | GW25:MCI(A) 2-2:03 Feb 16:00 | GW26:SWA(H) 5-0:17 Feb 15:00 | GW28:WIG(A) 4-0:02 Mar 17:30 | GW29:TOT(H) 3-2:10 Mar 16:00 | GW30:SOU(A) 1-3:16 Mar 15:00 | GW31:AVL(A) 2-1:31 Mar 13:30 | GW32:WHU(H) 0-0:07 Apr 13:30 | GW33:RDG(A) 0-0:13 Apr 15:00 | GW34:CHE(H) 2-2:21 Apr 16:00 | GW35:NEW(A) 6-0:27 Apr 17:30 | GW36:EVE(H) 0-0:05 May 13:30 | GW37:FUL(A) 3-1:12 May 15:00 | GW38:QPR(H) 1-0:19 May 16:00
91979,Jon Flanagan,621,Jon Flanagan,161,EXACT,Liverpool,1,27,0,-621,0,0,0,0,0,0,GW27:ARS(H) 1-2:03 March 12:45
15903,David Stockdale,630,David Stockdale,135,EXACT,Fulham,1,29,0,-630,0,0,0,0,0,0,GW29:SWA(H) 0-3:17 March 15:00
16234,Ronnie Stam,1584,Ronnie Stam,512,EXACT,Wigan,37,1 2 3 4 5 6 7 8 9 10 11 12 13 14 15 16 17 18 19 20 21 22 23 24 25 26 27 28 30 31 32 33 34 35 36 37 38,953,-631,1,0,0,19,0,0,GW1:CHE(H) 0-2:19 Aug 13:30 | GW2:SOU(A) 2-0:25 Aug 15:00 | GW3:STK(H) 2-2:01 Sep 15:00 | GW4:MUN(A) 0-4:15 Sep 15:00 | GW5:FUL(H) 1-2:22 Sep 15:00 | GW6:SUN(A) 0-1:29 Sep 15:00 | GW7:EVE(H) 2-2:06 Oct 15:00 | GW8:SWA(A) 1-2:20 Oct 15:00 | GW9:WHU(H) 2-1:27 Oct 15:00 | GW10:TOT(A) 1-0:03 Nov 15:00 | GW11:WBA(H) 1-2:10 Nov 15:00 | GW12:LIV(A) 0-3:17 Nov 15:00 | GW13:RDG(H) 3-2:24 Nov 15:00 | GW14:MCI(H) 0-2:28 Nov 20:00 | GW15:NEW(A) 0-3:03 Dec 20:00 | GW16:QPR(H) 2-2:08 Dec 15:00 | GW17:NOR(A) 1-2:15 Dec 15:00 | GW18:ARS(H) 0-1:22 Dec 12:45 | GW19:EVE(A) 1-2:26 Dec 15:00 | GW20:AVL(A) 3-0:29 Dec 15:00 | GW21:MUN(H) 0-4:01 Jan 15:00 | GW22:FUL(A) 1-1:12 Jan 15:00 | GW23:SUN(H) 2-3:19 Jan 15:00 | GW24:STK(A) 2-2:29 Jan 19:45 | GW25:SOU(H) 2-2:02 Feb 15:00 | GW26:CHE(A) 1-4:09 Feb 15:00 | GW27:RDG(A) 3-0:23 Feb 15:00 | GW28:LIV(H) 0-4:02 Mar 17:30 | GW30:NEW(H) 2-1:17 Mar 16:00 | GW31:NOR(H) 1-0:30 Mar 15:00 | GW32:QPR(A) 1-1:07 Apr 16:10 | GW33:MCI(A) 0-1:17 Apr 19:45 | GW34:WHU(A) 0-2:20 Apr 15:00 | GW35:TOT(H) 2-2:27 Apr 15:00 | GW36:SWA(H) 2-3:07 May 19:45 | GW37:ARS(A) 1-4:14 May 19:45 | GW38:AVL(H) 2-2:19 May 16:00
9493,Stephen Kelly,729,Stephen Kelly,140,EXACT,Fulham,1,29,90,-639,0,0,0,1,0,0,GW29:SWA(H) 0-3:17 March 15:00
8402,Thomas Hitzlsperger,990,Thomas Hitzlsperger,619,EXACT,Everton,30,8 9 10 11 12 13 14 15 16 17 18 19 20 21 22 23 24 25 26 27 28 30 31 32 33 34 35 36 37 38,350,-640,0,0,0,12,1,0,GW8:QPR(A) 1-1:21 Oct 16:00 | GW9:LIV(H) 2-2:28 Oct 13:30 | GW10:FUL(A) 2-2:03 Nov 15:00 | GW11:SUN(H) 2-1:10 Nov 15:00 | GW12:RDG(A) 1-2:17 Nov 15:00 | GW13:NOR(H) 1-1:24 Nov 15:00 | GW14:ARS(H) 1-1:28 Nov 19:45 | GW15:MCI(A) 1-1:01 Dec 15:00 | GW16:TOT(H) 2-1:09 Dec 15:00 | GW17:STK(A) 1-1:15 Dec 15:00 | GW18:WHU(A) 2-1:22 Dec 15:00 | GW19:WIG(H) 2-1:26 Dec 15:00 | GW20:CHE(H) 1-2:30 Dec 13:30 | GW21:NEW(A) 2-1:02 Jan 20:00 | GW22:SWA(H) 0-0:12 Jan 15:00 | GW23:SOU(A) 0-0:21 Jan 20:00 | GW24:WBA(H) 2-1:30 Jan 19:45 | GW25:AVL(H) 3-3:02 Feb 15:00 | GW26:MUN(A) 0-2:10 Feb 16:00 | GW27:NOR(A) 1-2:23 Feb 15:00 | GW28:RDG(H) 3-1:02 Mar 15:00 | GW30:MCI(H) 2-0:16 Mar 12:45 | GW31:STK(H) 1-0:30 Mar 17:30 | GW32:TOT(A) 2-2:07 Apr 14:05 | GW33:ARS(A) 0-0:16 Apr 19:45 | GW34:SUN(A) 0-1:20 Apr 15:00 | GW35:FUL(H) 1-0:27 Apr 15:00 | GW36:LIV(A) 0-0:05 May 13:30 | GW37:WHU(H) 2-0:12 May 15:00 | GW38:CHE(A) 1-2:19 May 16:00
18818,Matthew Jarvis,3054,Matthew Jarvis,572,EXACT,West Ham,35,2 3 4 5 6 7 8 9 10 11 12 13 14 15 16 17 18 20 21 22 23 24 25 26 27 28 30 31 32 33 34 35 36 37 38,2412,-642,2,2,8,89,8,0,GW2:SWA(A) 0-3:25 Aug 12:45 | GW3:FUL(H) 3-0:01 Sep 12:45 | GW4:NOR(A) 0-0:15 Sep 12:45 | GW5:SUN(H) 1-1:22 Sep 15:00 | GW6:QPR(A) 2-1:01 Oct 20:00 | GW7:ARS(H) 1-3:06 Oct 17:30 | GW8:SOU(H) 4-1:20 Oct 15:00 | GW9:WIG(A) 1-2:27 Oct 15:00 | GW10:MCI(H) 0-0:03 Nov 17:30 | GW11:NEW(A) 1-0:11 Nov 15:00 | GW12:STK(H) 1-1:19 Nov 20:00 | GW13:TOT(A) 1-3:25 Nov 16:00 | GW14:MUN(A) 0-1:28 Nov 20:00 | GW15:CHE(H) 3-1:01 Dec 12:45 | GW16:LIV(H) 2-3:09 Dec 16:00 | GW17:WBA(A) 0-0:16 Dec 16:00 | GW18:EVE(H) 1-2:22 Dec 15:00 | GW20:RDG(A) 0-1:29 Dec 15:00 | GW21:NOR(H) 2-1:01 Jan 15:00 | GW22:SUN(A) 0-3:12 Jan 15:00 | GW23:ARS(A) 1-5:23 Jan 19:45 | GW24:FUL(A) 1-3:30 Jan 20:00 | GW25:SWA(H) 1-0:02 Feb 15:00 | GW26:AVL(A) 1-2:10 Feb 13:30 | GW27:TOT(H) 2-3:25 Feb 20:00 | GW28:STK(A) 1-0:02 Mar 15:00 | GW30:CHE(A) 0-2:17 Mar 16:00 | GW31:WBA(H) 3-1:30 Mar 15:00 | GW32:LIV(A) 0-0:07 Apr 13:30 | GW33:MUN(H) 2-2:17 Apr 19:45 | GW34:WIG(H) 2-0:20 Apr 15:00 | GW35:MCI(A) 1-2:27 Apr 12:45 | GW36:NEW(H) 0-0:04 May 15:00 | GW37:EVE(A) 0-2:12 May 15:00 | GW38:RDG(H) 4-2:19 May 16:00
27707,Darron Gibson,648,Darron Gibson,216,EXACT,Everton,1,29,0,-648,0,0,0,0,0,0,GW29:ARS(H) 0-1:21 March 20:00
19197,Jason Puncheon,648,Jason Puncheon,569,EXACT,QPR,2,27 33,0,-648,0,0,0,0,0,0,GW27:EVE(H) 1-1:03 March 15:00 | GW33:SWA(H) 3-0:11 April 20:00
20695,Antonio Valencia,741,Antonio Valencia,217,EXACT,Man Utd,1,29,90,-651,2,1,2,16,1,0,GW29:WOL(A) 5-0:18 March 13:30
42593,Aleksandar Kolarov,1716,Aleksandar Kolarov,173,EXACT,Man City,37,1 2 3 4 5 6 7 8 9 10 11 12 13 14 15 16 17 18 19 20 21 22 23 24 25 26 27 28 30 31 32 33 34 35 36 37 38,1056,-660,3,1,4,55,4,5,GW1:SOU(H) 3-2:19 Aug 16:00 | GW2:LIV(A) 2-2:26 Aug 16:00 | GW3:QPR(H) 3-1:01 Sep 17:30 | GW4:STK(A) 1-1:15 Sep 15:00 | GW5:ARS(H) 1-1:23 Sep 16:00 | GW6:FUL(A) 2-1:29 Sep 15:00 | GW7:SUN(H) 3-0:06 Oct 12:45 | GW8:WBA(A) 2-1:20 Oct 15:00 | GW9:SWA(H) 1-0:27 Oct 17:30 | GW10:WHU(A) 0-0:03 Nov 17:30 | GW11:TOT(H) 2-1:11 Nov 13:30 | GW12:AVL(H) 5-0:17 Nov 15:00 | GW13:CHE(A) 0-0:25 Nov 16:00 | GW14:WIG(A) 2-0:28 Nov 20:00 | GW15:EVE(H) 1-1:01 Dec 15:00 | GW16:MUN(H) 2-3:09 Dec 13:30 | GW17:NEW(A) 3-1:15 Dec 12:45 | GW18:RDG(H) 1-0:22 Dec 15:00 | GW19:SUN(A) 0-1:26 Dec 15:00 | GW20:NOR(A) 4-3:29 Dec 15:00 | GW21:STK(H) 3-0:01 Jan 15:00 | GW22:ARS(A) 2-0:13 Jan 16:00 | GW23:FUL(H) 2-0:19 Jan 15:00 | GW24:QPR(A) 0-0:29 Jan 19:45 | GW25:LIV(H) 2-2:03 Feb 16:00 | GW26:SOU(A) 1-3:09 Feb 17:30 | GW27:CHE(H) 2-0:24 Feb 13:30 | GW28:AVL(A) 1-0:04 Mar 20:00 | GW30:EVE(A) 0-2:16 Mar 12:45 | GW31:NEW(H) 4-0:30 Mar 15:00 | GW32:MUN(A) 2-1:08 Apr 20:00 | GW33:WIG(H) 1-0:17 Apr 19:45 | GW34:TOT(A) 1-3:21 Apr 13:30 | GW35:WHU(H) 2-1:27 Apr 12:45 | GW36:WBA(H) 1-0:07 May 19:45 | GW37:RDG(A) 2-0:14 May 20:00 | GW38:NOR(H) 2-3:19 May 16:00
6219,Sylvain Distin,3411,Sylvain Distin,98,EXACT,Everton,37,1 2 3 4 5 6 7 8 9 10 11 12 13 14 15 16 17 18 19 20 21 22 23 24 25 26 27 28 30 31 32 33 34 35 36 37 38,2748,-663,1,0,8,100,9,2,GW1:MUN(H) 1-0:20 Aug 20:00 | GW2:AVL(A) 3-1:25 Aug 15:00 | GW3:WBA(A) 0-2:01 Sep 15:00 | GW4:NEW(H) 2-2:17 Sep 20:00 | GW5:SWA(A) 3-0:22 Sep 12:45 | GW6:SOU(H) 3-1:29 Sep 15:00 | GW7:WIG(A) 2-2:06 Oct 15:00 | GW8:QPR(A) 1-1:21 Oct 16:00 | GW9:LIV(H) 2-2:28 Oct 13:30 | GW10:FUL(A) 2-2:03 Nov 15:00 | GW11:SUN(H) 2-1:10 Nov 15:00 | GW12:RDG(A) 1-2:17 Nov 15:00 | GW13:NOR(H) 1-1:24 Nov 15:00 | GW14:ARS(H) 1-1:28 Nov 19:45 | GW15:MCI(A) 1-1:01 Dec 15:00 | GW16:TOT(H) 2-1:09 Dec 15:00 | GW17:STK(A) 1-1:15 Dec 15:00 | GW18:WHU(A) 2-1:22 Dec 15:00 | GW19:WIG(H) 2-1:26 Dec 15:00 | GW20:CHE(H) 1-2:30 Dec 13:30 | GW21:NEW(A) 2-1:02 Jan 20:00 | GW22:SWA(H) 0-0:12 Jan 15:00 | GW23:SOU(A) 0-0:21 Jan 20:00 | GW24:WBA(H) 2-1:30 Jan 19:45 | GW25:AVL(H) 3-3:02 Feb 15:00 | GW26:MUN(A) 0-2:10 Feb 16:00 | GW27:NOR(A) 1-2:23 Feb 15:00 | GW28:RDG(H) 3-1:02 Mar 15:00 | GW30:MCI(H) 2-0:16 Mar 12:45 | GW31:STK(H) 1-0:30 Mar 17:30 | GW32:TOT(A) 2-2:07 Apr 14:05 | GW33:ARS(A) 0-0:16 Apr 19:45 | GW34:SUN(A) 0-1:20 Apr 15:00 | GW35:FUL(H) 1-0:27 Apr 15:00 | GW36:LIV(A) 0-0:05 May 13:30 | GW37:WHU(H) 2-0:12 May 15:00 | GW38:CHE(A) 1-2:19 May 16:00
4570,Bobby Zamora,758,Bobby Zamora,153,EXACT,QPR,1,27,90,-668,0,1,3,9,0,0,GW27:EVE(H) 1-1:03 March 15:00
27440,Simon Cox,768,Simon Cox,433,EXACT,West Brom,1,33,90,-678,0,0,0,2,0,0,GW33:MCI(A) 0-4:11 April 19:45
28554,Samir Nasri,2391,Samir Nasri,182,EXACT,Man City,37,1 2 3 4 5 6 7 8 9 10 11 12 13 14 15 16 17 18 19 20 21 22 23 24 25 26 27 28 30 31 32 33 34 35 36 37 38,1707,-684,7,2,8,83,7,3,GW1:SOU(H) 3-2:19 Aug 16:00 | GW2:LIV(A) 2-2:26 Aug 16:00 | GW3:QPR(H) 3-1:01 Sep 17:30 | GW4:STK(A) 1-1:15 Sep 15:00 | GW5:ARS(H) 1-1:23 Sep 16:00 | GW6:FUL(A) 2-1:29 Sep 15:00 | GW7:SUN(H) 3-0:06 Oct 12:45 | GW8:WBA(A) 2-1:20 Oct 15:00 | GW9:SWA(H) 1-0:27 Oct 17:30 | GW10:WHU(A) 0-0:03 Nov 17:30 | GW11:TOT(H) 2-1:11 Nov 13:30 | GW12:AVL(H) 5-0:17 Nov 15:00 | GW13:CHE(A) 0-0:25 Nov 16:00 | GW14:WIG(A) 2-0:28 Nov 20:00 | GW15:EVE(H) 1-1:01 Dec 15:00 | GW16:MUN(H) 2-3:09 Dec 13:30 | GW17:NEW(A) 3-1:15 Dec 12:45 | GW18:RDG(H) 1-0:22 Dec 15:00 | GW19:SUN(A) 0-1:26 Dec 15:00 | GW20:NOR(A) 4-3:29 Dec 15:00 | GW21:STK(H) 3-0:01 Jan 15:00 | GW22:ARS(A) 2-0:13 Jan 16:00 | GW23:FUL(H) 2-0:19 Jan 15:00 | GW24:QPR(A) 0-0:29 Jan 19:45 | GW25:LIV(H) 2-2:03 Feb 16:00 | GW26:SOU(A) 1-3:09 Feb 17:30 | GW27:CHE(H) 2-0:24 Feb 13:30 | GW28:AVL(A) 1-0:04 Mar 20:00 | GW30:EVE(A) 0-2:16 Mar 12:45 | GW31:NEW(H) 4-0:30 Mar 15:00 | GW32:MUN(A) 2-1:08 Apr 20:00 | GW33:WIG(H) 1-0:17 Apr 19:45 | GW34:TOT(A) 1-3:21 Apr 13:30 | GW35:WHU(H) 2-1:27 Apr 12:45 | GW36:WBA(H) 1-0:07 May 19:45 | GW37:RDG(A) 2-0:14 May 20:00 | GW38:NOR(H) 2-3:19 May 16:00
9047,Glen Johnson,2438,Glen Johnson,151,EXACT,Liverpool,37,1 2 3 4 5 6 7 8 9 10 11 12 13 14 15 16 17 18 19 20 21 22 23 24 25 26 28 29 30 31 32 33 34 35 36 37 38,3133,695,5,1,7,141,16,7,GW1:WBA(A) 0-3:18 Aug 15:00 | GW2:MCI(H) 2-2:26 Aug 16:00 | GW3:ARS(H) 0-2:02 Sep 13:30 | GW4:SUN(A) 1-1:15 Sep 17:30 | GW5:MUN(H) 1-2:23 Sep 13:30 | GW6:NOR(A) 5-2:29 Sep 15:00 | GW7:STK(H) 0-0:07 Oct 15:00 | GW8:RDG(H) 1-0:20 Oct 15:00 | GW9:EVE(A) 2-2:28 Oct 13:30 | GW10:NEW(H) 1-1:04 Nov 16:00 | GW11:CHE(A) 1-1:11 Nov 16:00 | GW12:WIG(H) 3-0:17 Nov 15:00 | GW13:SWA(A) 0-0:25 Nov 13:30 | GW14:TOT(A) 1-2:28 Nov 19:45 | GW15:SOU(H) 1-0:01 Dec 15:00 | GW16:WHU(A) 3-2:09 Dec 16:00 | GW17:AVL(H) 1-3:15 Dec 15:00 | GW18:FUL(H) 4-0:22 Dec 17:30 | GW19:STK(A) 1-3:26 Dec 19:45 | GW20:QPR(A) 3-0:30 Dec 16:00 | GW21:SUN(H) 3-0:02 Jan 19:45 | GW22:MUN(A) 1-2:13 Jan 13:30 | GW23:NOR(H) 5-0:19 Jan 15:00 | GW24:ARS(A) 2-2:30 Jan 19:45 | GW25:MCI(A) 2-2:03 Feb 16:00 | GW26:SWA(H) 5-0:17 Feb 15:00 | GW28:WIG(A) 4-0:02 Mar 17:30 | GW29:TOT(H) 3-2:10 Mar 16:00 | GW30:SOU(A) 1-3:16 Mar 15:00 | GW31:AVL(A) 2-1:31 Mar 13:30 | GW32:WHU(H) 0-0:07 Apr 13:30 | GW33:RDG(A) 0-0:13 Apr 15:00 | GW34:CHE(H) 2-2:21 Apr 16:00 | GW35:NEW(A) 6-0:27 Apr 17:30 | GW36:EVE(H) 0-0:05 May 13:30 | GW37:FUL(A) 3-1:12 May 15:00 | GW38:QPR(H) 1-0:19 May 16:00
58845,Ciaran Clark,1566,Ciaran Clark,37,EXACT,Aston Villa,12,1 2 3 4 5 6 7 8 9 10 20 30,867,-699,1,1,6,28,2,3,GW1:WHU(A) 0-1:18 Aug 15:00 | GW2:EVE(H) 1-3:25 Aug 15:00 | GW3:NEW(A) 1-1:02 Sep 16:00 | GW4:SWA(H) 2-0:15 Sep 15:00 | GW5:SOU(A) 1-4:22 Sep 15:00 | GW6:WBA(H) 1-1:30 Sep 16:00 | GW7:TOT(A) 0-2:07 Oct 15:00 | GW8:FUL(A) 0-1:20 Oct 15:00 | GW9:NOR(H) 1-1:27 Oct 12:45 | GW10:SUN(A) 1-0:03 Nov 15:00 | GW20:WIG(H) 0-3:29 Dec 15:00 | GW30:QPR(H) 3-2:16 Mar 15:00
55548,Jay Spearing,797,Jay Spearing,169,EXACT,Liverpool,1,27,90,-707,0,0,0,2,0,0,GW27:ARS(H) 1-2:03 March 12:45
1708,Carlo Cudicini,720,Carlo Cudicini,432,EXACT,Tottenham,37,1 2 3 4 5 6 7 8 9 10 11 12 13 14 15 16 17 18 19 20 21 22 23 24 25 26 27 28 29 30 31 32 34 35 36 37 38,0,-720,0,0,0,0,0,0,GW1:NEW(A) 1-2:18 Aug 17:30 | GW2:WBA(H) 1-1:25 Aug 15:00 | GW3:NOR(H) 1-1:01 Sep 15:00 | GW4:RDG(A) 3-1:16 Sep 16:00 | GW5:QPR(H) 2-1:23 Sep 16:00 | GW6:MUN(A) 3-2:29 Sep 17:30 | GW7:AVL(H) 2-0:07 Oct 15:00 | GW8:CHE(H) 2-4:20 Oct 12:45 | GW9:SOU(A) 2-1:28 Oct 15:00 | GW10:WIG(H) 0-1:03 Nov 15:00 | GW11:MCI(A) 1-2:11 Nov 13:30 | GW12:ARS(A) 2-5:17 Nov 12:45 | GW13:WHU(H) 3-1:25 Nov 16:00 | GW14:LIV(H) 2-1:28 Nov 19:45 | GW15:FUL(A) 3-0:01 Dec 15:00 | GW16:EVE(A) 1-2:09 Dec 15:00 | GW17:SWA(H) 1-0:16 Dec 13:30 | GW18:STK(H) 0-0:22 Dec 15:00 | GW19:AVL(A) 4-0:26 Dec 17:30 | GW20:SUN(A) 2-1:29 Dec 12:45 | GW21:RDG(H) 3-1:01 Jan 15:00 | GW22:QPR(A) 0-0:12 Jan 12:45 | GW23:MUN(H) 1-1:20 Jan 16:00 | GW24:NOR(A) 1-1:30 Jan 19:45 | GW25:WBA(A) 1-0:03 Feb 13:30 | GW26:NEW(H) 2-1:09 Feb 12:45 | GW27:WHU(A) 3-2:25 Feb 20:00 | GW28:ARS(H) 2-1:03 Mar 16:00 | GW29:LIV(A) 2-3:10 Mar 16:00 | GW30:FUL(H) 0-1:17 Mar 15:00 | GW31:SWA(A) 2-1:30 Mar 15:00 | GW32:EVE(H) 2-2:07 Apr 14:05 | GW34:MCI(H) 3-1:21 Apr 13:30 | GW35:WIG(A) 2-2:27 Apr 15:00 | GW36:CHE(A) 2-2:08 May 19:45 | GW37:STK(A) 2-1:12 May 13:30 | GW38:SUN(H) 1-0:19 May 16:00
17336,Gaël Clichy,2970,Gael Clichy,178,EXACT,Man City,37,1 2 3 4 5 6 7 8 9 10 11 12 13 14 15 16 17 18 19 20 21 22 23 24 25 26 27 28 30 31 32 33 34 35 36 37 38,2245,-725,3,0,8,104,11,3,GW1:SOU(H) 3-2:19 Aug 16:00 | GW2:LIV(A) 2-2:26 Aug 16:00 | GW3:QPR(H) 3-1:01 Sep 17:30 | GW4:STK(A) 1-1:15 Sep 15:00 | GW5:ARS(H) 1-1:23 Sep 16:00 | GW6:FUL(A) 2-1:29 Sep 15:00 | GW7:SUN(H) 3-0:06 Oct 12:45 | GW8:WBA(A) 2-1:20 Oct 15:00 | GW9:SWA(H) 1-0:27 Oct 17:30 | GW10:WHU(A) 0-0:03 Nov 17:30 | GW11:TOT(H) 2-1:11 Nov 13:30 | GW12:AVL(H) 5-0:17 Nov 15:00 | GW13:CHE(A) 0-0:25 Nov 16:00 | GW14:WIG(A) 2-0:28 Nov 20:00 | GW15:EVE(H) 1-1:01 Dec 15:00 | GW16:MUN(H) 2-3:09 Dec 13:30 | GW17:NEW(A) 3-1:15 Dec 12:45 | GW18:RDG(H) 1-0:22 Dec 15:00 | GW19:SUN(A) 0-1:26 Dec 15:00 | GW20:NOR(A) 4-3:29 Dec 15:00 | GW21:STK(H) 3-0:01 Jan 15:00 | GW22:ARS(A) 2-0:13 Jan 16:00 | GW23:FUL(H) 2-0:19 Jan 15:00 | GW24:QPR(A) 0-0:29 Jan 19:45 | GW25:LIV(H) 2-2:03 Feb 16:00 | GW26:SOU(A) 1-3:09 Feb 17:30 | GW27:CHE(H) 2-0:24 Feb 13:30 | GW28:AVL(A) 1-0:04 Mar 20:00 | GW30:EVE(A) 0-2:16 Mar 12:45 | GW31:NEW(H) 4-0:30 Mar 15:00 | GW32:MUN(A) 2-1:08 Apr 20:00 | GW33:WIG(H) 1-0:17 Apr 19:45 | GW34:TOT(A) 1-3:21 Apr 13:30 | GW35:WHU(H) 2-1:27 Apr 12:45 | GW36:WBA(H) 1-0:07 May 19:45 | GW37:RDG(A) 2-0:14 May 20:00 | GW38:NOR(H) 2-3:19 May 16:00
50023,Jordi Gómez,725,Jordi Gomez,445,EXACT,Wigan,1,33,0,-725,0,0,0,0,0,0,GW33:MUN(H) 1-0:11 April 19:45
50023,Jordi Gómez,725,Jordi Gomez,519,EXACT,Wigan,37,1 2 3 4 5 6 7 8 9 10 11 12 13 14 15 16 17 18 19 20 21 22 23 24 25 26 27 28 30 31 32 33 34 35 36 37 38,1468,743,1,3,3,59,1,4,GW1:CHE(H) 0-2:19 Aug 13:30 | GW2:SOU(A) 2-0:25 Aug 15:00 | GW3:STK(H) 2-2:01 Sep 15:00 | GW4:MUN(A) 0-4:15 Sep 15:00 | GW5:FUL(H) 1-2:22 Sep 15:00 | GW6:SUN(A) 0-1:29 Sep 15:00 | GW7:EVE(H) 2-2:06 Oct 15:00 | GW8:SWA(A) 1-2:20 Oct 15:00 | GW9:WHU(H) 2-1:27 Oct 15:00 | GW10:TOT(A) 1-0:03 Nov 15:00 | GW11:WBA(H) 1-2:10 Nov 15:00 | GW12:LIV(A) 0-3:17 Nov 15:00 | GW13:RDG(H) 3-2:24 Nov 15:00 | GW14:MCI(H) 0-2:28 Nov 20:00 | GW15:NEW(A) 0-3:03 Dec 20:00 | GW16:QPR(H) 2-2:08 Dec 15:00 | GW17:NOR(A) 1-2:15 Dec 15:00 | GW18:ARS(H) 0-1:22 Dec 12:45 | GW19:EVE(A) 1-2:26 Dec 15:00 | GW20:AVL(A) 3-0:29 Dec 15:00 | GW21:MUN(H) 0-4:01 Jan 15:00 | GW22:FUL(A) 1-1:12 Jan 15:00 | GW23:SUN(H) 2-3:19 Jan 15:00 | GW24:STK(A) 2-2:29 Jan 19:45 | GW25:SOU(H) 2-2:02 Feb 15:00 | GW26:CHE(A) 1-4:09 Feb 15:00 | GW27:RDG(A) 3-0:23 Feb 15:00 | GW28:LIV(H) 0-4:02 Mar 17:30 | GW30:NEW(H) 2-1:17 Mar 16:00 | GW31:NOR(H) 1-0:30 Mar 15:00 | GW32:QPR(A) 1-1:07 Apr 16:10 | GW33:MCI(A) 0-1:17 Apr 19:45 | GW34:WHU(A) 0-2:20 Apr 15:00 | GW35:TOT(H) 2-2:27 Apr 15:00 | GW36:SWA(H) 2-3:07 May 19:45 | GW37:ARS(A) 1-4:14 May 19:45 | GW38:AVL(H) 2-2:19 May 16:00
9602,Christian Poulsen,744,Christian Poulsen,170,EXACT,Liverpool,1,27,0,-744,0,0,0,0,0,0,GW27:ARS(H) 1-2:03 March 12:45
28593,Victor Anichebe,771,Victor Anichebe,134,EXACT,Everton,1,29,13,-758,0,0,0,1,0,0,GW29:ARS(H) 0-1:21 March 20:00
5716,Gary O'Neil,592,Gary O'Neil,501,EXACT,West Ham,36,1 2 3 4 5 6 7 8 9 10 11 12 13 14 15 16 17 18 20 21 22 23 24 25 26 27 28 30 31 32 33 34 35 36 37 38,1352,760,2,1,2,50,4,2,GW1:AVL(H) 1-0:18 Aug 15:00 | GW2:SWA(A) 0-3:25 Aug 12:45 | GW3:FUL(H) 3-0:01 Sep 12:45 | GW4:NOR(A) 0-0:15 Sep 12:45 | GW5:SUN(H) 1-1:22 Sep 15:00 | GW6:QPR(A) 2-1:01 Oct 20:00 | GW7:ARS(H) 1-3:06 Oct 17:30 | GW8:SOU(H) 4-1:20 Oct 15:00 | GW9:WIG(A) 1-2:27 Oct 15:00 | GW10:MCI(H) 0-0:03 Nov 17:30 | GW11:NEW(A) 1-0:11 Nov 15:00 | GW12:STK(H) 1-1:19 Nov 20:00 | GW13:TOT(A) 1-3:25 Nov 16:00 | GW14:MUN(A) 0-1:28 Nov 20:00 | GW15:CHE(H) 3-1:01 Dec 12:45 | GW16:LIV(H) 2-3:09 Dec 16:00 | GW17:WBA(A) 0-0:16 Dec 16:00 | GW18:EVE(H) 1-2:22 Dec 15:00 | GW20:RDG(A) 0-1:29 Dec 15:00 | GW21:NOR(H) 2-1:01 Jan 15:00 | GW22:SUN(A) 0-3:12 Jan 15:00 | GW23:ARS(A) 1-5:23 Jan 19:45 | GW24:FUL(A) 1-3:30 Jan 20:00 | GW25:SWA(H) 1-0:02 Feb 15:00 | GW26:AVL(A) 1-2:10 Feb 13:30 | GW27:TOT(H) 2-3:25 Feb 20:00 | GW28:STK(A) 1-0:02 Mar 15:00 | GW30:CHE(A) 0-2:17 Mar 16:00 | GW31:WBA(H) 3-1:30 Mar 15:00 | GW32:LIV(A) 0-0:07 Apr 13:30 | GW33:MUN(H) 2-2:17 Apr 19:45 | GW34:WIG(H) 2-0:20 Apr 15:00 | GW35:MCI(A) 1-2:27 Apr 12:45 | GW36:NEW(H) 0-0:04 May 15:00 | GW37:EVE(A) 0-2:12 May 15:00 | GW38:RDG(H) 4-2:19 May 16:00
9089,Ben Foster,3371,Ben Foster,463,EXACT,West Brom,37,1 2 3 4 5 6 7 8 9 10 11 12 13 14 15 16 17 18 19 20 21 22 23 24 25 26 27 28 29 30 31 32 34 35 36 37 38,2610,-761,0,0,5,103,7,0,GW1:LIV(H) 3-0:18 Aug 15:00 | GW2:TOT(A) 1-1:25 Aug 15:00 | GW3:EVE(H) 2-0:01 Sep 15:00 | GW4:FUL(A) 0-3:15 Sep 15:00 | GW5:RDG(H) 1-0:22 Sep 15:00 | GW6:AVL(A) 1-1:30 Sep 16:00 | GW7:QPR(H) 3-2:06 Oct 15:00 | GW8:MCI(H) 1-2:20 Oct 15:00 | GW9:NEW(A) 1-2:28 Oct 15:00 | GW10:SOU(H) 2-0:05 Nov 20:00 | GW11:WIG(A) 2-1:10 Nov 15:00 | GW12:CHE(H) 2-1:17 Nov 15:00 | GW13:SUN(A) 4-2:24 Nov 12:45 | GW14:SWA(A) 1-3:28 Nov 19:45 | GW15:STK(H) 0-1:01 Dec 15:00 | GW16:ARS(A) 0-2:08 Dec 15:00 | GW17:WHU(H) 0-0:16 Dec 16:00 | GW18:NOR(H) 2-1:22 Dec 15:00 | GW19:QPR(A) 2-1:26 Dec 15:00 | GW20:MUN(A) 0-2:29 Dec 15:00 | GW21:FUL(H) 1-2:01 Jan 12:45 | GW22:RDG(A) 2-3:12 Jan 15:00 | GW23:AVL(H) 2-2:19 Jan 17:30 | GW24:EVE(A) 1-2:30 Jan 19:45 | GW25:TOT(H) 0-1:03 Feb 13:30 | GW26:LIV(A) 2-0:11 Feb 20:00 | GW27:SUN(H) 2-1:23 Feb 15:00 | GW28:CHE(A) 0-1:02 Mar 15:00 | GW29:SWA(H) 2-1:09 Mar 15:00 | GW30:STK(A) 0-0:16 Mar 15:00 | GW31:WHU(A) 1-3:30 Mar 15:00 | GW32:ARS(H) 1-2:06 Apr 15:00 | GW34:NEW(H) 1-1:20 Apr 15:00 | GW35:SOU(A) 3-0:27 Apr 15:00 | GW36:MCI(A) 0-1:07 May 19:45 | GW37:NOR(A) 0-4:12 May 15:00 | GW38:MUN(H) 5-5:19 May 16:00
363,Paul Scholes,1536,Paul Scholes,216,EXACT,Man Utd,37,1 2 3 4 5 6 7 8 9 10 11 12 13 14 15 16 17 18 19 20 21 22 23 24 25 26 27 28 30 31 32 33 34 35 36 37 38,771,-765,1,1,1,26,1,7,GW1:EVE(A) 0-1:20 Aug 20:00 | GW2:FUL(H) 3-2:25 Aug 15:00 | GW3:SOU(A) 3-2:02 Sep 16:00 | GW4:WIG(H) 4-0:15 Sep 15:00 | GW5:LIV(A) 2-1:23 Sep 13:30 | GW6:TOT(H) 2-3:29 Sep 17:30 | GW7:NEW(A) 3-0:07 Oct 16:00 | GW8:STK(H) 4-2:20 Oct 15:00 | GW9:CHE(A) 3-2:28 Oct 16:00 | GW10:ARS(H) 2-1:03 Nov 12:45 | GW11:AVL(A) 3-2:10 Nov 17:30 | GW12:NOR(A) 0-1:17 Nov 17:30 | GW13:QPR(H) 3-1:24 Nov 15:00 | GW14:WHU(H) 1-0:28 Nov 20:00 | GW15:RDG(A) 4-3:01 Dec 17:30 | GW16:MCI(A) 3-2:09 Dec 13:30 | GW17:SUN(H) 3-1:15 Dec 15:00 | GW18:SWA(A) 1-1:23 Dec 13:30 | GW19:NEW(H) 4-3:26 Dec 15:00 | GW20:WBA(H) 2-0:29 Dec 15:00 | GW21:WIG(A) 4-0:01 Jan 15:00 | GW22:LIV(H) 2-1:13 Jan 13:30 | GW23:TOT(A) 1-1:20 Jan 16:00 | GW24:SOU(H) 2-1:30 Jan 20:00 | GW25:FUL(A) 1-0:02 Feb 17:30 | GW26:EVE(H) 2-0:10 Feb 16:00 | GW27:QPR(A) 2-0:23 Feb 15:00 | GW28:NOR(H) 4-0:02 Mar 15:00 | GW30:RDG(H) 1-0:16 Mar 17:30 | GW31:SUN(A) 1-0:30 Mar 12:45 | GW32:MCI(H) 1-2:08 Apr 20:00 | GW33:WHU(A) 2-2:17 Apr 19:45 | GW34:AVL(H) 3-0:22 Apr 20:00 | GW35:ARS(A) 1-1:28 Apr 16:00 | GW36:CHE(H) 0-1:05 May 16:00 | GW37:SWA(H) 2-1:12 May 16:00 | GW38:WBA(A) 5-5:19 May 16:00
27440,Simon Cox,768,Simon Cox,487,EXACT,West Brom,37,1 2 3 4 5 6 7 8 9 10 11 12 13 14 15 16 17 18 19 20 21 22 23 24 25 26 27 28 29 30 31 32 34 35 36 37 38,0,-768,0,0,0,0,0,0,GW1:LIV(H) 3-0:18 Aug 15:00 | GW2:TOT(A) 1-1:25 Aug 15:00 | GW3:EVE(H) 2-0:01 Sep 15:00 | GW4:FUL(A) 0-3:15 Sep 15:00 | GW5:RDG(H) 1-0:22 Sep 15:00 | GW6:AVL(A) 1-1:30 Sep 16:00 | GW7:QPR(H) 3-2:06 Oct 15:00 | GW8:MCI(H) 1-2:20 Oct 15:00 | GW9:NEW(A) 1-2:28 Oct 15:00 | GW10:SOU(H) 2-0:05 Nov 20:00 | GW11:WIG(A) 2-1:10 Nov 15:00 | GW12:CHE(H) 2-1:17 Nov 15:00 | GW13:SUN(A) 4-2:24 Nov 12:45 | GW14:SWA(A) 1-3:28 Nov 19:45 | GW15:STK(H) 0-1:01 Dec 15:00 | GW16:ARS(A) 0-2:08 Dec 15:00 | GW17:WHU(H) 0-0:16 Dec 16:00 | GW18:NOR(H) 2-1:22 Dec 15:00 | GW19:QPR(A) 2-1:26 Dec 15:00 | GW20:MUN(A) 0-2:29 Dec 15:00 | GW21:FUL(H) 1-2:01 Jan 12:45 | GW22:RDG(A) 2-3:12 Jan 15:00 | GW23:AVL(H) 2-2:19 Jan 17:30 | GW24:EVE(A) 1-2:30 Jan 19:45 | GW25:TOT(H) 0-1:03 Feb 13:30 | GW26:LIV(A) 2-0:11 Feb 20:00 | GW27:SUN(H) 2-1:23 Feb 15:00 | GW28:CHE(A) 0-1:02 Mar 15:00 | GW29:SWA(H) 2-1:09 Mar 15:00 | GW30:STK(A) 0-0:16 Mar 15:00 | GW31:WHU(A) 1-3:30 Mar 15:00 | GW32:ARS(H) 1-2:06 Apr 15:00 | GW34:NEW(H) 1-1:20 Apr 15:00 | GW35:SOU(A) 3-0:27 Apr 15:00 | GW36:MCI(A) 0-1:07 May 19:45 | GW37:NOR(A) 0-4:12 May 15:00 | GW38:MUN(H) 5-5:19 May 16:00
58786,Martin Kelly,859,Martin Kelly,162,EXACT,Liverpool,1,27,90,-769,0,0,0,1,0,0,GW27:ARS(H) 1-2:03 March 12:45
12799,Carlton Cole,2115,Carlton Cole,507,EXACT,West Ham,36,1 2 3 4 5 6 7 8 9 10 11 12 13 14 15 16 17 18 20 21 22 23 24 25 26 27 28 30 31 32 33 34 35 36 37 38,1339,-776,1,2,6,50,3,2,GW1:AVL(H) 1-0:18 Aug 15:00 | GW2:SWA(A) 0-3:25 Aug 12:45 | GW3:FUL(H) 3-0:01 Sep 12:45 | GW4:NOR(A) 0-0:15 Sep 12:45 | GW5:SUN(H) 1-1:22 Sep 15:00 | GW6:QPR(A) 2-1:01 Oct 20:00 | GW7:ARS(H) 1-3:06 Oct 17:30 | GW8:SOU(H) 4-1:20 Oct 15:00 | GW9:WIG(A) 1-2:27 Oct 15:00 | GW10:MCI(H) 0-0:03 Nov 17:30 | GW11:NEW(A) 1-0:11 Nov 15:00 | GW12:STK(H) 1-1:19 Nov 20:00 | GW13:TOT(A) 1-3:25 Nov 16:00 | GW14:MUN(A) 0-1:28 Nov 20:00 | GW15:CHE(H) 3-1:01 Dec 12:45 | GW16:LIV(H) 2-3:09 Dec 16:00 | GW17:WBA(A) 0-0:16 Dec 16:00 | GW18:EVE(H) 1-2:22 Dec 15:00 | GW20:RDG(A) 0-1:29 Dec 15:00 | GW21:NOR(H) 2-1:01 Jan 15:00 | GW22:SUN(A) 0-3:12 Jan 15:00 | GW23:ARS(A) 1-5:23 Jan 19:45 | GW24:FUL(A) 1-3:30 Jan 20:00 | GW25:SWA(H) 1-0:02 Feb 15:00 | GW26:AVL(A) 1-2:10 Feb 13:30 | GW27:TOT(H) 2-3:25 Feb 20:00 | GW28:STK(A) 1-0:02 Mar 15:00 | GW30:CHE(A) 0-2:17 Mar 16:00 | GW31:WBA(H) 3-1:30 Mar 15:00 | GW32:LIV(A) 0-0:07 Apr 13:30 | GW33:MUN(H) 2-2:17 Apr 19:45 | GW34:WIG(H) 2-0:20 Apr 15:00 | GW35:MCI(A) 1-2:27 Apr 12:45 | GW36:NEW(H) 0-0:04 May 15:00 | GW37:EVE(A) 0-2:12 May 15:00 | GW38:RDG(H) 4-2:19 May 16:00
14278,Liam Ridgewell,3175,Liam Ridgewell,472,EXACT,West Brom,37,1 2 3 4 5 6 7 8 9 10 11 12 13 14 15 16 17 18 19 20 21 22 23 24 25 26 27 28 29 30 31 32 34 35 36 37 38,2395,-780,3,0,11,85,7,5,GW1:LIV(H) 3-0:18 Aug 15:00 | GW2:TOT(A) 1-1:25 Aug 15:00 | GW3:EVE(H) 2-0:01 Sep 15:00 | GW4:FUL(A) 0-3:15 Sep 15:00 | GW5:RDG(H) 1-0:22 Sep 15:00 | GW6:AVL(A) 1-1:30 Sep 16:00 | GW7:QPR(H) 3-2:06 Oct 15:00 | GW8:MCI(H) 1-2:20 Oct 15:00 | GW9:NEW(A) 1-2:28 Oct 15:00 | GW10:SOU(H) 2-0:05 Nov 20:00 | GW11:WIG(A) 2-1:10 Nov 15:00 | GW12:CHE(H) 2-1:17 Nov 15:00 | GW13:SUN(A) 4-2:24 Nov 12:45 | GW14:SWA(A) 1-3:28 Nov 19:45 | GW15:STK(H) 0-1:01 Dec 15:00 | GW16:ARS(A) 0-2:08 Dec 15:00 | GW17:WHU(H) 0-0:16 Dec 16:00 | GW18:NOR(H) 2-1:22 Dec 15:00 | GW19:QPR(A) 2-1:26 Dec 15:00 | GW20:MUN(A) 0-2:29 Dec 15:00 | GW21:FUL(H) 1-2:01 Jan 12:45 | GW22:RDG(A) 2-3:12 Jan 15:00 | GW23:AVL(H) 2-2:19 Jan 17:30 | GW24:EVE(A) 1-2:30 Jan 19:45 | GW25:TOT(H) 0-1:03 Feb 13:30 | GW26:LIV(A) 2-0:11 Feb 20:00 | GW27:SUN(H) 2-1:23 Feb 15:00 | GW28:CHE(A) 0-1:02 Mar 15:00 | GW29:SWA(H) 2-1:09 Mar 15:00 | GW30:STK(A) 0-0:16 Mar 15:00 | GW31:WHU(A) 1-3:30 Mar 15:00 | GW32:ARS(H) 1-2:06 Apr 15:00 | GW34:NEW(H) 1-1:20 Apr 15:00 | GW35:SOU(A) 3-0:27 Apr 15:00 | GW36:MCI(A) 0-1:07 May 19:45 | GW37:NOR(A) 0-4:12 May 15:00 | GW38:MUN(H) 5-5:19 May 16:00
20492,Micah Richards,1401,Micah Richards,174,EXACT,Man City,37,1 2 3 4 5 6 7 8 9 10 11 12 13 14 15 16 17 18 19 20 21 22 23 24 25 26 27 28 30 31 32 33 34 35 36 37 38,612,-789,0,0,0,31,5,2,GW1:SOU(H) 3-2:19 Aug 16:00 | GW2:LIV(A) 2-2:26 Aug 16:00 | GW3:QPR(H) 3-1:01 Sep 17:30 | GW4:STK(A) 1-1:15 Sep 15:00 | GW5:ARS(H) 1-1:23 Sep 16:00 | GW6:FUL(A) 2-1:29 Sep 15:00 | GW7:SUN(H) 3-0:06 Oct 12:45 | GW8:WBA(A) 2-1:20 Oct 15:00 | GW9:SWA(H) 1-0:27 Oct 17:30 | GW10:WHU(A) 0-0:03 Nov 17:30 | GW11:TOT(H) 2-1:11 Nov 13:30 | GW12:AVL(H) 5-0:17 Nov 15:00 | GW13:CHE(A) 0-0:25 Nov 16:00 | GW14:WIG(A) 2-0:28 Nov 20:00 | GW15:EVE(H) 1-1:01 Dec 15:00 | GW16:MUN(H) 2-3:09 Dec 13:30 | GW17:NEW(A) 3-1:15 Dec 12:45 | GW18:RDG(H) 1-0:22 Dec 15:00 | GW19:SUN(A) 0-1:26 Dec 15:00 | GW20:NOR(A) 4-3:29 Dec 15:00 | GW21:STK(H) 3-0:01 Jan 15:00 | GW22:ARS(A) 2-0:13 Jan 16:00 | GW23:FUL(H) 2-0:19 Jan 15:00 | GW24:QPR(A) 0-0:29 Jan 19:45 | GW25:LIV(H) 2-2:03 Feb 16:00 | GW26:SOU(A) 1-3:09 Feb 17:30 | GW27:CHE(H) 2-0:24 Feb 13:30 | GW28:AVL(A) 1-0:04 Mar 20:00 | GW30:EVE(A) 0-2:16 Mar 12:45 | GW31:NEW(H) 4-0:30 Mar 15:00 | GW32:MUN(A) 2-1:08 Apr 20:00 | GW33:WIG(H) 1-0:17 Apr 19:45 | GW34:TOT(A) 1-3:21 Apr 13:30 | GW35:WHU(H) 2-1:27 Apr 12:45 | GW36:WBA(H) 1-0:07 May 19:45 | GW37:RDG(A) 2-0:14 May 20:00 | GW38:NOR(H) 2-3:19 May 16:00
2060,Joe Cole,796,Joe Cole,172,EXACT,Liverpool,1,29,0,-796,0,0,0,0,0,0,GW29:QPR(A) 2-3:21 March 20:00
55548,Jay Spearing,797,Jay Spearing,159,EXACT,Liverpool,37,1 2 3 4 5 6 7 8 9 10 11 12 13 14 15 16 17 18 19 20 21 22 23 24 25 26 28 29 30 31 32 33 34 35 36 37 38,0,-797,0,0,0,0,0,0,GW1:WBA(A) 0-3:18 Aug 15:00 | GW2:MCI(H) 2-2:26 Aug 16:00 | GW3:ARS(H) 0-2:02 Sep 13:30 | GW4:SUN(A) 1-1:15 Sep 17:30 | GW5:MUN(H) 1-2:23 Sep 13:30 | GW6:NOR(A) 5-2:29 Sep 15:00 | GW7:STK(H) 0-0:07 Oct 15:00 | GW8:RDG(H) 1-0:20 Oct 15:00 | GW9:EVE(A) 2-2:28 Oct 13:30 | GW10:NEW(H) 1-1:04 Nov 16:00 | GW11:CHE(A) 1-1:11 Nov 16:00 | GW12:WIG(H) 3-0:17 Nov 15:00 | GW13:SWA(A) 0-0:25 Nov 13:30 | GW14:TOT(A) 1-2:28 Nov 19:45 | GW15:SOU(H) 1-0:01 Dec 15:00 | GW16:WHU(A) 3-2:09 Dec 16:00 | GW17:AVL(H) 1-3:15 Dec 15:00 | GW18:FUL(H) 4-0:22 Dec 17:30 | GW19:STK(A) 1-3:26 Dec 19:45 | GW20:QPR(A) 3-0:30 Dec 16:00 | GW21:SUN(H) 3-0:02 Jan 19:45 | GW22:MUN(A) 1-2:13 Jan 13:30 | GW23:NOR(H) 5-0:19 Jan 15:00 | GW24:ARS(A) 2-2:30 Jan 19:45 | GW25:MCI(A) 2-2:03 Feb 16:00 | GW26:SWA(H) 5-0:17 Feb 15:00 | GW28:WIG(A) 4-0:02 Mar 17:30 | GW29:TOT(H) 3-2:10 Mar 16:00 | GW30:SOU(A) 1-3:16 Mar 15:00 | GW31:AVL(A) 2-1:31 Mar 13:30 | GW32:WHU(H) 0-0:07 Apr 13:30 | GW33:RDG(A) 0-0:13 Apr 15:00 | GW34:CHE(H) 2-2:21 Apr 16:00 | GW35:NEW(A) 6-0:27 Apr 17:30 | GW36:EVE(H) 0-0:05 May 13:30 | GW37:FUL(A) 3-1:12 May 15:00 | GW38:QPR(H) 1-0:19 May 16:00
9493,Stephen Kelly,729,Stephen Kelly,122,EXACT,Reading,38,1 2 3 4 5 6 7 8 9 10 11 12 13 14 15 16 17 18 19 20 21 22 23 24 25 26 27 28 29 30 31 32 33 34 35 36 37 38,1529,800,0,0,0,26,2,2,GW1:NOR(H) 5-0:18 Aug 15:00 | GW2:MUN(A) 2-3:25 Aug 15:00 | GW3:WHU(A) 0-3:01 Sep 12:45 | GW4:WBA(H) 3-0:15 Sep 15:00 | GW5:WIG(A) 2-1:22 Sep 15:00 | GW6:MCI(H) 1-2:29 Sep 15:00 | GW7:SOU(A) 2-2:07 Oct 13:30 | GW8:AVL(H) 1-0:20 Oct 15:00 | GW9:RDG(A) 3-3:27 Oct 15:00 | GW10:EVE(H) 2-2:03 Nov 15:00 | GW11:ARS(A) 3-3:10 Nov 15:00 | GW12:SUN(H) 1-3:18 Nov 16:00 | GW13:STK(A) 0-1:24 Nov 15:00 | GW14:CHE(A) 0-0:28 Nov 19:45 | GW15:TOT(H) 0-3:01 Dec 15:00 | GW16:NEW(H) 2-1:10 Dec 20:00 | GW17:QPR(A) 1-2:15 Dec 15:00 | GW18:LIV(A) 0-4:22 Dec 17:30 | GW19:SOU(H) 1-1:26 Dec 15:00 | GW20:SWA(H) 1-2:29 Dec 15:00 | GW21:WBA(A) 2-1:01 Jan 12:45 | GW22:WIG(H) 1-1:12 Jan 15:00 | GW23:NEW(A) 2-1:19 Jan 15:00 | GW24:CHE(H) 2-2:30 Jan 20:00 | GW25:SUN(H) 2-1:02 Feb 15:00 | GW26:STK(A) 1-2:09 Feb 15:00 | GW27:WIG(H) 0-3:23 Feb 15:00 | GW28:EVE(A) 1-3:02 Mar 15:00 | GW29:AVL(H) 1-2:09 Mar 15:00 | GW30:MUN(A) 0-1:16 Mar 17:30 | GW31:ARS(A) 1-4:30 Mar 15:00 | GW32:SOU(H) 0-2:06 Apr 12:45 | GW33:LIV(H) 0-0:13 Apr 15:00 | GW34:NOR(A) 1-2:20 Apr 15:00 | GW35:QPR(H) 0-0:28 Apr 13:30 | GW36:FUL(A) 4-2:04 May 15:00 | GW37:MCI(H) 0-2:14 May 20:00 | GW38:WHU(A) 2-4:19 May 16:00
57069,Somen Tchoyi,814,Somen Tchoyi,420,EXACT,West Brom,2,27 33,13,-801,0,0,0,1,0,0,GW27:CHE(H) 1-0:03 March 15:00 | GW33:MCI(A) 0-4:11 April 19:45
33298,Jean Beausejour,895,Jean Beausejour,633,EXACT,Wigan,1,29,90,-805,0,0,1,3,0,0,GW29:WBA(H) 1-1:17 March 15:00
2570,Matthew Etherington,2529,Matthew Etherington,367,EXACT,Stoke City,38,1 2 3 4 5 6 7 8 9 10 11 12 13 14 15 16 17 18 19 20 21 22 23 24 25 26 27 28 29 30 31 32 33 34 35 36 37 38,1720,-809,0,0,3,54,6,2,GW1:RDG(A) 1-1:18 Aug 15:00 | GW2:ARS(H) 0-0:26 Aug 13:30 | GW3:WIG(A) 2-2:01 Sep 15:00 | GW4:MCI(H) 1-1:15 Sep 15:00 | GW5:CHE(A) 0-1:22 Sep 15:00 | GW6:SWA(H) 2-0:29 Sep 15:00 | GW7:LIV(A) 0-0:07 Oct 15:00 | GW8:MUN(A) 2-4:20 Oct 15:00 | GW9:SUN(H) 0-0:27 Oct 15:00 | GW10:NOR(A) 0-1:03 Nov 15:00 | GW11:QPR(H) 1-0:10 Nov 15:00 | GW12:WHU(A) 1-1:19 Nov 20:00 | GW13:FUL(H) 1-0:24 Nov 15:00 | GW14:NEW(H) 2-1:28 Nov 19:45 | GW15:WBA(A) 1-0:01 Dec 15:00 | GW16:AVL(A) 0-0:08 Dec 15:00 | GW17:EVE(H) 1-1:15 Dec 15:00 | GW18:TOT(A) 0-0:22 Dec 15:00 | GW19:LIV(H) 3-1:26 Dec 19:45 | GW20:SOU(H) 3-3:29 Dec 15:00 | GW21:MCI(A) 0-3:01 Jan 15:00 | GW22:CHE(H) 0-4:12 Jan 15:00 | GW23:SWA(A) 1-3:19 Jan 15:00 | GW24:WIG(H) 2-2:29 Jan 19:45 | GW25:ARS(A) 0-1:02 Feb 15:00 | GW26:RDG(H) 2-1:09 Feb 15:00 | GW27:FUL(A) 0-1:23 Feb 12:45 | GW28:WHU(H) 0-1:02 Mar 15:00 | GW29:NEW(A) 1-2:10 Mar 15:00 | GW30:WBA(H) 0-0:16 Mar 15:00 | GW31:EVE(A) 0-1:30 Mar 17:30 | GW32:AVL(H) 1-3:06 Apr 15:00 | GW33:MUN(H) 0-2:14 Apr 14:05 | GW34:QPR(A) 2-0:20 Apr 15:00 | GW35:NOR(H) 1-0:27 Apr 15:00 | GW36:SUN(A) 1-1:06 May 20:00 | GW37:TOT(H) 1-2:12 May 13:30 | GW38:SOU(A) 1-1:19 May 16:00
6254,William Gallas,2339,William Gallas,438,EXACT,Tottenham,37,1 2 3 4 5 6 7 8 9 10 11 12 13 14 15 16 17 18 19 20 21 22 23 24 25 26 27 28 29 30 31 32 34 35 36 37 38,1528,-811,0,1,2,50,4,2,GW1:NEW(A) 1-2:18 Aug 17:30 | GW2:WBA(H) 1-1:25 Aug 15:00 | GW3:NOR(H) 1-1:01 Sep 15:00 | GW4:RDG(A) 3-1:16 Sep 16:00 | GW5:QPR(H) 2-1:23 Sep 16:00 | GW6:MUN(A) 3-2:29 Sep 17:30 | GW7:AVL(H) 2-0:07 Oct 15:00 | GW8:CHE(H) 2-4:20 Oct 12:45 | GW9:SOU(A) 2-1:28 Oct 15:00 | GW10:WIG(H) 0-1:03 Nov 15:00 | GW11:MCI(A) 1-2:11 Nov 13:30 | GW12:ARS(A) 2-5:17 Nov 12:45 | GW13:WHU(H) 3-1:25 Nov 16:00 | GW14:LIV(H) 2-1:28 Nov 19:45 | GW15:FUL(A) 3-0:01 Dec 15:00 | GW16:EVE(A) 1-2:09 Dec 15:00 | GW17:SWA(H) 1-0:16 Dec 13:30 | GW18:STK(H) 0-0:22 Dec 15:00 | GW19:AVL(A) 4-0:26 Dec 17:30 | GW20:SUN(A) 2-1:29 Dec 12:45 | GW21:RDG(H) 3-1:01 Jan 15:00 | GW22:QPR(A) 0-0:12 Jan 12:45 | GW23:MUN(H) 1-1:20 Jan 16:00 | GW24:NOR(A) 1-1:30 Jan 19:45 | GW25:WBA(A) 1-0:03 Feb 13:30 | GW26:NEW(H) 2-1:09 Feb 12:45 | GW27:WHU(A) 3-2:25 Feb 20:00 | GW28:ARS(H) 2-1:03 Mar 16:00 | GW29:LIV(A) 2-3:10 Mar 16:00 | GW30:FUL(H) 0-1:17 Mar 15:00 | GW31:SWA(A) 2-1:30 Mar 15:00 | GW32:EVE(H) 2-2:07 Apr 14:05 | GW34:MCI(H) 3-1:21 Apr 13:30 | GW35:WIG(A) 2-2:27 Apr 15:00 | GW36:CHE(A) 2-2:08 May 19:45 | GW37:STK(A) 2-1:12 May 13:30 | GW38:SUN(H) 1-0:19 May 16:00
19930,Mark Davies,966,Mark Davies,84,EXACT,Bolton,2,3 17,155,-811,0,1,3,12,0,0,GW3:LIV(A) 1-3:27 Aug. 17:30 | GW17:BLA(A) 2-1:20 Dec. 20:00
1131,Titus Bramble,2001,Titus Bramble,381,EXACT,Sunderland,37,1 3 4 5 6 7 8 9 10 11 12 13 14 15 16 17 18 19 20 21 22 23 24 25 26 27 28 29 30 31 32 33 34 35 36 37 38,1184,-817,0,0,3,32,3,3,GW1:ARS(A) 0-0:18 Aug 15:00 | GW3:SWA(A) 2-2:01 Sep 15:00 | GW4:LIV(H) 1-1:15 Sep 17:30 | GW5:WHU(A) 1-1:22 Sep 15:00 | GW6:WIG(H) 1-0:29 Sep 15:00 | GW7:MCI(A) 0-3:06 Oct 12:45 | GW8:NEW(H) 1-1:21 Oct 13:30 | GW9:STK(A) 0-0:27 Oct 15:00 | GW10:AVL(H) 0-1:03 Nov 15:00 | GW11:EVE(A) 1-2:10 Nov 15:00 | GW12:FUL(A) 3-1:18 Nov 16:00 | GW13:WBA(H) 2-4:24 Nov 12:45 | GW14:QPR(H) 0-0:27 Nov 19:45 | GW15:NOR(A) 1-2:02 Dec 16:00 | GW16:RDG(H) 3-0:11 Dec 19:45 | GW17:MUN(A) 1-3:15 Dec 15:00 | GW18:SOU(A) 1-0:22 Dec 15:00 | GW19:MCI(H) 1-0:26 Dec 15:00 | GW20:TOT(H) 1-2:29 Dec 12:45 | GW21:LIV(A) 0-3:02 Jan 19:45 | GW22:WHU(H) 3-0:12 Jan 15:00 | GW23:WIG(A) 3-2:19 Jan 15:00 | GW24:SWA(H) 0-0:29 Jan 19:45 | GW25:RDG(A) 1-2:02 Feb 15:00 | GW26:ARS(H) 0-1:09 Feb 15:00 | GW27:WBA(A) 1-2:23 Feb 15:00 | GW28:FUL(H) 2-2:02 Mar 15:00 | GW29:QPR(A) 1-3:09 Mar 15:00 | GW30:NOR(H) 1-1:17 Mar 13:30 | GW31:MUN(H) 0-1:30 Mar 12:45 | GW32:CHE(A) 1-2:07 Apr 15:00 | GW33:NEW(A) 3-0:14 Apr 12:00 | GW34:EVE(H) 1-0:20 Apr 15:00 | GW35:AVL(A) 1-6:29 Apr 20:00 | GW36:STK(H) 1-1:06 May 20:00 | GW37:SOU(H) 1-1:12 May 15:00 | GW38:TOT(A) 0-1:19 May 16:00
42744,Sebastien Bassong,823,Sebastien Bassong,384,EXACT,Wolves,1,2,0,-823,0,0,0,0,0,0,GW2:MUN(A) 0-3:22 Aug. 20:00
19151,Chris Brunt,3014,Chris Brunt,479,EXACT,West Brom,37,1 2 3 4 5 6 7 8 9 10 11 12 13 14 15 16 17 18 19 20 21 22 23 24 25 26 27 28 29 30 31 32 34 35 36 37 38,2184,-830,6,2,11,92,4,4,GW1:LIV(H) 3-0:18 Aug 15:00 | GW2:TOT(A) 1-1:25 Aug 15:00 | GW3:EVE(H) 2-0:01 Sep 15:00 | GW4:FUL(A) 0-3:15 Sep 15:00 | GW5:RDG(H) 1-0:22 Sep 15:00 | GW6:AVL(A) 1-1:30 Sep 16:00 | GW7:QPR(H) 3-2:06 Oct 15:00 | GW8:MCI(H) 1-2:20 Oct 15:00 | GW9:NEW(A) 1-2:28 Oct 15:00 | GW10:SOU(H) 2-0:05 Nov 20:00 | GW11:WIG(A) 2-1:10 Nov 15:00 | GW12:CHE(H) 2-1:17 Nov 15:00 | GW13:SUN(A) 4-2:24 Nov 12:45 | GW14:SWA(A) 1-3:28 Nov 19:45 | GW15:STK(H) 0-1:01 Dec 15:00 | GW16:ARS(A) 0-2:08 Dec 15:00 | GW17:WHU(H) 0-0:16 Dec 16:00 | GW18:NOR(H) 2-1:22 Dec 15:00 | GW19:QPR(A) 2-1:26 Dec 15:00 | GW20:MUN(A) 0-2:29 Dec 15:00 | GW21:FUL(H) 1-2:01 Jan 12:45 | GW22:RDG(A) 2-3:12 Jan 15:00 | GW23:AVL(H) 2-2:19 Jan 17:30 | GW24:EVE(A) 1-2:30 Jan 19:45 | GW25:TOT(H) 0-1:03 Feb 13:30 | GW26:LIV(A) 2-0:11 Feb 20:00 | GW27:SUN(H) 2-1:23 Feb 15:00 | GW28:CHE(A) 0-1:02 Mar 15:00 | GW29:SWA(H) 2-1:09 Mar 15:00 | GW30:STK(A) 0-0:16 Mar 15:00 | GW31:WHU(A) 1-3:30 Mar 15:00 | GW32:ARS(H) 1-2:06 Apr 15:00 | GW34:NEW(H) 1-1:20 Apr 15:00 | GW35:SOU(A) 3-0:27 Apr 15:00 | GW36:MCI(A) 0-1:07 May 19:45 | GW37:NOR(A) 0-4:12 May 15:00 | GW38:MUN(H) 5-5:19 May 16:00
42544,Edin Dzeko,846,Edin Dzeko,203,EXACT,Man City,1,29,15,-831,0,0,0,1,0,0,GW29:CHE(H) 2-1:21 March 19:45
7958,Jermain Defoe,1480,Jermain Defoe,458,EXACT,Tottenham,37,1 2 3 4 5 6 7 8 9 10 11 12 13 14 15 16 17 18 19 20 21 22 23 24 25 26 27 28 29 30 31 32 34 35 36 37 38,2321,841,5,11,10,122,9,4,GW1:NEW(A) 1-2:18 Aug 17:30 | GW2:WBA(H) 1-1:25 Aug 15:00 | GW3:NOR(H) 1-1:01 Sep 15:00 | GW4:RDG(A) 3-1:16 Sep 16:00 | GW5:QPR(H) 2-1:23 Sep 16:00 | GW6:MUN(A) 3-2:29 Sep 17:30 | GW7:AVL(H) 2-0:07 Oct 15:00 | GW8:CHE(H) 2-4:20 Oct 12:45 | GW9:SOU(A) 2-1:28 Oct 15:00 | GW10:WIG(H) 0-1:03 Nov 15:00 | GW11:MCI(A) 1-2:11 Nov 13:30 | GW12:ARS(A) 2-5:17 Nov 12:45 | GW13:WHU(H) 3-1:25 Nov 16:00 | GW14:LIV(H) 2-1:28 Nov 19:45 | GW15:FUL(A) 3-0:01 Dec 15:00 | GW16:EVE(A) 1-2:09 Dec 15:00 | GW17:SWA(H) 1-0:16 Dec 13:30 | GW18:STK(H) 0-0:22 Dec 15:00 | GW19:AVL(A) 4-0:26 Dec 17:30 | GW20:SUN(A) 2-1:29 Dec 12:45 | GW21:RDG(H) 3-1:01 Jan 15:00 | GW22:QPR(A) 0-0:12 Jan 12:45 | GW23:MUN(H) 1-1:20 Jan 16:00 | GW24:NOR(A) 1-1:30 Jan 19:45 | GW25:WBA(A) 1-0:03 Feb 13:30 | GW26:NEW(H) 2-1:09 Feb 12:45 | GW27:WHU(A) 3-2:25 Feb 20:00 | GW28:ARS(H) 2-1:03 Mar 16:00 | GW29:LIV(A) 2-3:10 Mar 16:00 | GW30:FUL(H) 0-1:17 Mar 15:00 | GW31:SWA(A) 2-1:30 Mar 15:00 | GW32:EVE(H) 2-2:07 Apr 14:05 | GW34:MCI(H) 3-1:21 Apr 13:30 | GW35:WIG(A) 2-2:27 Apr 15:00 | GW36:CHE(A) 2-2:08 May 19:45 | GW37:STK(A) 2-1:12 May 13:30 | GW38:SUN(H) 1-0:19 May 16:00
2399,Danny Higginbotham,842,Danny Higginbotham,358,EXACT,Stoke City,38,1 2 3 4 5 6 7 8 9 10 11 12 13 14 15 16 17 18 19 20 21 22 23 24 25 26 27 28 29 30 31 32 33 34 35 36 37 38,0,-842,0,0,0,0,0,0,GW1:RDG(A) 1-1:18 Aug 15:00 | GW2:ARS(H) 0-0:26 Aug 13:30 | GW3:WIG(A) 2-2:01 Sep 15:00 | GW4:MCI(H) 1-1:15 Sep 15:00 | GW5:CHE(A) 0-1:22 Sep 15:00 | GW6:SWA(H) 2-0:29 Sep 15:00 | GW7:LIV(A) 0-0:07 Oct 15:00 | GW8:MUN(A) 2-4:20 Oct 15:00 | GW9:SUN(H) 0-0:27 Oct 15:00 | GW10:NOR(A) 0-1:03 Nov 15:00 | GW11:QPR(H) 1-0:10 Nov 15:00 | GW12:WHU(A) 1-1:19 Nov 20:00 | GW13:FUL(H) 1-0:24 Nov 15:00 | GW14:NEW(H) 2-1:28 Nov 19:45 | GW15:WBA(A) 1-0:01 Dec 15:00 | GW16:AVL(A) 0-0:08 Dec 15:00 | GW17:EVE(H) 1-1:15 Dec 15:00 | GW18:TOT(A) 0-0:22 Dec 15:00 | GW19:LIV(H) 3-1:26 Dec 19:45 | GW20:SOU(H) 3-3:29 Dec 15:00 | GW21:MCI(A) 0-3:01 Jan 15:00 | GW22:CHE(H) 0-4:12 Jan 15:00 | GW23:SWA(A) 1-3:19 Jan 15:00 | GW24:WIG(H) 2-2:29 Jan 19:45 | GW25:ARS(A) 0-1:02 Feb 15:00 | GW26:RDG(H) 2-1:09 Feb 15:00 | GW27:FUL(A) 0-1:23 Feb 12:45 | GW28:WHU(H) 0-1:02 Mar 15:00 | GW29:NEW(A) 1-2:10 Mar 15:00 | GW30:WBA(H) 0-0:16 Mar 15:00 | GW31:EVE(A) 0-1:30 Mar 17:30 | GW32:AVL(H) 1-3:06 Apr 15:00 | GW33:MUN(H) 0-2:14 Apr 14:05 | GW34:QPR(A) 2-0:20 Apr 15:00 | GW35:NOR(H) 1-0:27 Apr 15:00 | GW36:SUN(A) 1-1:06 May 20:00 | GW37:TOT(H) 1-2:12 May 13:30 | GW38:SOU(A) 1-1:19 May 16:00
49724,Franco Di Santo,912,Franco Di Santo,452,EXACT,Wigan,1,33,69,-843,0,0,0,1,1,1,GW33:MUN(H) 1-0:11 April 19:45
11378,Mike Williamson,2565,Mike Williamson,229,EXACT,Newcastle,38,1 2 3 4 5 6 7 8 9 10 11 12 13 14 15 16 17 18 19 20 21 22 23 24 25 26 27 28 29 30 31 32 33 34 35 36 37 38,1710,-855,0,0,1,35,4,8,GW1:TOT(H) 2-1:18 Aug 17:30 | GW2:CHE(A) 0-2:25 Aug 17:30 | GW3:AVL(H) 1-1:02 Sep 16:00 | GW4:EVE(A) 2-2:17 Sep 20:00 | GW5:NOR(H) 1-0:23 Sep 15:00 | GW6:RDG(A) 2-2:29 Sep 15:00 | GW7:MUN(H) 0-3:07 Oct 16:00 | GW8:SUN(A) 1-1:21 Oct 13:30 | GW9:WBA(H) 2-1:28 Oct 15:00 | GW10:LIV(A) 1-1:04 Nov 16:00 | GW11:WHU(H) 0-1:11 Nov 15:00 | GW12:SWA(H) 1-2:17 Nov 15:00 | GW13:SOU(A) 0-2:25 Nov 15:00 | GW14:STK(A) 1-2:28 Nov 19:45 | GW15:WIG(H) 3-0:03 Dec 20:00 | GW16:FUL(A) 1-2:10 Dec 20:00 | GW17:MCI(H) 1-3:15 Dec 12:45 | GW18:QPR(H) 1-0:22 Dec 15:00 | GW19:MUN(A) 3-4:26 Dec 15:00 | GW20:ARS(A) 3-7:29 Dec 17:30 | GW21:EVE(H) 1-2:02 Jan 20:00 | GW22:NOR(A) 0-0:12 Jan 15:00 | GW23:RDG(H) 1-2:19 Jan 15:00 | GW24:AVL(A) 2-1:29 Jan 19:45 | GW25:CHE(H) 3-2:02 Feb 15:00 | GW26:TOT(A) 1-2:09 Feb 12:45 | GW27:SOU(H) 4-2:24 Feb 13:30 | GW28:SWA(A) 0-1:02 Mar 15:00 | GW29:STK(H) 2-1:10 Mar 15:00 | GW30:WIG(A) 1-2:17 Mar 16:00 | GW31:MCI(A) 0-4:30 Mar 15:00 | GW32:FUL(H) 1-0:07 Apr 15:00 | GW33:SUN(H) 0-3:14 Apr 12:00 | GW34:WBA(A) 1-1:20 Apr 15:00 | GW35:LIV(H) 0-6:27 Apr 17:30 | GW36:WHU(A) 0-0:04 May 15:00 | GW37:QPR(A) 2-1:12 May 15:00 | GW38:ARS(H) 0-1:19 May 16:00
6251,Abdoulaye Méité,855,Abdoulaye Meite,416,EXACT,West Brom,2,27 33,0,-855,0,0,0,0,0,0,GW27:CHE(H) 1-0:03 March 15:00 | GW33:MCI(A) 0-4:11 April 19:45
28593,Victor Anichebe,771,Victor Anichebe,113,EXACT,Everton,37,1 2 3 4 5 6 7 8 9 10 11 12 13 14 15 16 17 18 19 20 21 22 23 24 25 26 27 28 30 31 32 33 34 35 36 37 38,1626,855,6,5,10,87,9,2,GW1:MUN(H) 1-0:20 Aug 20:00 | GW2:AVL(A) 3-1:25 Aug 15:00 | GW3:WBA(A) 0-2:01 Sep 15:00 | GW4:NEW(H) 2-2:17 Sep 20:00 | GW5:SWA(A) 3-0:22 Sep 12:45 | GW6:SOU(H) 3-1:29 Sep 15:00 | GW7:WIG(A) 2-2:06 Oct 15:00 | GW8:QPR(A) 1-1:21 Oct 16:00 | GW9:LIV(H) 2-2:28 Oct 13:30 | GW10:FUL(A) 2-2:03 Nov 15:00 | GW11:SUN(H) 2-1:10 Nov 15:00 | GW12:RDG(A) 1-2:17 Nov 15:00 | GW13:NOR(H) 1-1:24 Nov 15:00 | GW14:ARS(H) 1-1:28 Nov 19:45 | GW15:MCI(A) 1-1:01 Dec 15:00 | GW16:TOT(H) 2-1:09 Dec 15:00 | GW17:STK(A) 1-1:15 Dec 15:00 | GW18:WHU(A) 2-1:22 Dec 15:00 | GW19:WIG(H) 2-1:26 Dec 15:00 | GW20:CHE(H) 1-2:30 Dec 13:30 | GW21:NEW(A) 2-1:02 Jan 20:00 | GW22:SWA(H) 0-0:12 Jan 15:00 | GW23:SOU(A) 0-0:21 Jan 20:00 | GW24:WBA(H) 2-1:30 Jan 19:45 | GW25:AVL(H) 3-3:02 Feb 15:00 | GW26:MUN(A) 0-2:10 Feb 16:00 | GW27:NOR(A) 1-2:23 Feb 15:00 | GW28:RDG(H) 3-1:02 Mar 15:00 | GW30:MCI(H) 2-0:16 Mar 12:45 | GW31:STK(H) 1-0:30 Mar 17:30 | GW32:TOT(A) 2-2:07 Apr 14:05 | GW33:ARS(A) 0-0:16 Apr 19:45 | GW34:SUN(A) 0-1:20 Apr 15:00 | GW35:FUL(H) 1-0:27 Apr 15:00 | GW36:LIV(A) 0-0:05 May 13:30 | GW37:WHU(H) 2-0:12 May 15:00 | GW38:CHE(A) 1-2:19 May 16:00
3118,Jason Roberts,1471,Jason Roberts,330,EXACT,Reading,36,1 4 5 6 7 8 9 10 11 12 13 14 15 16 17 18 19 20 21 22 23 24 25 26 27 28 29 30 31 32 33 34 35 36 37 38,615,-856,1,0,0,18,2,2,GW1:CHE(A) 2-4:22 Aug 19:45 | GW4:TOT(H) 1-3:16 Sep 16:00 | GW5:WBA(A) 0-1:22 Sep 15:00 | GW6:NEW(H) 2-2:29 Sep 15:00 | GW7:SWA(A) 2-2:06 Oct 15:00 | GW8:LIV(A) 0-1:20 Oct 15:00 | GW9:FUL(H) 3-3:27 Oct 15:00 | GW10:QPR(A) 1-1:04 Nov 13:30 | GW11:NOR(H) 0-0:10 Nov 15:00 | GW12:EVE(H) 2-1:17 Nov 15:00 | GW13:WIG(A) 2-3:24 Nov 15:00 | GW14:AVL(A) 0-1:27 Nov 20:00 | GW15:MUN(H) 3-4:01 Dec 17:30 | GW16:SUN(A) 0-3:11 Dec 19:45 | GW17:ARS(H) 2-5:17 Dec 20:00 | GW18:MCI(A) 0-1:22 Dec 15:00 | GW19:SWA(H) 0-0:26 Dec 15:00 | GW20:WHU(H) 1-0:29 Dec 15:00 | GW21:TOT(A) 1-3:01 Jan 15:00 | GW22:WBA(H) 3-2:12 Jan 15:00 | GW23:NEW(A) 2-1:19 Jan 15:00 | GW24:CHE(H) 2-2:30 Jan 20:00 | GW25:SUN(H) 2-1:02 Feb 15:00 | GW26:STK(A) 1-2:09 Feb 15:00 | GW27:WIG(H) 0-3:23 Feb 15:00 | GW28:EVE(A) 1-3:02 Mar 15:00 | GW29:AVL(H) 1-2:09 Mar 15:00 | GW30:MUN(A) 0-1:16 Mar 17:30 | GW31:ARS(A) 1-4:30 Mar 15:00 | GW32:SOU(H) 0-2:06 Apr 12:45 | GW33:LIV(H) 0-0:13 Apr 15:00 | GW34:NOR(A) 1-2:20 Apr 15:00 | GW35:QPR(H) 0-0:28 Apr 13:30 | GW36:FUL(A) 4-2:04 May 15:00 | GW37:MCI(H) 0-2:14 May 20:00 | GW38:WHU(A) 2-4:19 May 16:00
41270,David Luiz,953,David Luiz,92,EXACT,Chelsea,1,29,90,-863,0,0,0,1,0,0,GW29:MCI(A) 1-2:21 March 19:45
3785,Ashley Cole,3387,Ashley Cole,72,EXACT,Chelsea,35,1 2 4 5 6 7 8 9 10 11 12 13 14 15 16 18 19 20 21 22 23 24 25 26 27 28 30 31 32 33 34 35 36 37 38,2520,-867,2,1,6,102,10,3,GW1:RDG(H) 4-2:22 Aug 19:45 | GW2:NEW(H) 2-0:25 Aug 17:30 | GW4:QPR(A) 0-0:15 Sep 15:00 | GW5:STK(H) 1-0:22 Sep 15:00 | GW6:ARS(A) 2-1:29 Sep 12:45 | GW7:NOR(H) 4-1:06 Oct 15:00 | GW8:TOT(A) 4-2:20 Oct 12:45 | GW9:MUN(H) 2-3:28 Oct 16:00 | GW10:SWA(A) 1-1:03 Nov 15:00 | GW11:LIV(H) 1-1:11 Nov 16:00 | GW12:WBA(A) 1-2:17 Nov 15:00 | GW13:MCI(H) 0-0:25 Nov 16:00 | GW14:FUL(H) 0-0:28 Nov 19:45 | GW15:WHU(A) 1-3:01 Dec 12:45 | GW16:SUN(A) 3-1:08 Dec 15:00 | GW18:AVL(H) 8-0:23 Dec 16:00 | GW19:NOR(A) 1-0:26 Dec 15:00 | GW20:EVE(A) 2-1:30 Dec 13:30 | GW21:QPR(H) 0-1:02 Jan 19:45 | GW22:SOU(H) 2-2:16 Jan 19:45 | GW23:ARS(H) 2-1:20 Jan 13:30 | GW24:RDG(A) 2-2:30 Jan 20:00 | GW25:NEW(A) 2-3:02 Feb 15:00 | GW26:WIG(H) 4-1:09 Feb 15:00 | GW27:MCI(A) 0-2:24 Feb 13:30 | GW28:WBA(H) 1-0:02 Mar 15:00 | GW30:WHU(H) 2-0:17 Mar 16:00 | GW31:SOU(A) 1-2:30 Mar 15:00 | GW32:SUN(H) 2-1:07 Apr 15:00 | GW33:FUL(A) 3-0:17 Apr 20:00 | GW34:LIV(A) 2-2:21 Apr 16:00 | GW35:SWA(H) 2-0:28 Apr 15:00 | GW36:TOT(H) 2-2:08 May 19:45 | GW37:AVL(A) 2-1:11 May 12:45 | GW38:EVE(H) 2-1:19 May 16:00
16236,David Edwards,921,David Edwards,472,EXACT,Wolves,1,33,52,-869,0,0,0,1,0,0,GW33:ARS(H) 0-3:11 April 19:45
19556,David Jones,955,David Jones,507,EXACT,Wigan,2,19 29,85,-870,0,0,0,2,0,0,GW19:STO(A) 2-2:31 Dec. 15:00 | GW29:WBA(H) 1-1:17 March 15:00
12297,Robin van Persie,1768,Robin Van Persie,26,EXACT,Man Utd,12,1 2 3 4 5 6 7 8 9 10 20 30,875,-893,4,9,16,80,2,3,GW1:EVE(A) 0-1:20 Aug 20:00 | GW2:FUL(H) 3-2:25 Aug 15:00 | GW3:SOU(A) 3-2:02 Sep 16:00 | GW4:WIG(H) 4-0:15 Sep 15:00 | GW5:LIV(A) 2-1:23 Sep 13:30 | GW6:TOT(H) 2-3:29 Sep 17:30 | GW7:NEW(A) 3-0:07 Oct 16:00 | GW8:STK(H) 4-2:20 Oct 15:00 | GW9:CHE(A) 3-2:28 Oct 16:00 | GW10:ARS(H) 2-1:03 Nov 12:45 | GW20:WBA(H) 2-0:29 Dec 15:00 | GW30:RDG(H) 1-0:16 Mar 17:30
37642,Jonny Evans,1006,Jonny Evans,204,EXACT,Man Utd,37,1 2 3 4 5 6 7 8 9 10 11 12 13 14 15 16 17 18 19 20 21 22 23 24 25 26 27 28 30 31 32 33 34 35 36 37 38,1902,896,2,3,11,99,8,2,GW1:EVE(A) 0-1:20 Aug 20:00 | GW2:FUL(H) 3-2:25 Aug 15:00 | GW3:SOU(A) 3-2:02 Sep 16:00 | GW4:WIG(H) 4-0:15 Sep 15:00 | GW5:LIV(A) 2-1:23 Sep 13:30 | GW6:TOT(H) 2-3:29 Sep 17:30 | GW7:NEW(A) 3-0:07 Oct 16:00 | GW8:STK(H) 4-2:20 Oct 15:00 | GW9:CHE(A) 3-2:28 Oct 16:00 | GW10:ARS(H) 2-1:03 Nov 12:45 | GW11:AVL(A) 3-2:10 Nov 17:30 | GW12:NOR(A) 0-1:17 Nov 17:30 | GW13:QPR(H) 3-1:24 Nov 15:00 | GW14:WHU(H) 1-0:28 Nov 20:00 | GW15:RDG(A) 4-3:01 Dec 17:30 | GW16:MCI(A) 3-2:09 Dec 13:30 | GW17:SUN(H) 3-1:15 Dec 15:00 | GW18:SWA(A) 1-1:23 Dec 13:30 | GW19:NEW(H) 4-3:26 Dec 15:00 | GW20:WBA(H) 2-0:29 Dec 15:00 | GW21:WIG(A) 4-0:01 Jan 15:00 | GW22:LIV(H) 2-1:13 Jan 13:30 | GW23:TOT(A) 1-1:20 Jan 16:00 | GW24:SOU(H) 2-1:30 Jan 20:00 | GW25:FUL(A) 1-0:02 Feb 17:30 | GW26:EVE(H) 2-0:10 Feb 16:00 | GW27:QPR(A) 2-0:23 Feb 15:00 | GW28:NOR(H) 4-0:02 Mar 15:00 | GW30:RDG(H) 1-0:16 Mar 17:30 | GW31:SUN(A) 1-0:30 Mar 12:45 | GW32:MCI(H) 1-2:08 Apr 20:00 | GW33:WHU(A) 2-2:17 Apr 19:45 | GW34:AVL(H) 3-0:22 Apr 20:00 | GW35:ARS(A) 1-1:28 Apr 16:00 | GW36:CHE(H) 0-1:05 May 16:00 | GW37:SWA(H) 2-1:12 May 16:00 | GW38:WBA(A) 5-5:19 May 16:00
7525,Steven Pienaar,2068,Steven Pienaar,456,EXACT,Everton,37,1 2 3 4 5 6 7 8 9 10 11 12 13 14 15 16 17 18 19 20 21 22 23 24 25 26 27 28 30 31 32 33 34 35 36 37 38,2965,897,8,6,17,139,10,4,GW1:MUN(H) 1-0:20 Aug 20:00 | GW2:AVL(A) 3-1:25 Aug 15:00 | GW3:WBA(A) 0-2:01 Sep 15:00 | GW4:NEW(H) 2-2:17 Sep 20:00 | GW5:SWA(A) 3-0:22 Sep 12:45 | GW6:SOU(H) 3-1:29 Sep 15:00 | GW7:WIG(A) 2-2:06 Oct 15:00 | GW8:QPR(A) 1-1:21 Oct 16:00 | GW9:LIV(H) 2-2:28 Oct 13:30 | GW10:FUL(A) 2-2:03 Nov 15:00 | GW11:SUN(H) 2-1:10 Nov 15:00 | GW12:RDG(A) 1-2:17 Nov 15:00 | GW13:NOR(H) 1-1:24 Nov 15:00 | GW14:ARS(H) 1-1:28 Nov 19:45 | GW15:MCI(A) 1-1:01 Dec 15:00 | GW16:TOT(H) 2-1:09 Dec 15:00 | GW17:STK(A) 1-1:15 Dec 15:00 | GW18:WHU(A) 2-1:22 Dec 15:00 | GW19:WIG(H) 2-1:26 Dec 15:00 | GW20:CHE(H) 1-2:30 Dec 13:30 | GW21:NEW(A) 2-1:02 Jan 20:00 | GW22:SWA(H) 0-0:12 Jan 15:00 | GW23:SOU(A) 0-0:21 Jan 20:00 | GW24:WBA(H) 2-1:30 Jan 19:45 | GW25:AVL(H) 3-3:02 Feb 15:00 | GW26:MUN(A) 0-2:10 Feb 16:00 | GW27:NOR(A) 1-2:23 Feb 15:00 | GW28:RDG(H) 3-1:02 Mar 15:00 | GW30:MCI(H) 2-0:16 Mar 12:45 | GW31:STK(H) 1-0:30 Mar 17:30 | GW32:TOT(A) 2-2:07 Apr 14:05 | GW33:ARS(A) 0-0:16 Apr 19:45 | GW34:SUN(A) 0-1:20 Apr 15:00 | GW35:FUL(H) 1-0:27 Apr 15:00 | GW36:LIV(A) 0-0:05 May 13:30 | GW37:WHU(H) 2-0:12 May 15:00 | GW38:CHE(A) 1-2:19 May 16:00
40349,Asmir Begovic,2520,Asmir Begovic,355,EXACT,Stoke City,38,1 2 3 4 5 6 7 8 9 10 11 12 13 14 15 16 17 18 19 20 21 22 23 24 25 26 27 28 29 30 31 32 33 34 35 36 37 38,3420,900,0,0,8,144,12,3,GW1:RDG(A) 1-1:18 Aug 15:00 | GW2:ARS(H) 0-0:26 Aug 13:30 | GW3:WIG(A) 2-2:01 Sep 15:00 | GW4:MCI(H) 1-1:15 Sep 15:00 | GW5:CHE(A) 0-1:22 Sep 15:00 | GW6:SWA(H) 2-0:29 Sep 15:00 | GW7:LIV(A) 0-0:07 Oct 15:00 | GW8:MUN(A) 2-4:20 Oct 15:00 | GW9:SUN(H) 0-0:27 Oct 15:00 | GW10:NOR(A) 0-1:03 Nov 15:00 | GW11:QPR(H) 1-0:10 Nov 15:00 | GW12:WHU(A) 1-1:19 Nov 20:00 | GW13:FUL(H) 1-0:24 Nov 15:00 | GW14:NEW(H) 2-1:28 Nov 19:45 | GW15:WBA(A) 1-0:01 Dec 15:00 | GW16:AVL(A) 0-0:08 Dec 15:00 | GW17:EVE(H) 1-1:15 Dec 15:00 | GW18:TOT(A) 0-0:22 Dec 15:00 | GW19:LIV(H) 3-1:26 Dec 19:45 | GW20:SOU(H) 3-3:29 Dec 15:00 | GW21:MCI(A) 0-3:01 Jan 15:00 | GW22:CHE(H) 0-4:12 Jan 15:00 | GW23:SWA(A) 1-3:19 Jan 15:00 | GW24:WIG(H) 2-2:29 Jan 19:45 | GW25:ARS(A) 0-1:02 Feb 15:00 | GW26:RDG(H) 2-1:09 Feb 15:00 | GW27:FUL(A) 0-1:23 Feb 12:45 | GW28:WHU(H) 0-1:02 Mar 15:00 | GW29:NEW(A) 1-2:10 Mar 15:00 | GW30:WBA(H) 0-0:16 Mar 15:00 | GW31:EVE(A) 0-1:30 Mar 17:30 | GW32:AVL(H) 1-3:06 Apr 15:00 | GW33:MUN(H) 0-2:14 Apr 14:05 | GW34:QPR(A) 2-0:20 Apr 15:00 | GW35:NOR(H) 1-0:27 Apr 15:00 | GW36:SUN(A) 1-1:06 May 20:00 | GW37:TOT(H) 1-2:12 May 13:30 | GW38:SOU(A) 1-1:19 May 16:00
15864,Michael Turner,1305,Michael Turner,383,EXACT,Norwich,38,1 2 3 4 5 6 7 8 9 10 11 12 13 14 15 16 17 18 19 20 21 22 23 24 25 26 27 28 29 30 31 32 33 34 35 36 37 38,2223,918,0,3,10,86,7,6,GW1:FUL(A) 0-5:18 Aug 15:00 | GW2:QPR(H) 1-1:25 Aug 15:00 | GW3:TOT(A) 1-1:01 Sep 15:00 | GW4:WHU(H) 0-0:15 Sep 12:45 | GW5:NEW(A) 0-1:23 Sep 15:00 | GW6:LIV(H) 2-5:29 Sep 15:00 | GW7:CHE(A) 1-4:06 Oct 15:00 | GW8:ARS(H) 1-0:20 Oct 17:30 | GW9:AVL(A) 1-1:27 Oct 12:45 | GW10:STK(H) 1-0:03 Nov 15:00 | GW11:RDG(A) 0-0:10 Nov 15:00 | GW12:MUN(H) 1-0:17 Nov 17:30 | GW13:EVE(A) 1-1:24 Nov 15:00 | GW14:SOU(A) 1-1:28 Nov 19:45 | GW15:SUN(H) 2-1:02 Dec 16:00 | GW16:SWA(A) 4-3:08 Dec 15:00 | GW17:WIG(H) 2-1:15 Dec 15:00 | GW18:WBA(A) 1-2:22 Dec 15:00 | GW19:CHE(H) 0-1:26 Dec 15:00 | GW20:MCI(H) 3-4:29 Dec 15:00 | GW21:WHU(A) 1-2:01 Jan 15:00 | GW22:NEW(H) 0-0:12 Jan 15:00 | GW23:LIV(A) 0-5:19 Jan 15:00 | GW24:TOT(H) 1-1:30 Jan 19:45 | GW25:QPR(A) 0-0:02 Feb 12:45 | GW26:FUL(H) 0-0:09 Feb 15:00 | GW27:EVE(H) 2-1:23 Feb 15:00 | GW28:MUN(A) 0-4:02 Mar 15:00 | GW29:SOU(H) 0-0:09 Mar 15:00 | GW30:SUN(A) 1-1:17 Mar 13:30 | GW31:WIG(A) 0-1:30 Mar 15:00 | GW32:SWA(H) 2-2:06 Apr 15:00 | GW33:ARS(A) 1-3:13 Apr 15:00 | GW34:RDG(H) 2-1:20 Apr 15:00 | GW35:STK(A) 0-1:27 Apr 15:00 | GW36:AVL(H) 1-2:04 May 15:00 | GW37:WBA(H) 4-0:12 May 15:00 | GW38:MCI(A) 3-2:19 May 16:00
49384,Jack Rodwell,1412,Jack Rodwell,102,EXACT,Man City,37,1 2 3 4 5 6 7 8 9 10 11 12 13 14 15 16 17 18 19 20 21 22 23 24 25 26 27 28 30 31 32 33 34 35 36 37 38,492,-920,0,2,3,26,1,2,GW1:SOU(H) 3-2:19 Aug 16:00 | GW2:LIV(A) 2-2:26 Aug 16:00 | GW3:QPR(H) 3-1:01 Sep 17:30 | GW4:STK(A) 1-1:15 Sep 15:00 | GW5:ARS(H) 1-1:23 Sep 16:00 | GW6:FUL(A) 2-1:29 Sep 15:00 | GW7:SUN(H) 3-0:06 Oct 12:45 | GW8:WBA(A) 2-1:20 Oct 15:00 | GW9:SWA(H) 1-0:27 Oct 17:30 | GW10:WHU(A) 0-0:03 Nov 17:30 | GW11:TOT(H) 2-1:11 Nov 13:30 | GW12:AVL(H) 5-0:17 Nov 15:00 | GW13:CHE(A) 0-0:25 Nov 16:00 | GW14:WIG(A) 2-0:28 Nov 20:00 | GW15:EVE(H) 1-1:01 Dec 15:00 | GW16:MUN(H) 2-3:09 Dec 13:30 | GW17:NEW(A) 3-1:15 Dec 12:45 | GW18:RDG(H) 1-0:22 Dec 15:00 | GW19:SUN(A) 0-1:26 Dec 15:00 | GW20:NOR(A) 4-3:29 Dec 15:00 | GW21:STK(H) 3-0:01 Jan 15:00 | GW22:ARS(A) 2-0:13 Jan 16:00 | GW23:FUL(H) 2-0:19 Jan 15:00 | GW24:QPR(A) 0-0:29 Jan 19:45 | GW25:LIV(H) 2-2:03 Feb 16:00 | GW26:SOU(A) 1-3:09 Feb 17:30 | GW27:CHE(H) 2-0:24 Feb 13:30 | GW28:AVL(A) 1-0:04 Mar 20:00 | GW30:EVE(A) 0-2:16 Mar 12:45 | GW31:NEW(H) 4-0:30 Mar 15:00 | GW32:MUN(A) 2-1:08 Apr 20:00 | GW33:WIG(H) 1-0:17 Apr 19:45 | GW34:TOT(A) 1-3:21 Apr 13:30 | GW35:WHU(H) 2-1:27 Apr 12:45 | GW36:WBA(H) 1-0:07 May 19:45 | GW37:RDG(A) 2-0:14 May 20:00 | GW38:NOR(H) 2-3:19 May 16:00
12450,Kolo Touré,1845,Kolo Toure,180,EXACT,Man City,37,1 2 3 4 5 6 7 8 9 10 11 12 13 14 15 16 17 18 19 20 21 22 23 24 25 26 27 28 30 31 32 33 34 35 36 37 38,922,-923,0,0,3,44,5,2,GW1:SOU(H) 3-2:19 Aug 16:00 | GW2:LIV(A) 2-2:26 Aug 16:00 | GW3:QPR(H) 3-1:01 Sep 17:30 | GW4:STK(A) 1-1:15 Sep 15:00 | GW5:ARS(H) 1-1:23 Sep 16:00 | GW6:FUL(A) 2-1:29 Sep 15:00 | GW7:SUN(H) 3-0:06 Oct 12:45 | GW8:WBA(A) 2-1:20 Oct 15:00 | GW9:SWA(H) 1-0:27 Oct 17:30 | GW10:WHU(A) 0-0:03 Nov 17:30 | GW11:TOT(H) 2-1:11 Nov 13:30 | GW12:AVL(H) 5-0:17 Nov 15:00 | GW13:CHE(A) 0-0:25 Nov 16:00 | GW14:WIG(A) 2-0:28 Nov 20:00 | GW15:EVE(H) 1-1:01 Dec 15:00 | GW16:MUN(H) 2-3:09 Dec 13:30 | GW17:NEW(A) 3-1:15 Dec 12:45 | GW18:RDG(H) 1-0:22 Dec 15:00 | GW19:SUN(A) 0-1:26 Dec 15:00 | GW20:NOR(A) 4-3:29 Dec 15:00 | GW21:STK(H) 3-0:01 Jan 15:00 | GW22:ARS(A) 2-0:13 Jan 16:00 | GW23:FUL(H) 2-0:19 Jan 15:00 | GW24:QPR(A) 0-0:29 Jan 19:45 | GW25:LIV(H) 2-2:03 Feb 16:00 | GW26:SOU(A) 1-3:09 Feb 17:30 | GW27:CHE(H) 2-0:24 Feb 13:30 | GW28:AVL(A) 1-0:04 Mar 20:00 | GW30:EVE(A) 0-2:16 Mar 12:45 | GW31:NEW(H) 4-0:30 Mar 15:00 | GW32:MUN(A) 2-1:08 Apr 20:00 | GW33:WIG(H) 1-0:17 Apr 19:45 | GW34:TOT(A) 1-3:21 Apr 13:30 | GW35:WHU(H) 2-1:27 Apr 12:45 | GW36:WBA(H) 1-0:07 May 19:45 | GW37:RDG(A) 2-0:14 May 20:00 | GW38:NOR(H) 2-3:19 May 16:00
17891,Diniyar Bilyaletdinov,923,Diniyar Bilyaletdinov,126,EXACT,Everton,1,29,0,-923,0,0,0,0,0,0,GW29:ARS(H) 0-1:21 March 20:00
8597,Tomas Rosicky,927,Tomas Rosicky,19,EXACT,Arsenal,12,1 2 3 4 5 6 7 8 9 10 20 30,0,-927,0,0,0,0,0,0,GW1:SUN(H) 0-0:18 Aug 15:00 | GW2:STK(A) 0-0:26 Aug 13:30 | GW3:LIV(A) 2-0:02 Sep 13:30 | GW4:SOU(H) 6-1:15 Sep 15:00 | GW5:MCI(A) 1-1:23 Sep 16:00 | GW6:CHE(H) 1-2:29 Sep 12:45 | GW7:WHU(A) 3-1:06 Oct 17:30 | GW8:NOR(A) 0-1:20 Oct 17:30 | GW9:QPR(H) 1-0:27 Oct 15:00 | GW10:MUN(A) 1-2:03 Nov 12:45 | GW20:NEW(H) 7-3:29 Dec 17:30 | GW30:SWA(A) 2-0:16 Mar 15:00
42544,Edin Dzeko,846,Edin Dzeko,192,EXACT,Man City,37,1 2 3 4 5 6 7 8 9 10 11 12 13 14 15 16 17 18 19 20 21 22 23 24 25 26 27 28 30 31 32 33 34 35 36 37 38,1778,932,6,14,12,129,9,4,GW1:SOU(H) 3-2:19 Aug 16:00 | GW2:LIV(A) 2-2:26 Aug 16:00 | GW3:QPR(H) 3-1:01 Sep 17:30 | GW4:STK(A) 1-1:15 Sep 15:00 | GW5:ARS(H) 1-1:23 Sep 16:00 | GW6:FUL(A) 2-1:29 Sep 15:00 | GW7:SUN(H) 3-0:06 Oct 12:45 | GW8:WBA(A) 2-1:20 Oct 15:00 | GW9:SWA(H) 1-0:27 Oct 17:30 | GW10:WHU(A) 0-0:03 Nov 17:30 | GW11:TOT(H) 2-1:11 Nov 13:30 | GW12:AVL(H) 5-0:17 Nov 15:00 | GW13:CHE(A) 0-0:25 Nov 16:00 | GW14:WIG(A) 2-0:28 Nov 20:00 | GW15:EVE(H) 1-1:01 Dec 15:00 | GW16:MUN(H) 2-3:09 Dec 13:30 | GW17:NEW(A) 3-1:15 Dec 12:45 | GW18:RDG(H) 1-0:22 Dec 15:00 | GW19:SUN(A) 0-1:26 Dec 15:00 | GW20:NOR(A) 4-3:29 Dec 15:00 | GW21:STK(H) 3-0:01 Jan 15:00 | GW22:ARS(A) 2-0:13 Jan 16:00 | GW23:FUL(H) 2-0:19 Jan 15:00 | GW24:QPR(A) 0-0:29 Jan 19:45 | GW25:LIV(H) 2-2:03 Feb 16:00 | GW26:SOU(A) 1-3:09 Feb 17:30 | GW27:CHE(H) 2-0:24 Feb 13:30 | GW28:AVL(A) 1-0:04 Mar 20:00 | GW30:EVE(A) 0-2:16 Mar 12:45 | GW31:NEW(H) 4-0:30 Mar 15:00 | GW32:MUN(A) 2-1:08 Apr 20:00 | GW33:WIG(H) 1-0:17 Apr 19:45 | GW34:TOT(A) 1-3:21 Apr 13:30 | GW35:WHU(H) 2-1:27 Apr 12:45 | GW36:WBA(H) 1-0:07 May 19:45 | GW37:RDG(A) 2-0:14 May 20:00 | GW38:NOR(H) 2-3:19 May 16:00
18846,James Perch,869,James Perch,228,EXACT,Newcastle,38,1 2 3 4 5 6 7 8 9 10 11 12 13 14 15 16 17 18 19 20 21 22 23 24 25 26 27 28 29 30 31 32 33 34 35 36 37 38,1821,952,0,1,0,37,3,8,GW1:TOT(H) 2-1:18 Aug 17:30 | GW2:CHE(A) 0-2:25 Aug 17:30 | GW3:AVL(H) 1-1:02 Sep 16:00 | GW4:EVE(A) 2-2:17 Sep 20:00 | GW5:NOR(H) 1-0:23 Sep 15:00 | GW6:RDG(A) 2-2:29 Sep 15:00 | GW7:MUN(H) 0-3:07 Oct 16:00 | GW8:SUN(A) 1-1:21 Oct 13:30 | GW9:WBA(H) 2-1:28 Oct 15:00 | GW10:LIV(A) 1-1:04 Nov 16:00 | GW11:WHU(H) 0-1:11 Nov 15:00 | GW12:SWA(H) 1-2:17 Nov 15:00 | GW13:SOU(A) 0-2:25 Nov 15:00 | GW14:STK(A) 1-2:28 Nov 19:45 | GW15:WIG(H) 3-0:03 Dec 20:00 | GW16:FUL(A) 1-2:10 Dec 20:00 | GW17:MCI(H) 1-3:15 Dec 12:45 | GW18:QPR(H) 1-0:22 Dec 15:00 | GW19:MUN(A) 3-4:26 Dec 15:00 | GW20:ARS(A) 3-7:29 Dec 17:30 | GW21:EVE(H) 1-2:02 Jan 20:00 | GW22:NOR(A) 0-0:12 Jan 15:00 | GW23:RDG(H) 1-2:19 Jan 15:00 | GW24:AVL(A) 2-1:29 Jan 19:45 | GW25:CHE(H) 3-2:02 Feb 15:00 | GW26:TOT(A) 1-2:09 Feb 12:45 | GW27:SOU(H) 4-2:24 Feb 13:30 | GW28:SWA(A) 0-1:02 Mar 15:00 | GW29:STK(H) 2-1:10 Mar 15:00 | GW30:WIG(A) 1-2:17 Mar 16:00 | GW31:MCI(A) 0-4:30 Mar 15:00 | GW32:FUL(H) 1-0:07 Apr 15:00 | GW33:SUN(H) 0-3:14 Apr 12:00 | GW34:WBA(A) 1-1:20 Apr 15:00 | GW35:LIV(H) 0-6:27 Apr 17:30 | GW36:WHU(A) 0-0:04 May 15:00 | GW37:QPR(A) 2-1:12 May 15:00 | GW38:ARS(H) 0-1:19 May 16:00
5750,Nicky Shorey,2311,Nicky Shorey,316,EXACT,Reading,36,1 4 5 6 7 8 9 10 11 12 13 14 15 16 17 18 19 20 21 22 23 24 25 26 27 28 29 30 31 32 33 34 35 36 37 38,1355,-956,4,0,3,39,1,0,GW1:CHE(A) 2-4:22 Aug 19:45 | GW4:TOT(H) 1-3:16 Sep 16:00 | GW5:WBA(A) 0-1:22 Sep 15:00 | GW6:NEW(H) 2-2:29 Sep 15:00 | GW7:SWA(A) 2-2:06 Oct 15:00 | GW8:LIV(A) 0-1:20 Oct 15:00 | GW9:FUL(H) 3-3:27 Oct 15:00 | GW10:QPR(A) 1-1:04 Nov 13:30 | GW11:NOR(H) 0-0:10 Nov 15:00 | GW12:EVE(H) 2-1:17 Nov 15:00 | GW13:WIG(A) 2-3:24 Nov 15:00 | GW14:AVL(A) 0-1:27 Nov 20:00 | GW15:MUN(H) 3-4:01 Dec 17:30 | GW16:SUN(A) 0-3:11 Dec 19:45 | GW17:ARS(H) 2-5:17 Dec 20:00 | GW18:MCI(A) 0-1:22 Dec 15:00 | GW19:SWA(H) 0-0:26 Dec 15:00 | GW20:WHU(H) 1-0:29 Dec 15:00 | GW21:TOT(A) 1-3:01 Jan 15:00 | GW22:WBA(H) 3-2:12 Jan 15:00 | GW23:NEW(A) 2-1:19 Jan 15:00 | GW24:CHE(H) 2-2:30 Jan 20:00 | GW25:SUN(H) 2-1:02 Feb 15:00 | GW26:STK(A) 1-2:09 Feb 15:00 | GW27:WIG(H) 0-3:23 Feb 15:00 | GW28:EVE(A) 1-3:02 Mar 15:00 | GW29:AVL(H) 1-2:09 Mar 15:00 | GW30:MUN(A) 0-1:16 Mar 17:30 | GW31:ARS(A) 1-4:30 Mar 15:00 | GW32:SOU(H) 0-2:06 Apr 12:45 | GW33:LIV(H) 0-0:13 Apr 15:00 | GW34:NOR(A) 1-2:20 Apr 15:00 | GW35:QPR(H) 0-0:28 Apr 13:30 | GW36:FUL(A) 4-2:04 May 15:00 | GW37:MCI(H) 0-2:14 May 20:00 | GW38:WHU(A) 2-4:19 May 16:00
12813,Jonathan Walters,2342,Jonathan Walters,374,EXACT,Stoke City,38,1 2 3 4 5 6 7 8 9 10 11 12 13 14 15 16 17 18 19 20 21 22 23 24 25 26 27 28 29 30 31 32 33 34 35 36 37 38,3303,961,3,8,16,141,12,4,GW1:RDG(A) 1-1:18 Aug 15:00 | GW2:ARS(H) 0-0:26 Aug 13:30 | GW3:WIG(A) 2-2:01 Sep 15:00 | GW4:MCI(H) 1-1:15 Sep 15:00 | GW5:CHE(A) 0-1:22 Sep 15:00 | GW6:SWA(H) 2-0:29 Sep 15:00 | GW7:LIV(A) 0-0:07 Oct 15:00 | GW8:MUN(A) 2-4:20 Oct 15:00 | GW9:SUN(H) 0-0:27 Oct 15:00 | GW10:NOR(A) 0-1:03 Nov 15:00 | GW11:QPR(H) 1-0:10 Nov 15:00 | GW12:WHU(A) 1-1:19 Nov 20:00 | GW13:FUL(H) 1-0:24 Nov 15:00 | GW14:NEW(H) 2-1:28 Nov 19:45 | GW15:WBA(A) 1-0:01 Dec 15:00 | GW16:AVL(A) 0-0:08 Dec 15:00 | GW17:EVE(H) 1-1:15 Dec 15:00 | GW18:TOT(A) 0-0:22 Dec 15:00 | GW19:LIV(H) 3-1:26 Dec 19:45 | GW20:SOU(H) 3-3:29 Dec 15:00 | GW21:MCI(A) 0-3:01 Jan 15:00 | GW22:CHE(H) 0-4:12 Jan 15:00 | GW23:SWA(A) 1-3:19 Jan 15:00 | GW24:WIG(H) 2-2:29 Jan 19:45 | GW25:ARS(A) 0-1:02 Feb 15:00 | GW26:RDG(H) 2-1:09 Feb 15:00 | GW27:FUL(A) 0-1:23 Feb 12:45 | GW28:WHU(H) 0-1:02 Mar 15:00 | GW29:NEW(A) 1-2:10 Mar 15:00 | GW30:WBA(H) 0-0:16 Mar 15:00 | GW31:EVE(A) 0-1:30 Mar 17:30 | GW32:AVL(H) 1-3:06 Apr 15:00 | GW33:MUN(H) 0-2:14 Apr 14:05 | GW34:QPR(A) 2-0:20 Apr 15:00 | GW35:NOR(H) 1-0:27 Apr 15:00 | GW36:SUN(A) 1-1:06 May 20:00 | GW37:TOT(H) 1-2:12 May 13:30 | GW38:SOU(A) 1-1:19 May 16:00
18953,Steven Fletcher,1395,Steven Fletcher,573,EXACT,Sunderland,36,3 4 5 6 7 8 9 10 11 12 13 14 15 16 17 18 19 20 21 22 23 24 25 26 27 28 29 30 31 32 33 34 35 36 37 38,2367,972,4,11,24,131,9,3,GW3:SWA(A) 2-2:01 Sep 15:00 | GW4:LIV(H) 1-1:15 Sep 17:30 | GW5:WHU(A) 1-1:22 Sep 15:00 | GW6:WIG(H) 1-0:29 Sep 15:00 | GW7:MCI(A) 0-3:06 Oct 12:45 | GW8:NEW(H) 1-1:21 Oct 13:30 | GW9:STK(A) 0-0:27 Oct 15:00 | GW10:AVL(H) 0-1:03 Nov 15:00 | GW11:EVE(A) 1-2:10 Nov 15:00 | GW12:FUL(A) 3-1:18 Nov 16:00 | GW13:WBA(H) 2-4:24 Nov 12:45 | GW14:QPR(H) 0-0:27 Nov 19:45 | GW15:NOR(A) 1-2:02 Dec 16:00 | GW16:RDG(H) 3-0:11 Dec 19:45 | GW17:MUN(A) 1-3:15 Dec 15:00 | GW18:SOU(A) 1-0:22 Dec 15:00 | GW19:MCI(H) 1-0:26 Dec 15:00 | GW20:TOT(H) 1-2:29 Dec 12:45 | GW21:LIV(A) 0-3:02 Jan 19:45 | GW22:WHU(H) 3-0:12 Jan 15:00 | GW23:WIG(A) 3-2:19 Jan 15:00 | GW24:SWA(H) 0-0:29 Jan 19:45 | GW25:RDG(A) 1-2:02 Feb 15:00 | GW26:ARS(H) 0-1:09 Feb 15:00 | GW27:WBA(A) 1-2:23 Feb 15:00 | GW28:FUL(H) 2-2:02 Mar 15:00 | GW29:QPR(A) 1-3:09 Mar 15:00 | GW30:NOR(H) 1-1:17 Mar 13:30 | GW31:MUN(H) 0-1:30 Mar 12:45 | GW32:CHE(A) 1-2:07 Apr 15:00 | GW33:NEW(A) 3-0:14 Apr 12:00 | GW34:EVE(H) 1-0:20 Apr 15:00 | GW35:AVL(A) 1-6:29 Apr 20:00 | GW36:STK(H) 1-1:06 May 20:00 | GW37:SOU(H) 1-1:12 May 15:00 | GW38:TOT(A) 0-1:19 May 16:00
2404,Michael Carrick,1975,Michael Carrick,210,EXACT,Man Utd,37,1 2 3 4 5 6 7 8 9 10 11 12 13 14 15 16 17 18 19 20 21 22 23 24 25 26 27 28 30 31 32 33 34 35 36 37 38,2954,979,4,0,4,90,10,3,GW1:EVE(A) 0-1:20 Aug 20:00 | GW2:FUL(H) 3-2:25 Aug 15:00 | GW3:SOU(A) 3-2:02 Sep 16:00 | GW4:WIG(H) 4-0:15 Sep 15:00 | GW5:LIV(A) 2-1:23 Sep 13:30 | GW6:TOT(H) 2-3:29 Sep 17:30 | GW7:NEW(A) 3-0:07 Oct 16:00 | GW8:STK(H) 4-2:20 Oct 15:00 | GW9:CHE(A) 3-2:28 Oct 16:00 | GW10:ARS(H) 2-1:03 Nov 12:45 | GW11:AVL(A) 3-2:10 Nov 17:30 | GW12:NOR(A) 0-1:17 Nov 17:30 | GW13:QPR(H) 3-1:24 Nov 15:00 | GW14:WHU(H) 1-0:28 Nov 20:00 | GW15:RDG(A) 4-3:01 Dec 17:30 | GW16:MCI(A) 3-2:09 Dec 13:30 | GW17:SUN(H) 3-1:15 Dec 15:00 | GW18:SWA(A) 1-1:23 Dec 13:30 | GW19:NEW(H) 4-3:26 Dec 15:00 | GW20:WBA(H) 2-0:29 Dec 15:00 | GW21:WIG(A) 4-0:01 Jan 15:00 | GW22:LIV(H) 2-1:13 Jan 13:30 | GW23:TOT(A) 1-1:20 Jan 16:00 | GW24:SOU(H) 2-1:30 Jan 20:00 | GW25:FUL(A) 1-0:02 Feb 17:30 | GW26:EVE(H) 2-0:10 Feb 16:00 | GW27:QPR(A) 2-0:23 Feb 15:00 | GW28:NOR(H) 4-0:02 Mar 15:00 | GW30:RDG(H) 1-0:16 Mar 17:30 | GW31:SUN(A) 1-0:30 Mar 12:45 | GW32:MCI(H) 1-2:08 Apr 20:00 | GW33:WHU(A) 2-2:17 Apr 19:45 | GW34:AVL(H) 3-0:22 Apr 20:00 | GW35:ARS(A) 1-1:28 Apr 16:00 | GW36:CHE(H) 0-1:05 May 16:00 | GW37:SWA(H) 2-1:12 May 16:00 | GW38:WBA(A) 5-5:19 May 16:00
19419,Gary Cahill,3214,Gary Cahill,66,EXACT,Chelsea,35,1 2 4 5 6 7 8 9 10 11 12 13 14 15 16 18 19 20 21 22 23 24 25 26 27 28 30 31 32 33 34 35 36 37 38,2219,-995,3,2,10,94,6,1,GW1:RDG(H) 4-2:22 Aug 19:45 | GW2:NEW(H) 2-0:25 Aug 17:30 | GW4:QPR(A) 0-0:15 Sep 15:00 | GW5:STK(H) 1-0:22 Sep 15:00 | GW6:ARS(A) 2-1:29 Sep 12:45 | GW7:NOR(H) 4-1:06 Oct 15:00 | GW8:TOT(A) 4-2:20 Oct 12:45 | GW9:MUN(H) 2-3:28 Oct 16:00 | GW10:SWA(A) 1-1:03 Nov 15:00 | GW11:LIV(H) 1-1:11 Nov 16:00 | GW12:WBA(A) 1-2:17 Nov 15:00 | GW13:MCI(H) 0-0:25 Nov 16:00 | GW14:FUL(H) 0-0:28 Nov 19:45 | GW15:WHU(A) 1-3:01 Dec 12:45 | GW16:SUN(A) 3-1:08 Dec 15:00 | GW18:AVL(H) 8-0:23 Dec 16:00 | GW19:NOR(A) 1-0:26 Dec 15:00 | GW20:EVE(A) 2-1:30 Dec 13:30 | GW21:QPR(H) 0-1:02 Jan 19:45 | GW22:SOU(H) 2-2:16 Jan 19:45 | GW23:ARS(H) 2-1:20 Jan 13:30 | GW24:RDG(A) 2-2:30 Jan 20:00 | GW25:NEW(A) 2-3:02 Feb 15:00 | GW26:WIG(H) 4-1:09 Feb 15:00 | GW27:MCI(A) 0-2:24 Feb 13:30 | GW28:WBA(H) 1-0:02 Mar 15:00 | GW30:WHU(H) 2-0:17 Mar 16:00 | GW31:SOU(A) 1-2:30 Mar 15:00 | GW32:SUN(H) 2-1:07 Apr 15:00 | GW33:FUL(A) 3-0:17 Apr 20:00 | GW34:LIV(A) 2-2:21 Apr 16:00 | GW35:SWA(H) 2-0:28 Apr 15:00 | GW36:TOT(H) 2-2:08 May 19:45 | GW37:AVL(A) 2-1:11 May 12:45 | GW38:EVE(H) 2-1:19 May 16:00
9007,Tony Hibbert,1450,Tony Hibbert,96,EXACT,Everton,37,1 2 3 4 5 6 7 8 9 10 11 12 13 14 15 16 17 18 19 20 21 22 23 24 25 26 27 28 30 31 32 33 34 35 36 37 38,433,-1017,0,0,0,12,1,1,GW1:MUN(H) 1-0:20 Aug 20:00 | GW2:AVL(A) 3-1:25 Aug 15:00 | GW3:WBA(A) 0-2:01 Sep 15:00 | GW4:NEW(H) 2-2:17 Sep 20:00 | GW5:SWA(A) 3-0:22 Sep 12:45 | GW6:SOU(H) 3-1:29 Sep 15:00 | GW7:WIG(A) 2-2:06 Oct 15:00 | GW8:QPR(A) 1-1:21 Oct 16:00 | GW9:LIV(H) 2-2:28 Oct 13:30 | GW10:FUL(A) 2-2:03 Nov 15:00 | GW11:SUN(H) 2-1:10 Nov 15:00 | GW12:RDG(A) 1-2:17 Nov 15:00 | GW13:NOR(H) 1-1:24 Nov 15:00 | GW14:ARS(H) 1-1:28 Nov 19:45 | GW15:MCI(A) 1-1:01 Dec 15:00 | GW16:TOT(H) 2-1:09 Dec 15:00 | GW17:STK(A) 1-1:15 Dec 15:00 | GW18:WHU(A) 2-1:22 Dec 15:00 | GW19:WIG(H) 2-1:26 Dec 15:00 | GW20:CHE(H) 1-2:30 Dec 13:30 | GW21:NEW(A) 2-1:02 Jan 20:00 | GW22:SWA(H) 0-0:12 Jan 15:00 | GW23:SOU(A) 0-0:21 Jan 20:00 | GW24:WBA(H) 2-1:30 Jan 19:45 | GW25:AVL(H) 3-3:02 Feb 15:00 | GW26:MUN(A) 0-2:10 Feb 16:00 | GW27:NOR(A) 1-2:23 Feb 15:00 | GW28:RDG(H) 3-1:02 Mar 15:00 | GW30:MCI(H) 2-0:16 Mar 12:45 | GW31:STK(H) 1-0:30 Mar 17:30 | GW32:TOT(A) 2-2:07 Apr 14:05 | GW33:ARS(A) 0-0:16 Apr 19:45 | GW34:SUN(A) 0-1:20 Apr 15:00 | GW35:FUL(H) 1-0:27 Apr 15:00 | GW36:LIV(A) 0-0:05 May 13:30 | GW37:WHU(H) 2-0:12 May 15:00 | GW38:CHE(A) 1-2:19 May 16:00
39336,Luis Suárez,1102,Luis Suarez,179,EXACT,Liverpool,1,29,81,-1021,0,0,0,2,0,0,GW29:QPR(A) 2-3:21 March 20:00
39253,Jonas Olsson,2125,Jonas Olsson,468,EXACT,West Brom,37,1 2 3 4 5 6 7 8 9 10 11 12 13 14 15 16 17 18 19 20 21 22 23 24 25 26 27 28 29 30 31 32 34 35 36 37 38,3150,1025,1,0,4,86,8,5,GW1:LIV(H) 3-0:18 Aug 15:00 | GW2:TOT(A) 1-1:25 Aug 15:00 | GW3:EVE(H) 2-0:01 Sep 15:00 | GW4:FUL(A) 0-3:15 Sep 15:00 | GW5:RDG(H) 1-0:22 Sep 15:00 | GW6:AVL(A) 1-1:30 Sep 16:00 | GW7:QPR(H) 3-2:06 Oct 15:00 | GW8:MCI(H) 1-2:20 Oct 15:00 | GW9:NEW(A) 1-2:28 Oct 15:00 | GW10:SOU(H) 2-0:05 Nov 20:00 | GW11:WIG(A) 2-1:10 Nov 15:00 | GW12:CHE(H) 2-1:17 Nov 15:00 | GW13:SUN(A) 4-2:24 Nov 12:45 | GW14:SWA(A) 1-3:28 Nov 19:45 | GW15:STK(H) 0-1:01 Dec 15:00 | GW16:ARS(A) 0-2:08 Dec 15:00 | GW17:WHU(H) 0-0:16 Dec 16:00 | GW18:NOR(H) 2-1:22 Dec 15:00 | GW19:QPR(A) 2-1:26 Dec 15:00 | GW20:MUN(A) 0-2:29 Dec 15:00 | GW21:FUL(H) 1-2:01 Jan 12:45 | GW22:RDG(A) 2-3:12 Jan 15:00 | GW23:AVL(H) 2-2:19 Jan 17:30 | GW24:EVE(A) 1-2:30 Jan 19:45 | GW25:TOT(H) 0-1:03 Feb 13:30 | GW26:LIV(A) 2-0:11 Feb 20:00 | GW27:SUN(H) 2-1:23 Feb 15:00 | GW28:CHE(A) 0-1:02 Mar 15:00 | GW29:SWA(H) 2-1:09 Mar 15:00 | GW30:STK(A) 0-0:16 Mar 15:00 | GW31:WHU(A) 1-3:30 Mar 15:00 | GW32:ARS(H) 1-2:06 Apr 15:00 | GW34:NEW(H) 1-1:20 Apr 15:00 | GW35:SOU(A) 3-0:27 Apr 15:00 | GW36:MCI(A) 0-1:07 May 19:45 | GW37:NOR(A) 0-4:12 May 15:00 | GW38:MUN(H) 5-5:19 May 16:00
15944,Michael Kightly,160,Michael Kightly,548,EXACT,Stoke City,38,1 2 3 4 5 6 7 8 9 10 11 12 13 14 15 16 17 18 19 20 21 22 23 24 25 26 27 28 29 30 31 32 33 34 35 36 37 38,1190,1030,1,3,5,64,7,2,GW1:RDG(A) 1-1:18 Aug 15:00 | GW2:ARS(H) 0-0:26 Aug 13:30 | GW3:WIG(A) 2-2:01 Sep 15:00 | GW4:MCI(H) 1-1:15 Sep 15:00 | GW5:CHE(A) 0-1:22 Sep 15:00 | GW6:SWA(H) 2-0:29 Sep 15:00 | GW7:LIV(A) 0-0:07 Oct 15:00 | GW8:MUN(A) 2-4:20 Oct 15:00 | GW9:SUN(H) 0-0:27 Oct 15:00 | GW10:NOR(A) 0-1:03 Nov 15:00 | GW11:QPR(H) 1-0:10 Nov 15:00 | GW12:WHU(A) 1-1:19 Nov 20:00 | GW13:FUL(H) 1-0:24 Nov 15:00 | GW14:NEW(H) 2-1:28 Nov 19:45 | GW15:WBA(A) 1-0:01 Dec 15:00 | GW16:AVL(A) 0-0:08 Dec 15:00 | GW17:EVE(H) 1-1:15 Dec 15:00 | GW18:TOT(A) 0-0:22 Dec 15:00 | GW19:LIV(H) 3-1:26 Dec 19:45 | GW20:SOU(H) 3-3:29 Dec 15:00 | GW21:MCI(A) 0-3:01 Jan 15:00 | GW22:CHE(H) 0-4:12 Jan 15:00 | GW23:SWA(A) 1-3:19 Jan 15:00 | GW24:WIG(H) 2-2:29 Jan 19:45 | GW25:ARS(A) 0-1:02 Feb 15:00 | GW26:RDG(H) 2-1:09 Feb 15:00 | GW27:FUL(A) 0-1:23 Feb 12:45 | GW28:WHU(H) 0-1:02 Mar 15:00 | GW29:NEW(A) 1-2:10 Mar 15:00 | GW30:WBA(H) 0-0:16 Mar 15:00 | GW31:EVE(A) 0-1:30 Mar 17:30 | GW32:AVL(H) 1-3:06 Apr 15:00 | GW33:MUN(H) 0-2:14 Apr 14:05 | GW34:QPR(A) 2-0:20 Apr 15:00 | GW35:NOR(H) 1-0:27 Apr 15:00 | GW36:SUN(A) 1-1:06 May 20:00 | GW37:TOT(H) 1-2:12 May 13:30 | GW38:SOU(A) 1-1:19 May 16:00
16734,Paulo Ferreira,1038,Paulo Ferreira,71,EXACT,Chelsea,35,1 2 4 5 6 7 8 9 10 11 12 13 14 15 16 18 19 20 21 22 23 24 25 26 27 28 30 31 32 33 34 35 36 37 38,3,-1035,0,0,0,1,0,0,GW1:RDG(H) 4-2:22 Aug 19:45 | GW2:NEW(H) 2-0:25 Aug 17:30 | GW4:QPR(A) 0-0:15 Sep 15:00 | GW5:STK(H) 1-0:22 Sep 15:00 | GW6:ARS(A) 2-1:29 Sep 12:45 | GW7:NOR(H) 4-1:06 Oct 15:00 | GW8:TOT(A) 4-2:20 Oct 12:45 | GW9:MUN(H) 2-3:28 Oct 16:00 | GW10:SWA(A) 1-1:03 Nov 15:00 | GW11:LIV(H) 1-1:11 Nov 16:00 | GW12:WBA(A) 1-2:17 Nov 15:00 | GW13:MCI(H) 0-0:25 Nov 16:00 | GW14:FUL(H) 0-0:28 Nov 19:45 | GW15:WHU(A) 1-3:01 Dec 12:45 | GW16:SUN(A) 3-1:08 Dec 15:00 | GW18:AVL(H) 8-0:23 Dec 16:00 | GW19:NOR(A) 1-0:26 Dec 15:00 | GW20:EVE(A) 2-1:30 Dec 13:30 | GW21:QPR(H) 0-1:02 Jan 19:45 | GW22:SOU(H) 2-2:16 Jan 19:45 | GW23:ARS(H) 2-1:20 Jan 13:30 | GW24:RDG(A) 2-2:30 Jan 20:00 | GW25:NEW(A) 2-3:02 Feb 15:00 | GW26:WIG(H) 4-1:09 Feb 15:00 | GW27:MCI(A) 0-2:24 Feb 13:30 | GW28:WBA(H) 1-0:02 Mar 15:00 | GW30:WHU(H) 2-0:17 Mar 16:00 | GW31:SOU(A) 1-2:30 Mar 15:00 | GW32:SUN(H) 2-1:07 Apr 15:00 | GW33:FUL(A) 3-0:17 Apr 20:00 | GW34:LIV(A) 2-2:21 Apr 16:00 | GW35:SWA(H) 2-0:28 Apr 15:00 | GW36:TOT(H) 2-2:08 May 19:45 | GW37:AVL(A) 2-1:11 May 12:45 | GW38:EVE(H) 2-1:19 May 16:00
16734,Paulo Ferreira,1038,Paulo Ferreira,96,EXACT,Chelsea,1,29,0,-1038,0,0,0,0,0,0,GW29:MCI(A) 1-2:21 March 19:45
41184,Marouane Fellaini,1654,Marouane Fellaini,105,EXACT,Everton,37,1 2 3 4 5 6 7 8 9 10 11 12 13 14 15 16 17 18 19 20 21 22 23 24 25 26 27 28 30 31 32 33 34 35 36 37 38,2694,1040,7,11,28,166,9,7,GW1:MUN(H) 1-0:20 Aug 20:00 | GW2:AVL(A) 3-1:25 Aug 15:00 | GW3:WBA(A) 0-2:01 Sep 15:00 | GW4:NEW(H) 2-2:17 Sep 20:00 | GW5:SWA(A) 3-0:22 Sep 12:45 | GW6:SOU(H) 3-1:29 Sep 15:00 | GW7:WIG(A) 2-2:06 Oct 15:00 | GW8:QPR(A) 1-1:21 Oct 16:00 | GW9:LIV(H) 2-2:28 Oct 13:30 | GW10:FUL(A) 2-2:03 Nov 15:00 | GW11:SUN(H) 2-1:10 Nov 15:00 | GW12:RDG(A) 1-2:17 Nov 15:00 | GW13:NOR(H) 1-1:24 Nov 15:00 | GW14:ARS(H) 1-1:28 Nov 19:45 | GW15:MCI(A) 1-1:01 Dec 15:00 | GW16:TOT(H) 2-1:09 Dec 15:00 | GW17:STK(A) 1-1:15 Dec 15:00 | GW18:WHU(A) 2-1:22 Dec 15:00 | GW19:WIG(H) 2-1:26 Dec 15:00 | GW20:CHE(H) 1-2:30 Dec 13:30 | GW21:NEW(A) 2-1:02 Jan 20:00 | GW22:SWA(H) 0-0:12 Jan 15:00 | GW23:SOU(A) 0-0:21 Jan 20:00 | GW24:WBA(H) 2-1:30 Jan 19:45 | GW25:AVL(H) 3-3:02 Feb 15:00 | GW26:MUN(A) 0-2:10 Feb 16:00 | GW27:NOR(A) 1-2:23 Feb 15:00 | GW28:RDG(H) 3-1:02 Mar 15:00 | GW30:MCI(H) 2-0:16 Mar 12:45 | GW31:STK(H) 1-0:30 Mar 17:30 | GW32:TOT(A) 2-2:07 Apr 14:05 | GW33:ARS(A) 0-0:16 Apr 19:45 | GW34:SUN(A) 0-1:20 Apr 15:00 | GW35:FUL(H) 1-0:27 Apr 15:00 | GW36:LIV(A) 0-0:05 May 13:30 | GW37:WHU(H) 2-0:12 May 15:00 | GW38:CHE(A) 1-2:19 May 16:00
1809,Jamie Carragher,2489,Jamie Carragher,152,EXACT,Liverpool,37,1 2 3 4 5 6 7 8 9 10 11 12 13 14 15 16 17 18 19 20 21 22 23 24 25 26 28 29 30 31 32 33 34 35 36 37 38,1445,-1044,1,0,0,64,8,4,GW1:WBA(A) 0-3:18 Aug 15:00 | GW2:MCI(H) 2-2:26 Aug 16:00 | GW3:ARS(H) 0-2:02 Sep 13:30 | GW4:SUN(A) 1-1:15 Sep 17:30 | GW5:MUN(H) 1-2:23 Sep 13:30 | GW6:NOR(A) 5-2:29 Sep 15:00 | GW7:STK(H) 0-0:07 Oct 15:00 | GW8:RDG(H) 1-0:20 Oct 15:00 | GW9:EVE(A) 2-2:28 Oct 13:30 | GW10:NEW(H) 1-1:04 Nov 16:00 | GW11:CHE(A) 1-1:11 Nov 16:00 | GW12:WIG(H) 3-0:17 Nov 15:00 | GW13:SWA(A) 0-0:25 Nov 13:30 | GW14:TOT(A) 1-2:28 Nov 19:45 | GW15:SOU(H) 1-0:01 Dec 15:00 | GW16:WHU(A) 3-2:09 Dec 16:00 | GW17:AVL(H) 1-3:15 Dec 15:00 | GW18:FUL(H) 4-0:22 Dec 17:30 | GW19:STK(A) 1-3:26 Dec 19:45 | GW20:QPR(A) 3-0:30 Dec 16:00 | GW21:SUN(H) 3-0:02 Jan 19:45 | GW22:MUN(A) 1-2:13 Jan 13:30 | GW23:NOR(H) 5-0:19 Jan 15:00 | GW24:ARS(A) 2-2:30 Jan 19:45 | GW25:MCI(A) 2-2:03 Feb 16:00 | GW26:SWA(H) 5-0:17 Feb 15:00 | GW28:WIG(A) 4-0:02 Mar 17:30 | GW29:TOT(H) 3-2:10 Mar 16:00 | GW30:SOU(A) 1-3:16 Mar 15:00 | GW31:AVL(A) 2-1:31 Mar 13:30 | GW32:WHU(H) 0-0:07 Apr 13:30 | GW33:RDG(A) 0-0:13 Apr 15:00 | GW34:CHE(H) 2-2:21 Apr 16:00 | GW35:NEW(A) 6-0:27 Apr 17:30 | GW36:EVE(H) 0-0:05 May 13:30 | GW37:FUL(A) 3-1:12 May 15:00 | GW38:QPR(H) 1-0:19 May 16:00
1212,Shaun Wright-Phillips,202,Shaun Wright-Phillips,289,EXACT,QPR,38,1 2 3 4 5 6 7 8 9 10 11 12 13 14 15 16 17 18 19 20 21 22 23 24 25 26 27 28 29 30 31 32 33 34 35 36 37 38,1246,1044,1,1,0,44,5,0,GW1:SWA(H) 0-5:18 Aug 15:00 | GW2:NOR(A) 1-1:25 Aug 15:00 | GW3:MCI(A) 1-3:01 Sep 17:30 | GW4:CHE(H) 0-0:15 Sep 15:00 | GW5:TOT(A) 1-2:23 Sep 16:00 | GW6:WHU(H) 1-2:01 Oct 20:00 | GW7:WBA(A) 2-3:06 Oct 15:00 | GW8:EVE(H) 1-1:21 Oct 16:00 | GW9:ARS(A) 0-1:27 Oct 15:00 | GW10:RDG(H) 1-1:04 Nov 13:30 | GW11:STK(A) 0-1:10 Nov 15:00 | GW12:SOU(H) 1-3:17 Nov 15:00 | GW13:MUN(A) 1-3:24 Nov 15:00 | GW14:SUN(A) 0-0:27 Nov 19:45 | GW15:AVL(H) 1-1:01 Dec 15:00 | GW16:WIG(A) 2-2:08 Dec 15:00 | GW17:FUL(H) 2-1:15 Dec 15:00 | GW18:NEW(A) 0-1:22 Dec 15:00 | GW19:WBA(H) 1-2:26 Dec 15:00 | GW20:LIV(H) 0-3:30 Dec 16:00 | GW21:CHE(A) 1-0:02 Jan 19:45 | GW22:TOT(H) 0-0:12 Jan 12:45 | GW23:WHU(A) 1-1:19 Jan 15:00 | GW24:MCI(H) 0-0:29 Jan 19:45 | GW25:NOR(H) 0-0:02 Feb 12:45 | GW26:SWA(A) 1-4:09 Feb 15:00 | GW27:MUN(H) 0-2:23 Feb 15:00 | GW28:SOU(A) 2-1:02 Mar 15:00 | GW29:SUN(H) 3-1:09 Mar 15:00 | GW30:AVL(A) 2-3:16 Mar 15:00 | GW31:FUL(A) 2-3:01 Apr 20:00 | GW32:WIG(H) 1-1:07 Apr 16:10 | GW33:EVE(A) 0-2:13 Apr 15:00 | GW34:STK(H) 0-2:20 Apr 15:00 | GW35:RDG(A) 0-0:28 Apr 13:30 | GW36:ARS(H) 0-1:04 May 17:30 | GW37:NEW(H) 1-2:12 May 15:00 | GW38:LIV(A) 0-1:19 May 16:00
42493,Mario Balotelli,1091,Mario Balotelli,202,EXACT,Man City,1,29,45,-1046,0,0,0,1,0,0,GW29:CHE(H) 2-1:21 March 19:45
11735,Steve Sidwell,1058,Steve Sidwell,129,EXACT,Fulham,37,1 2 3 4 5 6 7 8 9 10 11 12 13 14 15 16 17 18 19 20 21 22 23 24 25 26 27 28 30 31 32 33 34 35 36 37 38,2105,1047,2,4,13,83,6,7,GW1:NOR(H) 5-0:18 Aug 15:00 | GW2:MUN(A) 2-3:25 Aug 15:00 | GW3:WHU(A) 0-3:01 Sep 12:45 | GW4:WBA(H) 3-0:15 Sep 15:00 | GW5:WIG(A) 2-1:22 Sep 15:00 | GW6:MCI(H) 1-2:29 Sep 15:00 | GW7:SOU(A) 2-2:07 Oct 13:30 | GW8:AVL(H) 1-0:20 Oct 15:00 | GW9:RDG(A) 3-3:27 Oct 15:00 | GW10:EVE(H) 2-2:03 Nov 15:00 | GW11:ARS(A) 3-3:10 Nov 15:00 | GW12:SUN(H) 1-3:18 Nov 16:00 | GW13:STK(A) 0-1:24 Nov 15:00 | GW14:CHE(A) 0-0:28 Nov 19:45 | GW15:TOT(H) 0-3:01 Dec 15:00 | GW16:NEW(H) 2-1:10 Dec 20:00 | GW17:QPR(A) 1-2:15 Dec 15:00 | GW18:LIV(A) 0-4:22 Dec 17:30 | GW19:SOU(H) 1-1:26 Dec 15:00 | GW20:SWA(H) 1-2:29 Dec 15:00 | GW21:WBA(A) 2-1:01 Jan 12:45 | GW22:WIG(H) 1-1:12 Jan 15:00 | GW23:MCI(A) 0-2:19 Jan 15:00 | GW24:WHU(H) 3-1:30 Jan 20:00 | GW25:MUN(H) 0-1:02 Feb 17:30 | GW26:NOR(A) 0-0:09 Feb 15:00 | GW27:STK(H) 1-0:23 Feb 12:45 | GW28:SUN(A) 2-2:02 Mar 15:00 | GW30:TOT(A) 1-0:17 Mar 15:00 | GW31:QPR(H) 3-2:01 Apr 20:00 | GW32:NEW(A) 0-1:07 Apr 15:00 | GW33:CHE(H) 0-3:17 Apr 20:00 | GW34:ARS(H) 0-1:20 Apr 15:00 | GW35:EVE(A) 0-1:27 Apr 15:00 | GW36:RDG(H) 2-4:04 May 15:00 | GW37:LIV(H) 1-3:12 May 15:00 | GW38:SWA(A) 3-0:19 May 16:00
76359,Phil Jones,2176,Phil Jones,199,EXACT,Man Utd,37,1 2 3 4 5 6 7 8 9 10 11 12 13 14 15 16 17 18 19 20 21 22 23 24 25 26 27 28 30 31 32 33 34 35 36 37 38,1119,-1057,1,0,2,26,1,4,GW1:EVE(A) 0-1:20 Aug 20:00 | GW2:FUL(H) 3-2:25 Aug 15:00 | GW3:SOU(A) 3-2:02 Sep 16:00 | GW4:WIG(H) 4-0:15 Sep 15:00 | GW5:LIV(A) 2-1:23 Sep 13:30 | GW6:TOT(H) 2-3:29 Sep 17:30 | GW7:NEW(A) 3-0:07 Oct 16:00 | GW8:STK(H) 4-2:20 Oct 15:00 | GW9:CHE(A) 3-2:28 Oct 16:00 | GW10:ARS(H) 2-1:03 Nov 12:45 | GW11:AVL(A) 3-2:10 Nov 17:30 | GW12:NOR(A) 0-1:17 Nov 17:30 | GW13:QPR(H) 3-1:24 Nov 15:00 | GW14:WHU(H) 1-0:28 Nov 20:00 | GW15:RDG(A) 4-3:01 Dec 17:30 | GW16:MCI(A) 3-2:09 Dec 13:30 | GW17:SUN(H) 3-1:15 Dec 15:00 | GW18:SWA(A) 1-1:23 Dec 13:30 | GW19:NEW(H) 4-3:26 Dec 15:00 | GW20:WBA(H) 2-0:29 Dec 15:00 | GW21:WIG(A) 4-0:01 Jan 15:00 | GW22:LIV(H) 2-1:13 Jan 13:30 | GW23:TOT(A) 1-1:20 Jan 16:00 | GW24:SOU(H) 2-1:30 Jan 20:00 | GW25:FUL(A) 1-0:02 Feb 17:30 | GW26:EVE(H) 2-0:10 Feb 16:00 | GW27:QPR(A) 2-0:23 Feb 15:00 | GW28:NOR(H) 4-0:02 Mar 15:00 | GW30:RDG(H) 1-0:16 Mar 17:30 | GW31:SUN(A) 1-0:30 Mar 12:45 | GW32:MCI(H) 1-2:08 Apr 20:00 | GW33:WHU(A) 2-2:17 Apr 19:45 | GW34:AVL(H) 3-0:22 Apr 20:00 | GW35:ARS(A) 1-1:28 Apr 16:00 | GW36:CHE(H) 0-1:05 May 16:00 | GW37:SWA(H) 2-1:12 May 16:00 | GW38:WBA(A) 5-5:19 May 16:00
11735,Steve Sidwell,1058,Steve Sidwell,147,EXACT,Fulham,1,27,0,-1058,0,0,0,0,0,0,GW27:WOL(H) 5-0:04 March 14:05
55909,Chris Smalling,1082,Chris Smalling,208,EXACT,Man Utd,1,29,17,-1065,0,0,0,1,0,0,GW29:WOL(A) 5-0:18 March 13:30
15968,Chris Baird,2386,Chris Baird,125,EXACT,Fulham,37,1 2 3 4 5 6 7 8 9 10 11 12 13 14 15 16 17 18 19 20 21 22 23 24 25 26 27 28 30 31 32 33 34 35 36 37 38,1320,-1066,0,2,3,45,2,5,GW1:NOR(H) 5-0:18 Aug 15:00 | GW2:MUN(A) 2-3:25 Aug 15:00 | GW3:WHU(A) 0-3:01 Sep 12:45 | GW4:WBA(H) 3-0:15 Sep 15:00 | GW5:WIG(A) 2-1:22 Sep 15:00 | GW6:MCI(H) 1-2:29 Sep 15:00 | GW7:SOU(A) 2-2:07 Oct 13:30 | GW8:AVL(H) 1-0:20 Oct 15:00 | GW9:RDG(A) 3-3:27 Oct 15:00 | GW10:EVE(H) 2-2:03 Nov 15:00 | GW11:ARS(A) 3-3:10 Nov 15:00 | GW12:SUN(H) 1-3:18 Nov 16:00 | GW13:STK(A) 0-1:24 Nov 15:00 | GW14:CHE(A) 0-0:28 Nov 19:45 | GW15:TOT(H) 0-3:01 Dec 15:00 | GW16:NEW(H) 2-1:10 Dec 20:00 | GW17:QPR(A) 1-2:15 Dec 15:00 | GW18:LIV(A) 0-4:22 Dec 17:30 | GW19:SOU(H) 1-1:26 Dec 15:00 | GW20:SWA(H) 1-2:29 Dec 15:00 | GW21:WBA(A) 2-1:01 Jan 12:45 | GW22:WIG(H) 1-1:12 Jan 15:00 | GW23:MCI(A) 0-2:19 Jan 15:00 | GW24:WHU(H) 3-1:30 Jan 20:00 | GW25:MUN(H) 0-1:02 Feb 17:30 | GW26:NOR(A) 0-0:09 Feb 15:00 | GW27:STK(H) 1-0:23 Feb 12:45 | GW28:SUN(A) 2-2:02 Mar 15:00 | GW30:TOT(A) 1-0:17 Mar 15:00 | GW31:QPR(H) 3-2:01 Apr 20:00 | GW32:NEW(A) 0-1:07 Apr 15:00 | GW33:CHE(H) 0-3:17 Apr 20:00 | GW34:ARS(H) 0-1:20 Apr 15:00 | GW35:EVE(A) 0-1:27 Apr 15:00 | GW36:RDG(H) 2-4:04 May 15:00 | GW37:LIV(H) 1-3:12 May 15:00 | GW38:SWA(A) 3-0:19 May 16:00
6240,Shola Ameobi,1756,Shola Ameobi,248,EXACT,Newcastle,38,1 2 3 4 5 6 7 8 9 10 11 12 13 14 15 16 17 18 19 20 21 22 23 24 25 26 27 28 29 30 31 32 33 34 35 36 37 38,689,-1067,2,1,3,34,0,5,GW1:TOT(H) 2-1:18 Aug 17:30 | GW2:CHE(A) 0-2:25 Aug 17:30 | GW3:AVL(H) 1-1:02 Sep 16:00 | GW4:EVE(A) 2-2:17 Sep 20:00 | GW5:NOR(H) 1-0:23 Sep 15:00 | GW6:RDG(A) 2-2:29 Sep 15:00 | GW7:MUN(H) 0-3:07 Oct 16:00 | GW8:SUN(A) 1-1:21 Oct 13:30 | GW9:WBA(H) 2-1:28 Oct 15:00 | GW10:LIV(A) 1-1:04 Nov 16:00 | GW11:WHU(H) 0-1:11 Nov 15:00 | GW12:SWA(H) 1-2:17 Nov 15:00 | GW13:SOU(A) 0-2:25 Nov 15:00 | GW14:STK(A) 1-2:28 Nov 19:45 | GW15:WIG(H) 3-0:03 Dec 20:00 | GW16:FUL(A) 1-2:10 Dec 20:00 | GW17:MCI(H) 1-3:15 Dec 12:45 | GW18:QPR(H) 1-0:22 Dec 15:00 | GW19:MUN(A) 3-4:26 Dec 15:00 | GW20:ARS(A) 3-7:29 Dec 17:30 | GW21:EVE(H) 1-2:02 Jan 20:00 | GW22:NOR(A) 0-0:12 Jan 15:00 | GW23:RDG(H) 1-2:19 Jan 15:00 | GW24:AVL(A) 2-1:29 Jan 19:45 | GW25:CHE(H) 3-2:02 Feb 15:00 | GW26:TOT(A) 1-2:09 Feb 12:45 | GW27:SOU(H) 4-2:24 Feb 13:30 | GW28:SWA(A) 0-1:02 Mar 15:00 | GW29:STK(H) 2-1:10 Mar 15:00 | GW30:WIG(A) 1-2:17 Mar 16:00 | GW31:MCI(A) 0-4:30 Mar 15:00 | GW32:FUL(H) 1-0:07 Apr 15:00 | GW33:SUN(H) 0-3:14 Apr 12:00 | GW34:WBA(A) 1-1:20 Apr 15:00 | GW35:LIV(H) 0-6:27 Apr 17:30 | GW36:WHU(A) 0-0:04 May 15:00 | GW37:QPR(A) 2-1:12 May 15:00 | GW38:ARS(H) 0-1:19 May 16:00
27707,Darron Gibson,648,Darron Gibson,108,EXACT,Everton,37,1 2 3 4 5 6 7 8 9 10 11 12 13 14 15 16 17 18 19 20 21 22 23 24 25 26 27 28 30 31 32 33 34 35 36 37 38,1715,1067,2,0,0,47,7,3,GW1:MUN(H) 1-0:20 Aug 20:00 | GW2:AVL(A) 3-1:25 Aug 15:00 | GW3:WBA(A) 0-2:01 Sep 15:00 | GW4:NEW(H) 2-2:17 Sep 20:00 | GW5:SWA(A) 3-0:22 Sep 12:45 | GW6:SOU(H) 3-1:29 Sep 15:00 | GW7:WIG(A) 2-2:06 Oct 15:00 | GW8:QPR(A) 1-1:21 Oct 16:00 | GW9:LIV(H) 2-2:28 Oct 13:30 | GW10:FUL(A) 2-2:03 Nov 15:00 | GW11:SUN(H) 2-1:10 Nov 15:00 | GW12:RDG(A) 1-2:17 Nov 15:00 | GW13:NOR(H) 1-1:24 Nov 15:00 | GW14:ARS(H) 1-1:28 Nov 19:45 | GW15:MCI(A) 1-1:01 Dec 15:00 | GW16:TOT(H) 2-1:09 Dec 15:00 | GW17:STK(A) 1-1:15 Dec 15:00 | GW18:WHU(A) 2-1:22 Dec 15:00 | GW19:WIG(H) 2-1:26 Dec 15:00 | GW20:CHE(H) 1-2:30 Dec 13:30 | GW21:NEW(A) 2-1:02 Jan 20:00 | GW22:SWA(H) 0-0:12 Jan 15:00 | GW23:SOU(A) 0-0:21 Jan 20:00 | GW24:WBA(H) 2-1:30 Jan 19:45 | GW25:AVL(H) 3-3:02 Feb 15:00 | GW26:MUN(A) 0-2:10 Feb 16:00 | GW27:NOR(A) 1-2:23 Feb 15:00 | GW28:RDG(H) 3-1:02 Mar 15:00 | GW30:MCI(H) 2-0:16 Mar 12:45 | GW31:STK(H) 1-0:30 Mar 17:30 | GW32:TOT(A) 2-2:07 Apr 14:05 | GW33:ARS(A) 0-0:16 Apr 19:45 | GW34:SUN(A) 0-1:20 Apr 15:00 | GW35:FUL(H) 1-0:27 Apr 15:00 | GW36:LIV(A) 0-0:05 May 13:30 | GW37:WHU(H) 2-0:12 May 15:00 | GW38:CHE(A) 1-2:19 May 16:00
50401,Nikola Kalinic,1070,Nikola Kalinic,66,EXACT,Blackburn,3,3 17 29,0,-1070,0,0,0,0,0,0,GW3:EVE(H) 0-1:27 Aug. 15:00 | GW17:BOL(H) 1-2:20 Dec. 20:00 | GW29:SUN(H) 2-0:20 March 20:00
40146,Ryan Bertrand,33,Ryan Bertrand,68,EXACT,Chelsea,35,1 2 4 5 6 7 8 9 10 11 12 13 14 15 16 18 19 20 21 22 23 24 25 26 27 28 30 31 32 33 34 35 36 37 38,1106,1073,0,0,1,35,3,1,GW1:RDG(H) 4-2:22 Aug 19:45 | GW2:NEW(H) 2-0:25 Aug 17:30 | GW4:QPR(A) 0-0:15 Sep 15:00 | GW5:STK(H) 1-0:22 Sep 15:00 | GW6:ARS(A) 2-1:29 Sep 12:45 | GW7:NOR(H) 4-1:06 Oct 15:00 | GW8:TOT(A) 4-2:20 Oct 12:45 | GW9:MUN(H) 2-3:28 Oct 16:00 | GW10:SWA(A) 1-1:03 Nov 15:00 | GW11:LIV(H) 1-1:11 Nov 16:00 | GW12:WBA(A) 1-2:17 Nov 15:00 | GW13:MCI(H) 0-0:25 Nov 16:00 | GW14:FUL(H) 0-0:28 Nov 19:45 | GW15:WHU(A) 1-3:01 Dec 12:45 | GW16:SUN(A) 3-1:08 Dec 15:00 | GW18:AVL(H) 8-0:23 Dec 16:00 | GW19:NOR(A) 1-0:26 Dec 15:00 | GW20:EVE(A) 2-1:30 Dec 13:30 | GW21:QPR(H) 0-1:02 Jan 19:45 | GW22:SOU(H) 2-2:16 Jan 19:45 | GW23:ARS(H) 2-1:20 Jan 13:30 | GW24:RDG(A) 2-2:30 Jan 20:00 | GW25:NEW(A) 2-3:02 Feb 15:00 | GW26:WIG(H) 4-1:09 Feb 15:00 | GW27:MCI(A) 0-2:24 Feb 13:30 | GW28:WBA(H) 1-0:02 Mar 15:00 | GW30:WHU(H) 2-0:17 Mar 16:00 | GW31:SOU(A) 1-2:30 Mar 15:00 | GW32:SUN(H) 2-1:07 Apr 15:00 | GW33:FUL(A) 3-0:17 Apr 20:00 | GW34:LIV(A) 2-2:21 Apr 16:00 | GW35:SWA(H) 2-0:28 Apr 15:00 | GW36:TOT(H) 2-2:08 May 19:45 | GW37:AVL(A) 2-1:11 May 12:45 | GW38:EVE(H) 2-1:19 May 16:00
59936,Wojciech Szczesny,1350,Wojciech Szczesny,2,EXACT,Arsenal,12,1 2 3 4 5 6 7 8 9 10 20 30,270,-1080,0,0,0,10,1,0,GW1:SUN(H) 0-0:18 Aug 15:00 | GW2:STK(A) 0-0:26 Aug 13:30 | GW3:LIV(A) 2-0:02 Sep 13:30 | GW4:SOU(H) 6-1:15 Sep 15:00 | GW5:MCI(A) 1-1:23 Sep 16:00 | GW6:CHE(H) 1-2:29 Sep 12:45 | GW7:WHU(A) 3-1:06 Oct 17:30 | GW8:NOR(A) 0-1:20 Oct 17:30 | GW9:QPR(H) 1-0:27 Oct 15:00 | GW10:MUN(A) 1-2:03 Nov 12:45 | GW20:NEW(H) 7-3:29 Dec 17:30 | GW30:SWA(A) 2-0:16 Mar 15:00
11248,Sotirios Kyrgiakos,1080,Sotirios Kyrgiakos,167,EXACT,Sunderland,1,27,0,-1080,0,0,0,0,0,0,GW27:NEW(A) 1-1:04 March 12:00
21094,Daniel Agger,1090,Daniel Agger,166,EXACT,Liverpool,1,27,0,-1090,0,0,0,0,0,0,GW27:ARS(H) 1-2:03 March 12:45
14279,Marc-Antoine Fortuné,1114,Marc-Antoine Fortune,432,EXACT,West Brom,1,33,23,-1091,0,0,0,1,0,0,GW33:MCI(A) 0-4:11 April 19:45
34392,Stéphane Sessegnon,1182,Stephane Sessegnon,343,EXACT,Sunderland,1,17,90,-1092,0,1,3,9,0,1,GW17:QPR(A) 3-2:21 Dec. 20:00
1881,Steve Harper,1565,Steve Harper,225,EXACT,Newcastle,38,1 2 3 4 5 6 7 8 9 10 11 12 13 14 15 16 17 18 19 20 21 22 23 24 25 26 27 28 29 30 31 32 33 34 35 36 37 38,459,-1106,0,0,0,15,1,0,GW1:TOT(H) 2-1:18 Aug 17:30 | GW2:CHE(A) 0-2:25 Aug 17:30 | GW3:AVL(H) 1-1:02 Sep 16:00 | GW4:EVE(A) 2-2:17 Sep 20:00 | GW5:NOR(H) 1-0:23 Sep 15:00 | GW6:RDG(A) 2-2:29 Sep 15:00 | GW7:MUN(H) 0-3:07 Oct 16:00 | GW8:SUN(A) 1-1:21 Oct 13:30 | GW9:WBA(H) 2-1:28 Oct 15:00 | GW10:LIV(A) 1-1:04 Nov 16:00 | GW11:WHU(H) 0-1:11 Nov 15:00 | GW12:SWA(H) 1-2:17 Nov 15:00 | GW13:SOU(A) 0-2:25 Nov 15:00 | GW14:STK(A) 1-2:28 Nov 19:45 | GW15:WIG(H) 3-0:03 Dec 20:00 | GW16:FUL(A) 1-2:10 Dec 20:00 | GW17:MCI(H) 1-3:15 Dec 12:45 | GW18:QPR(H) 1-0:22 Dec 15:00 | GW19:MUN(A) 3-4:26 Dec 15:00 | GW20:ARS(A) 3-7:29 Dec 17:30 | GW21:EVE(H) 1-2:02 Jan 20:00 | GW22:NOR(A) 0-0:12 Jan 15:00 | GW23:RDG(H) 1-2:19 Jan 15:00 | GW24:AVL(A) 2-1:29 Jan 19:45 | GW25:CHE(H) 3-2:02 Feb 15:00 | GW26:TOT(A) 1-2:09 Feb 12:45 | GW27:SOU(H) 4-2:24 Feb 13:30 | GW28:SWA(A) 0-1:02 Mar 15:00 | GW29:STK(H) 2-1:10 Mar 15:00 | GW30:WIG(A) 1-2:17 Mar 16:00 | GW31:MCI(A) 0-4:30 Mar 15:00 | GW32:FUL(H) 1-0:07 Apr 15:00 | GW33:SUN(H) 0-3:14 Apr 12:00 | GW34:WBA(A) 1-1:20 Apr 15:00 | GW35:LIV(H) 0-6:27 Apr 17:30 | GW36:WHU(A) 0-0:04 May 15:00 | GW37:QPR(A) 2-1:12 May 15:00 | GW38:ARS(H) 0-1:19 May 16:00
18430,Zoltán Gera,1108,Zoltan Gera,506,EXACT,West Brom,2,19 29,0,-1108,0,0,0,0,0,0,GW19:EVE(H) 0-1:01 Jan. 12:30 | GW29:WIG(A) 1-1:17 March 15:00
18658,Alex,1109,Alex,98,EXACT,Chelsea,1,29,0,-1109,0,0,0,0,0,0,GW29:MCI(A) 1-2:21 March 19:45
28568,Jamie O'Hara,1117,Jamie O'Hara,467,EXACT,Wolves,1,33,0,-1117,0,0,0,0,0,0,GW33:ARS(H) 0-3:11 April 19:45
1821,Phil Neville,2665,Phil Neville,106,EXACT,Everton,37,1 2 3 4 5 6 7 8 9 10 11 12 13 14 15 16 17 18 19 20 21 22 23 24 25 26 27 28 30 31 32 33 34 35 36 37 38,1546,-1119,1,0,1,40,4,4,GW1:MUN(H) 1-0:20 Aug 20:00 | GW2:AVL(A) 3-1:25 Aug 15:00 | GW3:WBA(A) 0-2:01 Sep 15:00 | GW4:NEW(H) 2-2:17 Sep 20:00 | GW5:SWA(A) 3-0:22 Sep 12:45 | GW6:SOU(H) 3-1:29 Sep 15:00 | GW7:WIG(A) 2-2:06 Oct 15:00 | GW8:QPR(A) 1-1:21 Oct 16:00 | GW9:LIV(H) 2-2:28 Oct 13:30 | GW10:FUL(A) 2-2:03 Nov 15:00 | GW11:SUN(H) 2-1:10 Nov 15:00 | GW12:RDG(A) 1-2:17 Nov 15:00 | GW13:NOR(H) 1-1:24 Nov 15:00 | GW14:ARS(H) 1-1:28 Nov 19:45 | GW15:MCI(A) 1-1:01 Dec 15:00 | GW16:TOT(H) 2-1:09 Dec 15:00 | GW17:STK(A) 1-1:15 Dec 15:00 | GW18:WHU(A) 2-1:22 Dec 15:00 | GW19:WIG(H) 2-1:26 Dec 15:00 | GW20:CHE(H) 1-2:30 Dec 13:30 | GW21:NEW(A) 2-1:02 Jan 20:00 | GW22:SWA(H) 0-0:12 Jan 15:00 | GW23:SOU(A) 0-0:21 Jan 20:00 | GW24:WBA(H) 2-1:30 Jan 19:45 | GW25:AVL(H) 3-3:02 Feb 15:00 | GW26:MUN(A) 0-2:10 Feb 16:00 | GW27:NOR(A) 1-2:23 Feb 15:00 | GW28:RDG(H) 3-1:02 Mar 15:00 | GW30:MCI(H) 2-0:16 Mar 12:45 | GW31:STK(H) 1-0:30 Mar 17:30 | GW32:TOT(A) 2-2:07 Apr 14:05 | GW33:ARS(A) 0-0:16 Apr 19:45 | GW34:SUN(A) 0-1:20 Apr 15:00 | GW35:FUL(H) 1-0:27 Apr 15:00 | GW36:LIV(A) 0-0:05 May 13:30 | GW37:WHU(H) 2-0:12 May 15:00 | GW38:CHE(A) 1-2:19 May 16:00
38462,Vedran Corluka,1166,Vedran Corluka,385,EXACT,Tottenham,1,2,45,-1121,0,0,0,0,0,0,GW2:MUN(A) 0-3:22 Aug. 20:00
17974,Steven Taylor,1007,Steven Taylor,231,EXACT,Newcastle,38,1 2 3 4 5 6 7 8 9 10 11 12 13 14 15 16 17 18 19 20 21 22 23 24 25 26 27 28 29 30 31 32 33 34 35 36 37 38,2137,1130,0,0,0,44,3,2,GW1:TOT(H) 2-1:18 Aug 17:30 | GW2:CHE(A) 0-2:25 Aug 17:30 | GW3:AVL(H) 1-1:02 Sep 16:00 | GW4:EVE(A) 2-2:17 Sep 20:00 | GW5:NOR(H) 1-0:23 Sep 15:00 | GW6:RDG(A) 2-2:29 Sep 15:00 | GW7:MUN(H) 0-3:07 Oct 16:00 | GW8:SUN(A) 1-1:21 Oct 13:30 | GW9:WBA(H) 2-1:28 Oct 15:00 | GW10:LIV(A) 1-1:04 Nov 16:00 | GW11:WHU(H) 0-1:11 Nov 15:00 | GW12:SWA(H) 1-2:17 Nov 15:00 | GW13:SOU(A) 0-2:25 Nov 15:00 | GW14:STK(A) 1-2:28 Nov 19:45 | GW15:WIG(H) 3-0:03 Dec 20:00 | GW16:FUL(A) 1-2:10 Dec 20:00 | GW17:MCI(H) 1-3:15 Dec 12:45 | GW18:QPR(H) 1-0:22 Dec 15:00 | GW19:MUN(A) 3-4:26 Dec 15:00 | GW20:ARS(A) 3-7:29 Dec 17:30 | GW21:EVE(H) 1-2:02 Jan 20:00 | GW22:NOR(A) 0-0:12 Jan 15:00 | GW23:RDG(H) 1-2:19 Jan 15:00 | GW24:AVL(A) 2-1:29 Jan 19:45 | GW25:CHE(H) 3-2:02 Feb 15:00 | GW26:TOT(A) 1-2:09 Feb 12:45 | GW27:SOU(H) 4-2:24 Feb 13:30 | GW28:SWA(A) 0-1:02 Mar 15:00 | GW29:STK(H) 2-1:10 Mar 15:00 | GW30:WIG(A) 1-2:17 Mar 16:00 | GW31:MCI(A) 0-4:30 Mar 15:00 | GW32:FUL(H) 1-0:07 Apr 15:00 | GW33:SUN(H) 0-3:14 Apr 12:00 | GW34:WBA(A) 1-1:20 Apr 15:00 | GW35:LIV(H) 0-6:27 Apr 17:30 | GW36:WHU(A) 0-0:04 May 15:00 | GW37:QPR(A) 2-1:12 May 15:00 | GW38:ARS(H) 0-1:19 May 16:00
7933,Fabricio Coloccini,3082,Fabricio Coloccini,232,EXACT,Newcastle,38,1 2 3 4 5 6 7 8 9 10 11 12 13 14 15 16 17 18 19 20 21 22 23 24 25 26 27 28 29 30 31 32 33 34 35 36 37 38,1916,-1166,1,0,2,51,5,1,GW1:TOT(H) 2-1:18 Aug 17:30 | GW2:CHE(A) 0-2:25 Aug 17:30 | GW3:AVL(H) 1-1:02 Sep 16:00 | GW4:EVE(A) 2-2:17 Sep 20:00 | GW5:NOR(H) 1-0:23 Sep 15:00 | GW6:RDG(A) 2-2:29 Sep 15:00 | GW7:MUN(H) 0-3:07 Oct 16:00 | GW8:SUN(A) 1-1:21 Oct 13:30 | GW9:WBA(H) 2-1:28 Oct 15:00 | GW10:LIV(A) 1-1:04 Nov 16:00 | GW11:WHU(H) 0-1:11 Nov 15:00 | GW12:SWA(H) 1-2:17 Nov 15:00 | GW13:SOU(A) 0-2:25 Nov 15:00 | GW14:STK(A) 1-2:28 Nov 19:45 | GW15:WIG(H) 3-0:03 Dec 20:00 | GW16:FUL(A) 1-2:10 Dec 20:00 | GW17:MCI(H) 1-3:15 Dec 12:45 | GW18:QPR(H) 1-0:22 Dec 15:00 | GW19:MUN(A) 3-4:26 Dec 15:00 | GW20:ARS(A) 3-7:29 Dec 17:30 | GW21:EVE(H) 1-2:02 Jan 20:00 | GW22:NOR(A) 0-0:12 Jan 15:00 | GW23:RDG(H) 1-2:19 Jan 15:00 | GW24:AVL(A) 2-1:29 Jan 19:45 | GW25:CHE(H) 3-2:02 Feb 15:00 | GW26:TOT(A) 1-2:09 Feb 12:45 | GW27:SOU(H) 4-2:24 Feb 13:30 | GW28:SWA(A) 0-1:02 Mar 15:00 | GW29:STK(H) 2-1:10 Mar 15:00 | GW30:WIG(A) 1-2:17 Mar 16:00 | GW31:MCI(A) 0-4:30 Mar 15:00 | GW32:FUL(H) 1-0:07 Apr 15:00 | GW33:SUN(H) 0-3:14 Apr 12:00 | GW34:WBA(A) 1-1:20 Apr 15:00 | GW35:LIV(H) 0-6:27 Apr 17:30 | GW36:WHU(A) 0-0:04 May 15:00 | GW37:QPR(A) 2-1:12 May 15:00 | GW38:ARS(H) 0-1:19 May 16:00
12150,Glenn Whelan,1347,Glenn Whelan,325,EXACT,Stoke City,2,2 3,180,-1167,1,0,0,8,1,0,GW2:NOR(A) 1-1:21 Aug. 13:30 | GW3:WBA(A) 1-0:28 Aug. 15:00
40725,Danny Simpson,2686,Danny Simpson,230,EXACT,Newcastle,38,1 2 3 4 5 6 7 8 9 10 11 12 13 14 15 16 17 18 19 20 21 22 23 24 25 26 27 28 29 30 31 32 33 34 35 36 37 38,1518,-1168,2,0,1,46,4,3,GW1:TOT(H) 2-1:18 Aug 17:30 | GW2:CHE(A) 0-2:25 Aug 17:30 | GW3:AVL(H) 1-1:02 Sep 16:00 | GW4:EVE(A) 2-2:17 Sep 20:00 | GW5:NOR(H) 1-0:23 Sep 15:00 | GW6:RDG(A) 2-2:29 Sep 15:00 | GW7:MUN(H) 0-3:07 Oct 16:00 | GW8:SUN(A) 1-1:21 Oct 13:30 | GW9:WBA(H) 2-1:28 Oct 15:00 | GW10:LIV(A) 1-1:04 Nov 16:00 | GW11:WHU(H) 0-1:11 Nov 15:00 | GW12:SWA(H) 1-2:17 Nov 15:00 | GW13:SOU(A) 0-2:25 Nov 15:00 | GW14:STK(A) 1-2:28 Nov 19:45 | GW15:WIG(H) 3-0:03 Dec 20:00 | GW16:FUL(A) 1-2:10 Dec 20:00 | GW17:MCI(H) 1-3:15 Dec 12:45 | GW18:QPR(H) 1-0:22 Dec 15:00 | GW19:MUN(A) 3-4:26 Dec 15:00 | GW20:ARS(A) 3-7:29 Dec 17:30 | GW21:EVE(H) 1-2:02 Jan 20:00 | GW22:NOR(A) 0-0:12 Jan 15:00 | GW23:RDG(H) 1-2:19 Jan 15:00 | GW24:AVL(A) 2-1:29 Jan 19:45 | GW25:CHE(H) 3-2:02 Feb 15:00 | GW26:TOT(A) 1-2:09 Feb 12:45 | GW27:SOU(H) 4-2:24 Feb 13:30 | GW28:SWA(A) 0-1:02 Mar 15:00 | GW29:STK(H) 2-1:10 Mar 15:00 | GW30:WIG(A) 1-2:17 Mar 16:00 | GW31:MCI(A) 0-4:30 Mar 15:00 | GW32:FUL(H) 1-0:07 Apr 15:00 | GW33:SUN(H) 0-3:14 Apr 12:00 | GW34:WBA(A) 1-1:20 Apr 15:00 | GW35:LIV(H) 0-6:27 Apr 17:30 | GW36:WHU(A) 0-0:04 May 15:00 | GW37:QPR(A) 2-1:12 May 15:00 | GW38:ARS(H) 0-1:19 May 16:00
37847,Ronald Zubar,1258,Ronald Zubar,458,EXACT,Wolves,1,33,90,-1168,0,0,0,0,0,1,GW33:ARS(H) 0-3:11 April 19:45
37096,Lukasz Fabianski,1260,Lukasz Fabianski,1,EXACT,Arsenal,12,1 2 3 4 5 6 7 8 9 10 20 30,90,-1170,0,0,0,6,1,0,GW1:SUN(H) 0-0:18 Aug 15:00 | GW2:STK(A) 0-0:26 Aug 13:30 | GW3:LIV(A) 2-0:02 Sep 13:30 | GW4:SOU(H) 6-1:15 Sep 15:00 | GW5:MCI(A) 1-1:23 Sep 16:00 | GW6:CHE(H) 1-2:29 Sep 12:45 | GW7:WHU(A) 3-1:06 Oct 17:30 | GW8:NOR(A) 0-1:20 Oct 17:30 | GW9:QPR(H) 1-0:27 Oct 15:00 | GW10:MUN(A) 1-2:03 Nov 12:45 | GW20:NEW(H) 7-3:29 Dec 17:30 | GW30:SWA(A) 2-0:16 Mar 15:00
34296,Wilson Palacios,1222,Wilson Palacios,371,EXACT,Stoke City,38,1 2 3 4 5 6 7 8 9 10 11 12 13 14 15 16 17 18 19 20 21 22 23 24 25 26 27 28 29 30 31 32 33 34 35 36 37 38,49,-1173,0,0,0,4,0,0,GW1:RDG(A) 1-1:18 Aug 15:00 | GW2:ARS(H) 0-0:26 Aug 13:30 | GW3:WIG(A) 2-2:01 Sep 15:00 | GW4:MCI(H) 1-1:15 Sep 15:00 | GW5:CHE(A) 0-1:22 Sep 15:00 | GW6:SWA(H) 2-0:29 Sep 15:00 | GW7:LIV(A) 0-0:07 Oct 15:00 | GW8:MUN(A) 2-4:20 Oct 15:00 | GW9:SUN(H) 0-0:27 Oct 15:00 | GW10:NOR(A) 0-1:03 Nov 15:00 | GW11:QPR(H) 1-0:10 Nov 15:00 | GW12:WHU(A) 1-1:19 Nov 20:00 | GW13:FUL(H) 1-0:24 Nov 15:00 | GW14:NEW(H) 2-1:28 Nov 19:45 | GW15:WBA(A) 1-0:01 Dec 15:00 | GW16:AVL(A) 0-0:08 Dec 15:00 | GW17:EVE(H) 1-1:15 Dec 15:00 | GW18:TOT(A) 0-0:22 Dec 15:00 | GW19:LIV(H) 3-1:26 Dec 19:45 | GW20:SOU(H) 3-3:29 Dec 15:00 | GW21:MCI(A) 0-3:01 Jan 15:00 | GW22:CHE(H) 0-4:12 Jan 15:00 | GW23:SWA(A) 1-3:19 Jan 15:00 | GW24:WIG(H) 2-2:29 Jan 19:45 | GW25:ARS(A) 0-1:02 Feb 15:00 | GW26:RDG(H) 2-1:09 Feb 15:00 | GW27:FUL(A) 0-1:23 Feb 12:45 | GW28:WHU(H) 0-1:02 Mar 15:00 | GW29:NEW(A) 1-2:10 Mar 15:00 | GW30:WBA(H) 0-0:16 Mar 15:00 | GW31:EVE(A) 0-1:30 Mar 17:30 | GW32:AVL(H) 1-3:06 Apr 15:00 | GW33:MUN(H) 0-2:14 Apr 14:05 | GW34:QPR(A) 2-0:20 Apr 15:00 | GW35:NOR(H) 1-0:27 Apr 15:00 | GW36:SUN(A) 1-1:06 May 20:00 | GW37:TOT(H) 1-2:12 May 13:30 | GW38:SOU(A) 1-1:19 May 16:00
13898,Anton Ferdinand,2089,Anton Ferdinand,284,EXACT,QPR,38,1 2 3 4 5 6 7 8 9 10 11 12 13 14 15 16 17 18 19 20 21 22 23 24 25 26 27 28 29 30 31 32 33 34 35 36 37 38,915,-1174,0,0,1,17,1,2,GW1:SWA(H) 0-5:18 Aug 15:00 | GW2:NOR(A) 1-1:25 Aug 15:00 | GW3:MCI(A) 1-3:01 Sep 17:30 | GW4:CHE(H) 0-0:15 Sep 15:00 | GW5:TOT(A) 1-2:23 Sep 16:00 | GW6:WHU(H) 1-2:01 Oct 20:00 | GW7:WBA(A) 2-3:06 Oct 15:00 | GW8:EVE(H) 1-1:21 Oct 16:00 | GW9:ARS(A) 0-1:27 Oct 15:00 | GW10:RDG(H) 1-1:04 Nov 13:30 | GW11:STK(A) 0-1:10 Nov 15:00 | GW12:SOU(H) 1-3:17 Nov 15:00 | GW13:MUN(A) 1-3:24 Nov 15:00 | GW14:SUN(A) 0-0:27 Nov 19:45 | GW15:AVL(H) 1-1:01 Dec 15:00 | GW16:WIG(A) 2-2:08 Dec 15:00 | GW17:FUL(H) 2-1:15 Dec 15:00 | GW18:NEW(A) 0-1:22 Dec 15:00 | GW19:WBA(H) 1-2:26 Dec 15:00 | GW20:LIV(H) 0-3:30 Dec 16:00 | GW21:CHE(A) 1-0:02 Jan 19:45 | GW22:TOT(H) 0-0:12 Jan 12:45 | GW23:WHU(A) 1-1:19 Jan 15:00 | GW24:MCI(H) 0-0:29 Jan 19:45 | GW25:NOR(H) 0-0:02 Feb 12:45 | GW26:SWA(A) 1-4:09 Feb 15:00 | GW27:MUN(H) 0-2:23 Feb 15:00 | GW28:SOU(A) 2-1:02 Mar 15:00 | GW29:SUN(H) 3-1:09 Mar 15:00 | GW30:AVL(A) 2-3:16 Mar 15:00 | GW31:FUL(A) 2-3:01 Apr 20:00 | GW32:WIG(H) 1-1:07 Apr 16:10 | GW33:EVE(A) 0-2:13 Apr 15:00 | GW34:STK(H) 0-2:20 Apr 15:00 | GW35:RDG(A) 0-0:28 Apr 13:30 | GW36:ARS(H) 0-1:04 May 17:30 | GW37:NEW(H) 1-2:12 May 15:00 | GW38:LIV(A) 0-1:19 May 16:00
20226,Clint Dempsey,3098,Clint Dempsey,132,EXACT,Tottenham,37,1 2 3 4 5 6 7 8 9 10 11 12 13 14 15 16 17 18 19 20 21 22 23 24 25 26 27 28 29 30 31 32 34 35 36 37 38,1923,-1175,6,7,11,116,6,3,GW1:NOR(H) 5-0:18 Aug 15:00 | GW2:MUN(A) 2-3:25 Aug 15:00 | GW3:NOR(H) 1-1:01 Sep 15:00 | GW4:RDG(A) 3-1:16 Sep 16:00 | GW5:QPR(H) 2-1:23 Sep 16:00 | GW6:MUN(A) 3-2:29 Sep 17:30 | GW7:AVL(H) 2-0:07 Oct 15:00 | GW8:CHE(H) 2-4:20 Oct 12:45 | GW9:SOU(A) 2-1:28 Oct 15:00 | GW10:WIG(H) 0-1:03 Nov 15:00 | GW11:MCI(A) 1-2:11 Nov 13:30 | GW12:ARS(A) 2-5:17 Nov 12:45 | GW13:WHU(H) 3-1:25 Nov 16:00 | GW14:LIV(H) 2-1:28 Nov 19:45 | GW15:FUL(A) 3-0:01 Dec 15:00 | GW16:EVE(A) 1-2:09 Dec 15:00 | GW17:SWA(H) 1-0:16 Dec 13:30 | GW18:STK(H) 0-0:22 Dec 15:00 | GW19:AVL(A) 4-0:26 Dec 17:30 | GW20:SUN(A) 2-1:29 Dec 12:45 | GW21:RDG(H) 3-1:01 Jan 15:00 | GW22:QPR(A) 0-0:12 Jan 12:45 | GW23:MUN(H) 1-1:20 Jan 16:00 | GW24:NOR(A) 1-1:30 Jan 19:45 | GW25:WBA(A) 1-0:03 Feb 13:30 | GW26:NEW(H) 2-1:09 Feb 12:45 | GW27:WHU(A) 3-2:25 Feb 20:00 | GW28:ARS(H) 2-1:03 Mar 16:00 | GW29:LIV(A) 2-3:10 Mar 16:00 | GW30:FUL(H) 0-1:17 Mar 15:00 | GW31:SWA(A) 2-1:30 Mar 15:00 | GW32:EVE(H) 2-2:07 Apr 14:05 | GW34:MCI(H) 3-1:21 Apr 13:30 | GW35:WIG(A) 2-2:27 Apr 15:00 | GW36:CHE(A) 2-2:08 May 19:45 | GW37:STK(A) 2-1:12 May 13:30 | GW38:SUN(H) 1-0:19 May 16:00
1989,Jody Craddock,1176,Jody Craddock,462,EXACT,Wolves,1,33,0,-1176,0,0,0,0,0,0,GW33:ARS(H) 0-3:11 April 19:45
17476,Vincent Kompany,3330,Vincent Kompany,177,EXACT,Man City,37,1 2 3 4 5 6 7 8 9 10 11 12 13 14 15 16 17 18 19 20 21 22 23 24 25 26 27 28 30 31 32 33 34 35 36 37 38,2146,-1184,0,1,2,85,10,3,GW1:SOU(H) 3-2:19 Aug 16:00 | GW2:LIV(A) 2-2:26 Aug 16:00 | GW3:QPR(H) 3-1:01 Sep 17:30 | GW4:STK(A) 1-1:15 Sep 15:00 | GW5:ARS(H) 1-1:23 Sep 16:00 | GW6:FUL(A) 2-1:29 Sep 15:00 | GW7:SUN(H) 3-0:06 Oct 12:45 | GW8:WBA(A) 2-1:20 Oct 15:00 | GW9:SWA(H) 1-0:27 Oct 17:30 | GW10:WHU(A) 0-0:03 Nov 17:30 | GW11:TOT(H) 2-1:11 Nov 13:30 | GW12:AVL(H) 5-0:17 Nov 15:00 | GW13:CHE(A) 0-0:25 Nov 16:00 | GW14:WIG(A) 2-0:28 Nov 20:00 | GW15:EVE(H) 1-1:01 Dec 15:00 | GW16:MUN(H) 2-3:09 Dec 13:30 | GW17:NEW(A) 3-1:15 Dec 12:45 | GW18:RDG(H) 1-0:22 Dec 15:00 | GW19:SUN(A) 0-1:26 Dec 15:00 | GW20:NOR(A) 4-3:29 Dec 15:00 | GW21:STK(H) 3-0:01 Jan 15:00 | GW22:ARS(A) 2-0:13 Jan 16:00 | GW23:FUL(H) 2-0:19 Jan 15:00 | GW24:QPR(A) 0-0:29 Jan 19:45 | GW25:LIV(H) 2-2:03 Feb 16:00 | GW26:SOU(A) 1-3:09 Feb 17:30 | GW27:CHE(H) 2-0:24 Feb 13:30 | GW28:AVL(A) 1-0:04 Mar 20:00 | GW30:EVE(A) 0-2:16 Mar 12:45 | GW31:NEW(H) 4-0:30 Mar 15:00 | GW32:MUN(A) 2-1:08 Apr 20:00 | GW33:WIG(H) 1-0:17 Apr 19:45 | GW34:TOT(A) 1-3:21 Apr 13:30 | GW35:WHU(H) 2-1:27 Apr 12:45 | GW36:WBA(H) 1-0:07 May 19:45 | GW37:RDG(A) 2-0:14 May 20:00 | GW38:NOR(H) 2-3:19 May 16:00
4396,Louis Saha,1372,Louis Saha,554,EXACT,Sunderland,37,1 3 4 5 6 7 8 9 10 11 12 13 14 15 16 17 18 19 20 21 22 23 24 25 26 27 28 29 30 31 32 33 34 35 36 37 38,185,-1187,0,0,0,10,0,0,GW1:ARS(A) 0-0:18 Aug 15:00 | GW3:SWA(A) 2-2:01 Sep 15:00 | GW4:LIV(H) 1-1:15 Sep 17:30 | GW5:WHU(A) 1-1:22 Sep 15:00 | GW6:WIG(H) 1-0:29 Sep 15:00 | GW7:MCI(A) 0-3:06 Oct 12:45 | GW8:NEW(H) 1-1:21 Oct 13:30 | GW9:STK(A) 0-0:27 Oct 15:00 | GW10:AVL(H) 0-1:03 Nov 15:00 | GW11:EVE(A) 1-2:10 Nov 15:00 | GW12:FUL(A) 3-1:18 Nov 16:00 | GW13:WBA(H) 2-4:24 Nov 12:45 | GW14:QPR(H) 0-0:27 Nov 19:45 | GW15:NOR(A) 1-2:02 Dec 16:00 | GW16:RDG(H) 3-0:11 Dec 19:45 | GW17:MUN(A) 1-3:15 Dec 15:00 | GW18:SOU(A) 1-0:22 Dec 15:00 | GW19:MCI(H) 1-0:26 Dec 15:00 | GW20:TOT(H) 1-2:29 Dec 12:45 | GW21:LIV(A) 0-3:02 Jan 19:45 | GW22:WHU(H) 3-0:12 Jan 15:00 | GW23:WIG(A) 3-2:19 Jan 15:00 | GW24:SWA(H) 0-0:29 Jan 19:45 | GW25:RDG(A) 1-2:02 Feb 15:00 | GW26:ARS(H) 0-1:09 Feb 15:00 | GW27:WBA(A) 1-2:23 Feb 15:00 | GW28:FUL(H) 2-2:02 Mar 15:00 | GW29:QPR(A) 1-3:09 Mar 15:00 | GW30:NOR(H) 1-1:17 Mar 13:30 | GW31:MUN(H) 0-1:30 Mar 12:45 | GW32:CHE(A) 1-2:07 Apr 15:00 | GW33:NEW(A) 3-0:14 Apr 12:00 | GW34:EVE(H) 1-0:20 Apr 15:00 | GW35:AVL(A) 1-6:29 Apr 20:00 | GW36:STK(H) 1-1:06 May 20:00 | GW37:SOU(H) 1-1:12 May 15:00 | GW38:TOT(A) 0-1:19 May 16:00
11278,José Bosingwa,1261,Jose Bosingwa,99,EXACT,Chelsea,1,29,70,-1191,0,0,0,1,0,0,GW29:MCI(A) 1-2:21 March 19:45
49724,Franco Di Santo,912,Franco Di Santo,526,EXACT,Wigan,37,1 2 3 4 5 6 7 8 9 10 11 12 13 14 15 16 17 18 19 20 21 22 23 24 25 26 27 28 30 31 32 33 34 35 36 37 38,2125,1213,4,5,4,89,6,5,GW1:CHE(H) 0-2:19 Aug 13:30 | GW2:SOU(A) 2-0:25 Aug 15:00 | GW3:STK(H) 2-2:01 Sep 15:00 | GW4:MUN(A) 0-4:15 Sep 15:00 | GW5:FUL(H) 1-2:22 Sep 15:00 | GW6:SUN(A) 0-1:29 Sep 15:00 | GW7:EVE(H) 2-2:06 Oct 15:00 | GW8:SWA(A) 1-2:20 Oct 15:00 | GW9:WHU(H) 2-1:27 Oct 15:00 | GW10:TOT(A) 1-0:03 Nov 15:00 | GW11:WBA(H) 1-2:10 Nov 15:00 | GW12:LIV(A) 0-3:17 Nov 15:00 | GW13:RDG(H) 3-2:24 Nov 15:00 | GW14:MCI(H) 0-2:28 Nov 20:00 | GW15:NEW(A) 0-3:03 Dec 20:00 | GW16:QPR(H) 2-2:08 Dec 15:00 | GW17:NOR(A) 1-2:15 Dec 15:00 | GW18:ARS(H) 0-1:22 Dec 12:45 | GW19:EVE(A) 1-2:26 Dec 15:00 | GW20:AVL(A) 3-0:29 Dec 15:00 | GW21:MUN(H) 0-4:01 Jan 15:00 | GW22:FUL(A) 1-1:12 Jan 15:00 | GW23:SUN(H) 2-3:19 Jan 15:00 | GW24:STK(A) 2-2:29 Jan 19:45 | GW25:SOU(H) 2-2:02 Feb 15:00 | GW26:CHE(A) 1-4:09 Feb 15:00 | GW27:RDG(A) 3-0:23 Feb 15:00 | GW28:LIV(H) 0-4:02 Mar 17:30 | GW30:NEW(H) 2-1:17 Mar 16:00 | GW31:NOR(H) 1-0:30 Mar 15:00 | GW32:QPR(A) 1-1:07 Apr 16:10 | GW33:MCI(A) 0-1:17 Apr 19:45 | GW34:WHU(A) 0-2:20 Apr 15:00 | GW35:TOT(H) 2-2:27 Apr 15:00 | GW36:SWA(H) 2-3:07 May 19:45 | GW37:ARS(A) 1-4:14 May 19:45 | GW38:AVL(H) 2-2:19 May 16:00
3332,Steven Reid,1274,Steven Reid,425,EXACT,West Brom,2,27 33,56,-1218,0,0,0,1,0,0,GW27:CHE(H) 1-0:03 March 15:00 | GW33:MCI(A) 0-4:11 April 19:45
18639,Marek Cech,1219,Marek Cech,413,EXACT,West Brom,2,27 33,0,-1219,0,0,0,0,0,0,GW27:CHE(H) 1-0:03 March 15:00 | GW33:MCI(A) 0-4:11 April 19:45
15073,Kieran Richardson,2040,Kieran Richardson,392,EXACT,Fulham,36,1 3 4 5 6 7 8 9 10 11 12 13 14 15 16 17 18 19 20 21 22 23 24 25 26 27 28 30 31 32 33 34 35 36 37 38,820,-1220,0,1,0,27,2,1,GW1:ARS(A) 0-0:18 Aug 15:00 | GW3:WHU(A) 0-3:01 Sep 12:45 | GW4:WBA(H) 3-0:15 Sep 15:00 | GW5:WIG(A) 2-1:22 Sep 15:00 | GW6:MCI(H) 1-2:29 Sep 15:00 | GW7:SOU(A) 2-2:07 Oct 13:30 | GW8:AVL(H) 1-0:20 Oct 15:00 | GW9:RDG(A) 3-3:27 Oct 15:00 | GW10:EVE(H) 2-2:03 Nov 15:00 | GW11:ARS(A) 3-3:10 Nov 15:00 | GW12:SUN(H) 1-3:18 Nov 16:00 | GW13:STK(A) 0-1:24 Nov 15:00 | GW14:CHE(A) 0-0:28 Nov 19:45 | GW15:TOT(H) 0-3:01 Dec 15:00 | GW16:NEW(H) 2-1:10 Dec 20:00 | GW17:QPR(A) 1-2:15 Dec 15:00 | GW18:LIV(A) 0-4:22 Dec 17:30 | GW19:SOU(H) 1-1:26 Dec 15:00 | GW20:SWA(H) 1-2:29 Dec 15:00 | GW21:WBA(A) 2-1:01 Jan 12:45 | GW22:WIG(H) 1-1:12 Jan 15:00 | GW23:MCI(A) 0-2:19 Jan 15:00 | GW24:WHU(H) 3-1:30 Jan 20:00 | GW25:MUN(H) 0-1:02 Feb 17:30 | GW26:NOR(A) 0-0:09 Feb 15:00 | GW27:STK(H) 1-0:23 Feb 12:45 | GW28:SUN(A) 2-2:02 Mar 15:00 | GW30:TOT(A) 1-0:17 Mar 15:00 | GW31:QPR(H) 3-2:01 Apr 20:00 | GW32:NEW(A) 0-1:07 Apr 15:00 | GW33:CHE(H) 0-3:17 Apr 20:00 | GW34:ARS(H) 0-1:20 Apr 15:00 | GW35:EVE(A) 0-1:27 Apr 15:00 | GW36:RDG(H) 2-4:04 May 15:00 | GW37:LIV(H) 1-3:12 May 15:00 | GW38:SWA(A) 3-0:19 May 16:00
34296,Wilson Palacios,1222,Wilson Palacios,395,EXACT,Stoke City,1,2,0,-1222,0,0,0,0,0,0,GW2:MUN(A) 0-3:22 Aug. 20:00
12150,Glenn Whelan,1347,Glenn Whelan,368,EXACT,Stoke City,38,1 2 3 4 5 6 7 8 9 10 11 12 13 14 15 16 17 18 19 20 21 22 23 24 25 26 27 28 29 30 31 32 33 34 35 36 37 38,2586,1239,5,0,11,93,10,4,GW1:RDG(A) 1-1:18 Aug 15:00 | GW2:ARS(H) 0-0:26 Aug 13:30 | GW3:WIG(A) 2-2:01 Sep 15:00 | GW4:MCI(H) 1-1:15 Sep 15:00 | GW5:CHE(A) 0-1:22 Sep 15:00 | GW6:SWA(H) 2-0:29 Sep 15:00 | GW7:LIV(A) 0-0:07 Oct 15:00 | GW8:MUN(A) 2-4:20 Oct 15:00 | GW9:SUN(H) 0-0:27 Oct 15:00 | GW10:NOR(A) 0-1:03 Nov 15:00 | GW11:QPR(H) 1-0:10 Nov 15:00 | GW12:WHU(A) 1-1:19 Nov 20:00 | GW13:FUL(H) 1-0:24 Nov 15:00 | GW14:NEW(H) 2-1:28 Nov 19:45 | GW15:WBA(A) 1-0:01 Dec 15:00 | GW16:AVL(A) 0-0:08 Dec 15:00 | GW17:EVE(H) 1-1:15 Dec 15:00 | GW18:TOT(A) 0-0:22 Dec 15:00 | GW19:LIV(H) 3-1:26 Dec 19:45 | GW20:SOU(H) 3-3:29 Dec 15:00 | GW21:MCI(A) 0-3:01 Jan 15:00 | GW22:CHE(H) 0-4:12 Jan 15:00 | GW23:SWA(A) 1-3:19 Jan 15:00 | GW24:WIG(H) 2-2:29 Jan 19:45 | GW25:ARS(A) 0-1:02 Feb 15:00 | GW26:RDG(H) 2-1:09 Feb 15:00 | GW27:FUL(A) 0-1:23 Feb 12:45 | GW28:WHU(H) 0-1:02 Mar 15:00 | GW29:NEW(A) 1-2:10 Mar 15:00 | GW30:WBA(H) 0-0:16 Mar 15:00 | GW31:EVE(A) 0-1:30 Mar 17:30 | GW32:AVL(H) 1-3:06 Apr 15:00 | GW33:MUN(H) 0-2:14 Apr 14:05 | GW34:QPR(A) 2-0:20 Apr 15:00 | GW35:NOR(H) 1-0:27 Apr 15:00 | GW36:SUN(A) 1-1:06 May 20:00 | GW37:TOT(H) 1-2:12 May 13:30 | GW38:SOU(A) 1-1:19 May 16:00
40691,Jérôme Boateng,1239,Jerome Boateng,186,EXACT,Man City,1,29,0,-1239,0,0,0,0,0,0,GW29:CHE(H) 2-1:21 March 19:45
66797,Simon Mignolet,2070,Simon Mignolet,380,EXACT,Sunderland,37,1 3 4 5 6 7 8 9 10 11 12 13 14 15 16 17 18 19 20 21 22 23 24 25 26 27 28 29 30 31 32 33 34 35 36 37 38,3330,1260,0,0,2,139,11,1,GW1:ARS(A) 0-0:18 Aug 15:00 | GW3:SWA(A) 2-2:01 Sep 15:00 | GW4:LIV(H) 1-1:15 Sep 17:30 | GW5:WHU(A) 1-1:22 Sep 15:00 | GW6:WIG(H) 1-0:29 Sep 15:00 | GW7:MCI(A) 0-3:06 Oct 12:45 | GW8:NEW(H) 1-1:21 Oct 13:30 | GW9:STK(A) 0-0:27 Oct 15:00 | GW10:AVL(H) 0-1:03 Nov 15:00 | GW11:EVE(A) 1-2:10 Nov 15:00 | GW12:FUL(A) 3-1:18 Nov 16:00 | GW13:WBA(H) 2-4:24 Nov 12:45 | GW14:QPR(H) 0-0:27 Nov 19:45 | GW15:NOR(A) 1-2:02 Dec 16:00 | GW16:RDG(H) 3-0:11 Dec 19:45 | GW17:MUN(A) 1-3:15 Dec 15:00 | GW18:SOU(A) 1-0:22 Dec 15:00 | GW19:MCI(H) 1-0:26 Dec 15:00 | GW20:TOT(H) 1-2:29 Dec 12:45 | GW21:LIV(A) 0-3:02 Jan 19:45 | GW22:WHU(H) 3-0:12 Jan 15:00 | GW23:WIG(A) 3-2:19 Jan 15:00 | GW24:SWA(H) 0-0:29 Jan 19:45 | GW25:RDG(A) 1-2:02 Feb 15:00 | GW26:ARS(H) 0-1:09 Feb 15:00 | GW27:WBA(A) 1-2:23 Feb 15:00 | GW28:FUL(H) 2-2:02 Mar 15:00 | GW29:QPR(A) 1-3:09 Mar 15:00 | GW30:NOR(H) 1-1:17 Mar 13:30 | GW31:MUN(H) 0-1:30 Mar 12:45 | GW32:CHE(A) 1-2:07 Apr 15:00 | GW33:NEW(A) 3-0:14 Apr 12:00 | GW34:EVE(H) 1-0:20 Apr 15:00 | GW35:AVL(A) 1-6:29 Apr 20:00 | GW36:STK(H) 1-1:06 May 20:00 | GW37:SOU(H) 1-1:12 May 15:00 | GW38:TOT(A) 0-1:19 May 16:00
28448,Lee Cattermole,1921,Lee Cattermole,390,EXACT,Sunderland,37,1 3 4 5 6 7 8 9 10 11 12 13 14 15 16 17 18 19 20 21 22 23 24 25 26 27 28 29 30 31 32 33 34 35 36 37 38,661,-1260,0,0,0,16,2,2,GW1:ARS(A) 0-0:18 Aug 15:00 | GW3:SWA(A) 2-2:01 Sep 15:00 | GW4:LIV(H) 1-1:15 Sep 17:30 | GW5:WHU(A) 1-1:22 Sep 15:00 | GW6:WIG(H) 1-0:29 Sep 15:00 | GW7:MCI(A) 0-3:06 Oct 12:45 | GW8:NEW(H) 1-1:21 Oct 13:30 | GW9:STK(A) 0-0:27 Oct 15:00 | GW10:AVL(H) 0-1:03 Nov 15:00 | GW11:EVE(A) 1-2:10 Nov 15:00 | GW12:FUL(A) 3-1:18 Nov 16:00 | GW13:WBA(H) 2-4:24 Nov 12:45 | GW14:QPR(H) 0-0:27 Nov 19:45 | GW15:NOR(A) 1-2:02 Dec 16:00 | GW16:RDG(H) 3-0:11 Dec 19:45 | GW17:MUN(A) 1-3:15 Dec 15:00 | GW18:SOU(A) 1-0:22 Dec 15:00 | GW19:MCI(H) 1-0:26 Dec 15:00 | GW20:TOT(H) 1-2:29 Dec 12:45 | GW21:LIV(A) 0-3:02 Jan 19:45 | GW22:WHU(H) 3-0:12 Jan 15:00 | GW23:WIG(A) 3-2:19 Jan 15:00 | GW24:SWA(H) 0-0:29 Jan 19:45 | GW25:RDG(A) 1-2:02 Feb 15:00 | GW26:ARS(H) 0-1:09 Feb 15:00 | GW27:WBA(A) 1-2:23 Feb 15:00 | GW28:FUL(H) 2-2:02 Mar 15:00 | GW29:QPR(A) 1-3:09 Mar 15:00 | GW30:NOR(H) 1-1:17 Mar 13:30 | GW31:MUN(H) 0-1:30 Mar 12:45 | GW32:CHE(A) 1-2:07 Apr 15:00 | GW33:NEW(A) 3-0:14 Apr 12:00 | GW34:EVE(H) 1-0:20 Apr 15:00 | GW35:AVL(A) 1-6:29 Apr 20:00 | GW36:STK(H) 1-1:06 May 20:00 | GW37:SOU(H) 1-1:12 May 15:00 | GW38:TOT(A) 0-1:19 May 16:00
1814,Steven Gerrard,1869,Steven Gerrard,161,EXACT,Liverpool,37,1 2 3 4 5 6 7 8 9 10 11 12 13 14 15 16 17 18 19 20 21 22 23 24 25 26 28 29 30 31 32 33 34 35 36 37 38,3131,1262,12,10,21,185,15,5,GW1:WBA(A) 0-3:18 Aug 15:00 | GW2:MCI(H) 2-2:26 Aug 16:00 | GW3:ARS(H) 0-2:02 Sep 13:30 | GW4:SUN(A) 1-1:15 Sep 17:30 | GW5:MUN(H) 1-2:23 Sep 13:30 | GW6:NOR(A) 5-2:29 Sep 15:00 | GW7:STK(H) 0-0:07 Oct 15:00 | GW8:RDG(H) 1-0:20 Oct 15:00 | GW9:EVE(A) 2-2:28 Oct 13:30 | GW10:NEW(H) 1-1:04 Nov 16:00 | GW11:CHE(A) 1-1:11 Nov 16:00 | GW12:WIG(H) 3-0:17 Nov 15:00 | GW13:SWA(A) 0-0:25 Nov 13:30 | GW14:TOT(A) 1-2:28 Nov 19:45 | GW15:SOU(H) 1-0:01 Dec 15:00 | GW16:WHU(A) 3-2:09 Dec 16:00 | GW17:AVL(H) 1-3:15 Dec 15:00 | GW18:FUL(H) 4-0:22 Dec 17:30 | GW19:STK(A) 1-3:26 Dec 19:45 | GW20:QPR(A) 3-0:30 Dec 16:00 | GW21:SUN(H) 3-0:02 Jan 19:45 | GW22:MUN(A) 1-2:13 Jan 13:30 | GW23:NOR(H) 5-0:19 Jan 15:00 | GW24:ARS(A) 2-2:30 Jan 19:45 | GW25:MCI(A) 2-2:03 Feb 16:00 | GW26:SWA(H) 5-0:17 Feb 15:00 | GW28:WIG(A) 4-0:02 Mar 17:30 | GW29:TOT(H) 3-2:10 Mar 16:00 | GW30:SOU(A) 1-3:16 Mar 15:00 | GW31:AVL(A) 2-1:31 Mar 13:30 | GW32:WHU(H) 0-0:07 Apr 13:30 | GW33:RDG(A) 0-0:13 Apr 15:00 | GW34:CHE(H) 2-2:21 Apr 16:00 | GW35:NEW(A) 6-0:27 Apr 17:30 | GW36:EVE(H) 0-0:05 May 13:30 | GW37:FUL(A) 3-1:12 May 15:00 | GW38:QPR(H) 1-0:19 May 16:00
1274,David Dunn,1389,David Dunn,64,EXACT,Blackburn,3,3 17 29,123,-1266,0,0,0,2,0,1,GW3:EVE(H) 0-1:27 Aug. 15:00 | GW17:BOL(H) 1-2:20 Dec. 20:00 | GW29:SUN(H) 2-0:20 March 20:00
17468,Carlos Cuellar,894,Carlos Cuellar,389,EXACT,Sunderland,37,1 3 4 5 6 7 8 9 10 11 12 13 14 15 16 17 18 19 20 21 22 23 24 25 26 27 28 29 30 31 32 33 34 35 36 37 38,2166,1272,2,1,4,78,8,5,GW1:ARS(A) 0-0:18 Aug 15:00 | GW3:SWA(A) 2-2:01 Sep 15:00 | GW4:LIV(H) 1-1:15 Sep 17:30 | GW5:WHU(A) 1-1:22 Sep 15:00 | GW6:WIG(H) 1-0:29 Sep 15:00 | GW7:MCI(A) 0-3:06 Oct 12:45 | GW8:NEW(H) 1-1:21 Oct 13:30 | GW9:STK(A) 0-0:27 Oct 15:00 | GW10:AVL(H) 0-1:03 Nov 15:00 | GW11:EVE(A) 1-2:10 Nov 15:00 | GW12:FUL(A) 3-1:18 Nov 16:00 | GW13:WBA(H) 2-4:24 Nov 12:45 | GW14:QPR(H) 0-0:27 Nov 19:45 | GW15:NOR(A) 1-2:02 Dec 16:00 | GW16:RDG(H) 3-0:11 Dec 19:45 | GW17:MUN(A) 1-3:15 Dec 15:00 | GW18:SOU(A) 1-0:22 Dec 15:00 | GW19:MCI(H) 1-0:26 Dec 15:00 | GW20:TOT(H) 1-2:29 Dec 12:45 | GW21:LIV(A) 0-3:02 Jan 19:45 | GW22:WHU(H) 3-0:12 Jan 15:00 | GW23:WIG(A) 3-2:19 Jan 15:00 | GW24:SWA(H) 0-0:29 Jan 19:45 | GW25:RDG(A) 1-2:02 Feb 15:00 | GW26:ARS(H) 0-1:09 Feb 15:00 | GW27:WBA(A) 1-2:23 Feb 15:00 | GW28:FUL(H) 2-2:02 Mar 15:00 | GW29:QPR(A) 1-3:09 Mar 15:00 | GW30:NOR(H) 1-1:17 Mar 13:30 | GW31:MUN(H) 0-1:30 Mar 12:45 | GW32:CHE(A) 1-2:07 Apr 15:00 | GW33:NEW(A) 3-0:14 Apr 12:00 | GW34:EVE(H) 1-0:20 Apr 15:00 | GW35:AVL(A) 1-6:29 Apr 20:00 | GW36:STK(H) 1-1:06 May 20:00 | GW37:SOU(H) 1-1:12 May 15:00 | GW38:TOT(A) 0-1:19 May 16:00
12002,Stewart Downing,3387,Stewart Downing,157,EXACT,Liverpool,37,1 2 3 4 5 6 7 8 9 10 11 12 13 14 15 16 17 18 19 20 21 22 23 24 25 26 28 29 30 31 32 33 34 35 36 37 38,2114,-1273,6,3,4,97,10,0,GW1:WBA(A) 0-3:18 Aug 15:00 | GW2:MCI(H) 2-2:26 Aug 16:00 | GW3:ARS(H) 0-2:02 Sep 13:30 | GW4:SUN(A) 1-1:15 Sep 17:30 | GW5:MUN(H) 1-2:23 Sep 13:30 | GW6:NOR(A) 5-2:29 Sep 15:00 | GW7:STK(H) 0-0:07 Oct 15:00 | GW8:RDG(H) 1-0:20 Oct 15:00 | GW9:EVE(A) 2-2:28 Oct 13:30 | GW10:NEW(H) 1-1:04 Nov 16:00 | GW11:CHE(A) 1-1:11 Nov 16:00 | GW12:WIG(H) 3-0:17 Nov 15:00 | GW13:SWA(A) 0-0:25 Nov 13:30 | GW14:TOT(A) 1-2:28 Nov 19:45 | GW15:SOU(H) 1-0:01 Dec 15:00 | GW16:WHU(A) 3-2:09 Dec 16:00 | GW17:AVL(H) 1-3:15 Dec 15:00 | GW18:FUL(H) 4-0:22 Dec 17:30 | GW19:STK(A) 1-3:26 Dec 19:45 | GW20:QPR(A) 3-0:30 Dec 16:00 | GW21:SUN(H) 3-0:02 Jan 19:45 | GW22:MUN(A) 1-2:13 Jan 13:30 | GW23:NOR(H) 5-0:19 Jan 15:00 | GW24:ARS(A) 2-2:30 Jan 19:45 | GW25:MCI(A) 2-2:03 Feb 16:00 | GW26:SWA(H) 5-0:17 Feb 15:00 | GW28:WIG(A) 4-0:02 Mar 17:30 | GW29:TOT(H) 3-2:10 Mar 16:00 | GW30:SOU(A) 1-3:16 Mar 15:00 | GW31:AVL(A) 2-1:31 Mar 13:30 | GW32:WHU(H) 0-0:07 Apr 13:30 | GW33:RDG(A) 0-0:13 Apr 15:00 | GW34:CHE(H) 2-2:21 Apr 16:00 | GW35:NEW(A) 6-0:27 Apr 17:30 | GW36:EVE(H) 0-0:05 May 13:30 | GW37:FUL(A) 3-1:12 May 15:00 | GW38:QPR(H) 1-0:19 May 16:00
20467,Theo Walcott,1696,Theo Walcott,15,EXACT,Arsenal,12,1 2 3 4 5 6 7 8 9 10 20 30,423,-1273,3,5,5,53,2,1,GW1:SUN(H) 0-0:18 Aug 15:00 | GW2:STK(A) 0-0:26 Aug 13:30 | GW3:LIV(A) 2-0:02 Sep 13:30 | GW4:SOU(H) 6-1:15 Sep 15:00 | GW5:MCI(A) 1-1:23 Sep 16:00 | GW6:CHE(H) 1-2:29 Sep 12:45 | GW7:WHU(A) 3-1:06 Oct 17:30 | GW8:NOR(A) 0-1:20 Oct 17:30 | GW9:QPR(H) 1-0:27 Oct 15:00 | GW10:MUN(A) 1-2:03 Nov 12:45 | GW20:NEW(H) 7-3:29 Dec 17:30 | GW30:SWA(A) 2-0:16 Mar 15:00
18753,Hatem Ben Arfa,171,Hatem Ben Arfa,238,EXACT,Newcastle,38,1 2 3 4 5 6 7 8 9 10 11 12 13 14 15 16 17 18 19 20 21 22 23 24 25 26 27 28 29 30 31 32 33 34 35 36 37 38,1458,1287,2,4,9,72,3,1,GW1:TOT(H) 2-1:18 Aug 17:30 | GW2:CHE(A) 0-2:25 Aug 17:30 | GW3:AVL(H) 1-1:02 Sep 16:00 | GW4:EVE(A) 2-2:17 Sep 20:00 | GW5:NOR(H) 1-0:23 Sep 15:00 | GW6:RDG(A) 2-2:29 Sep 15:00 | GW7:MUN(H) 0-3:07 Oct 16:00 | GW8:SUN(A) 1-1:21 Oct 13:30 | GW9:WBA(H) 2-1:28 Oct 15:00 | GW10:LIV(A) 1-1:04 Nov 16:00 | GW11:WHU(H) 0-1:11 Nov 15:00 | GW12:SWA(H) 1-2:17 Nov 15:00 | GW13:SOU(A) 0-2:25 Nov 15:00 | GW14:STK(A) 1-2:28 Nov 19:45 | GW15:WIG(H) 3-0:03 Dec 20:00 | GW16:FUL(A) 1-2:10 Dec 20:00 | GW17:MCI(H) 1-3:15 Dec 12:45 | GW18:QPR(H) 1-0:22 Dec 15:00 | GW19:MUN(A) 3-4:26 Dec 15:00 | GW20:ARS(A) 3-7:29 Dec 17:30 | GW21:EVE(H) 1-2:02 Jan 20:00 | GW22:NOR(A) 0-0:12 Jan 15:00 | GW23:RDG(H) 1-2:19 Jan 15:00 | GW24:AVL(A) 2-1:29 Jan 19:45 | GW25:CHE(H) 3-2:02 Feb 15:00 | GW26:TOT(A) 1-2:09 Feb 12:45 | GW27:SOU(H) 4-2:24 Feb 13:30 | GW28:SWA(A) 0-1:02 Mar 15:00 | GW29:STK(H) 2-1:10 Mar 15:00 | GW30:WIG(A) 1-2:17 Mar 16:00 | GW31:MCI(A) 0-4:30 Mar 15:00 | GW32:FUL(H) 1-0:07 Apr 15:00 | GW33:SUN(H) 0-3:14 Apr 12:00 | GW34:WBA(A) 1-1:20 Apr 15:00 | GW35:LIV(H) 0-6:27 Apr 17:30 | GW36:WHU(A) 0-0:04 May 15:00 | GW37:QPR(A) 2-1:12 May 15:00 | GW38:ARS(H) 0-1:19 May 16:00
8378,Leon Osman,1808,Leon Osman,103,EXACT,Everton,37,1 2 3 4 5 6 7 8 9 10 11 12 13 14 15 16 17 18 19 20 21 22 23 24 25 26 27 28 30 31 32 33 34 35 36 37 38,3096,1288,3,5,14,119,10,9,GW1:MUN(H) 1-0:20 Aug 20:00 | GW2:AVL(A) 3-1:25 Aug 15:00 | GW3:WBA(A) 0-2:01 Sep 15:00 | GW4:NEW(H) 2-2:17 Sep 20:00 | GW5:SWA(A) 3-0:22 Sep 12:45 | GW6:SOU(H) 3-1:29 Sep 15:00 | GW7:WIG(A) 2-2:06 Oct 15:00 | GW8:QPR(A) 1-1:21 Oct 16:00 | GW9:LIV(H) 2-2:28 Oct 13:30 | GW10:FUL(A) 2-2:03 Nov 15:00 | GW11:SUN(H) 2-1:10 Nov 15:00 | GW12:RDG(A) 1-2:17 Nov 15:00 | GW13:NOR(H) 1-1:24 Nov 15:00 | GW14:ARS(H) 1-1:28 Nov 19:45 | GW15:MCI(A) 1-1:01 Dec 15:00 | GW16:TOT(H) 2-1:09 Dec 15:00 | GW17:STK(A) 1-1:15 Dec 15:00 | GW18:WHU(A) 2-1:22 Dec 15:00 | GW19:WIG(H) 2-1:26 Dec 15:00 | GW20:CHE(H) 1-2:30 Dec 13:30 | GW21:NEW(A) 2-1:02 Jan 20:00 | GW22:SWA(H) 0-0:12 Jan 15:00 | GW23:SOU(A) 0-0:21 Jan 20:00 | GW24:WBA(H) 2-1:30 Jan 19:45 | GW25:AVL(H) 3-3:02 Feb 15:00 | GW26:MUN(A) 0-2:10 Feb 16:00 | GW27:NOR(A) 1-2:23 Feb 15:00 | GW28:RDG(H) 3-1:02 Mar 15:00 | GW30:MCI(H) 2-0:16 Mar 12:45 | GW31:STK(H) 1-0:30 Mar 17:30 | GW32:TOT(A) 2-2:07 Apr 14:05 | GW33:ARS(A) 0-0:16 Apr 19:45 | GW34:SUN(A) 0-1:20 Apr 15:00 | GW35:FUL(H) 1-0:27 Apr 15:00 | GW36:LIV(A) 0-0:05 May 13:30 | GW37:WHU(H) 2-0:12 May 15:00 | GW38:CHE(A) 1-2:19 May 16:00
10089,Martin Petrov,1469,Martin Petrov,78,EXACT,Bolton,2,3 17,180,-1289,2,0,1,11,0,0,GW3:LIV(A) 1-3:27 Aug. 17:30 | GW17:BLA(A) 2-1:20 Dec. 20:00
1869,Aaron Hughes,3405,Aaron Hughes,123,EXACT,Fulham,37,1 2 3 4 5 6 7 8 9 10 11 12 13 14 15 16 17 18 19 20 21 22 23 24 25 26 27 28 30 31 32 33 34 35 36 37 38,2115,-1290,0,0,3,50,4,1,GW1:NOR(H) 5-0:18 Aug 15:00 | GW2:MUN(A) 2-3:25 Aug 15:00 | GW3:WHU(A) 0-3:01 Sep 12:45 | GW4:WBA(H) 3-0:15 Sep 15:00 | GW5:WIG(A) 2-1:22 Sep 15:00 | GW6:MCI(H) 1-2:29 Sep 15:00 | GW7:SOU(A) 2-2:07 Oct 13:30 | GW8:AVL(H) 1-0:20 Oct 15:00 | GW9:RDG(A) 3-3:27 Oct 15:00 | GW10:EVE(H) 2-2:03 Nov 15:00 | GW11:ARS(A) 3-3:10 Nov 15:00 | GW12:SUN(H) 1-3:18 Nov 16:00 | GW13:STK(A) 0-1:24 Nov 15:00 | GW14:CHE(A) 0-0:28 Nov 19:45 | GW15:TOT(H) 0-3:01 Dec 15:00 | GW16:NEW(H) 2-1:10 Dec 20:00 | GW17:QPR(A) 1-2:15 Dec 15:00 | GW18:LIV(A) 0-4:22 Dec 17:30 | GW19:SOU(H) 1-1:26 Dec 15:00 | GW20:SWA(H) 1-2:29 Dec 15:00 | GW21:WBA(A) 2-1:01 Jan 12:45 | GW22:WIG(H) 1-1:12 Jan 15:00 | GW23:MCI(A) 0-2:19 Jan 15:00 | GW24:WHU(H) 3-1:30 Jan 20:00 | GW25:MUN(H) 0-1:02 Feb 17:30 | GW26:NOR(A) 0-0:09 Feb 15:00 | GW27:STK(H) 1-0:23 Feb 12:45 | GW28:SUN(A) 2-2:02 Mar 15:00 | GW30:TOT(A) 1-0:17 Mar 15:00 | GW31:QPR(H) 3-2:01 Apr 20:00 | GW32:NEW(A) 0-1:07 Apr 15:00 | GW33:CHE(H) 0-3:17 Apr 20:00 | GW34:ARS(H) 0-1:20 Apr 15:00 | GW35:EVE(A) 0-1:27 Apr 15:00 | GW36:RDG(H) 2-4:04 May 15:00 | GW37:LIV(H) 1-3:12 May 15:00 | GW38:SWA(A) 3-0:19 May 16:00
20208,Charlie Adam,3051,Charlie Adam,163,EXACT,Stoke City,38,1 2 3 4 5 6 7 8 9 10 11 12 13 14 15 16 17 18 19 20 21 22 23 24 25 26 27 28 29 30 31 32 33 34 35 36 37 38,1758,-1293,6,3,5,85,9,7,GW1:WBA(A) 0-3:18 Aug 15:00 | GW2:MCI(H) 2-2:26 Aug 16:00 | GW3:WIG(A) 2-2:01 Sep 15:00 | GW4:MCI(H) 1-1:15 Sep 15:00 | GW5:CHE(A) 0-1:22 Sep 15:00 | GW6:SWA(H) 2-0:29 Sep 15:00 | GW7:LIV(A) 0-0:07 Oct 15:00 | GW8:MUN(A) 2-4:20 Oct 15:00 | GW9:SUN(H) 0-0:27 Oct 15:00 | GW10:NOR(A) 0-1:03 Nov 15:00 | GW11:QPR(H) 1-0:10 Nov 15:00 | GW12:WHU(A) 1-1:19 Nov 20:00 | GW13:FUL(H) 1-0:24 Nov 15:00 | GW14:NEW(H) 2-1:28 Nov 19:45 | GW15:WBA(A) 1-0:01 Dec 15:00 | GW16:AVL(A) 0-0:08 Dec 15:00 | GW17:EVE(H) 1-1:15 Dec 15:00 | GW18:TOT(A) 0-0:22 Dec 15:00 | GW19:LIV(H) 3-1:26 Dec 19:45 | GW20:SOU(H) 3-3:29 Dec 15:00 | GW21:MCI(A) 0-3:01 Jan 15:00 | GW22:CHE(H) 0-4:12 Jan 15:00 | GW23:SWA(A) 1-3:19 Jan 15:00 | GW24:WIG(H) 2-2:29 Jan 19:45 | GW25:ARS(A) 0-1:02 Feb 15:00 | GW26:RDG(H) 2-1:09 Feb 15:00 | GW27:FUL(A) 0-1:23 Feb 12:45 | GW28:WHU(H) 0-1:02 Mar 15:00 | GW29:NEW(A) 1-2:10 Mar 15:00 | GW30:WBA(H) 0-0:16 Mar 15:00 | GW31:EVE(A) 0-1:30 Mar 17:30 | GW32:AVL(H) 1-3:06 Apr 15:00 | GW33:MUN(H) 0-2:14 Apr 14:05 | GW34:QPR(A) 2-0:20 Apr 15:00 | GW35:NOR(H) 1-0:27 Apr 15:00 | GW36:SUN(A) 1-1:06 May 20:00 | GW37:TOT(H) 1-2:12 May 13:30 | GW38:SOU(A) 1-1:19 May 16:00
4396,Louis Saha,1372,Louis Saha,133,EXACT,Tottenham,1,29,72,-1300,0,0,0,2,1,0,GW29:STO(H) 1-1:21 March 19:45
50472,James McCarthy,1982,James McCarthy,518,EXACT,Wigan,37,1 2 3 4 5 6 7 8 9 10 11 12 13 14 15 16 17 18 19 20 21 22 23 24 25 26 27 28 30 31 32 33 34 35 36 37 38,3284,1302,3,3,6,101,5,7,GW1:CHE(H) 0-2:19 Aug 13:30 | GW2:SOU(A) 2-0:25 Aug 15:00 | GW3:STK(H) 2-2:01 Sep 15:00 | GW4:MUN(A) 0-4:15 Sep 15:00 | GW5:FUL(H) 1-2:22 Sep 15:00 | GW6:SUN(A) 0-1:29 Sep 15:00 | GW7:EVE(H) 2-2:06 Oct 15:00 | GW8:SWA(A) 1-2:20 Oct 15:00 | GW9:WHU(H) 2-1:27 Oct 15:00 | GW10:TOT(A) 1-0:03 Nov 15:00 | GW11:WBA(H) 1-2:10 Nov 15:00 | GW12:LIV(A) 0-3:17 Nov 15:00 | GW13:RDG(H) 3-2:24 Nov 15:00 | GW14:MCI(H) 0-2:28 Nov 20:00 | GW15:NEW(A) 0-3:03 Dec 20:00 | GW16:QPR(H) 2-2:08 Dec 15:00 | GW17:NOR(A) 1-2:15 Dec 15:00 | GW18:ARS(H) 0-1:22 Dec 12:45 | GW19:EVE(A) 1-2:26 Dec 15:00 | GW20:AVL(A) 3-0:29 Dec 15:00 | GW21:MUN(H) 0-4:01 Jan 15:00 | GW22:FUL(A) 1-1:12 Jan 15:00 | GW23:SUN(H) 2-3:19 Jan 15:00 | GW24:STK(A) 2-2:29 Jan 19:45 | GW25:SOU(H) 2-2:02 Feb 15:00 | GW26:CHE(A) 1-4:09 Feb 15:00 | GW27:RDG(A) 3-0:23 Feb 15:00 | GW28:LIV(H) 0-4:02 Mar 17:30 | GW30:NEW(H) 2-1:17 Mar 16:00 | GW31:NOR(H) 1-0:30 Mar 15:00 | GW32:QPR(A) 1-1:07 Apr 16:10 | GW33:MCI(A) 0-1:17 Apr 19:45 | GW34:WHU(A) 0-2:20 Apr 15:00 | GW35:TOT(H) 2-2:27 Apr 15:00 | GW36:SWA(H) 2-3:07 May 19:45 | GW37:ARS(A) 1-4:14 May 19:45 | GW38:AVL(H) 2-2:19 May 16:00
19959,Adam Johnson,1531,Adam Johnson,188,EXACT,Sunderland,37,1 3 4 5 6 7 8 9 10 11 12 13 14 15 16 17 18 19 20 21 22 23 24 25 26 27 28 29 30 31 32 33 34 35 36 37 38,2835,1304,9,4,18,138,9,3,GW1:SOU(H) 3-2:19 Aug 16:00 | GW3:SWA(A) 2-2:01 Sep 15:00 | GW4:LIV(H) 1-1:15 Sep 17:30 | GW5:WHU(A) 1-1:22 Sep 15:00 | GW6:WIG(H) 1-0:29 Sep 15:00 | GW7:MCI(A) 0-3:06 Oct 12:45 | GW8:NEW(H) 1-1:21 Oct 13:30 | GW9:STK(A) 0-0:27 Oct 15:00 | GW10:AVL(H) 0-1:03 Nov 15:00 | GW11:EVE(A) 1-2:10 Nov 15:00 | GW12:FUL(A) 3-1:18 Nov 16:00 | GW13:WBA(H) 2-4:24 Nov 12:45 | GW14:QPR(H) 0-0:27 Nov 19:45 | GW15:NOR(A) 1-2:02 Dec 16:00 | GW16:RDG(H) 3-0:11 Dec 19:45 | GW17:MUN(A) 1-3:15 Dec 15:00 | GW18:SOU(A) 1-0:22 Dec 15:00 | GW19:MCI(H) 1-0:26 Dec 15:00 | GW20:TOT(H) 1-2:29 Dec 12:45 | GW21:LIV(A) 0-3:02 Jan 19:45 | GW22:WHU(H) 3-0:12 Jan 15:00 | GW23:WIG(A) 3-2:19 Jan 15:00 | GW24:SWA(H) 0-0:29 Jan 19:45 | GW25:RDG(A) 1-2:02 Feb 15:00 | GW26:ARS(H) 0-1:09 Feb 15:00 | GW27:WBA(A) 1-2:23 Feb 15:00 | GW28:FUL(H) 2-2:02 Mar 15:00 | GW29:QPR(A) 1-3:09 Mar 15:00 | GW30:NOR(H) 1-1:17 Mar 13:30 | GW31:MUN(H) 0-1:30 Mar 12:45 | GW32:CHE(A) 1-2:07 Apr 15:00 | GW33:NEW(A) 3-0:14 Apr 12:00 | GW34:EVE(H) 1-0:20 Apr 15:00 | GW35:AVL(A) 1-6:29 Apr 20:00 | GW36:STK(H) 1-1:06 May 20:00 | GW37:SOU(H) 1-1:12 May 15:00 | GW38:TOT(A) 0-1:19 May 16:00
15864,Michael Turner,1305,Michael Turner,337,EXACT,Sunderland,1,17,0,-1305,0,0,0,0,0,0,GW17:QPR(A) 3-2:21 Dec. 20:00
19557,Sylvan Ebanks-Blake,1305,Sylvan Ebanks-Blake,479,EXACT,Wolves,1,33,0,-1305,0,0,0,0,0,0,GW33:ARS(H) 0-3:11 April 19:45
20492,Micah Richards,1401,Micah Richards,187,EXACT,Man City,1,29,90,-1311,0,0,0,2,0,0,GW29:CHE(H) 2-1:21 March 19:45
32317,Jermaine Beckford,1319,Jermaine Beckford,131,EXACT,Everton,1,29,0,-1319,0,0,0,0,0,0,GW29:ARS(H) 0-1:21 March 20:00
16854,Philippe Senderos,270,Philippe Senderos,121,EXACT,Fulham,37,1 2 3 4 5 6 7 8 9 10 11 12 13 14 15 16 17 18 19 20 21 22 23 24 25 26 27 28 30 31 32 33 34 35 36 37 38,1594,1324,0,0,1,45,5,6,GW1:NOR(H) 5-0:18 Aug 15:00 | GW2:MUN(A) 2-3:25 Aug 15:00 | GW3:WHU(A) 0-3:01 Sep 12:45 | GW4:WBA(H) 3-0:15 Sep 15:00 | GW5:WIG(A) 2-1:22 Sep 15:00 | GW6:MCI(H) 1-2:29 Sep 15:00 | GW7:SOU(A) 2-2:07 Oct 13:30 | GW8:AVL(H) 1-0:20 Oct 15:00 | GW9:RDG(A) 3-3:27 Oct 15:00 | GW10:EVE(H) 2-2:03 Nov 15:00 | GW11:ARS(A) 3-3:10 Nov 15:00 | GW12:SUN(H) 1-3:18 Nov 16:00 | GW13:STK(A) 0-1:24 Nov 15:00 | GW14:CHE(A) 0-0:28 Nov 19:45 | GW15:TOT(H) 0-3:01 Dec 15:00 | GW16:NEW(H) 2-1:10 Dec 20:00 | GW17:QPR(A) 1-2:15 Dec 15:00 | GW18:LIV(A) 0-4:22 Dec 17:30 | GW19:SOU(H) 1-1:26 Dec 15:00 | GW20:SWA(H) 1-2:29 Dec 15:00 | GW21:WBA(A) 2-1:01 Jan 12:45 | GW22:WIG(H) 1-1:12 Jan 15:00 | GW23:MCI(A) 0-2:19 Jan 15:00 | GW24:WHU(H) 3-1:30 Jan 20:00 | GW25:MUN(H) 0-1:02 Feb 17:30 | GW26:NOR(A) 0-0:09 Feb 15:00 | GW27:STK(H) 1-0:23 Feb 12:45 | GW28:SUN(A) 2-2:02 Mar 15:00 | GW30:TOT(A) 1-0:17 Mar 15:00 | GW31:QPR(H) 3-2:01 Apr 20:00 | GW32:NEW(A) 0-1:07 Apr 15:00 | GW33:CHE(H) 0-3:17 Apr 20:00 | GW34:ARS(H) 0-1:20 Apr 15:00 | GW35:EVE(A) 0-1:27 Apr 15:00 | GW36:RDG(H) 2-4:04 May 15:00 | GW37:LIV(H) 1-3:12 May 15:00 | GW38:SWA(A) 3-0:19 May 16:00
17500,Emmanuel Adebayor,240,Emmanuel Adebayor,194,EXACT,Tottenham,37,1 2 3 4 5 6 7 8 9 10 11 12 13 14 15 16 17 18 19 20 21 22 23 24 25 26 27 28 29 30 31 32 34 35 36 37 38,1565,1325,2,5,10,71,6,3,GW1:SOU(H) 3-2:19 Aug 16:00 | GW2:WBA(H) 1-1:25 Aug 15:00 | GW3:NOR(H) 1-1:01 Sep 15:00 | GW4:RDG(A) 3-1:16 Sep 16:00 | GW5:QPR(H) 2-1:23 Sep 16:00 | GW6:MUN(A) 3-2:29 Sep 17:30 | GW7:AVL(H) 2-0:07 Oct 15:00 | GW8:CHE(H) 2-4:20 Oct 12:45 | GW9:SOU(A) 2-1:28 Oct 15:00 | GW10:WIG(H) 0-1:03 Nov 15:00 | GW11:MCI(A) 1-2:11 Nov 13:30 | GW12:ARS(A) 2-5:17 Nov 12:45 | GW13:WHU(H) 3-1:25 Nov 16:00 | GW14:LIV(H) 2-1:28 Nov 19:45 | GW15:FUL(A) 3-0:01 Dec 15:00 | GW16:EVE(A) 1-2:09 Dec 15:00 | GW17:SWA(H) 1-0:16 Dec 13:30 | GW18:STK(H) 0-0:22 Dec 15:00 | GW19:AVL(A) 4-0:26 Dec 17:30 | GW20:SUN(A) 2-1:29 Dec 12:45 | GW21:RDG(H) 3-1:01 Jan 15:00 | GW22:QPR(A) 0-0:12 Jan 12:45 | GW23:MUN(H) 1-1:20 Jan 16:00 | GW24:NOR(A) 1-1:30 Jan 19:45 | GW25:WBA(A) 1-0:03 Feb 13:30 | GW26:NEW(H) 2-1:09 Feb 12:45 | GW27:WHU(A) 3-2:25 Feb 20:00 | GW28:ARS(H) 2-1:03 Mar 16:00 | GW29:LIV(A) 2-3:10 Mar 16:00 | GW30:FUL(H) 0-1:17 Mar 15:00 | GW31:SWA(A) 2-1:30 Mar 15:00 | GW32:EVE(H) 2-2:07 Apr 14:05 | GW34:MCI(H) 3-1:21 Apr 13:30 | GW35:WIG(A) 2-2:27 Apr 15:00 | GW36:CHE(A) 2-2:08 May 19:45 | GW37:STK(A) 2-1:12 May 13:30 | GW38:SUN(H) 1-0:19 May 16:00
19197,Jason Puncheon,648,Jason Puncheon,348,EXACT,Southampton,37,1 2 3 4 5 6 7 8 9 10 11 12 13 14 15 16 18 19 20 21 22 23 24 25 26 27 28 29 30 31 32 33 34 35 36 37 38,1976,1328,6,5,8,107,4,1,GW1:MCI(A) 2-3:19 Aug 16:00 | GW2:WIG(H) 0-2:25 Aug 15:00 | GW3:MUN(H) 2-3:02 Sep 16:00 | GW4:ARS(A) 1-6:15 Sep 15:00 | GW5:AVL(H) 4-1:22 Sep 15:00 | GW6:EVE(A) 1-3:29 Sep 15:00 | GW7:FUL(H) 2-2:07 Oct 13:30 | GW8:WHU(A) 1-4:20 Oct 15:00 | GW9:TOT(H) 1-2:28 Oct 15:00 | GW10:WBA(A) 0-2:05 Nov 20:00 | GW11:SWA(H) 1-1:10 Nov 15:00 | GW12:QPR(A) 3-1:17 Nov 15:00 | GW13:NEW(H) 2-0:25 Nov 15:00 | GW14:NOR(H) 1-1:28 Nov 19:45 | GW15:LIV(A) 0-1:01 Dec 15:00 | GW16:RDG(H) 1-0:08 Dec 15:00 | GW18:SUN(H) 0-1:22 Dec 15:00 | GW19:FUL(A) 1-1:26 Dec 15:00 | GW20:STK(A) 3-3:29 Dec 15:00 | GW21:ARS(H) 1-1:01 Jan 17:30 | GW22:CHE(A) 2-2:16 Jan 19:45 | GW23:EVE(H) 0-0:21 Jan 20:00 | GW24:MUN(A) 1-2:30 Jan 20:00 | GW25:WIG(A) 2-2:02 Feb 15:00 | GW26:MCI(H) 3-1:09 Feb 17:30 | GW27:NEW(A) 2-4:24 Feb 13:30 | GW28:QPR(H) 1-2:02 Mar 15:00 | GW29:NOR(A) 0-0:09 Mar 15:00 | GW30:LIV(H) 3-1:16 Mar 15:00 | GW31:CHE(H) 2-1:30 Mar 15:00 | GW32:RDG(A) 2-0:06 Apr 12:45 | GW33:WHU(H) 1-1:13 Apr 15:00 | GW34:SWA(A) 0-0:20 Apr 15:00 | GW35:WBA(H) 0-3:27 Apr 15:00 | GW36:TOT(A) 0-1:04 May 15:00 | GW37:SUN(A) 1-1:12 May 15:00 | GW38:STK(H) 1-1:19 May 16:00
8758,Mikel Arteta,2410,Mikel Arteta,20,EXACT,Arsenal,12,1 2 3 4 5 6 7 8 9 10 20 30,1080,-1330,1,1,3,37,5,3,GW1:SUN(H) 0-0:18 Aug 15:00 | GW2:STK(A) 0-0:26 Aug 13:30 | GW3:LIV(A) 2-0:02 Sep 13:30 | GW4:SOU(H) 6-1:15 Sep 15:00 | GW5:MCI(A) 1-1:23 Sep 16:00 | GW6:CHE(H) 1-2:29 Sep 12:45 | GW7:WHU(A) 3-1:06 Oct 17:30 | GW8:NOR(A) 0-1:20 Oct 17:30 | GW9:QPR(H) 1-0:27 Oct 15:00 | GW10:MUN(A) 1-2:03 Nov 12:45 | GW20:NEW(H) 7-3:29 Dec 17:30 | GW30:SWA(A) 2-0:16 Mar 15:00
26793,Martin Skrtel,3420,Martin Skrtel,153,EXACT,Liverpool,37,1 2 3 4 5 6 7 8 9 10 11 12 13 14 15 16 17 18 19 20 21 22 23 24 25 26 28 29 30 31 32 33 34 35 36 37 38,2080,-1340,0,2,8,88,9,4,GW1:WBA(A) 0-3:18 Aug 15:00 | GW2:MCI(H) 2-2:26 Aug 16:00 | GW3:ARS(H) 0-2:02 Sep 13:30 | GW4:SUN(A) 1-1:15 Sep 17:30 | GW5:MUN(H) 1-2:23 Sep 13:30 | GW6:NOR(A) 5-2:29 Sep 15:00 | GW7:STK(H) 0-0:07 Oct 15:00 | GW8:RDG(H) 1-0:20 Oct 15:00 | GW9:EVE(A) 2-2:28 Oct 13:30 | GW10:NEW(H) 1-1:04 Nov 16:00 | GW11:CHE(A) 1-1:11 Nov 16:00 | GW12:WIG(H) 3-0:17 Nov 15:00 | GW13:SWA(A) 0-0:25 Nov 13:30 | GW14:TOT(A) 1-2:28 Nov 19:45 | GW15:SOU(H) 1-0:01 Dec 15:00 | GW16:WHU(A) 3-2:09 Dec 16:00 | GW17:AVL(H) 1-3:15 Dec 15:00 | GW18:FUL(H) 4-0:22 Dec 17:30 | GW19:STK(A) 1-3:26 Dec 19:45 | GW20:QPR(A) 3-0:30 Dec 16:00 | GW21:SUN(H) 3-0:02 Jan 19:45 | GW22:MUN(A) 1-2:13 Jan 13:30 | GW23:NOR(H) 5-0:19 Jan 15:00 | GW24:ARS(A) 2-2:30 Jan 19:45 | GW25:MCI(A) 2-2:03 Feb 16:00 | GW26:SWA(H) 5-0:17 Feb 15:00 | GW28:WIG(A) 4-0:02 Mar 17:30 | GW29:TOT(H) 3-2:10 Mar 16:00 | GW30:SOU(A) 1-3:16 Mar 15:00 | GW31:AVL(A) 2-1:31 Mar 13:30 | GW32:WHU(H) 0-0:07 Apr 13:30 | GW33:RDG(A) 0-0:13 Apr 15:00 | GW34:CHE(H) 2-2:21 Apr 16:00 | GW35:NEW(A) 6-0:27 Apr 17:30 | GW36:EVE(H) 0-0:05 May 13:30 | GW37:FUL(A) 3-1:12 May 15:00 | GW38:QPR(H) 1-0:19 May 16:00
7635,Stephen Hunt,1340,Stephen Hunt,468,EXACT,Wolves,1,33,0,-1340,0,0,0,0,0,0,GW33:ARS(H) 0-3:11 April 19:45
20141,Graham Dorrans,1422,Graham Dorrans,424,EXACT,West Brom,2,27 33,77,-1345,0,0,0,2,0,0,GW27:CHE(H) 1-0:03 March 15:00 | GW33:MCI(A) 0-4:11 April 19:45
5207,Craig Gordon,1350,Craig Gordon,334,EXACT,Sunderland,1,17,0,-1350,0,0,0,0,0,0,GW17:QPR(A) 3-2:21 Dec. 20:00
9007,Tony Hibbert,1450,Tony Hibbert,117,EXACT,Everton,1,29,90,-1360,0,0,0,2,0,0,GW29:ARS(H) 0-1:21 March 20:00
3736,John O'Shea,1541,John O'Shea,385,EXACT,Sunderland,37,1 3 4 5 6 7 8 9 10 11 12 13 14 15 16 17 18 19 20 21 22 23 24 25 26 27 28 29 30 31 32 33 34 35 36 37 38,2902,1361,4,2,7,114,9,3,GW1:ARS(A) 0-0:18 Aug 15:00 | GW3:SWA(A) 2-2:01 Sep 15:00 | GW4:LIV(H) 1-1:15 Sep 17:30 | GW5:WHU(A) 1-1:22 Sep 15:00 | GW6:WIG(H) 1-0:29 Sep 15:00 | GW7:MCI(A) 0-3:06 Oct 12:45 | GW8:NEW(H) 1-1:21 Oct 13:30 | GW9:STK(A) 0-0:27 Oct 15:00 | GW10:AVL(H) 0-1:03 Nov 15:00 | GW11:EVE(A) 1-2:10 Nov 15:00 | GW12:FUL(A) 3-1:18 Nov 16:00 | GW13:WBA(H) 2-4:24 Nov 12:45 | GW14:QPR(H) 0-0:27 Nov 19:45 | GW15:NOR(A) 1-2:02 Dec 16:00 | GW16:RDG(H) 3-0:11 Dec 19:45 | GW17:MUN(A) 1-3:15 Dec 15:00 | GW18:SOU(A) 1-0:22 Dec 15:00 | GW19:MCI(H) 1-0:26 Dec 15:00 | GW20:TOT(H) 1-2:29 Dec 12:45 | GW21:LIV(A) 0-3:02 Jan 19:45 | GW22:WHU(H) 3-0:12 Jan 15:00 | GW23:WIG(A) 3-2:19 Jan 15:00 | GW24:SWA(H) 0-0:29 Jan 19:45 | GW25:RDG(A) 1-2:02 Feb 15:00 | GW26:ARS(H) 0-1:09 Feb 15:00 | GW27:WBA(A) 1-2:23 Feb 15:00 | GW28:FUL(H) 2-2:02 Mar 15:00 | GW29:QPR(A) 1-3:09 Mar 15:00 | GW30:NOR(H) 1-1:17 Mar 13:30 | GW31:MUN(H) 0-1:30 Mar 12:45 | GW32:CHE(A) 1-2:07 Apr 15:00 | GW33:NEW(A) 3-0:14 Apr 12:00 | GW34:EVE(H) 1-0:20 Apr 15:00 | GW35:AVL(A) 1-6:29 Apr 20:00 | GW36:STK(H) 1-1:06 May 20:00 | GW37:SOU(H) 1-1:12 May 15:00 | GW38:TOT(A) 0-1:19 May 16:00
1411,Scott Parker,2737,Scott Parker,452,EXACT,Tottenham,37,1 2 3 4 5 6 7 8 9 10 11 12 13 14 15 16 17 18 19 20 21 22 23 24 25 26 27 28 29 30 31 32 34 35 36 37 38,1363,-1374,1,0,1,43,3,1,GW1:NEW(A) 1-2:18 Aug 17:30 | GW2:WBA(H) 1-1:25 Aug 15:00 | GW3:NOR(H) 1-1:01 Sep 15:00 | GW4:RDG(A) 3-1:16 Sep 16:00 | GW5:QPR(H) 2-1:23 Sep 16:00 | GW6:MUN(A) 3-2:29 Sep 17:30 | GW7:AVL(H) 2-0:07 Oct 15:00 | GW8:CHE(H) 2-4:20 Oct 12:45 | GW9:SOU(A) 2-1:28 Oct 15:00 | GW10:WIG(H) 0-1:03 Nov 15:00 | GW11:MCI(A) 1-2:11 Nov 13:30 | GW12:ARS(A) 2-5:17 Nov 12:45 | GW13:WHU(H) 3-1:25 Nov 16:00 | GW14:LIV(H) 2-1:28 Nov 19:45 | GW15:FUL(A) 3-0:01 Dec 15:00 | GW16:EVE(A) 1-2:09 Dec 15:00 | GW17:SWA(H) 1-0:16 Dec 13:30 | GW18:STK(H) 0-0:22 Dec 15:00 | GW19:AVL(A) 4-0:26 Dec 17:30 | GW20:SUN(A) 2-1:29 Dec 12:45 | GW21:RDG(H) 3-1:01 Jan 15:00 | GW22:QPR(A) 0-0:12 Jan 12:45 | GW23:MUN(H) 1-1:20 Jan 16:00 | GW24:NOR(A) 1-1:30 Jan 19:45 | GW25:WBA(A) 1-0:03 Feb 13:30 | GW26:NEW(H) 2-1:09 Feb 12:45 | GW27:WHU(A) 3-2:25 Feb 20:00 | GW28:ARS(H) 2-1:03 Mar 16:00 | GW29:LIV(A) 2-3:10 Mar 16:00 | GW30:FUL(H) 0-1:17 Mar 15:00 | GW31:SWA(A) 2-1:30 Mar 15:00 | GW32:EVE(H) 2-2:07 Apr 14:05 | GW34:MCI(H) 3-1:21 Apr 13:30 | GW35:WIG(A) 2-2:27 Apr 15:00 | GW36:CHE(A) 2-2:08 May 19:45 | GW37:STK(A) 2-1:12 May 13:30 | GW38:SUN(H) 1-0:19 May 16:00
20695,Antonio Valencia,741,Antonio Valencia,206,EXACT,Man Utd,37,1 2 3 4 5 6 7 8 9 10 11 12 13 14 15 16 17 18 19 20 21 22 23 24 25 26 27 28 30 31 32 33 34 35 36 37 38,2117,1376,7,1,4,84,7,5,GW1:EVE(A) 0-1:20 Aug 20:00 | GW2:FUL(H) 3-2:25 Aug 15:00 | GW3:SOU(A) 3-2:02 Sep 16:00 | GW4:WIG(H) 4-0:15 Sep 15:00 | GW5:LIV(A) 2-1:23 Sep 13:30 | GW6:TOT(H) 2-3:29 Sep 17:30 | GW7:NEW(A) 3-0:07 Oct 16:00 | GW8:STK(H) 4-2:20 Oct 15:00 | GW9:CHE(A) 3-2:28 Oct 16:00 | GW10:ARS(H) 2-1:03 Nov 12:45 | GW11:AVL(A) 3-2:10 Nov 17:30 | GW12:NOR(A) 0-1:17 Nov 17:30 | GW13:QPR(H) 3-1:24 Nov 15:00 | GW14:WHU(H) 1-0:28 Nov 20:00 | GW15:RDG(A) 4-3:01 Dec 17:30 | GW16:MCI(A) 3-2:09 Dec 13:30 | GW17:SUN(H) 3-1:15 Dec 15:00 | GW18:SWA(A) 1-1:23 Dec 13:30 | GW19:NEW(H) 4-3:26 Dec 15:00 | GW20:WBA(H) 2-0:29 Dec 15:00 | GW21:WIG(A) 4-0:01 Jan 15:00 | GW22:LIV(H) 2-1:13 Jan 13:30 | GW23:TOT(A) 1-1:20 Jan 16:00 | GW24:SOU(H) 2-1:30 Jan 20:00 | GW25:FUL(A) 1-0:02 Feb 17:30 | GW26:EVE(H) 2-0:10 Feb 16:00 | GW27:QPR(A) 2-0:23 Feb 15:00 | GW28:NOR(H) 4-0:02 Mar 15:00 | GW30:RDG(H) 1-0:16 Mar 17:30 | GW31:SUN(A) 1-0:30 Mar 12:45 | GW32:MCI(H) 1-2:08 Apr 20:00 | GW33:WHU(A) 2-2:17 Apr 19:45 | GW34:AVL(H) 3-0:22 Apr 20:00 | GW35:ARS(A) 1-1:28 Apr 16:00 | GW36:CHE(H) 0-1:05 May 16:00 | GW37:SWA(H) 2-1:12 May 16:00 | GW38:WBA(A) 5-5:19 May 16:00
3296,Emmerson Boyce,1672,Emmerson Boyce,514,EXACT,Wigan,37,1 2 3 4 5 6 7 8 9 10 11 12 13 14 15 16 17 18 19 20 21 22 23 24 25 26 27 28 30 31 32 33 34 35 36 37 38,3052,1380,0,4,5,85,5,5,GW1:CHE(H) 0-2:19 Aug 13:30 | GW2:SOU(A) 2-0:25 Aug 15:00 | GW3:STK(H) 2-2:01 Sep 15:00 | GW4:MUN(A) 0-4:15 Sep 15:00 | GW5:FUL(H) 1-2:22 Sep 15:00 | GW6:SUN(A) 0-1:29 Sep 15:00 | GW7:EVE(H) 2-2:06 Oct 15:00 | GW8:SWA(A) 1-2:20 Oct 15:00 | GW9:WHU(H) 2-1:27 Oct 15:00 | GW10:TOT(A) 1-0:03 Nov 15:00 | GW11:WBA(H) 1-2:10 Nov 15:00 | GW12:LIV(A) 0-3:17 Nov 15:00 | GW13:RDG(H) 3-2:24 Nov 15:00 | GW14:MCI(H) 0-2:28 Nov 20:00 | GW15:NEW(A) 0-3:03 Dec 20:00 | GW16:QPR(H) 2-2:08 Dec 15:00 | GW17:NOR(A) 1-2:15 Dec 15:00 | GW18:ARS(H) 0-1:22 Dec 12:45 | GW19:EVE(A) 1-2:26 Dec 15:00 | GW20:AVL(A) 3-0:29 Dec 15:00 | GW21:MUN(H) 0-4:01 Jan 15:00 | GW22:FUL(A) 1-1:12 Jan 15:00 | GW23:SUN(H) 2-3:19 Jan 15:00 | GW24:STK(A) 2-2:29 Jan 19:45 | GW25:SOU(H) 2-2:02 Feb 15:00 | GW26:CHE(A) 1-4:09 Feb 15:00 | GW27:RDG(A) 3-0:23 Feb 15:00 | GW28:LIV(H) 0-4:02 Mar 17:30 | GW30:NEW(H) 2-1:17 Mar 16:00 | GW31:NOR(H) 1-0:30 Mar 15:00 | GW32:QPR(A) 1-1:07 Apr 16:10 | GW33:MCI(A) 0-1:17 Apr 19:45 | GW34:WHU(A) 0-2:20 Apr 15:00 | GW35:TOT(H) 2-2:27 Apr 15:00 | GW36:SWA(H) 2-3:07 May 19:45 | GW37:ARS(A) 1-4:14 May 19:45 | GW38:AVL(H) 2-2:19 May 16:00
18953,Steven Fletcher,1395,Steven Fletcher,475,EXACT,Wolves,1,33,13,-1382,0,0,0,1,0,0,GW33:ARS(H) 0-3:11 April 19:45
11829,Wayne Routledge,994,Wayne Routledge,415,EXACT,Swansea,36,1 2 3 4 5 6 7 8 9 10 11 12 13 14 15 16 17 18 19 20 21 22 23 24 25 26 28 29 30 31 32 34 35 36 37 38,2392,1398,6,5,10,118,6,0,GW1:QPR(A) 5-0:18 Aug 15:00 | GW2:WHU(H) 3-0:25 Aug 12:45 | GW3:SUN(H) 2-2:01 Sep 15:00 | GW4:AVL(A) 0-2:15 Sep 15:00 | GW5:EVE(H) 0-3:22 Sep 12:45 | GW6:STK(A) 0-2:29 Sep 15:00 | GW7:RDG(H) 2-2:06 Oct 15:00 | GW8:WIG(H) 2-1:20 Oct 15:00 | GW9:MCI(A) 0-1:27 Oct 17:30 | GW10:CHE(H) 1-1:03 Nov 15:00 | GW11:SOU(A) 1-1:10 Nov 15:00 | GW12:NEW(A) 2-1:17 Nov 15:00 | GW13:LIV(H) 0-0:25 Nov 13:30 | GW14:WBA(H) 3-1:28 Nov 19:45 | GW15:ARS(A) 2-0:01 Dec 15:00 | GW16:NOR(H) 3-4:08 Dec 15:00 | GW17:TOT(A) 0-1:16 Dec 13:30 | GW18:MUN(H) 1-1:23 Dec 13:30 | GW19:RDG(A) 0-0:26 Dec 15:00 | GW20:FUL(A) 2-1:29 Dec 15:00 | GW21:AVL(H) 2-2:01 Jan 15:00 | GW22:EVE(A) 0-0:12 Jan 15:00 | GW23:STK(H) 3-1:19 Jan 15:00 | GW24:SUN(A) 0-0:29 Jan 19:45 | GW25:WHU(A) 0-1:02 Feb 15:00 | GW26:LIV(A) 0-5:17 Feb 15:00 | GW28:NEW(H) 1-0:02 Mar 15:00 | GW29:WBA(A) 1-2:09 Mar 15:00 | GW30:ARS(H) 0-2:16 Mar 15:00 | GW31:TOT(H) 1-2:30 Mar 15:00 | GW32:NOR(A) 2-2:06 Apr 15:00 | GW34:SOU(H) 0-0:20 Apr 15:00 | GW35:CHE(A) 0-2:28 Apr 15:00 | GW36:WIG(A) 3-2:07 May 19:45 | GW37:MUN(A) 1-2:12 May 16:00 | GW38:FUL(H) 0-3:19 May 16:00
3118,Jason Roberts,1471,Jason Roberts,67,EXACT,Blackburn,3,3 17 29,71,-1400,0,0,0,2,1,0,GW3:EVE(H) 0-1:27 Aug. 15:00 | GW17:BOL(H) 1-2:20 Dec. 20:00 | GW29:SUN(H) 2-0:20 March 20:00
26900,Peter Odemwingie,2682,Peter Odemwingie,485,EXACT,West Brom,37,1 2 3 4 5 6 7 8 9 10 11 12 13 14 15 16 17 18 19 20 21 22 23 24 25 26 27 28 29 30 31 32 34 35 36 37 38,1281,-1401,3,5,10,72,4,1,GW1:LIV(H) 3-0:18 Aug 15:00 | GW2:TOT(A) 1-1:25 Aug 15:00 | GW3:EVE(H) 2-0:01 Sep 15:00 | GW4:FUL(A) 0-3:15 Sep 15:00 | GW5:RDG(H) 1-0:22 Sep 15:00 | GW6:AVL(A) 1-1:30 Sep 16:00 | GW7:QPR(H) 3-2:06 Oct 15:00 | GW8:MCI(H) 1-2:20 Oct 15:00 | GW9:NEW(A) 1-2:28 Oct 15:00 | GW10:SOU(H) 2-0:05 Nov 20:00 | GW11:WIG(A) 2-1:10 Nov 15:00 | GW12:CHE(H) 2-1:17 Nov 15:00 | GW13:SUN(A) 4-2:24 Nov 12:45 | GW14:SWA(A) 1-3:28 Nov 19:45 | GW15:STK(H) 0-1:01 Dec 15:00 | GW16:ARS(A) 0-2:08 Dec 15:00 | GW17:WHU(H) 0-0:16 Dec 16:00 | GW18:NOR(H) 2-1:22 Dec 15:00 | GW19:QPR(A) 2-1:26 Dec 15:00 | GW20:MUN(A) 0-2:29 Dec 15:00 | GW21:FUL(H) 1-2:01 Jan 12:45 | GW22:RDG(A) 2-3:12 Jan 15:00 | GW23:AVL(H) 2-2:19 Jan 17:30 | GW24:EVE(A) 1-2:30 Jan 19:45 | GW25:TOT(H) 0-1:03 Feb 13:30 | GW26:LIV(A) 2-0:11 Feb 20:00 | GW27:SUN(H) 2-1:23 Feb 15:00 | GW28:CHE(A) 0-1:02 Mar 15:00 | GW29:SWA(H) 2-1:09 Mar 15:00 | GW30:STK(A) 0-0:16 Mar 15:00 | GW31:WHU(A) 1-3:30 Mar 15:00 | GW32:ARS(H) 1-2:06 Apr 15:00 | GW34:NEW(H) 1-1:20 Apr 15:00 | GW35:SOU(A) 3-0:27 Apr 15:00 | GW36:MCI(A) 0-1:07 May 19:45 | GW37:NOR(A) 0-4:12 May 15:00 | GW38:MUN(H) 5-5:19 May 16:00
27348,Gabriel Tamas,2037,Gabriel Tamas,465,EXACT,West Brom,37,1 2 3 4 5 6 7 8 9 10 11 12 13 14 15 16 17 18 19 20 21 22 23 24 25 26 27 28 29 30 31 32 34 35 36 37 38,632,-1405,0,0,0,10,0,3,GW1:LIV(H) 3-0:18 Aug 15:00 | GW2:TOT(A) 1-1:25 Aug 15:00 | GW3:EVE(H) 2-0:01 Sep 15:00 | GW4:FUL(A) 0-3:15 Sep 15:00 | GW5:RDG(H) 1-0:22 Sep 15:00 | GW6:AVL(A) 1-1:30 Sep 16:00 | GW7:QPR(H) 3-2:06 Oct 15:00 | GW8:MCI(H) 1-2:20 Oct 15:00 | GW9:NEW(A) 1-2:28 Oct 15:00 | GW10:SOU(H) 2-0:05 Nov 20:00 | GW11:WIG(A) 2-1:10 Nov 15:00 | GW12:CHE(H) 2-1:17 Nov 15:00 | GW13:SUN(A) 4-2:24 Nov 12:45 | GW14:SWA(A) 1-3:28 Nov 19:45 | GW15:STK(H) 0-1:01 Dec 15:00 | GW16:ARS(A) 0-2:08 Dec 15:00 | GW17:WHU(H) 0-0:16 Dec 16:00 | GW18:NOR(H) 2-1:22 Dec 15:00 | GW19:QPR(A) 2-1:26 Dec 15:00 | GW20:MUN(A) 0-2:29 Dec 15:00 | GW21:FUL(H) 1-2:01 Jan 12:45 | GW22:RDG(A) 2-3:12 Jan 15:00 | GW23:AVL(H) 2-2:19 Jan 17:30 | GW24:EVE(A) 1-2:30 Jan 19:45 | GW25:TOT(H) 0-1:03 Feb 13:30 | GW26:LIV(A) 2-0:11 Feb 20:00 | GW27:SUN(H) 2-1:23 Feb 15:00 | GW28:CHE(A) 0-1:02 Mar 15:00 | GW29:SWA(H) 2-1:09 Mar 15:00 | GW30:STK(A) 0-0:16 Mar 15:00 | GW31:WHU(A) 1-3:30 Mar 15:00 | GW32:ARS(H) 1-2:06 Apr 15:00 | GW34:NEW(H) 1-1:20 Apr 15:00 | GW35:SOU(A) 3-0:27 Apr 15:00 | GW36:MCI(A) 0-1:07 May 19:45 | GW37:NOR(A) 0-4:12 May 15:00 | GW38:MUN(H) 5-5:19 May 16:00
41270,David Luiz,953,David Luiz,67,EXACT,Chelsea,35,1 2 4 5 6 7 8 9 10 11 12 13 14 15 16 18 19 20 21 22 23 24 25 26 27 28 30 31 32 33 34 35 36 37 38,2362,1409,2,2,6,106,11,6,GW1:RDG(H) 4-2:22 Aug 19:45 | GW2:NEW(H) 2-0:25 Aug 17:30 | GW4:QPR(A) 0-0:15 Sep 15:00 | GW5:STK(H) 1-0:22 Sep 15:00 | GW6:ARS(A) 2-1:29 Sep 12:45 | GW7:NOR(H) 4-1:06 Oct 15:00 | GW8:TOT(A) 4-2:20 Oct 12:45 | GW9:MUN(H) 2-3:28 Oct 16:00 | GW10:SWA(A) 1-1:03 Nov 15:00 | GW11:LIV(H) 1-1:11 Nov 16:00 | GW12:WBA(A) 1-2:17 Nov 15:00 | GW13:MCI(H) 0-0:25 Nov 16:00 | GW14:FUL(H) 0-0:28 Nov 19:45 | GW15:WHU(A) 1-3:01 Dec 12:45 | GW16:SUN(A) 3-1:08 Dec 15:00 | GW18:AVL(H) 8-0:23 Dec 16:00 | GW19:NOR(A) 1-0:26 Dec 15:00 | GW20:EVE(A) 2-1:30 Dec 13:30 | GW21:QPR(H) 0-1:02 Jan 19:45 | GW22:SOU(H) 2-2:16 Jan 19:45 | GW23:ARS(H) 2-1:20 Jan 13:30 | GW24:RDG(A) 2-2:30 Jan 20:00 | GW25:NEW(A) 2-3:02 Feb 15:00 | GW26:WIG(H) 4-1:09 Feb 15:00 | GW27:MCI(A) 0-2:24 Feb 13:30 | GW28:WBA(H) 1-0:02 Mar 15:00 | GW30:WHU(H) 2-0:17 Mar 16:00 | GW31:SOU(A) 1-2:30 Mar 15:00 | GW32:SUN(H) 2-1:07 Apr 15:00 | GW33:FUL(A) 3-0:17 Apr 20:00 | GW34:LIV(A) 2-2:21 Apr 16:00 | GW35:SWA(H) 2-0:28 Apr 15:00 | GW36:TOT(H) 2-2:08 May 19:45 | GW37:AVL(A) 2-1:11 May 12:45 | GW38:EVE(H) 2-1:19 May 16:00
49384,Jack Rodwell,1412,Jack Rodwell,121,EXACT,Everton,1,29,0,-1412,0,0,0,0,0,0,GW29:ARS(H) 0-1:21 March 20:00
1195,Andrew Johnson,1549,Andrew Johnson,306,EXACT,QPR,38,1 2 3 4 5 6 7 8 9 10 11 12 13 14 15 16 17 18 19 20 21 22 23 24 25 26 27 28 29 30 31 32 33 34 35 36 37 38,135,-1414,1,0,0,7,0,0,GW1:SWA(H) 0-5:18 Aug 15:00 | GW2:NOR(A) 1-1:25 Aug 15:00 | GW3:MCI(A) 1-3:01 Sep 17:30 | GW4:CHE(H) 0-0:15 Sep 15:00 | GW5:TOT(A) 1-2:23 Sep 16:00 | GW6:WHU(H) 1-2:01 Oct 20:00 | GW7:WBA(A) 2-3:06 Oct 15:00 | GW8:EVE(H) 1-1:21 Oct 16:00 | GW9:ARS(A) 0-1:27 Oct 15:00 | GW10:RDG(H) 1-1:04 Nov 13:30 | GW11:STK(A) 0-1:10 Nov 15:00 | GW12:SOU(H) 1-3:17 Nov 15:00 | GW13:MUN(A) 1-3:24 Nov 15:00 | GW14:SUN(A) 0-0:27 Nov 19:45 | GW15:AVL(H) 1-1:01 Dec 15:00 | GW16:WIG(A) 2-2:08 Dec 15:00 | GW17:FUL(H) 2-1:15 Dec 15:00 | GW18:NEW(A) 0-1:22 Dec 15:00 | GW19:WBA(H) 1-2:26 Dec 15:00 | GW20:LIV(H) 0-3:30 Dec 16:00 | GW21:CHE(A) 1-0:02 Jan 19:45 | GW22:TOT(H) 0-0:12 Jan 12:45 | GW23:WHU(A) 1-1:19 Jan 15:00 | GW24:MCI(H) 0-0:29 Jan 19:45 | GW25:NOR(H) 0-0:02 Feb 12:45 | GW26:SWA(A) 1-4:09 Feb 15:00 | GW27:MUN(H) 0-2:23 Feb 15:00 | GW28:SOU(A) 2-1:02 Mar 15:00 | GW29:SUN(H) 3-1:09 Mar 15:00 | GW30:AVL(A) 2-3:16 Mar 15:00 | GW31:FUL(A) 2-3:01 Apr 20:00 | GW32:WIG(H) 1-1:07 Apr 16:10 | GW33:EVE(A) 0-2:13 Apr 15:00 | GW34:STK(H) 0-2:20 Apr 15:00 | GW35:RDG(A) 0-0:28 Apr 13:30 | GW36:ARS(H) 0-1:04 May 17:30 | GW37:NEW(H) 1-2:12 May 15:00 | GW38:LIV(A) 0-1:19 May 16:00
47412,Demba Ba,932,Demba Ba,249,EXACT,Chelsea,37,1 2 3 4 5 6 7 8 9 10 11 12 13 14 15 16 17 18 19 20 21 22 23 24 25 26 27 28 30 31 32 33 34 35 36 37 38,2371,1439,4,15,22,149,6,0,GW1:TOT(H) 2-1:18 Aug 17:30 | GW2:CHE(A) 0-2:25 Aug 17:30 | GW3:AVL(H) 1-1:02 Sep 16:00 | GW4:EVE(A) 2-2:17 Sep 20:00 | GW5:NOR(H) 1-0:23 Sep 15:00 | GW6:RDG(A) 2-2:29 Sep 15:00 | GW7:MUN(H) 0-3:07 Oct 16:00 | GW8:SUN(A) 1-1:21 Oct 13:30 | GW9:WBA(H) 2-1:28 Oct 15:00 | GW10:LIV(A) 1-1:04 Nov 16:00 | GW11:WHU(H) 0-1:11 Nov 15:00 | GW12:SWA(H) 1-2:17 Nov 15:00 | GW13:SOU(A) 0-2:25 Nov 15:00 | GW14:STK(A) 1-2:28 Nov 19:45 | GW15:WIG(H) 3-0:03 Dec 20:00 | GW16:FUL(A) 1-2:10 Dec 20:00 | GW17:MCI(H) 1-3:15 Dec 12:45 | GW18:QPR(H) 1-0:22 Dec 15:00 | GW19:MUN(A) 3-4:26 Dec 15:00 | GW20:ARS(A) 3-7:29 Dec 17:30 | GW21:EVE(H) 1-2:02 Jan 20:00 | GW22:SOU(H) 2-2:16 Jan 19:45 | GW23:ARS(H) 2-1:20 Jan 13:30 | GW24:RDG(A) 2-2:30 Jan 20:00 | GW25:NEW(A) 2-3:02 Feb 15:00 | GW26:WIG(H) 4-1:09 Feb 15:00 | GW27:MCI(A) 0-2:24 Feb 13:30 | GW28:WBA(H) 1-0:02 Mar 15:00 | GW30:WHU(H) 2-0:17 Mar 16:00 | GW31:SOU(A) 1-2:30 Mar 15:00 | GW32:SUN(H) 2-1:07 Apr 15:00 | GW33:FUL(A) 3-0:17 Apr 20:00 | GW34:LIV(A) 2-2:21 Apr 16:00 | GW35:SWA(H) 2-0:28 Apr 15:00 | GW36:TOT(H) 2-2:08 May 19:45 | GW37:AVL(A) 2-1:11 May 12:45 | GW38:EVE(H) 2-1:19 May 16:00
363,Paul Scholes,1536,Paul Scholes,624,EXACT,Man Utd,1,29,90,-1446,0,0,0,3,1,0,GW29:WOL(A) 5-0:18 March 13:30
3736,John O'Shea,1541,John O'Shea,340,EXACT,Sunderland,1,17,90,-1451,0,0,0,1,0,0,GW17:QPR(A) 3-2:21 Dec. 20:00
1195,Andrew Johnson,1549,Andrew Johnson,154,EXACT,Fulham,1,27,90,-1459,2,0,1,9,1,0,GW27:WOL(H) 5-0:04 March 14:05
5589,Dean Whitehead,2897,Dean Whitehead,365,EXACT,Stoke City,38,1 2 3 4 5 6 7 8 9 10 11 12 13 14 15 16 17 18 19 20 21 22 23 24 25 26 27 28 29 30 31 32 33 34 35 36 37 38,1405,-1492,0,1,2,37,3,9,GW1:RDG(A) 1-1:18 Aug 15:00 | GW2:ARS(H) 0-0:26 Aug 13:30 | GW3:WIG(A) 2-2:01 Sep 15:00 | GW4:MCI(H) 1-1:15 Sep 15:00 | GW5:CHE(A) 0-1:22 Sep 15:00 | GW6:SWA(H) 2-0:29 Sep 15:00 | GW7:LIV(A) 0-0:07 Oct 15:00 | GW8:MUN(A) 2-4:20 Oct 15:00 | GW9:SUN(H) 0-0:27 Oct 15:00 | GW10:NOR(A) 0-1:03 Nov 15:00 | GW11:QPR(H) 1-0:10 Nov 15:00 | GW12:WHU(A) 1-1:19 Nov 20:00 | GW13:FUL(H) 1-0:24 Nov 15:00 | GW14:NEW(H) 2-1:28 Nov 19:45 | GW15:WBA(A) 1-0:01 Dec 15:00 | GW16:AVL(A) 0-0:08 Dec 15:00 | GW17:EVE(H) 1-1:15 Dec 15:00 | GW18:TOT(A) 0-0:22 Dec 15:00 | GW19:LIV(H) 3-1:26 Dec 19:45 | GW20:SOU(H) 3-3:29 Dec 15:00 | GW21:MCI(A) 0-3:01 Jan 15:00 | GW22:CHE(H) 0-4:12 Jan 15:00 | GW23:SWA(A) 1-3:19 Jan 15:00 | GW24:WIG(H) 2-2:29 Jan 19:45 | GW25:ARS(A) 0-1:02 Feb 15:00 | GW26:RDG(H) 2-1:09 Feb 15:00 | GW27:FUL(A) 0-1:23 Feb 12:45 | GW28:WHU(H) 0-1:02 Mar 15:00 | GW29:NEW(A) 1-2:10 Mar 15:00 | GW30:WBA(H) 0-0:16 Mar 15:00 | GW31:EVE(A) 0-1:30 Mar 17:30 | GW32:AVL(H) 1-3:06 Apr 15:00 | GW33:MUN(H) 0-2:14 Apr 14:05 | GW34:QPR(A) 2-0:20 Apr 15:00 | GW35:NOR(H) 1-0:27 Apr 15:00 | GW36:SUN(A) 1-1:06 May 20:00 | GW37:TOT(H) 1-2:12 May 13:30 | GW38:SOU(A) 1-1:19 May 16:00
37334,Hugo Rodallega,3030,Hugo Rodallega,143,EXACT,Fulham,37,1 2 3 4 5 6 7 8 9 10 11 12 13 14 15 16 17 18 19 20 21 22 23 24 25 26 27 28 30 31 32 33 34 35 36 37 38,1515,-1515,3,3,6,71,6,0,GW1:NOR(H) 5-0:18 Aug 15:00 | GW2:MUN(A) 2-3:25 Aug 15:00 | GW3:WHU(A) 0-3:01 Sep 12:45 | GW4:WBA(H) 3-0:15 Sep 15:00 | GW5:WIG(A) 2-1:22 Sep 15:00 | GW6:MCI(H) 1-2:29 Sep 15:00 | GW7:SOU(A) 2-2:07 Oct 13:30 | GW8:AVL(H) 1-0:20 Oct 15:00 | GW9:RDG(A) 3-3:27 Oct 15:00 | GW10:EVE(H) 2-2:03 Nov 15:00 | GW11:ARS(A) 3-3:10 Nov 15:00 | GW12:SUN(H) 1-3:18 Nov 16:00 | GW13:STK(A) 0-1:24 Nov 15:00 | GW14:CHE(A) 0-0:28 Nov 19:45 | GW15:TOT(H) 0-3:01 Dec 15:00 | GW16:NEW(H) 2-1:10 Dec 20:00 | GW17:QPR(A) 1-2:15 Dec 15:00 | GW18:LIV(A) 0-4:22 Dec 17:30 | GW19:SOU(H) 1-1:26 Dec 15:00 | GW20:SWA(H) 1-2:29 Dec 15:00 | GW21:WBA(A) 2-1:01 Jan 12:45 | GW22:WIG(H) 1-1:12 Jan 15:00 | GW23:MCI(A) 0-2:19 Jan 15:00 | GW24:WHU(H) 3-1:30 Jan 20:00 | GW25:MUN(H) 0-1:02 Feb 17:30 | GW26:NOR(A) 0-0:09 Feb 15:00 | GW27:STK(H) 1-0:23 Feb 12:45 | GW28:SUN(A) 2-2:02 Mar 15:00 | GW30:TOT(A) 1-0:17 Mar 15:00 | GW31:QPR(H) 3-2:01 Apr 20:00 | GW32:NEW(A) 0-1:07 Apr 15:00 | GW33:CHE(H) 0-3:17 Apr 20:00 | GW34:ARS(H) 0-1:20 Apr 15:00 | GW35:EVE(A) 0-1:27 Apr 15:00 | GW36:RDG(H) 2-4:04 May 15:00 | GW37:LIV(H) 1-3:12 May 15:00 | GW38:SWA(A) 3-0:19 May 16:00
28146,Benoit Assou-Ekotto,2571,Benoit Assou-Ekotto,436,EXACT,Tottenham,37,1 2 3 4 5 6 7 8 9 10 11 12 13 14 15 16 17 18 19 20 21 22 23 24 25 26 27 28 29 30 31 32 34 35 36 37 38,1051,-1520,0,1,4,39,2,1,GW1:NEW(A) 1-2:18 Aug 17:30 | GW2:WBA(H) 1-1:25 Aug 15:00 | GW3:NOR(H) 1-1:01 Sep 15:00 | GW4:RDG(A) 3-1:16 Sep 16:00 | GW5:QPR(H) 2-1:23 Sep 16:00 | GW6:MUN(A) 3-2:29 Sep 17:30 | GW7:AVL(H) 2-0:07 Oct 15:00 | GW8:CHE(H) 2-4:20 Oct 12:45 | GW9:SOU(A) 2-1:28 Oct 15:00 | GW10:WIG(H) 0-1:03 Nov 15:00 | GW11:MCI(A) 1-2:11 Nov 13:30 | GW12:ARS(A) 2-5:17 Nov 12:45 | GW13:WHU(H) 3-1:25 Nov 16:00 | GW14:LIV(H) 2-1:28 Nov 19:45 | GW15:FUL(A) 3-0:01 Dec 15:00 | GW16:EVE(A) 1-2:09 Dec 15:00 | GW17:SWA(H) 1-0:16 Dec 13:30 | GW18:STK(H) 0-0:22 Dec 15:00 | GW19:AVL(A) 4-0:26 Dec 17:30 | GW20:SUN(A) 2-1:29 Dec 12:45 | GW21:RDG(H) 3-1:01 Jan 15:00 | GW22:QPR(A) 0-0:12 Jan 12:45 | GW23:MUN(H) 1-1:20 Jan 16:00 | GW24:NOR(A) 1-1:30 Jan 19:45 | GW25:WBA(A) 1-0:03 Feb 13:30 | GW26:NEW(H) 2-1:09 Feb 12:45 | GW27:WHU(A) 3-2:25 Feb 20:00 | GW28:ARS(H) 2-1:03 Mar 16:00 | GW29:LIV(A) 2-3:10 Mar 16:00 | GW30:FUL(H) 0-1:17 Mar 15:00 | GW31:SWA(A) 2-1:30 Mar 15:00 | GW32:EVE(H) 2-2:07 Apr 14:05 | GW34:MCI(H) 3-1:21 Apr 13:30 | GW35:WIG(A) 2-2:27 Apr 15:00 | GW36:CHE(A) 2-2:08 May 19:45 | GW37:STK(A) 2-1:12 May 13:30 | GW38:SUN(H) 1-0:19 May 16:00
19959,Adam Johnson,1531,Adam Johnson,200,EXACT,Man City,1,29,0,-1531,0,0,0,0,0,0,GW29:CHE(H) 2-1:21 March 19:45
18804,Cameron Jerome,2657,Cameron Jerome,378,EXACT,Stoke City,38,1 2 3 4 5 6 7 8 9 10 11 12 13 14 15 16 17 18 19 20 21 22 23 24 25 26 27 28 29 30 31 32 33 34 35 36 37 38,1123,-1534,3,3,3,55,3,3,GW1:RDG(A) 1-1:18 Aug 15:00 | GW2:ARS(H) 0-0:26 Aug 13:30 | GW3:WIG(A) 2-2:01 Sep 15:00 | GW4:MCI(H) 1-1:15 Sep 15:00 | GW5:CHE(A) 0-1:22 Sep 15:00 | GW6:SWA(H) 2-0:29 Sep 15:00 | GW7:LIV(A) 0-0:07 Oct 15:00 | GW8:MUN(A) 2-4:20 Oct 15:00 | GW9:SUN(H) 0-0:27 Oct 15:00 | GW10:NOR(A) 0-1:03 Nov 15:00 | GW11:QPR(H) 1-0:10 Nov 15:00 | GW12:WHU(A) 1-1:19 Nov 20:00 | GW13:FUL(H) 1-0:24 Nov 15:00 | GW14:NEW(H) 2-1:28 Nov 19:45 | GW15:WBA(A) 1-0:01 Dec 15:00 | GW16:AVL(A) 0-0:08 Dec 15:00 | GW17:EVE(H) 1-1:15 Dec 15:00 | GW18:TOT(A) 0-0:22 Dec 15:00 | GW19:LIV(H) 3-1:26 Dec 19:45 | GW20:SOU(H) 3-3:29 Dec 15:00 | GW21:MCI(A) 0-3:01 Jan 15:00 | GW22:CHE(H) 0-4:12 Jan 15:00 | GW23:SWA(A) 1-3:19 Jan 15:00 | GW24:WIG(H) 2-2:29 Jan 19:45 | GW25:ARS(A) 0-1:02 Feb 15:00 | GW26:RDG(H) 2-1:09 Feb 15:00 | GW27:FUL(A) 0-1:23 Feb 12:45 | GW28:WHU(H) 0-1:02 Mar 15:00 | GW29:NEW(A) 1-2:10 Mar 15:00 | GW30:WBA(H) 0-0:16 Mar 15:00 | GW31:EVE(A) 0-1:30 Mar 17:30 | GW32:AVL(H) 1-3:06 Apr 15:00 | GW33:MUN(H) 0-2:14 Apr 14:05 | GW34:QPR(A) 2-0:20 Apr 15:00 | GW35:NOR(H) 1-0:27 Apr 15:00 | GW36:SUN(A) 1-1:06 May 20:00 | GW37:TOT(H) 1-2:12 May 13:30 | GW38:SOU(A) 1-1:19 May 16:00
37742,Younes Kaboul,1634,Younes Kaboul,389,EXACT,Tottenham,1,2,90,-1544,0,0,0,1,0,0,GW2:MUN(A) 0-3:22 Aug. 20:00
37742,Younes Kaboul,1634,Younes Kaboul,437,EXACT,Tottenham,37,1 2 3 4 5 6 7 8 9 10 11 12 13 14 15 16 17 18 19 20 21 22 23 24 25 26 27 28 29 30 31 32 34 35 36 37 38,90,-1544,0,0,0,1,0,0,GW1:NEW(A) 1-2:18 Aug 17:30 | GW2:WBA(H) 1-1:25 Aug 15:00 | GW3:NOR(H) 1-1:01 Sep 15:00 | GW4:RDG(A) 3-1:16 Sep 16:00 | GW5:QPR(H) 2-1:23 Sep 16:00 | GW6:MUN(A) 3-2:29 Sep 17:30 | GW7:AVL(H) 2-0:07 Oct 15:00 | GW8:CHE(H) 2-4:20 Oct 12:45 | GW9:SOU(A) 2-1:28 Oct 15:00 | GW10:WIG(H) 0-1:03 Nov 15:00 | GW11:MCI(A) 1-2:11 Nov 13:30 | GW12:ARS(A) 2-5:17 Nov 12:45 | GW13:WHU(H) 3-1:25 Nov 16:00 | GW14:LIV(H) 2-1:28 Nov 19:45 | GW15:FUL(A) 3-0:01 Dec 15:00 | GW16:EVE(A) 1-2:09 Dec 15:00 | GW17:SWA(H) 1-0:16 Dec 13:30 | GW18:STK(H) 0-0:22 Dec 15:00 | GW19:AVL(A) 4-0:26 Dec 17:30 | GW20:SUN(A) 2-1:29 Dec 12:45 | GW21:RDG(H) 3-1:01 Jan 15:00 | GW22:QPR(A) 0-0:12 Jan 12:45 | GW23:MUN(H) 1-1:20 Jan 16:00 | GW24:NOR(A) 1-1:30 Jan 19:45 | GW25:WBA(A) 1-0:03 Feb 13:30 | GW26:NEW(H) 2-1:09 Feb 12:45 | GW27:WHU(A) 3-2:25 Feb 20:00 | GW28:ARS(H) 2-1:03 Mar 16:00 | GW29:LIV(A) 2-3:10 Mar 16:00 | GW30:FUL(H) 0-1:17 Mar 15:00 | GW31:SWA(A) 2-1:30 Mar 15:00 | GW32:EVE(H) 2-2:07 Apr 14:05 | GW34:MCI(H) 3-1:21 Apr 13:30 | GW35:WIG(A) 2-2:27 Apr 15:00 | GW36:CHE(A) 2-2:08 May 19:45 | GW37:STK(A) 2-1:12 May 13:30 | GW38:SUN(H) 1-0:19 May 16:00
51938,Marc Albrighton,1804,Marc Albrighton,49,EXACT,Aston Villa,12,1 2 3 4 5 6 7 8 9 10 20 30,247,-1557,0,0,0,7,0,0,GW1:WHU(A) 0-1:18 Aug 15:00 | GW2:EVE(H) 1-3:25 Aug 15:00 | GW3:NEW(A) 1-1:02 Sep 16:00 | GW4:SWA(H) 2-0:15 Sep 15:00 | GW5:SOU(A) 1-4:22 Sep 15:00 | GW6:WBA(H) 1-1:30 Sep 16:00 | GW7:TOT(A) 0-2:07 Oct 15:00 | GW8:FUL(A) 0-1:20 Oct 15:00 | GW9:NOR(H) 1-1:27 Oct 12:45 | GW10:SUN(A) 1-0:03 Nov 15:00 | GW20:WIG(H) 0-3:29 Dec 15:00 | GW30:QPR(H) 3-2:16 Mar 15:00
37352,Salomon Kalou,1562,Salomon Kalou,105,EXACT,Chelsea,1,29,0,-1562,0,0,0,0,0,0,GW29:MCI(A) 1-2:21 March 19:45
41184,Marouane Fellaini,1654,Marouane Fellaini,124,EXACT,Everton,1,29,90,-1564,0,0,0,2,0,0,GW29:ARS(H) 0-1:21 March 20:00
20298,Roman Pavlyuchenko,1592,Roman Pavlyuchenko,404,EXACT,Tottenham,1,2,17,-1575,0,0,0,1,0,0,GW2:MUN(A) 0-3:22 Aug. 20:00
3296,Emmerson Boyce,1672,Emmerson Boyce,439,EXACT,Wigan,1,33,90,-1582,0,0,0,6,1,0,GW33:MUN(H) 1-0:11 April 19:45
16234,Ronnie Stam,1584,Ronnie Stam,437,EXACT,Wigan,1,33,0,-1584,0,0,0,0,0,0,GW33:MUN(H) 1-0:11 April 19:45
14965,Nemanja Vidic,3117,Nemanja Vidic,201,EXACT,Man Utd,37,1 2 3 4 5 6 7 8 9 10 11 12 13 14 15 16 17 18 19 20 21 22 23 24 25 26 27 28 30 31 32 33 34 35 36 37 38,1527,-1590,0,1,5,67,7,2,GW1:EVE(A) 0-1:20 Aug 20:00 | GW2:FUL(H) 3-2:25 Aug 15:00 | GW3:SOU(A) 3-2:02 Sep 16:00 | GW4:WIG(H) 4-0:15 Sep 15:00 | GW5:LIV(A) 2-1:23 Sep 13:30 | GW6:TOT(H) 2-3:29 Sep 17:30 | GW7:NEW(A) 3-0:07 Oct 16:00 | GW8:STK(H) 4-2:20 Oct 15:00 | GW9:CHE(A) 3-2:28 Oct 16:00 | GW10:ARS(H) 2-1:03 Nov 12:45 | GW11:AVL(A) 3-2:10 Nov 17:30 | GW12:NOR(A) 0-1:17 Nov 17:30 | GW13:QPR(H) 3-1:24 Nov 15:00 | GW14:WHU(H) 1-0:28 Nov 20:00 | GW15:RDG(A) 4-3:01 Dec 17:30 | GW16:MCI(A) 3-2:09 Dec 13:30 | GW17:SUN(H) 3-1:15 Dec 15:00 | GW18:SWA(A) 1-1:23 Dec 13:30 | GW19:NEW(H) 4-3:26 Dec 15:00 | GW20:WBA(H) 2-0:29 Dec 15:00 | GW21:WIG(A) 4-0:01 Jan 15:00 | GW22:LIV(H) 2-1:13 Jan 13:30 | GW23:TOT(A) 1-1:20 Jan 16:00 | GW24:SOU(H) 2-1:30 Jan 20:00 | GW25:FUL(A) 1-0:02 Feb 17:30 | GW26:EVE(H) 2-0:10 Feb 16:00 | GW27:QPR(A) 2-0:23 Feb 15:00 | GW28:NOR(H) 4-0:02 Mar 15:00 | GW30:RDG(H) 1-0:16 Mar 17:30 | GW31:SUN(A) 1-0:30 Mar 12:45 | GW32:MCI(H) 1-2:08 Apr 20:00 | GW33:WHU(A) 2-2:17 Apr 19:45 | GW34:AVL(H) 3-0:22 Apr 20:00 | GW35:ARS(A) 1-1:28 Apr 16:00 | GW36:CHE(H) 0-1:05 May 16:00 | GW37:SWA(H) 2-1:12 May 16:00 | GW38:WBA(A) 5-5:19 May 16:00
16045,Ben Watson,2122,Ben Watson,520,EXACT,Wigan,37,1 2 3 4 5 6 7 8 9 10 11 12 13 14 15 16 17 18 19 20 21 22 23 24 25 26 27 28 30 31 32 33 34 35 36 37 38,532,-1590,2,1,3,30,1,1,GW1:CHE(H) 0-2:19 Aug 13:30 | GW2:SOU(A) 2-0:25 Aug 15:00 | GW3:STK(H) 2-2:01 Sep 15:00 | GW4:MUN(A) 0-4:15 Sep 15:00 | GW5:FUL(H) 1-2:22 Sep 15:00 | GW6:SUN(A) 0-1:29 Sep 15:00 | GW7:EVE(H) 2-2:06 Oct 15:00 | GW8:SWA(A) 1-2:20 Oct 15:00 | GW9:WHU(H) 2-1:27 Oct 15:00 | GW10:TOT(A) 1-0:03 Nov 15:00 | GW11:WBA(H) 1-2:10 Nov 15:00 | GW12:LIV(A) 0-3:17 Nov 15:00 | GW13:RDG(H) 3-2:24 Nov 15:00 | GW14:MCI(H) 0-2:28 Nov 20:00 | GW15:NEW(A) 0-3:03 Dec 20:00 | GW16:QPR(H) 2-2:08 Dec 15:00 | GW17:NOR(A) 1-2:15 Dec 15:00 | GW18:ARS(H) 0-1:22 Dec 12:45 | GW19:EVE(A) 1-2:26 Dec 15:00 | GW20:AVL(A) 3-0:29 Dec 15:00 | GW21:MUN(H) 0-4:01 Jan 15:00 | GW22:FUL(A) 1-1:12 Jan 15:00 | GW23:SUN(H) 2-3:19 Jan 15:00 | GW24:STK(A) 2-2:29 Jan 19:45 | GW25:SOU(H) 2-2:02 Feb 15:00 | GW26:CHE(A) 1-4:09 Feb 15:00 | GW27:RDG(A) 3-0:23 Feb 15:00 | GW28:LIV(H) 0-4:02 Mar 17:30 | GW30:NEW(H) 2-1:17 Mar 16:00 | GW31:NOR(H) 1-0:30 Mar 15:00 | GW32:QPR(A) 1-1:07 Apr 16:10 | GW33:MCI(A) 0-1:17 Apr 19:45 | GW34:WHU(A) 0-2:20 Apr 15:00 | GW35:TOT(H) 2-2:27 Apr 15:00 | GW36:SWA(H) 2-3:07 May 19:45 | GW37:ARS(A) 1-4:14 May 19:45 | GW38:AVL(H) 2-2:19 May 16:00
34392,Stéphane Sessegnon,1182,Stephane Sessegnon,399,EXACT,Sunderland,37,1 3 4 5 6 7 8 9 10 11 12 13 14 15 16 17 18 19 20 21 22 23 24 25 26 27 28 29 30 31 32 33 34 35 36 37 38,2797,1615,5,7,16,139,11,1,GW1:ARS(A) 0-0:18 Aug 15:00 | GW3:SWA(A) 2-2:01 Sep 15:00 | GW4:LIV(H) 1-1:15 Sep 17:30 | GW5:WHU(A) 1-1:22 Sep 15:00 | GW6:WIG(H) 1-0:29 Sep 15:00 | GW7:MCI(A) 0-3:06 Oct 12:45 | GW8:NEW(H) 1-1:21 Oct 13:30 | GW9:STK(A) 0-0:27 Oct 15:00 | GW10:AVL(H) 0-1:03 Nov 15:00 | GW11:EVE(A) 1-2:10 Nov 15:00 | GW12:FUL(A) 3-1:18 Nov 16:00 | GW13:WBA(H) 2-4:24 Nov 12:45 | GW14:QPR(H) 0-0:27 Nov 19:45 | GW15:NOR(A) 1-2:02 Dec 16:00 | GW16:RDG(H) 3-0:11 Dec 19:45 | GW17:MUN(A) 1-3:15 Dec 15:00 | GW18:SOU(A) 1-0:22 Dec 15:00 | GW19:MCI(H) 1-0:26 Dec 15:00 | GW20:TOT(H) 1-2:29 Dec 12:45 | GW21:LIV(A) 0-3:02 Jan 19:45 | GW22:WHU(H) 3-0:12 Jan 15:00 | GW23:WIG(A) 3-2:19 Jan 15:00 | GW24:SWA(H) 0-0:29 Jan 19:45 | GW25:RDG(A) 1-2:02 Feb 15:00 | GW26:ARS(H) 0-1:09 Feb 15:00 | GW27:WBA(A) 1-2:23 Feb 15:00 | GW28:FUL(H) 2-2:02 Mar 15:00 | GW29:QPR(A) 1-3:09 Mar 15:00 | GW30:NOR(H) 1-1:17 Mar 13:30 | GW31:MUN(H) 0-1:30 Mar 12:45 | GW32:CHE(A) 1-2:07 Apr 15:00 | GW33:NEW(A) 3-0:14 Apr 12:00 | GW34:EVE(H) 1-0:20 Apr 15:00 | GW35:AVL(A) 1-6:29 Apr 20:00 | GW36:STK(H) 1-1:06 May 20:00 | GW37:SOU(H) 1-1:12 May 15:00 | GW38:TOT(A) 0-1:19 May 16:00
2034,Rio Ferdinand,1710,Rio Ferdinand,212,EXACT,Man Utd,1,29,90,-1620,0,0,0,6,1,0,GW29:WOL(A) 5-0:18 March 13:30
10954,Mark Bunn,225,Mark Bunn,609,EXACT,Norwich,34,5 6 7 8 9 10 11 12 13 14 15 16 17 18 19 20 21 22 23 24 25 26 27 28 29 30 31 32 33 34 35 36 37 38,1853,1628,0,0,1,60,4,2,GW5:NEW(A) 0-1:23 Sep 15:00 | GW6:LIV(H) 2-5:29 Sep 15:00 | GW7:CHE(A) 1-4:06 Oct 15:00 | GW8:ARS(H) 1-0:20 Oct 17:30 | GW9:AVL(A) 1-1:27 Oct 12:45 | GW10:STK(H) 1-0:03 Nov 15:00 | GW11:RDG(A) 0-0:10 Nov 15:00 | GW12:MUN(H) 1-0:17 Nov 17:30 | GW13:EVE(A) 1-1:24 Nov 15:00 | GW14:SOU(A) 1-1:28 Nov 19:45 | GW15:SUN(H) 2-1:02 Dec 16:00 | GW16:SWA(A) 4-3:08 Dec 15:00 | GW17:WIG(H) 2-1:15 Dec 15:00 | GW18:WBA(A) 1-2:22 Dec 15:00 | GW19:CHE(H) 0-1:26 Dec 15:00 | GW20:MCI(H) 3-4:29 Dec 15:00 | GW21:WHU(A) 1-2:01 Jan 15:00 | GW22:NEW(H) 0-0:12 Jan 15:00 | GW23:LIV(A) 0-5:19 Jan 15:00 | GW24:TOT(H) 1-1:30 Jan 19:45 | GW25:QPR(A) 0-0:02 Feb 12:45 | GW26:FUL(H) 0-0:09 Feb 15:00 | GW27:EVE(H) 2-1:23 Feb 15:00 | GW28:MUN(A) 0-4:02 Mar 15:00 | GW29:SOU(H) 0-0:09 Mar 15:00 | GW30:SUN(A) 1-1:17 Mar 13:30 | GW31:WIG(A) 0-1:30 Mar 15:00 | GW32:SWA(H) 2-2:06 Apr 15:00 | GW33:ARS(A) 1-3:13 Apr 15:00 | GW34:RDG(H) 2-1:20 Apr 15:00 | GW35:STK(A) 0-1:27 Apr 15:00 | GW36:AVL(H) 1-2:04 May 15:00 | GW37:WBA(H) 4-0:12 May 15:00 | GW38:MCI(A) 3-2:19 May 16:00
3,Ryan Giggs,1678,Ryan Giggs,222,EXACT,Man Utd,1,29,0,-1678,0,0,0,0,0,0,GW29:WOL(A) 5-0:18 March 13:30
41208,Nenad Milijas,1720,Nenad Milijas,473,EXACT,Wolves,1,33,38,-1682,0,0,0,1,0,0,GW33:ARS(H) 0-3:11 April 19:45
18892,Ashley Young,3054,Ashley Young,213,EXACT,Man Utd,37,1 2 3 4 5 6 7 8 9 10 11 12 13 14 15 16 17 18 19 20 21 22 23 24 25 26 27 28 30 31 32 33 34 35 36 37 38,1369,-1685,5,0,6,58,5,1,GW1:EVE(A) 0-1:20 Aug 20:00 | GW2:FUL(H) 3-2:25 Aug 15:00 | GW3:SOU(A) 3-2:02 Sep 16:00 | GW4:WIG(H) 4-0:15 Sep 15:00 | GW5:LIV(A) 2-1:23 Sep 13:30 | GW6:TOT(H) 2-3:29 Sep 17:30 | GW7:NEW(A) 3-0:07 Oct 16:00 | GW8:STK(H) 4-2:20 Oct 15:00 | GW9:CHE(A) 3-2:28 Oct 16:00 | GW10:ARS(H) 2-1:03 Nov 12:45 | GW11:AVL(A) 3-2:10 Nov 17:30 | GW12:NOR(A) 0-1:17 Nov 17:30 | GW13:QPR(H) 3-1:24 Nov 15:00 | GW14:WHU(H) 1-0:28 Nov 20:00 | GW15:RDG(A) 4-3:01 Dec 17:30 | GW16:MCI(A) 3-2:09 Dec 13:30 | GW17:SUN(H) 3-1:15 Dec 15:00 | GW18:SWA(A) 1-1:23 Dec 13:30 | GW19:NEW(H) 4-3:26 Dec 15:00 | GW20:WBA(H) 2-0:29 Dec 15:00 | GW21:WIG(A) 4-0:01 Jan 15:00 | GW22:LIV(H) 2-1:13 Jan 13:30 | GW23:TOT(A) 1-1:20 Jan 16:00 | GW24:SOU(H) 2-1:30 Jan 20:00 | GW25:FUL(A) 1-0:02 Feb 17:30 | GW26:EVE(H) 2-0:10 Feb 16:00 | GW27:QPR(A) 2-0:23 Feb 15:00 | GW28:NOR(H) 4-0:02 Mar 15:00 | GW30:RDG(H) 1-0:16 Mar 17:30 | GW31:SUN(A) 1-0:30 Mar 12:45 | GW32:MCI(H) 1-2:08 Apr 20:00 | GW33:WHU(A) 2-2:17 Apr 19:45 | GW34:AVL(H) 3-0:22 Apr 20:00 | GW35:ARS(A) 1-1:28 Apr 16:00 | GW36:CHE(H) 0-1:05 May 16:00 | GW37:SWA(H) 2-1:12 May 16:00 | GW38:WBA(A) 5-5:19 May 16:00
19714,Andy Wilkinson,1752,Andy Wilkinson,314,EXACT,Stoke City,2,2 3,54,-1698,0,0,0,1,0,0,GW2:NOR(A) 1-1:21 Aug. 13:30 | GW3:WBA(A) 1-0:28 Aug. 15:00
15405,Alan Hutton,1704,Alan Hutton,40,EXACT,Aston Villa,15,1 2 3 4 5 6 7 8 9 10 12 20 22 30 32,0,-1704,0,0,0,0,0,0,GW1:WHU(A) 0-1:18 Aug 15:00 | GW2:EVE(H) 1-3:25 Aug 15:00 | GW3:NEW(A) 1-1:02 Sep 16:00 | GW4:SWA(H) 2-0:15 Sep 15:00 | GW5:SOU(A) 1-4:22 Sep 15:00 | GW6:WBA(H) 1-1:30 Sep 16:00 | GW7:TOT(A) 0-2:07 Oct 15:00 | GW8:FUL(A) 0-1:20 Oct 15:00 | GW9:NOR(H) 1-1:27 Oct 12:45 | GW10:SUN(A) 1-0:03 Nov 15:00 | GW12:MCI(A) 0-5:17 Nov 15:00 | GW20:WIG(H) 0-3:29 Dec 15:00 | GW22:SOU(H) 0-1:12 Jan 15:00 | GW30:QPR(H) 3-2:16 Mar 15:00 | GW32:STK(A) 3-1:06 Apr 15:00
80979,Andreas Weimann,3,Andreas Weimann,61,EXACT,Aston Villa,30,1 2 3 4 5 6 7 8 9 10 11 12 13 14 15 20 21 22 23 24 25 26 30 31 32 33 34 35 36 37,1710,1707,3,5,11,80,5,4,GW1:WHU(A) 0-1:18 Aug 15:00 | GW2:EVE(H) 1-3:25 Aug 15:00 | GW3:NEW(A) 1-1:02 Sep 16:00 | GW4:SWA(H) 2-0:15 Sep 15:00 | GW5:SOU(A) 1-4:22 Sep 15:00 | GW6:WBA(H) 1-1:30 Sep 16:00 | GW7:TOT(A) 0-2:07 Oct 15:00 | GW8:FUL(A) 0-1:20 Oct 15:00 | GW9:NOR(H) 1-1:27 Oct 12:45 | GW10:SUN(A) 1-0:03 Nov 15:00 | GW11:MUN(H) 2-3:10 Nov 17:30 | GW12:MCI(A) 0-5:17 Nov 15:00 | GW13:ARS(H) 0-0:24 Nov 17:30 | GW14:RDG(H) 1-0:27 Nov 20:00 | GW15:QPR(A) 1-1:01 Dec 15:00 | GW20:WIG(H) 0-3:29 Dec 15:00 | GW21:SWA(A) 2-2:01 Jan 15:00 | GW22:SOU(H) 0-1:12 Jan 15:00 | GW23:WBA(A) 2-2:19 Jan 17:30 | GW24:NEW(H) 1-2:29 Jan 19:45 | GW25:EVE(A) 3-3:02 Feb 15:00 | GW26:WHU(H) 2-1:10 Feb 13:30 | GW30:QPR(H) 3-2:16 Mar 15:00 | GW31:LIV(H) 1-2:31 Mar 13:30 | GW32:STK(A) 3-1:06 Apr 15:00 | GW33:FUL(H) 1-1:13 Apr 15:00 | GW34:MUN(A) 0-3:22 Apr 20:00 | GW35:SUN(H) 6-1:29 Apr 20:00 | GW36:NOR(A) 2-1:04 May 15:00 | GW37:CHE(H) 1-2:11 May 12:45
19188,Scott Dann,1800,Scott Dann,552,EXACT,Blackburn,1,29,90,-1710,0,0,1,7,1,0,GW29:SUN(H) 2-0:20 March 20:00
13310,Stephen Warnock,1710,Stephen Warnock,39,EXACT,Aston Villa,15,1 2 3 4 5 6 7 8 9 10 12 20 22 30 32,0,-1710,0,0,0,0,0,0,GW1:WHU(A) 0-1:18 Aug 15:00 | GW2:EVE(H) 1-3:25 Aug 15:00 | GW3:NEW(A) 1-1:02 Sep 16:00 | GW4:SWA(H) 2-0:15 Sep 15:00 | GW5:SOU(A) 1-4:22 Sep 15:00 | GW6:WBA(H) 1-1:30 Sep 16:00 | GW7:TOT(A) 0-2:07 Oct 15:00 | GW8:FUL(A) 0-1:20 Oct 15:00 | GW9:NOR(H) 1-1:27 Oct 12:45 | GW10:SUN(A) 1-0:03 Nov 15:00 | GW12:MCI(A) 0-5:17 Nov 15:00 | GW20:WIG(H) 0-3:29 Dec 15:00 | GW22:SOU(H) 0-1:12 Jan 15:00 | GW30:QPR(H) 3-2:16 Mar 15:00 | GW32:STK(A) 3-1:06 Apr 15:00
42593,Aleksandar Kolarov,1716,Aleksandar Kolarov,185,EXACT,Man City,1,29,0,-1716,0,0,0,0,0,0,GW29:CHE(H) 2-1:21 March 19:45
56979,Jordan Henderson,3219,Jordan Henderson,164,EXACT,Liverpool,37,1 2 3 4 5 6 7 8 9 10 11 12 13 14 15 16 17 18 19 20 21 22 23 24 25 26 28 29 30 31 32 33 34 35 36 37 38,1476,-1743,4,5,9,94,8,3,GW1:WBA(A) 0-3:18 Aug 15:00 | GW2:MCI(H) 2-2:26 Aug 16:00 | GW3:ARS(H) 0-2:02 Sep 13:30 | GW4:SUN(A) 1-1:15 Sep 17:30 | GW5:MUN(H) 1-2:23 Sep 13:30 | GW6:NOR(A) 5-2:29 Sep 15:00 | GW7:STK(H) 0-0:07 Oct 15:00 | GW8:RDG(H) 1-0:20 Oct 15:00 | GW9:EVE(A) 2-2:28 Oct 13:30 | GW10:NEW(H) 1-1:04 Nov 16:00 | GW11:CHE(A) 1-1:11 Nov 16:00 | GW12:WIG(H) 3-0:17 Nov 15:00 | GW13:SWA(A) 0-0:25 Nov 13:30 | GW14:TOT(A) 1-2:28 Nov 19:45 | GW15:SOU(H) 1-0:01 Dec 15:00 | GW16:WHU(A) 3-2:09 Dec 16:00 | GW17:AVL(H) 1-3:15 Dec 15:00 | GW18:FUL(H) 4-0:22 Dec 17:30 | GW19:STK(A) 1-3:26 Dec 19:45 | GW20:QPR(A) 3-0:30 Dec 16:00 | GW21:SUN(H) 3-0:02 Jan 19:45 | GW22:MUN(A) 1-2:13 Jan 13:30 | GW23:NOR(H) 5-0:19 Jan 15:00 | GW24:ARS(A) 2-2:30 Jan 19:45 | GW25:MCI(A) 2-2:03 Feb 16:00 | GW26:SWA(H) 5-0:17 Feb 15:00 | GW28:WIG(A) 4-0:02 Mar 17:30 | GW29:TOT(H) 3-2:10 Mar 16:00 | GW30:SOU(A) 1-3:16 Mar 15:00 | GW31:AVL(A) 2-1:31 Mar 13:30 | GW32:WHU(H) 0-0:07 Apr 13:30 | GW33:RDG(A) 0-0:13 Apr 15:00 | GW34:CHE(H) 2-2:21 Apr 16:00 | GW35:NEW(A) 6-0:27 Apr 17:30 | GW36:EVE(H) 0-0:05 May 13:30 | GW37:FUL(A) 3-1:12 May 15:00 | GW38:QPR(H) 1-0:19 May 16:00
18215,Kenwyne Jones,2794,Kenwyne Jones,375,EXACT,Stoke City,38,1 2 3 4 5 6 7 8 9 10 11 12 13 14 15 16 17 18 19 20 21 22 23 24 25 26 27 28 29 30 31 32 33 34 35 36 37 38,1049,-1745,3,3,3,59,3,0,GW1:RDG(A) 1-1:18 Aug 15:00 | GW2:ARS(H) 0-0:26 Aug 13:30 | GW3:WIG(A) 2-2:01 Sep 15:00 | GW4:MCI(H) 1-1:15 Sep 15:00 | GW5:CHE(A) 0-1:22 Sep 15:00 | GW6:SWA(H) 2-0:29 Sep 15:00 | GW7:LIV(A) 0-0:07 Oct 15:00 | GW8:MUN(A) 2-4:20 Oct 15:00 | GW9:SUN(H) 0-0:27 Oct 15:00 | GW10:NOR(A) 0-1:03 Nov 15:00 | GW11:QPR(H) 1-0:10 Nov 15:00 | GW12:WHU(A) 1-1:19 Nov 20:00 | GW13:FUL(H) 1-0:24 Nov 15:00 | GW14:NEW(H) 2-1:28 Nov 19:45 | GW15:WBA(A) 1-0:01 Dec 15:00 | GW16:AVL(A) 0-0:08 Dec 15:00 | GW17:EVE(H) 1-1:15 Dec 15:00 | GW18:TOT(A) 0-0:22 Dec 15:00 | GW19:LIV(H) 3-1:26 Dec 19:45 | GW20:SOU(H) 3-3:29 Dec 15:00 | GW21:MCI(A) 0-3:01 Jan 15:00 | GW22:CHE(H) 0-4:12 Jan 15:00 | GW23:SWA(A) 1-3:19 Jan 15:00 | GW24:WIG(H) 2-2:29 Jan 19:45 | GW25:ARS(A) 0-1:02 Feb 15:00 | GW26:RDG(H) 2-1:09 Feb 15:00 | GW27:FUL(A) 0-1:23 Feb 12:45 | GW28:WHU(H) 0-1:02 Mar 15:00 | GW29:NEW(A) 1-2:10 Mar 15:00 | GW30:WBA(H) 0-0:16 Mar 15:00 | GW31:EVE(A) 0-1:30 Mar 17:30 | GW32:AVL(H) 1-3:06 Apr 15:00 | GW33:MUN(H) 0-2:14 Apr 14:05 | GW34:QPR(A) 2-0:20 Apr 15:00 | GW35:NOR(H) 1-0:27 Apr 15:00 | GW36:SUN(A) 1-1:06 May 20:00 | GW37:TOT(H) 1-2:12 May 13:30 | GW38:SOU(A) 1-1:19 May 16:00
12450,Kolo Touré,1845,Kolo Toure,572,EXACT,Man City,2,19 29,90,-1755,0,0,2,4,0,0,GW19:SUN(A) 0-1:01 Jan. 15:00 | GW29:CHE(H) 2-1:21 March 19:45
39336,Luis Suárez,1102,Luis Suarez,167,EXACT,Liverpool,37,1 2 3 4 5 6 7 8 9 10 11 12 13 14 15 16 17 18 19 20 21 22 23 24 25 26 28 29 30 31 32 33 34 35 36 37 38,2863,1761,10,23,34,211,13,9,GW1:WBA(A) 0-3:18 Aug 15:00 | GW2:MCI(H) 2-2:26 Aug 16:00 | GW3:ARS(H) 0-2:02 Sep 13:30 | GW4:SUN(A) 1-1:15 Sep 17:30 | GW5:MUN(H) 1-2:23 Sep 13:30 | GW6:NOR(A) 5-2:29 Sep 15:00 | GW7:STK(H) 0-0:07 Oct 15:00 | GW8:RDG(H) 1-0:20 Oct 15:00 | GW9:EVE(A) 2-2:28 Oct 13:30 | GW10:NEW(H) 1-1:04 Nov 16:00 | GW11:CHE(A) 1-1:11 Nov 16:00 | GW12:WIG(H) 3-0:17 Nov 15:00 | GW13:SWA(A) 0-0:25 Nov 13:30 | GW14:TOT(A) 1-2:28 Nov 19:45 | GW15:SOU(H) 1-0:01 Dec 15:00 | GW16:WHU(A) 3-2:09 Dec 16:00 | GW17:AVL(H) 1-3:15 Dec 15:00 | GW18:FUL(H) 4-0:22 Dec 17:30 | GW19:STK(A) 1-3:26 Dec 19:45 | GW20:QPR(A) 3-0:30 Dec 16:00 | GW21:SUN(H) 3-0:02 Jan 19:45 | GW22:MUN(A) 1-2:13 Jan 13:30 | GW23:NOR(H) 5-0:19 Jan 15:00 | GW24:ARS(A) 2-2:30 Jan 19:45 | GW25:MCI(A) 2-2:03 Feb 16:00 | GW26:SWA(H) 5-0:17 Feb 15:00 | GW28:WIG(A) 4-0:02 Mar 17:30 | GW29:TOT(H) 3-2:10 Mar 16:00 | GW30:SOU(A) 1-3:16 Mar 15:00 | GW31:AVL(A) 2-1:31 Mar 13:30 | GW32:WHU(H) 0-0:07 Apr 13:30 | GW33:RDG(A) 0-0:13 Apr 15:00 | GW34:CHE(H) 2-2:21 Apr 16:00 | GW35:NEW(A) 6-0:27 Apr 17:30 | GW36:EVE(H) 0-0:05 May 13:30 | GW37:FUL(A) 3-1:12 May 15:00 | GW38:QPR(H) 1-0:19 May 16:00
45158,Ryan Shotton,50,Ryan Shotton,373,EXACT,Stoke City,38,1 2 3 4 5 6 7 8 9 10 11 12 13 14 15 16 17 18 19 20 21 22 23 24 25 26 27 28 29 30 31 32 33 34 35 36 37 38,1821,1771,1,0,2,48,7,4,GW1:RDG(A) 1-1:18 Aug 15:00 | GW2:ARS(H) 0-0:26 Aug 13:30 | GW3:WIG(A) 2-2:01 Sep 15:00 | GW4:MCI(H) 1-1:15 Sep 15:00 | GW5:CHE(A) 0-1:22 Sep 15:00 | GW6:SWA(H) 2-0:29 Sep 15:00 | GW7:LIV(A) 0-0:07 Oct 15:00 | GW8:MUN(A) 2-4:20 Oct 15:00 | GW9:SUN(H) 0-0:27 Oct 15:00 | GW10:NOR(A) 0-1:03 Nov 15:00 | GW11:QPR(H) 1-0:10 Nov 15:00 | GW12:WHU(A) 1-1:19 Nov 20:00 | GW13:FUL(H) 1-0:24 Nov 15:00 | GW14:NEW(H) 2-1:28 Nov 19:45 | GW15:WBA(A) 1-0:01 Dec 15:00 | GW16:AVL(A) 0-0:08 Dec 15:00 | GW17:EVE(H) 1-1:15 Dec 15:00 | GW18:TOT(A) 0-0:22 Dec 15:00 | GW19:LIV(H) 3-1:26 Dec 19:45 | GW20:SOU(H) 3-3:29 Dec 15:00 | GW21:MCI(A) 0-3:01 Jan 15:00 | GW22:CHE(H) 0-4:12 Jan 15:00 | GW23:SWA(A) 1-3:19 Jan 15:00 | GW24:WIG(H) 2-2:29 Jan 19:45 | GW25:ARS(A) 0-1:02 Feb 15:00 | GW26:RDG(H) 2-1:09 Feb 15:00 | GW27:FUL(A) 0-1:23 Feb 12:45 | GW28:WHU(H) 0-1:02 Mar 15:00 | GW29:NEW(A) 1-2:10 Mar 15:00 | GW30:WBA(H) 0-0:16 Mar 15:00 | GW31:EVE(A) 0-1:30 Mar 17:30 | GW32:AVL(H) 1-3:06 Apr 15:00 | GW33:MUN(H) 0-2:14 Apr 14:05 | GW34:QPR(A) 2-0:20 Apr 15:00 | GW35:NOR(H) 1-0:27 Apr 15:00 | GW36:SUN(A) 1-1:06 May 20:00 | GW37:TOT(H) 1-2:12 May 13:30 | GW38:SOU(A) 1-1:19 May 16:00
38290,Danny Rose,351,Danny Rose,449,EXACT,Sunderland,38,1 2 3 4 5 6 7 8 9 10 11 12 13 14 15 16 17 18 19 20 21 22 23 24 25 26 27 28 29 30 31 32 33 34 35 36 37 38,2125,1774,1,1,0,60,8,6,GW1:NEW(A) 1-2:18 Aug 17:30 | GW2:WBA(H) 1-1:25 Aug 15:00 | GW3:SWA(A) 2-2:01 Sep 15:00 | GW4:LIV(H) 1-1:15 Sep 17:30 | GW5:WHU(A) 1-1:22 Sep 15:00 | GW6:WIG(H) 1-0:29 Sep 15:00 | GW7:MCI(A) 0-3:06 Oct 12:45 | GW8:NEW(H) 1-1:21 Oct 13:30 | GW9:STK(A) 0-0:27 Oct 15:00 | GW10:AVL(H) 0-1:03 Nov 15:00 | GW11:EVE(A) 1-2:10 Nov 15:00 | GW12:FUL(A) 3-1:18 Nov 16:00 | GW13:WBA(H) 2-4:24 Nov 12:45 | GW14:QPR(H) 0-0:27 Nov 19:45 | GW15:NOR(A) 1-2:02 Dec 16:00 | GW16:RDG(H) 3-0:11 Dec 19:45 | GW17:MUN(A) 1-3:15 Dec 15:00 | GW18:SOU(A) 1-0:22 Dec 15:00 | GW19:MCI(H) 1-0:26 Dec 15:00 | GW20:TOT(H) 1-2:29 Dec 12:45 | GW21:LIV(A) 0-3:02 Jan 19:45 | GW22:WHU(H) 3-0:12 Jan 15:00 | GW23:WIG(A) 3-2:19 Jan 15:00 | GW24:SWA(H) 0-0:29 Jan 19:45 | GW25:RDG(A) 1-2:02 Feb 15:00 | GW26:ARS(H) 0-1:09 Feb 15:00 | GW27:WBA(A) 1-2:23 Feb 15:00 | GW28:FUL(H) 2-2:02 Mar 15:00 | GW29:QPR(A) 1-3:09 Mar 15:00 | GW30:NOR(H) 1-1:17 Mar 13:30 | GW31:MUN(H) 0-1:30 Mar 12:45 | GW32:CHE(A) 1-2:07 Apr 15:00 | GW33:NEW(A) 3-0:14 Apr 12:00 | GW34:EVE(H) 1-0:20 Apr 15:00 | GW35:AVL(A) 1-6:29 Apr 20:00 | GW36:STK(H) 1-1:06 May 20:00 | GW37:SOU(H) 1-1:12 May 15:00 | GW38:TOT(A) 0-1:19 May 16:00
1814,Steven Gerrard,1869,Steven Gerrard,173,EXACT,Liverpool,1,29,90,-1779,0,0,0,2,0,0,GW29:QPR(A) 2-3:21 March 20:00
19160,Johan Djourou,1796,Johan Djourou,6,EXACT,Arsenal,13,1 2 3 4 5 6 7 8 9 10 20 30 33,0,-1796,0,0,0,0,0,0,GW1:SUN(H) 0-0:18 Aug 15:00 | GW2:STK(A) 0-0:26 Aug 13:30 | GW3:LIV(A) 2-0:02 Sep 13:30 | GW4:SOU(H) 6-1:15 Sep 15:00 | GW5:MCI(A) 1-1:23 Sep 16:00 | GW6:CHE(H) 1-2:29 Sep 12:45 | GW7:WHU(A) 3-1:06 Oct 17:30 | GW8:NOR(A) 0-1:20 Oct 17:30 | GW9:QPR(H) 1-0:27 Oct 15:00 | GW10:MUN(A) 1-2:03 Nov 12:45 | GW20:NEW(H) 7-3:29 Dec 17:30 | GW30:SWA(A) 2-0:16 Mar 15:00 | GW33:EVE(H) 0-0:16 Apr 19:45
8380,James Collins,2853,James Collins,38,EXACT,West Ham,14,1 2 3 4 5 6 7 8 9 10 12 20 22 30,1052,-1801,1,0,6,41,4,5,GW1:AVL(H) 1-0:18 Aug 15:00 | GW2:SWA(A) 0-3:25 Aug 12:45 | GW3:FUL(H) 3-0:01 Sep 12:45 | GW4:NOR(A) 0-0:15 Sep 12:45 | GW5:SUN(H) 1-1:22 Sep 15:00 | GW6:QPR(A) 2-1:01 Oct 20:00 | GW7:ARS(H) 1-3:06 Oct 17:30 | GW8:SOU(H) 4-1:20 Oct 15:00 | GW9:WIG(A) 1-2:27 Oct 15:00 | GW10:MCI(H) 0-0:03 Nov 17:30 | GW12:STK(H) 1-1:19 Nov 20:00 | GW20:RDG(A) 0-1:29 Dec 15:00 | GW22:SUN(A) 0-3:12 Jan 15:00 | GW30:CHE(A) 0-2:17 Mar 16:00
1256,Damien Duff,1882,Damien Duff,149,EXACT,Fulham,1,27,79,-1803,1,0,0,6,1,0,GW27:WOL(H) 5-0:04 March 14:05
33298,Jean Beausejour,895,Jean Beausejour,525,EXACT,Wigan,37,1 2 3 4 5 6 7 8 9 10 11 12 13 14 15 16 17 18 19 20 21 22 23 24 25 26 27 28 30 31 32 33 34 35 36 37 38,2704,1809,8,1,9,103,5,4,GW1:CHE(H) 0-2:19 Aug 13:30 | GW2:SOU(A) 2-0:25 Aug 15:00 | GW3:STK(H) 2-2:01 Sep 15:00 | GW4:MUN(A) 0-4:15 Sep 15:00 | GW5:FUL(H) 1-2:22 Sep 15:00 | GW6:SUN(A) 0-1:29 Sep 15:00 | GW7:EVE(H) 2-2:06 Oct 15:00 | GW8:SWA(A) 1-2:20 Oct 15:00 | GW9:WHU(H) 2-1:27 Oct 15:00 | GW10:TOT(A) 1-0:03 Nov 15:00 | GW11:WBA(H) 1-2:10 Nov 15:00 | GW12:LIV(A) 0-3:17 Nov 15:00 | GW13:RDG(H) 3-2:24 Nov 15:00 | GW14:MCI(H) 0-2:28 Nov 20:00 | GW15:NEW(A) 0-3:03 Dec 20:00 | GW16:QPR(H) 2-2:08 Dec 15:00 | GW17:NOR(A) 1-2:15 Dec 15:00 | GW18:ARS(H) 0-1:22 Dec 12:45 | GW19:EVE(A) 1-2:26 Dec 15:00 | GW20:AVL(A) 3-0:29 Dec 15:00 | GW21:MUN(H) 0-4:01 Jan 15:00 | GW22:FUL(A) 1-1:12 Jan 15:00 | GW23:SUN(H) 2-3:19 Jan 15:00 | GW24:STK(A) 2-2:29 Jan 19:45 | GW25:SOU(H) 2-2:02 Feb 15:00 | GW26:CHE(A) 1-4:09 Feb 15:00 | GW27:RDG(A) 3-0:23 Feb 15:00 | GW28:LIV(H) 0-4:02 Mar 17:30 | GW30:NEW(H) 2-1:17 Mar 16:00 | GW31:NOR(H) 1-0:30 Mar 15:00 | GW32:QPR(A) 1-1:07 Apr 16:10 | GW33:MCI(A) 0-1:17 Apr 19:45 | GW34:WHU(A) 0-2:20 Apr 15:00 | GW35:TOT(H) 2-2:27 Apr 15:00 | GW36:SWA(H) 2-3:07 May 19:45 | GW37:ARS(A) 1-4:14 May 19:45 | GW38:AVL(H) 2-2:19 May 16:00
13439,Sébastien Squillaci,1817,Sebastien Squillaci,3,EXACT,Arsenal,12,1 2 3 4 5 6 7 8 9 10 20 30,0,-1817,0,0,0,0,0,0,GW1:SUN(H) 0-0:18 Aug 15:00 | GW2:STK(A) 0-0:26 Aug 13:30 | GW3:LIV(A) 2-0:02 Sep 13:30 | GW4:SOU(H) 6-1:15 Sep 15:00 | GW5:MCI(A) 1-1:23 Sep 16:00 | GW6:CHE(H) 1-2:29 Sep 12:45 | GW7:WHU(A) 3-1:06 Oct 17:30 | GW8:NOR(A) 0-1:20 Oct 17:30 | GW9:QPR(H) 1-0:27 Oct 15:00 | GW10:MUN(A) 1-2:03 Nov 12:45 | GW20:NEW(H) 7-3:29 Dec 17:30 | GW30:SWA(A) 2-0:16 Mar 15:00
28448,Lee Cattermole,1921,Lee Cattermole,342,EXACT,Sunderland,1,17,90,-1831,0,0,0,1,0,1,GW17:QPR(A) 3-2:21 Dec. 20:00
39104,Mousa Dembélé,1922,Moussa Dembele,155,FUZZY_STRICT,Fulham,1,27,90,-1832,0,0,0,2,1,0,GW27:WOL(H) 5-0:04 March 14:05
3773,Peter Crouch,1932,Peter Crouch,405,EXACT,Stoke City,2,27 33,97,-1835,0,0,0,3,1,0,GW27:NOR(H) 1-0:03 March 15:00 | GW33:AVL(A) 1-1:09 April 17:30
50471,James McArthur,542,James McArthur,517,EXACT,Wigan,37,1 2 3 4 5 6 7 8 9 10 11 12 13 14 15 16 17 18 19 20 21 22 23 24 25 26 27 28 30 31 32 33 34 35 36 37 38,2379,1837,2,2,6,75,2,7,GW1:CHE(H) 0-2:19 Aug 13:30 | GW2:SOU(A) 2-0:25 Aug 15:00 | GW3:STK(H) 2-2:01 Sep 15:00 | GW4:MUN(A) 0-4:15 Sep 15:00 | GW5:FUL(H) 1-2:22 Sep 15:00 | GW6:SUN(A) 0-1:29 Sep 15:00 | GW7:EVE(H) 2-2:06 Oct 15:00 | GW8:SWA(A) 1-2:20 Oct 15:00 | GW9:WHU(H) 2-1:27 Oct 15:00 | GW10:TOT(A) 1-0:03 Nov 15:00 | GW11:WBA(H) 1-2:10 Nov 15:00 | GW12:LIV(A) 0-3:17 Nov 15:00 | GW13:RDG(H) 3-2:24 Nov 15:00 | GW14:MCI(H) 0-2:28 Nov 20:00 | GW15:NEW(A) 0-3:03 Dec 20:00 | GW16:QPR(H) 2-2:08 Dec 15:00 | GW17:NOR(A) 1-2:15 Dec 15:00 | GW18:ARS(H) 0-1:22 Dec 12:45 | GW19:EVE(A) 1-2:26 Dec 15:00 | GW20:AVL(A) 3-0:29 Dec 15:00 | GW21:MUN(H) 0-4:01 Jan 15:00 | GW22:FUL(A) 1-1:12 Jan 15:00 | GW23:SUN(H) 2-3:19 Jan 15:00 | GW24:STK(A) 2-2:29 Jan 19:45 | GW25:SOU(H) 2-2:02 Feb 15:00 | GW26:CHE(A) 1-4:09 Feb 15:00 | GW27:RDG(A) 3-0:23 Feb 15:00 | GW28:LIV(H) 0-4:02 Mar 17:30 | GW30:NEW(H) 2-1:17 Mar 16:00 | GW31:NOR(H) 1-0:30 Mar 15:00 | GW32:QPR(A) 1-1:07 Apr 16:10 | GW33:MCI(A) 0-1:17 Apr 19:45 | GW34:WHU(A) 0-2:20 Apr 15:00 | GW35:TOT(H) 2-2:27 Apr 15:00 | GW36:SWA(H) 2-3:07 May 19:45 | GW37:ARS(A) 1-4:14 May 19:45 | GW38:AVL(H) 2-2:19 May 16:00
49323,Steven Nzonzi,1268,Steven Nzonzi,597,EXACT,Stoke City,35,4 5 6 7 8 9 10 11 12 13 14 15 16 17 18 19 20 21 22 23 24 25 26 27 28 29 30 31 32 33 34 35 36 37 38,3107,1839,1,1,4,81,11,9,GW4:MCI(H) 1-1:15 Sep 15:00 | GW5:CHE(A) 0-1:22 Sep 15:00 | GW6:SWA(H) 2-0:29 Sep 15:00 | GW7:LIV(A) 0-0:07 Oct 15:00 | GW8:MUN(A) 2-4:20 Oct 15:00 | GW9:SUN(H) 0-0:27 Oct 15:00 | GW10:NOR(A) 0-1:03 Nov 15:00 | GW11:QPR(H) 1-0:10 Nov 15:00 | GW12:WHU(A) 1-1:19 Nov 20:00 | GW13:FUL(H) 1-0:24 Nov 15:00 | GW14:NEW(H) 2-1:28 Nov 19:45 | GW15:WBA(A) 1-0:01 Dec 15:00 | GW16:AVL(A) 0-0:08 Dec 15:00 | GW17:EVE(H) 1-1:15 Dec 15:00 | GW18:TOT(A) 0-0:22 Dec 15:00 | GW19:LIV(H) 3-1:26 Dec 19:45 | GW20:SOU(H) 3-3:29 Dec 15:00 | GW21:MCI(A) 0-3:01 Jan 15:00 | GW22:CHE(H) 0-4:12 Jan 15:00 | GW23:SWA(A) 1-3:19 Jan 15:00 | GW24:WIG(H) 2-2:29 Jan 19:45 | GW25:ARS(A) 0-1:02 Feb 15:00 | GW26:RDG(H) 2-1:09 Feb 15:00 | GW27:FUL(A) 0-1:23 Feb 12:45 | GW28:WHU(H) 0-1:02 Mar 15:00 | GW29:NEW(A) 1-2:10 Mar 15:00 | GW30:WBA(H) 0-0:16 Mar 15:00 | GW31:EVE(A) 0-1:30 Mar 17:30 | GW32:AVL(H) 1-3:06 Apr 15:00 | GW33:MUN(H) 0-2:14 Apr 14:05 | GW34:QPR(A) 2-0:20 Apr 15:00 | GW35:NOR(H) 1-0:27 Apr 15:00 | GW36:SUN(A) 1-1:06 May 20:00 | GW37:TOT(H) 1-2:12 May 13:30 | GW38:SOU(A) 1-1:19 May 16:00
15675,Marouane Chamakh,1843,Marouane Chamakh,27,EXACT,West Ham,12,1 2 3 4 5 6 7 8 9 10 20 30,0,-1843,0,0,0,0,0,0,GW1:SUN(H) 0-0:18 Aug 15:00 | GW2:STK(A) 0-0:26 Aug 13:30 | GW3:LIV(A) 2-0:02 Sep 13:30 | GW4:SOU(H) 6-1:15 Sep 15:00 | GW5:MCI(A) 1-1:23 Sep 16:00 | GW6:CHE(H) 1-2:29 Sep 12:45 | GW7:WHU(A) 3-1:06 Oct 17:30 | GW8:NOR(A) 0-1:20 Oct 17:30 | GW9:QPR(H) 1-0:27 Oct 15:00 | GW10:MUN(A) 1-2:03 Nov 12:45 | GW20:NEW(H) 7-3:29 Dec 17:30 | GW30:CHE(A) 0-2:17 Mar 16:00
53392,Ramires,1943,Ramires,100,EXACT,Chelsea,1,29,90,-1853,0,0,0,2,0,0,GW29:MCI(A) 1-2:21 March 19:45
7551,Joleon Lescott,1882,Joleon Lescott,189,EXACT,Man City,1,29,0,-1882,0,0,0,0,0,0,GW29:CHE(H) 2-1:21 March 19:45
66583,Hendry Thomas,1885,Hendry Thomas,448,EXACT,Wigan,1,33,0,-1885,0,0,0,0,0,0,GW33:MUN(H) 1-0:11 April 19:45
11911,Gary Caldwell,1977,Gary Caldwell,441,EXACT,Wigan,1,33,90,-1887,0,0,2,8,1,0,GW33:MUN(H) 1-0:11 April 19:45
50472,James McCarthy,1982,James McCarthy,444,EXACT,Wigan,1,33,90,-1892,0,0,1,4,1,0,GW33:MUN(H) 1-0:11 April 19:45
17997,Phil Bardsley,2823,Phil Bardsley,384,EXACT,Sunderland,37,1 3 4 5 6 7 8 9 10 11 12 13 14 15 16 17 18 19 20 21 22 23 24 25 26 27 28 29 30 31 32 33 34 35 36 37 38,919,-1904,0,1,1,25,1,5,GW1:ARS(A) 0-0:18 Aug 15:00 | GW3:SWA(A) 2-2:01 Sep 15:00 | GW4:LIV(H) 1-1:15 Sep 17:30 | GW5:WHU(A) 1-1:22 Sep 15:00 | GW6:WIG(H) 1-0:29 Sep 15:00 | GW7:MCI(A) 0-3:06 Oct 12:45 | GW8:NEW(H) 1-1:21 Oct 13:30 | GW9:STK(A) 0-0:27 Oct 15:00 | GW10:AVL(H) 0-1:03 Nov 15:00 | GW11:EVE(A) 1-2:10 Nov 15:00 | GW12:FUL(A) 3-1:18 Nov 16:00 | GW13:WBA(H) 2-4:24 Nov 12:45 | GW14:QPR(H) 0-0:27 Nov 19:45 | GW15:NOR(A) 1-2:02 Dec 16:00 | GW16:RDG(H) 3-0:11 Dec 19:45 | GW17:MUN(A) 1-3:15 Dec 15:00 | GW18:SOU(A) 1-0:22 Dec 15:00 | GW19:MCI(H) 1-0:26 Dec 15:00 | GW20:TOT(H) 1-2:29 Dec 12:45 | GW21:LIV(A) 0-3:02 Jan 19:45 | GW22:WHU(H) 3-0:12 Jan 15:00 | GW23:WIG(A) 3-2:19 Jan 15:00 | GW24:SWA(H) 0-0:29 Jan 19:45 | GW25:RDG(A) 1-2:02 Feb 15:00 | GW26:ARS(H) 0-1:09 Feb 15:00 | GW27:WBA(A) 1-2:23 Feb 15:00 | GW28:FUL(H) 2-2:02 Mar 15:00 | GW29:QPR(A) 1-3:09 Mar 15:00 | GW30:NOR(H) 1-1:17 Mar 13:30 | GW31:MUN(H) 0-1:30 Mar 12:45 | GW32:CHE(A) 1-2:07 Apr 15:00 | GW33:NEW(A) 3-0:14 Apr 12:00 | GW34:EVE(H) 1-0:20 Apr 15:00 | GW35:AVL(A) 1-6:29 Apr 20:00 | GW36:STK(H) 1-1:06 May 20:00 | GW37:SOU(H) 1-1:12 May 15:00 | GW38:TOT(A) 0-1:19 May 16:00
20322,Carlos Salcido,1904,Carlos Salcido,138,EXACT,Fulham,1,29,0,-1904,0,0,0,0,0,0,GW29:SWA(H) 0-3:17 March 15:00
1131,Titus Bramble,2001,Titus Bramble,335,EXACT,Sunderland,1,17,90,-1911,0,0,0,1,0,0,GW17:QPR(A) 3-2:21 Dec. 20:00
21094,Daniel Agger,1090,Daniel Agger,154,EXACT,Liverpool,37,1 2 3 4 5 6 7 8 9 10 11 12 13 14 15 16 17 18 19 20 21 22 23 24 25 26 28 29 30 31 32 33 34 35 36 37 38,3007,1917,0,3,8,133,15,3,GW1:WBA(A) 0-3:18 Aug 15:00 | GW2:MCI(H) 2-2:26 Aug 16:00 | GW3:ARS(H) 0-2:02 Sep 13:30 | GW4:SUN(A) 1-1:15 Sep 17:30 | GW5:MUN(H) 1-2:23 Sep 13:30 | GW6:NOR(A) 5-2:29 Sep 15:00 | GW7:STK(H) 0-0:07 Oct 15:00 | GW8:RDG(H) 1-0:20 Oct 15:00 | GW9:EVE(A) 2-2:28 Oct 13:30 | GW10:NEW(H) 1-1:04 Nov 16:00 | GW11:CHE(A) 1-1:11 Nov 16:00 | GW12:WIG(H) 3-0:17 Nov 15:00 | GW13:SWA(A) 0-0:25 Nov 13:30 | GW14:TOT(A) 1-2:28 Nov 19:45 | GW15:SOU(H) 1-0:01 Dec 15:00 | GW16:WHU(A) 3-2:09 Dec 16:00 | GW17:AVL(H) 1-3:15 Dec 15:00 | GW18:FUL(H) 4-0:22 Dec 17:30 | GW19:STK(A) 1-3:26 Dec 19:45 | GW20:QPR(A) 3-0:30 Dec 16:00 | GW21:SUN(H) 3-0:02 Jan 19:45 | GW22:MUN(A) 1-2:13 Jan 13:30 | GW23:NOR(H) 5-0:19 Jan 15:00 | GW24:ARS(A) 2-2:30 Jan 19:45 | GW25:MCI(A) 2-2:03 Feb 16:00 | GW26:SWA(H) 5-0:17 Feb 15:00 | GW28:WIG(A) 4-0:02 Mar 17:30 | GW29:TOT(H) 3-2:10 Mar 16:00 | GW30:SOU(A) 1-3:16 Mar 15:00 | GW31:AVL(A) 2-1:31 Mar 13:30 | GW32:WHU(H) 0-0:07 Apr 13:30 | GW33:RDG(A) 0-0:13 Apr 15:00 | GW34:CHE(H) 2-2:21 Apr 16:00 | GW35:NEW(A) 6-0:27 Apr 17:30 | GW36:EVE(H) 0-0:05 May 13:30 | GW37:FUL(A) 3-1:12 May 15:00 | GW38:QPR(H) 1-0:19 May 16:00
2404,Michael Carrick,1975,Michael Carrick,223,EXACT,Man Utd,1,29,57,-1918,1,0,0,4,0,0,GW29:WOL(A) 5-0:18 March 13:30
3289,Matthew Taylor,1924,Matthew Taylor,83,EXACT,Bolton,1,17,0,-1924,0,0,0,0,0,0,GW17:BLA(A) 2-1:20 Dec. 20:00
14295,Darren Fletcher,2108,Darren Fletcher,211,EXACT,Man Utd,37,1 2 3 4 5 6 7 8 9 10 11 12 13 14 15 16 17 18 19 20 21 22 23 24 25 26 27 28 30 31 32 33 34 35 36 37 38,181,-1927,0,1,2,12,0,0,GW1:EVE(A) 0-1:20 Aug 20:00 | GW2:FUL(H) 3-2:25 Aug 15:00 | GW3:SOU(A) 3-2:02 Sep 16:00 | GW4:WIG(H) 4-0:15 Sep 15:00 | GW5:LIV(A) 2-1:23 Sep 13:30 | GW6:TOT(H) 2-3:29 Sep 17:30 | GW7:NEW(A) 3-0:07 Oct 16:00 | GW8:STK(H) 4-2:20 Oct 15:00 | GW9:CHE(A) 3-2:28 Oct 16:00 | GW10:ARS(H) 2-1:03 Nov 12:45 | GW11:AVL(A) 3-2:10 Nov 17:30 | GW12:NOR(A) 0-1:17 Nov 17:30 | GW13:QPR(H) 3-1:24 Nov 15:00 | GW14:WHU(H) 1-0:28 Nov 20:00 | GW15:RDG(A) 4-3:01 Dec 17:30 | GW16:MCI(A) 3-2:09 Dec 13:30 | GW17:SUN(H) 3-1:15 Dec 15:00 | GW18:SWA(A) 1-1:23 Dec 13:30 | GW19:NEW(H) 4-3:26 Dec 15:00 | GW20:WBA(H) 2-0:29 Dec 15:00 | GW21:WIG(A) 4-0:01 Jan 15:00 | GW22:LIV(H) 2-1:13 Jan 13:30 | GW23:TOT(A) 1-1:20 Jan 16:00 | GW24:SOU(H) 2-1:30 Jan 20:00 | GW25:FUL(A) 1-0:02 Feb 17:30 | GW26:EVE(H) 2-0:10 Feb 16:00 | GW27:QPR(A) 2-0:23 Feb 15:00 | GW28:NOR(H) 4-0:02 Mar 15:00 | GW30:RDG(H) 1-0:16 Mar 17:30 | GW31:SUN(A) 1-0:30 Mar 12:45 | GW32:MCI(H) 1-2:08 Apr 20:00 | GW33:WHU(A) 2-2:17 Apr 19:45 | GW34:AVL(H) 3-0:22 Apr 20:00 | GW35:ARS(A) 1-1:28 Apr 16:00 | GW36:CHE(H) 0-1:05 May 16:00 | GW37:SWA(H) 2-1:12 May 16:00 | GW38:WBA(A) 5-5:19 May 16:00
3273,Tim Cahill,2016,Tim Cahill,123,EXACT,Everton,1,29,86,-1930,0,0,0,1,0,1,GW29:ARS(H) 0-1:21 March 20:00
2051,Frank Lampard,2026,Frank Lampard,102,EXACT,Chelsea,1,29,90,-1936,0,0,0,1,0,1,GW29:MCI(A) 1-2:21 March 19:45
20658,Pablo Zabaleta,1945,Pablo Zabaleta,188,EXACT,Man City,1,2,3,-1942,0,0,0,1,0,0,GW2:BOL(A) 3-2:21 Aug. 16:00
39253,Jonas Olsson,2125,Jonas Olsson,414,EXACT,West Brom,2,27 33,180,-1945,0,0,0,6,1,0,GW27:CHE(H) 1-0:03 March 15:00 | GW33:MCI(A) 0-4:11 April 19:45
15073,Kieran Richardson,2040,Kieran Richardson,346,EXACT,Sunderland,1,17,90,-1950,2,0,1,9,0,0,GW17:QPR(A) 3-2:21 Dec. 20:00
3658,Jermaine Pennant,2030,Jermaine Pennant,366,EXACT,Stoke City,38,1 2 3 4 5 6 7 8 9 10 11 12 13 14 15 16 17 18 19 20 21 22 23 24 25 26 27 28 29 30 31 32 33 34 35 36 37 38,64,-1966,0,0,0,3,1,0,GW1:RDG(A) 1-1:18 Aug 15:00 | GW2:ARS(H) 0-0:26 Aug 13:30 | GW3:WIG(A) 2-2:01 Sep 15:00 | GW4:MCI(H) 1-1:15 Sep 15:00 | GW5:CHE(A) 0-1:22 Sep 15:00 | GW6:SWA(H) 2-0:29 Sep 15:00 | GW7:LIV(A) 0-0:07 Oct 15:00 | GW8:MUN(A) 2-4:20 Oct 15:00 | GW9:SUN(H) 0-0:27 Oct 15:00 | GW10:NOR(A) 0-1:03 Nov 15:00 | GW11:QPR(H) 1-0:10 Nov 15:00 | GW12:WHU(A) 1-1:19 Nov 20:00 | GW13:FUL(H) 1-0:24 Nov 15:00 | GW14:NEW(H) 2-1:28 Nov 19:45 | GW15:WBA(A) 1-0:01 Dec 15:00 | GW16:AVL(A) 0-0:08 Dec 15:00 | GW17:EVE(H) 1-1:15 Dec 15:00 | GW18:TOT(A) 0-0:22 Dec 15:00 | GW19:LIV(H) 3-1:26 Dec 19:45 | GW20:SOU(H) 3-3:29 Dec 15:00 | GW21:MCI(A) 0-3:01 Jan 15:00 | GW22:CHE(H) 0-4:12 Jan 15:00 | GW23:SWA(A) 1-3:19 Jan 15:00 | GW24:WIG(H) 2-2:29 Jan 19:45 | GW25:ARS(A) 0-1:02 Feb 15:00 | GW26:RDG(H) 2-1:09 Feb 15:00 | GW27:FUL(A) 0-1:23 Feb 12:45 | GW28:WHU(H) 0-1:02 Mar 15:00 | GW29:NEW(A) 1-2:10 Mar 15:00 | GW30:WBA(H) 0-0:16 Mar 15:00 | GW31:EVE(A) 0-1:30 Mar 17:30 | GW32:AVL(H) 1-3:06 Apr 15:00 | GW33:MUN(H) 0-2:14 Apr 14:05 | GW34:QPR(A) 2-0:20 Apr 15:00 | GW35:NOR(H) 1-0:27 Apr 15:00 | GW36:SUN(A) 1-1:06 May 20:00 | GW37:TOT(H) 1-2:12 May 13:30 | GW38:SOU(A) 1-1:19 May 16:00
10454,Dickson Etuhu,1970,Dickson Etuhu,131,EXACT,Fulham,37,1 2 3 4 5 6 7 8 9 10 11 12 13 14 15 16 17 18 19 20 21 22 23 24 25 26 27 28 30 31 32 33 34 35 36 37 38,0,-1970,0,0,0,0,0,0,GW1:NOR(H) 5-0:18 Aug 15:00 | GW2:MUN(A) 2-3:25 Aug 15:00 | GW3:WHU(A) 0-3:01 Sep 12:45 | GW4:WBA(H) 3-0:15 Sep 15:00 | GW5:WIG(A) 2-1:22 Sep 15:00 | GW6:MCI(H) 1-2:29 Sep 15:00 | GW7:SOU(A) 2-2:07 Oct 13:30 | GW8:AVL(H) 1-0:20 Oct 15:00 | GW9:RDG(A) 3-3:27 Oct 15:00 | GW10:EVE(H) 2-2:03 Nov 15:00 | GW11:ARS(A) 3-3:10 Nov 15:00 | GW12:SUN(H) 1-3:18 Nov 16:00 | GW13:STK(A) 0-1:24 Nov 15:00 | GW14:CHE(A) 0-0:28 Nov 19:45 | GW15:TOT(H) 0-3:01 Dec 15:00 | GW16:NEW(H) 2-1:10 Dec 20:00 | GW17:QPR(A) 1-2:15 Dec 15:00 | GW18:LIV(A) 0-4:22 Dec 17:30 | GW19:SOU(H) 1-1:26 Dec 15:00 | GW20:SWA(H) 1-2:29 Dec 15:00 | GW21:WBA(A) 2-1:01 Jan 12:45 | GW22:WIG(H) 1-1:12 Jan 15:00 | GW23:MCI(A) 0-2:19 Jan 15:00 | GW24:WHU(H) 3-1:30 Jan 20:00 | GW25:MUN(H) 0-1:02 Feb 17:30 | GW26:NOR(A) 0-0:09 Feb 15:00 | GW27:STK(H) 1-0:23 Feb 12:45 | GW28:SUN(A) 2-2:02 Mar 15:00 | GW30:TOT(A) 1-0:17 Mar 15:00 | GW31:QPR(H) 3-2:01 Apr 20:00 | GW32:NEW(A) 0-1:07 Apr 15:00 | GW33:CHE(H) 0-3:17 Apr 20:00 | GW34:ARS(H) 0-1:20 Apr 15:00 | GW35:EVE(A) 0-1:27 Apr 15:00 | GW36:RDG(H) 2-4:04 May 15:00 | GW37:LIV(H) 1-3:12 May 15:00 | GW38:SWA(A) 3-0:19 May 16:00
10454,Dickson Etuhu,1970,Dickson Etuhu,150,EXACT,Fulham,1,27,0,-1970,0,0,0,0,0,0,GW27:WOL(H) 5-0:04 March 14:05
14668,Nigel Reo-Coker,2076,Nigel Reo-Coker,491,EXACT,Bolton,1,19,90,-1986,0,0,0,2,0,0,GW19:WOL(H) 1-1:31 Dec. 15:00
27348,Gabriel Tamas,2037,Gabriel Tamas,409,EXACT,West Brom,2,27 33,34,-2003,0,0,0,1,0,0,GW27:CHE(H) 1-0:03 March 15:00 | GW33:MCI(A) 0-4:11 April 19:45
3273,Tim Cahill,2016,Tim Cahill,104,EXACT,Everton,37,1 2 3 4 5 6 7 8 9 10 11 12 13 14 15 16 17 18 19 20 21 22 23 24 25 26 27 28 30 31 32 33 34 35 36 37 38,0,-2016,0,0,0,0,0,0,GW1:MUN(H) 1-0:20 Aug 20:00 | GW2:AVL(A) 3-1:25 Aug 15:00 | GW3:WBA(A) 0-2:01 Sep 15:00 | GW4:NEW(H) 2-2:17 Sep 20:00 | GW5:SWA(A) 3-0:22 Sep 12:45 | GW6:SOU(H) 3-1:29 Sep 15:00 | GW7:WIG(A) 2-2:06 Oct 15:00 | GW8:QPR(A) 1-1:21 Oct 16:00 | GW9:LIV(H) 2-2:28 Oct 13:30 | GW10:FUL(A) 2-2:03 Nov 15:00 | GW11:SUN(H) 2-1:10 Nov 15:00 | GW12:RDG(A) 1-2:17 Nov 15:00 | GW13:NOR(H) 1-1:24 Nov 15:00 | GW14:ARS(H) 1-1:28 Nov 19:45 | GW15:MCI(A) 1-1:01 Dec 15:00 | GW16:TOT(H) 2-1:09 Dec 15:00 | GW17:STK(A) 1-1:15 Dec 15:00 | GW18:WHU(A) 2-1:22 Dec 15:00 | GW19:WIG(H) 2-1:26 Dec 15:00 | GW20:CHE(H) 1-2:30 Dec 13:30 | GW21:NEW(A) 2-1:02 Jan 20:00 | GW22:SWA(H) 0-0:12 Jan 15:00 | GW23:SOU(A) 0-0:21 Jan 20:00 | GW24:WBA(H) 2-1:30 Jan 19:45 | GW25:AVL(H) 3-3:02 Feb 15:00 | GW26:MUN(A) 0-2:10 Feb 16:00 | GW27:NOR(A) 1-2:23 Feb 15:00 | GW28:RDG(H) 3-1:02 Mar 15:00 | GW30:MCI(H) 2-0:16 Mar 12:45 | GW31:STK(H) 1-0:30 Mar 17:30 | GW32:TOT(A) 2-2:07 Apr 14:05 | GW33:ARS(A) 0-0:16 Apr 19:45 | GW34:SUN(A) 0-1:20 Apr 15:00 | GW35:FUL(H) 1-0:27 Apr 15:00 | GW36:LIV(A) 0-0:05 May 13:30 | GW37:WHU(H) 2-0:12 May 15:00 | GW38:CHE(A) 1-2:19 May 16:00
19393,Danny Collins,2031,Danny Collins,357,EXACT,Stoke City,38,1 2 3 4 5 6 7 8 9 10 11 12 13 14 15 16 17 18 19 20 21 22 23 24 25 26 27 28 29 30 31 32 33 34 35 36 37 38,0,-2031,0,0,0,0,0,0,GW1:RDG(A) 1-1:18 Aug 15:00 | GW2:ARS(H) 0-0:26 Aug 13:30 | GW3:WIG(A) 2-2:01 Sep 15:00 | GW4:MCI(H) 1-1:15 Sep 15:00 | GW5:CHE(A) 0-1:22 Sep 15:00 | GW6:SWA(H) 2-0:29 Sep 15:00 | GW7:LIV(A) 0-0:07 Oct 15:00 | GW8:MUN(A) 2-4:20 Oct 15:00 | GW9:SUN(H) 0-0:27 Oct 15:00 | GW10:NOR(A) 0-1:03 Nov 15:00 | GW11:QPR(H) 1-0:10 Nov 15:00 | GW12:WHU(A) 1-1:19 Nov 20:00 | GW13:FUL(H) 1-0:24 Nov 15:00 | GW14:NEW(H) 2-1:28 Nov 19:45 | GW15:WBA(A) 1-0:01 Dec 15:00 | GW16:AVL(A) 0-0:08 Dec 15:00 | GW17:EVE(H) 1-1:15 Dec 15:00 | GW18:TOT(A) 0-0:22 Dec 15:00 | GW19:LIV(H) 3-1:26 Dec 19:45 | GW20:SOU(H) 3-3:29 Dec 15:00 | GW21:MCI(A) 0-3:01 Jan 15:00 | GW22:CHE(H) 0-4:12 Jan 15:00 | GW23:SWA(A) 1-3:19 Jan 15:00 | GW24:WIG(H) 2-2:29 Jan 19:45 | GW25:ARS(A) 0-1:02 Feb 15:00 | GW26:RDG(H) 2-1:09 Feb 15:00 | GW27:FUL(A) 0-1:23 Feb 12:45 | GW28:WHU(H) 0-1:02 Mar 15:00 | GW29:NEW(A) 1-2:10 Mar 15:00 | GW30:WBA(H) 0-0:16 Mar 15:00 | GW31:EVE(A) 0-1:30 Mar 17:30 | GW32:AVL(H) 1-3:06 Apr 15:00 | GW33:MUN(H) 0-2:14 Apr 14:05 | GW34:QPR(A) 2-0:20 Apr 15:00 | GW35:NOR(H) 1-0:27 Apr 15:00 | GW36:SUN(A) 1-1:06 May 20:00 | GW37:TOT(H) 1-2:12 May 13:30 | GW38:SOU(A) 1-1:19 May 16:00
40142,Andy Carroll,2070,Andy Carroll,180,EXACT,Liverpool,1,29,9,-2061,0,0,0,1,0,0,GW29:QPR(A) 2-3:21 March 20:00
37269,Gonzalo Jara,2107,Gonzalo Jara,467,EXACT,West Brom,37,1 2 3 4 5 6 7 8 9 10 11 12 13 14 15 16 17 18 19 20 21 22 23 24 25 26 27 28 29 30 31 32 34 35 36 37 38,45,-2062,1,0,0,4,0,0,GW1:LIV(H) 3-0:18 Aug 15:00 | GW2:TOT(A) 1-1:25 Aug 15:00 | GW3:EVE(H) 2-0:01 Sep 15:00 | GW4:FUL(A) 0-3:15 Sep 15:00 | GW5:RDG(H) 1-0:22 Sep 15:00 | GW6:AVL(A) 1-1:30 Sep 16:00 | GW7:QPR(H) 3-2:06 Oct 15:00 | GW8:MCI(H) 1-2:20 Oct 15:00 | GW9:NEW(A) 1-2:28 Oct 15:00 | GW10:SOU(H) 2-0:05 Nov 20:00 | GW11:WIG(A) 2-1:10 Nov 15:00 | GW12:CHE(H) 2-1:17 Nov 15:00 | GW13:SUN(A) 4-2:24 Nov 12:45 | GW14:SWA(A) 1-3:28 Nov 19:45 | GW15:STK(H) 0-1:01 Dec 15:00 | GW16:ARS(A) 0-2:08 Dec 15:00 | GW17:WHU(H) 0-0:16 Dec 16:00 | GW18:NOR(H) 2-1:22 Dec 15:00 | GW19:QPR(A) 2-1:26 Dec 15:00 | GW20:MUN(A) 0-2:29 Dec 15:00 | GW21:FUL(H) 1-2:01 Jan 12:45 | GW22:RDG(A) 2-3:12 Jan 15:00 | GW23:AVL(H) 2-2:19 Jan 17:30 | GW24:EVE(A) 1-2:30 Jan 19:45 | GW25:TOT(H) 0-1:03 Feb 13:30 | GW26:LIV(A) 2-0:11 Feb 20:00 | GW27:SUN(H) 2-1:23 Feb 15:00 | GW28:CHE(A) 0-1:02 Mar 15:00 | GW29:SWA(H) 2-1:09 Mar 15:00 | GW30:STK(A) 0-0:16 Mar 15:00 | GW31:WHU(A) 1-3:30 Mar 15:00 | GW32:ARS(H) 1-2:06 Apr 15:00 | GW34:NEW(H) 1-1:20 Apr 15:00 | GW35:SOU(A) 3-0:27 Apr 15:00 | GW36:MCI(A) 0-1:07 May 19:45 | GW37:NOR(A) 0-4:12 May 15:00 | GW38:MUN(H) 5-5:19 May 16:00
7525,Steven Pienaar,2068,Steven Pienaar,394,EXACT,Everton,1,2,0,-2068,0,0,0,0,0,0,GW2:MUN(A) 0-3:22 Aug. 20:00
12679,Michael Dawson,2160,Michael Dawson,387,EXACT,Tottenham,1,2,90,-2070,0,0,0,0,0,1,GW2:MUN(A) 0-3:22 Aug. 20:00
20066,Wayne Hennessey,2160,Wayne Hennessey,454,EXACT,Wolves,1,33,90,-2070,0,0,0,2,0,0,GW33:ARS(H) 0-3:11 April 19:45
1930,Luke Young,2070,Luke Young,280,EXACT,QPR,38,1 2 3 4 5 6 7 8 9 10 11 12 13 14 15 16 17 18 19 20 21 22 23 24 25 26 27 28 29 30 31 32 33 34 35 36 37 38,0,-2070,0,0,0,0,0,0,GW1:SWA(H) 0-5:18 Aug 15:00 | GW2:NOR(A) 1-1:25 Aug 15:00 | GW3:MCI(A) 1-3:01 Sep 17:30 | GW4:CHE(H) 0-0:15 Sep 15:00 | GW5:TOT(A) 1-2:23 Sep 16:00 | GW6:WHU(H) 1-2:01 Oct 20:00 | GW7:WBA(A) 2-3:06 Oct 15:00 | GW8:EVE(H) 1-1:21 Oct 16:00 | GW9:ARS(A) 0-1:27 Oct 15:00 | GW10:RDG(H) 1-1:04 Nov 13:30 | GW11:STK(A) 0-1:10 Nov 15:00 | GW12:SOU(H) 1-3:17 Nov 15:00 | GW13:MUN(A) 1-3:24 Nov 15:00 | GW14:SUN(A) 0-0:27 Nov 19:45 | GW15:AVL(H) 1-1:01 Dec 15:00 | GW16:WIG(A) 2-2:08 Dec 15:00 | GW17:FUL(H) 2-1:15 Dec 15:00 | GW18:NEW(A) 0-1:22 Dec 15:00 | GW19:WBA(H) 1-2:26 Dec 15:00 | GW20:LIV(H) 0-3:30 Dec 16:00 | GW21:CHE(A) 1-0:02 Jan 19:45 | GW22:TOT(H) 0-0:12 Jan 12:45 | GW23:WHU(A) 1-1:19 Jan 15:00 | GW24:MCI(H) 0-0:29 Jan 19:45 | GW25:NOR(H) 0-0:02 Feb 12:45 | GW26:SWA(A) 1-4:09 Feb 15:00 | GW27:MUN(H) 0-2:23 Feb 15:00 | GW28:SOU(A) 2-1:02 Mar 15:00 | GW29:SUN(H) 3-1:09 Mar 15:00 | GW30:AVL(A) 2-3:16 Mar 15:00 | GW31:FUL(A) 2-3:01 Apr 20:00 | GW32:WIG(H) 1-1:07 Apr 16:10 | GW33:EVE(A) 0-2:13 Apr 15:00 | GW34:STK(H) 0-2:20 Apr 15:00 | GW35:RDG(A) 0-0:28 Apr 13:30 | GW36:ARS(H) 0-1:04 May 17:30 | GW37:NEW(H) 1-2:12 May 15:00 | GW38:LIV(A) 0-1:19 May 16:00
66797,Simon Mignolet,2070,Simon Mignolet,333,EXACT,Sunderland,1,17,0,-2070,0,0,0,0,0,0,GW17:QPR(A) 3-2:21 Dec. 20:00
13898,Anton Ferdinand,2089,Anton Ferdinand,339,EXACT,QPR,1,17,0,-2089,0,0,0,0,0,0,GW17:SUN(H) 2-3:21 Dec. 20:00
37269,Gonzalo Jara,2107,Gonzalo Jara,412,EXACT,West Brom,2,27 33,0,-2107,0,0,0,0,0,0,GW27:CHE(H) 1-0:03 March 15:00 | GW33:MCI(A) 0-4:11 April 19:45
14295,Darren Fletcher,2108,Darren Fletcher,224,EXACT,Man Utd,1,29,0,-2108,0,0,0,0,0,0,GW29:WOL(A) 5-0:18 March 13:30
20450,Kevin Doyle,2188,Kevin Doyle,476,EXACT,Wolves,1,33,77,-2111,0,0,0,1,0,1,GW33:ARS(H) 0-3:11 April 19:45
1718,John Terry,2962,John Terry,69,EXACT,Chelsea,35,1 2 4 5 6 7 8 9 10 11 12 13 14 15 16 18 19 20 21 22 23 24 25 26 27 28 30 31 32 33 34 35 36 37 38,848,-2114,0,4,6,59,3,1,GW1:RDG(H) 4-2:22 Aug 19:45 | GW2:NEW(H) 2-0:25 Aug 17:30 | GW4:QPR(A) 0-0:15 Sep 15:00 | GW5:STK(H) 1-0:22 Sep 15:00 | GW6:ARS(A) 2-1:29 Sep 12:45 | GW7:NOR(H) 4-1:06 Oct 15:00 | GW8:TOT(A) 4-2:20 Oct 12:45 | GW9:MUN(H) 2-3:28 Oct 16:00 | GW10:SWA(A) 1-1:03 Nov 15:00 | GW11:LIV(H) 1-1:11 Nov 16:00 | GW12:WBA(A) 1-2:17 Nov 15:00 | GW13:MCI(H) 0-0:25 Nov 16:00 | GW14:FUL(H) 0-0:28 Nov 19:45 | GW15:WHU(A) 1-3:01 Dec 12:45 | GW16:SUN(A) 3-1:08 Dec 15:00 | GW18:AVL(H) 8-0:23 Dec 16:00 | GW19:NOR(A) 1-0:26 Dec 15:00 | GW20:EVE(A) 2-1:30 Dec 13:30 | GW21:QPR(H) 0-1:02 Jan 19:45 | GW22:SOU(H) 2-2:16 Jan 19:45 | GW23:ARS(H) 2-1:20 Jan 13:30 | GW24:RDG(A) 2-2:30 Jan 20:00 | GW25:NEW(A) 2-3:02 Feb 15:00 | GW26:WIG(H) 4-1:09 Feb 15:00 | GW27:MCI(A) 0-2:24 Feb 13:30 | GW28:WBA(H) 1-0:02 Mar 15:00 | GW30:WHU(H) 2-0:17 Mar 16:00 | GW31:SOU(A) 1-2:30 Mar 15:00 | GW32:SUN(H) 2-1:07 Apr 15:00 | GW33:FUL(A) 3-0:17 Apr 20:00 | GW34:LIV(A) 2-2:21 Apr 16:00 | GW35:SWA(H) 2-0:28 Apr 15:00 | GW36:TOT(H) 2-2:08 May 19:45 | GW37:AVL(A) 2-1:11 May 12:45 | GW38:EVE(H) 2-1:19 May 16:00
19084,George Elokobi,2120,George Elokobi,460,EXACT,Wolves,1,33,0,-2120,0,0,0,0,0,0,GW33:ARS(H) 0-3:11 April 19:45
16045,Ben Watson,2122,Ben Watson,446,EXACT,Wigan,1,33,0,-2122,0,0,0,0,0,0,GW33:MUN(H) 1-0:11 April 19:45
15157,James Milner,2134,James Milner,199,EXACT,Man City,1,29,0,-2134,0,0,0,0,0,0,GW29:CHE(H) 2-1:21 March 19:45
42744,Sebastien Bassong,823,Sebastien Bassong,570,EXACT,Norwich,37,2 3 4 5 6 7 8 9 10 11 12 13 14 15 16 17 18 19 20 21 22 23 24 25 26 27 28 29 30 31 32 33 34 35 36 37 38,2959,2136,2,3,5,121,10,3,GW2:QPR(H) 1-1:25 Aug 15:00 | GW3:TOT(A) 1-1:01 Sep 15:00 | GW4:WHU(H) 0-0:15 Sep 12:45 | GW5:NEW(A) 0-1:23 Sep 15:00 | GW6:LIV(H) 2-5:29 Sep 15:00 | GW7:CHE(A) 1-4:06 Oct 15:00 | GW8:ARS(H) 1-0:20 Oct 17:30 | GW9:AVL(A) 1-1:27 Oct 12:45 | GW10:STK(H) 1-0:03 Nov 15:00 | GW11:RDG(A) 0-0:10 Nov 15:00 | GW12:MUN(H) 1-0:17 Nov 17:30 | GW13:EVE(A) 1-1:24 Nov 15:00 | GW14:SOU(A) 1-1:28 Nov 19:45 | GW15:SUN(H) 2-1:02 Dec 16:00 | GW16:SWA(A) 4-3:08 Dec 15:00 | GW17:WIG(H) 2-1:15 Dec 15:00 | GW18:WBA(A) 1-2:22 Dec 15:00 | GW19:CHE(H) 0-1:26 Dec 15:00 | GW20:MCI(H) 3-4:29 Dec 15:00 | GW21:WHU(A) 1-2:01 Jan 15:00 | GW22:NEW(H) 0-0:12 Jan 15:00 | GW23:LIV(A) 0-5:19 Jan 15:00 | GW24:TOT(H) 1-1:30 Jan 19:45 | GW25:QPR(A) 0-0:02 Feb 12:45 | GW26:FUL(H) 0-0:09 Feb 15:00 | GW27:EVE(H) 2-1:23 Feb 15:00 | GW28:MUN(A) 0-4:02 Mar 15:00 | GW29:SOU(H) 0-0:09 Mar 15:00 | GW30:SUN(A) 1-1:17 Mar 13:30 | GW31:WIG(A) 0-1:30 Mar 15:00 | GW32:SWA(H) 2-2:06 Apr 15:00 | GW33:ARS(A) 1-3:13 Apr 15:00 | GW34:RDG(H) 2-1:20 Apr 15:00 | GW35:STK(A) 0-1:27 Apr 15:00 | GW36:AVL(H) 1-2:04 May 15:00 | GW37:WBA(H) 4-0:12 May 15:00 | GW38:MCI(A) 3-2:19 May 16:00
13227,Andrey Arshavin,2194,Andrey Arshavin,14,EXACT,Arsenal,12,1 2 3 4 5 6 7 8 9 10 20 30,51,-2143,1,0,0,6,0,1,GW1:SUN(H) 0-0:18 Aug 15:00 | GW2:STK(A) 0-0:26 Aug 13:30 | GW3:LIV(A) 2-0:02 Sep 13:30 | GW4:SOU(H) 6-1:15 Sep 15:00 | GW5:MCI(A) 1-1:23 Sep 16:00 | GW6:CHE(H) 1-2:29 Sep 12:45 | GW7:WHU(A) 3-1:06 Oct 17:30 | GW8:NOR(A) 0-1:20 Oct 17:30 | GW9:QPR(H) 1-0:27 Oct 15:00 | GW10:MUN(A) 1-2:03 Nov 12:45 | GW20:NEW(H) 7-3:29 Dec 17:30 | GW30:SWA(A) 2-0:16 Mar 15:00
4611,Rafael van der Vaart,2238,Rafael Van der Vaart,445,EXACT,Tottenham,37,1 2 3 4 5 6 7 8 9 10 11 12 13 14 15 16 17 18 19 20 21 22 23 24 25 26 27 28 29 30 31 32 34 35 36 37 38,84,-2154,0,0,0,4,1,0,GW1:NEW(A) 1-2:18 Aug 17:30 | GW2:WBA(H) 1-1:25 Aug 15:00 | GW3:NOR(H) 1-1:01 Sep 15:00 | GW4:RDG(A) 3-1:16 Sep 16:00 | GW5:QPR(H) 2-1:23 Sep 16:00 | GW6:MUN(A) 3-2:29 Sep 17:30 | GW7:AVL(H) 2-0:07 Oct 15:00 | GW8:CHE(H) 2-4:20 Oct 12:45 | GW9:SOU(A) 2-1:28 Oct 15:00 | GW10:WIG(H) 0-1:03 Nov 15:00 | GW11:MCI(A) 1-2:11 Nov 13:30 | GW12:ARS(A) 2-5:17 Nov 12:45 | GW13:WHU(H) 3-1:25 Nov 16:00 | GW14:LIV(H) 2-1:28 Nov 19:45 | GW15:FUL(A) 3-0:01 Dec 15:00 | GW16:EVE(A) 1-2:09 Dec 15:00 | GW17:SWA(H) 1-0:16 Dec 13:30 | GW18:STK(H) 0-0:22 Dec 15:00 | GW19:AVL(A) 4-0:26 Dec 17:30 | GW20:SUN(A) 2-1:29 Dec 12:45 | GW21:RDG(H) 3-1:01 Jan 15:00 | GW22:QPR(A) 0-0:12 Jan 12:45 | GW23:MUN(H) 1-1:20 Jan 16:00 | GW24:NOR(A) 1-1:30 Jan 19:45 | GW25:WBA(A) 1-0:03 Feb 13:30 | GW26:NEW(H) 2-1:09 Feb 12:45 | GW27:WHU(A) 3-2:25 Feb 20:00 | GW28:ARS(H) 2-1:03 Mar 16:00 | GW29:LIV(A) 2-3:10 Mar 16:00 | GW30:FUL(H) 0-1:17 Mar 15:00 | GW31:SWA(A) 2-1:30 Mar 15:00 | GW32:EVE(H) 2-2:07 Apr 14:05 | GW34:MCI(H) 3-1:21 Apr 13:30 | GW35:WIG(A) 2-2:27 Apr 15:00 | GW36:CHE(A) 2-2:08 May 19:45 | GW37:STK(A) 2-1:12 May 13:30 | GW38:SUN(H) 1-0:19 May 16:00
12813,Jonathan Walters,2342,Jonathan Walters,320,EXACT,Stoke City,2,2 3,180,-2162,1,0,0,6,1,0,GW2:NOR(A) 1-1:21 Aug. 13:30 | GW3:WBA(A) 1-0:28 Aug. 15:00
76359,Phil Jones,2176,Phil Jones,209,EXACT,Man Utd,1,29,0,-2176,0,0,0,0,0,0,GW29:WOL(A) 5-0:18 March 13:30
6596,Steed Malbranque,2176,Steed Malbranque,347,EXACT,Sunderland,1,17,0,-2176,0,0,0,0,0,0,GW17:QPR(A) 3-2:21 Dec. 20:00
18008,James Morrison,2281,James Morrison,427,EXACT,West Brom,2,27 33,90,-2191,0,0,0,3,1,0,GW27:CHE(H) 1-0:03 March 15:00 | GW33:MCI(A) 0-4:11 April 19:45
2559,Simon Davies,2209,Simon Davies,152,EXACT,Fulham,1,27,11,-2198,0,0,0,1,0,0,GW27:WOL(H) 5-0:04 March 14:05
28468,Craig Gardner,2219,Craig Gardner,351,EXACT,Sunderland,1,17,16,-2203,0,0,0,1,0,0,GW17:QPR(A) 3-2:21 Dec. 20:00
58771,Jack Colback,583,Jack Colback,393,EXACT,Sunderland,37,1 3 4 5 6 7 8 9 10 11 12 13 14 15 16 17 18 19 20 21 22 23 24 25 26 27 28 29 30 31 32 33 34 35 36 37 38,2788,2205,0,0,1,72,10,4,GW1:ARS(A) 0-0:18 Aug 15:00 | GW3:SWA(A) 2-2:01 Sep 15:00 | GW4:LIV(H) 1-1:15 Sep 17:30 | GW5:WHU(A) 1-1:22 Sep 15:00 | GW6:WIG(H) 1-0:29 Sep 15:00 | GW7:MCI(A) 0-3:06 Oct 12:45 | GW8:NEW(H) 1-1:21 Oct 13:30 | GW9:STK(A) 0-0:27 Oct 15:00 | GW10:AVL(H) 0-1:03 Nov 15:00 | GW11:EVE(A) 1-2:10 Nov 15:00 | GW12:FUL(A) 3-1:18 Nov 16:00 | GW13:WBA(H) 2-4:24 Nov 12:45 | GW14:QPR(H) 0-0:27 Nov 19:45 | GW15:NOR(A) 1-2:02 Dec 16:00 | GW16:RDG(H) 3-0:11 Dec 19:45 | GW17:MUN(A) 1-3:15 Dec 15:00 | GW18:SOU(A) 1-0:22 Dec 15:00 | GW19:MCI(H) 1-0:26 Dec 15:00 | GW20:TOT(H) 1-2:29 Dec 12:45 | GW21:LIV(A) 0-3:02 Jan 19:45 | GW22:WHU(H) 3-0:12 Jan 15:00 | GW23:WIG(A) 3-2:19 Jan 15:00 | GW24:SWA(H) 0-0:29 Jan 19:45 | GW25:RDG(A) 1-2:02 Feb 15:00 | GW26:ARS(H) 0-1:09 Feb 15:00 | GW27:WBA(A) 1-2:23 Feb 15:00 | GW28:FUL(H) 2-2:02 Mar 15:00 | GW29:QPR(A) 1-3:09 Mar 15:00 | GW30:NOR(H) 1-1:17 Mar 13:30 | GW31:MUN(H) 0-1:30 Mar 12:45 | GW32:CHE(A) 1-2:07 Apr 15:00 | GW33:NEW(A) 3-0:14 Apr 12:00 | GW34:EVE(H) 1-0:20 Apr 15:00 | GW35:AVL(A) 1-6:29 Apr 20:00 | GW36:STK(H) 1-1:06 May 20:00 | GW37:SOU(H) 1-1:12 May 15:00 | GW38:TOT(A) 0-1:19 May 16:00
12765,Jerome Thomas,2587,Jerome Thomas,476,EXACT,West Brom,37,1 2 3 4 5 6 7 8 9 10 11 12 13 14 15 16 17 18 19 20 21 22 23 24 25 26 27 28 29 30 31 32 34 35 36 37 38,380,-2207,0,0,0,14,1,0,GW1:LIV(H) 3-0:18 Aug 15:00 | GW2:TOT(A) 1-1:25 Aug 15:00 | GW3:EVE(H) 2-0:01 Sep 15:00 | GW4:FUL(A) 0-3:15 Sep 15:00 | GW5:RDG(H) 1-0:22 Sep 15:00 | GW6:AVL(A) 1-1:30 Sep 16:00 | GW7:QPR(H) 3-2:06 Oct 15:00 | GW8:MCI(H) 1-2:20 Oct 15:00 | GW9:NEW(A) 1-2:28 Oct 15:00 | GW10:SOU(H) 2-0:05 Nov 20:00 | GW11:WIG(A) 2-1:10 Nov 15:00 | GW12:CHE(H) 2-1:17 Nov 15:00 | GW13:SUN(A) 4-2:24 Nov 12:45 | GW14:SWA(A) 1-3:28 Nov 19:45 | GW15:STK(H) 0-1:01 Dec 15:00 | GW16:ARS(A) 0-2:08 Dec 15:00 | GW17:WHU(H) 0-0:16 Dec 16:00 | GW18:NOR(H) 2-1:22 Dec 15:00 | GW19:QPR(A) 2-1:26 Dec 15:00 | GW20:MUN(A) 0-2:29 Dec 15:00 | GW21:FUL(H) 1-2:01 Jan 12:45 | GW22:RDG(A) 2-3:12 Jan 15:00 | GW23:AVL(H) 2-2:19 Jan 17:30 | GW24:EVE(A) 1-2:30 Jan 19:45 | GW25:TOT(H) 0-1:03 Feb 13:30 | GW26:LIV(A) 2-0:11 Feb 20:00 | GW27:SUN(H) 2-1:23 Feb 15:00 | GW28:CHE(A) 0-1:02 Mar 15:00 | GW29:SWA(H) 2-1:09 Mar 15:00 | GW30:STK(A) 0-0:16 Mar 15:00 | GW31:WHU(A) 1-3:30 Mar 15:00 | GW32:ARS(H) 1-2:06 Apr 15:00 | GW34:NEW(H) 1-1:20 Apr 15:00 | GW35:SOU(A) 3-0:27 Apr 15:00 | GW36:MCI(A) 0-1:07 May 19:45 | GW37:NOR(A) 0-4:12 May 15:00 | GW38:MUN(H) 5-5:19 May 16:00
2559,Simon Davies,2209,Simon Davies,133,EXACT,Fulham,37,1 2 3 4 5 6 7 8 9 10 11 12 13 14 15 16 17 18 19 20 21 22 23 24 25 26 27 28 30 31 32 33 34 35 36 37 38,0,-2209,0,0,0,0,0,0,GW1:NOR(H) 5-0:18 Aug 15:00 | GW2:MUN(A) 2-3:25 Aug 15:00 | GW3:WHU(A) 0-3:01 Sep 12:45 | GW4:WBA(H) 3-0:15 Sep 15:00 | GW5:WIG(A) 2-1:22 Sep 15:00 | GW6:MCI(H) 1-2:29 Sep 15:00 | GW7:SOU(A) 2-2:07 Oct 13:30 | GW8:AVL(H) 1-0:20 Oct 15:00 | GW9:RDG(A) 3-3:27 Oct 15:00 | GW10:EVE(H) 2-2:03 Nov 15:00 | GW11:ARS(A) 3-3:10 Nov 15:00 | GW12:SUN(H) 1-3:18 Nov 16:00 | GW13:STK(A) 0-1:24 Nov 15:00 | GW14:CHE(A) 0-0:28 Nov 19:45 | GW15:TOT(H) 0-3:01 Dec 15:00 | GW16:NEW(H) 2-1:10 Dec 20:00 | GW17:QPR(A) 1-2:15 Dec 15:00 | GW18:LIV(A) 0-4:22 Dec 17:30 | GW19:SOU(H) 1-1:26 Dec 15:00 | GW20:SWA(H) 1-2:29 Dec 15:00 | GW21:WBA(A) 2-1:01 Jan 12:45 | GW22:WIG(H) 1-1:12 Jan 15:00 | GW23:MCI(A) 0-2:19 Jan 15:00 | GW24:WHU(H) 3-1:30 Jan 20:00 | GW25:MUN(H) 0-1:02 Feb 17:30 | GW26:NOR(A) 0-0:09 Feb 15:00 | GW27:STK(H) 1-0:23 Feb 12:45 | GW28:SUN(A) 2-2:02 Mar 15:00 | GW30:TOT(A) 1-0:17 Mar 15:00 | GW31:QPR(H) 3-2:01 Apr 20:00 | GW32:NEW(A) 0-1:07 Apr 15:00 | GW33:CHE(H) 0-3:17 Apr 20:00 | GW34:ARS(H) 0-1:20 Apr 15:00 | GW35:EVE(A) 0-1:27 Apr 15:00 | GW36:RDG(H) 2-4:04 May 15:00 | GW37:LIV(H) 1-3:12 May 15:00 | GW38:SWA(A) 3-0:19 May 16:00
5750,Nicky Shorey,2311,Nicky Shorey,417,EXACT,West Brom,2,27 33,90,-2221,0,0,0,0,0,0,GW27:CHE(H) 1-0:03 March 15:00 | GW33:MCI(A) 0-4:11 April 19:45
51507,Laurent Koscielny,2617,Laurent Koscielny,4,EXACT,Arsenal,12,1 2 3 4 5 6 7 8 9 10 20 30,367,-2250,0,1,1,19,1,0,GW1:SUN(H) 0-0:18 Aug 15:00 | GW2:STK(A) 0-0:26 Aug 13:30 | GW3:LIV(A) 2-0:02 Sep 13:30 | GW4:SOU(H) 6-1:15 Sep 15:00 | GW5:MCI(A) 1-1:23 Sep 16:00 | GW6:CHE(H) 1-2:29 Sep 12:45 | GW7:WHU(A) 3-1:06 Oct 17:30 | GW8:NOR(A) 0-1:20 Oct 17:30 | GW9:QPR(H) 1-0:27 Oct 15:00 | GW10:MUN(A) 1-2:03 Nov 12:45 | GW20:NEW(H) 7-3:29 Dec 17:30 | GW30:SWA(A) 2-0:16 Mar 15:00
59949,Séamus Coleman,2259,Seamus Coleman,128,EXACT,Everton,1,29,0,-2259,0,0,0,0,0,0,GW29:ARS(H) 0-1:21 March 20:00
17349,Aaron Lennon,2365,Aaron Lennon,397,EXACT,Tottenham,1,2,90,-2275,0,0,0,2,0,0,GW2:MUN(A) 0-3:22 Aug. 20:00
19948,Stuart Holden,2296,Stuart Holden,80,EXACT,Bolton,2,3 17,0,-2296,0,0,0,0,0,0,GW3:LIV(A) 1-3:27 Aug. 17:30 | GW17:BLA(A) 2-1:20 Dec. 20:00
40616,Stephen Ward,2395,Stephen Ward,457,EXACT,Wolves,1,33,90,-2305,0,0,0,1,0,0,GW33:ARS(H) 0-3:11 April 19:45
8758,Mikel Arteta,2410,Mikel Arteta,127,EXACT,Arsenal,1,29,90,-2320,0,0,1,4,1,0,GW29:EVE(A) 1-0:21 March 20:00
43035,Antolin Alcaraz,3029,Antolin Alcaraz,511,EXACT,Wigan,37,1 2 3 4 5 6 7 8 9 10 11 12 13 14 15 16 17 18 19 20 21 22 23 24 25 26 27 28 30 31 32 33 34 35 36 37 38,692,-2337,0,0,0,20,2,2,GW1:CHE(H) 0-2:19 Aug 13:30 | GW2:SOU(A) 2-0:25 Aug 15:00 | GW3:STK(H) 2-2:01 Sep 15:00 | GW4:MUN(A) 0-4:15 Sep 15:00 | GW5:FUL(H) 1-2:22 Sep 15:00 | GW6:SUN(A) 0-1:29 Sep 15:00 | GW7:EVE(H) 2-2:06 Oct 15:00 | GW8:SWA(A) 1-2:20 Oct 15:00 | GW9:WHU(H) 2-1:27 Oct 15:00 | GW10:TOT(A) 1-0:03 Nov 15:00 | GW11:WBA(H) 1-2:10 Nov 15:00 | GW12:LIV(A) 0-3:17 Nov 15:00 | GW13:RDG(H) 3-2:24 Nov 15:00 | GW14:MCI(H) 0-2:28 Nov 20:00 | GW15:NEW(A) 0-3:03 Dec 20:00 | GW16:QPR(H) 2-2:08 Dec 15:00 | GW17:NOR(A) 1-2:15 Dec 15:00 | GW18:ARS(H) 0-1:22 Dec 12:45 | GW19:EVE(A) 1-2:26 Dec 15:00 | GW20:AVL(A) 3-0:29 Dec 15:00 | GW21:MUN(H) 0-4:01 Jan 15:00 | GW22:FUL(A) 1-1:12 Jan 15:00 | GW23:SUN(H) 2-3:19 Jan 15:00 | GW24:STK(A) 2-2:29 Jan 19:45 | GW25:SOU(H) 2-2:02 Feb 15:00 | GW26:CHE(A) 1-4:09 Feb 15:00 | GW27:RDG(A) 3-0:23 Feb 15:00 | GW28:LIV(H) 0-4:02 Mar 17:30 | GW30:NEW(H) 2-1:17 Mar 16:00 | GW31:NOR(H) 1-0:30 Mar 15:00 | GW32:QPR(A) 1-1:07 Apr 16:10 | GW33:MCI(A) 0-1:17 Apr 19:45 | GW34:WHU(A) 0-2:20 Apr 15:00 | GW35:TOT(H) 2-2:27 Apr 15:00 | GW36:SWA(H) 2-3:07 May 19:45 | GW37:ARS(A) 1-4:14 May 19:45 | GW38:AVL(H) 2-2:19 May 16:00
10561,Karl Henry,2427,Karl Henry,474,EXACT,Wolves,1,33,90,-2337,0,0,0,2,0,0,GW33:ARS(H) 0-3:11 April 19:45
6254,William Gallas,2339,William Gallas,390,EXACT,Tottenham,1,2,0,-2339,0,0,0,0,0,0,GW2:MUN(A) 0-3:22 Aug. 20:00
40349,Asmir Begovic,2520,Asmir Begovic,309,EXACT,Stoke City,2,2 3,180,-2340,0,0,0,10,1,0,GW2:NOR(A) 1-1:21 Aug. 13:30 | GW3:WBA(A) 1-0:28 Aug. 15:00
36903,Gareth Bale,2451,Gareth Bale,398,EXACT,Tottenham,1,2,90,-2361,0,0,0,2,0,0,GW2:MUN(A) 0-3:22 Aug. 20:00
15498,Steve Gohouri,2361,Steve Gohouri,440,EXACT,Wigan,1,33,0,-2361,0,0,0,0,0,0,GW33:MUN(H) 1-0:11 April 19:45
3897,Nicolas Anelka,2362,Nicolas Anelka,111,EXACT,Chelsea,1,29,0,-2362,0,0,0,0,0,0,GW29:MCI(A) 1-2:21 March 19:45
2570,Matthew Etherington,2529,Matthew Etherington,324,EXACT,Stoke City,2,2 3,156,-2373,0,0,2,7,1,0,GW2:NOR(A) 1-1:21 Aug. 13:30 | GW3:WBA(A) 1-0:28 Aug. 15:00
15968,Chris Baird,2386,Chris Baird,143,EXACT,Fulham,1,29,0,-2386,0,0,0,0,0,0,GW29:SWA(H) 0-3:17 March 15:00
1809,Jamie Carragher,2489,Jamie Carragher,164,EXACT,Liverpool,1,27,90,-2399,0,0,0,1,0,0,GW27:ARS(H) 1-2:03 March 12:45
18832,Richard Stearman,2498,Richard Stearman,459,EXACT,Wolves,1,33,90,-2408,0,0,0,1,0,0,GW33:ARS(H) 0-3:11 April 19:45
7631,David Vaughan,3150,David Vaughan,397,EXACT,Sunderland,37,1 3 4 5 6 7 8 9 10 11 12 13 14 15 16 17 18 19 20 21 22 23 24 25 26 27 28 29 30 31 32 33 34 35 36 37 38,737,-2413,0,1,0,31,2,1,GW1:ARS(A) 0-0:18 Aug 15:00 | GW3:SWA(A) 2-2:01 Sep 15:00 | GW4:LIV(H) 1-1:15 Sep 17:30 | GW5:WHU(A) 1-1:22 Sep 15:00 | GW6:WIG(H) 1-0:29 Sep 15:00 | GW7:MCI(A) 0-3:06 Oct 12:45 | GW8:NEW(H) 1-1:21 Oct 13:30 | GW9:STK(A) 0-0:27 Oct 15:00 | GW10:AVL(H) 0-1:03 Nov 15:00 | GW11:EVE(A) 1-2:10 Nov 15:00 | GW12:FUL(A) 3-1:18 Nov 16:00 | GW13:WBA(H) 2-4:24 Nov 12:45 | GW14:QPR(H) 0-0:27 Nov 19:45 | GW15:NOR(A) 1-2:02 Dec 16:00 | GW16:RDG(H) 3-0:11 Dec 19:45 | GW17:MUN(A) 1-3:15 Dec 15:00 | GW18:SOU(A) 1-0:22 Dec 15:00 | GW19:MCI(H) 1-0:26 Dec 15:00 | GW20:TOT(H) 1-2:29 Dec 12:45 | GW21:LIV(A) 0-3:02 Jan 19:45 | GW22:WHU(H) 3-0:12 Jan 15:00 | GW23:WIG(A) 3-2:19 Jan 15:00 | GW24:SWA(H) 0-0:29 Jan 19:45 | GW25:RDG(A) 1-2:02 Feb 15:00 | GW26:ARS(H) 0-1:09 Feb 15:00 | GW27:WBA(A) 1-2:23 Feb 15:00 | GW28:FUL(H) 2-2:02 Mar 15:00 | GW29:QPR(A) 1-3:09 Mar 15:00 | GW30:NOR(H) 1-1:17 Mar 13:30 | GW31:MUN(H) 0-1:30 Mar 12:45 | GW32:CHE(A) 1-2:07 Apr 15:00 | GW33:NEW(A) 3-0:14 Apr 12:00 | GW34:EVE(H) 1-0:20 Apr 15:00 | GW35:AVL(A) 1-6:29 Apr 20:00 | GW36:STK(H) 1-1:06 May 20:00 | GW37:SOU(H) 1-1:12 May 15:00 | GW38:TOT(A) 0-1:19 May 16:00
54102,Jack Wilshere,2650,Jack Wilshere,13,EXACT,Arsenal,12,1 2 3 4 5 6 7 8 9 10 20 30,224,-2426,2,0,0,10,1,0,GW1:SUN(H) 0-0:18 Aug 15:00 | GW2:STK(A) 0-0:26 Aug 13:30 | GW3:LIV(A) 2-0:02 Sep 13:30 | GW4:SOU(H) 6-1:15 Sep 15:00 | GW5:MCI(A) 1-1:23 Sep 16:00 | GW6:CHE(H) 1-2:29 Sep 12:45 | GW7:WHU(A) 3-1:06 Oct 17:30 | GW8:NOR(A) 0-1:20 Oct 17:30 | GW9:QPR(H) 1-0:27 Oct 15:00 | GW10:MUN(A) 1-2:03 Nov 12:45 | GW20:NEW(H) 7-3:29 Dec 17:30 | GW30:SWA(A) 2-0:16 Mar 15:00
37339,Ahmed El Mohamady,2453,Ahmed Elmohamady,394,FUZZY_STRICT,Sunderland,37,1 3 4 5 6 7 8 9 10 11 12 13 14 15 16 17 18 19 20 21 22 23 24 25 26 27 28 29 30 31 32 33 34 35 36 37 38,24,-2429,0,0,0,2,0,0,GW1:ARS(A) 0-0:18 Aug 15:00 | GW3:SWA(A) 2-2:01 Sep 15:00 | GW4:LIV(H) 1-1:15 Sep 17:30 | GW5:WHU(A) 1-1:22 Sep 15:00 | GW6:WIG(H) 1-0:29 Sep 15:00 | GW7:MCI(A) 0-3:06 Oct 12:45 | GW8:NEW(H) 1-1:21 Oct 13:30 | GW9:STK(A) 0-0:27 Oct 15:00 | GW10:AVL(H) 0-1:03 Nov 15:00 | GW11:EVE(A) 1-2:10 Nov 15:00 | GW12:FUL(A) 3-1:18 Nov 16:00 | GW13:WBA(H) 2-4:24 Nov 12:45 | GW14:QPR(H) 0-0:27 Nov 19:45 | GW15:NOR(A) 1-2:02 Dec 16:00 | GW16:RDG(H) 3-0:11 Dec 19:45 | GW17:MUN(A) 1-3:15 Dec 15:00 | GW18:SOU(A) 1-0:22 Dec 15:00 | GW19:MCI(H) 1-0:26 Dec 15:00 | GW20:TOT(H) 1-2:29 Dec 12:45 | GW21:LIV(A) 0-3:02 Jan 19:45 | GW22:WHU(H) 3-0:12 Jan 15:00 | GW23:WIG(A) 3-2:19 Jan 15:00 | GW24:SWA(H) 0-0:29 Jan 19:45 | GW25:RDG(A) 1-2:02 Feb 15:00 | GW26:ARS(H) 0-1:09 Feb 15:00 | GW27:WBA(A) 1-2:23 Feb 15:00 | GW28:FUL(H) 2-2:02 Mar 15:00 | GW29:QPR(A) 1-3:09 Mar 15:00 | GW30:NOR(H) 1-1:17 Mar 13:30 | GW31:MUN(H) 0-1:30 Mar 12:45 | GW32:CHE(A) 1-2:07 Apr 15:00 | GW33:NEW(A) 3-0:14 Apr 12:00 | GW34:EVE(H) 1-0:20 Apr 15:00 | GW35:AVL(A) 1-6:29 Apr 20:00 | GW36:STK(H) 1-1:06 May 20:00 | GW37:SOU(H) 1-1:12 May 15:00 | GW38:TOT(A) 0-1:19 May 16:00
1803,Brad Friedel,3420,Brad Friedel,433,EXACT,Tottenham,37,1 2 3 4 5 6 7 8 9 10 11 12 13 14 15 16 17 18 19 20 21 22 23 24 25 26 27 28 29 30 31 32 34 35 36 37 38,990,-2430,0,0,0,23,0,0,GW1:NEW(A) 1-2:18 Aug 17:30 | GW2:WBA(H) 1-1:25 Aug 15:00 | GW3:NOR(H) 1-1:01 Sep 15:00 | GW4:RDG(A) 3-1:16 Sep 16:00 | GW5:QPR(H) 2-1:23 Sep 16:00 | GW6:MUN(A) 3-2:29 Sep 17:30 | GW7:AVL(H) 2-0:07 Oct 15:00 | GW8:CHE(H) 2-4:20 Oct 12:45 | GW9:SOU(A) 2-1:28 Oct 15:00 | GW10:WIG(H) 0-1:03 Nov 15:00 | GW11:MCI(A) 1-2:11 Nov 13:30 | GW12:ARS(A) 2-5:17 Nov 12:45 | GW13:WHU(H) 3-1:25 Nov 16:00 | GW14:LIV(H) 2-1:28 Nov 19:45 | GW15:FUL(A) 3-0:01 Dec 15:00 | GW16:EVE(A) 1-2:09 Dec 15:00 | GW17:SWA(H) 1-0:16 Dec 13:30 | GW18:STK(H) 0-0:22 Dec 15:00 | GW19:AVL(A) 4-0:26 Dec 17:30 | GW20:SUN(A) 2-1:29 Dec 12:45 | GW21:RDG(H) 3-1:01 Jan 15:00 | GW22:QPR(A) 0-0:12 Jan 12:45 | GW23:MUN(H) 1-1:20 Jan 16:00 | GW24:NOR(A) 1-1:30 Jan 19:45 | GW25:WBA(A) 1-0:03 Feb 13:30 | GW26:NEW(H) 2-1:09 Feb 12:45 | GW27:WHU(A) 3-2:25 Feb 20:00 | GW28:ARS(H) 2-1:03 Mar 16:00 | GW29:LIV(A) 2-3:10 Mar 16:00 | GW30:FUL(H) 0-1:17 Mar 15:00 | GW31:SWA(A) 2-1:30 Mar 15:00 | GW32:EVE(H) 2-2:07 Apr 14:05 | GW34:MCI(H) 3-1:21 Apr 13:30 | GW35:WIG(A) 2-2:27 Apr 15:00 | GW36:CHE(A) 2-2:08 May 19:45 | GW37:STK(A) 2-1:12 May 13:30 | GW38:SUN(H) 1-0:19 May 16:00
19921,Raul Meireles,2544,Raul Meireles,81,EXACT,Chelsea,35,1 2 4 5 6 7 8 9 10 11 12 13 14 15 16 18 19 20 21 22 23 24 25 26 27 28 30 31 32 33 34 35 36 37 38,93,-2451,0,0,0,4,1,0,GW1:RDG(H) 4-2:22 Aug 19:45 | GW2:NEW(H) 2-0:25 Aug 17:30 | GW4:QPR(A) 0-0:15 Sep 15:00 | GW5:STK(H) 1-0:22 Sep 15:00 | GW6:ARS(A) 2-1:29 Sep 12:45 | GW7:NOR(H) 4-1:06 Oct 15:00 | GW8:TOT(A) 4-2:20 Oct 12:45 | GW9:MUN(H) 2-3:28 Oct 16:00 | GW10:SWA(A) 1-1:03 Nov 15:00 | GW11:LIV(H) 1-1:11 Nov 16:00 | GW12:WBA(A) 1-2:17 Nov 15:00 | GW13:MCI(H) 0-0:25 Nov 16:00 | GW14:FUL(H) 0-0:28 Nov 19:45 | GW15:WHU(A) 1-3:01 Dec 12:45 | GW16:SUN(A) 3-1:08 Dec 15:00 | GW18:AVL(H) 8-0:23 Dec 16:00 | GW19:NOR(A) 1-0:26 Dec 15:00 | GW20:EVE(A) 2-1:30 Dec 13:30 | GW21:QPR(H) 0-1:02 Jan 19:45 | GW22:SOU(H) 2-2:16 Jan 19:45 | GW23:ARS(H) 2-1:20 Jan 13:30 | GW24:RDG(A) 2-2:30 Jan 20:00 | GW25:NEW(A) 2-3:02 Feb 15:00 | GW26:WIG(H) 4-1:09 Feb 15:00 | GW27:MCI(A) 0-2:24 Feb 13:30 | GW28:WBA(H) 1-0:02 Mar 15:00 | GW30:WHU(H) 2-0:17 Mar 16:00 | GW31:SOU(A) 1-2:30 Mar 15:00 | GW32:SUN(H) 2-1:07 Apr 15:00 | GW33:FUL(A) 3-0:17 Apr 20:00 | GW34:LIV(A) 2-2:21 Apr 16:00 | GW35:SWA(H) 2-0:28 Apr 15:00 | GW36:TOT(H) 2-2:08 May 19:45 | GW37:AVL(A) 2-1:11 May 12:45 | GW38:EVE(H) 2-1:19 May 16:00
37339,Ahmed El Mohamady,2453,Ahmed Elmohamady,349,FUZZY_STRICT,Sunderland,1,17,0,-2453,0,0,0,0,0,0,GW17:QPR(A) 3-2:21 Dec. 20:00
28146,Benoit Assou-Ekotto,2571,Benoit Assou-Ekotto,388,EXACT,Tottenham,1,2,90,-2481,0,0,0,1,0,0,GW2:MUN(A) 0-3:22 Aug. 20:00
20664,David Silva,2563,David Silva,194,EXACT,Man City,1,33,80,-2483,0,1,2,10,1,0,GW33:WBA(H) 4-0:11 April 19:45
19921,Raul Meireles,2544,Raul Meireles,171,EXACT,Chelsea,1,29,57,-2487,0,0,0,1,0,0,GW29:MCI(A) 1-2:21 March 19:45
18737,Charles N'Zogbia,2796,Charles N'Zogbia,51,EXACT,Aston Villa,12,1 2 3 4 5 6 7 8 9 10 20 30,301,-2495,0,0,0,10,0,0,GW1:WHU(A) 0-1:18 Aug 15:00 | GW2:EVE(H) 1-3:25 Aug 15:00 | GW3:NEW(A) 1-1:02 Sep 16:00 | GW4:SWA(H) 2-0:15 Sep 15:00 | GW5:SOU(A) 1-4:22 Sep 15:00 | GW6:WBA(H) 1-1:30 Sep 16:00 | GW7:TOT(A) 0-2:07 Oct 15:00 | GW8:FUL(A) 0-1:20 Oct 15:00 | GW9:NOR(H) 1-1:27 Oct 12:45 | GW10:SUN(A) 1-0:03 Nov 15:00 | GW20:WIG(H) 0-3:29 Dec 15:00 | GW30:QPR(H) 3-2:16 Mar 15:00
20312,Carlos Tevez,2531,Carlos Tevez,201,EXACT,Man City,1,29,25,-2506,1,0,0,4,0,0,GW29:CHE(H) 2-1:21 March 19:45
27696,Fabrice Muamba,2597,Fabrice Muamba,82,EXACT,Bolton,1,17,90,-2507,0,0,0,2,0,0,GW17:BLA(A) 2-1:20 Dec. 20:00
37748,Bacary Sagna,2969,Bacary Sagna,7,EXACT,Arsenal,15,1 2 3 4 5 6 7 8 9 10 13 20 23 30 33,450,-2519,0,0,1,17,2,0,GW1:SUN(H) 0-0:18 Aug 15:00 | GW2:STK(A) 0-0:26 Aug 13:30 | GW3:LIV(A) 2-0:02 Sep 13:30 | GW4:SOU(H) 6-1:15 Sep 15:00 | GW5:MCI(A) 1-1:23 Sep 16:00 | GW6:CHE(H) 1-2:29 Sep 12:45 | GW7:WHU(A) 3-1:06 Oct 17:30 | GW8:NOR(A) 0-1:20 Oct 17:30 | GW9:QPR(H) 1-0:27 Oct 15:00 | GW10:MUN(A) 1-2:03 Nov 12:45 | GW13:AVL(A) 0-0:24 Nov 17:30 | GW20:NEW(H) 7-3:29 Dec 17:30 | GW23:WHU(H) 5-1:23 Jan 19:45 | GW30:SWA(A) 2-0:16 Mar 15:00 | GW33:EVE(H) 0-0:16 Apr 19:45
15076,Nigel de Jong,2609,Nigel De Jong,185,EXACT,Man City,37,1 2 3 4 5 6 7 8 9 10 11 12 13 14 15 16 17 18 19 20 21 22 23 24 25 26 27 28 30 31 32 33 34 35 36 37 38,90,-2519,0,0,0,2,0,0,GW1:SOU(H) 3-2:19 Aug 16:00 | GW2:LIV(A) 2-2:26 Aug 16:00 | GW3:QPR(H) 3-1:01 Sep 17:30 | GW4:STK(A) 1-1:15 Sep 15:00 | GW5:ARS(H) 1-1:23 Sep 16:00 | GW6:FUL(A) 2-1:29 Sep 15:00 | GW7:SUN(H) 3-0:06 Oct 12:45 | GW8:WBA(A) 2-1:20 Oct 15:00 | GW9:SWA(H) 1-0:27 Oct 17:30 | GW10:WHU(A) 0-0:03 Nov 17:30 | GW11:TOT(H) 2-1:11 Nov 13:30 | GW12:AVL(H) 5-0:17 Nov 15:00 | GW13:CHE(A) 0-0:25 Nov 16:00 | GW14:WIG(A) 2-0:28 Nov 20:00 | GW15:EVE(H) 1-1:01 Dec 15:00 | GW16:MUN(H) 2-3:09 Dec 13:30 | GW17:NEW(A) 3-1:15 Dec 12:45 | GW18:RDG(H) 1-0:22 Dec 15:00 | GW19:SUN(A) 0-1:26 Dec 15:00 | GW20:NOR(A) 4-3:29 Dec 15:00 | GW21:STK(H) 3-0:01 Jan 15:00 | GW22:ARS(A) 2-0:13 Jan 16:00 | GW23:FUL(H) 2-0:19 Jan 15:00 | GW24:QPR(A) 0-0:29 Jan 19:45 | GW25:LIV(H) 2-2:03 Feb 16:00 | GW26:SOU(A) 1-3:09 Feb 17:30 | GW27:CHE(H) 2-0:24 Feb 13:30 | GW28:AVL(A) 1-0:04 Mar 20:00 | GW30:EVE(A) 0-2:16 Mar 12:45 | GW31:NEW(H) 4-0:30 Mar 15:00 | GW32:MUN(A) 2-1:08 Apr 20:00 | GW33:WIG(H) 1-0:17 Apr 19:45 | GW34:TOT(A) 1-3:21 Apr 13:30 | GW35:WHU(H) 2-1:27 Apr 12:45 | GW36:WBA(H) 1-0:07 May 19:45 | GW37:RDG(A) 2-0:14 May 20:00 | GW38:NOR(H) 2-3:19 May 16:00
12765,Jerome Thomas,2587,Jerome Thomas,426,EXACT,West Brom,2,27 33,63,-2524,0,0,0,3,1,0,GW27:CHE(H) 1-0:03 March 15:00 | GW33:MCI(A) 0-4:11 April 19:45
15076,Nigel de Jong,2609,Nigel De Jong,196,EXACT,Man City,1,29,65,-2544,0,0,0,2,0,0,GW29:CHE(H) 2-1:21 March 19:45
10738,Darren Bent,3149,Darren Bent,58,EXACT,Aston Villa,18,1 2 3 4 5 6 7 8 9 10 11 12 20 21 22 30 31 32,600,-2549,1,2,0,27,2,0,GW1:WHU(A) 0-1:18 Aug 15:00 | GW2:EVE(H) 1-3:25 Aug 15:00 | GW3:NEW(A) 1-1:02 Sep 16:00 | GW4:SWA(H) 2-0:15 Sep 15:00 | GW5:SOU(A) 1-4:22 Sep 15:00 | GW6:WBA(H) 1-1:30 Sep 16:00 | GW7:TOT(A) 0-2:07 Oct 15:00 | GW8:FUL(A) 0-1:20 Oct 15:00 | GW9:NOR(H) 1-1:27 Oct 12:45 | GW10:SUN(A) 1-0:03 Nov 15:00 | GW11:MUN(H) 2-3:10 Nov 17:30 | GW12:MCI(A) 0-5:17 Nov 15:00 | GW20:WIG(H) 0-3:29 Dec 15:00 | GW21:SWA(A) 2-2:01 Jan 15:00 | GW22:SOU(H) 0-1:12 Jan 15:00 | GW30:QPR(H) 3-2:16 Mar 15:00 | GW31:LIV(H) 1-2:31 Mar 13:30 | GW32:STK(A) 3-1:06 Apr 15:00
14402,Fernando Torres,2658,Fernando Torres,109,EXACT,Chelsea,1,29,72,-2586,0,0,0,2,1,0,GW29:MCI(A) 1-2:21 March 19:45
26900,Peter Odemwingie,2682,Peter Odemwingie,430,EXACT,West Brom,2,27 33,90,-2592,0,0,0,2,1,0,GW27:CHE(H) 1-0:03 March 15:00 | GW33:MCI(A) 0-4:11 April 19:45
19645,DJ Campbell,2628,DJ Campbell,504,EXACT,QPR,2,19 29,27,-2601,0,0,0,1,0,0,GW19:ARS(A) 0-1:31 Dec. 15:00 | GW29:LIV(H) 3-2:21 March 20:00
18215,Kenwyne Jones,2794,Kenwyne Jones,329,EXACT,Stoke City,2,2 3,180,-2614,0,1,3,11,1,0,GW2:NOR(A) 1-1:21 Aug. 13:30 | GW3:WBA(A) 1-0:28 Aug. 15:00
28147,Mohamed Diamé,2639,Mohamed Diame,450,EXACT,Wigan,1,33,21,-2618,0,0,0,1,0,0,GW33:MUN(H) 1-0:11 April 19:45
19645,DJ Campbell,2628,DJ Campbell,304,EXACT,QPR,38,1 2 3 4 5 6 7 8 9 10 11 12 13 14 15 16 17 18 19 20 21 22 23 24 25 26 27 28 29 30 31 32 33 34 35 36 37 38,0,-2628,0,0,0,0,0,0,GW1:SWA(H) 0-5:18 Aug 15:00 | GW2:NOR(A) 1-1:25 Aug 15:00 | GW3:MCI(A) 1-3:01 Sep 17:30 | GW4:CHE(H) 0-0:15 Sep 15:00 | GW5:TOT(A) 1-2:23 Sep 16:00 | GW6:WHU(H) 1-2:01 Oct 20:00 | GW7:WBA(A) 2-3:06 Oct 15:00 | GW8:EVE(H) 1-1:21 Oct 16:00 | GW9:ARS(A) 0-1:27 Oct 15:00 | GW10:RDG(H) 1-1:04 Nov 13:30 | GW11:STK(A) 0-1:10 Nov 15:00 | GW12:SOU(H) 1-3:17 Nov 15:00 | GW13:MUN(A) 1-3:24 Nov 15:00 | GW14:SUN(A) 0-0:27 Nov 19:45 | GW15:AVL(H) 1-1:01 Dec 15:00 | GW16:WIG(A) 2-2:08 Dec 15:00 | GW17:FUL(H) 2-1:15 Dec 15:00 | GW18:NEW(A) 0-1:22 Dec 15:00 | GW19:WBA(H) 1-2:26 Dec 15:00 | GW20:LIV(H) 0-3:30 Dec 16:00 | GW21:CHE(A) 1-0:02 Jan 19:45 | GW22:TOT(H) 0-0:12 Jan 12:45 | GW23:WHU(A) 1-1:19 Jan 15:00 | GW24:MCI(H) 0-0:29 Jan 19:45 | GW25:NOR(H) 0-0:02 Feb 12:45 | GW26:SWA(A) 1-4:09 Feb 15:00 | GW27:MUN(H) 0-2:23 Feb 15:00 | GW28:SOU(A) 2-1:02 Mar 15:00 | GW29:SUN(H) 3-1:09 Mar 15:00 | GW30:AVL(A) 2-3:16 Mar 15:00 | GW31:FUL(A) 2-3:01 Apr 20:00 | GW32:WIG(H) 1-1:07 Apr 16:10 | GW33:EVE(A) 0-2:13 Apr 15:00 | GW34:STK(H) 0-2:20 Apr 15:00 | GW35:RDG(A) 0-0:28 Apr 13:30 | GW36:ARS(H) 0-1:04 May 17:30 | GW37:NEW(H) 1-2:12 May 15:00 | GW38:LIV(A) 0-1:19 May 16:00
48717,Winston Reid,402,Winston Reid,492,EXACT,West Ham,36,1 2 3 4 5 6 7 8 9 10 11 12 13 14 15 16 17 18 20 21 22 23 24 25 26 27 28 30 31 32 33 34 35 36 37 38,3053,2651,1,1,8,101,10,8,GW1:AVL(H) 1-0:18 Aug 15:00 | GW2:SWA(A) 0-3:25 Aug 12:45 | GW3:FUL(H) 3-0:01 Sep 12:45 | GW4:NOR(A) 0-0:15 Sep 12:45 | GW5:SUN(H) 1-1:22 Sep 15:00 | GW6:QPR(A) 2-1:01 Oct 20:00 | GW7:ARS(H) 1-3:06 Oct 17:30 | GW8:SOU(H) 4-1:20 Oct 15:00 | GW9:WIG(A) 1-2:27 Oct 15:00 | GW10:MCI(H) 0-0:03 Nov 17:30 | GW11:NEW(A) 1-0:11 Nov 15:00 | GW12:STK(H) 1-1:19 Nov 20:00 | GW13:TOT(A) 1-3:25 Nov 16:00 | GW14:MUN(A) 0-1:28 Nov 20:00 | GW15:CHE(H) 3-1:01 Dec 12:45 | GW16:LIV(H) 2-3:09 Dec 16:00 | GW17:WBA(A) 0-0:16 Dec 16:00 | GW18:EVE(H) 1-2:22 Dec 15:00 | GW20:RDG(A) 0-1:29 Dec 15:00 | GW21:NOR(H) 2-1:01 Jan 15:00 | GW22:SUN(A) 0-3:12 Jan 15:00 | GW23:ARS(A) 1-5:23 Jan 19:45 | GW24:FUL(A) 1-3:30 Jan 20:00 | GW25:SWA(H) 1-0:02 Feb 15:00 | GW26:AVL(A) 1-2:10 Feb 13:30 | GW27:TOT(H) 2-3:25 Feb 20:00 | GW28:STK(A) 1-0:02 Mar 15:00 | GW30:CHE(A) 0-2:17 Mar 16:00 | GW31:WBA(H) 3-1:30 Mar 15:00 | GW32:LIV(A) 0-0:07 Apr 13:30 | GW33:MUN(H) 2-2:17 Apr 19:45 | GW34:WIG(H) 2-0:20 Apr 15:00 | GW35:MCI(A) 1-2:27 Apr 12:45 | GW36:NEW(H) 0-0:04 May 15:00 | GW37:EVE(A) 0-2:12 May 15:00 | GW38:RDG(H) 4-2:19 May 16:00
16210,Paul Scharner,2750,Paul Scharner,421,EXACT,West Brom,2,27 33,90,-2660,0,0,0,2,0,0,GW27:CHE(H) 1-0:03 March 15:00 | GW33:MCI(A) 0-4:11 April 19:45
1632,Gareth Barry,2705,Gareth Barry,198,EXACT,Man City,1,29,45,-2660,0,0,0,1,0,0,GW29:CHE(H) 2-1:21 March 19:45
1821,Phil Neville,2665,Phil Neville,125,EXACT,Everton,1,29,0,-2665,0,0,0,0,0,0,GW29:ARS(H) 0-1:21 March 20:00
1827,Mark Schwarzer,2790,Mark Schwarzer,136,EXACT,Fulham,1,29,90,-2700,0,0,0,1,0,0,GW29:SWA(H) 0-3:17 March 15:00
18656,Heurelho Gomes,2700,Heurelho Gomes,380,EXACT,Tottenham,1,2,0,-2700,0,0,0,0,0,0,GW2:MUN(A) 0-3:22 Aug. 20:00
18656,Heurelho Gomes,2700,Heurelho Gomes,431,EXACT,Tottenham,37,1 2 3 4 5 6 7 8 9 10 11 12 13 14 15 16 17 18 19 20 21 22 23 24 25 26 27 28 29 30 31 32 34 35 36 37 38,0,-2700,0,0,0,0,0,0,GW1:NEW(A) 1-2:18 Aug 17:30 | GW2:WBA(H) 1-1:25 Aug 15:00 | GW3:NOR(H) 1-1:01 Sep 15:00 | GW4:RDG(A) 3-1:16 Sep 16:00 | GW5:QPR(H) 2-1:23 Sep 16:00 | GW6:MUN(A) 3-2:29 Sep 17:30 | GW7:AVL(H) 2-0:07 Oct 15:00 | GW8:CHE(H) 2-4:20 Oct 12:45 | GW9:SOU(A) 2-1:28 Oct 15:00 | GW10:WIG(H) 0-1:03 Nov 15:00 | GW11:MCI(A) 1-2:11 Nov 13:30 | GW12:ARS(A) 2-5:17 Nov 12:45 | GW13:WHU(H) 3-1:25 Nov 16:00 | GW14:LIV(H) 2-1:28 Nov 19:45 | GW15:FUL(A) 3-0:01 Dec 15:00 | GW16:EVE(A) 1-2:09 Dec 15:00 | GW17:SWA(H) 1-0:16 Dec 13:30 | GW18:STK(H) 0-0:22 Dec 15:00 | GW19:AVL(A) 4-0:26 Dec 17:30 | GW20:SUN(A) 2-1:29 Dec 12:45 | GW21:RDG(H) 3-1:01 Jan 15:00 | GW22:QPR(A) 0-0:12 Jan 12:45 | GW23:MUN(H) 1-1:20 Jan 16:00 | GW24:NOR(A) 1-1:30 Jan 19:45 | GW25:WBA(A) 1-0:03 Feb 13:30 | GW26:NEW(H) 2-1:09 Feb 12:45 | GW27:WHU(A) 3-2:25 Feb 20:00 | GW28:ARS(H) 2-1:03 Mar 16:00 | GW29:LIV(A) 2-3:10 Mar 16:00 | GW30:FUL(H) 0-1:17 Mar 15:00 | GW31:SWA(A) 2-1:30 Mar 15:00 | GW32:EVE(H) 2-2:07 Apr 14:05 | GW34:MCI(H) 3-1:21 Apr 13:30 | GW35:WIG(A) 2-2:27 Apr 15:00 | GW36:CHE(A) 2-2:08 May 19:45 | GW37:STK(A) 2-1:12 May 13:30 | GW38:SUN(H) 1-0:19 May 16:00
39895,Youssouf Mulumbu,2861,Youssouf Mulumbu,428,EXACT,West Brom,2,27 33,157,-2704,0,0,0,5,1,0,GW27:CHE(H) 1-0:03 March 15:00 | GW33:MCI(A) 0-4:11 April 19:45
19008,Christophe Berra,2790,Christophe Berra,463,EXACT,Wolves,1,33,81,-2709,0,0,0,1,0,0,GW33:ARS(H) 0-3:11 April 19:45
5589,Dean Whitehead,2897,Dean Whitehead,318,EXACT,Stoke City,2,2 3,180,-2717,0,0,0,5,1,0,GW2:NOR(A) 1-1:21 Aug. 13:30 | GW3:WBA(A) 1-0:28 Aug. 15:00
1764,Richard Dunne,2719,Richard Dunne,36,EXACT,Aston Villa,12,1 2 3 4 5 6 7 8 9 10 20 30,0,-2719,0,0,0,0,0,0,GW1:WHU(A) 0-1:18 Aug 15:00 | GW2:EVE(H) 1-3:25 Aug 15:00 | GW3:NEW(A) 1-1:02 Sep 16:00 | GW4:SWA(H) 2-0:15 Sep 15:00 | GW5:SOU(A) 1-4:22 Sep 15:00 | GW6:WBA(H) 1-1:30 Sep 16:00 | GW7:TOT(A) 0-2:07 Oct 15:00 | GW8:FUL(A) 0-1:20 Oct 15:00 | GW9:NOR(H) 1-1:27 Oct 12:45 | GW10:SUN(A) 1-0:03 Nov 15:00 | GW20:WIG(H) 0-3:29 Dec 15:00 | GW30:QPR(H) 3-2:16 Mar 15:00
34285,Maynor Figueroa,2812,Maynor Figueroa,438,EXACT,Wigan,1,33,90,-2722,0,0,0,6,1,0,GW33:MUN(H) 1-0:11 April 19:45
14947,Kevin Foley,2728,Kevin Foley,461,EXACT,Wolves,1,33,0,-2728,0,0,0,0,0,0,GW33:ARS(H) 0-3:11 April 19:45
4719,Dirk Kuyt,2821,Dirk Kuyt,176,EXACT,Liverpool,1,29,90,-2731,0,1,0,7,0,0,GW29:QPR(A) 2-3:21 March 20:00
19057,Sebastian Larsson,2833,Sebastian Larsson,350,EXACT,Sunderland,1,17,74,-2759,0,0,0,2,0,0,GW17:QPR(A) 3-2:21 Dec. 20:00
8442,Michael Essien,2801,Michael Essien,104,EXACT,Chelsea,1,29,33,-2768,0,0,0,1,0,0,GW29:MCI(A) 1-2:21 March 19:45
12303,Didier Drogba,2793,Didier Drogba,110,EXACT,Chelsea,1,29,18,-2775,0,0,0,1,0,0,GW29:MCI(A) 1-2:21 March 19:45
18737,Charles N'Zogbia,2796,Charles N'Zogbia,447,EXACT,Aston Villa,1,33,17,-2779,0,0,0,1,0,0,GW33:STO(H) 1-1:09 April 17:30
7645,Phil Jagielka,2796,Phil Jagielka,116,EXACT,Everton,1,29,0,-2796,0,0,0,0,0,0,GW29:ARS(H) 0-1:21 March 20:00
37055,Luka Modric,2800,Luka Modric,396,EXACT,Tottenham,1,2,0,-2800,0,0,0,0,0,0,GW2:MUN(A) 0-3:22 Aug. 20:00
37055,Luka Modric,2800,Luka Modric,446,EXACT,Tottenham,37,1 2 3 4 5 6 7 8 9 10 11 12 13 14 15 16 17 18 19 20 21 22 23 24 25 26 27 28 29 30 31 32 34 35 36 37 38,0,-2800,0,0,0,0,0,0,GW1:NEW(A) 1-2:18 Aug 17:30 | GW2:WBA(H) 1-1:25 Aug 15:00 | GW3:NOR(H) 1-1:01 Sep 15:00 | GW4:RDG(A) 3-1:16 Sep 16:00 | GW5:QPR(H) 2-1:23 Sep 16:00 | GW6:MUN(A) 3-2:29 Sep 17:30 | GW7:AVL(H) 2-0:07 Oct 15:00 | GW8:CHE(H) 2-4:20 Oct 12:45 | GW9:SOU(A) 2-1:28 Oct 15:00 | GW10:WIG(H) 0-1:03 Nov 15:00 | GW11:MCI(A) 1-2:11 Nov 13:30 | GW12:ARS(A) 2-5:17 Nov 12:45 | GW13:WHU(H) 3-1:25 Nov 16:00 | GW14:LIV(H) 2-1:28 Nov 19:45 | GW15:FUL(A) 3-0:01 Dec 15:00 | GW16:EVE(A) 1-2:09 Dec 15:00 | GW17:SWA(H) 1-0:16 Dec 13:30 | GW18:STK(H) 0-0:22 Dec 15:00 | GW19:AVL(A) 4-0:26 Dec 17:30 | GW20:SUN(A) 2-1:29 Dec 12:45 | GW21:RDG(H) 3-1:01 Jan 15:00 | GW22:QPR(A) 0-0:12 Jan 12:45 | GW23:MUN(H) 1-1:20 Jan 16:00 | GW24:NOR(A) 1-1:30 Jan 19:45 | GW25:WBA(A) 1-0:03 Feb 13:30 | GW26:NEW(H) 2-1:09 Feb 12:45 | GW27:WHU(A) 3-2:25 Feb 20:00 | GW28:ARS(H) 2-1:03 Mar 16:00 | GW29:LIV(A) 2-3:10 Mar 16:00 | GW30:FUL(H) 0-1:17 Mar 15:00 | GW31:SWA(A) 2-1:30 Mar 15:00 | GW32:EVE(H) 2-2:07 Apr 14:05 | GW34:MCI(H) 3-1:21 Apr 13:30 | GW35:WIG(A) 2-2:27 Apr 15:00 | GW36:CHE(A) 2-2:08 May 19:45 | GW37:STK(A) 2-1:12 May 13:30 | GW38:SUN(H) 1-0:19 May 16:00
8442,Michael Essien,2801,Michael Essien,78,EXACT,Chelsea,35,1 2 4 5 6 7 8 9 10 11 12 13 14 15 16 18 19 20 21 22 23 24 25 26 27 28 30 31 32 33 34 35 36 37 38,0,-2801,0,0,0,0,0,0,GW1:RDG(H) 4-2:22 Aug 19:45 | GW2:NEW(H) 2-0:25 Aug 17:30 | GW4:QPR(A) 0-0:15 Sep 15:00 | GW5:STK(H) 1-0:22 Sep 15:00 | GW6:ARS(A) 2-1:29 Sep 12:45 | GW7:NOR(H) 4-1:06 Oct 15:00 | GW8:TOT(A) 4-2:20 Oct 12:45 | GW9:MUN(H) 2-3:28 Oct 16:00 | GW10:SWA(A) 1-1:03 Nov 15:00 | GW11:LIV(H) 1-1:11 Nov 16:00 | GW12:WBA(A) 1-2:17 Nov 15:00 | GW13:MCI(H) 0-0:25 Nov 16:00 | GW14:FUL(H) 0-0:28 Nov 19:45 | GW15:WHU(A) 1-3:01 Dec 12:45 | GW16:SUN(A) 3-1:08 Dec 15:00 | GW18:AVL(H) 8-0:23 Dec 16:00 | GW19:NOR(A) 1-0:26 Dec 15:00 | GW20:EVE(A) 2-1:30 Dec 13:30 | GW21:QPR(H) 0-1:02 Jan 19:45 | GW22:SOU(H) 2-2:16 Jan 19:45 | GW23:ARS(H) 2-1:20 Jan 13:30 | GW24:RDG(A) 2-2:30 Jan 20:00 | GW25:NEW(A) 2-3:02 Feb 15:00 | GW26:WIG(H) 4-1:09 Feb 15:00 | GW27:MCI(A) 0-2:24 Feb 13:30 | GW28:WBA(H) 1-0:02 Mar 15:00 | GW30:WHU(H) 2-0:17 Mar 16:00 | GW31:SOU(A) 1-2:30 Mar 15:00 | GW32:SUN(H) 2-1:07 Apr 15:00 | GW33:FUL(A) 3-0:17 Apr 20:00 | GW34:LIV(A) 2-2:21 Apr 16:00 | GW35:SWA(H) 2-0:28 Apr 15:00 | GW36:TOT(H) 2-2:08 May 19:45 | GW37:AVL(A) 2-1:11 May 12:45 | GW38:EVE(H) 2-1:19 May 16:00
41135,Branislav Ivanovic,2829,Branislav Ivanovic,95,EXACT,Chelsea,1,29,20,-2809,0,0,0,1,0,0,GW29:MCI(A) 1-2:21 March 19:45
10425,Florent Malouda,2810,Florent Malouda,106,EXACT,Chelsea,1,29,0,-2810,0,0,0,0,0,0,GW29:MCI(A) 1-2:21 March 19:45
10425,Florent Malouda,2810,Florent Malouda,79,EXACT,Chelsea,35,1 2 4 5 6 7 8 9 10 11 12 13 14 15 16 18 19 20 21 22 23 24 25 26 27 28 30 31 32 33 34 35 36 37 38,0,-2810,0,0,0,0,0,0,GW1:RDG(H) 4-2:22 Aug 19:45 | GW2:NEW(H) 2-0:25 Aug 17:30 | GW4:QPR(A) 0-0:15 Sep 15:00 | GW5:STK(H) 1-0:22 Sep 15:00 | GW6:ARS(A) 2-1:29 Sep 12:45 | GW7:NOR(H) 4-1:06 Oct 15:00 | GW8:TOT(A) 4-2:20 Oct 12:45 | GW9:MUN(H) 2-3:28 Oct 16:00 | GW10:SWA(A) 1-1:03 Nov 15:00 | GW11:LIV(H) 1-1:11 Nov 16:00 | GW12:WBA(A) 1-2:17 Nov 15:00 | GW13:MCI(H) 0-0:25 Nov 16:00 | GW14:FUL(H) 0-0:28 Nov 19:45 | GW15:WHU(A) 1-3:01 Dec 12:45 | GW16:SUN(A) 3-1:08 Dec 15:00 | GW18:AVL(H) 8-0:23 Dec 16:00 | GW19:NOR(A) 1-0:26 Dec 15:00 | GW20:EVE(A) 2-1:30 Dec 13:30 | GW21:QPR(H) 0-1:02 Jan 19:45 | GW22:SOU(H) 2-2:16 Jan 19:45 | GW23:ARS(H) 2-1:20 Jan 13:30 | GW24:RDG(A) 2-2:30 Jan 20:00 | GW25:NEW(A) 2-3:02 Feb 15:00 | GW26:WIG(H) 4-1:09 Feb 15:00 | GW27:MCI(A) 0-2:24 Feb 13:30 | GW28:WBA(H) 1-0:02 Mar 15:00 | GW30:WHU(H) 2-0:17 Mar 16:00 | GW31:SOU(A) 1-2:30 Mar 15:00 | GW32:SUN(H) 2-1:07 Apr 15:00 | GW33:FUL(A) 3-0:17 Apr 20:00 | GW34:LIV(A) 2-2:21 Apr 16:00 | GW35:SWA(H) 2-0:28 Apr 15:00 | GW36:TOT(H) 2-2:08 May 19:45 | GW37:AVL(A) 2-1:11 May 12:45 | GW38:EVE(H) 2-1:19 May 16:00
1587,Zat Knight,2998,Zat Knight,77,EXACT,Bolton,2,3 17,180,-2818,0,0,1,4,0,0,GW3:LIV(A) 1-3:27 Aug. 17:30 | GW17:BLA(A) 2-1:20 Dec. 20:00
15276,Joey Barton,2878,Joey Barton,290,EXACT,QPR,38,1 2 3 4 5 6 7 8 9 10 11 12 13 14 15 16 17 18 19 20 21 22 23 24 25 26 27 28 29 30 31 32 33 34 35 36 37 38,0,-2878,0,0,0,0,0,0,GW1:SWA(H) 0-5:18 Aug 15:00 | GW2:NOR(A) 1-1:25 Aug 15:00 | GW3:MCI(A) 1-3:01 Sep 17:30 | GW4:CHE(H) 0-0:15 Sep 15:00 | GW5:TOT(A) 1-2:23 Sep 16:00 | GW6:WHU(H) 1-2:01 Oct 20:00 | GW7:WBA(A) 2-3:06 Oct 15:00 | GW8:EVE(H) 1-1:21 Oct 16:00 | GW9:ARS(A) 0-1:27 Oct 15:00 | GW10:RDG(H) 1-1:04 Nov 13:30 | GW11:STK(A) 0-1:10 Nov 15:00 | GW12:SOU(H) 1-3:17 Nov 15:00 | GW13:MUN(A) 1-3:24 Nov 15:00 | GW14:SUN(A) 0-0:27 Nov 19:45 | GW15:AVL(H) 1-1:01 Dec 15:00 | GW16:WIG(A) 2-2:08 Dec 15:00 | GW17:FUL(H) 2-1:15 Dec 15:00 | GW18:NEW(A) 0-1:22 Dec 15:00 | GW19:WBA(H) 1-2:26 Dec 15:00 | GW20:LIV(H) 0-3:30 Dec 16:00 | GW21:CHE(A) 1-0:02 Jan 19:45 | GW22:TOT(H) 0-0:12 Jan 12:45 | GW23:WHU(A) 1-1:19 Jan 15:00 | GW24:MCI(H) 0-0:29 Jan 19:45 | GW25:NOR(H) 0-0:02 Feb 12:45 | GW26:SWA(A) 1-4:09 Feb 15:00 | GW27:MUN(H) 0-2:23 Feb 15:00 | GW28:SOU(A) 2-1:02 Mar 15:00 | GW29:SUN(H) 3-1:09 Mar 15:00 | GW30:AVL(A) 2-3:16 Mar 15:00 | GW31:FUL(A) 2-3:01 Apr 20:00 | GW32:WIG(H) 1-1:07 Apr 16:10 | GW33:EVE(A) 0-2:13 Apr 15:00 | GW34:STK(H) 0-2:20 Apr 15:00 | GW35:RDG(A) 0-0:28 Apr 13:30 | GW36:ARS(H) 0-1:04 May 17:30 | GW37:NEW(H) 1-2:12 May 15:00 | GW38:LIV(A) 0-1:19 May 16:00
17336,Gaël Clichy,2970,Gael Clichy,192,EXACT,Man City,1,29,90,-2880,0,0,0,2,0,0,GW29:CHE(H) 2-1:21 March 19:45
21060,Jonás Gutiérrez,2982,Jonas Gutierrez,249,EXACT,Newcastle,1,29,90,-2892,1,0,2,8,1,0,GW29:NOR(H) 1-0:18 March 16:00
14075,Patrice Evra,2961,Patrice Evra,213,EXACT,Man Utd,1,29,62,-2899,0,0,0,6,1,0,GW29:WOL(A) 5-0:18 March 13:30
1344,Jussi Jääskeläinen,3096,Jussi Jaaskelainen,69,EXACT,Bolton,2,3 17,180,-2916,0,0,0,4,0,0,GW3:LIV(A) 1-3:27 Aug. 17:30 | GW17:BLA(A) 2-1:20 Dec. 20:00
12413,Robert Huth,3111,Robert Huth,316,EXACT,Stoke City,2,2 3,180,-2931,0,0,0,8,1,0,GW2:NOR(A) 1-1:21 Aug. 13:30 | GW3:WBA(A) 1-0:28 Aug. 15:00
43035,Antolin Alcaraz,3029,Antolin Alcaraz,436,EXACT,Wigan,1,33,90,-2939,0,0,0,6,1,0,GW33:MUN(H) 1-0:11 April 19:45
19419,Gary Cahill,3214,Gary Cahill,76,EXACT,Chelsea,3,3 17 29,270,-2944,0,1,0,10,0,0,GW3:LIV(A) 1-3:27 Aug. 17:30 | GW17:BLA(A) 2-1:20 Dec. 20:00 | GW29:MCI(A) 1-2:21 March 19:45
1679,Rory Delap,2960,Rory Delap,370,EXACT,Stoke City,38,1 2 3 4 5 6 7 8 9 10 11 12 13 14 15 16 17 18 19 20 21 22 23 24 25 26 27 28 29 30 31 32 33 34 35 36 37 38,11,-2949,0,0,0,1,0,0,GW1:RDG(A) 1-1:18 Aug 15:00 | GW2:ARS(H) 0-0:26 Aug 13:30 | GW3:WIG(A) 2-2:01 Sep 15:00 | GW4:MCI(H) 1-1:15 Sep 15:00 | GW5:CHE(A) 0-1:22 Sep 15:00 | GW6:SWA(H) 2-0:29 Sep 15:00 | GW7:LIV(A) 0-0:07 Oct 15:00 | GW8:MUN(A) 2-4:20 Oct 15:00 | GW9:SUN(H) 0-0:27 Oct 15:00 | GW10:NOR(A) 0-1:03 Nov 15:00 | GW11:QPR(H) 1-0:10 Nov 15:00 | GW12:WHU(A) 1-1:19 Nov 20:00 | GW13:FUL(H) 1-0:24 Nov 15:00 | GW14:NEW(H) 2-1:28 Nov 19:45 | GW15:WBA(A) 1-0:01 Dec 15:00 | GW16:AVL(A) 0-0:08 Dec 15:00 | GW17:EVE(H) 1-1:15 Dec 15:00 | GW18:TOT(A) 0-0:22 Dec 15:00 | GW19:LIV(H) 3-1:26 Dec 19:45 | GW20:SOU(H) 3-3:29 Dec 15:00 | GW21:MCI(A) 0-3:01 Jan 15:00 | GW22:CHE(H) 0-4:12 Jan 15:00 | GW23:SWA(A) 1-3:19 Jan 15:00 | GW24:WIG(H) 2-2:29 Jan 19:45 | GW25:ARS(A) 0-1:02 Feb 15:00 | GW26:RDG(H) 2-1:09 Feb 15:00 | GW27:FUL(A) 0-1:23 Feb 12:45 | GW28:WHU(H) 0-1:02 Mar 15:00 | GW29:NEW(A) 1-2:10 Mar 15:00 | GW30:WBA(H) 0-0:16 Mar 15:00 | GW31:EVE(A) 0-1:30 Mar 17:30 | GW32:AVL(H) 1-3:06 Apr 15:00 | GW33:MUN(H) 0-2:14 Apr 14:05 | GW34:QPR(A) 2-0:20 Apr 15:00 | GW35:NOR(H) 1-0:27 Apr 15:00 | GW36:SUN(A) 1-1:06 May 20:00 | GW37:TOT(H) 1-2:12 May 13:30 | GW38:SOU(A) 1-1:19 May 16:00
1679,Rory Delap,2960,Rory Delap,328,EXACT,Stoke City,2,2 3,0,-2960,0,0,0,0,0,0,GW2:NOR(A) 1-1:21 Aug. 13:30 | GW3:WBA(A) 1-0:28 Aug. 15:00
1718,John Terry,2962,John Terry,94,EXACT,Chelsea,1,29,0,-2962,0,0,0,0,0,0,GW29:MCI(A) 1-2:21 March 19:45
18818,Matthew Jarvis,3054,Matthew Jarvis,471,EXACT,Wolves,1,33,90,-2964,0,0,0,2,0,0,GW33:ARS(H) 0-3:11 April 19:45
20208,Charlie Adam,3051,Charlie Adam,177,EXACT,Liverpool,1,29,45,-3006,0,0,0,1,0,0,GW29:QPR(A) 2-3:21 March 20:00
20226,Clint Dempsey,3098,Clint Dempsey,151,EXACT,Fulham,1,27,90,-3008,0,2,2,15,1,0,GW27:WOL(H) 5-0:04 March 14:05
37869,Ryan Shawcross,3196,Ryan Shawcross,315,EXACT,Stoke City,2,2 3,180,-3016,0,0,3,10,1,1,GW2:NOR(A) 1-1:21 Aug. 13:30 | GW3:WBA(A) 1-0:28 Aug. 15:00
37334,Hugo Rodallega,3030,Hugo Rodallega,451,EXACT,Wigan,1,33,0,-3030,0,0,0,0,0,0,GW33:MUN(H) 1-0:11 April 19:45
1812,Danny Murphy,3130,Danny Murphy,148,EXACT,Fulham,1,27,68,-3062,1,0,0,6,1,0,GW27:WOL(H) 5-0:04 March 14:05
7631,David Vaughan,3150,David Vaughan,352,EXACT,Sunderland,1,17,70,-3080,0,0,0,2,0,0,GW17:QPR(A) 3-2:21 Dec. 20:00
14278,Liam Ridgewell,3175,Liam Ridgewell,652,EXACT,West Brom,1,29,90,-3085,0,0,0,2,0,0,GW29:WIG(A) 1-1:17 March 15:00
14965,Nemanja Vidic,3117,Nemanja Vidic,211,EXACT,Man Utd,1,29,0,-3117,0,0,0,0,0,0,GW29:WOL(A) 5-0:18 March 13:30
56979,Jordan Henderson,3219,Jordan Henderson,178,EXACT,Liverpool,1,29,45,-3174,0,0,0,1,0,0,GW29:QPR(A) 2-3:21 March 20:00
9089,Ben Foster,3371,Ben Foster,498,EXACT,West Brom,2,19 29,180,-3191,0,0,0,6,0,0,GW19:EVE(H) 0-1:01 Jan. 12:30 | GW29:WIG(A) 1-1:17 March 15:00
11334,Petr Cech,3420,Petr Cech,89,EXACT,Chelsea,3,3 17 29,180,-3240,0,0,0,6,0,0,GW3:NOR(H) 3-1:27 Aug. 15:00 | GW17:TOT(A) 1-1:22 Dec. 20:00 | GW29:MCI(A) 1-2:21 March 19:45
15284,Brede Hangeland,3330,Brede Hangeland,142,EXACT,Fulham,1,29,90,-3240,0,0,0,1,0,0,GW29:SWA(H) 0-3:17 March 15:00
3785,Ashley Cole,3387,Ashley Cole,97,EXACT,Chelsea,1,29,90,-3297,0,0,0,1,0,0,GW29:MCI(A) 1-2:21 March 19:45
3630,Kevin Davies,3385,Kevin Davies,87,EXACT,Bolton,2,3 17,70,-3315,0,0,0,2,0,0,GW3:LIV(A) 1-3:27 Aug. 17:30 | GW17:BLA(A) 2-1:20 Dec. 20:00
6219,Sylvain Distin,3411,Sylvain Distin,119,EXACT,Everton,1,29,90,-3321,0,0,0,2,0,0,GW29:ARS(H) 0-1:21 March 20:00
15749,Joe Hart,3420,Joe Hart,184,EXACT,Man City,1,29,90,-3330,0,0,0,2,0,0,GW29:CHE(H) 2-1:21 March 19:45
12745,Leighton Baines,3420,Leighton Baines,118,EXACT,Everton,1,29,90,-3330,0,0,0,2,0,0,GW29:ARS(H) 0-1:21 March 20:00
26793,Martin Skrtel,3420,Martin Skrtel,165,EXACT,Liverpool,1,27,90,-3330,0,0,0,1,0,0,GW27:ARS(H) 1-2:03 March 12:45
15337,Tim Howard,3420,Tim Howard,114,EXACT,Everton,1,29,90,-3330,0,0,0,3,0,0,GW29:ARS(H) 0-1:21 March 20:00
17476,Vincent Kompany,3330,Vincent Kompany,191,EXACT,Man City,1,29,0,-3330,0,0,0,0,0,0,GW29:CHE(H) 2-1:21 March 19:45
8358,Roger Johnson,3375,Roger Johnson,464,EXACT,Wolves,1,33,0,-3375,0,0,0,0,0,0,GW33:ARS(H) 0-3:11 April 19:45
1869,Aaron Hughes,3405,Aaron Hughes,141,EXACT,Fulham,1,29,0,-3405,0,0,0,0,0,0,GW29:SWA(H) 0-3:17 March 15:00
