player,team,rows,minutes_sum,assists_sum,points_sum,weeks,dates
Aaron Hughes,,38,2115,0,50,1 2 3 4 5 6 7 8 9 10 11 12 13 14 15 16 17 18 19 20 21 22 23 24 25 26 27 28 29 30 31 32 33 34 35 36 37 38,01 Apr 20:00 | 01 Dec 15:00 | 01 Jan 12:45 | 01 Sep 12:45 | 02 Feb 17:30 | 02 Mar 15:00 | 03 Nov 15:00 | 04 May 15:00 | 07 Apr 15:00 | 07 Oct 13:30 | 09 Feb 15:00 | 10 Dec 20:00 | 10 Nov 15:00 | 12 Jan 15:00 | 12 May 15:00 | 15 Dec 15:00 | 15 Sep 15:00 | 17 Apr 20:00 | 17 Mar 15:00 | 17 March 15:00 | 18 Aug 15:00 | 18 Nov 16:00 | 19 Jan 15:00 | 19 May 16:00 | 20 Apr 15:00 | 20 Oct 15:00 | 22 Dec 17:30 | 22 Sep 15:00 | 23 Feb 12:45 | 24 Nov 15:00 | 25 Aug 15:00 | 26 Dec 15:00 | 27 Apr 15:00 | 27 Oct 15:00 | 28 Nov 19:45 | 29 Dec 15:00 | 29 Sep 15:00 | 30 Jan 20:00
Aaron Lennon,,38,2855,8,131,1 2 3 4 5 6 7 8 9 10 11 12 13 14 15 16 17 18 19 20 21 22 23 24 25 26 27 28 29 30 31 32 34 35 36 37 38,01 Dec 15:00 | 01 Jan 15:00 | 01 Sep 15:00 | 03 Feb 13:30 | 03 Mar 16:00 | 03 Nov 15:00 | 07 Apr 14:05 | 07 Oct 15:00 | 08 May 19:45 | 09 Dec 15:00 | 09 Feb 12:45 | 10 Mar 16:00 | 11 Nov 13:30 | 12 Jan 12:45 | 12 May 13:30 | 16 Dec 13:30 | 16 Sep 16:00 | 17 Mar 15:00 | 17 Nov 12:45 | 18 Aug 17:30 | 19 May 16:00 | 20 Jan 16:00 | 20 Oct 12:45 | 21 Apr 13:30 | 22 Aug. 20:00 | 22 Dec 15:00 | 23 Sep 16:00 | 25 Aug 15:00 | 25 Feb 20:00 | 25 Nov 16:00 | 26 Dec 17:30 | 27 Apr 15:00 | 28 Nov 19:45 | 28 Oct 15:00 | 29 Dec 12:45 | 29 Sep 17:30 | 30 Jan 19:45 | 30 Mar 15:00
Aaron Ramsey,,12,572,3,27,1 2 3 4 5 6 7 8 9 10 20 30,02 Sep 13:30 | 03 Nov 12:45 | 06 Oct 17:30 | 15 Sep 15:00 | 16 Mar 15:00 | 18 Aug 15:00 | 20 Oct 17:30 | 23 Sep 16:00 | 26 Aug 13:30 | 27 Oct 15:00 | 29 Dec 17:30 | 29 Sep 12:45
Abdoulaye Meite,,2,0,0,0,27 33,03 March 15:00 | 11 April 19:45
Abdul Razak,,39,4,0,3,1 2 3 4 5 6 7 8 9 10 11 12 13 14 15 16 17 18 19 20 21 22 23 24 25 26 27 28 29 30 31 32 33 34 35 36 37 38,01 Dec 15:00 | 01 Jan 15:00 | 01 Jan. 15:00 | 01 Sep 17:30 | 03 Feb 16:00 | 03 Nov 17:30 | 04 Mar 20:00 | 06 Oct 12:45 | 07 May 19:45 | 08 Apr 20:00 | 09 Dec 13:30 | 09 Feb 17:30 | 11 Nov 13:30 | 13 Jan 16:00 | 14 May 20:00 | 15 Dec 12:45 | 15 Sep 15:00 | 16 Mar 12:45 | 17 Apr 19:45 | 17 Nov 15:00 | 19 Aug 16:00 | 19 Jan 15:00 | 19 May 16:00 | 20 Oct 15:00 | 21 Apr 13:30 | 21 March 19:45 | 22 Dec 15:00 | 23 Sep 16:00 | 24 Feb 13:30 | 25 Nov 16:00 | 26 Aug 16:00 | 26 Dec 15:00 | 27 Apr 12:45 | 27 Oct 17:30 | 28 Nov 20:00 | 29 Dec 15:00 | 29 Jan 19:45 | 29 Sep 15:00 | 30 Mar 15:00
Adam Blakeman,,1,0,0,0,17,20 Dec. 20:00
Adam Bogdan,,2,0,0,0,3 17,20 Dec. 20:00 | 27 Aug. 17:30
Adam Campbell,,20,26,0,3,19 20 21 22 23 24 25 26 27 28 29 30 31 32 33 34 35 36 37 38,02 Feb 15:00 | 02 Jan 20:00 | 02 Mar 15:00 | 04 May 15:00 | 07 Apr 15:00 | 09 Feb 12:45 | 10 Mar 15:00 | 12 Jan 15:00 | 12 May 15:00 | 14 Apr 12:00 | 17 Mar 16:00 | 19 Jan 15:00 | 19 May 16:00 | 20 Apr 15:00 | 24 Feb 13:30 | 26 Dec 15:00 | 27 Apr 17:30 | 29 Dec 17:30 | 29 Jan 19:45 | 30 Mar 15:00
Adam Federici,,36,1710,0,59,1 4 5 6 7 8 9 10 11 12 13 14 15 16 17 18 19 20 21 22 23 24 25 26 27 28 29 30 31 32 33 34 35 36 37 38,01 Dec 17:30 | 01 Jan 15:00 | 02 Feb 15:00 | 02 Mar 15:00 | 04 May 15:00 | 04 Nov 13:30 | 06 Apr 12:45 | 06 Oct 15:00 | 09 Feb 15:00 | 09 Mar 15:00 | 10 Nov 15:00 | 11 Dec 19:45 | 12 Jan 15:00 | 13 Apr 15:00 | 14 May 20:00 | 16 Mar 17:30 | 16 Sep 16:00 | 17 Dec 20:00 | 17 Nov 15:00 | 19 Jan 15:00 | 19 May 16:00 | 20 Apr 15:00 | 20 Oct 15:00 | 22 Aug 19:45 | 22 Dec 15:00 | 22 Sep 15:00 | 23 Feb 15:00 | 24 Nov 15:00 | 26 Dec 15:00 | 27 Nov 20:00 | 27 Oct 15:00 | 28 Apr 13:30 | 29 Dec 15:00 | 29 Sep 15:00 | 30 Jan 20:00 | 30 Mar 15:00
Adam Forshaw,,38,0,0,0,1 2 3 4 5 6 7 8 9 10 11 12 13 14 15 16 17 18 19 20 21 22 23 24 25 26 27 28 29 30 31 32 33 34 35 36 37 38,01 Dec 15:00 | 01 Sep 15:00 | 02 Feb 15:00 | 02 Jan 20:00 | 02 Mar 15:00 | 03 Nov 15:00 | 05 May 13:30 | 06 Oct 15:00 | 07 Apr 14:05 | 09 Dec 15:00 | 10 Feb 16:00 | 10 Nov 15:00 | 12 Jan 15:00 | 12 May 15:00 | 15 Dec 15:00 | 16 Apr 19:45 | 16 Mar 12:45 | 17 Nov 15:00 | 17 Sep 20:00 | 19 May 16:00 | 20 Apr 15:00 | 20 Aug 20:00 | 21 Jan 20:00 | 21 March 20:00 | 21 Oct 16:00 | 22 Dec 15:00 | 22 Sep 12:45 | 23 Feb 15:00 | 24 Nov 15:00 | 25 Aug 15:00 | 26 Dec 15:00 | 27 Apr 15:00 | 28 Nov 19:45 | 28 Oct 13:30 | 29 Sep 15:00 | 30 Dec 13:30 | 30 Jan 19:45 | 30 Mar 17:30
Adam Hammil,,1,0,0,0,33,11 April 19:45
Adam Henley,,1,0,0,0,29,20 March 20:00
Adam Johnson,,38,2835,9,138,1 3 4 5 6 7 8 9 10 11 12 13 14 15 16 17 18 19 20 21 22 23 24 25 26 27 28 29 30 31 32 33 34 35 36 37 38,01 Sep 15:00 | 02 Dec 16:00 | 02 Feb 15:00 | 02 Jan 19:45 | 02 Mar 15:00 | 03 Nov 15:00 | 06 May 20:00 | 06 Oct 12:45 | 07 Apr 15:00 | 09 Feb 15:00 | 09 Mar 15:00 | 10 Nov 15:00 | 11 Dec 19:45 | 12 Jan 15:00 | 12 May 15:00 | 14 Apr 12:00 | 15 Dec 15:00 | 15 Sep 17:30 | 17 Mar 13:30 | 18 Nov 16:00 | 19 Aug 16:00 | 19 Jan 15:00 | 19 May 16:00 | 20 Apr 15:00 | 21 March 19:45 | 21 Oct 13:30 | 22 Dec 15:00 | 22 Sep 15:00 | 23 Feb 15:00 | 24 Nov 12:45 | 26 Dec 15:00 | 27 Nov 19:45 | 27 Oct 15:00 | 29 Apr 20:00 | 29 Dec 12:45 | 29 Jan 19:45 | 29 Sep 15:00 | 30 Mar 12:45
Adam Lallana,,37,2230,5,93,1 2 3 4 5 6 7 8 9 10 11 12 13 14 15 16 18 19 20 21 22 23 24 25 26 27 28 29 30 31 32 33 34 35 36 37 38,01 Dec 15:00 | 01 Jan 17:30 | 02 Feb 15:00 | 02 Mar 15:00 | 02 Sep 16:00 | 04 May 15:00 | 05 Nov 20:00 | 06 Apr 12:45 | 07 Oct 13:30 | 08 Dec 15:00 | 09 Feb 17:30 | 09 Mar 15:00 | 10 Nov 15:00 | 12 May 15:00 | 13 Apr 15:00 | 15 Sep 15:00 | 16 Jan 19:45 | 16 Mar 15:00 | 17 Nov 15:00 | 19 Aug 16:00 | 19 May 16:00 | 20 Apr 15:00 | 20 Oct 15:00 | 21 Jan 20:00 | 22 Dec 15:00 | 22 Sep 15:00 | 24 Feb 13:30 | 25 Aug 15:00 | 25 Nov 15:00 | 26 Dec 15:00 | 27 Apr 15:00 | 28 Nov 19:45 | 28 Oct 15:00 | 29 Dec 15:00 | 29 Sep 15:00 | 30 Jan 20:00 | 30 Mar 15:00
Adam Le Fondre,,36,1334,2,97,1 4 5 6 7 8 9 10 11 12 13 14 15 16 17 18 19 20 21 22 23 24 25 26 27 28 29 30 31 32 33 34 35 36 37 38,01 Dec 17:30 | 01 Jan 15:00 | 02 Feb 15:00 | 02 Mar 15:00 | 04 May 15:00 | 04 Nov 13:30 | 06 Apr 12:45 | 06 Oct 15:00 | 09 Feb 15:00 | 09 Mar 15:00 | 10 Nov 15:00 | 11 Dec 19:45 | 12 Jan 15:00 | 13 Apr 15:00 | 14 May 20:00 | 16 Mar 17:30 | 16 Sep 16:00 | 17 Dec 20:00 | 17 Nov 15:00 | 19 Jan 15:00 | 19 May 16:00 | 20 Apr 15:00 | 20 Oct 15:00 | 22 Aug 19:45 | 22 Dec 15:00 | 22 Sep 15:00 | 23 Feb 15:00 | 24 Nov 15:00 | 26 Dec 15:00 | 27 Nov 20:00 | 27 Oct 15:00 | 28 Apr 13:30 | 29 Dec 15:00 | 29 Sep 15:00 | 30 Jan 20:00 | 30 Mar 15:00
Adam Morgan,,22,0,0,0,16 17 18 19 20 21 22 23 24 25 26 28 29 30 31 32 33 34 35 36 37 38,02 Jan 19:45 | 02 Mar 17:30 | 03 Feb 16:00 | 05 May 13:30 | 07 Apr 13:30 | 09 Dec 16:00 | 10 Mar 16:00 | 12 May 15:00 | 13 Apr 15:00 | 13 Jan 13:30 | 15 Dec 15:00 | 16 Mar 15:00 | 17 Feb 15:00 | 19 Jan 15:00 | 19 May 16:00 | 21 Apr 16:00 | 22 Dec 17:30 | 26 Dec 19:45 | 27 Apr 17:30 | 30 Dec 16:00 | 30 Jan 19:45 | 31 Mar 13:30
Adam Smith,,37,0,0,0,1 2 3 4 5 6 7 8 9 10 11 12 13 14 15 16 17 18 19 20 21 22 23 24 25 26 27 28 29 30 31 32 34 35 36 37 38,01 Dec 15:00 | 01 Jan 15:00 | 01 Sep 15:00 | 03 Feb 13:30 | 03 Mar 16:00 | 03 Nov 15:00 | 07 Apr 14:05 | 07 Oct 15:00 | 08 May 19:45 | 09 Dec 15:00 | 09 Feb 12:45 | 10 Mar 16:00 | 11 Nov 13:30 | 12 Jan 12:45 | 12 May 13:30 | 16 Dec 13:30 | 16 Sep 16:00 | 17 Mar 15:00 | 17 Nov 12:45 | 18 Aug 17:30 | 19 May 16:00 | 20 Jan 16:00 | 20 Oct 12:45 | 21 Apr 13:30 | 22 Dec 15:00 | 23 Sep 16:00 | 25 Aug 15:00 | 25 Feb 20:00 | 25 Nov 16:00 | 26 Dec 17:30 | 27 Apr 15:00 | 28 Nov 19:45 | 28 Oct 15:00 | 29 Dec 12:45 | 29 Sep 17:30 | 30 Jan 19:45 | 30 Mar 15:00
Adel Taarabt,,38,2244,5,105,1 2 3 4 5 6 7 8 9 10 11 12 13 14 15 16 17 18 19 20 21 22 23 24 25 26 27 28 29 30 31 32 33 34 35 36 37 38,01 Apr 20:00 | 01 Dec 15:00 | 01 Oct 20:00 | 01 Sep 17:30 | 02 Feb 12:45 | 02 Jan 19:45 | 02 Mar 15:00 | 04 May 17:30 | 04 Nov 13:30 | 06 Oct 15:00 | 07 Apr 16:10 | 08 Dec 15:00 | 09 Feb 15:00 | 09 Mar 15:00 | 10 Nov 15:00 | 12 Jan 12:45 | 12 May 15:00 | 13 Apr 15:00 | 15 Dec 15:00 | 15 Sep 15:00 | 16 Mar 15:00 | 17 Nov 15:00 | 18 Aug 15:00 | 19 Jan 15:00 | 19 May 16:00 | 20 Apr 15:00 | 21 Oct 16:00 | 22 Dec 15:00 | 23 Feb 15:00 | 23 Sep 16:00 | 24 Nov 15:00 | 25 Aug 15:00 | 26 Dec 15:00 | 27 Nov 19:45 | 27 Oct 15:00 | 28 Apr 13:30 | 29 Jan 19:45 | 30 Dec 16:00
Adil Nabi,,16,0,0,0,22 23 24 25 26 27 28 29 30 31 32 34 35 36 37 38,02 Mar 15:00 | 03 Feb 13:30 | 06 Apr 15:00 | 07 May 19:45 | 09 Mar 15:00 | 11 Feb 20:00 | 12 Jan 15:00 | 12 May 15:00 | 16 Mar 15:00 | 19 Jan 17:30 | 19 May 16:00 | 20 Apr 15:00 | 23 Feb 15:00 | 27 Apr 15:00 | 30 Jan 19:45 | 30 Mar 15:00
Adlene Guedioura,,1,0,0,0,33,11 April 19:45
Adrian Lopez,,38,357,0,4,1 2 3 4 5 6 7 8 9 10 11 12 13 14 15 16 17 18 19 20 21 22 23 24 25 26 27 28 30 31 32 33 34 35 36 37 38,01 Jan 15:00 | 01 Sep 15:00 | 02 Feb 15:00 | 02 Mar 17:30 | 03 Dec 20:00 | 03 Nov 15:00 | 06 Oct 15:00 | 07 Apr 16:10 | 07 May 19:45 | 08 Dec 15:00 | 09 Feb 15:00 | 10 Nov 15:00 | 11 April 19:45 | 12 Jan 15:00 | 14 May 19:45 | 15 Dec 15:00 | 15 Sep 15:00 | 17 Apr 19:45 | 17 Mar 16:00 | 17 Nov 15:00 | 19 Aug 13:30 | 19 Jan 15:00 | 19 May 16:00 | 20 Apr 15:00 | 20 Oct 15:00 | 22 Dec 12:45 | 22 Sep 15:00 | 23 Feb 15:00 | 24 Nov 15:00 | 25 Aug 15:00 | 26 Dec 15:00 | 27 Apr 15:00 | 27 Oct 15:00 | 28 Nov 20:00 | 29 Dec 15:00 | 29 Jan 19:45 | 29 Sep 15:00 | 30 Mar 15:00
Adrian Mariappa,,36,2520,0,54,1 4 5 6 7 8 9 10 11 12 13 14 15 16 17 18 19 20 21 22 23 24 25 26 27 28 29 30 31 32 33 34 35 36 37 38,01 Dec 17:30 | 01 Jan 15:00 | 02 Feb 15:00 | 02 Mar 15:00 | 04 May 15:00 | 04 Nov 13:30 | 06 Apr 12:45 | 06 Oct 15:00 | 09 Feb 15:00 | 09 Mar 15:00 | 10 Nov 15:00 | 11 Dec 19:45 | 12 Jan 15:00 | 13 Apr 15:00 | 14 May 20:00 | 16 Mar 17:30 | 16 Sep 16:00 | 17 Dec 20:00 | 17 Nov 15:00 | 19 Jan 15:00 | 19 May 16:00 | 20 Apr 15:00 | 20 Oct 15:00 | 22 Aug 19:45 | 22 Dec 15:00 | 22 Sep 15:00 | 23 Feb 15:00 | 24 Nov 15:00 | 26 Dec 15:00 | 27 Nov 20:00 | 27 Oct 15:00 | 28 Apr 13:30 | 29 Dec 15:00 | 29 Sep 15:00 | 30 Jan 20:00 | 30 Mar 15:00
Ahmed Elmohamady,,38,24,0,2,1 3 4 5 6 7 8 9 10 11 12 13 14 15 16 17 18 19 20 21 22 23 24 25 26 27 28 29 30 31 32 33 34 35 36 37 38,01 Sep 15:00 | 02 Dec 16:00 | 02 Feb 15:00 | 02 Jan 19:45 | 02 Mar 15:00 | 03 Nov 15:00 | 06 May 20:00 | 06 Oct 12:45 | 07 Apr 15:00 | 09 Feb 15:00 | 09 Mar 15:00 | 10 Nov 15:00 | 11 Dec 19:45 | 12 Jan 15:00 | 12 May 15:00 | 14 Apr 12:00 | 15 Dec 15:00 | 15 Sep 17:30 | 17 Mar 13:30 | 18 Aug 15:00 | 18 Nov 16:00 | 19 Jan 15:00 | 19 May 16:00 | 20 Apr 15:00 | 21 Dec. 20:00 | 21 Oct 13:30 | 22 Dec 15:00 | 22 Sep 15:00 | 23 Feb 15:00 | 24 Nov 12:45 | 26 Dec 15:00 | 27 Nov 19:45 | 27 Oct 15:00 | 29 Apr 20:00 | 29 Dec 12:45 | 29 Jan 19:45 | 29 Sep 15:00 | 30 Mar 12:45
Akos Buzsaky,,38,0,0,0,1 2 3 4 5 6 7 8 9 10 11 12 13 14 15 16 17 18 19 20 21 22 23 24 25 26 27 28 29 30 31 32 33 34 35 36 37 38,01 Apr 20:00 | 01 Dec 15:00 | 01 Oct 20:00 | 01 Sep 17:30 | 02 Feb 12:45 | 02 Jan 19:45 | 02 Mar 15:00 | 04 May 17:30 | 04 Nov 13:30 | 06 Oct 15:00 | 07 Apr 16:10 | 08 Dec 15:00 | 09 Feb 15:00 | 09 Mar 15:00 | 10 Nov 15:00 | 12 Jan 12:45 | 12 May 15:00 | 13 Apr 15:00 | 15 Dec 15:00 | 15 Sep 15:00 | 16 Mar 15:00 | 17 Nov 15:00 | 18 Aug 15:00 | 19 Jan 15:00 | 19 May 16:00 | 20 Apr 15:00 | 21 Oct 16:00 | 22 Dec 15:00 | 23 Feb 15:00 | 23 Sep 16:00 | 24 Nov 15:00 | 25 Aug 15:00 | 26 Dec 15:00 | 27 Nov 19:45 | 27 Oct 15:00 | 28 Apr 13:30 | 29 Jan 19:45 | 30 Dec 16:00
Alan Hutton,,15,0,0,0,1 2 3 4 5 6 7 8 9 10 12 20 22 30 32,02 Sep 16:00 | 03 Nov 15:00 | 06 Apr 15:00 | 07 Oct 15:00 | 12 Jan 15:00 | 15 Sep 15:00 | 16 Mar 15:00 | 17 Nov 15:00 | 18 Aug 15:00 | 20 Oct 15:00 | 22 Sep 15:00 | 25 Aug 15:00 | 27 Oct 12:45 | 29 Dec 15:00 | 30 Sep 16:00
Alan Tate,,36,162,0,2,1 2 3 4 5 6 7 8 9 10 11 12 13 14 15 16 17 18 19 20 21 22 23 24 25 26 28 29 30 31 32 34 35 36 37 38,01 Dec 15:00 | 01 Jan 15:00 | 01 Sep 15:00 | 02 Feb 15:00 | 02 Mar 15:00 | 03 Nov 15:00 | 06 Apr 15:00 | 06 Oct 15:00 | 07 May 19:45 | 08 Dec 15:00 | 09 Mar 15:00 | 10 Nov 15:00 | 12 Jan 15:00 | 12 May 16:00 | 15 Sep 15:00 | 16 Dec 13:30 | 16 Mar 15:00 | 17 Feb 15:00 | 17 Nov 15:00 | 18 Aug 15:00 | 19 Jan 15:00 | 19 May 16:00 | 20 Apr 15:00 | 20 Oct 15:00 | 22 Sep 12:45 | 23 Dec 13:30 | 25 Aug 12:45 | 25 Nov 13:30 | 26 Dec 15:00 | 27 Oct 17:30 | 28 Apr 15:00 | 28 Nov 19:45 | 29 Dec 15:00 | 29 Jan 19:45 | 29 Sep 15:00 | 30 Mar 15:00
Albert Crusat,,38,0,0,0,1 2 3 4 5 6 7 8 9 10 11 12 13 14 15 16 17 18 19 20 21 22 23 24 25 26 27 28 30 31 32 33 34 35 36 37 38,01 Jan 15:00 | 01 Sep 15:00 | 02 Feb 15:00 | 02 Mar 17:30 | 03 Dec 20:00 | 03 Nov 15:00 | 06 Oct 15:00 | 07 Apr 16:10 | 07 May 19:45 | 08 Dec 15:00 | 09 Feb 15:00 | 10 Nov 15:00 | 12 Jan 15:00 | 14 May 19:45 | 15 Dec 15:00 | 15 Sep 15:00 | 17 Apr 19:45 | 17 Mar 16:00 | 17 Nov 15:00 | 19 Aug 13:30 | 19 Jan 15:00 | 19 May 16:00 | 20 Apr 15:00 | 20 Oct 15:00 | 21 Dec. 20:00 | 22 Dec 12:45 | 22 Sep 15:00 | 23 Feb 15:00 | 24 Nov 15:00 | 25 Aug 15:00 | 26 Dec 15:00 | 27 Apr 15:00 | 27 Oct 15:00 | 28 Nov 20:00 | 29 Dec 15:00 | 29 Jan 19:45 | 29 Sep 15:00 | 30 Mar 15:00
Alberto Aquilani,,39,0,0,0,1 2 3 4 5 6 7 8 9 10 11 12 13 14 15 16 17 18 19 20 21 22 23 24 25 26 28 29 30 31 32 33 34 35 36 37 38,01 Dec 15:00 | 02 Jan 19:45 | 02 Mar 17:30 | 02 Sep 13:30 | 03 Feb 16:00 | 04 Nov 16:00 | 05 May 13:30 | 07 Apr 13:30 | 07 Oct 15:00 | 09 Dec 16:00 | 10 Mar 16:00 | 11 Nov 16:00 | 12 May 15:00 | 13 Apr 15:00 | 13 Jan 13:30 | 15 Dec 15:00 | 15 Sep 17:30 | 16 Mar 15:00 | 17 Feb 15:00 | 17 Nov 15:00 | 18 Aug 15:00 | 19 Jan 15:00 | 19 May 16:00 | 20 Oct 15:00 | 21 Apr 16:00 | 21 March 20:00 | 22 Dec 17:30 | 23 Sep 13:30 | 25 Nov 13:30 | 26 Aug 16:00 | 26 Dec 19:45 | 27 Apr 17:30 | 28 Nov 19:45 | 28 Oct 13:30 | 29 Sep 15:00 | 30 Dec 16:00 | 30 Dec. 19:45 | 30 Jan 19:45 | 31 Mar 13:30
Alejandro Faurlin,,38,777,2,28,1 2 3 4 5 6 7 8 9 10 11 12 13 14 15 16 17 18 19 20 21 22 23 24 25 26 27 28 29 30 31 32 33 34 35 36 37 38,01 Apr 20:00 | 01 Dec 15:00 | 01 Oct 20:00 | 01 Sep 17:30 | 02 Feb 12:45 | 02 Jan 19:45 | 02 Mar 15:00 | 04 May 17:30 | 04 Nov 13:30 | 06 Oct 15:00 | 07 Apr 16:10 | 08 Dec 15:00 | 09 Feb 15:00 | 09 Mar 15:00 | 10 Nov 15:00 | 12 Jan 12:45 | 12 May 15:00 | 13 Apr 15:00 | 15 Dec 15:00 | 15 Sep 15:00 | 16 Mar 15:00 | 17 Nov 15:00 | 18 Aug 15:00 | 19 Jan 15:00 | 19 May 16:00 | 20 Apr 15:00 | 21 Oct 16:00 | 22 Dec 15:00 | 23 Feb 15:00 | 23 Sep 16:00 | 24 Nov 15:00 | 25 Aug 15:00 | 26 Dec 15:00 | 27 Nov 19:45 | 27 Oct 15:00 | 28 Apr 13:30 | 29 Jan 19:45 | 30 Dec 16:00
Aleksandar Kolarov,,38,1056,3,55,1 2 3 4 5 6 7 8 9 10 11 12 13 14 15 16 17 18 19 20 21 22 23 24 25 26 27 28 29 30 31 32 33 34 35 36 37 38,01 Dec 15:00 | 01 Jan 15:00 | 01 Sep 17:30 | 03 Feb 16:00 | 03 Nov 17:30 | 04 Mar 20:00 | 06 Oct 12:45 | 07 May 19:45 | 08 Apr 20:00 | 09 Dec 13:30 | 09 Feb 17:30 | 11 Nov 13:30 | 13 Jan 16:00 | 14 May 20:00 | 15 Dec 12:45 | 15 Sep 15:00 | 16 Mar 12:45 | 17 Apr 19:45 | 17 Nov 15:00 | 19 Aug 16:00 | 19 Jan 15:00 | 19 May 16:00 | 20 Oct 15:00 | 21 Apr 13:30 | 21 March 19:45 | 22 Dec 15:00 | 23 Sep 16:00 | 24 Feb 13:30 | 25 Nov 16:00 | 26 Aug 16:00 | 26 Dec 15:00 | 27 Apr 12:45 | 27 Oct 17:30 | 28 Nov 20:00 | 29 Dec 15:00 | 29 Jan 19:45 | 29 Sep 15:00 | 30 Mar 15:00
Alex,,1,0,0,0,29,21 March 19:45
Alex Chamberlain,,13,406,1,22,1 2 3 4 5 6 7 8 9 10 20 29 30,02 Sep 13:30 | 03 Nov 12:45 | 06 Oct 17:30 | 15 Sep 15:00 | 16 Mar 15:00 | 18 Aug 15:00 | 20 Oct 17:30 | 21 March 20:00 | 23 Sep 16:00 | 26 Aug 13:30 | 27 Oct 15:00 | 29 Dec 17:30 | 29 Sep 12:45
Alex Kacaniklic,,38,1255,4,78,1 2 3 4 5 6 7 8 9 10 11 12 13 14 15 16 17 18 19 20 21 22 23 24 25 26 27 28 29 30 31 32 33 34 35 36 37 38,01 Apr 20:00 | 01 Dec 15:00 | 01 Jan 12:45 | 01 Sep 12:45 | 02 Feb 17:30 | 02 Mar 15:00 | 03 Nov 15:00 | 04 May 15:00 | 07 Apr 15:00 | 07 Oct 13:30 | 09 Feb 15:00 | 10 Dec 20:00 | 10 Nov 15:00 | 12 Jan 15:00 | 12 May 15:00 | 15 Dec 15:00 | 15 Sep 15:00 | 17 Apr 20:00 | 17 Mar 15:00 | 17 March 15:00 | 18 Aug 15:00 | 18 Nov 16:00 | 19 Jan 15:00 | 19 May 16:00 | 20 Apr 15:00 | 20 Oct 15:00 | 22 Dec 17:30 | 22 Sep 15:00 | 23 Feb 12:45 | 24 Nov 15:00 | 25 Aug 15:00 | 26 Dec 15:00 | 27 Apr 15:00 | 27 Oct 15:00 | 28 Nov 19:45 | 29 Dec 15:00 | 29 Sep 15:00 | 30 Jan 20:00
Alex McCarthy,,36,1170,0,48,1 4 5 6 7 8 9 10 11 12 13 14 15 16 17 18 19 20 21 22 23 24 25 26 27 28 29 30 31 32 33 34 35 36 37 38,01 Dec 17:30 | 01 Jan 15:00 | 02 Feb 15:00 | 02 Mar 15:00 | 04 May 15:00 | 04 Nov 13:30 | 06 Apr 12:45 | 06 Oct 15:00 | 09 Feb 15:00 | 09 Mar 15:00 | 10 Nov 15:00 | 11 Dec 19:45 | 12 Jan 15:00 | 13 Apr 15:00 | 14 May 20:00 | 16 Mar 17:30 | 16 Sep 16:00 | 17 Dec 20:00 | 17 Nov 15:00 | 19 Jan 15:00 | 19 May 16:00 | 20 Apr 15:00 | 20 Oct 15:00 | 22 Aug 19:45 | 22 Dec 15:00 | 22 Sep 15:00 | 23 Feb 15:00 | 24 Nov 15:00 | 26 Dec 15:00 | 27 Nov 20:00 | 27 Oct 15:00 | 28 Apr 13:30 | 29 Dec 15:00 | 29 Sep 15:00 | 30 Jan 20:00 | 30 Mar 15:00
Alex Pearce,,36,1530,1,34,1 4 5 6 7 8 9 10 11 12 13 14 15 16 17 18 19 20 21 22 23 24 25 26 27 28 29 30 31 32 33 34 35 36 37 38,01 Dec 17:30 | 01 Jan 15:00 | 02 Feb 15:00 | 02 Mar 15:00 | 04 May 15:00 | 04 Nov 13:30 | 06 Apr 12:45 | 06 Oct 15:00 | 09 Feb 15:00 | 09 Mar 15:00 | 10 Nov 15:00 | 11 Dec 19:45 | 12 Jan 15:00 | 13 Apr 15:00 | 14 May 20:00 | 16 Mar 17:30 | 16 Sep 16:00 | 17 Dec 20:00 | 17 Nov 15:00 | 19 Jan 15:00 | 19 May 16:00 | 20 Apr 15:00 | 20 Oct 15:00 | 22 Aug 19:45 | 22 Dec 15:00 | 22 Sep 15:00 | 23 Feb 15:00 | 24 Nov 15:00 | 26 Dec 15:00 | 27 Nov 20:00 | 27 Oct 15:00 | 28 Apr 13:30 | 29 Dec 15:00 | 29 Sep 15:00 | 30 Jan 20:00 | 30 Mar 15:00
Alex Smith,,34,1,0,1,4 5 6 7 8 9 10 11 12 13 14 15 16 17 18 19 20 21 22 23 24 25 26 27 28 30 31 32 33 34 35 36 37 38,01 Apr 20:00 | 01 Dec 15:00 | 01 Jan 12:45 | 02 Feb 17:30 | 02 Mar 15:00 | 03 Nov 15:00 | 04 May 15:00 | 07 Apr 15:00 | 07 Oct 13:30 | 09 Feb 15:00 | 10 Dec 20:00 | 10 Nov 15:00 | 12 Jan 15:00 | 12 May 15:00 | 15 Dec 15:00 | 15 Sep 15:00 | 17 Apr 20:00 | 17 Mar 15:00 | 18 Nov 16:00 | 19 Jan 15:00 | 19 May 16:00 | 20 Apr 15:00 | 20 Oct 15:00 | 22 Dec 17:30 | 22 Sep 15:00 | 23 Feb 12:45 | 24 Nov 15:00 | 26 Dec 15:00 | 27 Apr 15:00 | 27 Oct 15:00 | 28 Nov 19:45 | 29 Dec 15:00 | 29 Sep 15:00 | 30 Jan 20:00
Alex Song,,12,0,0,0,1 2 3 4 5 6 7 8 9 10 20 30,02 Sep 13:30 | 03 Nov 12:45 | 06 Oct 17:30 | 15 Sep 15:00 | 16 Mar 15:00 | 18 Aug 15:00 | 20 Oct 17:30 | 23 Sep 16:00 | 26 Aug 13:30 | 27 Oct 15:00 | 29 Dec 17:30 | 29 Sep 12:45
Alexander Buttner,,36,383,1,37,2 3 4 5 6 7 8 9 10 11 12 13 14 15 16 17 18 19 20 21 22 23 24 25 26 27 28 30 31 32 33 34 35 36 37 38,01 Dec 17:30 | 01 Jan 15:00 | 02 Feb 17:30 | 02 Mar 15:00 | 02 Sep 16:00 | 03 Nov 12:45 | 05 May 16:00 | 07 Oct 16:00 | 08 Apr 20:00 | 09 Dec 13:30 | 10 Feb 16:00 | 10 Nov 17:30 | 12 May 16:00 | 13 Jan 13:30 | 15 Dec 15:00 | 15 Sep 15:00 | 16 Mar 17:30 | 17 Apr 19:45 | 17 Nov 17:30 | 19 May 16:00 | 20 Jan 16:00 | 20 Oct 15:00 | 22 Apr 20:00 | 23 Dec 13:30 | 23 Feb 15:00 | 23 Sep 13:30 | 24 Nov 15:00 | 25 Aug 15:00 | 26 Dec 15:00 | 28 Apr 16:00 | 28 Nov 20:00 | 28 Oct 16:00 | 29 Dec 15:00 | 29 Sep 17:30 | 30 Jan 20:00 | 30 Mar 12:45
Alexander Doni,,38,24,0,-3,1 2 3 4 5 6 7 8 9 10 11 12 13 14 15 16 17 18 19 20 21 22 23 24 25 26 28 29 30 31 32 33 34 35 36 37 38,01 Dec 15:00 | 02 Jan 19:45 | 02 Mar 17:30 | 02 Sep 13:30 | 03 Feb 16:00 | 04 Nov 16:00 | 05 May 13:30 | 07 Apr 13:30 | 07 Oct 15:00 | 09 Dec 16:00 | 10 April 20:00 | 10 Mar 16:00 | 11 Nov 16:00 | 12 May 15:00 | 13 Apr 15:00 | 13 Jan 13:30 | 15 Dec 15:00 | 15 Sep 17:30 | 16 Mar 15:00 | 17 Feb 15:00 | 17 Nov 15:00 | 18 Aug 15:00 | 19 Jan 15:00 | 19 May 16:00 | 20 Oct 15:00 | 21 Apr 16:00 | 22 Dec 17:30 | 23 Sep 13:30 | 25 Nov 13:30 | 26 Aug 16:00 | 26 Dec 19:45 | 27 Apr 17:30 | 28 Nov 19:45 | 28 Oct 13:30 | 29 Sep 15:00 | 30 Dec 16:00 | 30 Jan 19:45 | 31 Mar 13:30
Alexander Tettey,,36,1904,1,58,3 4 5 6 7 8 9 10 11 12 13 14 15 16 17 18 19 20 21 22 23 24 25 26 27 28 29 30 31 32 33 34 35 36 37 38,01 Jan 15:00 | 01 Sep 15:00 | 02 Dec 16:00 | 02 Feb 12:45 | 02 Mar 15:00 | 03 Nov 15:00 | 04 May 15:00 | 06 Apr 15:00 | 06 Oct 15:00 | 08 Dec 15:00 | 09 Feb 15:00 | 09 Mar 15:00 | 10 Nov 15:00 | 12 Jan 15:00 | 12 May 15:00 | 13 Apr 15:00 | 15 Dec 15:00 | 15 Sep 12:45 | 17 Mar 13:30 | 17 Nov 17:30 | 19 Jan 15:00 | 19 May 16:00 | 20 Apr 15:00 | 20 Oct 17:30 | 22 Dec 15:00 | 23 Feb 15:00 | 23 Sep 15:00 | 24 Nov 15:00 | 26 Dec 15:00 | 27 Apr 15:00 | 27 Oct 12:45 | 28 Nov 19:45 | 29 Dec 15:00 | 29 Sep 15:00 | 30 Jan 19:45 | 30 Mar 15:00
Alfred N'Diaye,,17,1295,1,34,22 23 24 25 26 27 28 29 30 31 32 33 34 35 36 37 38,02 Feb 15:00 | 02 Mar 15:00 | 06 May 20:00 | 07 Apr 15:00 | 09 Feb 15:00 | 09 Mar 15:00 | 12 Jan 15:00 | 12 May 15:00 | 14 Apr 12:00 | 17 Mar 13:30 | 19 Jan 15:00 | 19 May 16:00 | 20 Apr 15:00 | 23 Feb 15:00 | 29 Apr 20:00 | 29 Jan 19:45 | 30 Mar 12:45
Ali Al-Habsi,,38,2700,0,80,1 2 3 4 5 6 7 8 9 10 11 12 13 14 15 16 17 18 19 20 21 22 23 24 25 26 27 28 30 31 32 33 34 35 36 37 38,01 Jan 15:00 | 01 Sep 15:00 | 02 Feb 15:00 | 02 Mar 17:30 | 03 Dec 20:00 | 03 Nov 15:00 | 06 Oct 15:00 | 07 Apr 16:10 | 07 May 19:45 | 08 Dec 15:00 | 09 Feb 15:00 | 10 Nov 15:00 | 11 April 19:45 | 12 Jan 15:00 | 14 May 19:45 | 15 Dec 15:00 | 15 Sep 15:00 | 17 Apr 19:45 | 17 Mar 16:00 | 17 Nov 15:00 | 19 Aug 13:30 | 19 Jan 15:00 | 19 May 16:00 | 20 Apr 15:00 | 20 Oct 15:00 | 22 Dec 12:45 | 22 Sep 15:00 | 23 Feb 15:00 | 24 Nov 15:00 | 25 Aug 15:00 | 26 Dec 15:00 | 27 Apr 15:00 | 27 Oct 15:00 | 28 Nov 20:00 | 29 Dec 15:00 | 29 Jan 19:45 | 29 Sep 15:00 | 30 Mar 15:00
Alou Diarra,,36,141,0,3,1 2 3 4 5 6 7 8 9 10 11 12 13 14 15 16 17 18 20 21 22 23 24 25 26 27 28 30 31 32 33 34 35 36 37 38,01 Dec 12:45 | 01 Jan 15:00 | 01 Oct 20:00 | 01 Sep 12:45 | 02 Feb 15:00 | 02 Mar 15:00 | 03 Nov 17:30 | 04 May 15:00 | 06 Oct 17:30 | 07 Apr 13:30 | 09 Dec 16:00 | 10 Feb 13:30 | 11 Nov 15:00 | 12 Jan 15:00 | 12 May 15:00 | 15 Sep 12:45 | 16 Dec 16:00 | 17 Apr 19:45 | 17 Mar 16:00 | 18 Aug 15:00 | 19 May 16:00 | 19 Nov 20:00 | 20 Apr 15:00 | 20 Oct 15:00 | 22 Dec 15:00 | 22 Sep 15:00 | 23 Jan 19:45 | 25 Aug 12:45 | 25 Feb 20:00 | 25 Nov 16:00 | 27 Apr 12:45 | 27 Oct 15:00 | 28 Nov 20:00 | 29 Dec 15:00 | 30 Jan 20:00 | 30 Mar 15:00
Amine Linganzi,,2,0,0,0,19 29,20 March 20:00 | 31 Dec. 12:45
Anders Lindegaard,,38,900,0,26,1 2 3 4 5 6 7 8 9 10 11 12 13 14 15 16 17 18 19 20 21 22 23 24 25 26 27 28 29 30 31 32 33 34 35 36 37 38,01 Dec 17:30 | 01 Jan 15:00 | 02 Feb 17:30 | 02 Mar 15:00 | 02 Sep 16:00 | 03 Nov 12:45 | 05 May 16:00 | 07 Oct 16:00 | 08 Apr 20:00 | 09 Dec 13:30 | 10 Feb 16:00 | 10 Nov 17:30 | 12 May 16:00 | 13 Jan 13:30 | 15 Dec 15:00 | 15 Sep 15:00 | 16 Mar 17:30 | 17 Apr 19:45 | 17 Nov 17:30 | 18 March 13:30 | 19 May 16:00 | 20 Aug 20:00 | 20 Jan 16:00 | 20 Oct 15:00 | 22 Apr 20:00 | 23 Dec 13:30 | 23 Feb 15:00 | 23 Sep 13:30 | 24 Nov 15:00 | 25 Aug 15:00 | 26 Dec 15:00 | 28 Apr 16:00 | 28 Nov 20:00 | 28 Oct 16:00 | 29 Dec 15:00 | 29 Sep 17:30 | 30 Jan 20:00 | 30 Mar 12:45
Andre Wisdom,,32,1014,1,45,6 7 8 9 10 11 12 13 14 15 16 17 18 19 20 21 22 23 24 25 26 28 29 30 31 32 33 34 35 36 37 38,01 Dec 15:00 | 02 Jan 19:45 | 02 Mar 17:30 | 03 Feb 16:00 | 04 Nov 16:00 | 05 May 13:30 | 07 Apr 13:30 | 07 Oct 15:00 | 09 Dec 16:00 | 10 Mar 16:00 | 11 Nov 16:00 | 12 May 15:00 | 13 Apr 15:00 | 13 Jan 13:30 | 15 Dec 15:00 | 16 Mar 15:00 | 17 Feb 15:00 | 17 Nov 15:00 | 19 Jan 15:00 | 19 May 16:00 | 20 Oct 15:00 | 21 Apr 16:00 | 22 Dec 17:30 | 25 Nov 13:30 | 26 Dec 19:45 | 27 Apr 17:30 | 28 Nov 19:45 | 28 Oct 13:30 | 29 Sep 15:00 | 30 Dec 16:00 | 30 Jan 19:45 | 31 Mar 13:30
Andrea Orlandi,,36,0,0,0,1 2 3 4 5 6 7 8 9 10 11 12 13 14 15 16 17 18 19 20 21 22 23 24 25 26 28 29 30 31 32 34 35 36 37 38,01 Dec 15:00 | 01 Jan 15:00 | 01 Sep 15:00 | 02 Feb 15:00 | 02 Mar 15:00 | 03 Nov 15:00 | 06 Apr 15:00 | 06 Oct 15:00 | 07 May 19:45 | 08 Dec 15:00 | 09 Mar 15:00 | 10 Nov 15:00 | 12 Jan 15:00 | 12 May 16:00 | 15 Sep 15:00 | 16 Dec 13:30 | 16 Mar 15:00 | 17 Feb 15:00 | 17 Nov 15:00 | 18 Aug 15:00 | 19 Jan 15:00 | 19 May 16:00 | 20 Apr 15:00 | 20 Oct 15:00 | 22 Sep 12:45 | 23 Dec 13:30 | 25 Aug 12:45 | 25 Nov 13:30 | 26 Dec 15:00 | 27 Oct 17:30 | 28 Apr 15:00 | 28 Nov 19:45 | 29 Dec 15:00 | 29 Jan 19:45 | 29 Sep 15:00 | 30 Mar 15:00
Andreas Weimann,,31,1710,3,80,1 2 3 4 5 6 7 8 9 10 11 12 13 14 15 17 20 21 22 23 24 25 26 30 31 32 33 34 35 36 37,01 Dec 15:00 | 01 Jan 15:00 | 02 Feb 15:00 | 02 Sep 16:00 | 03 Nov 15:00 | 04 May 15:00 | 06 Apr 15:00 | 07 Oct 15:00 | 10 Feb 13:30 | 10 Nov 17:30 | 11 May 12:45 | 12 Jan 15:00 | 13 Apr 15:00 | 15 Sep 15:00 | 16 Mar 15:00 | 17 Nov 15:00 | 18 Aug 15:00 | 19 Jan 17:30 | 20 Oct 15:00 | 21 Dec. 19:45 | 22 Apr 20:00 | 22 Sep 15:00 | 24 Nov 17:30 | 25 Aug 15:00 | 27 Nov 20:00 | 27 Oct 12:45 | 29 Apr 20:00 | 29 Dec 15:00 | 29 Jan 19:45 | 30 Sep 16:00 | 31 Mar 13:30
Andrew Crofts,,38,0,0,0,1 2 3 4 5 6 7 8 9 10 11 12 13 14 15 16 17 18 19 20 21 22 23 24 25 26 27 28 29 30 31 32 33 34 35 36 37 38,01 Jan 15:00 | 01 Sep 15:00 | 02 Dec 16:00 | 02 Feb 12:45 | 02 Mar 15:00 | 03 Nov 15:00 | 04 May 15:00 | 06 Apr 15:00 | 06 Oct 15:00 | 08 Dec 15:00 | 09 Feb 15:00 | 09 Mar 15:00 | 10 Nov 15:00 | 12 Jan 15:00 | 12 May 15:00 | 13 Apr 15:00 | 15 Dec 15:00 | 15 Sep 12:45 | 17 Mar 13:30 | 17 Nov 17:30 | 18 Aug 15:00 | 19 Jan 15:00 | 19 May 16:00 | 20 Apr 15:00 | 20 Oct 17:30 | 22 Dec 15:00 | 23 Feb 15:00 | 23 Sep 15:00 | 24 Nov 15:00 | 25 Aug 15:00 | 26 Dec 15:00 | 27 Apr 15:00 | 27 Oct 12:45 | 28 Nov 19:45 | 29 Dec 15:00 | 29 Sep 15:00 | 30 Jan 19:45 | 30 Mar 15:00
Andrew Johnson,,38,135,1,7,1 2 3 4 5 6 7 8 9 10 11 12 13 14 15 16 17 18 19 20 21 22 23 24 25 26 27 28 29 30 31 32 33 34 35 36 37 38,01 Apr 20:00 | 01 Dec 15:00 | 01 Oct 20:00 | 01 Sep 17:30 | 02 Feb 12:45 | 02 Jan 19:45 | 02 Mar 15:00 | 04 May 17:30 | 04 Nov 13:30 | 06 Oct 15:00 | 07 Apr 16:10 | 08 Dec 15:00 | 09 Feb 15:00 | 09 Mar 15:00 | 10 Nov 15:00 | 12 Jan 12:45 | 12 May 15:00 | 13 Apr 15:00 | 15 Dec 15:00 | 15 Sep 15:00 | 16 Mar 15:00 | 17 Nov 15:00 | 18 Aug 15:00 | 19 Jan 15:00 | 19 May 16:00 | 20 Apr 15:00 | 21 Oct 16:00 | 22 Dec 15:00 | 23 Feb 15:00 | 23 Sep 16:00 | 24 Nov 15:00 | 25 Aug 15:00 | 26 Dec 15:00 | 27 Nov 19:45 | 27 Oct 15:00 | 28 Apr 13:30 | 29 Jan 19:45 | 30 Dec 16:00
Andrew Johnson A,,1,90,2,9,27,04 March 14:05
Andrew Keogh,,1,0,0,0,33,11 April 19:45
Andrew Surman,,38,270,0,7,1 2 3 4 5 6 7 8 9 10 11 12 13 14 15 16 17 18 19 20 21 22 23 24 25 26 27 28 29 30 31 32 33 34 35 36 37 38,01 Jan 15:00 | 01 Sep 15:00 | 02 Dec 16:00 | 02 Feb 12:45 | 02 Mar 15:00 | 03 Nov 15:00 | 04 May 15:00 | 06 Apr 15:00 | 06 Oct 15:00 | 08 Dec 15:00 | 09 Feb 15:00 | 09 Mar 15:00 | 10 Nov 15:00 | 12 Jan 15:00 | 12 May 15:00 | 13 Apr 15:00 | 15 Dec 15:00 | 15 Sep 12:45 | 17 Mar 13:30 | 17 Nov 17:30 | 18 Aug 15:00 | 19 Jan 15:00 | 19 May 16:00 | 20 Apr 15:00 | 20 Oct 17:30 | 22 Dec 15:00 | 23 Feb 15:00 | 23 Sep 15:00 | 24 Nov 15:00 | 25 Aug 15:00 | 26 Dec 15:00 | 27 Apr 15:00 | 27 Oct 12:45 | 28 Nov 19:45 | 29 Dec 15:00 | 29 Sep 15:00 | 30 Jan 19:45 | 30 Mar 15:00
Andrey Arshavin,,12,51,1,6,1 2 3 4 5 6 7 8 9 10 20 30,02 Sep 13:30 | 03 Nov 12:45 | 06 Oct 17:30 | 15 Sep 15:00 | 16 Mar 15:00 | 18 Aug 15:00 | 20 Oct 17:30 | 23 Sep 16:00 | 26 Aug 13:30 | 27 Oct 15:00 | 29 Dec 17:30 | 29 Sep 12:45
Andros Townsend,,40,1051,2,49,1 2 3 4 5 6 7 8 9 10 11 12 13 14 15 16 17 18 19 20 21 22 23 24 25 26 27 28 29 30 31 32 33 34 35 36 37 38,01 Apr 20:00 | 01 Dec 15:00 | 01 Jan 15:00 | 01 Sep 15:00 | 02 Feb 12:45 | 02 Mar 15:00 | 03 Nov 15:00 | 04 March 16:10 | 04 May 17:30 | 07 Apr 16:10 | 07 Oct 15:00 | 09 April 15:00 | 09 Dec 15:00 | 09 Feb 15:00 | 09 Mar 15:00 | 11 Nov 13:30 | 12 Jan 12:45 | 12 May 15:00 | 13 Apr 15:00 | 16 Dec 13:30 | 16 Mar 15:00 | 16 Sep 16:00 | 17 Nov 12:45 | 18 Aug 17:30 | 19 May 16:00 | 20 Apr 15:00 | 20 Jan 16:00 | 20 Oct 12:45 | 22 Dec 15:00 | 23 Feb 15:00 | 23 Sep 16:00 | 25 Aug 15:00 | 25 Nov 16:00 | 26 Dec 17:30 | 28 Apr 13:30 | 28 Nov 19:45 | 28 Oct 15:00 | 29 Dec 12:45 | 29 Sep 17:30 | 30 Jan 19:45
Andy Carroll,,37,1872,5,87,1 2 3 4 5 6 7 8 9 10 11 12 13 14 15 16 17 18 20 21 22 23 24 25 26 27 28 29 30 31 32 33 34 35 36 37 38,01 Dec 12:45 | 01 Jan 15:00 | 01 Oct 20:00 | 01 Sep 12:45 | 02 Feb 15:00 | 02 Mar 15:00 | 03 Nov 17:30 | 04 May 15:00 | 06 Oct 17:30 | 07 Apr 13:30 | 09 Dec 16:00 | 10 Feb 13:30 | 11 Nov 15:00 | 12 Jan 15:00 | 12 May 15:00 | 15 Sep 12:45 | 16 Dec 16:00 | 17 Apr 19:45 | 17 Mar 16:00 | 18 Aug 15:00 | 19 May 16:00 | 19 Nov 20:00 | 20 Apr 15:00 | 20 Oct 15:00 | 21 March 20:00 | 22 Dec 15:00 | 22 Sep 15:00 | 23 Jan 19:45 | 25 Feb 20:00 | 25 Nov 16:00 | 26 Aug 16:00 | 27 Apr 12:45 | 27 Oct 15:00 | 28 Nov 20:00 | 29 Dec 15:00 | 30 Jan 20:00 | 30 Mar 15:00
Andy Marshall,,16,0,0,0,1 2 3 4 5 6 7 8 9 10 12 13 20 22 23 30,02 Sep 16:00 | 03 Nov 15:00 | 07 Oct 15:00 | 12 Jan 15:00 | 15 Sep 15:00 | 16 Mar 15:00 | 17 Nov 15:00 | 18 Aug 15:00 | 19 Jan 17:30 | 20 Oct 15:00 | 22 Sep 15:00 | 24 Nov 17:30 | 25 Aug 15:00 | 27 Oct 12:45 | 29 Dec 15:00 | 30 Sep 16:00
Andy Wilkinson,,40,1782,0,48,1 2 3 4 5 6 7 8 9 10 11 12 13 14 15 16 17 18 19 20 21 22 23 24 25 26 27 28 29 30 31 32 33 34 35 36 37 38,01 Dec 15:00 | 01 Jan 15:00 | 01 Sep 15:00 | 02 Feb 15:00 | 02 Mar 15:00 | 03 Nov 15:00 | 06 Apr 15:00 | 06 May 20:00 | 07 Oct 15:00 | 08 Dec 15:00 | 09 Feb 15:00 | 10 Mar 15:00 | 10 Nov 15:00 | 12 Jan 15:00 | 12 May 13:30 | 14 Apr 14:05 | 15 Dec 15:00 | 15 Sep 15:00 | 16 Mar 15:00 | 18 Aug 15:00 | 19 Jan 15:00 | 19 May 16:00 | 19 Nov 20:00 | 20 Apr 15:00 | 20 Oct 15:00 | 21 Aug. 13:30 | 22 Dec 15:00 | 22 Sep 15:00 | 23 Feb 12:45 | 24 Nov 15:00 | 26 Aug 13:30 | 26 Dec 19:45 | 27 Apr 15:00 | 27 Oct 15:00 | 28 Aug. 15:00 | 28 Nov 19:45 | 29 Dec 15:00 | 29 Jan 19:45 | 29 Sep 15:00 | 30 Mar 17:30
Angel Rangel,,36,2573,1,96,1 2 3 4 5 6 7 8 9 10 11 12 13 14 15 16 17 18 19 20 21 22 23 24 25 26 28 29 30 31 32 34 35 36 37 38,01 Dec 15:00 | 01 Jan 15:00 | 01 Sep 15:00 | 02 Feb 15:00 | 02 Mar 15:00 | 03 Nov 15:00 | 06 Apr 15:00 | 06 Oct 15:00 | 07 May 19:45 | 08 Dec 15:00 | 09 Mar 15:00 | 10 Nov 15:00 | 12 Jan 15:00 | 12 May 16:00 | 15 Sep 15:00 | 16 Dec 13:30 | 16 Mar 15:00 | 17 Feb 15:00 | 17 Nov 15:00 | 18 Aug 15:00 | 19 Jan 15:00 | 19 May 16:00 | 20 Apr 15:00 | 20 Oct 15:00 | 22 Sep 12:45 | 23 Dec 13:30 | 25 Aug 12:45 | 25 Nov 13:30 | 26 Dec 15:00 | 27 Oct 17:30 | 28 Apr 15:00 | 28 Nov 19:45 | 29 Dec 15:00 | 29 Jan 19:45 | 29 Sep 15:00 | 30 Mar 15:00
Angelo Henriquez,,16,50,0,7,22 23 24 25 26 27 28 30 31 32 33 34 35 36 37 38,02 Feb 15:00 | 02 Mar 17:30 | 07 Apr 16:10 | 07 May 19:45 | 09 Feb 15:00 | 12 Jan 15:00 | 14 May 19:45 | 17 Apr 19:45 | 17 Mar 16:00 | 19 Jan 15:00 | 19 May 16:00 | 20 Apr 15:00 | 23 Feb 15:00 | 27 Apr 15:00 | 29 Jan 19:45 | 30 Mar 15:00
Anthony Modeste,,2,0,0,0,27 33,03 March 15:00 | 10 April 20:00
Anthony Pilkington,,38,2157,3,104,1 2 3 4 5 6 7 8 9 10 11 12 13 14 15 16 17 18 19 20 21 22 23 24 25 26 27 28 29 30 31 32 33 34 35 36 37 38,01 Jan 15:00 | 01 Sep 15:00 | 02 Dec 16:00 | 02 Feb 12:45 | 02 Mar 15:00 | 03 Nov 15:00 | 04 May 15:00 | 06 Apr 15:00 | 06 Oct 15:00 | 08 Dec 15:00 | 09 Feb 15:00 | 09 Mar 15:00 | 10 Nov 15:00 | 12 Jan 15:00 | 12 May 15:00 | 13 Apr 15:00 | 15 Dec 15:00 | 15 Sep 12:45 | 17 Mar 13:30 | 17 Nov 17:30 | 18 Aug 15:00 | 19 Jan 15:00 | 19 May 16:00 | 20 Apr 15:00 | 20 Oct 17:30 | 22 Dec 15:00 | 23 Feb 15:00 | 23 Sep 15:00 | 24 Nov 15:00 | 25 Aug 15:00 | 26 Dec 15:00 | 27 Apr 15:00 | 27 Oct 12:45 | 28 Nov 19:45 | 29 Dec 15:00 | 29 Sep 15:00 | 30 Jan 19:45 | 30 Mar 15:00
Antolin Alcaraz,,38,782,0,26,1 2 3 4 5 6 7 8 9 10 11 12 13 14 15 16 17 18 19 20 21 22 23 24 25 26 27 28 30 31 32 33 34 35 36 37 38,01 Jan 15:00 | 01 Sep 15:00 | 02 Feb 15:00 | 02 Mar 17:30 | 03 Dec 20:00 | 03 Nov 15:00 | 06 Oct 15:00 | 07 Apr 16:10 | 07 May 19:45 | 08 Dec 15:00 | 09 Feb 15:00 | 10 Nov 15:00 | 11 April 19:45 | 12 Jan 15:00 | 14 May 19:45 | 15 Dec 15:00 | 15 Sep 15:00 | 17 Apr 19:45 | 17 Mar 16:00 | 17 Nov 15:00 | 19 Aug 13:30 | 19 Jan 15:00 | 19 May 16:00 | 20 Apr 15:00 | 20 Oct 15:00 | 22 Dec 12:45 | 22 Sep 15:00 | 23 Feb 15:00 | 24 Nov 15:00 | 25 Aug 15:00 | 26 Dec 15:00 | 27 Apr 15:00 | 27 Oct 15:00 | 28 Nov 20:00 | 29 Dec 15:00 | 29 Jan 19:45 | 29 Sep 15:00 | 30 Mar 15:00
Anton Ferdinand,,39,915,0,17,1 2 3 4 5 6 7 8 9 10 11 12 13 14 15 16 17 18 19 20 21 22 23 24 25 26 27 28 29 30 31 32 33 34 35 36 37 38,01 Apr 20:00 | 01 Dec 15:00 | 01 Oct 20:00 | 01 Sep 17:30 | 02 Feb 12:45 | 02 Jan 19:45 | 02 Mar 15:00 | 04 May 17:30 | 04 Nov 13:30 | 06 Oct 15:00 | 07 Apr 16:10 | 08 Dec 15:00 | 09 Feb 15:00 | 09 Mar 15:00 | 10 Nov 15:00 | 12 Jan 12:45 | 12 May 15:00 | 13 Apr 15:00 | 15 Dec 15:00 | 15 Sep 15:00 | 16 Mar 15:00 | 17 Nov 15:00 | 18 Aug 15:00 | 19 Jan 15:00 | 19 May 16:00 | 20 Apr 15:00 | 21 Dec. 20:00 | 21 Oct 16:00 | 22 Dec 15:00 | 23 Feb 15:00 | 23 Sep 16:00 | 24 Nov 15:00 | 25 Aug 15:00 | 26 Dec 15:00 | 27 Nov 19:45 | 27 Oct 15:00 | 28 Apr 13:30 | 29 Jan 19:45 | 30 Dec 16:00
Antonio Valencia,,38,2207,9,100,1 2 3 4 5 6 7 8 9 10 11 12 13 14 15 16 17 18 19 20 21 22 23 24 25 26 27 28 29 30 31 32 33 34 35 36 37 38,01 Dec 17:30 | 01 Jan 15:00 | 02 Feb 17:30 | 02 Mar 15:00 | 02 Sep 16:00 | 03 Nov 12:45 | 05 May 16:00 | 07 Oct 16:00 | 08 Apr 20:00 | 09 Dec 13:30 | 10 Feb 16:00 | 10 Nov 17:30 | 12 May 16:00 | 13 Jan 13:30 | 15 Dec 15:00 | 15 Sep 15:00 | 16 Mar 17:30 | 17 Apr 19:45 | 17 Nov 17:30 | 18 March 13:30 | 19 May 16:00 | 20 Aug 20:00 | 20 Jan 16:00 | 20 Oct 15:00 | 22 Apr 20:00 | 23 Dec 13:30 | 23 Feb 15:00 | 23 Sep 13:30 | 24 Nov 15:00 | 25 Aug 15:00 | 26 Dec 15:00 | 28 Apr 16:00 | 28 Nov 20:00 | 28 Oct 16:00 | 29 Dec 15:00 | 29 Sep 17:30 | 30 Jan 20:00 | 30 Mar 12:45
Apostolos Vellios,,38,61,1,9,1 2 3 4 5 6 7 8 9 10 11 12 13 14 15 16 17 18 19 20 21 22 23 24 25 26 27 28 29 30 31 32 33 34 35 36 37 38,01 Dec 15:00 | 01 Sep 15:00 | 02 Feb 15:00 | 02 Jan 20:00 | 02 Mar 15:00 | 03 Nov 15:00 | 05 May 13:30 | 06 Oct 15:00 | 07 Apr 14:05 | 09 Dec 15:00 | 10 Feb 16:00 | 10 Nov 15:00 | 12 Jan 15:00 | 12 May 15:00 | 15 Dec 15:00 | 16 Apr 19:45 | 16 Mar 12:45 | 17 Nov 15:00 | 17 Sep 20:00 | 19 May 16:00 | 20 Apr 15:00 | 20 Aug 20:00 | 21 Jan 20:00 | 21 March 20:00 | 21 Oct 16:00 | 22 Dec 15:00 | 22 Sep 12:45 | 23 Feb 15:00 | 24 Nov 15:00 | 25 Aug 15:00 | 26 Dec 15:00 | 27 Apr 15:00 | 28 Nov 19:45 | 28 Oct 13:30 | 29 Sep 15:00 | 30 Dec 13:30 | 30 Jan 19:45 | 30 Mar 17:30
Armand Traore,,38,2091,0,61,1 2 3 4 5 6 7 8 9 10 11 12 13 14 15 16 17 18 19 20 21 22 23 24 25 26 27 28 29 30 31 32 33 34 35 36 37 38,01 Apr 20:00 | 01 Dec 15:00 | 01 Oct 20:00 | 01 Sep 17:30 | 02 Feb 12:45 | 02 Jan 19:45 | 02 Mar 15:00 | 04 May 17:30 | 04 Nov 13:30 | 06 Oct 15:00 | 07 Apr 16:10 | 08 Dec 15:00 | 09 Feb 15:00 | 09 Mar 15:00 | 10 Nov 15:00 | 12 Jan 12:45 | 12 May 15:00 | 13 Apr 15:00 | 15 Dec 15:00 | 15 Sep 15:00 | 16 Mar 15:00 | 17 Nov 15:00 | 18 Aug 15:00 | 19 Jan 15:00 | 19 May 16:00 | 20 Apr 15:00 | 21 Oct 16:00 | 22 Dec 15:00 | 23 Feb 15:00 | 23 Sep 16:00 | 24 Nov 15:00 | 25 Aug 15:00 | 26 Dec 15:00 | 27 Nov 19:45 | 27 Oct 15:00 | 28 Apr 13:30 | 29 Jan 19:45 | 30 Dec 16:00
Arouna Kone,,37,2842,5,131,1 2 3 4 5 6 7 8 9 10 11 12 13 14 15 16 17 18 19 20 21 22 23 24 25 26 27 28 30 31 32 33 34 35 36 37 38,01 Jan 15:00 | 01 Sep 15:00 | 02 Feb 15:00 | 02 Mar 17:30 | 03 Dec 20:00 | 03 Nov 15:00 | 06 Oct 15:00 | 07 Apr 16:10 | 07 May 19:45 | 08 Dec 15:00 | 09 Feb 15:00 | 10 Nov 15:00 | 12 Jan 15:00 | 14 May 19:45 | 15 Dec 15:00 | 15 Sep 15:00 | 17 Apr 19:45 | 17 Mar 16:00 | 17 Nov 15:00 | 19 Aug 13:30 | 19 Jan 15:00 | 19 May 16:00 | 20 Apr 15:00 | 20 Oct 15:00 | 22 Dec 12:45 | 22 Sep 15:00 | 23 Feb 15:00 | 24 Nov 15:00 | 25 Aug 15:00 | 26 Dec 15:00 | 27 Apr 15:00 | 27 Oct 15:00 | 28 Nov 20:00 | 29 Dec 15:00 | 29 Jan 19:45 | 29 Sep 15:00 | 30 Mar 15:00
Artur Boruc,,30,1665,0,56,8 9 10 11 12 13 14 15 16 18 19 20 21 22 23 24 25 26 27 28 29 30 31 32 33 34 35 36 37 38,01 Dec 15:00 | 01 Jan 17:30 | 02 Feb 15:00 | 02 Mar 15:00 | 04 May 15:00 | 05 Nov 20:00 | 06 Apr 12:45 | 08 Dec 15:00 | 09 Feb 17:30 | 09 Mar 15:00 | 10 Nov 15:00 | 12 May 15:00 | 13 Apr 15:00 | 16 Jan 19:45 | 16 Mar 15:00 | 17 Nov 15:00 | 19 May 16:00 | 20 Apr 15:00 | 20 Oct 15:00 | 21 Jan 20:00 | 22 Dec 15:00 | 24 Feb 13:30 | 25 Nov 15:00 | 26 Dec 15:00 | 27 Apr 15:00 | 28 Nov 19:45 | 28 Oct 15:00 | 29 Dec 15:00 | 30 Jan 20:00 | 30 Mar 15:00
Ashkan Dejagah,,34,1194,4,45,4 5 6 7 8 9 10 11 12 13 14 15 16 17 18 19 20 21 22 23 24 25 26 27 28 30 31 32 33 34 35 36 37 38,01 Apr 20:00 | 01 Dec 15:00 | 01 Jan 12:45 | 02 Feb 17:30 | 02 Mar 15:00 | 03 Nov 15:00 | 04 May 15:00 | 07 Apr 15:00 | 07 Oct 13:30 | 09 Feb 15:00 | 10 Dec 20:00 | 10 Nov 15:00 | 12 Jan 15:00 | 12 May 15:00 | 15 Dec 15:00 | 15 Sep 15:00 | 17 Apr 20:00 | 17 Mar 15:00 | 18 Nov 16:00 | 19 Jan 15:00 | 19 May 16:00 | 20 Apr 15:00 | 20 Oct 15:00 | 22 Dec 17:30 | 22 Sep 15:00 | 23 Feb 12:45 | 24 Nov 15:00 | 26 Dec 15:00 | 27 Apr 15:00 | 27 Oct 15:00 | 28 Nov 19:45 | 29 Dec 15:00 | 29 Sep 15:00 | 30 Jan 20:00
Ashley Cole A,,36,2610,2,103,1 2 4 5 6 7 8 9 10 11 12 13 14 15 16 18 19 20 21 22 23 24 25 26 27 28 29 30 31 32 33 34 35 36 37 38,01 Dec 12:45 | 02 Feb 15:00 | 02 Jan 19:45 | 02 Mar 15:00 | 03 Nov 15:00 | 06 Oct 15:00 | 07 Apr 15:00 | 08 Dec 15:00 | 08 May 19:45 | 09 Feb 15:00 | 11 May 12:45 | 11 Nov 16:00 | 15 Sep 15:00 | 16 Jan 19:45 | 17 Apr 20:00 | 17 Mar 16:00 | 17 Nov 15:00 | 19 May 16:00 | 20 Jan 13:30 | 20 Oct 12:45 | 21 Apr 16:00 | 21 March 19:45 | 22 Aug 19:45 | 22 Sep 15:00 | 23 Dec 16:00 | 24 Feb 13:30 | 25 Aug 17:30 | 25 Nov 16:00 | 26 Dec 15:00 | 28 Apr 15:00 | 28 Nov 19:45 | 28 Oct 16:00 | 29 Sep 12:45 | 30 Dec 13:30 | 30 Jan 20:00 | 30 Mar 15:00
Ashley Richards,,36,0,0,0,1 2 3 4 5 6 7 8 9 10 11 12 13 14 15 16 17 18 19 20 21 22 23 24 25 26 28 29 30 31 32 34 35 36 37 38,01 Dec 15:00 | 01 Jan 15:00 | 01 Sep 15:00 | 02 Feb 15:00 | 02 Mar 15:00 | 03 Nov 15:00 | 06 Apr 15:00 | 06 Oct 15:00 | 07 May 19:45 | 08 Dec 15:00 | 09 Mar 15:00 | 10 Nov 15:00 | 12 Jan 15:00 | 12 May 16:00 | 15 Sep 15:00 | 16 Dec 13:30 | 16 Mar 15:00 | 17 Feb 15:00 | 17 Nov 15:00 | 18 Aug 15:00 | 19 Jan 15:00 | 19 May 16:00 | 20 Apr 15:00 | 20 Oct 15:00 | 22 Sep 12:45 | 23 Dec 13:30 | 25 Aug 12:45 | 25 Nov 13:30 | 26 Dec 15:00 | 27 Oct 17:30 | 28 Apr 15:00 | 28 Nov 19:45 | 29 Dec 15:00 | 29 Jan 19:45 | 29 Sep 15:00 | 30 Mar 15:00
Ashley Westwood,,35,2455,7,83,4 5 6 7 8 9 10 11 12 13 14 15 16 17 18 19 20 21 22 23 24 25 26 27 28 29 30 31 32 33 34 35 36 37 38,01 Dec 15:00 | 01 Jan 15:00 | 02 Feb 15:00 | 03 Nov 15:00 | 04 Mar 20:00 | 04 May 15:00 | 06 Apr 15:00 | 07 Oct 15:00 | 08 Dec 15:00 | 09 Mar 15:00 | 10 Feb 13:30 | 10 Nov 17:30 | 11 May 12:45 | 12 Jan 15:00 | 13 Apr 15:00 | 15 Dec 15:00 | 15 Sep 15:00 | 16 Mar 15:00 | 17 Nov 15:00 | 19 Jan 17:30 | 19 May 16:00 | 20 Oct 15:00 | 22 Apr 20:00 | 22 Sep 15:00 | 23 Dec 16:00 | 23 Feb 15:00 | 24 Nov 17:30 | 26 Dec 17:30 | 27 Nov 20:00 | 27 Oct 12:45 | 29 Apr 20:00 | 29 Dec 15:00 | 29 Jan 19:45 | 30 Sep 16:00 | 31 Mar 13:30
Ashley Williams,,36,3150,0,89,1 2 3 4 5 6 7 8 9 10 11 12 13 14 15 16 17 18 19 20 21 22 23 24 25 26 28 29 30 31 32 34 35 36 37 38,01 Dec 15:00 | 01 Jan 15:00 | 01 Sep 15:00 | 02 Feb 15:00 | 02 Mar 15:00 | 03 Nov 15:00 | 06 Apr 15:00 | 06 Oct 15:00 | 07 May 19:45 | 08 Dec 15:00 | 09 Mar 15:00 | 10 Nov 15:00 | 12 Jan 15:00 | 12 May 16:00 | 15 Sep 15:00 | 16 Dec 13:30 | 16 Mar 15:00 | 17 Feb 15:00 | 17 Nov 15:00 | 18 Aug 15:00 | 19 Jan 15:00 | 19 May 16:00 | 20 Apr 15:00 | 20 Oct 15:00 | 22 Sep 12:45 | 23 Dec 13:30 | 25 Aug 12:45 | 25 Nov 13:30 | 26 Dec 15:00 | 27 Oct 17:30 | 28 Apr 15:00 | 28 Nov 19:45 | 29 Dec 15:00 | 29 Jan 19:45 | 29 Sep 15:00 | 30 Mar 15:00
Ashley Young,,37,1369,5,58,1 2 3 4 5 6 7 8 9 10 11 12 13 14 15 16 17 18 19 20 21 22 23 24 25 26 27 28 30 31 32 33 34 35 36 37 38,01 Dec 17:30 | 01 Jan 15:00 | 02 Feb 17:30 | 02 Mar 15:00 | 02 Sep 16:00 | 03 Nov 12:45 | 05 May 16:00 | 07 Oct 16:00 | 08 Apr 20:00 | 09 Dec 13:30 | 10 Feb 16:00 | 10 Nov 17:30 | 12 May 16:00 | 13 Jan 13:30 | 15 Dec 15:00 | 15 Sep 15:00 | 16 Mar 17:30 | 17 Apr 19:45 | 17 Nov 17:30 | 19 May 16:00 | 20 Aug 20:00 | 20 Jan 16:00 | 20 Oct 15:00 | 22 Apr 20:00 | 23 Dec 13:30 | 23 Feb 15:00 | 23 Sep 13:30 | 24 Nov 15:00 | 25 Aug 15:00 | 26 Dec 15:00 | 28 Apr 16:00 | 28 Nov 20:00 | 28 Oct 16:00 | 29 Dec 15:00 | 29 Sep 17:30 | 30 Jan 20:00 | 30 Mar 12:45
Asmir Begovic,,40,3600,0,154,1 2 3 4 5 6 7 8 9 10 11 12 13 14 15 16 17 18 19 20 21 22 23 24 25 26 27 28 29 30 31 32 33 34 35 36 37 38,01 Dec 15:00 | 01 Jan 15:00 | 01 Sep 15:00 | 02 Feb 15:00 | 02 Mar 15:00 | 03 Nov 15:00 | 06 Apr 15:00 | 06 May 20:00 | 07 Oct 15:00 | 08 Dec 15:00 | 09 Feb 15:00 | 10 Mar 15:00 | 10 Nov 15:00 | 12 Jan 15:00 | 12 May 13:30 | 14 Apr 14:05 | 15 Dec 15:00 | 15 Sep 15:00 | 16 Mar 15:00 | 18 Aug 15:00 | 19 Jan 15:00 | 19 May 16:00 | 19 Nov 20:00 | 20 Apr 15:00 | 20 Oct 15:00 | 21 Aug. 13:30 | 22 Dec 15:00 | 22 Sep 15:00 | 23 Feb 12:45 | 24 Nov 15:00 | 26 Aug 13:30 | 26 Dec 19:45 | 27 Apr 15:00 | 27 Oct 15:00 | 28 Aug. 15:00 | 28 Nov 19:45 | 29 Dec 15:00 | 29 Jan 19:45 | 29 Sep 15:00 | 30 Mar 17:30
Bacary Sagna,,15,450,0,17,1 2 3 4 5 6 7 8 9 10 13 20 23 30 33,02 Sep 13:30 | 03 Nov 12:45 | 06 Oct 17:30 | 15 Sep 15:00 | 16 Apr 19:45 | 16 Mar 15:00 | 18 Aug 15:00 | 20 Oct 17:30 | 23 Jan 19:45 | 23 Sep 16:00 | 24 Nov 17:30 | 26 Aug 13:30 | 27 Oct 15:00 | 29 Dec 17:30 | 29 Sep 12:45
Barry Bannan,,12,638,2,27,1 2 3 4 5 6 7 8 9 10 20 30,02 Sep 16:00 | 03 Nov 15:00 | 07 Oct 15:00 | 15 Sep 15:00 | 16 Mar 15:00 | 18 Aug 15:00 | 20 Oct 15:00 | 22 Sep 15:00 | 25 Aug 15:00 | 27 Oct 12:45 | 29 Dec 15:00 | 30 Sep 16:00
Ben Amos,,38,0,0,0,1 2 3 4 5 6 7 8 9 10 11 12 13 14 15 16 17 18 19 20 21 22 23 24 25 26 27 28 29 30 31 32 33 34 35 36 37 38,01 Dec 17:30 | 01 Jan 15:00 | 02 Feb 17:30 | 02 Mar 15:00 | 02 Sep 16:00 | 03 Nov 12:45 | 05 May 16:00 | 07 Oct 16:00 | 08 Apr 20:00 | 09 Dec 13:30 | 10 Feb 16:00 | 10 Nov 17:30 | 12 May 16:00 | 13 Jan 13:30 | 15 Dec 15:00 | 15 Sep 15:00 | 16 Mar 17:30 | 17 Apr 19:45 | 17 Nov 17:30 | 18 March 13:30 | 19 May 16:00 | 20 Aug 20:00 | 20 Jan 16:00 | 20 Oct 15:00 | 22 Apr 20:00 | 23 Dec 13:30 | 23 Feb 15:00 | 23 Sep 13:30 | 24 Nov 15:00 | 25 Aug 15:00 | 26 Dec 15:00 | 28 Apr 16:00 | 28 Nov 20:00 | 28 Oct 16:00 | 29 Dec 15:00 | 29 Sep 17:30 | 30 Jan 20:00 | 30 Mar 12:45
Ben Davies,,35,2872,2,92,2 3 4 5 6 7 8 9 10 11 12 13 14 15 16 17 18 19 20 21 22 23 24 25 26 28 29 30 31 32 34 35 36 37 38,01 Dec 15:00 | 01 Jan 15:00 | 01 Sep 15:00 | 02 Feb 15:00 | 02 Mar 15:00 | 03 Nov 15:00 | 06 Apr 15:00 | 06 Oct 15:00 | 07 May 19:45 | 08 Dec 15:00 | 09 Mar 15:00 | 10 Nov 15:00 | 12 Jan 15:00 | 12 May 16:00 | 15 Sep 15:00 | 16 Dec 13:30 | 16 Mar 15:00 | 17 Feb 15:00 | 17 Nov 15:00 | 19 Jan 15:00 | 19 May 16:00 | 20 Apr 15:00 | 20 Oct 15:00 | 22 Sep 12:45 | 23 Dec 13:30 | 25 Aug 12:45 | 25 Nov 13:30 | 26 Dec 15:00 | 27 Oct 17:30 | 28 Apr 15:00 | 28 Nov 19:45 | 29 Dec 15:00 | 29 Jan 19:45 | 29 Sep 15:00 | 30 Mar 15:00
Ben Foster,,39,2790,0,109,1 2 3 4 5 6 7 8 9 10 11 12 13 14 15 16 17 18 19 20 21 22 23 24 25 26 27 28 29 30 31 32 34 35 36 37 38,01 Dec 15:00 | 01 Jan 12:45 | 01 Jan. 12:30 | 01 Sep 15:00 | 02 Mar 15:00 | 03 Feb 13:30 | 05 Nov 20:00 | 06 Apr 15:00 | 06 Oct 15:00 | 07 May 19:45 | 08 Dec 15:00 | 09 Mar 15:00 | 10 Nov 15:00 | 11 Feb 20:00 | 12 Jan 15:00 | 12 May 15:00 | 15 Sep 15:00 | 16 Dec 16:00 | 16 Mar 15:00 | 17 March 15:00 | 17 Nov 15:00 | 18 Aug 15:00 | 19 Jan 17:30 | 19 May 16:00 | 20 Apr 15:00 | 20 Oct 15:00 | 22 Dec 15:00 | 22 Sep 15:00 | 23 Feb 15:00 | 24 Nov 12:45 | 25 Aug 15:00 | 26 Dec 15:00 | 27 Apr 15:00 | 28 Nov 19:45 | 28 Oct 15:00 | 29 Dec 15:00 | 30 Jan 19:45 | 30 Mar 15:00 | 30 Sep 16:00
Ben Marshall,,1,0,0,0,29,21 March 19:45
Ben Reeves,,37,28,0,3,1 2 3 4 5 6 7 8 9 10 11 12 13 14 15 16 18 19 20 21 22 23 24 25 26 27 28 29 30 31 32 33 34 35 36 37 38,01 Dec 15:00 | 01 Jan 17:30 | 02 Feb 15:00 | 02 Mar 15:00 | 02 Sep 16:00 | 04 May 15:00 | 05 Nov 20:00 | 06 Apr 12:45 | 07 Oct 13:30 | 08 Dec 15:00 | 09 Feb 17:30 | 09 Mar 15:00 | 10 Nov 15:00 | 12 May 15:00 | 13 Apr 15:00 | 15 Sep 15:00 | 16 Jan 19:45 | 16 Mar 15:00 | 17 Nov 15:00 | 19 Aug 16:00 | 19 May 16:00 | 20 Apr 15:00 | 20 Oct 15:00 | 21 Jan 20:00 | 22 Dec 15:00 | 22 Sep 15:00 | 24 Feb 13:30 | 25 Aug 15:00 | 25 Nov 15:00 | 26 Dec 15:00 | 27 Apr 15:00 | 28 Nov 19:45 | 28 Oct 15:00 | 29 Dec 15:00 | 29 Sep 15:00 | 30 Jan 20:00 | 30 Mar 15:00
Ben Watson,,38,532,2,30,1 2 3 4 5 6 7 8 9 10 11 12 13 14 15 16 17 18 19 20 21 22 23 24 25 26 27 28 30 31 32 33 34 35 36 37 38,01 Jan 15:00 | 01 Sep 15:00 | 02 Feb 15:00 | 02 Mar 17:30 | 03 Dec 20:00 | 03 Nov 15:00 | 06 Oct 15:00 | 07 Apr 16:10 | 07 May 19:45 | 08 Dec 15:00 | 09 Feb 15:00 | 10 Nov 15:00 | 11 April 19:45 | 12 Jan 15:00 | 14 May 19:45 | 15 Dec 15:00 | 15 Sep 15:00 | 17 Apr 19:45 | 17 Mar 16:00 | 17 Nov 15:00 | 19 Aug 13:30 | 19 Jan 15:00 | 19 May 16:00 | 20 Apr 15:00 | 20 Oct 15:00 | 22 Dec 12:45 | 22 Sep 15:00 | 23 Feb 15:00 | 24 Nov 15:00 | 25 Aug 15:00 | 26 Dec 15:00 | 27 Apr 15:00 | 27 Oct 15:00 | 28 Nov 20:00 | 29 Dec 15:00 | 29 Jan 19:45 | 29 Sep 15:00 | 30 Mar 15:00
Benoit Assou-Ekotto,,38,1141,0,40,1 2 3 4 5 6 7 8 9 10 11 12 13 14 15 16 17 18 19 20 21 22 23 24 25 26 27 28 29 30 31 32 34 35 36 37 38,01 Dec 15:00 | 01 Jan 15:00 | 01 Sep 15:00 | 03 Feb 13:30 | 03 Mar 16:00 | 03 Nov 15:00 | 07 Apr 14:05 | 07 Oct 15:00 | 08 May 19:45 | 09 Dec 15:00 | 09 Feb 12:45 | 10 Mar 16:00 | 11 Nov 13:30 | 12 Jan 12:45 | 12 May 13:30 | 16 Dec 13:30 | 16 Sep 16:00 | 17 Mar 15:00 | 17 Nov 12:45 | 18 Aug 17:30 | 19 May 16:00 | 20 Jan 16:00 | 20 Oct 12:45 | 21 Apr 13:30 | 22 Aug. 20:00 | 22 Dec 15:00 | 23 Sep 16:00 | 25 Aug 15:00 | 25 Feb 20:00 | 25 Nov 16:00 | 26 Dec 17:30 | 27 Apr 15:00 | 28 Nov 19:45 | 28 Oct 15:00 | 29 Dec 12:45 | 29 Sep 17:30 | 30 Jan 19:45 | 30 Mar 15:00
Billy Jones,,38,2213,3,63,1 2 3 4 5 6 7 8 9 10 11 12 13 14 15 16 17 18 19 20 21 22 23 24 25 26 27 28 29 30 31 32 34 35 36 37 38,01 Dec 15:00 | 01 Jan 12:45 | 01 Sep 15:00 | 02 Mar 15:00 | 03 Feb 13:30 | 05 Nov 20:00 | 06 Apr 15:00 | 06 Oct 15:00 | 07 May 19:45 | 08 Dec 15:00 | 09 Mar 15:00 | 10 Nov 15:00 | 11 Feb 20:00 | 12 Jan 15:00 | 12 May 15:00 | 15 Sep 15:00 | 16 Dec 16:00 | 16 Mar 15:00 | 17 March 15:00 | 17 Nov 15:00 | 18 Aug 15:00 | 19 Jan 17:30 | 19 May 16:00 | 20 Apr 15:00 | 20 Oct 15:00 | 22 Dec 15:00 | 22 Sep 15:00 | 23 Feb 15:00 | 24 Nov 12:45 | 25 Aug 15:00 | 26 Dec 15:00 | 27 Apr 15:00 | 28 Nov 19:45 | 28 Oct 15:00 | 29 Dec 15:00 | 30 Jan 19:45 | 30 Mar 15:00 | 30 Sep 16:00
Billy Sharp,,37,20,0,2,1 2 3 4 5 6 7 8 9 10 11 12 13 14 15 16 18 19 20 21 22 23 24 25 26 27 28 29 30 31 32 33 34 35 36 37 38,01 Dec 15:00 | 01 Jan 17:30 | 02 Feb 15:00 | 02 Mar 15:00 | 02 Sep 16:00 | 04 May 15:00 | 05 Nov 20:00 | 06 Apr 12:45 | 07 Oct 13:30 | 08 Dec 15:00 | 09 Feb 17:30 | 09 Mar 15:00 | 10 Nov 15:00 | 12 May 15:00 | 13 Apr 15:00 | 15 Sep 15:00 | 16 Jan 19:45 | 16 Mar 15:00 | 17 Nov 15:00 | 19 Aug 16:00 | 19 May 16:00 | 20 Apr 15:00 | 20 Oct 15:00 | 21 Jan 20:00 | 22 Dec 15:00 | 22 Sep 15:00 | 24 Feb 13:30 | 25 Aug 15:00 | 25 Nov 15:00 | 26 Dec 15:00 | 27 Apr 15:00 | 28 Nov 19:45 | 28 Oct 15:00 | 29 Dec 15:00 | 29 Sep 15:00 | 30 Jan 20:00 | 30 Mar 15:00
Bjorn Helge Riise B,,1,0,0,0,27,04 March 14:05
Boaz Myhill,,39,720,0,25,1 2 3 4 5 6 7 8 9 10 11 12 13 14 15 16 17 18 19 20 21 22 23 24 25 26 27 28 29 30 31 32 33 34 35 36 37 38,01 Dec 15:00 | 01 Jan 12:45 | 01 Sep 15:00 | 02 Mar 15:00 | 03 Feb 13:30 | 03 March 15:00 | 05 Nov 20:00 | 06 Apr 15:00 | 06 Oct 15:00 | 07 May 19:45 | 08 Dec 15:00 | 09 Mar 15:00 | 10 Nov 15:00 | 11 April 19:45 | 11 Feb 20:00 | 12 Jan 15:00 | 12 May 15:00 | 15 Sep 15:00 | 16 Dec 16:00 | 16 Mar 15:00 | 17 Nov 15:00 | 18 Aug 15:00 | 19 Jan 17:30 | 19 May 16:00 | 20 Apr 15:00 | 20 Oct 15:00 | 22 Dec 15:00 | 22 Sep 15:00 | 23 Feb 15:00 | 24 Nov 12:45 | 25 Aug 15:00 | 26 Dec 15:00 | 27 Apr 15:00 | 28 Nov 19:45 | 28 Oct 15:00 | 29 Dec 15:00 | 30 Jan 19:45 | 30 Mar 15:00 | 30 Sep 16:00
Bobby Zamora,,39,1397,2,68,1 2 3 4 5 6 7 8 9 10 11 12 13 14 15 16 17 18 19 20 21 22 23 24 25 26 27 28 29 30 31 32 33 34 35 36 37 38,01 Apr 20:00 | 01 Dec 15:00 | 01 Oct 20:00 | 01 Sep 17:30 | 02 Feb 12:45 | 02 Jan 19:45 | 02 Mar 15:00 | 03 March 15:00 | 04 May 17:30 | 04 Nov 13:30 | 06 Oct 15:00 | 07 Apr 16:10 | 08 Dec 15:00 | 09 Feb 15:00 | 09 Mar 15:00 | 10 Nov 15:00 | 12 Jan 12:45 | 12 May 15:00 | 13 Apr 15:00 | 15 Dec 15:00 | 15 Sep 15:00 | 16 Mar 15:00 | 17 Nov 15:00 | 18 Aug 15:00 | 19 Jan 15:00 | 19 May 16:00 | 20 Apr 15:00 | 21 Oct 16:00 | 22 Dec 15:00 | 23 Feb 15:00 | 23 Sep 16:00 | 24 Nov 15:00 | 25 Aug 15:00 | 26 Dec 15:00 | 27 Nov 19:45 | 27 Oct 15:00 | 28 Apr 13:30 | 29 Jan 19:45 | 30 Dec 16:00
Brad Friedel,,37,990,0,23,1 2 3 4 5 6 7 8 9 10 11 12 13 14 15 16 17 18 19 20 21 22 23 24 25 26 27 28 29 30 31 32 34 35 36 37 38,01 Dec 15:00 | 01 Jan 15:00 | 01 Sep 15:00 | 03 Feb 13:30 | 03 Mar 16:00 | 03 Nov 15:00 | 07 Apr 14:05 | 07 Oct 15:00 | 08 May 19:45 | 09 Dec 15:00 | 09 Feb 12:45 | 10 Mar 16:00 | 11 Nov 13:30 | 12 Jan 12:45 | 12 May 13:30 | 16 Dec 13:30 | 16 Sep 16:00 | 17 Mar 15:00 | 17 Nov 12:45 | 18 Aug 17:30 | 19 May 16:00 | 20 Jan 16:00 | 20 Oct 12:45 | 21 Apr 13:30 | 22 Dec 15:00 | 23 Sep 16:00 | 25 Aug 15:00 | 25 Feb 20:00 | 25 Nov 16:00 | 26 Dec 17:30 | 27 Apr 15:00 | 28 Nov 19:45 | 28 Oct 15:00 | 29 Dec 12:45 | 29 Sep 17:30 | 30 Jan 19:45 | 30 Mar 15:00
Brad Jones,,37,630,0,24,1 2 3 4 5 6 7 8 9 10 11 12 13 14 15 16 17 18 19 20 21 22 23 24 25 26 28 29 30 31 32 33 34 35 36 37 38,01 Dec 15:00 | 02 Jan 19:45 | 02 Mar 17:30 | 02 Sep 13:30 | 03 Feb 16:00 | 04 Nov 16:00 | 05 May 13:30 | 07 Apr 13:30 | 07 Oct 15:00 | 09 Dec 16:00 | 10 Mar 16:00 | 11 Nov 16:00 | 12 May 15:00 | 13 Apr 15:00 | 13 Jan 13:30 | 15 Dec 15:00 | 15 Sep 17:30 | 16 Mar 15:00 | 17 Feb 15:00 | 17 Nov 15:00 | 18 Aug 15:00 | 19 Jan 15:00 | 19 May 16:00 | 20 Oct 15:00 | 21 Apr 16:00 | 22 Dec 17:30 | 23 Sep 13:30 | 25 Nov 13:30 | 26 Aug 16:00 | 26 Dec 19:45 | 27 Apr 17:30 | 28 Nov 19:45 | 28 Oct 13:30 | 29 Sep 15:00 | 30 Dec 16:00 | 30 Jan 19:45 | 31 Mar 13:30
Bradley Guzan,,38,3240,0,106,1 2 3 4 5 6 7 8 9 10 11 12 13 14 15 16 17 18 19 20 21 22 23 24 25 26 27 28 29 30 31 32 33 34 35 36 37 38,01 Dec 15:00 | 01 Jan 15:00 | 02 Feb 15:00 | 02 Sep 16:00 | 03 Nov 15:00 | 04 Mar 20:00 | 04 May 15:00 | 06 Apr 15:00 | 07 Oct 15:00 | 08 Dec 15:00 | 09 Mar 15:00 | 10 Feb 13:30 | 10 Nov 17:30 | 11 May 12:45 | 12 Jan 15:00 | 13 Apr 15:00 | 15 Dec 15:00 | 15 Sep 15:00 | 16 Mar 15:00 | 17 Nov 15:00 | 18 Aug 15:00 | 19 Jan 17:30 | 19 May 16:00 | 20 Oct 15:00 | 22 Apr 20:00 | 22 Sep 15:00 | 23 Dec 16:00 | 23 Feb 15:00 | 24 Nov 17:30 | 25 Aug 15:00 | 26 Dec 17:30 | 27 Nov 20:00 | 27 Oct 12:45 | 29 Apr 20:00 | 29 Dec 15:00 | 29 Jan 19:45 | 30 Sep 16:00 | 31 Mar 13:30
Bradley Johnson,,38,3222,3,97,1 2 3 4 5 6 7 8 9 10 11 12 13 14 15 16 17 18 19 20 21 22 23 24 25 26 27 28 29 30 31 32 33 34 35 36 37 38,01 Jan 15:00 | 01 Sep 15:00 | 02 Dec 16:00 | 02 Feb 12:45 | 02 Mar 15:00 | 03 Nov 15:00 | 04 May 15:00 | 06 Apr 15:00 | 06 Oct 15:00 | 08 Dec 15:00 | 09 Feb 15:00 | 09 Mar 15:00 | 10 Nov 15:00 | 12 Jan 15:00 | 12 May 15:00 | 13 Apr 15:00 | 15 Dec 15:00 | 15 Sep 12:45 | 17 Mar 13:30 | 17 Nov 17:30 | 18 Aug 15:00 | 19 Jan 15:00 | 19 May 16:00 | 20 Apr 15:00 | 20 Oct 17:30 | 22 Dec 15:00 | 23 Feb 15:00 | 23 Sep 15:00 | 24 Nov 15:00 | 25 Aug 15:00 | 26 Dec 15:00 | 27 Apr 15:00 | 27 Oct 12:45 | 28 Nov 19:45 | 29 Dec 15:00 | 29 Sep 15:00 | 30 Jan 19:45 | 30 Mar 15:00
Branislav Ivanovic,,36,2695,1,114,1 2 4 5 6 7 8 9 10 11 12 13 14 15 16 18 19 20 21 22 23 24 25 26 27 28 29 30 31 32 33 34 35 36 37 38,01 Dec 12:45 | 02 Feb 15:00 | 02 Jan 19:45 | 02 Mar 15:00 | 03 Nov 15:00 | 06 Oct 15:00 | 07 Apr 15:00 | 08 Dec 15:00 | 08 May 19:45 | 09 Feb 15:00 | 11 May 12:45 | 11 Nov 16:00 | 15 Sep 15:00 | 16 Jan 19:45 | 17 Apr 20:00 | 17 Mar 16:00 | 17 Nov 15:00 | 19 May 16:00 | 20 Jan 13:30 | 20 Oct 12:45 | 21 Apr 16:00 | 21 March 19:45 | 22 Aug 19:45 | 22 Sep 15:00 | 23 Dec 16:00 | 24 Feb 13:30 | 25 Aug 17:30 | 25 Nov 16:00 | 26 Dec 15:00 | 28 Apr 15:00 | 28 Nov 19:45 | 28 Oct 16:00 | 29 Sep 12:45 | 30 Dec 13:30 | 30 Jan 20:00 | 30 Mar 15:00
Brede Hangeland,,38,3045,0,73,1 2 3 4 5 6 7 8 9 10 11 12 13 14 15 16 17 18 19 20 21 22 23 24 25 26 27 28 29 30 31 32 33 34 35 36 37 38,01 Apr 20:00 | 01 Dec 15:00 | 01 Jan 12:45 | 01 Sep 12:45 | 02 Feb 17:30 | 02 Mar 15:00 | 03 Nov 15:00 | 04 May 15:00 | 07 Apr 15:00 | 07 Oct 13:30 | 09 Feb 15:00 | 10 Dec 20:00 | 10 Nov 15:00 | 12 Jan 15:00 | 12 May 15:00 | 15 Dec 15:00 | 15 Sep 15:00 | 17 Apr 20:00 | 17 Mar 15:00 | 17 March 15:00 | 18 Aug 15:00 | 18 Nov 16:00 | 19 Jan 15:00 | 19 May 16:00 | 20 Apr 15:00 | 20 Oct 15:00 | 22 Dec 17:30 | 22 Sep 15:00 | 23 Feb 12:45 | 24 Nov 15:00 | 25 Aug 15:00 | 26 Dec 15:00 | 27 Apr 15:00 | 27 Oct 15:00 | 28 Nov 19:45 | 29 Dec 15:00 | 29 Sep 15:00 | 30 Jan 20:00
Brett Holman,,12,758,1,24,1 2 3 4 5 6 7 8 9 10 20 30,02 Sep 16:00 | 03 Nov 15:00 | 07 Oct 15:00 | 15 Sep 15:00 | 16 Mar 15:00 | 18 Aug 15:00 | 20 Oct 15:00 | 22 Sep 15:00 | 25 Aug 15:00 | 27 Oct 12:45 | 29 Dec 15:00 | 30 Sep 16:00
Brian Murphy,,39,0,0,0,1 2 3 4 5 6 7 8 9 10 11 12 13 14 15 16 17 18 19 20 21 22 23 24 25 26 27 28 29 30 31 32 33 34 35 36 37 38,01 Apr 20:00 | 01 Dec 15:00 | 01 Oct 20:00 | 01 Sep 17:30 | 02 Feb 12:45 | 02 Jan 19:45 | 02 Mar 15:00 | 04 May 17:30 | 04 Nov 13:30 | 06 Oct 15:00 | 07 Apr 16:10 | 08 Dec 15:00 | 09 Feb 15:00 | 09 Mar 15:00 | 10 Nov 15:00 | 12 Jan 12:45 | 12 May 15:00 | 13 Apr 15:00 | 15 Dec 15:00 | 15 Sep 15:00 | 16 Mar 15:00 | 17 Nov 15:00 | 18 Aug 15:00 | 19 Jan 15:00 | 19 May 16:00 | 20 Apr 15:00 | 21 March 20:00 | 21 Oct 16:00 | 22 Dec 15:00 | 23 Feb 15:00 | 23 Sep 16:00 | 24 Nov 15:00 | 25 Aug 15:00 | 26 Dec 15:00 | 27 Nov 19:45 | 27 Oct 15:00 | 28 Apr 13:30 | 29 Jan 19:45 | 30 Dec 16:00
Bruno Andrade,,38,0,0,0,1 2 3 4 5 6 7 8 9 10 11 12 13 14 15 16 17 18 19 20 21 22 23 24 25 26 27 28 29 30 31 32 33 34 35 36 37 38,01 Apr 20:00 | 01 Dec 15:00 | 01 Oct 20:00 | 01 Sep 17:30 | 02 Feb 12:45 | 02 Jan 19:45 | 02 Mar 15:00 | 04 May 17:30 | 04 Nov 13:30 | 06 Oct 15:00 | 07 Apr 16:10 | 08 Dec 15:00 | 09 Feb 15:00 | 09 Mar 15:00 | 10 Nov 15:00 | 12 Jan 12:45 | 12 May 15:00 | 13 Apr 15:00 | 15 Dec 15:00 | 15 Sep 15:00 | 16 Mar 15:00 | 17 Nov 15:00 | 18 Aug 15:00 | 19 Jan 15:00 | 19 May 16:00 | 20 Apr 15:00 | 21 Oct 16:00 | 22 Dec 15:00 | 23 Feb 15:00 | 23 Sep 16:00 | 24 Nov 15:00 | 25 Aug 15:00 | 26 Dec 15:00 | 27 Nov 19:45 | 27 Oct 15:00 | 28 Apr 13:30 | 29 Jan 19:45 | 30 Dec 16:00
Bruno Ribeiro,,1,0,0,0,29,20 March 20:00
Bryan Oviedo,,34,242,1,18,4 5 6 7 8 9 10 11 12 13 14 15 16 17 18 19 20 21 22 23 24 25 26 27 28 30 31 32 33 34 35 36 37 38,01 Dec 15:00 | 02 Feb 15:00 | 02 Jan 20:00 | 02 Mar 15:00 | 03 Nov 15:00 | 05 May 13:30 | 06 Oct 15:00 | 07 Apr 14:05 | 09 Dec 15:00 | 10 Feb 16:00 | 10 Nov 15:00 | 12 Jan 15:00 | 12 May 15:00 | 15 Dec 15:00 | 16 Apr 19:45 | 16 Mar 12:45 | 17 Nov 15:00 | 17 Sep 20:00 | 19 May 16:00 | 20 Apr 15:00 | 21 Jan 20:00 | 21 Oct 16:00 | 22 Dec 15:00 | 22 Sep 12:45 | 23 Feb 15:00 | 24 Nov 15:00 | 26 Dec 15:00 | 27 Apr 15:00 | 28 Nov 19:45 | 28 Oct 13:30 | 29 Sep 15:00 | 30 Dec 13:30 | 30 Jan 19:45 | 30 Mar 17:30
Bryan Ruiz,,38,2346,9,102,1 2 3 4 5 6 7 8 9 10 11 12 13 14 15 16 17 18 19 20 21 22 23 24 25 26 27 28 29 30 31 32 33 34 35 36 37 38,01 Apr 20:00 | 01 Dec 15:00 | 01 Jan 12:45 | 01 Sep 12:45 | 02 Feb 17:30 | 02 Mar 15:00 | 03 Nov 15:00 | 04 May 15:00 | 07 Apr 15:00 | 07 Oct 13:30 | 09 Feb 15:00 | 10 Dec 20:00 | 10 Nov 15:00 | 12 Jan 15:00 | 12 May 15:00 | 15 Dec 15:00 | 15 Sep 15:00 | 17 Apr 20:00 | 17 Mar 15:00 | 17 March 15:00 | 18 Aug 15:00 | 18 Nov 16:00 | 19 Jan 15:00 | 19 May 16:00 | 20 Apr 15:00 | 20 Oct 15:00 | 22 Dec 17:30 | 22 Sep 15:00 | 23 Feb 12:45 | 24 Nov 15:00 | 25 Aug 15:00 | 26 Dec 15:00 | 27 Apr 15:00 | 27 Oct 15:00 | 28 Nov 19:45 | 29 Dec 15:00 | 29 Sep 15:00 | 30 Jan 20:00
Brynjar Gunnarsson,,36,0,0,0,1 4 5 6 7 8 9 10 11 12 13 14 15 16 17 18 19 20 21 22 23 24 25 26 27 28 29 30 31 32 33 34 35 36 37 38,01 Dec 17:30 | 01 Jan 15:00 | 02 Feb 15:00 | 02 Mar 15:00 | 04 May 15:00 | 04 Nov 13:30 | 06 Apr 12:45 | 06 Oct 15:00 | 09 Feb 15:00 | 09 Mar 15:00 | 10 Nov 15:00 | 11 Dec 19:45 | 12 Jan 15:00 | 13 Apr 15:00 | 14 May 20:00 | 16 Mar 17:30 | 16 Sep 16:00 | 17 Dec 20:00 | 17 Nov 15:00 | 19 Jan 15:00 | 19 May 16:00 | 20 Apr 15:00 | 20 Oct 15:00 | 22 Aug 19:45 | 22 Dec 15:00 | 22 Sep 15:00 | 23 Feb 15:00 | 24 Nov 15:00 | 26 Dec 15:00 | 27 Nov 20:00 | 27 Oct 15:00 | 28 Apr 13:30 | 29 Dec 15:00 | 29 Sep 15:00 | 30 Jan 20:00 | 30 Mar 15:00
Callum McManaman,,38,562,2,35,1 2 3 4 5 6 7 8 9 10 11 12 13 14 15 16 17 18 19 20 21 22 23 24 25 26 27 28 29 30 31 32 33 34 35 36 37 38,01 Jan 15:00 | 01 Sep 15:00 | 02 Feb 15:00 | 02 Mar 17:30 | 03 Dec 20:00 | 03 Nov 15:00 | 06 Oct 15:00 | 07 Apr 16:10 | 07 May 19:45 | 08 Dec 15:00 | 09 Feb 15:00 | 10 Nov 15:00 | 12 Jan 15:00 | 14 May 19:45 | 15 Dec 15:00 | 15 Sep 15:00 | 17 Apr 19:45 | 17 Mar 16:00 | 17 March 15:00 | 17 Nov 15:00 | 19 Aug 13:30 | 19 Jan 15:00 | 19 May 16:00 | 20 Apr 15:00 | 20 Oct 15:00 | 22 Dec 12:45 | 22 Sep 15:00 | 23 Feb 15:00 | 24 Nov 15:00 | 25 Aug 15:00 | 26 Dec 15:00 | 27 Apr 15:00 | 27 Oct 15:00 | 28 Nov 20:00 | 29 Dec 15:00 | 29 Jan 19:45 | 29 Sep 15:00 | 30 Mar 15:00
Cameron Jerome,,38,1123,3,55,1 2 3 4 5 6 7 8 9 10 11 12 13 14 15 16 17 18 19 20 21 22 23 24 25 26 27 28 29 30 31 32 33 34 35 36 37 38,01 Dec 15:00 | 01 Jan 15:00 | 01 Sep 15:00 | 02 Feb 15:00 | 02 Mar 15:00 | 03 Nov 15:00 | 06 Apr 15:00 | 06 May 20:00 | 07 Oct 15:00 | 08 Dec 15:00 | 09 Feb 15:00 | 10 Mar 15:00 | 10 Nov 15:00 | 12 Jan 15:00 | 12 May 13:30 | 14 Apr 14:05 | 15 Dec 15:00 | 15 Sep 15:00 | 16 Mar 15:00 | 18 Aug 15:00 | 19 Jan 15:00 | 19 May 16:00 | 19 Nov 20:00 | 20 Apr 15:00 | 20 Oct 15:00 | 22 Dec 15:00 | 22 Sep 15:00 | 23 Feb 12:45 | 24 Nov 15:00 | 26 Aug 13:30 | 26 Dec 19:45 | 27 Apr 15:00 | 27 Oct 15:00 | 28 Nov 19:45 | 29 Dec 15:00 | 29 Jan 19:45 | 29 Sep 15:00 | 30 Mar 17:30
Cameron Lancaster,,37,0,0,0,1 2 3 4 5 6 7 8 9 10 11 12 13 14 15 16 17 18 19 20 21 22 23 24 25 26 27 28 29 30 31 32 34 35 36 37 38,01 Dec 15:00 | 01 Jan 15:00 | 01 Sep 15:00 | 03 Feb 13:30 | 03 Mar 16:00 | 03 Nov 15:00 | 07 Apr 14:05 | 07 Oct 15:00 | 08 May 19:45 | 09 Dec 15:00 | 09 Feb 12:45 | 10 Mar 16:00 | 11 Nov 13:30 | 12 Jan 12:45 | 12 May 13:30 | 16 Dec 13:30 | 16 Sep 16:00 | 17 Mar 15:00 | 17 Nov 12:45 | 18 Aug 17:30 | 19 May 16:00 | 20 Jan 16:00 | 20 Oct 12:45 | 21 Apr 13:30 | 22 Dec 15:00 | 23 Sep 16:00 | 25 Aug 15:00 | 25 Feb 20:00 | 25 Nov 16:00 | 26 Dec 17:30 | 27 Apr 15:00 | 28 Nov 19:45 | 28 Oct 15:00 | 29 Dec 12:45 | 29 Sep 17:30 | 30 Jan 19:45 | 30 Mar 15:00
Carl Jenkinson,,13,810,0,39,1 2 3 4 5 6 7 8 9 10 20 29 30,02 Sep 13:30 | 03 Nov 12:45 | 06 Oct 17:30 | 15 Sep 15:00 | 16 Mar 15:00 | 18 Aug 15:00 | 20 Oct 17:30 | 21 March 20:00 | 23 Sep 16:00 | 26 Aug 13:30 | 27 Oct 15:00 | 29 Dec 17:30 | 29 Sep 12:45
Carlo Cudicini,,37,0,0,0,1 2 3 4 5 6 7 8 9 10 11 12 13 14 15 16 17 18 19 20 21 22 23 24 25 26 27 28 29 30 31 32 34 35 36 37 38,01 Dec 15:00 | 01 Jan 15:00 | 01 Sep 15:00 | 03 Feb 13:30 | 03 Mar 16:00 | 03 Nov 15:00 | 07 Apr 14:05 | 07 Oct 15:00 | 08 May 19:45 | 09 Dec 15:00 | 09 Feb 12:45 | 10 Mar 16:00 | 11 Nov 13:30 | 12 Jan 12:45 | 12 May 13:30 | 16 Dec 13:30 | 16 Sep 16:00 | 17 Mar 15:00 | 17 Nov 12:45 | 18 Aug 17:30 | 19 May 16:00 | 20 Jan 16:00 | 20 Oct 12:45 | 21 Apr 13:30 | 22 Dec 15:00 | 23 Sep 16:00 | 25 Aug 15:00 | 25 Feb 20:00 | 25 Nov 16:00 | 26 Dec 17:30 | 27 Apr 15:00 | 28 Nov 19:45 | 28 Oct 15:00 | 29 Dec 12:45 | 29 Sep 17:30 | 30 Jan 19:45 | 30 Mar 15:00
Carlos Alberto Vela,,12,0,0,0,1 2 3 4 5 6 7 8 9 10 20 30,02 Sep 13:30 | 03 Nov 12:45 | 06 Oct 17:30 | 15 Sep 15:00 | 16 Mar 15:00 | 18 Aug 15:00 | 20 Oct 17:30 | 23 Sep 16:00 | 26 Aug 13:30 | 27 Oct 15:00 | 29 Dec 17:30 | 29 Sep 12:45
Carlos Cuellar,,37,2166,2,78,1 3 4 5 6 7 8 9 10 11 12 13 14 15 16 17 18 19 20 21 22 23 24 25 26 27 28 29 30 31 32 33 34 35 36 37 38,01 Sep 15:00 | 02 Dec 16:00 | 02 Feb 15:00 | 02 Jan 19:45 | 02 Mar 15:00 | 03 Nov 15:00 | 06 May 20:00 | 06 Oct 12:45 | 07 Apr 15:00 | 09 Feb 15:00 | 09 Mar 15:00 | 10 Nov 15:00 | 11 Dec 19:45 | 12 Jan 15:00 | 12 May 15:00 | 14 Apr 12:00 | 15 Dec 15:00 | 15 Sep 17:30 | 17 Mar 13:30 | 18 Aug 15:00 | 18 Nov 16:00 | 19 Jan 15:00 | 19 May 16:00 | 20 Apr 15:00 | 21 Oct 13:30 | 22 Dec 15:00 | 22 Sep 15:00 | 23 Feb 15:00 | 24 Nov 12:45 | 26 Dec 15:00 | 27 Nov 19:45 | 27 Oct 15:00 | 29 Apr 20:00 | 29 Dec 12:45 | 29 Jan 19:45 | 29 Sep 15:00 | 30 Mar 12:45
Carlos Sa,,1,0,0,0,27,04 March 14:05
Carlos Salcido,,1,0,0,0,29,17 March 15:00
Carlos Tevez,,38,2407,15,172,1 2 3 4 5 6 7 8 9 10 11 12 13 14 15 16 17 18 19 20 21 22 23 24 25 26 27 28 29 30 31 32 33 34 35 36 37 38,01 Dec 15:00 | 01 Jan 15:00 | 01 Sep 17:30 | 03 Feb 16:00 | 03 Nov 17:30 | 04 Mar 20:00 | 06 Oct 12:45 | 07 May 19:45 | 08 Apr 20:00 | 09 Dec 13:30 | 09 Feb 17:30 | 11 Nov 13:30 | 13 Jan 16:00 | 14 May 20:00 | 15 Dec 12:45 | 15 Sep 15:00 | 16 Mar 12:45 | 17 Apr 19:45 | 17 Nov 15:00 | 19 Aug 16:00 | 19 Jan 15:00 | 19 May 16:00 | 20 Oct 15:00 | 21 Apr 13:30 | 21 March 19:45 | 22 Dec 15:00 | 23 Sep 16:00 | 24 Feb 13:30 | 25 Nov 16:00 | 26 Aug 16:00 | 26 Dec 15:00 | 27 Apr 12:45 | 27 Oct 17:30 | 28 Nov 20:00 | 29 Dec 15:00 | 29 Jan 19:45 | 29 Sep 15:00 | 30 Mar 15:00
Carlton Cole,,36,1339,1,50,1 2 3 4 5 6 7 8 9 10 11 12 13 14 15 16 17 18 20 21 22 23 24 25 26 27 28 30 31 32 33 34 35 36 37 38,01 Dec 12:45 | 01 Jan 15:00 | 01 Oct 20:00 | 01 Sep 12:45 | 02 Feb 15:00 | 02 Mar 15:00 | 03 Nov 17:30 | 04 May 15:00 | 06 Oct 17:30 | 07 Apr 13:30 | 09 Dec 16:00 | 10 Feb 13:30 | 11 Nov 15:00 | 12 Jan 15:00 | 12 May 15:00 | 15 Sep 12:45 | 16 Dec 16:00 | 17 Apr 19:45 | 17 Mar 16:00 | 18 Aug 15:00 | 19 May 16:00 | 19 Nov 20:00 | 20 Apr 15:00 | 20 Oct 15:00 | 22 Dec 15:00 | 22 Sep 15:00 | 23 Jan 19:45 | 25 Aug 12:45 | 25 Feb 20:00 | 25 Nov 16:00 | 27 Apr 12:45 | 27 Oct 15:00 | 28 Nov 20:00 | 29 Dec 15:00 | 30 Jan 20:00 | 30 Mar 15:00
Cesar Azpilicueta,,34,2027,5,83,2 4 5 6 7 8 9 10 11 12 13 14 15 16 18 19 20 21 22 23 24 25 26 27 28 30 31 32 33 34 35 36 37 38,01 Dec 12:45 | 02 Feb 15:00 | 02 Jan 19:45 | 02 Mar 15:00 | 03 Nov 15:00 | 06 Oct 15:00 | 07 Apr 15:00 | 08 Dec 15:00 | 08 May 19:45 | 09 Feb 15:00 | 11 May 12:45 | 11 Nov 16:00 | 15 Sep 15:00 | 16 Jan 19:45 | 17 Apr 20:00 | 17 Mar 16:00 | 17 Nov 15:00 | 19 May 16:00 | 20 Jan 13:30 | 20 Oct 12:45 | 21 Apr 16:00 | 22 Sep 15:00 | 23 Dec 16:00 | 24 Feb 13:30 | 25 Aug 17:30 | 25 Nov 16:00 | 26 Dec 15:00 | 28 Apr 15:00 | 28 Nov 19:45 | 28 Oct 16:00 | 29 Sep 12:45 | 30 Dec 13:30 | 30 Jan 20:00 | 30 Mar 15:00
Charles Banya,,25,0,0,0,13 14 15 16 17 18 19 20 21 22 23 24 25 26 27 28 30 31 32 33 34 35 36 37 38,01 Apr 20:00 | 01 Dec 15:00 | 01 Jan 12:45 | 02 Feb 17:30 | 02 Mar 15:00 | 04 May 15:00 | 07 Apr 15:00 | 09 Feb 15:00 | 10 Dec 20:00 | 12 Jan 15:00 | 12 May 15:00 | 15 Dec 15:00 | 17 Apr 20:00 | 17 Mar 15:00 | 19 Jan 15:00 | 19 May 16:00 | 20 Apr 15:00 | 22 Dec 17:30 | 23 Feb 12:45 | 24 Nov 15:00 | 26 Dec 15:00 | 27 Apr 15:00 | 28 Nov 19:45 | 29 Dec 15:00 | 30 Jan 20:00
Charles N'Zogbia,,13,318,0,11,1 2 3 4 5 6 7 8 9 10 20 30 33,02 Sep 16:00 | 03 Nov 15:00 | 07 Oct 15:00 | 09 April 17:30 | 15 Sep 15:00 | 16 Mar 15:00 | 18 Aug 15:00 | 20 Oct 15:00 | 22 Sep 15:00 | 25 Aug 15:00 | 27 Oct 12:45 | 29 Dec 15:00 | 30 Sep 16:00
Charlie Adam,,39,1803,6,86,1 2 3 4 5 6 7 8 9 10 11 12 13 14 15 16 17 18 19 20 21 22 23 24 25 26 27 28 29 30 31 32 33 34 35 36 37 38,01 Dec 15:00 | 01 Jan 15:00 | 01 Sep 15:00 | 02 Feb 15:00 | 02 Mar 15:00 | 03 Nov 15:00 | 06 Apr 15:00 | 06 May 20:00 | 07 Oct 15:00 | 08 Dec 15:00 | 09 Feb 15:00 | 10 Mar 15:00 | 10 Nov 15:00 | 12 Jan 15:00 | 12 May 13:30 | 14 Apr 14:05 | 15 Dec 15:00 | 15 Sep 15:00 | 16 Mar 15:00 | 18 Aug 15:00 | 19 Jan 15:00 | 19 May 16:00 | 19 Nov 20:00 | 20 Apr 15:00 | 20 Oct 15:00 | 21 March 20:00 | 22 Dec 15:00 | 22 Sep 15:00 | 23 Feb 12:45 | 24 Nov 15:00 | 26 Aug 16:00 | 26 Dec 19:45 | 27 Apr 15:00 | 27 Oct 15:00 | 28 Nov 19:45 | 29 Dec 15:00 | 29 Jan 19:45 | 29 Sep 15:00 | 30 Mar 17:30
Cheick Tiote,,38,1750,1,38,1 2 3 4 5 6 7 8 9 10 11 12 13 14 15 16 17 18 19 20 21 22 23 24 25 26 27 28 29 30 31 32 33 34 35 36 37 38,02 Feb 15:00 | 02 Jan 20:00 | 02 Mar 15:00 | 02 Sep 16:00 | 03 Dec 20:00 | 04 May 15:00 | 04 Nov 16:00 | 07 Apr 15:00 | 07 Oct 16:00 | 09 Feb 12:45 | 10 Dec 20:00 | 10 Mar 15:00 | 11 Nov 15:00 | 12 Jan 15:00 | 12 May 15:00 | 14 Apr 12:00 | 15 Dec 12:45 | 17 Mar 16:00 | 17 Nov 15:00 | 17 Sep 20:00 | 18 Aug 17:30 | 19 Jan 15:00 | 19 May 16:00 | 20 Apr 15:00 | 21 Oct 13:30 | 22 Dec 15:00 | 23 Sep 15:00 | 24 Feb 13:30 | 25 Aug 17:30 | 25 Nov 15:00 | 26 Dec 15:00 | 27 Apr 17:30 | 28 Nov 19:45 | 28 Oct 15:00 | 29 Dec 17:30 | 29 Jan 19:45 | 29 Sep 15:00 | 30 Mar 15:00
Chico,,36,2115,0,64,1 2 3 4 5 6 7 8 9 10 11 12 13 14 15 16 17 18 19 20 21 22 23 24 25 26 28 29 30 31 32 34 35 36 37 38,01 Dec 15:00 | 01 Jan 15:00 | 01 Sep 15:00 | 02 Feb 15:00 | 02 Mar 15:00 | 03 Nov 15:00 | 06 Apr 15:00 | 06 Oct 15:00 | 07 May 19:45 | 08 Dec 15:00 | 09 Mar 15:00 | 10 Nov 15:00 | 12 Jan 15:00 | 12 May 16:00 | 15 Sep 15:00 | 16 Dec 13:30 | 16 Mar 15:00 | 17 Feb 15:00 | 17 Nov 15:00 | 18 Aug 15:00 | 19 Jan 15:00 | 19 May 16:00 | 20 Apr 15:00 | 20 Oct 15:00 | 22 Sep 12:45 | 23 Dec 13:30 | 25 Aug 12:45 | 25 Nov 13:30 | 26 Dec 15:00 | 27 Oct 17:30 | 28 Apr 15:00 | 28 Nov 19:45 | 29 Dec 15:00 | 29 Jan 19:45 | 29 Sep 15:00 | 30 Mar 15:00
Chris Baird,,38,1320,0,45,1 2 3 4 5 6 7 8 9 10 11 12 13 14 15 16 17 18 19 20 21 22 23 24 25 26 27 28 29 30 31 32 33 34 35 36 37 38,01 Apr 20:00 | 01 Dec 15:00 | 01 Jan 12:45 | 01 Sep 12:45 | 02 Feb 17:30 | 02 Mar 15:00 | 03 Nov 15:00 | 04 May 15:00 | 07 Apr 15:00 | 07 Oct 13:30 | 09 Feb 15:00 | 10 Dec 20:00 | 10 Nov 15:00 | 12 Jan 15:00 | 12 May 15:00 | 15 Dec 15:00 | 15 Sep 15:00 | 17 Apr 20:00 | 17 Mar 15:00 | 17 March 15:00 | 18 Aug 15:00 | 18 Nov 16:00 | 19 Jan 15:00 | 19 May 16:00 | 20 Apr 15:00 | 20 Oct 15:00 | 22 Dec 17:30 | 22 Sep 15:00 | 23 Feb 12:45 | 24 Nov 15:00 | 25 Aug 15:00 | 26 Dec 15:00 | 27 Apr 15:00 | 27 Oct 15:00 | 28 Nov 19:45 | 29 Dec 15:00 | 29 Sep 15:00 | 30 Jan 20:00
Chris Brunt,,37,2184,6,92,1 2 3 4 5 6 7 8 9 10 11 12 13 14 15 16 17 18 19 20 21 22 23 24 25 26 27 28 29 30 31 32 34 35 36 37 38,01 Dec 15:00 | 01 Jan 12:45 | 01 Sep 15:00 | 02 Mar 15:00 | 03 Feb 13:30 | 05 Nov 20:00 | 06 Apr 15:00 | 06 Oct 15:00 | 07 May 19:45 | 08 Dec 15:00 | 09 Mar 15:00 | 10 Nov 15:00 | 11 Feb 20:00 | 12 Jan 15:00 | 12 May 15:00 | 15 Sep 15:00 | 16 Dec 16:00 | 16 Mar 15:00 | 17 Nov 15:00 | 18 Aug 15:00 | 19 Jan 17:30 | 19 May 16:00 | 20 Apr 15:00 | 20 Oct 15:00 | 22 Dec 15:00 | 22 Sep 15:00 | 23 Feb 15:00 | 24 Nov 12:45 | 25 Aug 15:00 | 26 Dec 15:00 | 27 Apr 15:00 | 28 Nov 19:45 | 28 Oct 15:00 | 29 Dec 15:00 | 30 Jan 19:45 | 30 Mar 15:00 | 30 Sep 16:00
Chris Eagles,,1,0,0,0,19,31 Dec. 15:00
Chris Gunter,,36,1699,0,46,1 4 5 6 7 8 9 10 11 12 13 14 15 16 17 18 19 20 21 22 23 24 25 26 27 28 29 30 31 32 33 34 35 36 37 38,01 Dec 17:30 | 01 Jan 15:00 | 02 Feb 15:00 | 02 Mar 15:00 | 04 May 15:00 | 04 Nov 13:30 | 06 Apr 12:45 | 06 Oct 15:00 | 09 Feb 15:00 | 09 Mar 15:00 | 10 Nov 15:00 | 11 Dec 19:45 | 12 Jan 15:00 | 13 Apr 15:00 | 14 May 20:00 | 16 Mar 17:30 | 16 Sep 16:00 | 17 Dec 20:00 | 17 Nov 15:00 | 19 Jan 15:00 | 19 May 16:00 | 20 Apr 15:00 | 20 Oct 15:00 | 22 Aug 19:45 | 22 Dec 15:00 | 22 Sep 15:00 | 23 Feb 15:00 | 24 Nov 15:00 | 26 Dec 15:00 | 27 Nov 20:00 | 27 Oct 15:00 | 28 Apr 13:30 | 29 Dec 15:00 | 29 Sep 15:00 | 30 Jan 20:00 | 30 Mar 15:00
Chris Herd,,12,238,0,4,1 2 3 4 5 6 7 8 9 10 20 30,02 Sep 16:00 | 03 Nov 15:00 | 07 Oct 15:00 | 15 Sep 15:00 | 16 Mar 15:00 | 18 Aug 15:00 | 20 Oct 15:00 | 22 Sep 15:00 | 25 Aug 15:00 | 27 Oct 12:45 | 29 Dec 15:00 | 30 Sep 16:00
Chris Kirkland,,1,0,0,0,33,11 April 19:45
Chris Martin C,,38,4,0,1,1 2 3 4 5 6 7 8 9 10 11 12 13 14 15 16 17 18 19 20 21 22 23 24 25 26 27 28 29 30 31 32 33 34 35 36 37 38,01 Jan 15:00 | 01 Sep 15:00 | 02 Dec 16:00 | 02 Feb 12:45 | 02 Mar 15:00 | 03 Nov 15:00 | 04 May 15:00 | 06 Apr 15:00 | 06 Oct 15:00 | 08 Dec 15:00 | 09 Feb 15:00 | 09 Mar 15:00 | 10 Nov 15:00 | 12 Jan 15:00 | 12 May 15:00 | 13 Apr 15:00 | 15 Dec 15:00 | 15 Sep 12:45 | 17 Mar 13:30 | 17 Nov 17:30 | 18 Aug 15:00 | 19 Jan 15:00 | 19 May 16:00 | 20 Apr 15:00 | 20 Oct 17:30 | 22 Dec 15:00 | 23 Feb 15:00 | 23 Sep 15:00 | 24 Nov 15:00 | 25 Aug 15:00 | 26 Dec 15:00 | 27 Apr 15:00 | 27 Oct 12:45 | 28 Nov 19:45 | 29 Dec 15:00 | 29 Sep 15:00 | 30 Jan 19:45 | 30 Mar 15:00
Chris Smalling,,38,1037,0,48,1 2 3 4 5 6 7 8 9 10 11 12 13 14 15 16 17 18 19 20 21 22 23 24 25 26 27 28 29 30 31 32 33 34 35 36 37 38,01 Dec 17:30 | 01 Jan 15:00 | 02 Feb 17:30 | 02 Mar 15:00 | 02 Sep 16:00 | 03 Nov 12:45 | 05 May 16:00 | 07 Oct 16:00 | 08 Apr 20:00 | 09 Dec 13:30 | 10 Feb 16:00 | 10 Nov 17:30 | 12 May 16:00 | 13 Jan 13:30 | 15 Dec 15:00 | 15 Sep 15:00 | 16 Mar 17:30 | 17 Apr 19:45 | 17 Nov 17:30 | 18 March 13:30 | 19 May 16:00 | 20 Aug 20:00 | 20 Jan 16:00 | 20 Oct 15:00 | 22 Apr 20:00 | 23 Dec 13:30 | 23 Feb 15:00 | 23 Sep 13:30 | 24 Nov 15:00 | 25 Aug 15:00 | 26 Dec 15:00 | 28 Apr 16:00 | 28 Nov 20:00 | 28 Oct 16:00 | 29 Dec 15:00 | 29 Sep 17:30 | 30 Jan 20:00 | 30 Mar 12:45
Christian Benteke,,35,2818,4,166,4 5 6 7 8 9 10 11 12 13 14 15 16 17 18 19 20 21 22 23 24 25 26 27 28 29 30 31 32 33 34 35 36 37 38,01 Dec 15:00 | 01 Jan 15:00 | 02 Feb 15:00 | 03 Nov 15:00 | 04 Mar 20:00 | 04 May 15:00 | 06 Apr 15:00 | 07 Oct 15:00 | 08 Dec 15:00 | 09 Mar 15:00 | 10 Feb 13:30 | 10 Nov 17:30 | 11 May 12:45 | 12 Jan 15:00 | 13 Apr 15:00 | 15 Dec 15:00 | 15 Sep 15:00 | 16 Mar 15:00 | 17 Nov 15:00 | 19 Jan 17:30 | 19 May 16:00 | 20 Oct 15:00 | 22 Apr 20:00 | 22 Sep 15:00 | 23 Dec 16:00 | 23 Feb 15:00 | 24 Nov 17:30 | 26 Dec 17:30 | 27 Nov 20:00 | 27 Oct 12:45 | 29 Apr 20:00 | 29 Dec 15:00 | 29 Jan 19:45 | 30 Sep 16:00 | 31 Mar 13:30
Christian Poulsen,,1,0,0,0,27,03 March 12:45
Christophe Berra,,1,81,0,1,33,11 April 19:45
Chu-Young Park,,14,0,0,0,1 2 3 4 5 6 7 8 9 10 17 20 29 30,02 Sep 13:30 | 03 Nov 12:45 | 06 Oct 17:30 | 15 Sep 15:00 | 16 Mar 15:00 | 18 Aug 15:00 | 20 Oct 17:30 | 21 Dec. 19:45 | 21 March 20:00 | 23 Sep 16:00 | 26 Aug 13:30 | 27 Oct 15:00 | 29 Dec 17:30 | 29 Sep 12:45
Chung-Yong Lee,,2,0,0,0,3 17,20 Dec. 20:00 | 27 Aug. 17:30
Ciaran Clark,,12,867,1,28,1 2 3 4 5 6 7 8 9 10 20 30,02 Sep 16:00 | 03 Nov 15:00 | 07 Oct 15:00 | 15 Sep 15:00 | 16 Mar 15:00 | 18 Aug 15:00 | 20 Oct 15:00 | 22 Sep 15:00 | 25 Aug 15:00 | 27 Oct 12:45 | 29 Dec 15:00 | 30 Sep 16:00
Clarindo Santos,,14,314,0,13,1 2 3 4 5 6 7 8 9 10 19 20 29 30,02 Sep 13:30 | 03 Nov 12:45 | 06 Oct 17:30 | 15 Sep 15:00 | 16 Mar 15:00 | 18 Aug 15:00 | 20 Oct 17:30 | 21 March 20:00 | 23 Sep 16:00 | 26 Aug 13:30 | 27 Oct 15:00 | 29 Dec 17:30 | 29 Sep 12:45 | 31 Dec. 15:00
Claudio Yacob,,37,2384,0,56,1 2 3 4 5 6 7 8 9 10 11 12 13 14 15 16 17 18 19 20 21 22 23 24 25 26 27 28 29 30 31 32 34 35 36 37 38,01 Dec 15:00 | 01 Jan 12:45 | 01 Sep 15:00 | 02 Mar 15:00 | 03 Feb 13:30 | 05 Nov 20:00 | 06 Apr 15:00 | 06 Oct 15:00 | 07 May 19:45 | 08 Dec 15:00 | 09 Mar 15:00 | 10 Nov 15:00 | 11 Feb 20:00 | 12 Jan 15:00 | 12 May 15:00 | 15 Sep 15:00 | 16 Dec 16:00 | 16 Mar 15:00 | 17 Nov 15:00 | 18 Aug 15:00 | 19 Jan 17:30 | 19 May 16:00 | 20 Apr 15:00 | 20 Oct 15:00 | 22 Dec 15:00 | 22 Sep 15:00 | 23 Feb 15:00 | 24 Nov 12:45 | 25 Aug 15:00 | 26 Dec 15:00 | 27 Apr 15:00 | 28 Nov 19:45 | 28 Oct 15:00 | 29 Dec 15:00 | 30 Jan 19:45 | 30 Mar 15:00 | 30 Sep 16:00
Clint Dempsey,,38,2013,6,131,1 2 3 4 5 6 7 8 9 10 11 12 13 14 15 16 17 18 19 20 21 22 23 24 25 26 27 28 29 30 31 32 34 35 36 37 38,01 Dec 15:00 | 01 Jan 15:00 | 01 Sep 15:00 | 03 Feb 13:30 | 03 Mar 16:00 | 03 Nov 15:00 | 04 March 14:05 | 07 Apr 14:05 | 07 Oct 15:00 | 08 May 19:45 | 09 Dec 15:00 | 09 Feb 12:45 | 10 Mar 16:00 | 11 Nov 13:30 | 12 Jan 12:45 | 12 May 13:30 | 16 Dec 13:30 | 16 Sep 16:00 | 17 Mar 15:00 | 17 Nov 12:45 | 18 Aug 15:00 | 19 May 16:00 | 20 Jan 16:00 | 20 Oct 12:45 | 21 Apr 13:30 | 22 Dec 15:00 | 23 Sep 16:00 | 25 Aug 15:00 | 25 Feb 20:00 | 25 Nov 16:00 | 26 Dec 17:30 | 27 Apr 15:00 | 28 Nov 19:45 | 28 Oct 15:00 | 29 Dec 12:45 | 29 Sep 17:30 | 30 Jan 19:45 | 30 Mar 15:00
Clint Hill,,38,2628,1,64,1 2 3 4 5 6 7 8 9 10 11 12 13 14 15 16 17 18 19 20 21 22 23 24 25 26 27 28 29 30 31 32 33 34 35 36 37 38,01 Apr 20:00 | 01 Dec 15:00 | 01 Oct 20:00 | 01 Sep 17:30 | 02 Feb 12:45 | 02 Jan 19:45 | 02 Mar 15:00 | 04 May 17:30 | 04 Nov 13:30 | 06 Oct 15:00 | 07 Apr 16:10 | 08 Dec 15:00 | 09 Feb 15:00 | 09 Mar 15:00 | 10 Nov 15:00 | 12 Jan 12:45 | 12 May 15:00 | 13 Apr 15:00 | 15 Dec 15:00 | 15 Sep 15:00 | 16 Mar 15:00 | 17 Nov 15:00 | 18 Aug 15:00 | 19 Jan 15:00 | 19 May 16:00 | 20 Apr 15:00 | 21 Oct 16:00 | 22 Dec 15:00 | 23 Feb 15:00 | 23 Sep 16:00 | 24 Nov 15:00 | 25 Aug 15:00 | 26 Dec 15:00 | 27 Nov 19:45 | 27 Oct 15:00 | 28 Apr 13:30 | 29 Jan 19:45 | 30 Dec 16:00
Connor Wickham,,37,353,0,13,1 3 4 5 6 7 8 9 10 11 12 13 14 15 16 17 18 19 20 21 22 23 24 25 26 27 28 29 30 31 32 33 34 35 36 37 38,01 Sep 15:00 | 02 Dec 16:00 | 02 Feb 15:00 | 02 Jan 19:45 | 02 Mar 15:00 | 03 Nov 15:00 | 06 May 20:00 | 06 Oct 12:45 | 07 Apr 15:00 | 09 Feb 15:00 | 09 Mar 15:00 | 10 Nov 15:00 | 11 Dec 19:45 | 12 Jan 15:00 | 12 May 15:00 | 14 Apr 12:00 | 15 Dec 15:00 | 15 Sep 17:30 | 17 Mar 13:30 | 18 Aug 15:00 | 18 Nov 16:00 | 19 Jan 15:00 | 19 May 16:00 | 20 Apr 15:00 | 21 Oct 13:30 | 22 Dec 15:00 | 22 Sep 15:00 | 23 Feb 15:00 | 24 Nov 12:45 | 26 Dec 15:00 | 27 Nov 19:45 | 27 Oct 15:00 | 29 Apr 20:00 | 29 Dec 12:45 | 29 Jan 19:45 | 29 Sep 15:00 | 30 Mar 12:45
Conor McAleny,,38,0,0,0,1 2 3 4 5 6 7 8 9 10 11 12 13 14 15 16 17 18 19 20 21 22 23 24 25 26 27 28 30 31 32 33 34 35 36 37 38,01 Dec 15:00 | 01 Sep 15:00 | 02 Feb 15:00 | 02 Jan 20:00 | 02 Mar 15:00 | 03 Nov 15:00 | 05 May 13:30 | 06 Oct 15:00 | 07 Apr 14:05 | 09 April 15:00 | 09 Dec 15:00 | 10 Feb 16:00 | 10 Nov 15:00 | 12 Jan 15:00 | 12 May 15:00 | 15 Dec 15:00 | 16 Apr 19:45 | 16 Mar 12:45 | 17 Nov 15:00 | 17 Sep 20:00 | 19 May 16:00 | 20 Apr 15:00 | 20 Aug 20:00 | 21 Jan 20:00 | 21 Oct 16:00 | 22 Dec 15:00 | 22 Sep 12:45 | 23 Feb 15:00 | 24 Nov 15:00 | 25 Aug 15:00 | 26 Dec 15:00 | 27 Apr 15:00 | 28 Nov 19:45 | 28 Oct 13:30 | 29 Sep 15:00 | 30 Dec 13:30 | 30 Jan 19:45 | 30 Mar 17:30
Conor Sammon,,38,14,0,1,1 2 3 4 5 6 7 8 9 10 11 12 13 14 15 16 17 18 19 20 21 22 23 24 25 26 27 28 30 31 32 33 34 35 36 37 38,01 Jan 15:00 | 01 Sep 15:00 | 02 Feb 15:00 | 02 Mar 17:30 | 03 Dec 20:00 | 03 Nov 15:00 | 06 Oct 15:00 | 07 Apr 16:10 | 07 May 19:45 | 08 Dec 15:00 | 09 Feb 15:00 | 10 Nov 15:00 | 11 April 19:45 | 12 Jan 15:00 | 14 May 19:45 | 15 Dec 15:00 | 15 Sep 15:00 | 17 Apr 19:45 | 17 Mar 16:00 | 17 Nov 15:00 | 19 Aug 13:30 | 19 Jan 15:00 | 19 May 16:00 | 20 Apr 15:00 | 20 Oct 15:00 | 22 Dec 12:45 | 22 Sep 15:00 | 23 Feb 15:00 | 24 Nov 15:00 | 25 Aug 15:00 | 26 Dec 15:00 | 27 Apr 15:00 | 27 Oct 15:00 | 28 Nov 20:00 | 29 Dec 15:00 | 29 Jan 19:45 | 29 Sep 15:00 | 30 Mar 15:00
Costel Pantilimon,,39,0,0,0,1 2 3 4 5 6 7 8 9 10 11 12 13 14 15 16 17 18 19 20 21 22 23 24 25 26 27 28 29 30 31 32 33 34 35 36 37 38,01 Dec 15:00 | 01 Jan 15:00 | 01 Jan. 15:00 | 01 Sep 17:30 | 03 Feb 16:00 | 03 Nov 17:30 | 04 Mar 20:00 | 06 Oct 12:45 | 07 May 19:45 | 08 Apr 20:00 | 09 Dec 13:30 | 09 Feb 17:30 | 11 Nov 13:30 | 13 Jan 16:00 | 14 May 20:00 | 15 Dec 12:45 | 15 Sep 15:00 | 16 Mar 12:45 | 17 Apr 19:45 | 17 Nov 15:00 | 19 Aug 16:00 | 19 Jan 15:00 | 19 May 16:00 | 20 Oct 15:00 | 21 Apr 13:30 | 21 March 19:45 | 22 Dec 15:00 | 23 Sep 16:00 | 24 Feb 13:30 | 25 Nov 16:00 | 26 Aug 16:00 | 26 Dec 15:00 | 27 Apr 12:45 | 27 Oct 17:30 | 28 Nov 20:00 | 29 Dec 15:00 | 29 Jan 19:45 | 29 Sep 15:00 | 30 Mar 15:00
Craig Bellamy,,37,0,0,0,1 2 3 4 5 6 7 8 9 10 11 12 13 14 15 16 17 18 19 20 21 22 23 24 25 26 28 29 30 31 32 33 34 35 36 37 38,01 Dec 15:00 | 02 Jan 19:45 | 02 Mar 17:30 | 02 Sep 13:30 | 03 Feb 16:00 | 04 Nov 16:00 | 05 May 13:30 | 07 Apr 13:30 | 07 Oct 15:00 | 09 Dec 16:00 | 10 Mar 16:00 | 11 Nov 16:00 | 12 May 15:00 | 13 Apr 15:00 | 13 Jan 13:30 | 15 Dec 15:00 | 15 Sep 17:30 | 16 Mar 15:00 | 17 Feb 15:00 | 17 Nov 15:00 | 18 Aug 15:00 | 19 Jan 15:00 | 19 May 16:00 | 20 Oct 15:00 | 21 Apr 16:00 | 22 Dec 17:30 | 23 Sep 13:30 | 25 Nov 13:30 | 26 Aug 16:00 | 26 Dec 19:45 | 27 Apr 17:30 | 28 Nov 19:45 | 28 Oct 13:30 | 29 Sep 15:00 | 30 Dec 16:00 | 30 Jan 19:45 | 31 Mar 13:30
Craig Dawson,,39,180,0,4,1 2 3 4 5 6 7 8 9 10 11 12 13 14 15 16 17 18 19 20 21 22 23 24 25 26 27 28 29 30 31 32 34 35 36 37 38,01 Dec 15:00 | 01 Jan 12:45 | 01 Jan. 12:30 | 01 Sep 15:00 | 02 Mar 15:00 | 03 Feb 13:30 | 05 Nov 20:00 | 06 Apr 15:00 | 06 Oct 15:00 | 07 May 19:45 | 08 Dec 15:00 | 09 Mar 15:00 | 10 Nov 15:00 | 11 Feb 20:00 | 12 Jan 15:00 | 12 May 15:00 | 15 Sep 15:00 | 16 Dec 16:00 | 16 Mar 15:00 | 17 March 15:00 | 17 Nov 15:00 | 18 Aug 15:00 | 19 Jan 17:30 | 19 May 16:00 | 20 Apr 15:00 | 20 Oct 15:00 | 22 Dec 15:00 | 22 Sep 15:00 | 23 Feb 15:00 | 24 Nov 12:45 | 25 Aug 15:00 | 26 Dec 15:00 | 27 Apr 15:00 | 28 Nov 19:45 | 28 Oct 15:00 | 29 Dec 15:00 | 30 Jan 19:45 | 30 Mar 15:00 | 30 Sep 16:00
Craig Gardner,,38,2754,2,104,1 3 4 5 6 7 8 9 10 11 12 13 14 15 16 17 18 19 20 21 22 23 24 25 26 27 28 29 30 31 32 33 34 35 36 37 38,01 Sep 15:00 | 02 Dec 16:00 | 02 Feb 15:00 | 02 Jan 19:45 | 02 Mar 15:00 | 03 Nov 15:00 | 06 May 20:00 | 06 Oct 12:45 | 07 Apr 15:00 | 09 Feb 15:00 | 09 Mar 15:00 | 10 Nov 15:00 | 11 Dec 19:45 | 12 Jan 15:00 | 12 May 15:00 | 14 Apr 12:00 | 15 Dec 15:00 | 15 Sep 17:30 | 17 Mar 13:30 | 18 Aug 15:00 | 18 Nov 16:00 | 19 Jan 15:00 | 19 May 16:00 | 20 Apr 15:00 | 21 Dec. 20:00 | 21 Oct 13:30 | 22 Dec 15:00 | 22 Sep 15:00 | 23 Feb 15:00 | 24 Nov 12:45 | 26 Dec 15:00 | 27 Nov 19:45 | 27 Oct 15:00 | 29 Apr 20:00 | 29 Dec 12:45 | 29 Jan 19:45 | 29 Sep 15:00 | 30 Mar 12:45
Craig Gordon,,1,0,0,0,17,21 Dec. 20:00
Craig Lynch,,38,0,0,0,1 3 4 5 6 7 8 9 10 11 12 13 14 15 16 17 18 19 20 21 22 23 24 25 26 27 28 29 30 31 32 33 34 35 36 37 38,01 Sep 15:00 | 02 Dec 16:00 | 02 Feb 15:00 | 02 Jan 19:45 | 02 Mar 15:00 | 03 Nov 15:00 | 06 May 20:00 | 06 Oct 12:45 | 07 Apr 15:00 | 09 Feb 15:00 | 09 Mar 15:00 | 10 Nov 15:00 | 11 Dec 19:45 | 12 Jan 15:00 | 12 May 15:00 | 14 Apr 12:00 | 15 Dec 15:00 | 15 Sep 17:30 | 17 Mar 13:30 | 18 Aug 15:00 | 18 Nov 16:00 | 19 Jan 15:00 | 19 May 16:00 | 20 Apr 15:00 | 21 Dec. 20:00 | 21 Oct 13:30 | 22 Dec 15:00 | 22 Sep 15:00 | 23 Feb 15:00 | 24 Nov 12:45 | 26 Dec 15:00 | 27 Nov 19:45 | 27 Oct 15:00 | 29 Apr 20:00 | 29 Dec 12:45 | 29 Jan 19:45 | 29 Sep 15:00 | 30 Mar 12:45
Csaba Somogyi,,19,0,0,0,19 21 22 23 24 25 26 27 28 29 30 31 32 33 34 35 36 37 38,01 Apr 20:00 | 01 Jan 12:45 | 02 Feb 17:30 | 02 Mar 15:00 | 04 May 15:00 | 07 Apr 15:00 | 09 Feb 15:00 | 12 Jan 15:00 | 12 May 15:00 | 17 Apr 20:00 | 17 Mar 15:00 | 17 March 15:00 | 19 Jan 15:00 | 19 May 16:00 | 20 Apr 15:00 | 23 Feb 12:45 | 27 Apr 15:00 | 30 Jan 20:00 | 31 Dec. 15:00
Curtis Good,,38,0,0,0,1 2 3 4 5 6 7 8 9 10 11 12 13 14 15 16 17 18 19 20 21 22 23 24 25 26 27 28 29 30 31 32 33 34 35 36 37 38,02 Feb 15:00 | 02 Jan 20:00 | 02 Mar 15:00 | 02 Sep 16:00 | 03 Dec 20:00 | 04 May 15:00 | 04 Nov 16:00 | 07 Apr 15:00 | 07 Oct 16:00 | 09 Feb 12:45 | 10 Dec 20:00 | 10 Mar 15:00 | 11 Nov 15:00 | 12 Jan 15:00 | 12 May 15:00 | 14 Apr 12:00 | 15 Dec 12:45 | 17 Mar 16:00 | 17 Nov 15:00 | 17 Sep 20:00 | 18 Aug 17:30 | 19 Jan 15:00 | 19 May 16:00 | 20 Apr 15:00 | 21 Oct 13:30 | 22 Dec 15:00 | 23 Sep 15:00 | 24 Feb 13:30 | 25 Aug 17:30 | 25 Nov 15:00 | 26 Dec 15:00 | 27 Apr 17:30 | 28 Nov 19:45 | 28 Oct 15:00 | 29 Dec 17:30 | 29 Jan 19:45 | 29 Sep 15:00 | 30 Mar 15:00
Damian Martinez,,35,0,0,0,2 3 4 5 6 7 8 9 10 11 12 13 14 15 16 17 18 20 21 22 23 24 25 26 27 28 30 31 32 33 34 35 36 37 38,01 Dec 15:00 | 01 Jan 17:30 | 02 Feb 15:00 | 02 Sep 13:30 | 03 Mar 16:00 | 03 Nov 12:45 | 04 May 17:30 | 06 Apr 15:00 | 06 Oct 17:30 | 08 Dec 15:00 | 09 Feb 15:00 | 10 Nov 15:00 | 13 Jan 16:00 | 14 May 19:45 | 15 Sep 15:00 | 16 Apr 19:45 | 16 Mar 15:00 | 17 Dec 20:00 | 17 Nov 12:45 | 19 May 16:00 | 20 Apr 15:00 | 20 Oct 17:30 | 22 Dec 12:45 | 23 Feb 15:00 | 23 Jan 19:45 | 23 Sep 16:00 | 24 Nov 17:30 | 26 Aug 13:30 | 27 Oct 15:00 | 28 Apr 16:00 | 28 Nov 19:45 | 29 Dec 17:30 | 29 Sep 12:45 | 30 Jan 19:45 | 30 Mar 15:00
Damien Duff,,38,2403,8,114,1 2 3 4 5 6 7 8 9 10 11 12 13 14 15 16 17 18 19 20 21 22 23 24 25 26 27 28 30 31 32 33 34 35 36 37 38,01 Apr 20:00 | 01 Dec 15:00 | 01 Jan 12:45 | 01 Sep 12:45 | 02 Feb 17:30 | 02 Mar 15:00 | 03 Nov 15:00 | 04 March 14:05 | 04 May 15:00 | 07 Apr 15:00 | 07 Oct 13:30 | 09 Feb 15:00 | 10 Dec 20:00 | 10 Nov 15:00 | 12 Jan 15:00 | 12 May 15:00 | 15 Dec 15:00 | 15 Sep 15:00 | 17 Apr 20:00 | 17 Mar 15:00 | 18 Aug 15:00 | 18 Nov 16:00 | 19 Jan 15:00 | 19 May 16:00 | 20 Apr 15:00 | 20 Oct 15:00 | 22 Dec 17:30 | 22 Sep 15:00 | 23 Feb 12:45 | 24 Nov 15:00 | 25 Aug 15:00 | 26 Dec 15:00 | 27 Apr 15:00 | 27 Oct 15:00 | 28 Nov 19:45 | 29 Dec 15:00 | 29 Sep 15:00 | 30 Jan 20:00
Dan Gosling,,38,44,0,3,1 2 3 4 5 6 7 8 9 10 11 12 13 14 15 16 17 18 19 20 21 22 23 24 25 26 27 28 29 30 31 32 33 34 35 36 37 38,02 Feb 15:00 | 02 Jan 20:00 | 02 Mar 15:00 | 02 Sep 16:00 | 03 Dec 20:00 | 04 May 15:00 | 04 Nov 16:00 | 07 Apr 15:00 | 07 Oct 16:00 | 09 Feb 12:45 | 10 Dec 20:00 | 10 Mar 15:00 | 11 Nov 15:00 | 12 Jan 15:00 | 12 May 15:00 | 14 Apr 12:00 | 15 Dec 12:45 | 17 Mar 16:00 | 17 Nov 15:00 | 17 Sep 20:00 | 18 Aug 17:30 | 19 Jan 15:00 | 19 May 16:00 | 20 Apr 15:00 | 21 Oct 13:30 | 22 Dec 15:00 | 23 Sep 15:00 | 24 Feb 13:30 | 25 Aug 17:30 | 25 Nov 15:00 | 26 Dec 15:00 | 27 Apr 17:30 | 28 Nov 19:45 | 28 Oct 15:00 | 29 Dec 17:30 | 29 Jan 19:45 | 29 Sep 15:00 | 30 Mar 15:00
Dan Harding,,37,0,0,0,1 2 3 4 5 6 7 8 9 10 11 12 13 14 15 16 18 19 20 21 22 23 24 25 26 27 28 29 30 31 32 33 34 35 36 37 38,01 Dec 15:00 | 01 Jan 17:30 | 02 Feb 15:00 | 02 Mar 15:00 | 02 Sep 16:00 | 04 May 15:00 | 05 Nov 20:00 | 06 Apr 12:45 | 07 Oct 13:30 | 08 Dec 15:00 | 09 Feb 17:30 | 09 Mar 15:00 | 10 Nov 15:00 | 12 May 15:00 | 13 Apr 15:00 | 15 Sep 15:00 | 16 Jan 19:45 | 16 Mar 15:00 | 17 Nov 15:00 | 19 Aug 16:00 | 19 May 16:00 | 20 Apr 15:00 | 20 Oct 15:00 | 21 Jan 20:00 | 22 Dec 15:00 | 22 Sep 15:00 | 24 Feb 13:30 | 25 Aug 15:00 | 25 Nov 15:00 | 26 Dec 15:00 | 27 Apr 15:00 | 28 Nov 19:45 | 28 Oct 15:00 | 29 Dec 15:00 | 29 Sep 15:00 | 30 Jan 20:00 | 30 Mar 15:00
Daniel Agger,,38,3007,0,133,1 2 3 4 5 6 7 8 9 10 11 12 13 14 15 16 17 18 19 20 21 22 23 24 25 26 27 28 29 30 31 32 33 34 35 36 37 38,01 Dec 15:00 | 02 Jan 19:45 | 02 Mar 17:30 | 02 Sep 13:30 | 03 Feb 16:00 | 03 March 12:45 | 04 Nov 16:00 | 05 May 13:30 | 07 Apr 13:30 | 07 Oct 15:00 | 09 Dec 16:00 | 10 Mar 16:00 | 11 Nov 16:00 | 12 May 15:00 | 13 Apr 15:00 | 13 Jan 13:30 | 15 Dec 15:00 | 15 Sep 17:30 | 16 Mar 15:00 | 17 Feb 15:00 | 17 Nov 15:00 | 18 Aug 15:00 | 19 Jan 15:00 | 19 May 16:00 | 20 Oct 15:00 | 21 Apr 16:00 | 22 Dec 17:30 | 23 Sep 13:30 | 25 Nov 13:30 | 26 Aug 16:00 | 26 Dec 19:45 | 27 Apr 17:30 | 28 Nov 19:45 | 28 Oct 13:30 | 29 Sep 15:00 | 30 Dec 16:00 | 30 Jan 19:45 | 31 Mar 13:30
Daniel Ayala,,39,0,0,0,1 2 3 4 5 6 7 8 9 10 11 12 13 14 15 16 17 18 19 20 21 22 23 24 25 26 27 28 29 30 31 32 33 34 35 36 37 38,01 Jan 15:00 | 01 Sep 15:00 | 02 Dec 16:00 | 02 Feb 12:45 | 02 Mar 15:00 | 03 Nov 15:00 | 04 May 15:00 | 06 Apr 15:00 | 06 Oct 15:00 | 08 Dec 15:00 | 09 Feb 15:00 | 09 Mar 15:00 | 10 Nov 15:00 | 12 Jan 15:00 | 12 May 15:00 | 13 Apr 15:00 | 15 Dec 15:00 | 15 Sep 12:45 | 17 Mar 13:30 | 17 Nov 17:30 | 18 Aug 15:00 | 19 Jan 15:00 | 19 May 16:00 | 20 Apr 15:00 | 20 Dec. 19:45 | 20 Oct 17:30 | 22 Dec 15:00 | 23 Feb 15:00 | 23 Sep 15:00 | 24 Nov 15:00 | 25 Aug 15:00 | 26 Dec 15:00 | 27 Apr 15:00 | 27 Oct 12:45 | 28 Nov 19:45 | 29 Dec 15:00 | 29 Sep 15:00 | 30 Jan 19:45 | 30 Mar 15:00
Daniel Daniel Carrico,,17,89,0,3,22 23 24 25 26 27 28 29 30 31 32 33 34 35 36 37 38,02 Feb 15:00 | 02 Mar 15:00 | 04 May 15:00 | 06 Apr 12:45 | 09 Feb 15:00 | 09 Mar 15:00 | 12 Jan 15:00 | 13 Apr 15:00 | 14 May 20:00 | 16 Mar 17:30 | 19 Jan 15:00 | 19 May 16:00 | 20 Apr 15:00 | 23 Feb 15:00 | 28 Apr 13:30 | 30 Jan 20:00 | 30 Mar 15:00
Daniel Fox,,37,1201,1,28,1 2 3 4 5 6 7 8 9 10 11 12 13 14 15 16 18 19 20 21 22 23 24 25 26 27 28 29 30 31 32 33 34 35 36 37 38,01 Dec 15:00 | 01 Jan 17:30 | 02 Feb 15:00 | 02 Mar 15:00 | 02 Sep 16:00 | 04 May 15:00 | 05 Nov 20:00 | 06 Apr 12:45 | 07 Oct 13:30 | 08 Dec 15:00 | 09 Feb 17:30 | 09 Mar 15:00 | 10 Nov 15:00 | 12 May 15:00 | 13 Apr 15:00 | 15 Sep 15:00 | 16 Jan 19:45 | 16 Mar 15:00 | 17 Nov 15:00 | 19 Aug 16:00 | 19 May 16:00 | 20 Apr 15:00 | 20 Oct 15:00 | 21 Jan 20:00 | 22 Dec 15:00 | 22 Sep 15:00 | 24 Feb 13:30 | 25 Aug 15:00 | 25 Nov 15:00 | 26 Dec 15:00 | 27 Apr 15:00 | 28 Nov 19:45 | 28 Oct 15:00 | 29 Dec 15:00 | 29 Sep 15:00 | 30 Jan 20:00 | 30 Mar 15:00
Daniel Gabbidon,,1,0,0,0,33,11 April 20:00
Daniel Johnson,,14,0,0,0,1 2 3 4 5 6 7 8 9 10 20 30 32 33,02 Sep 16:00 | 03 Nov 15:00 | 06 Apr 15:00 | 07 Oct 15:00 | 13 Apr 15:00 | 15 Sep 15:00 | 16 Mar 15:00 | 18 Aug 15:00 | 20 Oct 15:00 | 22 Sep 15:00 | 25 Aug 15:00 | 27 Oct 12:45 | 29 Dec 15:00 | 30 Sep 16:00
Daniel Potts,,36,119,0,2,1 2 3 4 5 6 7 8 9 10 11 12 13 14 15 16 17 18 20 21 22 23 24 25 26 27 28 30 31 32 33 34 35 36 37 38,01 Dec 12:45 | 01 Jan 15:00 | 01 Oct 20:00 | 01 Sep 12:45 | 02 Feb 15:00 | 02 Mar 15:00 | 03 Nov 17:30 | 04 May 15:00 | 06 Oct 17:30 | 07 Apr 13:30 | 09 Dec 16:00 | 10 Feb 13:30 | 11 Nov 15:00 | 12 Jan 15:00 | 12 May 15:00 | 15 Sep 12:45 | 16 Dec 16:00 | 17 Apr 19:45 | 17 Mar 16:00 | 18 Aug 15:00 | 19 May 16:00 | 19 Nov 20:00 | 20 Apr 15:00 | 20 Oct 15:00 | 22 Dec 15:00 | 22 Sep 15:00 | 23 Jan 19:45 | 25 Aug 12:45 | 25 Feb 20:00 | 25 Nov 16:00 | 27 Apr 12:45 | 27 Oct 15:00 | 28 Nov 20:00 | 29 Dec 15:00 | 30 Jan 20:00 | 30 Mar 15:00
Daniel Redmond,,24,0,0,0,14 15 16 17 18 19 20 21 22 23 24 25 26 27 28 30 31 32 33 34 35 36 37 38,01 Jan 15:00 | 02 Feb 15:00 | 02 Mar 17:30 | 03 Dec 20:00 | 07 Apr 16:10 | 07 May 19:45 | 08 Dec 15:00 | 09 Feb 15:00 | 12 Jan 15:00 | 14 May 19:45 | 15 Dec 15:00 | 17 Apr 19:45 | 17 Mar 16:00 | 19 Jan 15:00 | 19 May 16:00 | 20 Apr 15:00 | 22 Dec 12:45 | 23 Feb 15:00 | 26 Dec 15:00 | 27 Apr 15:00 | 28 Nov 20:00 | 29 Dec 15:00 | 29 Jan 19:45 | 30 Mar 15:00
Daniel Seaborne,,37,0,0,0,1 2 3 4 5 6 7 8 9 10 11 12 13 14 15 16 18 19 20 21 22 23 24 25 26 27 28 29 30 31 32 33 34 35 36 37 38,01 Dec 15:00 | 01 Jan 17:30 | 02 Feb 15:00 | 02 Mar 15:00 | 02 Sep 16:00 | 04 May 15:00 | 05 Nov 20:00 | 06 Apr 12:45 | 07 Oct 13:30 | 08 Dec 15:00 | 09 Feb 17:30 | 09 Mar 15:00 | 10 Nov 15:00 | 12 May 15:00 | 13 Apr 15:00 | 15 Sep 15:00 | 16 Jan 19:45 | 16 Mar 15:00 | 17 Nov 15:00 | 19 Aug 16:00 | 19 May 16:00 | 20 Apr 15:00 | 20 Oct 15:00 | 21 Jan 20:00 | 22 Dec 15:00 | 22 Sep 15:00 | 24 Feb 13:30 | 25 Aug 15:00 | 25 Nov 15:00 | 26 Dec 15:00 | 27 Apr 15:00 | 28 Nov 19:45 | 28 Oct 15:00 | 29 Dec 15:00 | 29 Sep 15:00 | 30 Jan 20:00 | 30 Mar 15:00
Daniel Sturridge,,36,1254,5,99,1 2 4 5 6 7 8 9 10 11 12 13 14 15 16 18 19 20 21 22 23 24 25 26 28 29 30 31 32 33 34 35 36 37 38,01 Dec 12:45 | 02 Jan 19:45 | 02 Mar 17:30 | 03 Feb 16:00 | 03 Nov 15:00 | 05 May 13:30 | 06 Oct 15:00 | 07 Apr 13:30 | 08 Dec 15:00 | 10 Mar 16:00 | 11 Nov 16:00 | 12 May 15:00 | 13 Apr 15:00 | 13 Jan 13:30 | 15 Sep 15:00 | 16 Mar 15:00 | 17 Feb 15:00 | 17 Nov 15:00 | 19 Jan 15:00 | 19 May 16:00 | 20 Oct 12:45 | 21 Apr 16:00 | 21 March 19:45 | 22 Aug 19:45 | 22 Sep 15:00 | 23 Dec 16:00 | 25 Aug 17:30 | 25 Nov 16:00 | 26 Dec 15:00 | 27 Apr 17:30 | 28 Nov 19:45 | 28 Oct 16:00 | 29 Sep 12:45 | 30 Dec 13:30 | 30 Jan 19:45 | 31 Mar 13:30
Danny Butterfield,,37,0,0,0,1 2 3 4 5 6 7 8 9 10 11 12 13 14 15 16 18 19 20 21 22 23 24 25 26 27 28 29 30 31 32 33 34 35 36 37 38,01 Dec 15:00 | 01 Jan 17:30 | 02 Feb 15:00 | 02 Mar 15:00 | 02 Sep 16:00 | 04 May 15:00 | 05 Nov 20:00 | 06 Apr 12:45 | 07 Oct 13:30 | 08 Dec 15:00 | 09 Feb 17:30 | 09 Mar 15:00 | 10 Nov 15:00 | 12 May 15:00 | 13 Apr 15:00 | 15 Sep 15:00 | 16 Jan 19:45 | 16 Mar 15:00 | 17 Nov 15:00 | 19 Aug 16:00 | 19 May 16:00 | 20 Apr 15:00 | 20 Oct 15:00 | 21 Jan 20:00 | 22 Dec 15:00 | 22 Sep 15:00 | 24 Feb 13:30 | 25 Aug 15:00 | 25 Nov 15:00 | 26 Dec 15:00 | 27 Apr 15:00 | 28 Nov 19:45 | 28 Oct 15:00 | 29 Dec 15:00 | 29 Sep 15:00 | 30 Jan 20:00 | 30 Mar 15:00
Danny Collins,,38,0,0,0,1 2 3 4 5 6 7 8 9 10 11 12 13 14 15 16 17 18 19 20 21 22 23 24 25 26 27 28 29 30 31 32 33 34 35 36 37 38,01 Dec 15:00 | 01 Jan 15:00 | 01 Sep 15:00 | 02 Feb 15:00 | 02 Mar 15:00 | 03 Nov 15:00 | 06 Apr 15:00 | 06 May 20:00 | 07 Oct 15:00 | 08 Dec 15:00 | 09 Feb 15:00 | 10 Mar 15:00 | 10 Nov 15:00 | 12 Jan 15:00 | 12 May 13:30 | 14 Apr 14:05 | 15 Dec 15:00 | 15 Sep 15:00 | 16 Mar 15:00 | 18 Aug 15:00 | 19 Jan 15:00 | 19 May 16:00 | 19 Nov 20:00 | 20 Apr 15:00 | 20 Oct 15:00 | 22 Dec 15:00 | 22 Sep 15:00 | 23 Feb 12:45 | 24 Nov 15:00 | 26 Aug 13:30 | 26 Dec 19:45 | 27 Apr 15:00 | 27 Oct 15:00 | 28 Nov 19:45 | 29 Dec 15:00 | 29 Jan 19:45 | 29 Sep 15:00 | 30 Mar 17:30
Danny Graham,,39,1935,4,81,1 2 3 4 5 6 7 8 9 10 11 12 13 14 15 16 17 18 19 20 21 22 23 24 25 26 27 28 29 30 31 32 33 34 35 36 37 38,01 Dec 15:00 | 01 Jan 15:00 | 01 Sep 15:00 | 02 Feb 15:00 | 02 Mar 15:00 | 03 Nov 15:00 | 06 May 20:00 | 06 Oct 15:00 | 07 Apr 15:00 | 08 Dec 15:00 | 09 Feb 15:00 | 09 Mar 15:00 | 10 Nov 15:00 | 12 Jan 15:00 | 12 May 15:00 | 14 Apr 12:00 | 15 Sep 15:00 | 16 Dec 13:30 | 17 Mar 13:30 | 17 Nov 15:00 | 18 Aug 15:00 | 19 Jan 15:00 | 19 May 16:00 | 20 Apr 15:00 | 20 Aug. 15:00 | 20 Oct 15:00 | 22 Sep 12:45 | 23 Dec 13:30 | 23 Feb 15:00 | 25 Aug 12:45 | 25 Nov 13:30 | 26 Dec 15:00 | 27 Oct 17:30 | 28 Nov 19:45 | 29 Apr 20:00 | 29 Dec 15:00 | 29 Jan 19:45 | 29 Sep 15:00 | 30 Mar 12:45
Danny Guthrie,,36,1523,1,48,1 4 5 6 7 8 9 10 11 12 13 14 15 16 17 18 19 20 21 22 23 24 25 26 27 28 29 30 31 32 33 34 35 36 37 38,01 Dec 17:30 | 01 Jan 15:00 | 02 Feb 15:00 | 02 Mar 15:00 | 04 May 15:00 | 04 Nov 13:30 | 06 Apr 12:45 | 06 Oct 15:00 | 09 Feb 15:00 | 09 Mar 15:00 | 10 Nov 15:00 | 11 Dec 19:45 | 12 Jan 15:00 | 13 Apr 15:00 | 14 May 20:00 | 16 Mar 17:30 | 16 Sep 16:00 | 17 Dec 20:00 | 17 Nov 15:00 | 19 Jan 15:00 | 19 May 16:00 | 20 Apr 15:00 | 20 Oct 15:00 | 22 Aug 19:45 | 22 Dec 15:00 | 22 Sep 15:00 | 23 Feb 15:00 | 24 Nov 15:00 | 26 Dec 15:00 | 27 Nov 20:00 | 27 Oct 15:00 | 28 Apr 13:30 | 29 Dec 15:00 | 29 Sep 15:00 | 30 Jan 20:00 | 30 Mar 15:00
Danny Higginbotham,,38,0,0,0,1 2 3 4 5 6 7 8 9 10 11 12 13 14 15 16 17 18 19 20 21 22 23 24 25 26 27 28 29 30 31 32 33 34 35 36 37 38,01 Dec 15:00 | 01 Jan 15:00 | 01 Sep 15:00 | 02 Feb 15:00 | 02 Mar 15:00 | 03 Nov 15:00 | 06 Apr 15:00 | 06 May 20:00 | 07 Oct 15:00 | 08 Dec 15:00 | 09 Feb 15:00 | 10 Mar 15:00 | 10 Nov 15:00 | 12 Jan 15:00 | 12 May 13:30 | 14 Apr 14:05 | 15 Dec 15:00 | 15 Sep 15:00 | 16 Mar 15:00 | 18 Aug 15:00 | 19 Jan 15:00 | 19 May 16:00 | 19 Nov 20:00 | 20 Apr 15:00 | 20 Oct 15:00 | 22 Dec 15:00 | 22 Sep 15:00 | 23 Feb 12:45 | 24 Nov 15:00 | 26 Aug 13:30 | 26 Dec 19:45 | 27 Apr 15:00 | 27 Oct 15:00 | 28 Nov 19:45 | 29 Dec 15:00 | 29 Jan 19:45 | 29 Sep 15:00 | 30 Mar 17:30
Danny Murphy,,1,68,1,6,27,04 March 14:05
Danny Pugh,,2,84,0,3,2 3,21 Aug. 13:30 | 28 Aug. 15:00
Danny Rose,,39,2125,1,60,1 2 3 4 5 6 7 8 9 10 11 12 13 14 15 16 17 18 19 20 21 22 23 24 25 26 27 28 29 30 31 32 33 34 35 36 37 38,01 Sep 15:00 | 02 Dec 16:00 | 02 Feb 15:00 | 02 Jan 19:45 | 02 Mar 15:00 | 03 Nov 15:00 | 06 May 20:00 | 06 Oct 12:45 | 07 Apr 15:00 | 09 Feb 15:00 | 09 Mar 15:00 | 10 Nov 15:00 | 11 Dec 19:45 | 12 Jan 15:00 | 12 May 15:00 | 14 Apr 12:00 | 15 Dec 15:00 | 15 Sep 17:30 | 17 Mar 13:30 | 18 Aug 17:30 | 18 Nov 16:00 | 19 Jan 15:00 | 19 May 16:00 | 20 Apr 15:00 | 21 Oct 13:30 | 22 Aug. 20:00 | 22 Dec 15:00 | 22 Sep 15:00 | 23 Feb 15:00 | 24 Nov 12:45 | 25 Aug 15:00 | 26 Dec 15:00 | 27 Nov 19:45 | 27 Oct 15:00 | 29 Apr 20:00 | 29 Dec 12:45 | 29 Jan 19:45 | 29 Sep 15:00 | 30 Mar 12:45
Danny Simpson,,38,1518,2,46,1 2 3 4 5 6 7 8 9 10 11 12 13 14 15 16 17 18 19 20 21 22 23 24 25 26 27 28 29 30 31 32 33 34 35 36 37 38,02 Feb 15:00 | 02 Jan 20:00 | 02 Mar 15:00 | 02 Sep 16:00 | 03 Dec 20:00 | 04 May 15:00 | 04 Nov 16:00 | 07 Apr 15:00 | 07 Oct 16:00 | 09 Feb 12:45 | 10 Dec 20:00 | 10 Mar 15:00 | 11 Nov 15:00 | 12 Jan 15:00 | 12 May 15:00 | 14 Apr 12:00 | 15 Dec 12:45 | 17 Mar 16:00 | 17 Nov 15:00 | 17 Sep 20:00 | 18 Aug 17:30 | 19 Jan 15:00 | 19 May 16:00 | 20 Apr 15:00 | 21 Oct 13:30 | 22 Dec 15:00 | 23 Sep 15:00 | 24 Feb 13:30 | 25 Aug 17:30 | 25 Nov 15:00 | 26 Dec 15:00 | 27 Apr 17:30 | 28 Nov 19:45 | 28 Oct 15:00 | 29 Dec 17:30 | 29 Jan 19:45 | 29 Sep 15:00 | 30 Mar 15:00
Danny Welbeck,,37,1287,4,56,1 2 3 4 5 6 7 8 9 10 11 12 13 14 15 16 17 18 19 20 21 22 23 24 25 26 27 28 30 31 32 33 34 35 36 37 38,01 Dec 17:30 | 01 Jan 15:00 | 02 Feb 17:30 | 02 Mar 15:00 | 02 Sep 16:00 | 03 Nov 12:45 | 05 May 16:00 | 07 Oct 16:00 | 08 Apr 20:00 | 09 Dec 13:30 | 10 Feb 16:00 | 10 Nov 17:30 | 12 May 16:00 | 13 Jan 13:30 | 15 Dec 15:00 | 15 Sep 15:00 | 16 Mar 17:30 | 17 Apr 19:45 | 17 Nov 17:30 | 19 May 16:00 | 20 Aug 20:00 | 20 Jan 16:00 | 20 Oct 15:00 | 22 Apr 20:00 | 23 Dec 13:30 | 23 Feb 15:00 | 23 Sep 13:30 | 24 Nov 15:00 | 25 Aug 15:00 | 26 Dec 15:00 | 28 Apr 16:00 | 28 Nov 20:00 | 28 Oct 16:00 | 29 Dec 15:00 | 29 Sep 17:30 | 30 Jan 20:00 | 30 Mar 12:45
Danny Wilson,,38,0,0,0,1 2 3 4 5 6 7 8 9 10 11 12 13 14 15 16 17 18 19 20 21 22 23 24 25 26 27 28 29 30 31 32 33 34 35 36 37 38,01 Dec 15:00 | 02 Jan 19:45 | 02 Mar 17:30 | 02 Sep 13:30 | 03 Feb 16:00 | 03 March 12:45 | 04 Nov 16:00 | 05 May 13:30 | 07 Apr 13:30 | 07 Oct 15:00 | 09 Dec 16:00 | 10 Mar 16:00 | 11 Nov 16:00 | 12 May 15:00 | 13 Apr 15:00 | 13 Jan 13:30 | 15 Dec 15:00 | 15 Sep 17:30 | 16 Mar 15:00 | 17 Feb 15:00 | 17 Nov 15:00 | 18 Aug 15:00 | 19 Jan 15:00 | 19 May 16:00 | 20 Oct 15:00 | 21 Apr 16:00 | 22 Dec 17:30 | 23 Sep 13:30 | 25 Nov 13:30 | 26 Aug 16:00 | 26 Dec 19:45 | 27 Apr 17:30 | 28 Nov 19:45 | 28 Oct 13:30 | 29 Sep 15:00 | 30 Dec 16:00 | 30 Jan 19:45 | 31 Mar 13:30
Darnel Situ,,37,0,0,0,1 2 3 4 5 6 7 8 9 10 11 12 13 14 15 16 17 18 19 20 21 22 23 24 25 26 28 29 30 31 32 34 35 36 37 38,01 Dec 15:00 | 01 Jan 15:00 | 01 Sep 15:00 | 02 Feb 15:00 | 02 Mar 15:00 | 03 Nov 15:00 | 06 Apr 15:00 | 06 Oct 15:00 | 07 May 19:45 | 08 Dec 15:00 | 09 Mar 15:00 | 10 Nov 15:00 | 12 Jan 15:00 | 12 May 16:00 | 15 Sep 15:00 | 16 Dec 13:30 | 16 Mar 15:00 | 17 Feb 15:00 | 17 March 15:00 | 17 Nov 15:00 | 18 Aug 15:00 | 19 Jan 15:00 | 19 May 16:00 | 20 Apr 15:00 | 20 Oct 15:00 | 22 Sep 12:45 | 23 Dec 13:30 | 25 Aug 12:45 | 25 Nov 13:30 | 26 Dec 15:00 | 27 Oct 17:30 | 28 Apr 15:00 | 28 Nov 19:45 | 29 Dec 15:00 | 29 Jan 19:45 | 29 Sep 15:00 | 30 Mar 15:00
Darren Bent,,18,600,1,27,1 2 3 4 5 6 7 8 9 10 11 12 20 21 22 30 31 32,01 Jan 15:00 | 02 Sep 16:00 | 03 Nov 15:00 | 06 Apr 15:00 | 07 Oct 15:00 | 10 Nov 17:30 | 12 Jan 15:00 | 15 Sep 15:00 | 16 Mar 15:00 | 17 Nov 15:00 | 18 Aug 15:00 | 20 Oct 15:00 | 22 Sep 15:00 | 25 Aug 15:00 | 27 Oct 12:45 | 29 Dec 15:00 | 30 Sep 16:00 | 31 Mar 13:30
Darren Fletcher,,38,181,0,12,1 2 3 4 5 6 7 8 9 10 11 12 13 14 15 16 17 18 19 20 21 22 23 24 25 26 27 28 29 30 31 32 33 34 35 36 37 38,01 Dec 17:30 | 01 Jan 15:00 | 02 Feb 17:30 | 02 Mar 15:00 | 02 Sep 16:00 | 03 Nov 12:45 | 05 May 16:00 | 07 Oct 16:00 | 08 Apr 20:00 | 09 Dec 13:30 | 10 Feb 16:00 | 10 Nov 17:30 | 12 May 16:00 | 13 Jan 13:30 | 15 Dec 15:00 | 15 Sep 15:00 | 16 Mar 17:30 | 17 Apr 19:45 | 17 Nov 17:30 | 18 March 13:30 | 19 May 16:00 | 20 Aug 20:00 | 20 Jan 16:00 | 20 Oct 15:00 | 22 Apr 20:00 | 23 Dec 13:30 | 23 Feb 15:00 | 23 Sep 13:30 | 24 Nov 15:00 | 25 Aug 15:00 | 26 Dec 15:00 | 28 Apr 16:00 | 28 Nov 20:00 | 28 Oct 16:00 | 29 Dec 15:00 | 29 Sep 17:30 | 30 Jan 20:00 | 30 Mar 12:45
Darren Pratley,,2,30,0,2,3 17,20 Dec. 20:00 | 27 Aug. 17:30
Darron Gibson,,38,1715,2,47,1 2 3 4 5 6 7 8 9 10 11 12 13 14 15 16 17 18 19 20 21 22 23 24 25 26 27 28 29 30 31 32 33 34 35 36 37 38,01 Dec 15:00 | 01 Sep 15:00 | 02 Feb 15:00 | 02 Jan 20:00 | 02 Mar 15:00 | 03 Nov 15:00 | 05 May 13:30 | 06 Oct 15:00 | 07 Apr 14:05 | 09 Dec 15:00 | 10 Feb 16:00 | 10 Nov 15:00 | 12 Jan 15:00 | 12 May 15:00 | 15 Dec 15:00 | 16 Apr 19:45 | 16 Mar 12:45 | 17 Nov 15:00 | 17 Sep 20:00 | 19 May 16:00 | 20 Apr 15:00 | 20 Aug 20:00 | 21 Jan 20:00 | 21 March 20:00 | 21 Oct 16:00 | 22 Dec 15:00 | 22 Sep 12:45 | 23 Feb 15:00 | 24 Nov 15:00 | 25 Aug 15:00 | 26 Dec 15:00 | 27 Apr 15:00 | 28 Nov 19:45 | 28 Oct 13:30 | 29 Sep 15:00 | 30 Dec 13:30 | 30 Jan 19:45 | 30 Mar 17:30
David Cornell,,27,0,0,0,10 11 12 13 14 15 16 17 18 19 20 21 22 23 24 25 26 28 29 30 31 32 34 35 36 37 38,01 Dec 15:00 | 01 Jan 15:00 | 02 Feb 15:00 | 02 Mar 15:00 | 03 Nov 15:00 | 06 Apr 15:00 | 07 May 19:45 | 08 Dec 15:00 | 09 Mar 15:00 | 10 Nov 15:00 | 12 Jan 15:00 | 12 May 16:00 | 16 Dec 13:30 | 16 Mar 15:00 | 17 Feb 15:00 | 17 Nov 15:00 | 19 Jan 15:00 | 19 May 16:00 | 20 Apr 15:00 | 23 Dec 13:30 | 25 Nov 13:30 | 26 Dec 15:00 | 28 Apr 15:00 | 28 Nov 19:45 | 29 Dec 15:00 | 29 Jan 19:45 | 30 Mar 15:00
David de Gea,,38,2520,0,114,1 2 3 4 5 6 7 8 9 10 11 12 13 14 15 16 17 18 19 20 21 22 23 24 25 26 27 28 29 30 31 32 33 34 35 36 37 38,01 Dec 17:30 | 01 Jan 15:00 | 02 Feb 17:30 | 02 Mar 15:00 | 02 Sep 16:00 | 03 Nov 12:45 | 05 May 16:00 | 07 Oct 16:00 | 08 Apr 20:00 | 09 Dec 13:30 | 10 Feb 16:00 | 10 Nov 17:30 | 12 May 16:00 | 13 Jan 13:30 | 15 Dec 15:00 | 15 Sep 15:00 | 16 Mar 17:30 | 17 Apr 19:45 | 17 Nov 17:30 | 18 March 13:30 | 19 May 16:00 | 20 Aug 20:00 | 20 Jan 16:00 | 20 Oct 15:00 | 22 Apr 20:00 | 23 Dec 13:30 | 23 Feb 15:00 | 23 Sep 13:30 | 24 Nov 15:00 | 25 Aug 15:00 | 26 Dec 15:00 | 28 Apr 16:00 | 28 Nov 20:00 | 28 Oct 16:00 | 29 Dec 15:00 | 29 Sep 17:30 | 30 Jan 20:00 | 30 Mar 12:45
David Dunn,,3,123,0,2,3 17 29,20 Dec. 20:00 | 20 March 20:00 | 27 Aug. 15:00
David Edwards,,1,52,0,1,33,11 April 19:45
David Fox,,38,37,0,2,1 2 3 4 5 6 7 8 9 10 11 12 13 14 15 16 17 18 19 20 21 22 23 24 25 26 27 28 29 30 31 32 33 34 35 36 37 38,01 Jan 15:00 | 01 Sep 15:00 | 02 Dec 16:00 | 02 Feb 12:45 | 02 Mar 15:00 | 03 Nov 15:00 | 04 May 15:00 | 06 Apr 15:00 | 06 Oct 15:00 | 08 Dec 15:00 | 09 Feb 15:00 | 09 Mar 15:00 | 10 Nov 15:00 | 12 Jan 15:00 | 12 May 15:00 | 13 Apr 15:00 | 15 Dec 15:00 | 15 Sep 12:45 | 17 Mar 13:30 | 17 Nov 17:30 | 18 Aug 15:00 | 19 Jan 15:00 | 19 May 16:00 | 20 Apr 15:00 | 20 Oct 17:30 | 22 Dec 15:00 | 23 Feb 15:00 | 23 Sep 15:00 | 24 Nov 15:00 | 25 Aug 15:00 | 26 Dec 15:00 | 27 Apr 15:00 | 27 Oct 12:45 | 28 Nov 19:45 | 29 Dec 15:00 | 29 Sep 15:00 | 30 Jan 19:45 | 30 Mar 15:00
David Goodwillie,,2,6,0,1,19 29,20 March 20:00 | 31 Dec. 12:45
David Hoilett,,41,1726,4,73,1 2 3 4 5 6 7 8 9 10 11 12 13 14 15 16 17 18 19 20 21 22 23 24 25 26 27 28 29 30 31 32 33 34 35 36 37 38,01 Apr 20:00 | 01 Dec 15:00 | 01 Oct 20:00 | 01 Sep 17:30 | 02 Feb 12:45 | 02 Jan 19:45 | 02 Mar 15:00 | 04 May 17:30 | 04 Nov 13:30 | 06 Oct 15:00 | 07 Apr 16:10 | 08 Dec 15:00 | 09 Feb 15:00 | 09 Mar 15:00 | 10 Nov 15:00 | 12 Jan 12:45 | 12 May 15:00 | 13 Apr 15:00 | 15 Dec 15:00 | 15 Sep 15:00 | 16 Mar 15:00 | 17 Nov 15:00 | 18 Aug 15:00 | 19 Jan 15:00 | 19 May 16:00 | 20 Apr 15:00 | 20 Dec. 20:00 | 20 March 20:00 | 21 Oct 16:00 | 22 Dec 15:00 | 23 Feb 15:00 | 23 Sep 16:00 | 24 Nov 15:00 | 25 Aug 15:00 | 26 Dec 15:00 | 27 Aug. 15:00 | 27 Nov 19:45 | 27 Oct 15:00 | 28 Apr 13:30 | 29 Jan 19:45 | 30 Dec 16:00
David Jones,,39,891,0,24,1 2 3 4 5 6 7 8 9 10 11 12 13 14 15 16 17 18 19 20 21 22 23 24 25 26 27 28 29 30 31 32 33 34 35 36 37 38,01 Jan 15:00 | 01 Sep 15:00 | 02 Feb 15:00 | 02 Mar 17:30 | 03 Dec 20:00 | 03 Nov 15:00 | 06 Oct 15:00 | 07 Apr 16:10 | 07 May 19:45 | 08 Dec 15:00 | 09 Feb 15:00 | 10 Nov 15:00 | 12 Jan 15:00 | 14 May 19:45 | 15 Dec 15:00 | 15 Sep 15:00 | 17 Apr 19:45 | 17 Mar 16:00 | 17 March 15:00 | 17 Nov 15:00 | 19 Aug 13:30 | 19 Jan 15:00 | 19 May 16:00 | 20 Apr 15:00 | 20 Oct 15:00 | 22 Dec 12:45 | 22 Sep 15:00 | 23 Feb 15:00 | 24 Nov 15:00 | 25 Aug 15:00 | 26 Dec 15:00 | 27 Apr 15:00 | 27 Oct 15:00 | 28 Nov 20:00 | 29 Dec 15:00 | 29 Jan 19:45 | 29 Sep 15:00 | 30 Mar 15:00 | 31 Dec. 15:00
David Luiz,,36,2452,2,107,1 2 4 5 6 7 8 9 10 11 12 13 14 15 16 18 19 20 21 22 23 24 25 26 27 28 29 30 31 32 33 34 35 36 37 38,01 Dec 12:45 | 02 Feb 15:00 | 02 Jan 19:45 | 02 Mar 15:00 | 03 Nov 15:00 | 06 Oct 15:00 | 07 Apr 15:00 | 08 Dec 15:00 | 08 May 19:45 | 09 Feb 15:00 | 11 May 12:45 | 11 Nov 16:00 | 15 Sep 15:00 | 16 Jan 19:45 | 17 Apr 20:00 | 17 Mar 16:00 | 17 Nov 15:00 | 19 May 16:00 | 20 Jan 13:30 | 20 Oct 12:45 | 21 Apr 16:00 | 21 March 19:45 | 22 Aug 19:45 | 22 Sep 15:00 | 23 Dec 16:00 | 24 Feb 13:30 | 25 Aug 17:30 | 25 Nov 16:00 | 26 Dec 15:00 | 28 Apr 15:00 | 28 Nov 19:45 | 28 Oct 16:00 | 29 Sep 12:45 | 30 Dec 13:30 | 30 Jan 20:00 | 30 Mar 15:00
David Meyler,,38,67,0,3,1 3 4 5 6 7 8 9 10 11 12 13 14 15 16 17 18 19 20 21 22 23 24 25 26 27 28 29 30 31 32 33 34 35 36 37 38,01 Sep 15:00 | 02 Dec 16:00 | 02 Feb 15:00 | 02 Jan 19:45 | 02 Mar 15:00 | 03 Nov 15:00 | 06 May 20:00 | 06 Oct 12:45 | 07 Apr 15:00 | 09 Feb 15:00 | 09 Mar 15:00 | 10 Nov 15:00 | 11 Dec 19:45 | 12 Jan 15:00 | 12 May 15:00 | 14 Apr 12:00 | 15 Dec 15:00 | 15 Sep 17:30 | 17 Mar 13:30 | 18 Aug 15:00 | 18 Nov 16:00 | 19 Jan 15:00 | 19 May 16:00 | 20 Apr 15:00 | 21 Dec. 20:00 | 21 Oct 13:30 | 22 Dec 15:00 | 22 Sep 15:00 | 23 Feb 15:00 | 24 Nov 12:45 | 26 Dec 15:00 | 27 Nov 19:45 | 27 Oct 15:00 | 29 Apr 20:00 | 29 Dec 12:45 | 29 Jan 19:45 | 29 Sep 15:00 | 30 Mar 12:45
David Silva,,38,2507,12,154,1 2 3 4 5 6 7 8 9 10 11 12 13 14 15 16 17 18 19 20 21 22 23 24 25 26 27 28 30 31 32 33 34 35 36 37 38,01 Dec 15:00 | 01 Jan 15:00 | 01 Sep 17:30 | 03 Feb 16:00 | 03 Nov 17:30 | 04 Mar 20:00 | 06 Oct 12:45 | 07 May 19:45 | 08 Apr 20:00 | 09 Dec 13:30 | 09 Feb 17:30 | 11 April 19:45 | 11 Nov 13:30 | 13 Jan 16:00 | 14 May 20:00 | 15 Dec 12:45 | 15 Sep 15:00 | 16 Mar 12:45 | 17 Apr 19:45 | 17 Nov 15:00 | 19 Aug 16:00 | 19 Jan 15:00 | 19 May 16:00 | 20 Oct 15:00 | 21 Apr 13:30 | 22 Dec 15:00 | 23 Sep 16:00 | 24 Feb 13:30 | 25 Nov 16:00 | 26 Aug 16:00 | 26 Dec 15:00 | 27 Apr 12:45 | 27 Oct 17:30 | 28 Nov 20:00 | 29 Dec 15:00 | 29 Jan 19:45 | 29 Sep 15:00 | 30 Mar 15:00
David Stockdale,,38,180,0,5,1 2 3 4 5 6 7 8 9 10 11 12 13 14 15 16 17 18 19 20 21 22 23 24 25 26 27 28 29 30 31 32 33 34 35 36 37 38,01 Apr 20:00 | 01 Dec 15:00 | 01 Jan 12:45 | 01 Sep 12:45 | 02 Feb 17:30 | 02 Mar 15:00 | 03 Nov 15:00 | 04 May 15:00 | 07 Apr 15:00 | 07 Oct 13:30 | 09 Feb 15:00 | 10 Dec 20:00 | 10 Nov 15:00 | 12 Jan 15:00 | 12 May 15:00 | 15 Dec 15:00 | 15 Sep 15:00 | 17 Apr 20:00 | 17 Mar 15:00 | 17 March 15:00 | 18 Aug 15:00 | 18 Nov 16:00 | 19 Jan 15:00 | 19 May 16:00 | 20 Apr 15:00 | 20 Oct 15:00 | 22 Dec 17:30 | 22 Sep 15:00 | 23 Feb 12:45 | 24 Nov 15:00 | 25 Aug 15:00 | 26 Dec 15:00 | 27 Apr 15:00 | 27 Oct 15:00 | 28 Nov 19:45 | 29 Dec 15:00 | 29 Sep 15:00 | 30 Jan 20:00
David Vaughan,,38,807,0,33,1 3 4 5 6 7 8 9 10 11 12 13 14 15 16 17 18 19 20 21 22 23 24 25 26 27 28 29 30 31 32 33 34 35 36 37 38,01 Sep 15:00 | 02 Dec 16:00 | 02 Feb 15:00 | 02 Jan 19:45 | 02 Mar 15:00 | 03 Nov 15:00 | 06 May 20:00 | 06 Oct 12:45 | 07 Apr 15:00 | 09 Feb 15:00 | 09 Mar 15:00 | 10 Nov 15:00 | 11 Dec 19:45 | 12 Jan 15:00 | 12 May 15:00 | 14 Apr 12:00 | 15 Dec 15:00 | 15 Sep 17:30 | 17 Mar 13:30 | 18 Aug 15:00 | 18 Nov 16:00 | 19 Jan 15:00 | 19 May 16:00 | 20 Apr 15:00 | 21 Dec. 20:00 | 21 Oct 13:30 | 22 Dec 15:00 | 22 Sep 15:00 | 23 Feb 15:00 | 24 Nov 12:45 | 26 Dec 15:00 | 27 Nov 19:45 | 27 Oct 15:00 | 29 Apr 20:00 | 29 Dec 12:45 | 29 Jan 19:45 | 29 Sep 15:00 | 30 Mar 12:45
David Wheater,,1,0,0,0,17,20 Dec. 20:00
Davide Santon,,39,2667,4,72,1 2 3 4 5 6 7 8 9 10 11 12 13 14 15 16 17 18 19 20 21 22 23 24 25 26 27 28 29 30 31 32 33 34 35 36 37 38,02 Feb 15:00 | 02 Jan 20:00 | 02 Mar 15:00 | 02 Sep 16:00 | 03 Dec 20:00 | 04 May 15:00 | 04 Nov 16:00 | 07 Apr 15:00 | 07 Oct 16:00 | 09 Feb 12:45 | 10 Dec 20:00 | 10 Mar 15:00 | 11 Nov 15:00 | 12 Jan 15:00 | 12 May 15:00 | 14 Apr 12:00 | 15 Dec 12:45 | 17 Mar 16:00 | 17 Nov 15:00 | 17 Sep 20:00 | 18 Aug 17:30 | 18 March 16:00 | 19 Jan 15:00 | 19 May 16:00 | 20 Apr 15:00 | 21 Oct 13:30 | 22 Dec 15:00 | 23 Sep 15:00 | 24 Feb 13:30 | 25 Aug 17:30 | 25 Nov 15:00 | 26 Dec 15:00 | 27 Apr 17:30 | 28 Nov 19:45 | 28 Oct 15:00 | 29 Dec 17:30 | 29 Jan 19:45 | 29 Sep 15:00 | 30 Mar 15:00
Dean Hammond,,37,0,0,0,1 2 3 4 5 6 7 8 9 10 11 12 13 14 15 16 18 19 20 21 22 23 24 25 26 27 28 29 30 31 32 33 34 35 36 37 38,01 Dec 15:00 | 01 Jan 17:30 | 02 Feb 15:00 | 02 Mar 15:00 | 02 Sep 16:00 | 04 May 15:00 | 05 Nov 20:00 | 06 Apr 12:45 | 07 Oct 13:30 | 08 Dec 15:00 | 09 Feb 17:30 | 09 Mar 15:00 | 10 Nov 15:00 | 12 May 15:00 | 13 Apr 15:00 | 15 Sep 15:00 | 16 Jan 19:45 | 16 Mar 15:00 | 17 Nov 15:00 | 19 Aug 16:00 | 19 May 16:00 | 20 Apr 15:00 | 20 Oct 15:00 | 21 Jan 20:00 | 22 Dec 15:00 | 22 Sep 15:00 | 24 Feb 13:30 | 25 Aug 15:00 | 25 Nov 15:00 | 26 Dec 15:00 | 27 Apr 15:00 | 28 Nov 19:45 | 28 Oct 15:00 | 29 Dec 15:00 | 29 Sep 15:00 | 30 Jan 20:00 | 30 Mar 15:00
Dean Whitehead,,40,1585,0,42,1 2 3 4 5 6 7 8 9 10 11 12 13 14 15 16 17 18 19 20 21 22 23 24 25 26 27 28 29 30 31 32 33 34 35 36 37 38,01 Dec 15:00 | 01 Jan 15:00 | 01 Sep 15:00 | 02 Feb 15:00 | 02 Mar 15:00 | 03 Nov 15:00 | 06 Apr 15:00 | 06 May 20:00 | 07 Oct 15:00 | 08 Dec 15:00 | 09 Feb 15:00 | 10 Mar 15:00 | 10 Nov 15:00 | 12 Jan 15:00 | 12 May 13:30 | 14 Apr 14:05 | 15 Dec 15:00 | 15 Sep 15:00 | 16 Mar 15:00 | 18 Aug 15:00 | 19 Jan 15:00 | 19 May 16:00 | 19 Nov 20:00 | 20 Apr 15:00 | 20 Oct 15:00 | 21 Aug. 13:30 | 22 Dec 15:00 | 22 Sep 15:00 | 23 Feb 12:45 | 24 Nov 15:00 | 26 Aug 13:30 | 26 Dec 19:45 | 27 Apr 15:00 | 27 Oct 15:00 | 28 Aug. 15:00 | 28 Nov 19:45 | 29 Dec 15:00 | 29 Jan 19:45 | 29 Sep 15:00 | 30 Mar 17:30
Declan Rudd,,38,0,0,0,1 2 3 4 5 6 7 8 9 10 11 12 13 14 15 16 17 18 19 20 21 22 23 24 25 26 27 28 29 30 31 32 33 34 35 36 37 38,01 Jan 15:00 | 01 Sep 15:00 | 02 Dec 16:00 | 02 Feb 12:45 | 02 Mar 15:00 | 03 Nov 15:00 | 04 May 15:00 | 06 Apr 15:00 | 06 Oct 15:00 | 08 Dec 15:00 | 09 Feb 15:00 | 09 Mar 15:00 | 10 Nov 15:00 | 12 Jan 15:00 | 12 May 15:00 | 13 Apr 15:00 | 15 Dec 15:00 | 15 Sep 12:45 | 17 Mar 13:30 | 17 Nov 17:30 | 18 Aug 15:00 | 19 Jan 15:00 | 19 May 16:00 | 20 Apr 15:00 | 20 Oct 17:30 | 22 Dec 15:00 | 23 Feb 15:00 | 23 Sep 15:00 | 24 Nov 15:00 | 25 Aug 15:00 | 26 Dec 15:00 | 27 Apr 15:00 | 27 Oct 12:45 | 28 Nov 19:45 | 29 Dec 15:00 | 29 Sep 15:00 | 30 Jan 19:45 | 30 Mar 15:00
Demba Ba,,37,2371,4,149,1 2 3 4 5 6 7 8 9 10 11 12 13 14 15 16 17 18 19 20 21 22 23 24 25 26 27 28 30 31 32 33 34 35 36 37 38,02 Feb 15:00 | 02 Jan 20:00 | 02 Mar 15:00 | 02 Sep 16:00 | 03 Dec 20:00 | 04 Nov 16:00 | 07 Apr 15:00 | 07 Oct 16:00 | 08 May 19:45 | 09 Feb 15:00 | 10 Dec 20:00 | 11 May 12:45 | 11 Nov 15:00 | 15 Dec 12:45 | 16 Jan 19:45 | 17 Apr 20:00 | 17 Mar 16:00 | 17 Nov 15:00 | 17 Sep 20:00 | 18 Aug 17:30 | 19 May 16:00 | 20 Jan 13:30 | 21 Apr 16:00 | 21 Oct 13:30 | 22 Dec 15:00 | 23 Sep 15:00 | 24 Feb 13:30 | 25 Aug 17:30 | 25 Nov 15:00 | 26 Dec 15:00 | 28 Apr 15:00 | 28 Nov 19:45 | 28 Oct 15:00 | 29 Dec 17:30 | 29 Sep 15:00 | 30 Jan 20:00 | 30 Mar 15:00
Denis Suarez,,16,0,0,0,22 23 24 25 26 27 28 30 31 32 33 34 35 36 37 38,03 Feb 16:00 | 04 Mar 20:00 | 07 May 19:45 | 08 Apr 20:00 | 09 Feb 17:30 | 13 Jan 16:00 | 14 May 20:00 | 16 Mar 12:45 | 17 Apr 19:45 | 19 Jan 15:00 | 19 May 16:00 | 21 Apr 13:30 | 24 Feb 13:30 | 27 Apr 12:45 | 29 Jan 19:45 | 30 Mar 15:00
Derrick Williams,,12,0,0,0,1 2 3 4 5 6 7 8 9 10 20 30,02 Sep 16:00 | 03 Nov 15:00 | 07 Oct 15:00 | 15 Sep 15:00 | 16 Mar 15:00 | 18 Aug 15:00 | 20 Oct 15:00 | 22 Sep 15:00 | 25 Aug 15:00 | 27 Oct 12:45 | 29 Dec 15:00 | 30 Sep 16:00
Dickson Etuhu,,38,0,0,0,1 2 3 4 5 6 7 8 9 10 11 12 13 14 15 16 17 18 19 20 21 22 23 24 25 26 27 28 30 31 32 33 34 35 36 37 38,01 Apr 20:00 | 01 Dec 15:00 | 01 Jan 12:45 | 01 Sep 12:45 | 02 Feb 17:30 | 02 Mar 15:00 | 03 Nov 15:00 | 04 March 14:05 | 04 May 15:00 | 07 Apr 15:00 | 07 Oct 13:30 | 09 Feb 15:00 | 10 Dec 20:00 | 10 Nov 15:00 | 12 Jan 15:00 | 12 May 15:00 | 15 Dec 15:00 | 15 Sep 15:00 | 17 Apr 20:00 | 17 Mar 15:00 | 18 Aug 15:00 | 18 Nov 16:00 | 19 Jan 15:00 | 19 May 16:00 | 20 Apr 15:00 | 20 Oct 15:00 | 22 Dec 17:30 | 22 Sep 15:00 | 23 Feb 12:45 | 24 Nov 15:00 | 25 Aug 15:00 | 26 Dec 15:00 | 27 Apr 15:00 | 27 Oct 15:00 | 28 Nov 19:45 | 29 Dec 15:00 | 29 Sep 15:00 | 30 Jan 20:00
Didier Drogba,,1,18,0,1,29,21 March 19:45
Diego Arismendi,,39,0,0,0,1 2 3 4 5 6 7 8 9 10 11 12 13 14 15 16 17 18 19 20 21 22 23 24 25 26 27 28 29 30 31 32 33 34 35 36 37 38,01 Dec 15:00 | 01 Jan 15:00 | 01 Sep 15:00 | 02 Feb 15:00 | 02 Mar 15:00 | 03 Nov 15:00 | 06 Apr 15:00 | 06 May 20:00 | 07 Oct 15:00 | 08 Dec 15:00 | 09 Feb 15:00 | 10 Mar 15:00 | 10 Nov 15:00 | 12 Jan 15:00 | 12 May 13:30 | 14 Apr 14:05 | 15 Dec 15:00 | 15 Sep 15:00 | 16 Mar 15:00 | 18 Aug 15:00 | 19 Jan 15:00 | 19 May 16:00 | 19 Nov 20:00 | 20 Apr 15:00 | 20 Oct 15:00 | 21 March 19:45 | 22 Dec 15:00 | 22 Sep 15:00 | 23 Feb 12:45 | 24 Nov 15:00 | 26 Aug 13:30 | 26 Dec 19:45 | 27 Apr 15:00 | 27 Oct 15:00 | 28 Nov 19:45 | 29 Dec 15:00 | 29 Jan 19:45 | 29 Sep 15:00 | 30 Mar 17:30
Dimitar Berbatov,,37,2754,4,161,1 2 3 4 5 6 7 8 9 10 11 12 13 14 15 16 17 18 19 20 21 22 23 24 25 26 27 28 30 31 32 33 34 35 36 37 38,01 Apr 20:00 | 01 Dec 15:00 | 01 Jan 12:45 | 01 Sep 12:45 | 02 Feb 17:30 | 02 Mar 15:00 | 03 Nov 15:00 | 04 May 15:00 | 07 Apr 15:00 | 07 Oct 13:30 | 09 Feb 15:00 | 10 Dec 20:00 | 10 Nov 15:00 | 12 Jan 15:00 | 12 May 15:00 | 15 Dec 15:00 | 15 Sep 15:00 | 17 Apr 20:00 | 17 Mar 15:00 | 18 Nov 16:00 | 19 Jan 15:00 | 19 May 16:00 | 20 Apr 15:00 | 20 Aug 20:00 | 20 Oct 15:00 | 22 Dec 17:30 | 22 Sep 15:00 | 23 Feb 12:45 | 24 Nov 15:00 | 25 Aug 15:00 | 26 Dec 15:00 | 27 Apr 15:00 | 27 Oct 15:00 | 28 Nov 19:45 | 29 Dec 15:00 | 29 Sep 15:00 | 30 Jan 20:00
Diniyar Bilyaletdinov,,1,0,0,0,29,21 March 20:00
Dirk Kuyt,,1,90,0,7,29,21 March 20:00
DJ Campbell,,40,27,0,1,1 2 3 4 5 6 7 8 9 10 11 12 13 14 15 16 17 18 19 20 21 22 23 24 25 26 27 28 29 30 31 32 33 34 35 36 37 38,01 Apr 20:00 | 01 Dec 15:00 | 01 Oct 20:00 | 01 Sep 17:30 | 02 Feb 12:45 | 02 Jan 19:45 | 02 Mar 15:00 | 04 May 17:30 | 04 Nov 13:30 | 06 Oct 15:00 | 07 Apr 16:10 | 08 Dec 15:00 | 09 Feb 15:00 | 09 Mar 15:00 | 10 Nov 15:00 | 12 Jan 12:45 | 12 May 15:00 | 13 Apr 15:00 | 15 Dec 15:00 | 15 Sep 15:00 | 16 Mar 15:00 | 17 Nov 15:00 | 18 Aug 15:00 | 19 Jan 15:00 | 19 May 16:00 | 20 Apr 15:00 | 21 March 20:00 | 21 Oct 16:00 | 22 Dec 15:00 | 23 Feb 15:00 | 23 Sep 16:00 | 24 Nov 15:00 | 25 Aug 15:00 | 26 Dec 15:00 | 27 Nov 19:45 | 27 Oct 15:00 | 28 Apr 13:30 | 29 Jan 19:45 | 30 Dec 16:00 | 31 Dec. 15:00
Djibril Cisse,,39,1199,1,49,1 2 3 4 5 6 7 8 9 10 11 12 13 14 15 16 17 18 19 20 21 22 23 24 25 26 27 28 29 30 31 32 33 34 35 36 37 38,01 Apr 20:00 | 01 Dec 15:00 | 01 Oct 20:00 | 01 Sep 17:30 | 02 Feb 12:45 | 02 Jan 19:45 | 02 Mar 15:00 | 04 May 17:30 | 04 Nov 13:30 | 06 Oct 15:00 | 07 Apr 16:10 | 08 Dec 15:00 | 09 Feb 15:00 | 09 Mar 15:00 | 10 Nov 15:00 | 12 Jan 12:45 | 12 May 15:00 | 13 Apr 15:00 | 15 Dec 15:00 | 15 Sep 15:00 | 16 Mar 15:00 | 17 Nov 15:00 | 18 Aug 15:00 | 19 Jan 15:00 | 19 May 16:00 | 20 Apr 15:00 | 21 March 20:00 | 21 Oct 16:00 | 22 Dec 15:00 | 23 Feb 15:00 | 23 Sep 16:00 | 24 Nov 15:00 | 25 Aug 15:00 | 26 Dec 15:00 | 27 Nov 19:45 | 27 Oct 15:00 | 28 Apr 13:30 | 29 Jan 19:45 | 30 Dec 16:00
Dominic Samuel,,23,19,0,1,16 17 18 19 20 21 22 23 24 25 26 27 28 29 30 31 32 33 34 35 36 37 38,01 Jan 15:00 | 02 Feb 15:00 | 02 Mar 15:00 | 04 May 15:00 | 06 Apr 12:45 | 09 Feb 15:00 | 09 Mar 15:00 | 11 Dec 19:45 | 12 Jan 15:00 | 13 Apr 15:00 | 14 May 20:00 | 16 Mar 17:30 | 17 Dec 20:00 | 19 Jan 15:00 | 19 May 16:00 | 20 Apr 15:00 | 22 Dec 15:00 | 23 Feb 15:00 | 26 Dec 15:00 | 28 Apr 13:30 | 29 Dec 15:00 | 30 Jan 20:00 | 30 Mar 15:00
Dong-Won Dong-Won Ji,,37,0,0,0,1 3 4 5 6 7 8 9 10 11 12 13 14 15 16 17 18 19 20 21 22 23 24 25 26 27 28 29 30 31 32 33 34 35 36 37 38,01 Sep 15:00 | 02 Dec 16:00 | 02 Feb 15:00 | 02 Jan 19:45 | 02 Mar 15:00 | 03 Nov 15:00 | 06 May 20:00 | 06 Oct 12:45 | 07 Apr 15:00 | 09 Feb 15:00 | 09 Mar 15:00 | 10 Nov 15:00 | 11 Dec 19:45 | 12 Jan 15:00 | 12 May 15:00 | 14 Apr 12:00 | 15 Dec 15:00 | 15 Sep 17:30 | 17 Mar 13:30 | 18 Aug 15:00 | 18 Nov 16:00 | 19 Jan 15:00 | 19 May 16:00 | 20 Apr 15:00 | 21 Oct 13:30 | 22 Dec 15:00 | 22 Sep 15:00 | 23 Feb 15:00 | 24 Nov 12:45 | 26 Dec 15:00 | 27 Nov 19:45 | 27 Oct 15:00 | 29 Apr 20:00 | 29 Dec 12:45 | 29 Jan 19:45 | 29 Sep 15:00 | 30 Mar 12:45
Dos Santos Giovani,,38,0,0,0,1 2 3 4 5 6 7 8 9 10 11 12 13 14 15 16 17 18 19 20 21 22 23 24 25 26 27 28 29 30 31 32 34 35 36 37 38,01 Dec 15:00 | 01 Jan 15:00 | 01 Sep 15:00 | 03 Feb 13:30 | 03 Mar 16:00 | 03 Nov 15:00 | 04 March 16:10 | 07 Apr 14:05 | 07 Oct 15:00 | 08 May 19:45 | 09 Dec 15:00 | 09 Feb 12:45 | 10 Mar 16:00 | 11 Nov 13:30 | 12 Jan 12:45 | 12 May 13:30 | 16 Dec 13:30 | 16 Sep 16:00 | 17 Mar 15:00 | 17 Nov 12:45 | 18 Aug 17:30 | 19 May 16:00 | 20 Jan 16:00 | 20 Oct 12:45 | 21 Apr 13:30 | 22 Dec 15:00 | 23 Sep 16:00 | 25 Aug 15:00 | 25 Feb 20:00 | 25 Nov 16:00 | 26 Dec 17:30 | 27 Apr 15:00 | 28 Nov 19:45 | 28 Oct 15:00 | 29 Dec 12:45 | 29 Sep 17:30 | 30 Jan 19:45 | 30 Mar 15:00
Dwight Tiendalli,,32,1010,0,36,5 6 7 8 9 10 11 12 13 14 15 16 17 18 19 20 21 22 23 24 25 26 28 29 30 31 32 34 35 36 37 38,01 Dec 15:00 | 01 Jan 15:00 | 02 Feb 15:00 | 02 Mar 15:00 | 03 Nov 15:00 | 06 Apr 15:00 | 06 Oct 15:00 | 07 May 19:45 | 08 Dec 15:00 | 09 Mar 15:00 | 10 Nov 15:00 | 12 Jan 15:00 | 12 May 16:00 | 16 Dec 13:30 | 16 Mar 15:00 | 17 Feb 15:00 | 17 Nov 15:00 | 19 Jan 15:00 | 19 May 16:00 | 20 Apr 15:00 | 20 Oct 15:00 | 22 Sep 12:45 | 23 Dec 13:30 | 25 Nov 13:30 | 26 Dec 15:00 | 27 Oct 17:30 | 28 Apr 15:00 | 28 Nov 19:45 | 29 Dec 15:00 | 29 Jan 19:45 | 29 Sep 15:00 | 30 Mar 15:00
Eden Hazard,,35,2473,14,171,1 2 4 5 6 7 8 9 10 11 12 13 14 15 16 18 19 20 21 22 23 24 25 26 27 28 30 31 32 33 34 35 36 37 38,01 Dec 12:45 | 02 Feb 15:00 | 02 Jan 19:45 | 02 Mar 15:00 | 03 Nov 15:00 | 06 Oct 15:00 | 07 Apr 15:00 | 08 Dec 15:00 | 08 May 19:45 | 09 Feb 15:00 | 11 May 12:45 | 11 Nov 16:00 | 15 Sep 15:00 | 16 Jan 19:45 | 17 Apr 20:00 | 17 Mar 16:00 | 17 Nov 15:00 | 19 May 16:00 | 20 Jan 13:30 | 20 Oct 12:45 | 21 Apr 16:00 | 22 Aug 19:45 | 22 Sep 15:00 | 23 Dec 16:00 | 24 Feb 13:30 | 25 Aug 17:30 | 25 Nov 16:00 | 26 Dec 15:00 | 28 Apr 15:00 | 28 Nov 19:45 | 28 Oct 16:00 | 29 Sep 12:45 | 30 Dec 13:30 | 30 Jan 20:00 | 30 Mar 15:00
Edin Dzeko,,38,1793,6,130,1 2 3 4 5 6 7 8 9 10 11 12 13 14 15 16 17 18 19 20 21 22 23 24 25 26 27 28 29 30 31 32 33 34 35 36 37 38,01 Dec 15:00 | 01 Jan 15:00 | 01 Sep 17:30 | 03 Feb 16:00 | 03 Nov 17:30 | 04 Mar 20:00 | 06 Oct 12:45 | 07 May 19:45 | 08 Apr 20:00 | 09 Dec 13:30 | 09 Feb 17:30 | 11 Nov 13:30 | 13 Jan 16:00 | 14 May 20:00 | 15 Dec 12:45 | 15 Sep 15:00 | 16 Mar 12:45 | 17 Apr 19:45 | 17 Nov 15:00 | 19 Aug 16:00 | 19 Jan 15:00 | 19 May 16:00 | 20 Oct 15:00 | 21 Apr 13:30 | 21 March 19:45 | 22 Dec 15:00 | 23 Sep 16:00 | 24 Feb 13:30 | 25 Nov 16:00 | 26 Aug 16:00 | 26 Dec 15:00 | 27 Apr 12:45 | 27 Oct 17:30 | 28 Nov 20:00 | 29 Dec 15:00 | 29 Jan 19:45 | 29 Sep 15:00 | 30 Mar 15:00
Eggert Jonsson,,1,48,0,1,29,18 March 13:30
Elliott Bennett,,40,1049,3,52,1 2 3 4 5 6 7 8 9 10 11 12 13 14 15 16 17 18 19 20 21 22 23 24 25 26 27 28 29 30 31 32 33 34 35 36 37 38,01 Jan 15:00 | 01 Sep 15:00 | 02 Dec 16:00 | 02 Feb 12:45 | 02 Mar 15:00 | 03 Nov 15:00 | 04 May 15:00 | 06 Apr 15:00 | 06 Oct 15:00 | 08 Dec 15:00 | 09 Feb 15:00 | 09 Mar 15:00 | 10 Nov 15:00 | 12 Jan 15:00 | 12 May 15:00 | 13 Apr 15:00 | 15 Dec 15:00 | 15 Sep 12:45 | 17 Mar 13:30 | 17 Nov 17:30 | 18 Aug 15:00 | 18 March 16:00 | 19 Jan 15:00 | 19 May 16:00 | 20 Apr 15:00 | 20 Oct 17:30 | 22 Dec 15:00 | 23 Feb 15:00 | 23 Sep 15:00 | 24 Nov 15:00 | 25 Aug 15:00 | 26 Dec 15:00 | 27 Apr 15:00 | 27 Oct 12:45 | 28 Nov 19:45 | 29 Dec 15:00 | 29 Sep 15:00 | 30 Jan 19:45 | 30 Mar 15:00 | 31 Dec. 15:00
Elliott Lee,,17,0,0,0,21 22 23 24 25 26 27 28 30 31 32 33 34 35 36 37 38,01 Jan 15:00 | 02 Feb 15:00 | 02 Mar 15:00 | 04 May 15:00 | 07 Apr 13:30 | 10 Feb 13:30 | 12 Jan 15:00 | 12 May 15:00 | 17 Apr 19:45 | 17 Mar 16:00 | 19 May 16:00 | 20 Apr 15:00 | 23 Jan 19:45 | 25 Feb 20:00 | 27 Apr 12:45 | 30 Jan 20:00 | 30 Mar 15:00
Elliott Ward,,38,0,0,0,1 2 3 4 5 6 7 8 9 10 11 12 13 14 15 16 17 18 19 20 21 22 23 24 25 26 27 28 29 30 31 32 33 34 35 36 37 38,01 Jan 15:00 | 01 Sep 15:00 | 02 Dec 16:00 | 02 Feb 12:45 | 02 Mar 15:00 | 03 Nov 15:00 | 04 May 15:00 | 06 Apr 15:00 | 06 Oct 15:00 | 08 Dec 15:00 | 09 Feb 15:00 | 09 Mar 15:00 | 10 Nov 15:00 | 12 Jan 15:00 | 12 May 15:00 | 13 Apr 15:00 | 15 Dec 15:00 | 15 Sep 12:45 | 17 Mar 13:30 | 17 Nov 17:30 | 18 Aug 15:00 | 19 Jan 15:00 | 19 May 16:00 | 20 Apr 15:00 | 20 Oct 17:30 | 22 Dec 15:00 | 23 Feb 15:00 | 23 Sep 15:00 | 24 Nov 15:00 | 25 Aug 15:00 | 26 Dec 15:00 | 27 Apr 15:00 | 27 Oct 12:45 | 28 Nov 19:45 | 29 Dec 15:00 | 29 Sep 15:00 | 30 Jan 19:45 | 30 Mar 15:00
Elvijs Putnins,,1,0,0,0,29,21 March 20:00
Emanuel Pogatetz,,14,126,0,3,24 25 26 27 28 30 31 32 33 34 35 36 37 38,02 Feb 15:00 | 02 Mar 15:00 | 04 May 15:00 | 07 Apr 13:30 | 10 Feb 13:30 | 12 May 15:00 | 17 Apr 19:45 | 17 Mar 16:00 | 19 May 16:00 | 20 Apr 15:00 | 25 Feb 20:00 | 27 Apr 12:45 | 30 Jan 20:00 | 30 Mar 15:00
Emboaba Oscar,,35,2175,7,113,1 2 4 5 6 7 8 9 10 11 12 13 14 15 16 18 19 20 21 22 23 24 25 26 27 28 30 31 32 33 34 35 36 37 38,01 Dec 12:45 | 02 Feb 15:00 | 02 Jan 19:45 | 02 Mar 15:00 | 03 Nov 15:00 | 06 Oct 15:00 | 07 Apr 15:00 | 08 Dec 15:00 | 08 May 19:45 | 09 Feb 15:00 | 11 May 12:45 | 11 Nov 16:00 | 15 Sep 15:00 | 16 Jan 19:45 | 17 Apr 20:00 | 17 Mar 16:00 | 17 Nov 15:00 | 19 May 16:00 | 20 Jan 13:30 | 20 Oct 12:45 | 21 Apr 16:00 | 22 Aug 19:45 | 22 Sep 15:00 | 23 Dec 16:00 | 24 Feb 13:30 | 25 Aug 17:30 | 25 Nov 16:00 | 26 Dec 15:00 | 28 Apr 15:00 | 28 Nov 19:45 | 28 Oct 16:00 | 29 Sep 12:45 | 30 Dec 13:30 | 30 Jan 20:00 | 30 Mar 15:00
Emmanuel Adebayor,,37,1565,2,71,1 2 3 4 5 6 7 8 9 10 11 12 13 14 15 16 17 18 19 20 21 22 23 24 25 26 27 28 29 30 31 32 34 35 36 37 38,01 Dec 15:00 | 01 Jan 15:00 | 01 Sep 15:00 | 03 Feb 13:30 | 03 Mar 16:00 | 03 Nov 15:00 | 07 Apr 14:05 | 07 Oct 15:00 | 08 May 19:45 | 09 Dec 15:00 | 09 Feb 12:45 | 10 Mar 16:00 | 11 Nov 13:30 | 12 Jan 12:45 | 12 May 13:30 | 16 Dec 13:30 | 16 Sep 16:00 | 17 Mar 15:00 | 17 Nov 12:45 | 19 Aug 16:00 | 19 May 16:00 | 20 Jan 16:00 | 20 Oct 12:45 | 21 Apr 13:30 | 22 Dec 15:00 | 23 Sep 16:00 | 25 Aug 15:00 | 25 Feb 20:00 | 25 Nov 16:00 | 26 Dec 17:30 | 27 Apr 15:00 | 28 Nov 19:45 | 28 Oct 15:00 | 29 Dec 12:45 | 29 Sep 17:30 | 30 Jan 19:45 | 30 Mar 15:00
Emmanuel Frimpong,,16,223,1,12,23 24 25 26 27 28 29 30 31 32 33 34 35 36 37 38,01 Apr 20:00 | 02 Feb 17:30 | 02 Mar 15:00 | 04 May 15:00 | 07 Apr 15:00 | 09 Feb 15:00 | 12 May 15:00 | 17 Apr 20:00 | 17 Mar 15:00 | 18 March 13:30 | 19 May 16:00 | 20 Apr 15:00 | 23 Feb 12:45 | 23 Jan 19:45 | 27 Apr 15:00 | 30 Jan 20:00
Emmanuel Mayuka,,35,233,1,14,3 4 5 6 7 8 9 10 11 12 13 14 15 16 18 19 20 21 22 23 24 25 26 27 28 29 30 31 32 33 34 35 36 37 38,01 Dec 15:00 | 01 Jan 17:30 | 02 Feb 15:00 | 02 Mar 15:00 | 02 Sep 16:00 | 04 May 15:00 | 05 Nov 20:00 | 06 Apr 12:45 | 07 Oct 13:30 | 08 Dec 15:00 | 09 Feb 17:30 | 09 Mar 15:00 | 10 Nov 15:00 | 12 May 15:00 | 13 Apr 15:00 | 15 Sep 15:00 | 16 Jan 19:45 | 16 Mar 15:00 | 17 Nov 15:00 | 19 May 16:00 | 20 Apr 15:00 | 20 Oct 15:00 | 21 Jan 20:00 | 22 Dec 15:00 | 22 Sep 15:00 | 24 Feb 13:30 | 25 Nov 15:00 | 26 Dec 15:00 | 27 Apr 15:00 | 28 Nov 19:45 | 28 Oct 15:00 | 29 Dec 15:00 | 29 Sep 15:00 | 30 Jan 20:00 | 30 Mar 15:00
Emmerson Boyce,,38,3142,0,91,1 2 3 4 5 6 7 8 9 10 11 12 13 14 15 16 17 18 19 20 21 22 23 24 25 26 27 28 30 31 32 33 34 35 36 37 38,01 Jan 15:00 | 01 Sep 15:00 | 02 Feb 15:00 | 02 Mar 17:30 | 03 Dec 20:00 | 03 Nov 15:00 | 06 Oct 15:00 | 07 Apr 16:10 | 07 May 19:45 | 08 Dec 15:00 | 09 Feb 15:00 | 10 Nov 15:00 | 11 April 19:45 | 12 Jan 15:00 | 14 May 19:45 | 15 Dec 15:00 | 15 Sep 15:00 | 17 Apr 19:45 | 17 Mar 16:00 | 17 Nov 15:00 | 19 Aug 13:30 | 19 Jan 15:00 | 19 May 16:00 | 20 Apr 15:00 | 20 Oct 15:00 | 22 Dec 12:45 | 22 Sep 15:00 | 23 Feb 15:00 | 24 Nov 15:00 | 25 Aug 15:00 | 26 Dec 15:00 | 27 Apr 15:00 | 27 Oct 15:00 | 28 Nov 20:00 | 29 Dec 15:00 | 29 Jan 19:45 | 29 Sep 15:00 | 30 Mar 15:00
Enda Stevens,,12,20,0,1,1 2 3 4 5 6 7 8 9 10 20 30,02 Sep 16:00 | 03 Nov 15:00 | 07 Oct 15:00 | 15 Sep 15:00 | 16 Mar 15:00 | 18 Aug 15:00 | 20 Oct 15:00 | 22 Sep 15:00 | 25 Aug 15:00 | 27 Oct 12:45 | 29 Dec 15:00 | 30 Sep 16:00
Eric Lichaj,,12,468,1,17,1 2 3 4 5 6 7 8 9 10 20 30,02 Sep 16:00 | 03 Nov 15:00 | 07 Oct 15:00 | 15 Sep 15:00 | 16 Mar 15:00 | 18 Aug 15:00 | 20 Oct 15:00 | 22 Sep 15:00 | 25 Aug 15:00 | 27 Oct 12:45 | 29 Dec 15:00 | 30 Sep 16:00
Esteban Granero,,36,1660,1,47,3 4 5 6 7 8 9 10 11 12 13 14 15 16 17 18 19 20 21 22 23 24 25 26 27 28 29 30 31 32 33 34 35 36 37 38,01 Apr 20:00 | 01 Dec 15:00 | 01 Oct 20:00 | 01 Sep 17:30 | 02 Feb 12:45 | 02 Jan 19:45 | 02 Mar 15:00 | 04 May 17:30 | 04 Nov 13:30 | 06 Oct 15:00 | 07 Apr 16:10 | 08 Dec 15:00 | 09 Feb 15:00 | 09 Mar 15:00 | 10 Nov 15:00 | 12 Jan 12:45 | 12 May 15:00 | 13 Apr 15:00 | 15 Dec 15:00 | 15 Sep 15:00 | 16 Mar 15:00 | 17 Nov 15:00 | 19 Jan 15:00 | 19 May 16:00 | 20 Apr 15:00 | 21 Oct 16:00 | 22 Dec 15:00 | 23 Feb 15:00 | 23 Sep 16:00 | 24 Nov 15:00 | 26 Dec 15:00 | 27 Nov 19:45 | 27 Oct 15:00 | 28 Apr 13:30 | 29 Jan 19:45 | 30 Dec 16:00
Eyong Enoh,,13,603,0,13,25 26 27 28 30 31 32 33 34 35 36 37 38,01 Apr 20:00 | 02 Feb 17:30 | 02 Mar 15:00 | 04 May 15:00 | 07 Apr 15:00 | 09 Feb 15:00 | 12 May 15:00 | 17 Apr 20:00 | 17 Mar 15:00 | 19 May 16:00 | 20 Apr 15:00 | 23 Feb 12:45 | 27 Apr 15:00
Ezekiel Fryers,,39,0,0,0,1 2 3 4 5 6 7 8 9 10 11 12 13 14 15 16 17 18 19 20 21 22 23 24 25 26 27 28 29 30 31 32 33 34 35 36 37 38,01 Dec 17:30 | 01 Jan 15:00 | 02 Sep 16:00 | 03 Feb 13:30 | 03 Mar 16:00 | 03 Nov 12:45 | 04 March 16:10 | 07 Apr 14:05 | 07 Oct 16:00 | 08 May 19:45 | 09 Dec 13:30 | 09 Feb 12:45 | 10 Mar 16:00 | 10 Nov 17:30 | 11 April 19:45 | 12 Jan 12:45 | 12 May 13:30 | 15 Dec 15:00 | 15 Sep 15:00 | 17 Mar 15:00 | 17 Nov 17:30 | 19 May 16:00 | 20 Aug 20:00 | 20 Jan 16:00 | 20 Oct 15:00 | 21 Apr 13:30 | 23 Dec 13:30 | 23 Sep 13:30 | 24 Nov 15:00 | 25 Aug 15:00 | 25 Feb 20:00 | 26 Dec 15:00 | 27 Apr 15:00 | 28 Nov 20:00 | 28 Oct 16:00 | 29 Dec 15:00 | 29 Sep 17:30 | 30 Jan 19:45 | 30 Mar 15:00
Fabian Delph,,12,391,0,8,1 2 3 4 5 6 7 8 9 10 20 30,02 Sep 16:00 | 03 Nov 15:00 | 07 Oct 15:00 | 15 Sep 15:00 | 16 Mar 15:00 | 18 Aug 15:00 | 20 Oct 15:00 | 22 Sep 15:00 | 25 Aug 15:00 | 27 Oct 12:45 | 29 Dec 15:00 | 30 Sep 16:00
Fabio Aurelio,,1,0,0,0,27,03 March 12:45
Fabio Borini,,37,482,0,18,1 2 3 4 5 6 7 8 9 10 11 12 13 14 15 16 17 18 19 20 21 22 23 24 25 26 28 29 30 31 32 33 34 35 36 37 38,01 Dec 15:00 | 02 Jan 19:45 | 02 Mar 17:30 | 02 Sep 13:30 | 03 Feb 16:00 | 04 Nov 16:00 | 05 May 13:30 | 07 Apr 13:30 | 07 Oct 15:00 | 09 Dec 16:00 | 10 Mar 16:00 | 11 Nov 16:00 | 12 May 15:00 | 13 Apr 15:00 | 13 Jan 13:30 | 15 Dec 15:00 | 15 Sep 17:30 | 16 Mar 15:00 | 17 Feb 15:00 | 17 Nov 15:00 | 18 Aug 15:00 | 19 Jan 15:00 | 19 May 16:00 | 20 Oct 15:00 | 21 Apr 16:00 | 22 Dec 17:30 | 23 Sep 13:30 | 25 Nov 13:30 | 26 Aug 16:00 | 26 Dec 19:45 | 27 Apr 17:30 | 28 Nov 19:45 | 28 Oct 13:30 | 29 Sep 15:00 | 30 Dec 16:00 | 30 Jan 19:45 | 31 Mar 13:30
Fabio Fabio,,39,1164,0,43,1 2 3 4 5 6 7 8 9 10 11 12 13 14 15 16 17 18 19 20 21 22 23 24 25 26 27 28 29 30 31 32 33 34 35 36 37 38,01 Apr 20:00 | 01 Dec 15:00 | 01 Oct 20:00 | 01 Sep 17:30 | 02 Feb 12:45 | 02 Jan 19:45 | 02 Mar 15:00 | 04 May 17:30 | 04 Nov 13:30 | 06 Oct 15:00 | 07 Apr 16:10 | 08 Dec 15:00 | 09 Feb 15:00 | 09 Mar 15:00 | 10 Nov 15:00 | 12 Jan 12:45 | 12 May 15:00 | 13 Apr 15:00 | 15 Dec 15:00 | 15 Sep 15:00 | 16 Mar 15:00 | 17 Nov 15:00 | 18 Aug 15:00 | 18 March 13:30 | 19 Jan 15:00 | 19 May 16:00 | 20 Apr 15:00 | 21 Oct 16:00 | 22 Dec 15:00 | 23 Feb 15:00 | 23 Sep 16:00 | 24 Nov 15:00 | 25 Aug 15:00 | 26 Dec 15:00 | 27 Nov 19:45 | 27 Oct 15:00 | 28 Apr 13:30 | 29 Jan 19:45 | 30 Dec 16:00
Fabrice Muamba,,1,90,0,2,17,20 Dec. 20:00
Fabricio Coloccini,,38,1916,1,51,1 2 3 4 5 6 7 8 9 10 11 12 13 14 15 16 17 18 19 20 21 22 23 24 25 26 27 28 29 30 31 32 33 34 35 36 37 38,02 Feb 15:00 | 02 Jan 20:00 | 02 Mar 15:00 | 02 Sep 16:00 | 03 Dec 20:00 | 04 May 15:00 | 04 Nov 16:00 | 07 Apr 15:00 | 07 Oct 16:00 | 09 Feb 12:45 | 10 Dec 20:00 | 10 Mar 15:00 | 11 Nov 15:00 | 12 Jan 15:00 | 12 May 15:00 | 14 Apr 12:00 | 15 Dec 12:45 | 17 Mar 16:00 | 17 Nov 15:00 | 17 Sep 20:00 | 18 Aug 17:30 | 19 Jan 15:00 | 19 May 16:00 | 20 Apr 15:00 | 21 Oct 13:30 | 22 Dec 15:00 | 23 Sep 15:00 | 24 Feb 13:30 | 25 Aug 17:30 | 25 Nov 15:00 | 26 Dec 15:00 | 27 Apr 17:30 | 28 Nov 19:45 | 28 Oct 15:00 | 29 Dec 17:30 | 29 Jan 19:45 | 29 Sep 15:00 | 30 Mar 15:00
Federico Bessone,,38,0,0,0,1 2 3 4 5 6 7 8 9 10 11 12 13 14 15 16 17 18 19 20 21 22 23 24 25 26 28 29 30 31 32 34 35 36 37 38,01 Dec 15:00 | 01 Jan 15:00 | 01 Sep 15:00 | 02 Feb 15:00 | 02 Mar 15:00 | 03 Nov 15:00 | 06 Apr 15:00 | 06 Oct 15:00 | 07 May 19:45 | 08 Dec 15:00 | 09 Mar 15:00 | 10 Nov 15:00 | 12 Jan 15:00 | 12 May 16:00 | 15 Sep 15:00 | 16 Dec 13:30 | 16 Mar 15:00 | 17 Feb 15:00 | 17 March 15:00 | 17 Nov 15:00 | 18 Aug 15:00 | 19 Jan 15:00 | 19 May 16:00 | 20 Apr 15:00 | 20 Oct 15:00 | 22 Sep 12:45 | 23 Dec 13:30 | 25 Aug 12:45 | 25 Nov 13:30 | 26 Dec 15:00 | 27 Oct 17:30 | 28 Apr 15:00 | 28 Nov 19:45 | 29 Dec 15:00 | 29 Jan 19:45 | 29 Sep 15:00 | 30 Mar 15:00 | 31 Dec. 15:00
Federico Macheda,,37,0,0,0,1 2 3 4 5 6 7 8 9 10 11 12 13 14 15 16 17 18 19 20 21 22 23 24 25 26 27 28 30 31 32 33 34 35 36 37 38,01 Dec 17:30 | 01 Jan 15:00 | 02 Feb 17:30 | 02 Mar 15:00 | 02 Sep 16:00 | 03 Nov 12:45 | 05 May 16:00 | 07 Oct 16:00 | 08 Apr 20:00 | 09 Dec 13:30 | 10 Feb 16:00 | 10 Nov 17:30 | 12 May 16:00 | 13 Jan 13:30 | 15 Dec 15:00 | 15 Sep 15:00 | 16 Mar 17:30 | 17 Apr 19:45 | 17 Nov 17:30 | 19 May 16:00 | 20 Aug 20:00 | 20 Jan 16:00 | 20 Oct 15:00 | 22 Apr 20:00 | 23 Dec 13:30 | 23 Feb 15:00 | 23 Sep 13:30 | 24 Nov 15:00 | 25 Aug 15:00 | 26 Dec 15:00 | 28 Apr 16:00 | 28 Nov 20:00 | 28 Oct 16:00 | 29 Dec 15:00 | 29 Sep 17:30 | 30 Jan 20:00 | 30 Mar 12:45
Fernandez Saez,,33,601,0,18,5 6 7 8 9 10 11 12 13 14 15 16 17 18 19 20 21 22 23 24 25 26 28 29 30 31 32 33 34 35 36 37 38,01 Dec 15:00 | 02 Jan 19:45 | 02 Mar 17:30 | 03 Feb 16:00 | 04 Nov 16:00 | 05 May 13:30 | 07 Apr 13:30 | 07 Oct 15:00 | 09 Dec 16:00 | 10 Mar 16:00 | 11 Nov 16:00 | 12 May 15:00 | 13 Apr 15:00 | 13 Jan 13:30 | 15 Dec 15:00 | 16 Mar 15:00 | 17 Feb 15:00 | 17 Nov 15:00 | 19 Jan 15:00 | 19 May 16:00 | 20 Oct 15:00 | 21 Apr 16:00 | 22 Dec 17:30 | 23 Sep 13:30 | 25 Nov 13:30 | 26 Dec 19:45 | 27 Apr 17:30 | 28 Nov 19:45 | 28 Oct 13:30 | 29 Sep 15:00 | 30 Dec 16:00 | 30 Jan 19:45 | 31 Mar 13:30
Fernando Torres,,36,2520,10,131,1 2 4 5 6 7 8 9 10 11 12 13 14 15 16 18 19 20 21 22 23 24 25 26 27 28 29 30 31 32 33 34 35 36 37 38,01 Dec 12:45 | 02 Feb 15:00 | 02 Jan 19:45 | 02 Mar 15:00 | 03 Nov 15:00 | 06 Oct 15:00 | 07 Apr 15:00 | 08 Dec 15:00 | 08 May 19:45 | 09 Feb 15:00 | 11 May 12:45 | 11 Nov 16:00 | 15 Sep 15:00 | 16 Jan 19:45 | 17 Apr 20:00 | 17 Mar 16:00 | 17 Nov 15:00 | 19 May 16:00 | 20 Jan 13:30 | 20 Oct 12:45 | 21 Apr 16:00 | 21 March 19:45 | 22 Aug 19:45 | 22 Sep 15:00 | 23 Dec 16:00 | 24 Feb 13:30 | 25 Aug 17:30 | 25 Nov 16:00 | 26 Dec 15:00 | 28 Apr 15:00 | 28 Nov 19:45 | 28 Oct 16:00 | 29 Sep 12:45 | 30 Dec 13:30 | 30 Jan 20:00 | 30 Mar 15:00
Florent Malouda,,36,0,0,0,1 2 4 5 6 7 8 9 10 11 12 13 14 15 16 18 19 20 21 22 23 24 25 26 27 28 29 30 31 32 33 34 35 36 37 38,01 Dec 12:45 | 02 Feb 15:00 | 02 Jan 19:45 | 02 Mar 15:00 | 03 Nov 15:00 | 06 Oct 15:00 | 07 Apr 15:00 | 08 Dec 15:00 | 08 May 19:45 | 09 Feb 15:00 | 11 May 12:45 | 11 Nov 16:00 | 15 Sep 15:00 | 16 Jan 19:45 | 17 Apr 20:00 | 17 Mar 16:00 | 17 Nov 15:00 | 19 May 16:00 | 20 Jan 13:30 | 20 Oct 12:45 | 21 Apr 16:00 | 21 March 19:45 | 22 Aug 19:45 | 22 Sep 15:00 | 23 Dec 16:00 | 24 Feb 13:30 | 25 Aug 17:30 | 25 Nov 16:00 | 26 Dec 15:00 | 28 Apr 15:00 | 28 Nov 19:45 | 28 Oct 16:00 | 29 Sep 12:45 | 30 Dec 13:30 | 30 Jan 20:00 | 30 Mar 15:00
Fraizer Campbell,,37,264,0,17,1 3 4 5 6 7 8 9 10 11 12 13 14 15 16 17 18 19 20 21 22 23 24 25 26 27 28 29 30 31 32 33 34 35 36 37 38,01 Sep 15:00 | 02 Dec 16:00 | 02 Feb 15:00 | 02 Jan 19:45 | 02 Mar 15:00 | 03 Nov 15:00 | 06 May 20:00 | 06 Oct 12:45 | 07 Apr 15:00 | 09 Feb 15:00 | 09 Mar 15:00 | 10 Nov 15:00 | 11 Dec 19:45 | 12 Jan 15:00 | 12 May 15:00 | 14 Apr 12:00 | 15 Dec 15:00 | 15 Sep 17:30 | 17 Mar 13:30 | 18 Aug 15:00 | 18 Nov 16:00 | 19 Jan 15:00 | 19 May 16:00 | 20 Apr 15:00 | 21 Oct 13:30 | 22 Dec 15:00 | 22 Sep 15:00 | 23 Feb 15:00 | 24 Nov 12:45 | 26 Dec 15:00 | 27 Nov 19:45 | 27 Oct 15:00 | 29 Apr 20:00 | 29 Dec 12:45 | 29 Jan 19:45 | 29 Sep 15:00 | 30 Mar 12:45
Francis Coquelin,,13,72,1,7,1 2 3 4 5 6 7 8 9 10 20 29 30,02 Sep 13:30 | 03 Nov 12:45 | 06 Oct 17:30 | 15 Sep 15:00 | 16 Mar 15:00 | 18 Aug 15:00 | 20 Oct 17:30 | 21 March 20:00 | 23 Sep 16:00 | 26 Aug 13:30 | 27 Oct 15:00 | 29 Dec 17:30 | 29 Sep 12:45
Francisco Francisco,,37,0,0,0,1 2 3 4 5 6 7 8 9 10 11 12 13 14 15 16 17 18 19 20 21 22 23 24 25 26 27 28 30 31 32 33 34 35 36 37 38,01 Dec 15:00 | 01 Sep 15:00 | 02 Feb 15:00 | 02 Jan 20:00 | 02 Mar 15:00 | 03 Nov 15:00 | 05 May 13:30 | 06 Oct 15:00 | 07 Apr 14:05 | 09 Dec 15:00 | 10 Feb 16:00 | 10 Nov 15:00 | 12 Jan 15:00 | 12 May 15:00 | 15 Dec 15:00 | 16 Apr 19:45 | 16 Mar 12:45 | 17 Nov 15:00 | 17 Sep 20:00 | 19 May 16:00 | 20 Apr 15:00 | 20 Aug 20:00 | 21 Jan 20:00 | 21 Oct 16:00 | 22 Dec 15:00 | 22 Sep 12:45 | 23 Feb 15:00 | 24 Nov 15:00 | 25 Aug 15:00 | 26 Dec 15:00 | 27 Apr 15:00 | 28 Nov 19:45 | 28 Oct 13:30 | 29 Sep 15:00 | 30 Dec 13:30 | 30 Jan 19:45 | 30 Mar 17:30
Francisco Garcia,,34,1494,0,56,4 5 6 7 8 9 10 11 12 13 14 15 16 17 18 19 20 21 22 23 24 25 26 27 28 30 31 32 33 34 35 36 37 38,01 Dec 15:00 | 01 Jan 15:00 | 03 Feb 16:00 | 03 Nov 17:30 | 04 Mar 20:00 | 06 Oct 12:45 | 07 May 19:45 | 08 Apr 20:00 | 09 Dec 13:30 | 09 Feb 17:30 | 11 Nov 13:30 | 13 Jan 16:00 | 14 May 20:00 | 15 Dec 12:45 | 15 Sep 15:00 | 16 Mar 12:45 | 17 Apr 19:45 | 17 Nov 15:00 | 19 Jan 15:00 | 19 May 16:00 | 20 Oct 15:00 | 21 Apr 13:30 | 22 Dec 15:00 | 23 Sep 16:00 | 24 Feb 13:30 | 25 Nov 16:00 | 26 Dec 15:00 | 27 Apr 12:45 | 27 Oct 17:30 | 28 Nov 20:00 | 29 Dec 15:00 | 29 Jan 19:45 | 29 Sep 15:00 | 30 Mar 15:00
Franco Di Santo,,38,2194,4,90,1 2 3 4 5 6 7 8 9 10 11 12 13 14 15 16 17 18 19 20 21 22 23 24 25 26 27 28 30 31 32 33 34 35 36 37 38,01 Jan 15:00 | 01 Sep 15:00 | 02 Feb 15:00 | 02 Mar 17:30 | 03 Dec 20:00 | 03 Nov 15:00 | 06 Oct 15:00 | 07 Apr 16:10 | 07 May 19:45 | 08 Dec 15:00 | 09 Feb 15:00 | 10 Nov 15:00 | 11 April 19:45 | 12 Jan 15:00 | 14 May 19:45 | 15 Dec 15:00 | 15 Sep 15:00 | 17 Apr 19:45 | 17 Mar 16:00 | 17 Nov 15:00 | 19 Aug 13:30 | 19 Jan 15:00 | 19 May 16:00 | 20 Apr 15:00 | 20 Oct 15:00 | 22 Dec 12:45 | 22 Sep 15:00 | 23 Feb 15:00 | 24 Nov 15:00 | 25 Aug 15:00 | 26 Dec 15:00 | 27 Apr 15:00 | 27 Oct 15:00 | 28 Nov 20:00 | 29 Dec 15:00 | 29 Jan 19:45 | 29 Sep 15:00 | 30 Mar 15:00
Frank Lampard,,36,1724,1,128,1 2 4 5 6 7 8 9 10 11 12 13 14 15 16 18 19 20 21 22 23 24 25 26 27 28 29 30 31 32 33 34 35 36 37 38,01 Dec 12:45 | 02 Feb 15:00 | 02 Jan 19:45 | 02 Mar 15:00 | 03 Nov 15:00 | 06 Oct 15:00 | 07 Apr 15:00 | 08 Dec 15:00 | 08 May 19:45 | 09 Feb 15:00 | 11 May 12:45 | 11 Nov 16:00 | 15 Sep 15:00 | 16 Jan 19:45 | 17 Apr 20:00 | 17 Mar 16:00 | 17 Nov 15:00 | 19 May 16:00 | 20 Jan 13:30 | 20 Oct 12:45 | 21 Apr 16:00 | 21 March 19:45 | 22 Aug 19:45 | 22 Sep 15:00 | 23 Dec 16:00 | 24 Feb 13:30 | 25 Aug 17:30 | 25 Nov 16:00 | 26 Dec 15:00 | 28 Apr 15:00 | 28 Nov 19:45 | 28 Oct 16:00 | 29 Sep 12:45 | 30 Dec 13:30 | 30 Jan 20:00 | 30 Mar 15:00
Fraser Forster,,1,0,0,0,29,18 March 16:00
Fraser Fyvie,,37,23,0,1,1 2 3 4 5 6 7 8 9 10 11 12 13 14 15 16 17 18 19 20 21 22 23 24 25 26 27 28 30 31 32 33 34 35 36 37 38,01 Jan 15:00 | 01 Sep 15:00 | 02 Feb 15:00 | 02 Mar 17:30 | 03 Dec 20:00 | 03 Nov 15:00 | 06 Oct 15:00 | 07 Apr 16:10 | 07 May 19:45 | 08 Dec 15:00 | 09 Feb 15:00 | 10 Nov 15:00 | 12 Jan 15:00 | 14 May 19:45 | 15 Dec 15:00 | 15 Sep 15:00 | 17 Apr 19:45 | 17 Mar 16:00 | 17 Nov 15:00 | 19 Aug 13:30 | 19 Jan 15:00 | 19 May 16:00 | 20 Apr 15:00 | 20 Oct 15:00 | 22 Dec 12:45 | 22 Sep 15:00 | 23 Feb 15:00 | 24 Nov 15:00 | 25 Aug 15:00 | 26 Dec 15:00 | 27 Apr 15:00 | 27 Oct 15:00 | 28 Nov 20:00 | 29 Dec 15:00 | 29 Jan 19:45 | 29 Sep 15:00 | 30 Mar 15:00
Frazer Richardson,,37,168,0,5,1 2 3 4 5 6 7 8 9 10 11 12 13 14 15 16 18 19 20 21 22 23 24 25 26 27 28 29 30 31 32 33 34 35 36 37 38,01 Dec 15:00 | 01 Jan 17:30 | 02 Feb 15:00 | 02 Mar 15:00 | 02 Sep 16:00 | 04 May 15:00 | 05 Nov 20:00 | 06 Apr 12:45 | 07 Oct 13:30 | 08 Dec 15:00 | 09 Feb 17:30 | 09 Mar 15:00 | 10 Nov 15:00 | 12 May 15:00 | 13 Apr 15:00 | 15 Sep 15:00 | 16 Jan 19:45 | 16 Mar 15:00 | 17 Nov 15:00 | 19 Aug 16:00 | 19 May 16:00 | 20 Apr 15:00 | 20 Oct 15:00 | 21 Jan 20:00 | 22 Dec 15:00 | 22 Sep 15:00 | 24 Feb 13:30 | 25 Aug 15:00 | 25 Nov 15:00 | 26 Dec 15:00 | 27 Apr 15:00 | 28 Nov 19:45 | 28 Oct 15:00 | 29 Dec 15:00 | 29 Sep 15:00 | 30 Jan 20:00 | 30 Mar 15:00
Gabriel Agbonlahor,,21,1105,2,54,1 2 3 4 5 6 7 8 9 10 11 12 13 20 21 22 23 30 31 32 33,01 Jan 15:00 | 02 Sep 16:00 | 03 Nov 15:00 | 06 Apr 15:00 | 07 Oct 15:00 | 10 Nov 17:30 | 12 Jan 15:00 | 13 Apr 15:00 | 15 Sep 15:00 | 16 Mar 15:00 | 17 Nov 15:00 | 18 Aug 15:00 | 19 Jan 17:30 | 20 Oct 15:00 | 22 Sep 15:00 | 24 Nov 17:30 | 25 Aug 15:00 | 27 Oct 12:45 | 29 Dec 15:00 | 30 Sep 16:00 | 31 Mar 13:30
Gabriel Obertan,,39,418,3,25,1 2 3 4 5 6 7 8 9 10 11 12 13 14 15 16 17 18 19 20 21 22 23 24 25 26 27 28 29 30 31 32 33 34 35 36 37 38,02 Feb 15:00 | 02 Jan 20:00 | 02 Mar 15:00 | 02 Sep 16:00 | 03 Dec 20:00 | 04 May 15:00 | 04 Nov 16:00 | 07 Apr 15:00 | 07 Oct 16:00 | 09 Feb 12:45 | 10 Dec 20:00 | 10 Mar 15:00 | 11 Nov 15:00 | 12 Jan 15:00 | 12 May 15:00 | 14 Apr 12:00 | 15 Dec 12:45 | 17 Mar 16:00 | 17 Nov 15:00 | 17 Sep 20:00 | 18 Aug 17:30 | 18 March 16:00 | 19 Jan 15:00 | 19 May 16:00 | 20 Apr 15:00 | 21 Oct 13:30 | 22 Dec 15:00 | 23 Sep 15:00 | 24 Feb 13:30 | 25 Aug 17:30 | 25 Nov 15:00 | 26 Dec 15:00 | 27 Apr 17:30 | 28 Nov 19:45 | 28 Oct 15:00 | 29 Dec 17:30 | 29 Jan 19:45 | 29 Sep 15:00 | 30 Mar 15:00
Gabriel Tamas,,39,666,0,11,1 2 3 4 5 6 7 8 9 10 11 12 13 14 15 16 17 18 19 20 21 22 23 24 25 26 27 28 29 30 31 32 33 34 35 36 37 38,01 Dec 15:00 | 01 Jan 12:45 | 01 Sep 15:00 | 02 Mar 15:00 | 03 Feb 13:30 | 03 March 15:00 | 05 Nov 20:00 | 06 Apr 15:00 | 06 Oct 15:00 | 07 May 19:45 | 08 Dec 15:00 | 09 Mar 15:00 | 10 Nov 15:00 | 11 April 19:45 | 11 Feb 20:00 | 12 Jan 15:00 | 12 May 15:00 | 15 Sep 15:00 | 16 Dec 16:00 | 16 Mar 15:00 | 17 Nov 15:00 | 18 Aug 15:00 | 19 Jan 17:30 | 19 May 16:00 | 20 Apr 15:00 | 20 Oct 15:00 | 22 Dec 15:00 | 22 Sep 15:00 | 23 Feb 15:00 | 24 Nov 12:45 | 25 Aug 15:00 | 26 Dec 15:00 | 27 Apr 15:00 | 28 Nov 19:45 | 28 Oct 15:00 | 29 Dec 15:00 | 30 Jan 19:45 | 30 Mar 15:00 | 30 Sep 16:00
Gael Bigirimana,,38,413,0,21,1 2 3 4 5 6 7 8 9 10 11 12 13 14 15 16 17 18 19 20 21 22 23 24 25 26 27 28 29 30 31 32 33 34 35 36 37 38,02 Feb 15:00 | 02 Jan 20:00 | 02 Mar 15:00 | 02 Sep 16:00 | 03 Dec 20:00 | 04 May 15:00 | 04 Nov 16:00 | 07 Apr 15:00 | 07 Oct 16:00 | 09 Feb 12:45 | 10 Dec 20:00 | 10 Mar 15:00 | 11 Nov 15:00 | 12 Jan 15:00 | 12 May 15:00 | 14 Apr 12:00 | 15 Dec 12:45 | 17 Mar 16:00 | 17 Nov 15:00 | 17 Sep 20:00 | 18 Aug 17:30 | 19 Jan 15:00 | 19 May 16:00 | 20 Apr 15:00 | 21 Oct 13:30 | 22 Dec 15:00 | 23 Sep 15:00 | 24 Feb 13:30 | 25 Aug 17:30 | 25 Nov 15:00 | 26 Dec 15:00 | 27 Apr 17:30 | 28 Nov 19:45 | 28 Oct 15:00 | 29 Dec 17:30 | 29 Jan 19:45 | 29 Sep 15:00 | 30 Mar 15:00
Gael Clichy,,38,2335,3,106,1 2 3 4 5 6 7 8 9 10 11 12 13 14 15 16 17 18 19 20 21 22 23 24 25 26 27 28 29 30 31 32 33 34 35 36 37 38,01 Dec 15:00 | 01 Jan 15:00 | 01 Sep 17:30 | 03 Feb 16:00 | 03 Nov 17:30 | 04 Mar 20:00 | 06 Oct 12:45 | 07 May 19:45 | 08 Apr 20:00 | 09 Dec 13:30 | 09 Feb 17:30 | 11 Nov 13:30 | 13 Jan 16:00 | 14 May 20:00 | 15 Dec 12:45 | 15 Sep 15:00 | 16 Mar 12:45 | 17 Apr 19:45 | 17 Nov 15:00 | 19 Aug 16:00 | 19 Jan 15:00 | 19 May 16:00 | 20 Oct 15:00 | 21 Apr 13:30 | 21 March 19:45 | 22 Dec 15:00 | 23 Sep 16:00 | 24 Feb 13:30 | 25 Nov 16:00 | 26 Aug 16:00 | 26 Dec 15:00 | 27 Apr 12:45 | 27 Oct 17:30 | 28 Nov 20:00 | 29 Dec 15:00 | 29 Jan 19:45 | 29 Sep 15:00 | 30 Mar 15:00
Gael Kakuta,,2,0,0,0,27 33,03 March 15:00 | 09 April 15:00
Garath McCleary,,36,1542,3,73,1 4 5 6 7 8 9 10 11 12 13 14 15 16 17 18 19 20 21 22 23 24 25 26 27 28 29 30 31 32 33 34 35 36 37 38,01 Dec 17:30 | 01 Jan 15:00 | 02 Feb 15:00 | 02 Mar 15:00 | 04 May 15:00 | 04 Nov 13:30 | 06 Apr 12:45 | 06 Oct 15:00 | 09 Feb 15:00 | 09 Mar 15:00 | 10 Nov 15:00 | 11 Dec 19:45 | 12 Jan 15:00 | 13 Apr 15:00 | 14 May 20:00 | 16 Mar 17:30 | 16 Sep 16:00 | 17 Dec 20:00 | 17 Nov 15:00 | 19 Jan 15:00 | 19 May 16:00 | 20 Apr 15:00 | 20 Oct 15:00 | 22 Aug 19:45 | 22 Dec 15:00 | 22 Sep 15:00 | 23 Feb 15:00 | 24 Nov 15:00 | 26 Dec 15:00 | 27 Nov 20:00 | 27 Oct 15:00 | 28 Apr 13:30 | 29 Dec 15:00 | 29 Sep 15:00 | 30 Jan 20:00 | 30 Mar 15:00
Gareth Bale,,38,2921,9,240,1 2 3 4 5 6 7 8 9 10 11 12 13 14 15 16 17 18 19 20 21 22 23 24 25 26 27 28 29 30 31 32 34 35 36 37 38,01 Dec 15:00 | 01 Jan 15:00 | 01 Sep 15:00 | 03 Feb 13:30 | 03 Mar 16:00 | 03 Nov 15:00 | 07 Apr 14:05 | 07 Oct 15:00 | 08 May 19:45 | 09 Dec 15:00 | 09 Feb 12:45 | 10 Mar 16:00 | 11 Nov 13:30 | 12 Jan 12:45 | 12 May 13:30 | 16 Dec 13:30 | 16 Sep 16:00 | 17 Mar 15:00 | 17 Nov 12:45 | 18 Aug 17:30 | 19 May 16:00 | 20 Jan 16:00 | 20 Oct 12:45 | 21 Apr 13:30 | 22 Aug. 20:00 | 22 Dec 15:00 | 23 Sep 16:00 | 25 Aug 15:00 | 25 Feb 20:00 | 25 Nov 16:00 | 26 Dec 17:30 | 27 Apr 15:00 | 28 Nov 19:45 | 28 Oct 15:00 | 29 Dec 12:45 | 29 Sep 17:30 | 30 Jan 19:45 | 30 Mar 15:00
Gareth Barry,,38,2353,4,85,1 2 3 4 5 6 7 8 9 10 11 12 13 14 15 16 17 18 19 20 21 22 23 24 25 26 27 28 29 30 31 32 33 34 35 36 37 38,01 Dec 15:00 | 01 Jan 15:00 | 01 Sep 17:30 | 03 Feb 16:00 | 03 Nov 17:30 | 04 Mar 20:00 | 06 Oct 12:45 | 07 May 19:45 | 08 Apr 20:00 | 09 Dec 13:30 | 09 Feb 17:30 | 11 Nov 13:30 | 13 Jan 16:00 | 14 May 20:00 | 15 Dec 12:45 | 15 Sep 15:00 | 16 Mar 12:45 | 17 Apr 19:45 | 17 Nov 15:00 | 19 Aug 16:00 | 19 Jan 15:00 | 19 May 16:00 | 20 Oct 15:00 | 21 Apr 13:30 | 21 March 19:45 | 22 Dec 15:00 | 23 Sep 16:00 | 24 Feb 13:30 | 25 Nov 16:00 | 26 Aug 16:00 | 26 Dec 15:00 | 27 Apr 12:45 | 27 Oct 17:30 | 28 Nov 20:00 | 29 Dec 15:00 | 29 Jan 19:45 | 29 Sep 15:00 | 30 Mar 15:00
Gareth McAuley,,38,3240,3,122,1 2 3 4 5 6 7 8 9 10 11 12 13 14 15 16 17 18 19 20 21 22 23 24 25 26 27 28 29 30 31 32 34 35 36 37 38,01 Dec 15:00 | 01 Jan 12:45 | 01 Sep 15:00 | 02 Mar 15:00 | 03 Feb 13:30 | 03 March 15:00 | 05 Nov 20:00 | 06 Apr 15:00 | 06 Oct 15:00 | 07 May 19:45 | 08 Dec 15:00 | 09 Mar 15:00 | 10 Nov 15:00 | 11 Feb 20:00 | 12 Jan 15:00 | 12 May 15:00 | 15 Sep 15:00 | 16 Dec 16:00 | 16 Mar 15:00 | 17 Nov 15:00 | 18 Aug 15:00 | 19 Jan 17:30 | 19 May 16:00 | 20 Apr 15:00 | 20 Oct 15:00 | 22 Dec 15:00 | 22 Sep 15:00 | 23 Feb 15:00 | 24 Nov 12:45 | 25 Aug 15:00 | 26 Dec 15:00 | 27 Apr 15:00 | 28 Nov 19:45 | 28 Oct 15:00 | 29 Dec 15:00 | 30 Jan 19:45 | 30 Mar 15:00 | 30 Sep 16:00
Garry Monk,,36,925,0,22,1 2 3 4 5 6 7 8 9 10 11 12 13 14 15 16 17 18 19 20 21 22 23 24 25 26 28 29 30 31 32 34 35 36 37 38,01 Dec 15:00 | 01 Jan 15:00 | 01 Sep 15:00 | 02 Feb 15:00 | 02 Mar 15:00 | 03 Nov 15:00 | 06 Apr 15:00 | 06 Oct 15:00 | 07 May 19:45 | 08 Dec 15:00 | 09 Mar 15:00 | 10 Nov 15:00 | 12 Jan 15:00 | 12 May 16:00 | 15 Sep 15:00 | 16 Dec 13:30 | 16 Mar 15:00 | 17 Feb 15:00 | 17 Nov 15:00 | 18 Aug 15:00 | 19 Jan 15:00 | 19 May 16:00 | 20 Apr 15:00 | 20 Oct 15:00 | 22 Sep 12:45 | 23 Dec 13:30 | 25 Aug 12:45 | 25 Nov 13:30 | 26 Dec 15:00 | 27 Oct 17:30 | 28 Apr 15:00 | 28 Nov 19:45 | 29 Dec 15:00 | 29 Jan 19:45 | 29 Sep 15:00 | 30 Mar 15:00
Gary Cahill,,38,2489,3,104,1 2 3 4 5 6 7 8 9 10 11 12 13 14 15 16 17 18 19 20 21 22 23 24 25 26 27 28 29 30 31 32 33 34 35 36 37 38,01 Dec 12:45 | 02 Feb 15:00 | 02 Jan 19:45 | 02 Mar 15:00 | 03 Nov 15:00 | 06 Oct 15:00 | 07 Apr 15:00 | 08 Dec 15:00 | 08 May 19:45 | 09 Feb 15:00 | 11 May 12:45 | 11 Nov 16:00 | 15 Sep 15:00 | 16 Jan 19:45 | 17 Apr 20:00 | 17 Mar 16:00 | 17 Nov 15:00 | 19 May 16:00 | 20 Dec. 20:00 | 20 Jan 13:30 | 20 Oct 12:45 | 21 Apr 16:00 | 21 March 19:45 | 22 Aug 19:45 | 22 Sep 15:00 | 23 Dec 16:00 | 24 Feb 13:30 | 25 Aug 17:30 | 25 Nov 16:00 | 26 Dec 15:00 | 27 Aug. 17:30 | 28 Apr 15:00 | 28 Nov 19:45 | 28 Oct 16:00 | 29 Sep 12:45 | 30 Dec 13:30 | 30 Jan 20:00 | 30 Mar 15:00
Gary Caldwell,,38,2169,1,55,1 2 3 4 5 6 7 8 9 10 11 12 13 14 15 16 17 18 19 20 21 22 23 24 25 26 27 28 30 31 32 33 34 35 36 37 38,01 Jan 15:00 | 01 Sep 15:00 | 02 Feb 15:00 | 02 Mar 17:30 | 03 Dec 20:00 | 03 Nov 15:00 | 06 Oct 15:00 | 07 Apr 16:10 | 07 May 19:45 | 08 Dec 15:00 | 09 Feb 15:00 | 10 Nov 15:00 | 11 April 19:45 | 12 Jan 15:00 | 14 May 19:45 | 15 Dec 15:00 | 15 Sep 15:00 | 17 Apr 19:45 | 17 Mar 16:00 | 17 Nov 15:00 | 19 Aug 13:30 | 19 Jan 15:00 | 19 May 16:00 | 20 Apr 15:00 | 20 Oct 15:00 | 22 Dec 12:45 | 22 Sep 15:00 | 23 Feb 15:00 | 24 Nov 15:00 | 25 Aug 15:00 | 26 Dec 15:00 | 27 Apr 15:00 | 27 Oct 15:00 | 28 Nov 20:00 | 29 Dec 15:00 | 29 Jan 19:45 | 29 Sep 15:00 | 30 Mar 15:00
Gary Gardner,,13,17,0,1,1 2 3 4 5 6 7 8 9 10 13 20 30,02 Sep 16:00 | 03 Nov 15:00 | 07 Oct 15:00 | 15 Sep 15:00 | 16 Mar 15:00 | 18 Aug 15:00 | 20 Oct 15:00 | 22 Sep 15:00 | 24 Nov 17:30 | 25 Aug 15:00 | 27 Oct 12:45 | 29 Dec 15:00 | 30 Sep 16:00
Gary O'Neil,,36,1352,2,50,1 2 3 4 5 6 7 8 9 10 11 12 13 14 15 16 17 18 20 21 22 23 24 25 26 27 28 30 31 32 33 34 35 36 37 38,01 Dec 12:45 | 01 Jan 15:00 | 01 Oct 20:00 | 01 Sep 12:45 | 02 Feb 15:00 | 02 Mar 15:00 | 03 Nov 17:30 | 04 May 15:00 | 06 Oct 17:30 | 07 Apr 13:30 | 09 Dec 16:00 | 10 Feb 13:30 | 11 Nov 15:00 | 12 Jan 15:00 | 12 May 15:00 | 15 Sep 12:45 | 16 Dec 16:00 | 17 Apr 19:45 | 17 Mar 16:00 | 18 Aug 15:00 | 19 May 16:00 | 19 Nov 20:00 | 20 Apr 15:00 | 20 Oct 15:00 | 22 Dec 15:00 | 22 Sep 15:00 | 23 Jan 19:45 | 25 Aug 12:45 | 25 Feb 20:00 | 25 Nov 16:00 | 27 Apr 12:45 | 27 Oct 15:00 | 28 Nov 20:00 | 29 Dec 15:00 | 30 Jan 20:00 | 30 Mar 15:00
Gaston Ramirez,,34,1604,4,85,4 5 6 7 8 9 10 11 12 13 14 15 16 18 19 20 21 22 23 24 25 26 27 28 29 30 31 32 33 34 35 36 37 38,01 Dec 15:00 | 01 Jan 17:30 | 02 Feb 15:00 | 02 Mar 15:00 | 04 May 15:00 | 05 Nov 20:00 | 06 Apr 12:45 | 07 Oct 13:30 | 08 Dec 15:00 | 09 Feb 17:30 | 09 Mar 15:00 | 10 Nov 15:00 | 12 May 15:00 | 13 Apr 15:00 | 15 Sep 15:00 | 16 Jan 19:45 | 16 Mar 15:00 | 17 Nov 15:00 | 19 May 16:00 | 20 Apr 15:00 | 20 Oct 15:00 | 21 Jan 20:00 | 22 Dec 15:00 | 22 Sep 15:00 | 24 Feb 13:30 | 25 Nov 15:00 | 26 Dec 15:00 | 27 Apr 15:00 | 28 Nov 19:45 | 28 Oct 15:00 | 29 Dec 15:00 | 29 Sep 15:00 | 30 Jan 20:00 | 30 Mar 15:00
Geoff Cameron,,38,2637,1,92,1 2 3 4 5 6 7 8 9 10 11 12 13 14 15 16 17 18 19 20 21 22 23 24 25 26 27 28 29 30 31 32 33 34 35 36 37 38,01 Dec 15:00 | 01 Jan 15:00 | 01 Sep 15:00 | 02 Feb 15:00 | 02 Mar 15:00 | 03 Nov 15:00 | 06 Apr 15:00 | 06 May 20:00 | 07 Oct 15:00 | 08 Dec 15:00 | 09 Feb 15:00 | 10 Mar 15:00 | 10 Nov 15:00 | 12 Jan 15:00 | 12 May 13:30 | 14 Apr 14:05 | 15 Dec 15:00 | 15 Sep 15:00 | 16 Mar 15:00 | 18 Aug 15:00 | 19 Jan 15:00 | 19 May 16:00 | 19 Nov 20:00 | 20 Apr 15:00 | 20 Oct 15:00 | 22 Dec 15:00 | 22 Sep 15:00 | 23 Feb 12:45 | 24 Nov 15:00 | 26 Aug 13:30 | 26 Dec 19:45 | 27 Apr 15:00 | 27 Oct 15:00 | 28 Nov 19:45 | 29 Dec 15:00 | 29 Jan 19:45 | 29 Sep 15:00 | 30 Mar 17:30
Geoffrey Mujangi Bia,,1,0,0,0,33,11 April 19:45
George Elokobi,,1,0,0,0,33,11 April 19:45
George Evans,,29,0,0,0,9 10 11 12 13 14 15 16 17 18 19 20 21 22 23 24 25 26 27 28 30 31 32 33 34 35 36 37 38,01 Dec 15:00 | 01 Jan 15:00 | 03 Feb 16:00 | 03 Nov 17:30 | 04 Mar 20:00 | 07 May 19:45 | 08 Apr 20:00 | 09 Dec 13:30 | 09 Feb 17:30 | 11 Nov 13:30 | 13 Jan 16:00 | 14 May 20:00 | 15 Dec 12:45 | 16 Mar 12:45 | 17 Apr 19:45 | 17 Nov 15:00 | 19 Jan 15:00 | 19 May 16:00 | 21 Apr 13:30 | 22 Dec 15:00 | 24 Feb 13:30 | 25 Nov 16:00 | 26 Dec 15:00 | 27 Apr 12:45 | 27 Oct 17:30 | 28 Nov 20:00 | 29 Dec 15:00 | 29 Jan 19:45 | 30 Mar 15:00
George McCartney,,36,878,2,32,1 2 3 4 5 6 7 8 9 10 11 12 13 14 15 16 17 18 20 21 22 23 24 25 26 27 28 30 31 32 33 34 35 36 37 38,01 Dec 12:45 | 01 Jan 15:00 | 01 Oct 20:00 | 01 Sep 12:45 | 02 Feb 15:00 | 02 Mar 15:00 | 03 Nov 17:30 | 04 May 15:00 | 06 Oct 17:30 | 07 Apr 13:30 | 09 Dec 16:00 | 10 Feb 13:30 | 11 Nov 15:00 | 12 Jan 15:00 | 12 May 15:00 | 15 Sep 12:45 | 16 Dec 16:00 | 17 Apr 19:45 | 17 Mar 16:00 | 18 Aug 15:00 | 19 May 16:00 | 19 Nov 20:00 | 20 Apr 15:00 | 20 Oct 15:00 | 22 Dec 15:00 | 22 Sep 15:00 | 23 Jan 19:45 | 25 Aug 12:45 | 25 Feb 20:00 | 25 Nov 16:00 | 27 Apr 12:45 | 27 Oct 15:00 | 28 Nov 20:00 | 29 Dec 15:00 | 30 Jan 20:00 | 30 Mar 15:00
George Moncur,,24,0,0,0,13 14 15 16 17 18 20 21 22 23 24 25 26 27 28 30 31 32 33 34 35 36 37 38,01 Dec 12:45 | 01 Jan 15:00 | 02 Feb 15:00 | 02 Mar 15:00 | 04 May 15:00 | 07 Apr 13:30 | 09 Dec 16:00 | 10 Feb 13:30 | 12 Jan 15:00 | 12 May 15:00 | 16 Dec 16:00 | 17 Apr 19:45 | 17 Mar 16:00 | 19 May 16:00 | 20 Apr 15:00 | 22 Dec 15:00 | 23 Jan 19:45 | 25 Feb 20:00 | 25 Nov 16:00 | 27 Apr 12:45 | 28 Nov 20:00 | 29 Dec 15:00 | 30 Jan 20:00 | 30 Mar 15:00
George Thorne,,39,230,0,7,1 2 3 4 5 6 7 8 9 10 11 12 13 14 15 16 17 18 19 20 21 22 23 24 25 26 27 28 29 30 31 32 33 34 35 36 37 38,01 Dec 15:00 | 01 Jan 12:45 | 01 Sep 15:00 | 02 Mar 15:00 | 03 Feb 13:30 | 03 March 15:00 | 05 Nov 20:00 | 06 Apr 15:00 | 06 Oct 15:00 | 07 May 19:45 | 08 Dec 15:00 | 09 Mar 15:00 | 10 Nov 15:00 | 11 April 19:45 | 11 Feb 20:00 | 12 Jan 15:00 | 12 May 15:00 | 15 Sep 15:00 | 16 Dec 16:00 | 16 Mar 15:00 | 17 Nov 15:00 | 18 Aug 15:00 | 19 Jan 17:30 | 19 May 16:00 | 20 Apr 15:00 | 20 Oct 15:00 | 22 Dec 15:00 | 22 Sep 15:00 | 23 Feb 15:00 | 24 Nov 12:45 | 25 Aug 15:00 | 26 Dec 15:00 | 27 Apr 15:00 | 28 Nov 19:45 | 28 Oct 15:00 | 29 Dec 15:00 | 30 Jan 19:45 | 30 Mar 15:00 | 30 Sep 16:00
Gerhard Tremmel,,38,1113,0,51,1 2 3 4 5 6 7 8 9 10 11 12 13 14 15 16 17 18 19 20 21 22 23 24 25 26 27 28 29 30 31 32 33 34 35 36 37 38,01 Dec 15:00 | 01 Jan 15:00 | 01 Sep 15:00 | 02 Feb 15:00 | 02 Mar 15:00 | 03 March 15:00 | 03 Nov 15:00 | 06 Apr 15:00 | 06 Oct 15:00 | 07 May 19:45 | 08 Dec 15:00 | 09 Mar 15:00 | 10 Nov 15:00 | 11 April 20:00 | 12 Jan 15:00 | 12 May 16:00 | 15 Sep 15:00 | 16 Dec 13:30 | 16 Mar 15:00 | 17 Feb 15:00 | 17 Nov 15:00 | 18 Aug 15:00 | 19 Jan 15:00 | 19 May 16:00 | 20 Apr 15:00 | 20 Oct 15:00 | 22 Sep 12:45 | 23 Dec 13:30 | 25 Aug 12:45 | 25 Nov 13:30 | 26 Dec 15:00 | 27 Oct 17:30 | 28 Apr 15:00 | 28 Nov 19:45 | 29 Dec 15:00 | 29 Jan 19:45 | 29 Sep 15:00 | 30 Mar 15:00
Gianni Zuiverloon,,2,0,0,0,27 33,03 March 15:00 | 11 April 19:45
Giles Barnes,,2,0,0,0,27 33,03 March 15:00 | 11 April 19:45
Gilles Sunu,,1,0,0,0,33,11 April 19:45
Giorgos Karagounis,,34,1477,0,49,4 5 6 7 8 9 10 11 12 13 14 15 16 17 18 19 20 21 22 23 24 25 26 27 28 30 31 32 33 34 35 36 37 38,01 Apr 20:00 | 01 Dec 15:00 | 01 Jan 12:45 | 02 Feb 17:30 | 02 Mar 15:00 | 03 Nov 15:00 | 04 May 15:00 | 07 Apr 15:00 | 07 Oct 13:30 | 09 Feb 15:00 | 10 Dec 20:00 | 10 Nov 15:00 | 12 Jan 15:00 | 12 May 15:00 | 15 Dec 15:00 | 15 Sep 15:00 | 17 Apr 20:00 | 17 Mar 15:00 | 18 Nov 16:00 | 19 Jan 15:00 | 19 May 16:00 | 20 Apr 15:00 | 20 Oct 15:00 | 22 Dec 17:30 | 22 Sep 15:00 | 23 Feb 12:45 | 24 Nov 15:00 | 26 Dec 15:00 | 27 Apr 15:00 | 27 Oct 15:00 | 28 Nov 19:45 | 29 Dec 15:00 | 29 Sep 15:00 | 30 Jan 20:00
Glen Johnson,,37,3133,5,141,1 2 3 4 5 6 7 8 9 10 11 12 13 14 15 16 17 18 19 20 21 22 23 24 25 26 28 29 30 31 32 33 34 35 36 37 38,01 Dec 15:00 | 02 Jan 19:45 | 02 Mar 17:30 | 02 Sep 13:30 | 03 Feb 16:00 | 04 Nov 16:00 | 05 May 13:30 | 07 Apr 13:30 | 07 Oct 15:00 | 09 Dec 16:00 | 10 Mar 16:00 | 11 Nov 16:00 | 12 May 15:00 | 13 Apr 15:00 | 13 Jan 13:30 | 15 Dec 15:00 | 15 Sep 17:30 | 16 Mar 15:00 | 17 Feb 15:00 | 17 Nov 15:00 | 18 Aug 15:00 | 19 Jan 15:00 | 19 May 16:00 | 20 Oct 15:00 | 21 Apr 16:00 | 22 Dec 17:30 | 23 Sep 13:30 | 25 Nov 13:30 | 26 Aug 16:00 | 26 Dec 19:45 | 27 Apr 17:30 | 28 Nov 19:45 | 28 Oct 13:30 | 29 Sep 15:00 | 30 Dec 16:00 | 30 Jan 19:45 | 31 Mar 13:30
Glenn Whelan,,40,2766,6,101,1 2 3 4 5 6 7 8 9 10 11 12 13 14 15 16 17 18 19 20 21 22 23 24 25 26 27 28 29 30 31 32 33 34 35 36 37 38,01 Dec 15:00 | 01 Jan 15:00 | 01 Sep 15:00 | 02 Feb 15:00 | 02 Mar 15:00 | 03 Nov 15:00 | 06 Apr 15:00 | 06 May 20:00 | 07 Oct 15:00 | 08 Dec 15:00 | 09 Feb 15:00 | 10 Mar 15:00 | 10 Nov 15:00 | 12 Jan 15:00 | 12 May 13:30 | 14 Apr 14:05 | 15 Dec 15:00 | 15 Sep 15:00 | 16 Mar 15:00 | 18 Aug 15:00 | 19 Jan 15:00 | 19 May 16:00 | 19 Nov 20:00 | 20 Apr 15:00 | 20 Oct 15:00 | 21 Aug. 13:30 | 22 Dec 15:00 | 22 Sep 15:00 | 23 Feb 12:45 | 24 Nov 15:00 | 26 Aug 13:30 | 26 Dec 19:45 | 27 Apr 15:00 | 27 Oct 15:00 | 28 Aug. 15:00 | 28 Nov 19:45 | 29 Dec 15:00 | 29 Jan 19:45 | 29 Sep 15:00 | 30 Mar 17:30
Gnegneri Yaya Toure,,1,90,0,2,29,21 March 19:45
Gonzalo Jara,,39,45,1,4,1 2 3 4 5 6 7 8 9 10 11 12 13 14 15 16 17 18 19 20 21 22 23 24 25 26 27 28 29 30 31 32 33 34 35 36 37 38,01 Dec 15:00 | 01 Jan 12:45 | 01 Sep 15:00 | 02 Mar 15:00 | 03 Feb 13:30 | 03 March 15:00 | 05 Nov 20:00 | 06 Apr 15:00 | 06 Oct 15:00 | 07 May 19:45 | 08 Dec 15:00 | 09 Mar 15:00 | 10 Nov 15:00 | 11 April 19:45 | 11 Feb 20:00 | 12 Jan 15:00 | 12 May 15:00 | 15 Sep 15:00 | 16 Dec 16:00 | 16 Mar 15:00 | 17 Nov 15:00 | 18 Aug 15:00 | 19 Jan 17:30 | 19 May 16:00 | 20 Apr 15:00 | 20 Oct 15:00 | 22 Dec 15:00 | 22 Sep 15:00 | 23 Feb 15:00 | 24 Nov 12:45 | 25 Aug 15:00 | 26 Dec 15:00 | 27 Apr 15:00 | 28 Nov 19:45 | 28 Oct 15:00 | 29 Dec 15:00 | 30 Jan 19:45 | 30 Mar 15:00 | 30 Sep 16:00
Goran Popov,,34,889,1,19,4 5 6 7 8 9 10 11 12 13 14 15 16 17 18 19 20 21 22 23 24 25 26 27 28 29 30 31 32 34 35 36 37 38,01 Dec 15:00 | 01 Jan 12:45 | 02 Mar 15:00 | 03 Feb 13:30 | 05 Nov 20:00 | 06 Apr 15:00 | 06 Oct 15:00 | 07 May 19:45 | 08 Dec 15:00 | 09 Mar 15:00 | 10 Nov 15:00 | 11 Feb 20:00 | 12 Jan 15:00 | 12 May 15:00 | 15 Sep 15:00 | 16 Dec 16:00 | 16 Mar 15:00 | 17 Nov 15:00 | 19 Jan 17:30 | 19 May 16:00 | 20 Apr 15:00 | 20 Oct 15:00 | 22 Dec 15:00 | 22 Sep 15:00 | 23 Feb 15:00 | 24 Nov 12:45 | 26 Dec 15:00 | 27 Apr 15:00 | 28 Nov 19:45 | 28 Oct 15:00 | 29 Dec 15:00 | 30 Jan 19:45 | 30 Mar 15:00 | 30 Sep 16:00
Graham Burke,,39,0,0,0,1 2 3 4 5 6 7 8 9 10 11 12 13 14 15 16 17 18 19 20 21 22 23 24 25 26 27 28 29 30 31 32 33 34 35 36 37 38,01 Dec 15:00 | 01 Jan 15:00 | 02 Feb 15:00 | 02 Sep 16:00 | 03 March 15:00 | 03 Nov 15:00 | 04 Mar 20:00 | 04 May 15:00 | 06 Apr 15:00 | 07 Oct 15:00 | 08 Dec 15:00 | 09 Mar 15:00 | 10 Feb 13:30 | 10 Nov 17:30 | 11 May 12:45 | 12 Jan 15:00 | 13 Apr 15:00 | 15 Dec 15:00 | 15 Sep 15:00 | 16 Mar 15:00 | 17 Nov 15:00 | 18 Aug 15:00 | 19 Jan 17:30 | 19 May 16:00 | 20 Oct 15:00 | 22 Apr 20:00 | 22 Sep 15:00 | 23 Dec 16:00 | 23 Feb 15:00 | 24 Nov 17:30 | 25 Aug 15:00 | 26 Dec 17:30 | 27 Nov 20:00 | 27 Oct 12:45 | 29 Apr 20:00 | 29 Dec 15:00 | 29 Jan 19:45 | 30 Sep 16:00 | 31 Mar 13:30
Graham Dorrans,,39,1736,2,58,1 2 3 4 5 6 7 8 9 10 11 12 13 14 15 16 17 18 19 20 21 22 23 24 25 26 27 28 29 30 31 32 33 34 35 36 37 38,01 Dec 15:00 | 01 Jan 12:45 | 01 Sep 15:00 | 02 Mar 15:00 | 03 Feb 13:30 | 03 March 15:00 | 05 Nov 20:00 | 06 Apr 15:00 | 06 Oct 15:00 | 07 May 19:45 | 08 Dec 15:00 | 09 Mar 15:00 | 10 Nov 15:00 | 11 April 19:45 | 11 Feb 20:00 | 12 Jan 15:00 | 12 May 15:00 | 15 Sep 15:00 | 16 Dec 16:00 | 16 Mar 15:00 | 17 Nov 15:00 | 18 Aug 15:00 | 19 Jan 17:30 | 19 May 16:00 | 20 Apr 15:00 | 20 Oct 15:00 | 22 Dec 15:00 | 22 Sep 15:00 | 23 Feb 15:00 | 24 Nov 12:45 | 25 Aug 15:00 | 26 Dec 15:00 | 27 Apr 15:00 | 28 Nov 19:45 | 28 Oct 15:00 | 29 Dec 15:00 | 30 Jan 19:45 | 30 Mar 15:00 | 30 Sep 16:00
Grant Holt,,38,2565,5,110,1 2 3 4 5 6 7 8 9 10 11 12 13 14 15 16 17 18 19 20 21 22 23 24 25 26 27 28 29 30 31 32 33 34 35 36 37 38,01 Jan 15:00 | 01 Sep 15:00 | 02 Dec 16:00 | 02 Feb 12:45 | 02 Mar 15:00 | 03 Nov 15:00 | 04 May 15:00 | 06 Apr 15:00 | 06 Oct 15:00 | 08 Dec 15:00 | 09 Feb 15:00 | 09 Mar 15:00 | 10 Nov 15:00 | 12 Jan 15:00 | 12 May 15:00 | 13 Apr 15:00 | 15 Dec 15:00 | 15 Sep 12:45 | 17 Mar 13:30 | 17 Nov 17:30 | 18 Aug 15:00 | 19 Jan 15:00 | 19 May 16:00 | 20 Apr 15:00 | 20 Oct 17:30 | 22 Dec 15:00 | 23 Feb 15:00 | 23 Sep 15:00 | 24 Nov 15:00 | 25 Aug 15:00 | 26 Dec 15:00 | 27 Apr 15:00 | 27 Oct 12:45 | 28 Nov 19:45 | 29 Dec 15:00 | 29 Sep 15:00 | 30 Jan 19:45 | 30 Mar 15:00
Gretar Rafn Steinsson,,2,180,0,2,3 17,20 Dec. 20:00 | 27 Aug. 17:30
Guly Guilherme,,37,764,2,32,1 2 3 4 5 6 7 8 9 10 11 12 13 14 15 16 18 19 20 21 22 23 24 25 26 27 28 29 30 31 32 33 34 35 36 37 38,01 Dec 15:00 | 01 Jan 17:30 | 02 Feb 15:00 | 02 Mar 15:00 | 02 Sep 16:00 | 04 May 15:00 | 05 Nov 20:00 | 06 Apr 12:45 | 07 Oct 13:30 | 08 Dec 15:00 | 09 Feb 17:30 | 09 Mar 15:00 | 10 Nov 15:00 | 12 May 15:00 | 13 Apr 15:00 | 15 Sep 15:00 | 16 Jan 19:45 | 16 Mar 15:00 | 17 Nov 15:00 | 19 Aug 16:00 | 19 May 16:00 | 20 Apr 15:00 | 20 Oct 15:00 | 21 Jan 20:00 | 22 Dec 15:00 | 22 Sep 15:00 | 24 Feb 13:30 | 25 Aug 15:00 | 25 Nov 15:00 | 26 Dec 15:00 | 27 Apr 15:00 | 28 Nov 19:45 | 28 Oct 15:00 | 29 Dec 15:00 | 29 Sep 15:00 | 30 Jan 20:00 | 30 Mar 15:00
Guy Demel,,36,2294,3,87,1 2 3 4 5 6 7 8 9 10 11 12 13 14 15 16 17 18 20 21 22 23 24 25 26 27 28 30 31 32 33 34 35 36 37 38,01 Dec 12:45 | 01 Jan 15:00 | 01 Oct 20:00 | 01 Sep 12:45 | 02 Feb 15:00 | 02 Mar 15:00 | 03 Nov 17:30 | 04 May 15:00 | 06 Oct 17:30 | 07 Apr 13:30 | 09 Dec 16:00 | 10 Feb 13:30 | 11 Nov 15:00 | 12 Jan 15:00 | 12 May 15:00 | 15 Sep 12:45 | 16 Dec 16:00 | 17 Apr 19:45 | 17 Mar 16:00 | 18 Aug 15:00 | 19 May 16:00 | 19 Nov 20:00 | 20 Apr 15:00 | 20 Oct 15:00 | 22 Dec 15:00 | 22 Sep 15:00 | 23 Jan 19:45 | 25 Aug 12:45 | 25 Feb 20:00 | 25 Nov 16:00 | 27 Apr 12:45 | 27 Oct 15:00 | 28 Nov 20:00 | 29 Dec 15:00 | 30 Jan 20:00 | 30 Mar 15:00
Gwion Edwards,,36,0,0,0,1 2 3 4 5 6 7 8 9 10 11 12 13 14 15 16 17 18 19 20 21 22 23 24 25 26 28 29 30 31 32 34 35 36 37 38,01 Dec 15:00 | 01 Jan 15:00 | 01 Sep 15:00 | 02 Feb 15:00 | 02 Mar 15:00 | 03 Nov 15:00 | 06 Apr 15:00 | 06 Oct 15:00 | 07 May 19:45 | 08 Dec 15:00 | 09 Mar 15:00 | 10 Nov 15:00 | 12 Jan 15:00 | 12 May 16:00 | 15 Sep 15:00 | 16 Dec 13:30 | 16 Mar 15:00 | 17 Feb 15:00 | 17 Nov 15:00 | 18 Aug 15:00 | 19 Jan 15:00 | 19 May 16:00 | 20 Apr 15:00 | 20 Oct 15:00 | 22 Sep 12:45 | 23 Dec 13:30 | 25 Aug 12:45 | 25 Nov 13:30 | 26 Dec 15:00 | 27 Oct 17:30 | 28 Apr 15:00 | 28 Nov 19:45 | 29 Dec 15:00 | 29 Jan 19:45 | 29 Sep 15:00 | 30 Mar 15:00
Gylfi Sigurdsson,,37,1216,5,76,1 2 3 4 5 6 7 8 9 10 11 12 13 14 15 16 17 18 19 20 21 22 23 24 25 26 27 28 29 30 31 32 34 35 36 37 38,01 Dec 15:00 | 01 Jan 15:00 | 01 Sep 15:00 | 03 Feb 13:30 | 03 Mar 16:00 | 03 Nov 15:00 | 07 Apr 14:05 | 07 Oct 15:00 | 08 May 19:45 | 09 Dec 15:00 | 09 Feb 12:45 | 10 Mar 16:00 | 11 Nov 13:30 | 12 Jan 12:45 | 12 May 13:30 | 16 Dec 13:30 | 16 Sep 16:00 | 17 Mar 15:00 | 17 Nov 12:45 | 18 Aug 17:30 | 19 May 16:00 | 20 Jan 16:00 | 20 Oct 12:45 | 21 Apr 13:30 | 22 Dec 15:00 | 23 Sep 16:00 | 25 Aug 15:00 | 25 Feb 20:00 | 25 Nov 16:00 | 26 Dec 17:30 | 27 Apr 15:00 | 28 Nov 19:45 | 28 Oct 15:00 | 29 Dec 12:45 | 29 Sep 17:30 | 30 Jan 19:45 | 30 Mar 15:00
Hal Robson-Kanu,,36,1138,2,76,1 4 5 6 7 8 9 10 11 12 13 14 15 16 17 18 19 20 21 22 23 24 25 26 27 28 29 30 31 32 33 34 35 36 37 38,01 Dec 17:30 | 01 Jan 15:00 | 02 Feb 15:00 | 02 Mar 15:00 | 04 May 15:00 | 04 Nov 13:30 | 06 Apr 12:45 | 06 Oct 15:00 | 09 Feb 15:00 | 09 Mar 15:00 | 10 Nov 15:00 | 11 Dec 19:45 | 12 Jan 15:00 | 13 Apr 15:00 | 14 May 20:00 | 16 Mar 17:30 | 16 Sep 16:00 | 17 Dec 20:00 | 17 Nov 15:00 | 19 Jan 15:00 | 19 May 16:00 | 20 Apr 15:00 | 20 Oct 15:00 | 22 Aug 19:45 | 22 Dec 15:00 | 22 Sep 15:00 | 23 Feb 15:00 | 24 Nov 15:00 | 26 Dec 15:00 | 27 Nov 20:00 | 27 Oct 15:00 | 28 Apr 13:30 | 29 Dec 15:00 | 29 Sep 15:00 | 30 Jan 20:00 | 30 Mar 15:00
Haris Vuckic,,40,64,0,2,1 2 3 4 5 6 7 8 9 10 11 12 13 14 15 16 17 18 19 20 21 22 23 24 25 26 27 28 29 30 31 32 33 34 35 36 37 38,02 Feb 15:00 | 02 Jan 20:00 | 02 Mar 15:00 | 02 Sep 16:00 | 03 Dec 20:00 | 04 May 15:00 | 04 Nov 16:00 | 07 Apr 15:00 | 07 Oct 16:00 | 09 Feb 12:45 | 10 Dec 20:00 | 10 Mar 15:00 | 11 Nov 15:00 | 12 Jan 15:00 | 12 May 15:00 | 14 Apr 12:00 | 15 Dec 12:45 | 17 Mar 16:00 | 17 Nov 15:00 | 17 Sep 20:00 | 18 Aug 17:30 | 18 March 16:00 | 19 Jan 15:00 | 19 May 16:00 | 20 Apr 15:00 | 21 Oct 13:30 | 22 Dec 15:00 | 23 Sep 15:00 | 24 Feb 13:30 | 25 Aug 17:30 | 25 Nov 15:00 | 26 Dec 15:00 | 27 Apr 17:30 | 28 Nov 19:45 | 28 Oct 15:00 | 29 Dec 17:30 | 29 Jan 19:45 | 29 Sep 15:00 | 30 Dec. 19:45 | 30 Mar 15:00
Harry Kane,,38,141,0,5,1 2 3 4 5 6 7 8 9 10 11 12 13 14 15 16 17 18 19 20 21 22 23 24 25 26 27 28 29 30 31 32 34 35 36 37 38,01 Jan 15:00 | 01 Sep 15:00 | 02 Dec 16:00 | 03 Feb 13:30 | 03 Mar 16:00 | 03 Nov 15:00 | 06 Oct 15:00 | 07 Apr 14:05 | 08 Dec 15:00 | 08 May 19:45 | 09 Feb 12:45 | 10 Mar 16:00 | 10 Nov 15:00 | 12 Jan 15:00 | 12 May 13:30 | 15 Dec 15:00 | 15 Sep 12:45 | 17 Mar 15:00 | 17 Nov 17:30 | 18 Aug 17:30 | 19 Jan 15:00 | 19 May 16:00 | 20 Oct 17:30 | 21 Apr 13:30 | 21 March 19:45 | 22 Dec 15:00 | 23 Sep 15:00 | 24 Nov 15:00 | 25 Aug 15:00 | 25 Feb 20:00 | 26 Dec 15:00 | 27 Apr 15:00 | 27 Oct 12:45 | 28 Nov 19:45 | 29 Dec 15:00 | 29 Sep 15:00 | 30 Jan 19:45 | 30 Mar 15:00
Hatem Ben Arfa,,38,1458,2,72,1 2 3 4 5 6 7 8 9 10 11 12 13 14 15 16 17 18 19 20 21 22 23 24 25 26 27 28 29 30 31 32 33 34 35 36 37 38,02 Feb 15:00 | 02 Jan 20:00 | 02 Mar 15:00 | 02 Sep 16:00 | 03 Dec 20:00 | 04 May 15:00 | 04 Nov 16:00 | 07 Apr 15:00 | 07 Oct 16:00 | 09 Feb 12:45 | 10 Dec 20:00 | 10 Mar 15:00 | 11 Nov 15:00 | 12 Jan 15:00 | 12 May 15:00 | 14 Apr 12:00 | 15 Dec 12:45 | 17 Mar 16:00 | 17 Nov 15:00 | 17 Sep 20:00 | 18 Aug 17:30 | 19 Jan 15:00 | 19 May 16:00 | 20 Apr 15:00 | 21 Oct 13:30 | 22 Dec 15:00 | 23 Sep 15:00 | 24 Feb 13:30 | 25 Aug 17:30 | 25 Nov 15:00 | 26 Dec 15:00 | 27 Apr 17:30 | 28 Nov 19:45 | 28 Oct 15:00 | 29 Dec 17:30 | 29 Jan 19:45 | 29 Sep 15:00 | 30 Mar 15:00
Heidar Helguson,,38,0,0,0,1 2 3 4 5 6 7 8 9 10 11 12 13 14 15 16 17 18 19 20 21 22 23 24 25 26 27 28 29 30 31 32 33 34 35 36 37 38,01 Apr 20:00 | 01 Dec 15:00 | 01 Oct 20:00 | 01 Sep 17:30 | 02 Feb 12:45 | 02 Jan 19:45 | 02 Mar 15:00 | 04 May 17:30 | 04 Nov 13:30 | 06 Oct 15:00 | 07 Apr 16:10 | 08 Dec 15:00 | 09 Feb 15:00 | 09 Mar 15:00 | 10 Nov 15:00 | 12 Jan 12:45 | 12 May 15:00 | 13 Apr 15:00 | 15 Dec 15:00 | 15 Sep 15:00 | 16 Mar 15:00 | 17 Nov 15:00 | 18 Aug 15:00 | 19 Jan 15:00 | 19 May 16:00 | 20 Apr 15:00 | 21 Oct 16:00 | 22 Dec 15:00 | 23 Feb 15:00 | 23 Sep 16:00 | 24 Nov 15:00 | 25 Aug 15:00 | 26 Dec 15:00 | 27 Nov 19:45 | 27 Oct 15:00 | 28 Apr 13:30 | 29 Jan 19:45 | 30 Dec 16:00
Hendry Thomas,,1,0,0,0,33,11 April 19:45
Henri Lansbury,,13,0,0,0,1 2 3 4 5 6 7 8 9 10 20 29 30,02 Sep 13:30 | 03 Nov 12:45 | 06 Oct 17:30 | 15 Sep 15:00 | 16 Mar 15:00 | 18 Aug 15:00 | 20 Oct 17:30 | 21 March 20:00 | 23 Sep 16:00 | 26 Aug 13:30 | 27 Oct 15:00 | 29 Dec 17:30 | 29 Sep 12:45
Henrique Hilario,,38,90,0,3,1 2 3 4 5 6 7 8 9 10 11 12 13 14 15 16 17 18 19 20 21 22 23 24 25 26 27 28 30 31 32 33 34 35 36 37 38,01 Dec 12:45 | 02 Feb 15:00 | 02 Jan 19:45 | 02 Mar 15:00 | 03 March 15:00 | 03 Nov 15:00 | 06 Oct 15:00 | 07 Apr 15:00 | 08 Dec 15:00 | 08 May 19:45 | 09 Feb 15:00 | 11 May 12:45 | 11 Nov 16:00 | 15 Sep 15:00 | 16 Jan 19:45 | 17 Apr 20:00 | 17 Mar 16:00 | 17 Nov 15:00 | 19 May 16:00 | 20 Jan 13:30 | 20 Oct 12:45 | 21 Apr 16:00 | 22 Aug 19:45 | 22 Dec. 20:00 | 22 Sep 15:00 | 23 Dec 16:00 | 24 Feb 13:30 | 25 Aug 17:30 | 25 Nov 16:00 | 26 Dec 15:00 | 27 Aug. 15:00 | 28 Apr 15:00 | 28 Nov 19:45 | 28 Oct 16:00 | 29 Sep 12:45 | 30 Dec 13:30 | 30 Jan 20:00 | 30 Mar 15:00
Heurelho Gomes,,38,0,0,0,1 2 3 4 5 6 7 8 9 10 11 12 13 14 15 16 17 18 19 20 21 22 23 24 25 26 27 28 29 30 31 32 34 35 36 37 38,01 Dec 15:00 | 01 Jan 15:00 | 01 Sep 15:00 | 03 Feb 13:30 | 03 Mar 16:00 | 03 Nov 15:00 | 07 Apr 14:05 | 07 Oct 15:00 | 08 May 19:45 | 09 Dec 15:00 | 09 Feb 12:45 | 10 Mar 16:00 | 11 Nov 13:30 | 12 Jan 12:45 | 12 May 13:30 | 16 Dec 13:30 | 16 Sep 16:00 | 17 Mar 15:00 | 17 Nov 12:45 | 18 Aug 17:30 | 19 May 16:00 | 20 Jan 16:00 | 20 Oct 12:45 | 21 Apr 13:30 | 22 Aug. 20:00 | 22 Dec 15:00 | 23 Sep 16:00 | 25 Aug 15:00 | 25 Feb 20:00 | 25 Nov 16:00 | 26 Dec 17:30 | 27 Apr 15:00 | 28 Nov 19:45 | 28 Oct 15:00 | 29 Dec 12:45 | 29 Sep 17:30 | 30 Jan 19:45 | 30 Mar 15:00
Hogan Ephraim,,33,0,0,0,6 7 8 9 10 11 12 13 14 15 16 17 18 19 20 21 22 23 24 25 26 27 28 29 30 31 32 33 34 35 36 37 38,01 Apr 20:00 | 01 Dec 15:00 | 01 Oct 20:00 | 02 Feb 12:45 | 02 Jan 19:45 | 02 Mar 15:00 | 04 May 17:30 | 04 Nov 13:30 | 06 Oct 15:00 | 07 Apr 16:10 | 08 Dec 15:00 | 09 Feb 15:00 | 09 Mar 15:00 | 10 Nov 15:00 | 12 Jan 12:45 | 12 May 15:00 | 13 Apr 15:00 | 15 Dec 15:00 | 16 Mar 15:00 | 17 Nov 15:00 | 19 Jan 15:00 | 19 May 16:00 | 20 Apr 15:00 | 21 Oct 16:00 | 22 Dec 15:00 | 23 Feb 15:00 | 24 Nov 15:00 | 26 Dec 15:00 | 27 Nov 19:45 | 27 Oct 15:00 | 28 Apr 13:30 | 29 Jan 19:45 | 30 Dec 16:00
Hope Akpan,,17,471,4,24,22 23 24 25 26 27 28 29 30 31 32 33 34 35 36 37 38,02 Feb 15:00 | 02 Mar 15:00 | 04 May 15:00 | 06 Apr 12:45 | 09 Feb 15:00 | 09 Mar 15:00 | 12 Jan 15:00 | 13 Apr 15:00 | 14 May 20:00 | 16 Mar 17:30 | 19 Jan 15:00 | 19 May 16:00 | 20 Apr 15:00 | 23 Feb 15:00 | 28 Apr 13:30 | 30 Jan 20:00 | 30 Mar 15:00
Hugo Lloris,,34,2340,0,89,4 5 6 7 8 9 10 11 12 13 14 15 16 17 18 19 20 21 22 23 24 25 26 27 28 29 30 31 32 34 35 36 37 38,01 Dec 15:00 | 01 Jan 15:00 | 03 Feb 13:30 | 03 Mar 16:00 | 03 Nov 15:00 | 07 Apr 14:05 | 07 Oct 15:00 | 08 May 19:45 | 09 Dec 15:00 | 09 Feb 12:45 | 10 Mar 16:00 | 11 Nov 13:30 | 12 Jan 12:45 | 12 May 13:30 | 16 Dec 13:30 | 16 Sep 16:00 | 17 Mar 15:00 | 17 Nov 12:45 | 19 May 16:00 | 20 Jan 16:00 | 20 Oct 12:45 | 21 Apr 13:30 | 22 Dec 15:00 | 23 Sep 16:00 | 25 Feb 20:00 | 25 Nov 16:00 | 26 Dec 17:30 | 27 Apr 15:00 | 28 Nov 19:45 | 28 Oct 15:00 | 29 Dec 12:45 | 29 Sep 17:30 | 30 Jan 19:45 | 30 Mar 15:00
Hugo Rodallega,,38,1515,3,71,1 2 3 4 5 6 7 8 9 10 11 12 13 14 15 16 17 18 19 20 21 22 23 24 25 26 27 28 30 31 32 33 34 35 36 37 38,01 Apr 20:00 | 01 Dec 15:00 | 01 Jan 12:45 | 01 Sep 12:45 | 02 Feb 17:30 | 02 Mar 15:00 | 03 Nov 15:00 | 04 May 15:00 | 07 Apr 15:00 | 07 Oct 13:30 | 09 Feb 15:00 | 10 Dec 20:00 | 10 Nov 15:00 | 11 April 19:45 | 12 Jan 15:00 | 12 May 15:00 | 15 Dec 15:00 | 15 Sep 15:00 | 17 Apr 20:00 | 17 Mar 15:00 | 18 Aug 15:00 | 18 Nov 16:00 | 19 Jan 15:00 | 19 May 16:00 | 20 Apr 15:00 | 20 Oct 15:00 | 22 Dec 17:30 | 22 Sep 15:00 | 23 Feb 12:45 | 24 Nov 15:00 | 25 Aug 15:00 | 26 Dec 15:00 | 27 Apr 15:00 | 27 Oct 15:00 | 28 Nov 19:45 | 29 Dec 15:00 | 29 Sep 15:00 | 30 Jan 20:00
Ian Harte,,36,1270,4,44,1 4 5 6 7 8 9 10 11 12 13 14 15 16 17 18 19 20 21 22 23 24 25 26 27 28 29 30 31 32 33 34 35 36 37 38,01 Dec 17:30 | 01 Jan 15:00 | 02 Feb 15:00 | 02 Mar 15:00 | 04 May 15:00 | 04 Nov 13:30 | 06 Apr 12:45 | 06 Oct 15:00 | 09 Feb 15:00 | 09 Mar 15:00 | 10 Nov 15:00 | 11 Dec 19:45 | 12 Jan 15:00 | 13 Apr 15:00 | 14 May 20:00 | 16 Mar 17:30 | 16 Sep 16:00 | 17 Dec 20:00 | 17 Nov 15:00 | 19 Jan 15:00 | 19 May 16:00 | 20 Apr 15:00 | 20 Oct 15:00 | 22 Aug 19:45 | 22 Dec 15:00 | 22 Sep 15:00 | 23 Feb 15:00 | 24 Nov 15:00 | 26 Dec 15:00 | 27 Nov 20:00 | 27 Oct 15:00 | 28 Apr 13:30 | 29 Dec 15:00 | 29 Sep 15:00 | 30 Jan 20:00 | 30 Mar 15:00
Ibanez Pablo,,2,0,0,0,27 33,03 March 15:00 | 11 April 19:45
Ignasi Miquel,,13,0,0,0,1 2 3 4 5 6 7 8 9 10 20 27 30,02 Sep 13:30 | 03 March 12:45 | 03 Nov 12:45 | 06 Oct 17:30 | 15 Sep 15:00 | 16 Mar 15:00 | 18 Aug 15:00 | 20 Oct 17:30 | 23 Sep 16:00 | 26 Aug 13:30 | 27 Oct 15:00 | 29 Dec 17:30 | 29 Sep 12:45
Ishmael Miller,,1,0,0,0,33,11 April 19:45
Itay Shechter,,35,629,1,27,2 3 4 5 6 7 8 9 10 11 12 13 14 15 16 17 18 19 20 21 22 23 24 25 26 28 29 30 31 32 34 35 36 37 38,01 Dec 15:00 | 01 Jan 15:00 | 01 Sep 15:00 | 02 Feb 15:00 | 02 Mar 15:00 | 03 Nov 15:00 | 06 Apr 15:00 | 06 Oct 15:00 | 07 May 19:45 | 08 Dec 15:00 | 09 Mar 15:00 | 10 Nov 15:00 | 12 Jan 15:00 | 12 May 16:00 | 15 Sep 15:00 | 16 Dec 13:30 | 16 Mar 15:00 | 17 Feb 15:00 | 17 Nov 15:00 | 19 Jan 15:00 | 19 May 16:00 | 20 Apr 15:00 | 20 Oct 15:00 | 22 Sep 12:45 | 23 Dec 13:30 | 25 Aug 12:45 | 25 Nov 13:30 | 26 Dec 15:00 | 27 Oct 17:30 | 28 Apr 15:00 | 28 Nov 19:45 | 29 Dec 15:00 | 29 Jan 19:45 | 29 Sep 15:00 | 30 Mar 15:00
Ivan Klasnic,,2,170,0,7,3 17,20 Dec. 20:00 | 27 Aug. 17:30
Ivan Ramis,,37,1398,0,47,1 2 3 4 5 6 7 8 9 10 11 12 13 14 15 16 17 18 19 20 21 22 23 24 25 26 27 28 30 31 32 33 34 35 36 37 38,01 Jan 15:00 | 01 Sep 15:00 | 02 Feb 15:00 | 02 Mar 17:30 | 03 Dec 20:00 | 03 Nov 15:00 | 06 Oct 15:00 | 07 Apr 16:10 | 07 May 19:45 | 08 Dec 15:00 | 09 Feb 15:00 | 10 Nov 15:00 | 12 Jan 15:00 | 14 May 19:45 | 15 Dec 15:00 | 15 Sep 15:00 | 17 Apr 19:45 | 17 Mar 16:00 | 17 Nov 15:00 | 19 Aug 13:30 | 19 Jan 15:00 | 19 May 16:00 | 20 Apr 15:00 | 20 Oct 15:00 | 22 Dec 12:45 | 22 Sep 15:00 | 23 Feb 15:00 | 24 Nov 15:00 | 25 Aug 15:00 | 26 Dec 15:00 | 27 Apr 15:00 | 27 Oct 15:00 | 28 Nov 20:00 | 29 Dec 15:00 | 29 Jan 19:45 | 29 Sep 15:00 | 30 Mar 15:00
Jack Colback,,38,2808,0,73,1 3 4 5 6 7 8 9 10 11 12 13 14 15 16 17 18 19 20 21 22 23 24 25 26 27 28 29 30 31 32 33 34 35 36 37 38,01 Sep 15:00 | 02 Dec 16:00 | 02 Feb 15:00 | 02 Jan 19:45 | 02 Mar 15:00 | 03 Nov 15:00 | 06 May 20:00 | 06 Oct 12:45 | 07 Apr 15:00 | 09 Feb 15:00 | 09 Mar 15:00 | 10 Nov 15:00 | 11 Dec 19:45 | 12 Jan 15:00 | 12 May 15:00 | 14 Apr 12:00 | 15 Dec 15:00 | 15 Sep 17:30 | 17 Mar 13:30 | 18 Aug 15:00 | 18 Nov 16:00 | 19 Jan 15:00 | 19 May 16:00 | 20 Apr 15:00 | 21 Dec. 20:00 | 21 Oct 13:30 | 22 Dec 15:00 | 22 Sep 15:00 | 23 Feb 15:00 | 24 Nov 12:45 | 26 Dec 15:00 | 27 Nov 19:45 | 27 Oct 15:00 | 29 Apr 20:00 | 29 Dec 12:45 | 29 Jan 19:45 | 29 Sep 15:00 | 30 Mar 12:45
Jack Collison,,36,606,0,32,1 2 3 4 5 6 7 8 9 10 11 12 13 14 15 16 17 18 20 21 22 23 24 25 26 27 28 30 31 32 33 34 35 36 37 38,01 Dec 12:45 | 01 Jan 15:00 | 01 Oct 20:00 | 01 Sep 12:45 | 02 Feb 15:00 | 02 Mar 15:00 | 03 Nov 17:30 | 04 May 15:00 | 06 Oct 17:30 | 07 Apr 13:30 | 09 Dec 16:00 | 10 Feb 13:30 | 11 Nov 15:00 | 12 Jan 15:00 | 12 May 15:00 | 15 Sep 12:45 | 16 Dec 16:00 | 17 Apr 19:45 | 17 Mar 16:00 | 18 Aug 15:00 | 19 May 16:00 | 19 Nov 20:00 | 20 Apr 15:00 | 20 Oct 15:00 | 22 Dec 15:00 | 22 Sep 15:00 | 23 Jan 19:45 | 25 Aug 12:45 | 25 Feb 20:00 | 25 Nov 16:00 | 27 Apr 12:45 | 27 Oct 15:00 | 28 Nov 20:00 | 29 Dec 15:00 | 30 Jan 20:00 | 30 Mar 15:00
Jack Cork,,37,2336,1,64,1 2 3 4 5 6 7 8 9 10 11 12 13 14 15 16 18 19 20 21 22 23 24 25 26 27 28 29 30 31 32 33 34 35 36 37 38,01 Dec 15:00 | 01 Jan 17:30 | 02 Feb 15:00 | 02 Mar 15:00 | 02 Sep 16:00 | 04 May 15:00 | 05 Nov 20:00 | 06 Apr 12:45 | 07 Oct 13:30 | 08 Dec 15:00 | 09 Feb 17:30 | 09 Mar 15:00 | 10 Nov 15:00 | 12 May 15:00 | 13 Apr 15:00 | 15 Sep 15:00 | 16 Jan 19:45 | 16 Mar 15:00 | 17 Nov 15:00 | 19 Aug 16:00 | 19 May 16:00 | 20 Apr 15:00 | 20 Oct 15:00 | 21 Jan 20:00 | 22 Dec 15:00 | 22 Sep 15:00 | 24 Feb 13:30 | 25 Aug 15:00 | 25 Nov 15:00 | 26 Dec 15:00 | 27 Apr 15:00 | 28 Nov 19:45 | 28 Oct 15:00 | 29 Dec 15:00 | 29 Sep 15:00 | 30 Jan 20:00 | 30 Mar 15:00
Jack Grealish,,12,0,0,0,1 2 3 4 5 6 7 8 9 10 20 30,02 Sep 16:00 | 03 Nov 15:00 | 07 Oct 15:00 | 15 Sep 15:00 | 16 Mar 15:00 | 18 Aug 15:00 | 20 Oct 15:00 | 22 Sep 15:00 | 25 Aug 15:00 | 27 Oct 12:45 | 29 Dec 15:00 | 30 Sep 16:00
Jack Mills,,36,0,0,0,1 4 5 6 7 8 9 10 11 12 13 14 15 16 17 18 19 20 21 22 23 24 25 26 27 28 29 30 31 32 33 34 35 36 37 38,01 Dec 17:30 | 01 Jan 15:00 | 02 Feb 15:00 | 02 Mar 15:00 | 04 May 15:00 | 04 Nov 13:30 | 06 Apr 12:45 | 06 Oct 15:00 | 09 Feb 15:00 | 09 Mar 15:00 | 10 Nov 15:00 | 11 Dec 19:45 | 12 Jan 15:00 | 13 Apr 15:00 | 14 May 20:00 | 16 Mar 17:30 | 16 Sep 16:00 | 17 Dec 20:00 | 17 Nov 15:00 | 19 Jan 15:00 | 19 May 16:00 | 20 Apr 15:00 | 20 Oct 15:00 | 22 Aug 19:45 | 22 Dec 15:00 | 22 Sep 15:00 | 23 Feb 15:00 | 24 Nov 15:00 | 26 Dec 15:00 | 27 Nov 20:00 | 27 Oct 15:00 | 28 Apr 13:30 | 29 Dec 15:00 | 29 Sep 15:00 | 30 Jan 20:00 | 30 Mar 15:00
Jack Price,,1,0,0,0,33,11 April 19:45
Jack Robinson,,38,0,0,0,1 2 3 4 5 6 7 8 9 10 11 12 13 14 15 16 17 18 19 20 21 22 23 24 25 26 28 29 30 31 32 33 34 35 36 37 38,01 Dec 15:00 | 02 Jan 19:45 | 02 Mar 17:30 | 02 Sep 13:30 | 03 Feb 16:00 | 04 Nov 16:00 | 05 May 13:30 | 07 Apr 13:30 | 07 Oct 15:00 | 09 Dec 16:00 | 10 Mar 16:00 | 11 Nov 16:00 | 12 May 15:00 | 13 Apr 15:00 | 13 Jan 13:30 | 15 Dec 15:00 | 15 Sep 17:30 | 16 Mar 15:00 | 17 Feb 15:00 | 17 Nov 15:00 | 18 Aug 15:00 | 19 Jan 15:00 | 19 May 16:00 | 20 Oct 15:00 | 21 Apr 16:00 | 21 March 20:00 | 22 Dec 17:30 | 23 Sep 13:30 | 25 Nov 13:30 | 26 Aug 16:00 | 26 Dec 19:45 | 27 Apr 17:30 | 28 Nov 19:45 | 28 Oct 13:30 | 29 Sep 15:00 | 30 Dec 16:00 | 30 Jan 19:45 | 31 Mar 13:30
Jack Rodwell,,38,492,0,26,1 2 3 4 5 6 7 8 9 10 11 12 13 14 15 16 17 18 19 20 21 22 23 24 25 26 27 28 29 30 31 32 33 34 35 36 37 38,01 Dec 15:00 | 01 Jan 15:00 | 01 Sep 17:30 | 03 Feb 16:00 | 03 Nov 17:30 | 04 Mar 20:00 | 06 Oct 12:45 | 07 May 19:45 | 08 Apr 20:00 | 09 Dec 13:30 | 09 Feb 17:30 | 11 Nov 13:30 | 13 Jan 16:00 | 14 May 20:00 | 15 Dec 12:45 | 15 Sep 15:00 | 16 Mar 12:45 | 17 Apr 19:45 | 17 Nov 15:00 | 19 Aug 16:00 | 19 Jan 15:00 | 19 May 16:00 | 20 Oct 15:00 | 21 Apr 13:30 | 21 March 20:00 | 22 Dec 15:00 | 23 Sep 16:00 | 24 Feb 13:30 | 25 Nov 16:00 | 26 Aug 16:00 | 26 Dec 15:00 | 27 Apr 12:45 | 27 Oct 17:30 | 28 Nov 20:00 | 29 Dec 15:00 | 29 Jan 19:45 | 29 Sep 15:00 | 30 Mar 15:00
Jack Wilshere,,12,224,2,10,1 2 3 4 5 6 7 8 9 10 20 30,02 Sep 13:30 | 03 Nov 12:45 | 06 Oct 17:30 | 15 Sep 15:00 | 16 Mar 15:00 | 18 Aug 15:00 | 20 Oct 17:30 | 23 Sep 16:00 | 26 Aug 13:30 | 27 Oct 15:00 | 29 Dec 17:30 | 29 Sep 12:45
Jacob Butterfield,,38,0,0,0,1 2 3 4 5 6 7 8 9 10 11 12 13 14 15 16 17 18 19 20 21 22 23 24 25 26 27 28 29 30 31 32 33 34 35 36 37 38,01 Jan 15:00 | 01 Sep 15:00 | 02 Dec 16:00 | 02 Feb 12:45 | 02 Mar 15:00 | 03 Nov 15:00 | 04 May 15:00 | 06 Apr 15:00 | 06 Oct 15:00 | 08 Dec 15:00 | 09 Feb 15:00 | 09 Mar 15:00 | 10 Nov 15:00 | 12 Jan 15:00 | 12 May 15:00 | 13 Apr 15:00 | 15 Dec 15:00 | 15 Sep 12:45 | 17 Mar 13:30 | 17 Nov 17:30 | 18 Aug 15:00 | 19 Jan 15:00 | 19 May 16:00 | 20 Apr 15:00 | 20 Oct 17:30 | 22 Dec 15:00 | 23 Feb 15:00 | 23 Sep 15:00 | 24 Nov 15:00 | 25 Aug 15:00 | 26 Dec 15:00 | 27 Apr 15:00 | 27 Oct 12:45 | 28 Nov 19:45 | 29 Dec 15:00 | 29 Sep 15:00 | 30 Jan 19:45 | 30 Mar 15:00
Jak Alnwick,,32,0,0,0,7 8 9 10 11 12 13 14 15 16 17 18 19 20 21 22 23 24 25 26 27 28 29 30 31 32 33 34 35 36 37 38,02 Feb 15:00 | 02 Jan 20:00 | 02 Mar 15:00 | 03 Dec 20:00 | 04 May 15:00 | 04 Nov 16:00 | 07 Apr 15:00 | 07 Oct 16:00 | 09 Feb 12:45 | 10 Dec 20:00 | 10 Mar 15:00 | 11 Nov 15:00 | 12 Jan 15:00 | 12 May 15:00 | 14 Apr 12:00 | 15 Dec 12:45 | 17 Mar 16:00 | 17 Nov 15:00 | 19 Jan 15:00 | 19 May 16:00 | 20 Apr 15:00 | 21 Oct 13:30 | 22 Dec 15:00 | 24 Feb 13:30 | 25 Nov 15:00 | 26 Dec 15:00 | 27 Apr 17:30 | 28 Nov 19:45 | 28 Oct 15:00 | 29 Dec 17:30 | 29 Jan 19:45 | 30 Mar 15:00
Jake Livermore,,39,519,0,15,1 2 3 4 5 6 7 8 9 10 11 12 13 14 15 16 17 18 19 20 21 22 23 24 25 26 27 28 29 30 31 32 34 35 36 37 38,01 Dec 15:00 | 01 Jan 15:00 | 01 Sep 15:00 | 03 Feb 13:30 | 03 Mar 16:00 | 03 Nov 15:00 | 07 Apr 14:05 | 07 Oct 15:00 | 08 May 19:45 | 09 Dec 15:00 | 09 Feb 12:45 | 10 Mar 16:00 | 11 Nov 13:30 | 12 Jan 12:45 | 12 May 13:30 | 16 Dec 13:30 | 16 Sep 16:00 | 17 Mar 15:00 | 17 Nov 12:45 | 18 Aug 17:30 | 19 May 16:00 | 20 Jan 16:00 | 20 Oct 12:45 | 21 Apr 13:30 | 22 Aug. 20:00 | 22 Dec 15:00 | 23 Sep 16:00 | 25 Aug 15:00 | 25 Feb 20:00 | 25 Nov 16:00 | 26 Dec 17:30 | 27 Apr 15:00 | 28 Aug. 13:30 | 28 Nov 19:45 | 28 Oct 15:00 | 29 Dec 12:45 | 29 Sep 17:30 | 30 Jan 19:45 | 30 Mar 15:00
Jamal Blackman,,1,0,0,0,33,09 April 20:00
James Collins,,14,1052,1,41,1 2 3 4 5 6 7 8 9 10 12 20 22 30,01 Oct 20:00 | 01 Sep 12:45 | 03 Nov 17:30 | 06 Oct 17:30 | 12 Jan 15:00 | 15 Sep 12:45 | 17 Mar 16:00 | 18 Aug 15:00 | 19 Nov 20:00 | 20 Oct 15:00 | 22 Sep 15:00 | 25 Aug 12:45 | 27 Oct 15:00 | 29 Dec 15:00
James Hurst,,39,0,0,0,1 2 3 4 5 6 7 8 9 10 11 12 13 14 15 16 17 18 19 20 21 22 23 24 25 26 27 28 29 30 31 32 33 34 35 36 37 38,01 Dec 15:00 | 01 Jan 12:45 | 01 Sep 15:00 | 02 Mar 15:00 | 03 Feb 13:30 | 03 March 15:00 | 05 Nov 20:00 | 06 Apr 15:00 | 06 Oct 15:00 | 07 May 19:45 | 08 Dec 15:00 | 09 Mar 15:00 | 10 Nov 15:00 | 11 April 19:45 | 11 Feb 20:00 | 12 Jan 15:00 | 12 May 15:00 | 15 Sep 15:00 | 16 Dec 16:00 | 16 Mar 15:00 | 17 Nov 15:00 | 18 Aug 15:00 | 19 Jan 17:30 | 19 May 16:00 | 20 Apr 15:00 | 20 Oct 15:00 | 22 Dec 15:00 | 22 Sep 15:00 | 23 Feb 15:00 | 24 Nov 12:45 | 25 Aug 15:00 | 26 Dec 15:00 | 27 Apr 15:00 | 28 Nov 19:45 | 28 Oct 15:00 | 29 Dec 15:00 | 30 Jan 19:45 | 30 Mar 15:00 | 30 Sep 16:00
James McArthur,,38,2469,2,78,1 2 3 4 5 6 7 8 9 10 11 12 13 14 15 16 17 18 19 20 21 22 23 24 25 26 27 28 30 31 32 33 34 35 36 37 38,01 Jan 15:00 | 01 Sep 15:00 | 02 Feb 15:00 | 02 Mar 17:30 | 03 Dec 20:00 | 03 Nov 15:00 | 06 Oct 15:00 | 07 Apr 16:10 | 07 May 19:45 | 08 Dec 15:00 | 09 Feb 15:00 | 10 Nov 15:00 | 11 April 19:45 | 12 Jan 15:00 | 14 May 19:45 | 15 Dec 15:00 | 15 Sep 15:00 | 17 Apr 19:45 | 17 Mar 16:00 | 17 Nov 15:00 | 19 Aug 13:30 | 19 Jan 15:00 | 19 May 16:00 | 20 Apr 15:00 | 20 Oct 15:00 | 22 Dec 12:45 | 22 Sep 15:00 | 23 Feb 15:00 | 24 Nov 15:00 | 25 Aug 15:00 | 26 Dec 15:00 | 27 Apr 15:00 | 27 Oct 15:00 | 28 Nov 20:00 | 29 Dec 15:00 | 29 Jan 19:45 | 29 Sep 15:00 | 30 Mar 15:00
James McCarthy,,38,3374,3,105,1 2 3 4 5 6 7 8 9 10 11 12 13 14 15 16 17 18 19 20 21 22 23 24 25 26 27 28 30 31 32 33 34 35 36 37 38,01 Jan 15:00 | 01 Sep 15:00 | 02 Feb 15:00 | 02 Mar 17:30 | 03 Dec 20:00 | 03 Nov 15:00 | 06 Oct 15:00 | 07 Apr 16:10 | 07 May 19:45 | 08 Dec 15:00 | 09 Feb 15:00 | 10 Nov 15:00 | 11 April 19:45 | 12 Jan 15:00 | 14 May 19:45 | 15 Dec 15:00 | 15 Sep 15:00 | 17 Apr 19:45 | 17 Mar 16:00 | 17 Nov 15:00 | 19 Aug 13:30 | 19 Jan 15:00 | 19 May 16:00 | 20 Apr 15:00 | 20 Oct 15:00 | 22 Dec 12:45 | 22 Sep 15:00 | 23 Feb 15:00 | 24 Nov 15:00 | 25 Aug 15:00 | 26 Dec 15:00 | 27 Apr 15:00 | 27 Oct 15:00 | 28 Nov 20:00 | 29 Dec 15:00 | 29 Jan 19:45 | 29 Sep 15:00 | 30 Mar 15:00
James McClean,,39,2433,3,95,1 3 4 5 6 7 8 9 10 11 12 13 14 15 16 17 18 19 20 21 22 23 24 25 26 27 28 29 30 31 32 33 34 35 36 37 38,01 Sep 15:00 | 02 Dec 16:00 | 02 Feb 15:00 | 02 Jan 19:45 | 02 Mar 15:00 | 03 Nov 15:00 | 04 March 12:00 | 06 May 20:00 | 06 Oct 12:45 | 07 Apr 15:00 | 09 April 15:00 | 09 Feb 15:00 | 09 Mar 15:00 | 10 Nov 15:00 | 11 Dec 19:45 | 12 Jan 15:00 | 12 May 15:00 | 14 Apr 12:00 | 15 Dec 15:00 | 15 Sep 17:30 | 17 Mar 13:30 | 18 Aug 15:00 | 18 Nov 16:00 | 19 Jan 15:00 | 19 May 16:00 | 20 Apr 15:00 | 21 Oct 13:30 | 22 Dec 15:00 | 22 Sep 15:00 | 23 Feb 15:00 | 24 Nov 12:45 | 26 Dec 15:00 | 27 Nov 19:45 | 27 Oct 15:00 | 29 Apr 20:00 | 29 Dec 12:45 | 29 Jan 19:45 | 29 Sep 15:00 | 30 Mar 12:45
James McFadden,,29,38,0,3,11 12 13 14 15 16 17 18 19 20 21 22 23 24 25 26 27 28 29 30 31 32 33 34 35 36 37 38,02 Dec 16:00 | 02 Feb 15:00 | 02 Jan 19:45 | 02 Mar 15:00 | 06 May 20:00 | 07 Apr 15:00 | 09 Feb 15:00 | 09 Mar 15:00 | 10 Nov 15:00 | 11 Dec 19:45 | 12 Jan 15:00 | 12 May 15:00 | 14 Apr 12:00 | 15 Dec 15:00 | 17 Mar 13:30 | 18 Nov 16:00 | 19 Jan 15:00 | 19 May 16:00 | 20 Apr 15:00 | 21 March 20:00 | 22 Dec 15:00 | 23 Feb 15:00 | 24 Nov 12:45 | 26 Dec 15:00 | 27 Nov 19:45 | 29 Apr 20:00 | 29 Dec 12:45 | 29 Jan 19:45 | 30 Mar 12:45
James Milner,,38,1634,4,93,1 2 3 4 5 6 7 8 9 10 11 12 13 14 15 16 17 18 19 20 21 22 23 24 25 26 27 28 29 30 31 32 33 34 35 36 37 38,01 Dec 15:00 | 01 Jan 15:00 | 01 Sep 17:30 | 03 Feb 16:00 | 03 Nov 17:30 | 04 Mar 20:00 | 06 Oct 12:45 | 07 May 19:45 | 08 Apr 20:00 | 09 Dec 13:30 | 09 Feb 17:30 | 11 Nov 13:30 | 13 Jan 16:00 | 14 May 20:00 | 15 Dec 12:45 | 15 Sep 15:00 | 16 Mar 12:45 | 17 Apr 19:45 | 17 Nov 15:00 | 19 Aug 16:00 | 19 Jan 15:00 | 19 May 16:00 | 20 Oct 15:00 | 21 Apr 13:30 | 21 March 19:45 | 22 Dec 15:00 | 23 Sep 16:00 | 24 Feb 13:30 | 25 Nov 16:00 | 26 Aug 16:00 | 26 Dec 15:00 | 27 Apr 12:45 | 27 Oct 17:30 | 28 Nov 20:00 | 29 Dec 15:00 | 29 Jan 19:45 | 29 Sep 15:00 | 30 Mar 15:00
James Morrison,,39,2901,8,135,1 2 3 4 5 6 7 8 9 10 11 12 13 14 15 16 17 18 19 20 21 22 23 24 25 26 27 28 29 30 31 32 33 34 35 36 37 38,01 Dec 15:00 | 01 Jan 12:45 | 01 Sep 15:00 | 02 Mar 15:00 | 03 Feb 13:30 | 03 March 15:00 | 05 Nov 20:00 | 06 Apr 15:00 | 06 Oct 15:00 | 07 May 19:45 | 08 Dec 15:00 | 09 Mar 15:00 | 10 Nov 15:00 | 11 April 19:45 | 11 Feb 20:00 | 12 Jan 15:00 | 12 May 15:00 | 15 Sep 15:00 | 16 Dec 16:00 | 16 Mar 15:00 | 17 Nov 15:00 | 18 Aug 15:00 | 19 Jan 17:30 | 19 May 16:00 | 20 Apr 15:00 | 20 Oct 15:00 | 22 Dec 15:00 | 22 Sep 15:00 | 23 Feb 15:00 | 24 Nov 12:45 | 25 Aug 15:00 | 26 Dec 15:00 | 27 Apr 15:00 | 28 Nov 19:45 | 28 Oct 15:00 | 29 Dec 15:00 | 30 Jan 19:45 | 30 Mar 15:00 | 30 Sep 16:00
James Perch,,38,1821,0,37,1 2 3 4 5 6 7 8 9 10 11 12 13 14 15 16 17 18 19 20 21 22 23 24 25 26 27 28 29 30 31 32 33 34 35 36 37 38,02 Feb 15:00 | 02 Jan 20:00 | 02 Mar 15:00 | 02 Sep 16:00 | 03 Dec 20:00 | 04 May 15:00 | 04 Nov 16:00 | 07 Apr 15:00 | 07 Oct 16:00 | 09 Feb 12:45 | 10 Dec 20:00 | 10 Mar 15:00 | 11 Nov 15:00 | 12 Jan 15:00 | 12 May 15:00 | 14 Apr 12:00 | 15 Dec 12:45 | 17 Mar 16:00 | 17 Nov 15:00 | 17 Sep 20:00 | 18 Aug 17:30 | 19 Jan 15:00 | 19 May 16:00 | 20 Apr 15:00 | 21 Oct 13:30 | 22 Dec 15:00 | 23 Sep 15:00 | 24 Feb 13:30 | 25 Aug 17:30 | 25 Nov 15:00 | 26 Dec 15:00 | 27 Apr 17:30 | 28 Nov 19:45 | 28 Oct 15:00 | 29 Dec 17:30 | 29 Jan 19:45 | 29 Sep 15:00 | 30 Mar 15:00
James Tavernier,,38,38,0,1,1 2 3 4 5 6 7 8 9 10 11 12 13 14 15 16 17 18 19 20 21 22 23 24 25 26 27 28 29 30 31 32 33 34 35 36 37 38,02 Feb 15:00 | 02 Jan 20:00 | 02 Mar 15:00 | 02 Sep 16:00 | 03 Dec 20:00 | 04 May 15:00 | 04 Nov 16:00 | 07 Apr 15:00 | 07 Oct 16:00 | 09 Feb 12:45 | 10 Dec 20:00 | 10 Mar 15:00 | 11 Nov 15:00 | 12 Jan 15:00 | 12 May 15:00 | 14 Apr 12:00 | 15 Dec 12:45 | 17 Mar 16:00 | 17 Nov 15:00 | 17 Sep 20:00 | 18 Aug 17:30 | 19 Jan 15:00 | 19 May 16:00 | 20 Apr 15:00 | 21 Oct 13:30 | 22 Dec 15:00 | 23 Sep 15:00 | 24 Feb 13:30 | 25 Aug 17:30 | 25 Nov 15:00 | 26 Dec 15:00 | 27 Apr 17:30 | 28 Nov 19:45 | 28 Oct 15:00 | 29 Dec 17:30 | 29 Jan 19:45 | 29 Sep 15:00 | 30 Mar 15:00
James Tomkins,,36,1582,1,46,1 2 3 4 5 6 7 8 9 10 11 12 13 14 15 16 17 18 20 21 22 23 24 25 26 27 28 30 31 32 33 34 35 36 37 38,01 Dec 12:45 | 01 Jan 15:00 | 01 Oct 20:00 | 01 Sep 12:45 | 02 Feb 15:00 | 02 Mar 15:00 | 03 Nov 17:30 | 04 May 15:00 | 06 Oct 17:30 | 07 Apr 13:30 | 09 Dec 16:00 | 10 Feb 13:30 | 11 Nov 15:00 | 12 Jan 15:00 | 12 May 15:00 | 15 Sep 12:45 | 16 Dec 16:00 | 17 Apr 19:45 | 17 Mar 16:00 | 18 Aug 15:00 | 19 May 16:00 | 19 Nov 20:00 | 20 Apr 15:00 | 20 Oct 15:00 | 22 Dec 15:00 | 22 Sep 15:00 | 23 Jan 19:45 | 25 Aug 12:45 | 25 Feb 20:00 | 25 Nov 16:00 | 27 Apr 12:45 | 27 Oct 15:00 | 28 Nov 20:00 | 29 Dec 15:00 | 30 Jan 20:00 | 30 Mar 15:00
James Vaughan,,38,0,0,0,1 2 3 4 5 6 7 8 9 10 11 12 13 14 15 16 17 18 19 20 21 22 23 24 25 26 27 28 29 30 31 32 33 34 35 36 37 38,01 Jan 15:00 | 01 Sep 15:00 | 02 Dec 16:00 | 02 Feb 12:45 | 02 Mar 15:00 | 03 Nov 15:00 | 04 May 15:00 | 06 Apr 15:00 | 06 Oct 15:00 | 08 Dec 15:00 | 09 Feb 15:00 | 09 Mar 15:00 | 10 Nov 15:00 | 12 Jan 15:00 | 12 May 15:00 | 13 Apr 15:00 | 15 Dec 15:00 | 15 Sep 12:45 | 17 Mar 13:30 | 17 Nov 17:30 | 18 Aug 15:00 | 19 Jan 15:00 | 19 May 16:00 | 20 Apr 15:00 | 20 Oct 17:30 | 22 Dec 15:00 | 23 Feb 15:00 | 23 Sep 15:00 | 24 Nov 15:00 | 25 Aug 15:00 | 26 Dec 15:00 | 27 Apr 15:00 | 27 Oct 12:45 | 28 Nov 19:45 | 29 Dec 15:00 | 29 Sep 15:00 | 30 Jan 19:45 | 30 Mar 15:00
James Ward-Prowse,,37,493,1,22,1 2 3 4 5 6 7 8 9 10 11 12 13 14 15 16 18 19 20 21 22 23 24 25 26 27 28 29 30 31 32 33 34 35 36 37 38,01 Dec 15:00 | 01 Jan 17:30 | 02 Feb 15:00 | 02 Mar 15:00 | 02 Sep 16:00 | 04 May 15:00 | 05 Nov 20:00 | 06 Apr 12:45 | 07 Oct 13:30 | 08 Dec 15:00 | 09 Feb 17:30 | 09 Mar 15:00 | 10 Nov 15:00 | 12 May 15:00 | 13 Apr 15:00 | 15 Sep 15:00 | 16 Jan 19:45 | 16 Mar 15:00 | 17 Nov 15:00 | 19 Aug 16:00 | 19 May 16:00 | 20 Apr 15:00 | 20 Oct 15:00 | 21 Jan 20:00 | 22 Dec 15:00 | 22 Sep 15:00 | 24 Feb 13:30 | 25 Aug 15:00 | 25 Nov 15:00 | 26 Dec 15:00 | 27 Apr 15:00 | 28 Nov 19:45 | 28 Oct 15:00 | 29 Dec 15:00 | 29 Sep 15:00 | 30 Jan 20:00 | 30 Mar 15:00
Jamie Carragher,,38,1535,1,65,1 2 3 4 5 6 7 8 9 10 11 12 13 14 15 16 17 18 19 20 21 22 23 24 25 26 27 28 29 30 31 32 33 34 35 36 37 38,01 Dec 15:00 | 02 Jan 19:45 | 02 Mar 17:30 | 02 Sep 13:30 | 03 Feb 16:00 | 03 March 12:45 | 04 Nov 16:00 | 05 May 13:30 | 07 Apr 13:30 | 07 Oct 15:00 | 09 Dec 16:00 | 10 Mar 16:00 | 11 Nov 16:00 | 12 May 15:00 | 13 Apr 15:00 | 13 Jan 13:30 | 15 Dec 15:00 | 15 Sep 17:30 | 16 Mar 15:00 | 17 Feb 15:00 | 17 Nov 15:00 | 18 Aug 15:00 | 19 Jan 15:00 | 19 May 16:00 | 20 Oct 15:00 | 21 Apr 16:00 | 22 Dec 17:30 | 23 Sep 13:30 | 25 Nov 13:30 | 26 Aug 16:00 | 26 Dec 19:45 | 27 Apr 17:30 | 28 Nov 19:45 | 28 Oct 13:30 | 29 Sep 15:00 | 30 Dec 16:00 | 30 Jan 19:45 | 31 Mar 13:30
Jamie Mackie,,38,1713,1,56,1 2 3 4 5 6 7 8 9 10 11 12 13 14 15 16 17 18 19 20 21 22 23 24 25 26 27 28 29 30 31 32 33 34 35 36 37 38,01 Apr 20:00 | 01 Dec 15:00 | 01 Oct 20:00 | 01 Sep 17:30 | 02 Feb 12:45 | 02 Jan 19:45 | 02 Mar 15:00 | 04 May 17:30 | 04 Nov 13:30 | 06 Oct 15:00 | 07 Apr 16:10 | 08 Dec 15:00 | 09 Feb 15:00 | 09 Mar 15:00 | 10 Nov 15:00 | 12 Jan 12:45 | 12 May 15:00 | 13 Apr 15:00 | 15 Dec 15:00 | 15 Sep 15:00 | 16 Mar 15:00 | 17 Nov 15:00 | 18 Aug 15:00 | 19 Jan 15:00 | 19 May 16:00 | 20 Apr 15:00 | 21 Oct 16:00 | 22 Dec 15:00 | 23 Feb 15:00 | 23 Sep 16:00 | 24 Nov 15:00 | 25 Aug 15:00 | 26 Dec 15:00 | 27 Nov 19:45 | 27 Oct 15:00 | 28 Apr 13:30 | 29 Jan 19:45 | 30 Dec 16:00
Jamie Ness,,38,0,0,0,1 2 3 4 5 6 7 8 9 10 11 12 13 14 15 16 17 18 19 20 21 22 23 24 25 26 27 28 29 30 31 32 33 34 35 36 37 38,01 Dec 15:00 | 01 Jan 15:00 | 01 Sep 15:00 | 02 Feb 15:00 | 02 Mar 15:00 | 03 Nov 15:00 | 06 Apr 15:00 | 06 May 20:00 | 07 Oct 15:00 | 08 Dec 15:00 | 09 Feb 15:00 | 10 Mar 15:00 | 10 Nov 15:00 | 12 Jan 15:00 | 12 May 13:30 | 14 Apr 14:05 | 15 Dec 15:00 | 15 Sep 15:00 | 16 Mar 15:00 | 18 Aug 15:00 | 19 Jan 15:00 | 19 May 16:00 | 19 Nov 20:00 | 20 Apr 15:00 | 20 Oct 15:00 | 22 Dec 15:00 | 22 Sep 15:00 | 23 Feb 12:45 | 24 Nov 15:00 | 26 Aug 13:30 | 26 Dec 19:45 | 27 Apr 15:00 | 27 Oct 15:00 | 28 Nov 19:45 | 29 Dec 15:00 | 29 Jan 19:45 | 29 Sep 15:00 | 30 Mar 17:30
Jamie O'Hara,,1,0,0,0,33,11 April 19:45
Jamie Proctor,,35,0,0,0,2 3 4 5 6 7 8 9 10 11 12 13 14 15 16 17 18 19 20 21 22 23 24 25 26 28 29 30 31 32 34 35 36 37 38,01 Dec 15:00 | 01 Jan 15:00 | 01 Sep 15:00 | 02 Feb 15:00 | 02 Mar 15:00 | 03 Nov 15:00 | 06 Apr 15:00 | 06 Oct 15:00 | 07 May 19:45 | 08 Dec 15:00 | 09 Mar 15:00 | 10 Nov 15:00 | 12 Jan 15:00 | 12 May 16:00 | 15 Sep 15:00 | 16 Dec 13:30 | 16 Mar 15:00 | 17 Feb 15:00 | 17 Nov 15:00 | 19 Jan 15:00 | 19 May 16:00 | 20 Apr 15:00 | 20 Oct 15:00 | 22 Sep 12:45 | 23 Dec 13:30 | 25 Aug 12:45 | 25 Nov 13:30 | 26 Dec 15:00 | 27 Oct 17:30 | 28 Apr 15:00 | 28 Nov 19:45 | 29 Dec 15:00 | 29 Jan 19:45 | 29 Sep 15:00 | 30 Mar 15:00
Jan Mucha,,38,180,0,12,1 2 3 4 5 6 7 8 9 10 11 12 13 14 15 16 17 18 19 20 21 22 23 24 25 26 27 28 29 30 31 32 33 34 35 36 37 38,01 Dec 15:00 | 01 Sep 15:00 | 02 Feb 15:00 | 02 Jan 20:00 | 02 Mar 15:00 | 03 Nov 15:00 | 05 May 13:30 | 06 Oct 15:00 | 07 Apr 14:05 | 09 Dec 15:00 | 10 Feb 16:00 | 10 Nov 15:00 | 12 Jan 15:00 | 12 May 15:00 | 15 Dec 15:00 | 16 Apr 19:45 | 16 Mar 12:45 | 17 Nov 15:00 | 17 Sep 20:00 | 19 May 16:00 | 20 Apr 15:00 | 20 Aug 20:00 | 21 Jan 20:00 | 21 March 20:00 | 21 Oct 16:00 | 22 Dec 15:00 | 22 Sep 12:45 | 23 Feb 15:00 | 24 Nov 15:00 | 25 Aug 15:00 | 26 Dec 15:00 | 27 Apr 15:00 | 28 Nov 19:45 | 28 Oct 13:30 | 29 Sep 15:00 | 30 Dec 13:30 | 30 Jan 19:45 | 30 Mar 17:30
Jan Vertonghen,,37,2970,3,129,1 2 3 4 5 6 7 8 9 10 11 12 13 14 15 16 17 18 19 20 21 22 23 24 25 26 27 28 29 30 31 32 34 35 36 37 38,01 Dec 15:00 | 01 Jan 15:00 | 01 Sep 15:00 | 03 Feb 13:30 | 03 Mar 16:00 | 03 Nov 15:00 | 07 Apr 14:05 | 07 Oct 15:00 | 08 May 19:45 | 09 Dec 15:00 | 09 Feb 12:45 | 10 Mar 16:00 | 11 Nov 13:30 | 12 Jan 12:45 | 12 May 13:30 | 16 Dec 13:30 | 16 Sep 16:00 | 17 Mar 15:00 | 17 Nov 12:45 | 18 Aug 17:30 | 19 May 16:00 | 20 Jan 16:00 | 20 Oct 12:45 | 21 Apr 13:30 | 22 Dec 15:00 | 23 Sep 16:00 | 25 Aug 15:00 | 25 Feb 20:00 | 25 Nov 16:00 | 26 Dec 17:30 | 27 Apr 15:00 | 28 Nov 19:45 | 28 Oct 15:00 | 29 Dec 12:45 | 29 Sep 17:30 | 30 Jan 19:45 | 30 Mar 15:00
Jason Puncheon,,39,1976,6,107,1 2 3 4 5 6 7 8 9 10 11 12 13 14 15 16 18 19 20 21 22 23 24 25 26 27 28 29 30 31 32 33 34 35 36 37 38,01 Dec 15:00 | 01 Jan 17:30 | 02 Feb 15:00 | 02 Mar 15:00 | 02 Sep 16:00 | 03 March 15:00 | 04 May 15:00 | 05 Nov 20:00 | 06 Apr 12:45 | 07 Oct 13:30 | 08 Dec 15:00 | 09 Feb 17:30 | 09 Mar 15:00 | 10 Nov 15:00 | 11 April 20:00 | 12 May 15:00 | 13 Apr 15:00 | 15 Sep 15:00 | 16 Jan 19:45 | 16 Mar 15:00 | 17 Nov 15:00 | 19 Aug 16:00 | 19 May 16:00 | 20 Apr 15:00 | 20 Oct 15:00 | 21 Jan 20:00 | 22 Dec 15:00 | 22 Sep 15:00 | 24 Feb 13:30 | 25 Aug 15:00 | 25 Nov 15:00 | 26 Dec 15:00 | 27 Apr 15:00 | 28 Nov 19:45 | 28 Oct 15:00 | 29 Dec 15:00 | 29 Sep 15:00 | 30 Jan 20:00 | 30 Mar 15:00
Jason Roberts,,39,686,1,20,1 3 4 5 6 7 8 9 10 11 12 13 14 15 16 17 18 19 20 21 22 23 24 25 26 27 28 29 30 31 32 33 34 35 36 37 38,01 Dec 17:30 | 01 Jan 15:00 | 02 Feb 15:00 | 02 Mar 15:00 | 04 May 15:00 | 04 Nov 13:30 | 06 Apr 12:45 | 06 Oct 15:00 | 09 Feb 15:00 | 09 Mar 15:00 | 10 Nov 15:00 | 11 Dec 19:45 | 12 Jan 15:00 | 13 Apr 15:00 | 14 May 20:00 | 16 Mar 17:30 | 16 Sep 16:00 | 17 Dec 20:00 | 17 Nov 15:00 | 19 Jan 15:00 | 19 May 16:00 | 20 Apr 15:00 | 20 Dec. 20:00 | 20 March 20:00 | 20 Oct 15:00 | 22 Aug 19:45 | 22 Dec 15:00 | 22 Sep 15:00 | 23 Feb 15:00 | 24 Nov 15:00 | 26 Dec 15:00 | 27 Aug. 15:00 | 27 Nov 20:00 | 27 Oct 15:00 | 28 Apr 13:30 | 29 Dec 15:00 | 29 Sep 15:00 | 30 Jan 20:00 | 30 Mar 15:00
Javier Garrido,,38,3038,2,103,1 2 3 4 5 6 7 8 9 10 11 12 13 14 15 16 17 18 19 20 21 22 23 24 25 26 27 28 29 30 31 32 33 34 35 36 37 38,01 Jan 15:00 | 01 Sep 15:00 | 02 Dec 16:00 | 02 Feb 12:45 | 02 Mar 15:00 | 03 Nov 15:00 | 04 May 15:00 | 06 Apr 15:00 | 06 Oct 15:00 | 08 Dec 15:00 | 09 Feb 15:00 | 09 Mar 15:00 | 10 Nov 15:00 | 12 Jan 15:00 | 12 May 15:00 | 13 Apr 15:00 | 15 Dec 15:00 | 15 Sep 12:45 | 17 Mar 13:30 | 17 Nov 17:30 | 18 Aug 15:00 | 19 Jan 15:00 | 19 May 16:00 | 20 Apr 15:00 | 20 Oct 17:30 | 22 Dec 15:00 | 23 Feb 15:00 | 23 Sep 15:00 | 24 Nov 15:00 | 25 Aug 15:00 | 26 Dec 15:00 | 27 Apr 15:00 | 27 Oct 12:45 | 28 Nov 19:45 | 29 Dec 15:00 | 29 Sep 15:00 | 30 Jan 19:45 | 30 Mar 15:00
Javier Hernandez,,37,877,5,90,1 2 3 4 5 6 7 8 9 10 11 12 13 14 15 16 17 18 19 20 21 22 23 24 25 26 27 28 30 31 32 33 34 35 36 37 38,01 Dec 17:30 | 01 Jan 15:00 | 02 Feb 17:30 | 02 Mar 15:00 | 02 Sep 16:00 | 03 Nov 12:45 | 05 May 16:00 | 07 Oct 16:00 | 08 Apr 20:00 | 09 Dec 13:30 | 10 Feb 16:00 | 10 Nov 17:30 | 12 May 16:00 | 13 Jan 13:30 | 15 Dec 15:00 | 15 Sep 15:00 | 16 Mar 17:30 | 17 Apr 19:45 | 17 Nov 17:30 | 19 May 16:00 | 20 Aug 20:00 | 20 Jan 16:00 | 20 Oct 15:00 | 22 Apr 20:00 | 23 Dec 13:30 | 23 Feb 15:00 | 23 Sep 13:30 | 24 Nov 15:00 | 25 Aug 15:00 | 26 Dec 15:00 | 28 Apr 16:00 | 28 Nov 20:00 | 28 Oct 16:00 | 29 Dec 15:00 | 29 Sep 17:30 | 30 Jan 20:00 | 30 Mar 12:45
Jay Bothroyd,,40,292,0,14,1 2 3 4 5 6 7 8 9 10 11 12 13 14 15 16 17 18 19 20 21 22 23 24 25 26 27 28 29 30 31 32 33 34 35 36 37 38,01 Apr 20:00 | 01 Dec 15:00 | 01 Oct 20:00 | 01 Sep 17:30 | 02 Feb 12:45 | 02 Jan 19:45 | 02 Mar 15:00 | 04 May 17:30 | 04 Nov 13:30 | 06 Oct 15:00 | 07 Apr 16:10 | 08 Dec 15:00 | 09 Feb 15:00 | 09 Mar 15:00 | 10 Nov 15:00 | 12 Jan 12:45 | 12 May 15:00 | 13 Apr 15:00 | 15 Dec 15:00 | 15 Sep 15:00 | 16 Mar 15:00 | 17 Nov 15:00 | 18 Aug 15:00 | 19 Jan 15:00 | 19 May 16:00 | 20 Apr 15:00 | 20 Aug. 15:00 | 21 Oct 16:00 | 22 Dec 15:00 | 23 Feb 15:00 | 23 Sep 16:00 | 24 Nov 15:00 | 25 Aug 15:00 | 26 Dec 15:00 | 27 Aug. 12:30 | 27 Nov 19:45 | 27 Oct 15:00 | 28 Apr 13:30 | 29 Jan 19:45 | 30 Dec 16:00
Jay Rodriguez,,37,2090,7,103,1 2 3 4 5 6 7 8 9 10 11 12 13 14 15 16 18 19 20 21 22 23 24 25 26 27 28 29 30 31 32 33 34 35 36 37 38,01 Dec 15:00 | 01 Jan 17:30 | 02 Feb 15:00 | 02 Mar 15:00 | 02 Sep 16:00 | 04 May 15:00 | 05 Nov 20:00 | 06 Apr 12:45 | 07 Oct 13:30 | 08 Dec 15:00 | 09 Feb 17:30 | 09 Mar 15:00 | 10 Nov 15:00 | 12 May 15:00 | 13 Apr 15:00 | 15 Sep 15:00 | 16 Jan 19:45 | 16 Mar 15:00 | 17 Nov 15:00 | 19 Aug 16:00 | 19 May 16:00 | 20 Apr 15:00 | 20 Oct 15:00 | 21 Jan 20:00 | 22 Dec 15:00 | 22 Sep 15:00 | 24 Feb 13:30 | 25 Aug 15:00 | 25 Nov 15:00 | 26 Dec 15:00 | 27 Apr 15:00 | 28 Nov 19:45 | 28 Oct 15:00 | 29 Dec 15:00 | 29 Sep 15:00 | 30 Jan 20:00 | 30 Mar 15:00
Jay Spearing,,38,90,0,2,1 2 3 4 5 6 7 8 9 10 11 12 13 14 15 16 17 18 19 20 21 22 23 24 25 26 27 28 29 30 31 32 33 34 35 36 37 38,01 Dec 15:00 | 02 Jan 19:45 | 02 Mar 17:30 | 02 Sep 13:30 | 03 Feb 16:00 | 03 March 12:45 | 04 Nov 16:00 | 05 May 13:30 | 07 Apr 13:30 | 07 Oct 15:00 | 09 Dec 16:00 | 10 Mar 16:00 | 11 Nov 16:00 | 12 May 15:00 | 13 Apr 15:00 | 13 Jan 13:30 | 15 Dec 15:00 | 15 Sep 17:30 | 16 Mar 15:00 | 17 Feb 15:00 | 17 Nov 15:00 | 18 Aug 15:00 | 19 Jan 15:00 | 19 May 16:00 | 20 Oct 15:00 | 21 Apr 16:00 | 22 Dec 17:30 | 23 Sep 13:30 | 25 Nov 13:30 | 26 Aug 16:00 | 26 Dec 19:45 | 27 Apr 17:30 | 28 Nov 19:45 | 28 Oct 13:30 | 29 Sep 15:00 | 30 Dec 16:00 | 30 Jan 19:45 | 31 Mar 13:30
Jay Tabb,,36,948,1,24,1 4 5 6 7 8 9 10 11 12 13 14 15 16 17 18 19 20 21 22 23 24 25 26 27 28 29 30 31 32 33 34 35 36 37 38,01 Dec 17:30 | 01 Jan 15:00 | 02 Feb 15:00 | 02 Mar 15:00 | 04 May 15:00 | 04 Nov 13:30 | 06 Apr 12:45 | 06 Oct 15:00 | 09 Feb 15:00 | 09 Mar 15:00 | 10 Nov 15:00 | 11 Dec 19:45 | 12 Jan 15:00 | 13 Apr 15:00 | 14 May 20:00 | 16 Mar 17:30 | 16 Sep 16:00 | 17 Dec 20:00 | 17 Nov 15:00 | 19 Jan 15:00 | 19 May 16:00 | 20 Apr 15:00 | 20 Oct 15:00 | 22 Aug 19:45 | 22 Dec 15:00 | 22 Sep 15:00 | 23 Feb 15:00 | 24 Nov 15:00 | 26 Dec 15:00 | 27 Nov 20:00 | 27 Oct 15:00 | 28 Apr 13:30 | 29 Dec 15:00 | 29 Sep 15:00 | 30 Jan 20:00 | 30 Mar 15:00
Jean Beausejour,,38,2794,8,106,1 2 3 4 5 6 7 8 9 10 11 12 13 14 15 16 17 18 19 20 21 22 23 24 25 26 27 28 29 30 31 32 33 34 35 36 37 38,01 Jan 15:00 | 01 Sep 15:00 | 02 Feb 15:00 | 02 Mar 17:30 | 03 Dec 20:00 | 03 Nov 15:00 | 06 Oct 15:00 | 07 Apr 16:10 | 07 May 19:45 | 08 Dec 15:00 | 09 Feb 15:00 | 10 Nov 15:00 | 12 Jan 15:00 | 14 May 19:45 | 15 Dec 15:00 | 15 Sep 15:00 | 17 Apr 19:45 | 17 Mar 16:00 | 17 March 15:00 | 17 Nov 15:00 | 19 Aug 13:30 | 19 Jan 15:00 | 19 May 16:00 | 20 Apr 15:00 | 20 Oct 15:00 | 22 Dec 12:45 | 22 Sep 15:00 | 23 Feb 15:00 | 24 Nov 15:00 | 25 Aug 15:00 | 26 Dec 15:00 | 27 Apr 15:00 | 27 Oct 15:00 | 28 Nov 20:00 | 29 Dec 15:00 | 29 Jan 19:45 | 29 Sep 15:00 | 30 Mar 15:00
Jean Makoun,,12,0,0,0,1 2 3 4 5 6 7 8 9 10 20 30,02 Sep 16:00 | 03 Nov 15:00 | 07 Oct 15:00 | 15 Sep 15:00 | 16 Mar 15:00 | 18 Aug 15:00 | 20 Oct 15:00 | 22 Sep 15:00 | 25 Aug 15:00 | 27 Oct 12:45 | 29 Dec 15:00 | 30 Sep 16:00
Jed Steer,,38,0,0,0,1 2 3 4 5 6 7 8 9 10 11 12 13 14 15 16 17 18 19 20 21 22 23 24 25 26 27 28 29 30 31 32 33 34 35 36 37 38,01 Jan 15:00 | 01 Sep 15:00 | 02 Dec 16:00 | 02 Feb 12:45 | 02 Mar 15:00 | 03 Nov 15:00 | 04 May 15:00 | 06 Apr 15:00 | 06 Oct 15:00 | 08 Dec 15:00 | 09 Feb 15:00 | 09 Mar 15:00 | 10 Nov 15:00 | 12 Jan 15:00 | 12 May 15:00 | 13 Apr 15:00 | 15 Dec 15:00 | 15 Sep 12:45 | 17 Mar 13:30 | 17 Nov 17:30 | 18 Aug 15:00 | 19 Jan 15:00 | 19 May 16:00 | 20 Apr 15:00 | 20 Oct 17:30 | 22 Dec 15:00 | 23 Feb 15:00 | 23 Sep 15:00 | 24 Nov 15:00 | 25 Aug 15:00 | 26 Dec 15:00 | 27 Apr 15:00 | 27 Oct 12:45 | 28 Nov 19:45 | 29 Dec 15:00 | 29 Sep 15:00 | 30 Jan 19:45 | 30 Mar 15:00
Jem Karacan,,36,1596,1,53,1 4 5 6 7 8 9 10 11 12 13 14 15 16 17 18 19 20 21 22 23 24 25 26 27 28 29 30 31 32 33 34 35 36 37 38,01 Dec 17:30 | 01 Jan 15:00 | 02 Feb 15:00 | 02 Mar 15:00 | 04 May 15:00 | 04 Nov 13:30 | 06 Apr 12:45 | 06 Oct 15:00 | 09 Feb 15:00 | 09 Mar 15:00 | 10 Nov 15:00 | 11 Dec 19:45 | 12 Jan 15:00 | 13 Apr 15:00 | 14 May 20:00 | 16 Mar 17:30 | 16 Sep 16:00 | 17 Dec 20:00 | 17 Nov 15:00 | 19 Jan 15:00 | 19 May 16:00 | 20 Apr 15:00 | 20 Oct 15:00 | 22 Aug 19:45 | 22 Dec 15:00 | 22 Sep 15:00 | 23 Feb 15:00 | 24 Nov 15:00 | 26 Dec 15:00 | 27 Nov 20:00 | 27 Oct 15:00 | 28 Apr 13:30 | 29 Dec 15:00 | 29 Sep 15:00 | 30 Jan 20:00 | 30 Mar 15:00
Jermain Defoe,,37,2321,5,122,1 2 3 4 5 6 7 8 9 10 11 12 13 14 15 16 17 18 19 20 21 22 23 24 25 26 27 28 29 30 31 32 34 35 36 37 38,01 Dec 15:00 | 01 Jan 15:00 | 01 Sep 15:00 | 03 Feb 13:30 | 03 Mar 16:00 | 03 Nov 15:00 | 07 Apr 14:05 | 07 Oct 15:00 | 08 May 19:45 | 09 Dec 15:00 | 09 Feb 12:45 | 10 Mar 16:00 | 11 Nov 13:30 | 12 Jan 12:45 | 12 May 13:30 | 16 Dec 13:30 | 16 Sep 16:00 | 17 Mar 15:00 | 17 Nov 12:45 | 18 Aug 17:30 | 19 May 16:00 | 20 Jan 16:00 | 20 Oct 12:45 | 21 Apr 13:30 | 22 Dec 15:00 | 23 Sep 16:00 | 25 Aug 15:00 | 25 Feb 20:00 | 25 Nov 16:00 | 26 Dec 17:30 | 27 Apr 15:00 | 28 Nov 19:45 | 28 Oct 15:00 | 29 Dec 12:45 | 29 Sep 17:30 | 30 Jan 19:45 | 30 Mar 15:00
Jermaine Beckford,,1,0,0,0,29,21 March 20:00
Jermaine Jenas,,38,828,0,32,1 2 3 4 5 6 7 8 9 10 11 12 13 14 15 16 17 18 19 20 21 22 23 24 25 26 27 28 29 30 31 32 33 34 35 36 37 38,01 Apr 20:00 | 01 Dec 15:00 | 01 Jan 15:00 | 01 Sep 15:00 | 02 Feb 12:45 | 02 Mar 15:00 | 03 Nov 15:00 | 04 May 17:30 | 07 Apr 16:10 | 07 Oct 15:00 | 09 Dec 15:00 | 09 Feb 15:00 | 09 Mar 15:00 | 11 Nov 13:30 | 12 Jan 12:45 | 12 May 15:00 | 13 Apr 15:00 | 16 Dec 13:30 | 16 Mar 15:00 | 16 Sep 16:00 | 17 Nov 12:45 | 18 Aug 17:30 | 19 May 16:00 | 20 Apr 15:00 | 20 Jan 16:00 | 20 Oct 12:45 | 22 Dec 15:00 | 23 Feb 15:00 | 23 Sep 16:00 | 25 Aug 15:00 | 25 Nov 16:00 | 26 Dec 17:30 | 28 Apr 13:30 | 28 Nov 19:45 | 28 Oct 15:00 | 29 Dec 12:45 | 29 Sep 17:30 | 30 Jan 19:45
Jermaine Pennant,,38,64,0,3,1 2 3 4 5 6 7 8 9 10 11 12 13 14 15 16 17 18 19 20 21 22 23 24 25 26 27 28 29 30 31 32 33 34 35 36 37 38,01 Dec 15:00 | 01 Jan 15:00 | 01 Sep 15:00 | 02 Feb 15:00 | 02 Mar 15:00 | 03 Nov 15:00 | 06 Apr 15:00 | 06 May 20:00 | 07 Oct 15:00 | 08 Dec 15:00 | 09 Feb 15:00 | 10 Mar 15:00 | 10 Nov 15:00 | 12 Jan 15:00 | 12 May 13:30 | 14 Apr 14:05 | 15 Dec 15:00 | 15 Sep 15:00 | 16 Mar 15:00 | 18 Aug 15:00 | 19 Jan 15:00 | 19 May 16:00 | 19 Nov 20:00 | 20 Apr 15:00 | 20 Oct 15:00 | 22 Dec 15:00 | 22 Sep 15:00 | 23 Feb 12:45 | 24 Nov 15:00 | 26 Aug 13:30 | 26 Dec 19:45 | 27 Apr 15:00 | 27 Oct 15:00 | 28 Nov 19:45 | 29 Dec 15:00 | 29 Jan 19:45 | 29 Sep 15:00 | 30 Mar 17:30
Jerome Boateng,,1,0,0,0,29,21 March 19:45
Jerome Thomas,,39,443,0,17,1 2 3 4 5 6 7 8 9 10 11 12 13 14 15 16 17 18 19 20 21 22 23 24 25 26 27 28 29 30 31 32 33 34 35 36 37 38,01 Dec 15:00 | 01 Jan 12:45 | 01 Sep 15:00 | 02 Mar 15:00 | 03 Feb 13:30 | 03 March 15:00 | 05 Nov 20:00 | 06 Apr 15:00 | 06 Oct 15:00 | 07 May 19:45 | 08 Dec 15:00 | 09 Mar 15:00 | 10 Nov 15:00 | 11 April 19:45 | 11 Feb 20:00 | 12 Jan 15:00 | 12 May 15:00 | 15 Sep 15:00 | 16 Dec 16:00 | 16 Mar 15:00 | 17 Nov 15:00 | 18 Aug 15:00 | 19 Jan 17:30 | 19 May 16:00 | 20 Apr 15:00 | 20 Oct 15:00 | 22 Dec 15:00 | 22 Sep 15:00 | 23 Feb 15:00 | 24 Nov 12:45 | 25 Aug 15:00 | 26 Dec 15:00 | 27 Apr 15:00 | 28 Nov 19:45 | 28 Oct 15:00 | 29 Dec 15:00 | 30 Jan 19:45 | 30 Mar 15:00 | 30 Sep 16:00
Jesse Lingard,,37,0,0,0,1 2 3 4 5 6 7 8 9 10 11 12 13 14 15 16 17 18 19 20 21 22 23 24 25 26 27 28 30 31 32 33 34 35 36 37 38,01 Dec 17:30 | 01 Jan 15:00 | 02 Feb 17:30 | 02 Mar 15:00 | 02 Sep 16:00 | 03 Nov 12:45 | 05 May 16:00 | 07 Oct 16:00 | 08 Apr 20:00 | 09 Dec 13:30 | 10 Feb 16:00 | 10 Nov 17:30 | 12 May 16:00 | 13 Jan 13:30 | 15 Dec 15:00 | 15 Sep 15:00 | 16 Mar 17:30 | 17 Apr 19:45 | 17 Nov 17:30 | 19 May 16:00 | 20 Aug 20:00 | 20 Jan 16:00 | 20 Oct 15:00 | 22 Apr 20:00 | 23 Dec 13:30 | 23 Feb 15:00 | 23 Sep 13:30 | 24 Nov 15:00 | 25 Aug 15:00 | 26 Dec 15:00 | 28 Apr 16:00 | 28 Nov 20:00 | 28 Oct 16:00 | 29 Dec 15:00 | 29 Sep 17:30 | 30 Jan 20:00 | 30 Mar 12:45
Jessie Lingard,,2,0,0,0,27 33,04 March 16:10 | 11 April 19:45
Ji-Sung Park,,39,1341,3,44,1 2 3 4 5 6 7 8 9 10 11 12 13 14 15 16 17 18 19 20 21 22 23 24 25 26 27 28 29 30 31 32 33 34 35 36 37 38,01 Apr 20:00 | 01 Dec 15:00 | 01 Oct 20:00 | 01 Sep 17:30 | 02 Feb 12:45 | 02 Jan 19:45 | 02 Mar 15:00 | 04 May 17:30 | 04 Nov 13:30 | 06 Oct 15:00 | 07 Apr 16:10 | 08 Dec 15:00 | 09 Feb 15:00 | 09 Mar 15:00 | 10 Nov 15:00 | 12 Jan 12:45 | 12 May 15:00 | 13 Apr 15:00 | 15 Dec 15:00 | 15 Sep 15:00 | 16 Mar 15:00 | 17 Nov 15:00 | 18 Aug 15:00 | 18 March 13:30 | 19 Jan 15:00 | 19 May 16:00 | 20 Apr 15:00 | 21 Oct 16:00 | 22 Dec 15:00 | 23 Feb 15:00 | 23 Sep 16:00 | 24 Nov 15:00 | 25 Aug 15:00 | 26 Dec 15:00 | 27 Nov 19:45 | 27 Oct 15:00 | 28 Apr 13:30 | 29 Jan 19:45 | 30 Dec 16:00
Jimmy Kebe,,36,1332,2,72,1 4 5 6 7 8 9 10 11 12 13 14 15 16 17 18 19 20 21 22 23 24 25 26 27 28 29 30 31 32 33 34 35 36 37 38,01 Dec 17:30 | 01 Jan 15:00 | 02 Feb 15:00 | 02 Mar 15:00 | 04 May 15:00 | 04 Nov 13:30 | 06 Apr 12:45 | 06 Oct 15:00 | 09 Feb 15:00 | 09 Mar 15:00 | 10 Nov 15:00 | 11 Dec 19:45 | 12 Jan 15:00 | 13 Apr 15:00 | 14 May 20:00 | 16 Mar 17:30 | 16 Sep 16:00 | 17 Dec 20:00 | 17 Nov 15:00 | 19 Jan 15:00 | 19 May 16:00 | 20 Apr 15:00 | 20 Oct 15:00 | 22 Aug 19:45 | 22 Dec 15:00 | 22 Sep 15:00 | 23 Feb 15:00 | 24 Nov 15:00 | 26 Dec 15:00 | 27 Nov 20:00 | 27 Oct 15:00 | 28 Apr 13:30 | 29 Dec 15:00 | 29 Sep 15:00 | 30 Jan 20:00 | 30 Mar 15:00
Joao Alves Jo,,1,0,0,0,29,21 March 19:45
Jobi McAnuff,,36,3086,9,101,1 4 5 6 7 8 9 10 11 12 13 14 15 16 17 18 19 20 21 22 23 24 25 26 27 28 29 30 31 32 33 34 35 36 37 38,01 Dec 17:30 | 01 Jan 15:00 | 02 Feb 15:00 | 02 Mar 15:00 | 04 May 15:00 | 04 Nov 13:30 | 06 Apr 12:45 | 06 Oct 15:00 | 09 Feb 15:00 | 09 Mar 15:00 | 10 Nov 15:00 | 11 Dec 19:45 | 12 Jan 15:00 | 13 Apr 15:00 | 14 May 20:00 | 16 Mar 17:30 | 16 Sep 16:00 | 17 Dec 20:00 | 17 Nov 15:00 | 19 Jan 15:00 | 19 May 16:00 | 20 Apr 15:00 | 20 Oct 15:00 | 22 Aug 19:45 | 22 Dec 15:00 | 22 Sep 15:00 | 23 Feb 15:00 | 24 Nov 15:00 | 26 Dec 15:00 | 27 Nov 20:00 | 27 Oct 15:00 | 28 Apr 13:30 | 29 Dec 15:00 | 29 Sep 15:00 | 30 Jan 20:00 | 30 Mar 15:00
Jody Craddock,,1,0,0,0,33,11 April 19:45
Joe Allen,,37,1920,0,52,1 2 3 4 5 6 7 8 9 10 11 12 13 14 15 16 17 18 19 20 21 22 23 24 25 26 28 29 30 31 32 33 34 35 36 37 38,01 Dec 15:00 | 02 Jan 19:45 | 02 Mar 17:30 | 02 Sep 13:30 | 03 Feb 16:00 | 04 Nov 16:00 | 05 May 13:30 | 07 Apr 13:30 | 07 Oct 15:00 | 09 Dec 16:00 | 10 Mar 16:00 | 11 Nov 16:00 | 12 May 15:00 | 13 Apr 15:00 | 13 Jan 13:30 | 15 Dec 15:00 | 15 Sep 17:30 | 16 Mar 15:00 | 17 Feb 15:00 | 17 Nov 15:00 | 18 Aug 15:00 | 19 Jan 15:00 | 19 May 16:00 | 20 Oct 15:00 | 21 Apr 16:00 | 22 Dec 17:30 | 23 Sep 13:30 | 25 Nov 13:30 | 26 Aug 16:00 | 26 Dec 19:45 | 27 Apr 17:30 | 28 Nov 19:45 | 28 Oct 13:30 | 29 Sep 15:00 | 30 Dec 16:00 | 30 Jan 19:45 | 31 Mar 13:30
Joe Bennett,,36,1856,2,28,3 4 5 6 7 8 9 10 11 12 13 14 15 16 17 18 19 20 21 22 23 24 25 26 27 28 29 30 31 32 33 34 35 36 37 38,01 Dec 15:00 | 01 Jan 15:00 | 02 Feb 15:00 | 02 Sep 16:00 | 03 Nov 15:00 | 04 Mar 20:00 | 04 May 15:00 | 06 Apr 15:00 | 07 Oct 15:00 | 08 Dec 15:00 | 09 Mar 15:00 | 10 Feb 13:30 | 10 Nov 17:30 | 11 May 12:45 | 12 Jan 15:00 | 13 Apr 15:00 | 15 Dec 15:00 | 15 Sep 15:00 | 16 Mar 15:00 | 17 Nov 15:00 | 19 Jan 17:30 | 19 May 16:00 | 20 Oct 15:00 | 22 Apr 20:00 | 22 Sep 15:00 | 23 Dec 16:00 | 23 Feb 15:00 | 24 Nov 17:30 | 26 Dec 17:30 | 27 Nov 20:00 | 27 Oct 12:45 | 29 Apr 20:00 | 29 Dec 15:00 | 29 Jan 19:45 | 30 Sep 16:00 | 31 Mar 13:30
Joe Cole,,38,702,1,35,1 2 3 4 5 6 7 8 9 10 11 12 13 14 15 16 17 18 19 20 21 22 23 24 25 26 27 28 29 30 31 32 33 34 35 36 37 38,01 Dec 15:00 | 02 Feb 15:00 | 02 Jan 19:45 | 02 Mar 15:00 | 02 Sep 13:30 | 04 May 15:00 | 04 Nov 16:00 | 07 Apr 13:30 | 07 Oct 15:00 | 09 Dec 16:00 | 10 Feb 13:30 | 11 Nov 16:00 | 12 Jan 15:00 | 12 May 15:00 | 15 Dec 15:00 | 15 Sep 17:30 | 17 Apr 19:45 | 17 Mar 16:00 | 17 Nov 15:00 | 18 Aug 15:00 | 19 May 16:00 | 20 Apr 15:00 | 20 Oct 15:00 | 21 March 20:00 | 22 Dec 17:30 | 23 Jan 19:45 | 23 Sep 13:30 | 25 Feb 20:00 | 25 Nov 13:30 | 26 Aug 16:00 | 26 Dec 19:45 | 27 Apr 12:45 | 28 Nov 19:45 | 28 Oct 13:30 | 29 Sep 15:00 | 30 Dec 16:00 | 30 Jan 20:00 | 30 Mar 15:00
Joe Hart,,38,3420,0,154,1 2 3 4 5 6 7 8 9 10 11 12 13 14 15 16 17 18 19 20 21 22 23 24 25 26 27 28 29 30 31 32 33 34 35 36 37 38,01 Dec 15:00 | 01 Jan 15:00 | 01 Sep 17:30 | 03 Feb 16:00 | 03 Nov 17:30 | 04 Mar 20:00 | 06 Oct 12:45 | 07 May 19:45 | 08 Apr 20:00 | 09 Dec 13:30 | 09 Feb 17:30 | 11 Nov 13:30 | 13 Jan 16:00 | 14 May 20:00 | 15 Dec 12:45 | 15 Sep 15:00 | 16 Mar 12:45 | 17 Apr 19:45 | 17 Nov 15:00 | 19 Aug 16:00 | 19 Jan 15:00 | 19 May 16:00 | 20 Oct 15:00 | 21 Apr 13:30 | 21 March 19:45 | 22 Dec 15:00 | 23 Sep 16:00 | 24 Feb 13:30 | 25 Nov 16:00 | 26 Aug 16:00 | 26 Dec 15:00 | 27 Apr 12:45 | 27 Oct 17:30 | 28 Nov 20:00 | 29 Dec 15:00 | 29 Jan 19:45 | 29 Sep 15:00 | 30 Mar 15:00
Joe Mattock,,1,0,0,0,29,17 March 15:00
Joel Robles,,15,720,0,20,23 24 25 26 27 28 30 31 32 33 34 35 36 37 38,02 Feb 15:00 | 02 Mar 17:30 | 07 Apr 16:10 | 07 May 19:45 | 09 Feb 15:00 | 14 May 19:45 | 17 Apr 19:45 | 17 Mar 16:00 | 19 Jan 15:00 | 19 May 16:00 | 20 Apr 15:00 | 23 Feb 15:00 | 27 Apr 15:00 | 29 Jan 19:45 | 30 Mar 15:00
Joey Barton,,38,0,0,0,1 2 3 4 5 6 7 8 9 10 11 12 13 14 15 16 17 18 19 20 21 22 23 24 25 26 27 28 29 30 31 32 33 34 35 36 37 38,01 Apr 20:00 | 01 Dec 15:00 | 01 Oct 20:00 | 01 Sep 17:30 | 02 Feb 12:45 | 02 Jan 19:45 | 02 Mar 15:00 | 04 May 17:30 | 04 Nov 13:30 | 06 Oct 15:00 | 07 Apr 16:10 | 08 Dec 15:00 | 09 Feb 15:00 | 09 Mar 15:00 | 10 Nov 15:00 | 12 Jan 12:45 | 12 May 15:00 | 13 Apr 15:00 | 15 Dec 15:00 | 15 Sep 15:00 | 16 Mar 15:00 | 17 Nov 15:00 | 18 Aug 15:00 | 19 Jan 15:00 | 19 May 16:00 | 20 Apr 15:00 | 21 Oct 16:00 | 22 Dec 15:00 | 23 Feb 15:00 | 23 Sep 16:00 | 24 Nov 15:00 | 25 Aug 15:00 | 26 Dec 15:00 | 27 Nov 19:45 | 27 Oct 15:00 | 28 Apr 13:30 | 29 Jan 19:45 | 30 Dec 16:00
Joey O'Brien,,36,2537,4,119,1 2 3 4 5 6 7 8 9 10 11 12 13 14 15 16 17 18 20 21 22 23 24 25 26 27 28 30 31 32 33 34 35 36 37 38,01 Dec 12:45 | 01 Jan 15:00 | 01 Oct 20:00 | 01 Sep 12:45 | 02 Feb 15:00 | 02 Mar 15:00 | 03 Nov 17:30 | 04 May 15:00 | 06 Oct 17:30 | 07 Apr 13:30 | 09 Dec 16:00 | 10 Feb 13:30 | 11 Nov 15:00 | 12 Jan 15:00 | 12 May 15:00 | 15 Sep 12:45 | 16 Dec 16:00 | 17 Apr 19:45 | 17 Mar 16:00 | 18 Aug 15:00 | 19 May 16:00 | 19 Nov 20:00 | 20 Apr 15:00 | 20 Oct 15:00 | 22 Dec 15:00 | 22 Sep 15:00 | 23 Jan 19:45 | 25 Aug 12:45 | 25 Feb 20:00 | 25 Nov 16:00 | 27 Apr 12:45 | 27 Oct 15:00 | 28 Nov 20:00 | 29 Dec 15:00 | 30 Jan 20:00 | 30 Mar 15:00
Johan Djourou,,13,0,0,0,1 2 3 4 5 6 7 8 9 10 20 30 33,02 Sep 13:30 | 03 Nov 12:45 | 06 Oct 17:30 | 15 Sep 15:00 | 16 Apr 19:45 | 16 Mar 15:00 | 18 Aug 15:00 | 20 Oct 17:30 | 23 Sep 16:00 | 26 Aug 13:30 | 27 Oct 15:00 | 29 Dec 17:30 | 29 Sep 12:45
John Arne Riise,,38,2618,5,100,1 2 3 4 5 6 7 8 9 10 11 12 13 14 15 16 17 18 19 20 21 22 23 24 25 26 27 28 30 31 32 33 34 35 36 37 38,01 Apr 20:00 | 01 Dec 15:00 | 01 Jan 12:45 | 01 Sep 12:45 | 02 Feb 17:30 | 02 Mar 15:00 | 03 Nov 15:00 | 04 March 14:05 | 04 May 15:00 | 07 Apr 15:00 | 07 Oct 13:30 | 09 Feb 15:00 | 10 Dec 20:00 | 10 Nov 15:00 | 12 Jan 15:00 | 12 May 15:00 | 15 Dec 15:00 | 15 Sep 15:00 | 17 Apr 20:00 | 17 Mar 15:00 | 18 Aug 15:00 | 18 Nov 16:00 | 19 Jan 15:00 | 19 May 16:00 | 20 Apr 15:00 | 20 Oct 15:00 | 22 Dec 17:30 | 22 Sep 15:00 | 23 Feb 12:45 | 24 Nov 15:00 | 25 Aug 15:00 | 26 Dec 15:00 | 27 Apr 15:00 | 27 Oct 15:00 | 28 Nov 19:45 | 29 Dec 15:00 | 29 Sep 15:00 | 30 Jan 20:00
John O'Shea,,38,2992,4,115,1 3 4 5 6 7 8 9 10 11 12 13 14 15 16 17 18 19 20 21 22 23 24 25 26 27 28 29 30 31 32 33 34 35 36 37 38,01 Sep 15:00 | 02 Dec 16:00 | 02 Feb 15:00 | 02 Jan 19:45 | 02 Mar 15:00 | 03 Nov 15:00 | 06 May 20:00 | 06 Oct 12:45 | 07 Apr 15:00 | 09 Feb 15:00 | 09 Mar 15:00 | 10 Nov 15:00 | 11 Dec 19:45 | 12 Jan 15:00 | 12 May 15:00 | 14 Apr 12:00 | 15 Dec 15:00 | 15 Sep 17:30 | 17 Mar 13:30 | 18 Aug 15:00 | 18 Nov 16:00 | 19 Jan 15:00 | 19 May 16:00 | 20 Apr 15:00 | 21 Dec. 20:00 | 21 Oct 13:30 | 22 Dec 15:00 | 22 Sep 15:00 | 23 Feb 15:00 | 24 Nov 12:45 | 26 Dec 15:00 | 27 Nov 19:45 | 27 Oct 15:00 | 29 Apr 20:00 | 29 Dec 12:45 | 29 Jan 19:45 | 29 Sep 15:00 | 30 Mar 12:45
John Ruddy,,38,1341,0,67,1 2 3 4 5 6 7 8 9 10 11 12 13 14 15 16 17 18 19 20 21 22 23 24 25 26 27 28 29 30 31 32 33 34 35 36 37 38,01 Jan 15:00 | 01 Sep 15:00 | 02 Dec 16:00 | 02 Feb 12:45 | 02 Mar 15:00 | 03 Nov 15:00 | 04 May 15:00 | 06 Apr 15:00 | 06 Oct 15:00 | 08 Dec 15:00 | 09 Feb 15:00 | 09 Mar 15:00 | 10 Nov 15:00 | 12 Jan 15:00 | 12 May 15:00 | 13 Apr 15:00 | 15 Dec 15:00 | 15 Sep 12:45 | 17 Mar 13:30 | 17 Nov 17:30 | 18 Aug 15:00 | 19 Jan 15:00 | 19 May 16:00 | 20 Apr 15:00 | 20 Oct 17:30 | 22 Dec 15:00 | 23 Feb 15:00 | 23 Sep 15:00 | 24 Nov 15:00 | 25 Aug 15:00 | 26 Dec 15:00 | 27 Apr 15:00 | 27 Oct 12:45 | 28 Nov 19:45 | 29 Dec 15:00 | 29 Sep 15:00 | 30 Jan 19:45 | 30 Mar 15:00
John Stones,,13,0,0,0,25 26 27 28 30 31 32 33 34 35 36 37 38,02 Feb 15:00 | 02 Mar 15:00 | 05 May 13:30 | 07 Apr 14:05 | 10 Feb 16:00 | 12 May 15:00 | 16 Apr 19:45 | 16 Mar 12:45 | 19 May 16:00 | 20 Apr 15:00 | 23 Feb 15:00 | 27 Apr 15:00 | 30 Mar 17:30
John Terry,,36,848,0,59,1 2 4 5 6 7 8 9 10 11 12 13 14 15 16 18 19 20 21 22 23 24 25 26 27 28 29 30 31 32 33 34 35 36 37 38,01 Dec 12:45 | 02 Feb 15:00 | 02 Jan 19:45 | 02 Mar 15:00 | 03 Nov 15:00 | 06 Oct 15:00 | 07 Apr 15:00 | 08 Dec 15:00 | 08 May 19:45 | 09 Feb 15:00 | 11 May 12:45 | 11 Nov 16:00 | 15 Sep 15:00 | 16 Jan 19:45 | 17 Apr 20:00 | 17 Mar 16:00 | 17 Nov 15:00 | 19 May 16:00 | 20 Jan 13:30 | 20 Oct 12:45 | 21 Apr 16:00 | 21 March 19:45 | 22 Aug 19:45 | 22 Sep 15:00 | 23 Dec 16:00 | 24 Feb 13:30 | 25 Aug 17:30 | 25 Nov 16:00 | 26 Dec 15:00 | 28 Apr 15:00 | 28 Nov 19:45 | 28 Oct 16:00 | 29 Sep 12:45 | 30 Dec 13:30 | 30 Jan 20:00 | 30 Mar 15:00
Johnny Heitinga,,38,1696,0,49,1 2 3 4 5 6 7 8 9 10 11 12 13 14 15 16 17 18 19 20 21 22 23 24 25 26 27 28 29 30 31 32 33 34 35 36 37 38,01 Dec 15:00 | 01 Sep 15:00 | 02 Feb 15:00 | 02 Jan 20:00 | 02 Mar 15:00 | 03 Nov 15:00 | 05 May 13:30 | 06 Oct 15:00 | 07 Apr 14:05 | 09 Dec 15:00 | 10 Feb 16:00 | 10 Nov 15:00 | 12 Jan 15:00 | 12 May 15:00 | 15 Dec 15:00 | 16 Apr 19:45 | 16 Mar 12:45 | 17 Nov 15:00 | 17 Sep 20:00 | 19 May 16:00 | 20 Apr 15:00 | 20 Aug 20:00 | 21 Jan 20:00 | 21 March 20:00 | 21 Oct 16:00 | 22 Dec 15:00 | 22 Sep 12:45 | 23 Feb 15:00 | 24 Nov 15:00 | 25 Aug 15:00 | 26 Dec 15:00 | 27 Apr 15:00 | 28 Nov 19:45 | 28 Oct 13:30 | 29 Sep 15:00 | 30 Dec 13:30 | 30 Jan 19:45 | 30 Mar 17:30
Joleon Lescott,,38,1551,0,77,1 2 3 4 5 6 7 8 9 10 11 12 13 14 15 16 17 18 19 20 21 22 23 24 25 26 27 28 29 30 31 32 33 34 35 36 37 38,01 Dec 15:00 | 01 Jan 15:00 | 01 Sep 17:30 | 03 Feb 16:00 | 03 Nov 17:30 | 04 Mar 20:00 | 06 Oct 12:45 | 07 May 19:45 | 08 Apr 20:00 | 09 Dec 13:30 | 09 Feb 17:30 | 11 Nov 13:30 | 13 Jan 16:00 | 14 May 20:00 | 15 Dec 12:45 | 15 Sep 15:00 | 16 Mar 12:45 | 17 Apr 19:45 | 17 Nov 15:00 | 19 Aug 16:00 | 19 Jan 15:00 | 19 May 16:00 | 20 Oct 15:00 | 21 Apr 13:30 | 21 March 19:45 | 22 Dec 15:00 | 23 Sep 16:00 | 24 Feb 13:30 | 25 Nov 16:00 | 26 Aug 16:00 | 26 Dec 15:00 | 27 Apr 12:45 | 27 Oct 17:30 | 28 Nov 20:00 | 29 Dec 15:00 | 29 Jan 19:45 | 29 Sep 15:00 | 30 Mar 15:00
Jon Flanagan,,38,0,0,0,1 2 3 4 5 6 7 8 9 10 11 12 13 14 15 16 17 18 19 20 21 22 23 24 25 26 27 28 29 30 31 32 33 34 35 36 37 38,01 Dec 15:00 | 02 Jan 19:45 | 02 Mar 17:30 | 02 Sep 13:30 | 03 Feb 16:00 | 03 March 12:45 | 04 Nov 16:00 | 05 May 13:30 | 07 Apr 13:30 | 07 Oct 15:00 | 09 Dec 16:00 | 10 Mar 16:00 | 11 Nov 16:00 | 12 May 15:00 | 13 Apr 15:00 | 13 Jan 13:30 | 15 Dec 15:00 | 15 Sep 17:30 | 16 Mar 15:00 | 17 Feb 15:00 | 17 Nov 15:00 | 18 Aug 15:00 | 19 Jan 15:00 | 19 May 16:00 | 20 Oct 15:00 | 21 Apr 16:00 | 22 Dec 17:30 | 23 Sep 13:30 | 25 Nov 13:30 | 26 Aug 16:00 | 26 Dec 19:45 | 27 Apr 17:30 | 28 Nov 19:45 | 28 Oct 13:30 | 29 Sep 15:00 | 30 Dec 16:00 | 30 Jan 19:45 | 31 Mar 13:30
Jonas Gutierrez,,39,2980,3,84,1 2 3 4 5 6 7 8 9 10 11 12 13 14 15 16 17 18 19 20 21 22 23 24 25 26 27 28 29 30 31 32 33 34 35 36 37 38,02 Feb 15:00 | 02 Jan 20:00 | 02 Mar 15:00 | 02 Sep 16:00 | 03 Dec 20:00 | 04 May 15:00 | 04 Nov 16:00 | 07 Apr 15:00 | 07 Oct 16:00 | 09 Feb 12:45 | 10 Dec 20:00 | 10 Mar 15:00 | 11 Nov 15:00 | 12 Jan 15:00 | 12 May 15:00 | 14 Apr 12:00 | 15 Dec 12:45 | 17 Mar 16:00 | 17 Nov 15:00 | 17 Sep 20:00 | 18 Aug 17:30 | 18 March 16:00 | 19 Jan 15:00 | 19 May 16:00 | 20 Apr 15:00 | 21 Oct 13:30 | 22 Dec 15:00 | 23 Sep 15:00 | 24 Feb 13:30 | 25 Aug 17:30 | 25 Nov 15:00 | 26 Dec 15:00 | 27 Apr 17:30 | 28 Nov 19:45 | 28 Oct 15:00 | 29 Dec 17:30 | 29 Jan 19:45 | 29 Sep 15:00 | 30 Mar 15:00
Jonas Olsson,,39,3330,1,92,1 2 3 4 5 6 7 8 9 10 11 12 13 14 15 16 17 18 19 20 21 22 23 24 25 26 27 28 29 30 31 32 33 34 35 36 37 38,01 Dec 15:00 | 01 Jan 12:45 | 01 Sep 15:00 | 02 Mar 15:00 | 03 Feb 13:30 | 03 March 15:00 | 05 Nov 20:00 | 06 Apr 15:00 | 06 Oct 15:00 | 07 May 19:45 | 08 Dec 15:00 | 09 Mar 15:00 | 10 Nov 15:00 | 11 April 19:45 | 11 Feb 20:00 | 12 Jan 15:00 | 12 May 15:00 | 15 Sep 15:00 | 16 Dec 16:00 | 16 Mar 15:00 | 17 Nov 15:00 | 18 Aug 15:00 | 19 Jan 17:30 | 19 May 16:00 | 20 Apr 15:00 | 20 Oct 15:00 | 22 Dec 15:00 | 22 Sep 15:00 | 23 Feb 15:00 | 24 Nov 12:45 | 25 Aug 15:00 | 26 Dec 15:00 | 27 Apr 15:00 | 28 Nov 19:45 | 28 Oct 15:00 | 29 Dec 15:00 | 30 Jan 19:45 | 30 Mar 15:00 | 30 Sep 16:00
Jonathan De Guzman,,36,2668,7,122,1 2 3 4 5 6 7 8 9 10 11 12 13 14 15 16 17 18 19 20 21 22 23 24 25 26 28 29 30 31 32 34 35 36 37 38,01 Dec 15:00 | 01 Jan 15:00 | 01 Sep 15:00 | 02 Feb 15:00 | 02 Mar 15:00 | 03 Nov 15:00 | 06 Apr 15:00 | 06 Oct 15:00 | 07 May 19:45 | 08 Dec 15:00 | 09 Mar 15:00 | 10 Nov 15:00 | 12 Jan 15:00 | 12 May 16:00 | 15 Sep 15:00 | 16 Dec 13:30 | 16 Mar 15:00 | 17 Feb 15:00 | 17 Nov 15:00 | 18 Aug 15:00 | 19 Jan 15:00 | 19 May 16:00 | 20 Apr 15:00 | 20 Oct 15:00 | 22 Sep 12:45 | 23 Dec 13:30 | 25 Aug 12:45 | 25 Nov 13:30 | 26 Dec 15:00 | 27 Oct 17:30 | 28 Apr 15:00 | 28 Nov 19:45 | 29 Dec 15:00 | 29 Jan 19:45 | 29 Sep 15:00 | 30 Mar 15:00
Jonathan Evans J,,1,73,0,13,29,18 March 13:30
Jonathan Greening,,1,0,0,0,27,04 March 14:05
Jonathan Howson,,39,2122,1,72,1 2 3 4 5 6 7 8 9 10 11 12 13 14 15 16 17 18 19 20 21 22 23 24 25 26 27 28 29 30 31 32 33 34 35 36 37 38,01 Jan 15:00 | 01 Sep 15:00 | 02 Dec 16:00 | 02 Feb 12:45 | 02 Mar 15:00 | 03 Nov 15:00 | 04 May 15:00 | 06 Apr 15:00 | 06 Oct 15:00 | 08 Dec 15:00 | 09 Feb 15:00 | 09 Mar 15:00 | 10 Nov 15:00 | 12 Jan 15:00 | 12 May 15:00 | 13 Apr 15:00 | 15 Dec 15:00 | 15 Sep 12:45 | 17 Mar 13:30 | 17 Nov 17:30 | 18 Aug 15:00 | 18 March 16:00 | 19 Jan 15:00 | 19 May 16:00 | 20 Apr 15:00 | 20 Oct 17:30 | 22 Dec 15:00 | 23 Feb 15:00 | 23 Sep 15:00 | 24 Nov 15:00 | 25 Aug 15:00 | 26 Dec 15:00 | 27 Apr 15:00 | 27 Oct 12:45 | 28 Nov 19:45 | 29 Dec 15:00 | 29 Sep 15:00 | 30 Jan 19:45 | 30 Mar 15:00
Jonathan Walters,,40,3483,4,147,1 2 3 4 5 6 7 8 9 10 11 12 13 14 15 16 17 18 19 20 21 22 23 24 25 26 27 28 29 30 31 32 33 34 35 36 37 38,01 Dec 15:00 | 01 Jan 15:00 | 01 Sep 15:00 | 02 Feb 15:00 | 02 Mar 15:00 | 03 Nov 15:00 | 06 Apr 15:00 | 06 May 20:00 | 07 Oct 15:00 | 08 Dec 15:00 | 09 Feb 15:00 | 10 Mar 15:00 | 10 Nov 15:00 | 12 Jan 15:00 | 12 May 13:30 | 14 Apr 14:05 | 15 Dec 15:00 | 15 Sep 15:00 | 16 Mar 15:00 | 18 Aug 15:00 | 19 Jan 15:00 | 19 May 16:00 | 19 Nov 20:00 | 20 Apr 15:00 | 20 Oct 15:00 | 21 Aug. 13:30 | 22 Dec 15:00 | 22 Sep 15:00 | 23 Feb 12:45 | 24 Nov 15:00 | 26 Aug 13:30 | 26 Dec 19:45 | 27 Apr 15:00 | 27 Oct 15:00 | 28 Aug. 15:00 | 28 Nov 19:45 | 29 Dec 15:00 | 29 Jan 19:45 | 29 Sep 15:00 | 30 Mar 17:30
Jonathan Woodgate,,2,166,0,7,2 3,21 Aug. 13:30 | 28 Aug. 15:00
Jonjo Shelvey,,39,864,0,21,1 2 3 4 5 6 7 8 9 10 11 12 13 14 15 16 17 18 19 20 21 22 23 24 25 26 28 29 30 31 32 33 34 35 36 37 38,01 Dec 15:00 | 02 Jan 19:45 | 02 Mar 17:30 | 02 Sep 13:30 | 03 Feb 16:00 | 04 Nov 16:00 | 05 May 13:30 | 07 Apr 13:30 | 07 Oct 15:00 | 09 Dec 16:00 | 10 Mar 16:00 | 11 Nov 16:00 | 12 May 15:00 | 13 Apr 15:00 | 13 Jan 13:30 | 15 Dec 15:00 | 15 Sep 17:30 | 16 Mar 15:00 | 17 Feb 15:00 | 17 Nov 15:00 | 18 Aug 15:00 | 19 Jan 15:00 | 19 May 16:00 | 20 Oct 15:00 | 21 Apr 16:00 | 21 March 20:00 | 22 Dec 17:30 | 23 Sep 13:30 | 25 Nov 13:30 | 26 Aug 16:00 | 26 Dec 19:45 | 27 Apr 17:30 | 28 Nov 19:45 | 28 Oct 13:30 | 29 Sep 15:00 | 30 Dec 16:00 | 30 Dec. 19:45 | 30 Jan 19:45 | 31 Mar 13:30
Jonny Evans J,,37,1902,2,99,1 2 3 4 5 6 7 8 9 10 11 12 13 14 15 16 17 18 19 20 21 22 23 24 25 26 27 28 30 31 32 33 34 35 36 37 38,01 Dec 17:30 | 01 Jan 15:00 | 02 Feb 17:30 | 02 Mar 15:00 | 02 Sep 16:00 | 03 Nov 12:45 | 05 May 16:00 | 07 Oct 16:00 | 08 Apr 20:00 | 09 Dec 13:30 | 10 Feb 16:00 | 10 Nov 17:30 | 12 May 16:00 | 13 Jan 13:30 | 15 Dec 15:00 | 15 Sep 15:00 | 16 Mar 17:30 | 17 Apr 19:45 | 17 Nov 17:30 | 19 May 16:00 | 20 Aug 20:00 | 20 Jan 16:00 | 20 Oct 15:00 | 22 Apr 20:00 | 23 Dec 13:30 | 23 Feb 15:00 | 23 Sep 13:30 | 24 Nov 15:00 | 25 Aug 15:00 | 26 Dec 15:00 | 28 Apr 16:00 | 28 Nov 20:00 | 28 Oct 16:00 | 29 Dec 15:00 | 29 Sep 17:30 | 30 Jan 20:00 | 30 Mar 12:45
Jordan Bowery,,36,302,0,13,3 4 5 6 7 8 9 10 11 12 13 14 15 16 17 18 19 20 21 22 23 24 25 26 27 28 29 30 31 32 33 34 35 36 37 38,01 Dec 15:00 | 01 Jan 15:00 | 02 Feb 15:00 | 02 Sep 16:00 | 03 Nov 15:00 | 04 Mar 20:00 | 04 May 15:00 | 06 Apr 15:00 | 07 Oct 15:00 | 08 Dec 15:00 | 09 Mar 15:00 | 10 Feb 13:30 | 10 Nov 17:30 | 11 May 12:45 | 12 Jan 15:00 | 13 Apr 15:00 | 15 Dec 15:00 | 15 Sep 15:00 | 16 Mar 15:00 | 17 Nov 15:00 | 19 Jan 17:30 | 19 May 16:00 | 20 Oct 15:00 | 22 Apr 20:00 | 22 Sep 15:00 | 23 Dec 16:00 | 23 Feb 15:00 | 24 Nov 17:30 | 26 Dec 17:30 | 27 Nov 20:00 | 27 Oct 12:45 | 29 Apr 20:00 | 29 Dec 15:00 | 29 Jan 19:45 | 30 Sep 16:00 | 31 Mar 13:30
Jordan Cook,,1,0,0,0,17,21 Dec. 20:00
Jordan Henderson,,38,1521,4,95,1 2 3 4 5 6 7 8 9 10 11 12 13 14 15 16 17 18 19 20 21 22 23 24 25 26 28 29 30 31 32 33 34 35 36 37 38,01 Dec 15:00 | 02 Jan 19:45 | 02 Mar 17:30 | 02 Sep 13:30 | 03 Feb 16:00 | 04 Nov 16:00 | 05 May 13:30 | 07 Apr 13:30 | 07 Oct 15:00 | 09 Dec 16:00 | 10 Mar 16:00 | 11 Nov 16:00 | 12 May 15:00 | 13 Apr 15:00 | 13 Jan 13:30 | 15 Dec 15:00 | 15 Sep 17:30 | 16 Mar 15:00 | 17 Feb 15:00 | 17 Nov 15:00 | 18 Aug 15:00 | 19 Jan 15:00 | 19 May 16:00 | 20 Oct 15:00 | 21 Apr 16:00 | 21 March 20:00 | 22 Dec 17:30 | 23 Sep 13:30 | 25 Nov 13:30 | 26 Aug 16:00 | 26 Dec 19:45 | 27 Apr 17:30 | 28 Nov 19:45 | 28 Oct 13:30 | 29 Sep 15:00 | 30 Dec 16:00 | 30 Jan 19:45 | 31 Mar 13:30
Jordan Mustoe,,14,0,0,0,24 25 26 27 28 30 31 32 33 34 35 36 37 38,02 Feb 15:00 | 02 Mar 17:30 | 07 Apr 16:10 | 07 May 19:45 | 09 Feb 15:00 | 14 May 19:45 | 17 Apr 19:45 | 17 Mar 16:00 | 19 May 16:00 | 20 Apr 15:00 | 23 Feb 15:00 | 27 Apr 15:00 | 29 Jan 19:45 | 30 Mar 15:00
Jordan Obita,,36,0,0,0,1 4 5 6 7 8 9 10 11 12 13 14 15 16 17 18 19 20 21 22 23 24 25 26 27 28 29 30 31 32 33 34 35 36 37 38,01 Dec 17:30 | 01 Jan 15:00 | 02 Feb 15:00 | 02 Mar 15:00 | 04 May 15:00 | 04 Nov 13:30 | 06 Apr 12:45 | 06 Oct 15:00 | 09 Feb 15:00 | 09 Mar 15:00 | 10 Nov 15:00 | 11 Dec 19:45 | 12 Jan 15:00 | 13 Apr 15:00 | 14 May 20:00 | 16 Mar 17:30 | 16 Sep 16:00 | 17 Dec 20:00 | 17 Nov 15:00 | 19 Jan 15:00 | 19 May 16:00 | 20 Apr 15:00 | 20 Oct 15:00 | 22 Aug 19:45 | 22 Dec 15:00 | 22 Sep 15:00 | 23 Feb 15:00 | 24 Nov 15:00 | 26 Dec 15:00 | 27 Nov 20:00 | 27 Oct 15:00 | 28 Apr 13:30 | 29 Dec 15:00 | 29 Sep 15:00 | 30 Jan 20:00 | 30 Mar 15:00
Jordan Slew,,1,0,0,0,17,20 Dec. 20:00
Jordan Spence,,29,26,0,4,8 9 10 11 12 13 14 15 16 17 18 20 21 22 23 24 25 26 27 28 30 31 32 33 34 35 36 37 38,01 Dec 12:45 | 01 Jan 15:00 | 02 Feb 15:00 | 02 Mar 15:00 | 03 Nov 17:30 | 04 May 15:00 | 07 Apr 13:30 | 09 Dec 16:00 | 10 Feb 13:30 | 11 Nov 15:00 | 12 Jan 15:00 | 12 May 15:00 | 16 Dec 16:00 | 17 Apr 19:45 | 17 Mar 16:00 | 19 May 16:00 | 19 Nov 20:00 | 20 Apr 15:00 | 20 Oct 15:00 | 22 Dec 15:00 | 23 Jan 19:45 | 25 Feb 20:00 | 25 Nov 16:00 | 27 Apr 12:45 | 27 Oct 15:00 | 28 Nov 20:00 | 29 Dec 15:00 | 30 Jan 20:00 | 30 Mar 15:00
Jordi Gomez,,38,1468,1,59,1 2 3 4 5 6 7 8 9 10 11 12 13 14 15 16 17 18 19 20 21 22 23 24 25 26 27 28 30 31 32 33 34 35 36 37 38,01 Jan 15:00 | 01 Sep 15:00 | 02 Feb 15:00 | 02 Mar 17:30 | 03 Dec 20:00 | 03 Nov 15:00 | 06 Oct 15:00 | 07 Apr 16:10 | 07 May 19:45 | 08 Dec 15:00 | 09 Feb 15:00 | 10 Nov 15:00 | 11 April 19:45 | 12 Jan 15:00 | 14 May 19:45 | 15 Dec 15:00 | 15 Sep 15:00 | 17 Apr 19:45 | 17 Mar 16:00 | 17 Nov 15:00 | 19 Aug 13:30 | 19 Jan 15:00 | 19 May 16:00 | 20 Apr 15:00 | 20 Oct 15:00 | 22 Dec 12:45 | 22 Sep 15:00 | 23 Feb 15:00 | 24 Nov 15:00 | 25 Aug 15:00 | 26 Dec 15:00 | 27 Apr 15:00 | 27 Oct 15:00 | 28 Nov 20:00 | 29 Dec 15:00 | 29 Jan 19:45 | 29 Sep 15:00 | 30 Mar 15:00
Jos Hooiveld,,37,1941,0,39,1 2 3 4 5 6 7 8 9 10 11 12 13 14 15 16 18 19 20 21 22 23 24 25 26 27 28 29 30 31 32 33 34 35 36 37 38,01 Dec 15:00 | 01 Jan 17:30 | 02 Feb 15:00 | 02 Mar 15:00 | 02 Sep 16:00 | 04 May 15:00 | 05 Nov 20:00 | 06 Apr 12:45 | 07 Oct 13:30 | 08 Dec 15:00 | 09 Feb 17:30 | 09 Mar 15:00 | 10 Nov 15:00 | 12 May 15:00 | 13 Apr 15:00 | 15 Sep 15:00 | 16 Jan 19:45 | 16 Mar 15:00 | 17 Nov 15:00 | 19 Aug 16:00 | 19 May 16:00 | 20 Apr 15:00 | 20 Oct 15:00 | 21 Jan 20:00 | 22 Dec 15:00 | 22 Sep 15:00 | 24 Feb 13:30 | 25 Aug 15:00 | 25 Nov 15:00 | 26 Dec 15:00 | 27 Apr 15:00 | 28 Nov 19:45 | 28 Oct 15:00 | 29 Dec 15:00 | 29 Sep 15:00 | 30 Jan 20:00 | 30 Mar 15:00
Jose Baxter,,38,0,0,0,1 2 3 4 5 6 7 8 9 10 11 12 13 14 15 16 17 18 19 20 21 22 23 24 25 26 27 28 30 31 32 33 34 35 36 37 38,01 Dec 15:00 | 01 Sep 15:00 | 02 Feb 15:00 | 02 Jan 20:00 | 02 Mar 15:00 | 03 Nov 15:00 | 05 May 13:30 | 06 Oct 15:00 | 07 Apr 14:05 | 09 April 15:00 | 09 Dec 15:00 | 10 Feb 16:00 | 10 Nov 15:00 | 12 Jan 15:00 | 12 May 15:00 | 15 Dec 15:00 | 16 Apr 19:45 | 16 Mar 12:45 | 17 Nov 15:00 | 17 Sep 20:00 | 19 May 16:00 | 20 Apr 15:00 | 20 Aug 20:00 | 21 Jan 20:00 | 21 Oct 16:00 | 22 Dec 15:00 | 22 Sep 12:45 | 23 Feb 15:00 | 24 Nov 15:00 | 25 Aug 15:00 | 26 Dec 15:00 | 27 Apr 15:00 | 28 Nov 19:45 | 28 Oct 13:30 | 29 Sep 15:00 | 30 Dec 13:30 | 30 Jan 19:45 | 30 Mar 17:30
Jose Bosingwa,,39,1894,1,47,1 2 3 4 5 6 7 8 9 10 11 12 13 14 15 16 17 18 19 20 21 22 23 24 25 26 27 28 29 30 31 32 33 34 35 36 37 38,01 Apr 20:00 | 01 Dec 15:00 | 01 Oct 20:00 | 01 Sep 17:30 | 02 Feb 12:45 | 02 Jan 19:45 | 02 Mar 15:00 | 04 May 17:30 | 04 Nov 13:30 | 06 Oct 15:00 | 07 Apr 16:10 | 08 Dec 15:00 | 09 Feb 15:00 | 09 Mar 15:00 | 10 Nov 15:00 | 12 Jan 12:45 | 12 May 15:00 | 13 Apr 15:00 | 15 Dec 15:00 | 15 Sep 15:00 | 16 Mar 15:00 | 17 Nov 15:00 | 18 Aug 15:00 | 19 Jan 15:00 | 19 May 16:00 | 20 Apr 15:00 | 21 March 19:45 | 21 Oct 16:00 | 22 Dec 15:00 | 23 Feb 15:00 | 23 Sep 16:00 | 24 Nov 15:00 | 25 Aug 15:00 | 26 Dec 15:00 | 27 Nov 19:45 | 27 Oct 15:00 | 28 Apr 13:30 | 29 Jan 19:45 | 30 Dec 16:00
Jose Fonte,,37,2316,2,68,1 2 3 4 5 6 7 8 9 10 11 12 13 14 15 16 18 19 20 21 22 23 24 25 26 27 28 29 30 31 32 33 34 35 36 37 38,01 Dec 15:00 | 01 Jan 17:30 | 02 Feb 15:00 | 02 Mar 15:00 | 02 Sep 16:00 | 04 May 15:00 | 05 Nov 20:00 | 06 Apr 12:45 | 07 Oct 13:30 | 08 Dec 15:00 | 09 Feb 17:30 | 09 Mar 15:00 | 10 Nov 15:00 | 12 May 15:00 | 13 Apr 15:00 | 15 Sep 15:00 | 16 Jan 19:45 | 16 Mar 15:00 | 17 Nov 15:00 | 19 Aug 16:00 | 19 May 16:00 | 20 Apr 15:00 | 20 Oct 15:00 | 21 Jan 20:00 | 22 Dec 15:00 | 22 Sep 15:00 | 24 Feb 13:30 | 25 Aug 15:00 | 25 Nov 15:00 | 26 Dec 15:00 | 27 Apr 15:00 | 28 Nov 19:45 | 28 Oct 15:00 | 29 Dec 15:00 | 29 Sep 15:00 | 30 Jan 20:00 | 30 Mar 15:00
Jose Moreira,,1,0,0,0,33,11 April 20:00
Jose Reina,,38,2790,0,126,1 2 3 4 5 6 7 8 9 10 11 12 13 14 15 16 17 18 19 20 21 22 23 24 25 26 27 28 29 30 31 32 33 34 35 36 37 38,01 Dec 15:00 | 02 Jan 19:45 | 02 Mar 17:30 | 02 Sep 13:30 | 03 Feb 16:00 | 03 March 12:45 | 04 Nov 16:00 | 05 May 13:30 | 07 Apr 13:30 | 07 Oct 15:00 | 09 Dec 16:00 | 10 Mar 16:00 | 11 Nov 16:00 | 12 May 15:00 | 13 Apr 15:00 | 13 Jan 13:30 | 15 Dec 15:00 | 15 Sep 17:30 | 16 Mar 15:00 | 17 Feb 15:00 | 17 Nov 15:00 | 18 Aug 15:00 | 19 Jan 15:00 | 19 May 16:00 | 20 Oct 15:00 | 21 Apr 16:00 | 22 Dec 17:30 | 23 Sep 13:30 | 25 Nov 13:30 | 26 Aug 16:00 | 26 Dec 19:45 | 27 Apr 17:30 | 28 Nov 19:45 | 28 Oct 13:30 | 29 Sep 15:00 | 30 Dec 16:00 | 30 Jan 19:45 | 31 Mar 13:30
Joseph Mills,,36,0,0,0,1 4 5 6 7 8 9 10 11 12 13 14 15 16 17 18 19 20 21 22 23 24 25 26 27 28 29 30 31 32 33 34 35 36 37 38,01 Dec 17:30 | 01 Jan 15:00 | 02 Feb 15:00 | 02 Mar 15:00 | 04 May 15:00 | 04 Nov 13:30 | 06 Apr 12:45 | 06 Oct 15:00 | 09 Feb 15:00 | 09 Mar 15:00 | 10 Nov 15:00 | 11 Dec 19:45 | 12 Jan 15:00 | 13 Apr 15:00 | 14 May 20:00 | 16 Mar 17:30 | 16 Sep 16:00 | 17 Dec 20:00 | 17 Nov 15:00 | 19 Jan 15:00 | 19 May 16:00 | 20 Apr 15:00 | 20 Oct 15:00 | 22 Aug 19:45 | 22 Dec 15:00 | 22 Sep 15:00 | 23 Feb 15:00 | 24 Nov 15:00 | 26 Dec 15:00 | 27 Nov 20:00 | 27 Oct 15:00 | 28 Apr 13:30 | 29 Dec 15:00 | 29 Sep 15:00 | 30 Jan 20:00 | 30 Mar 15:00
Josh McEachran,,36,0,0,0,1 2 4 5 6 7 8 9 10 11 12 13 14 15 16 18 19 20 21 22 23 24 25 26 27 28 29 30 31 32 33 34 35 36 37 38,01 Dec 12:45 | 02 Feb 15:00 | 02 Jan 19:45 | 02 Mar 15:00 | 03 Nov 15:00 | 06 Oct 15:00 | 07 Apr 15:00 | 08 Dec 15:00 | 08 May 19:45 | 09 Feb 15:00 | 11 May 12:45 | 11 Nov 16:00 | 15 Sep 15:00 | 16 Jan 19:45 | 17 Apr 20:00 | 17 Mar 16:00 | 17 March 15:00 | 17 Nov 15:00 | 19 May 16:00 | 20 Jan 13:30 | 20 Oct 12:45 | 21 Apr 16:00 | 22 Aug 19:45 | 22 Sep 15:00 | 23 Dec 16:00 | 24 Feb 13:30 | 25 Aug 17:30 | 25 Nov 16:00 | 26 Dec 15:00 | 28 Apr 15:00 | 28 Nov 19:45 | 28 Oct 16:00 | 29 Sep 12:45 | 30 Dec 13:30 | 30 Jan 20:00 | 30 Mar 15:00
Juan Mata,,36,2502,14,190,1 2 4 5 6 7 8 9 10 11 12 13 14 15 16 18 19 20 21 22 23 24 25 26 27 28 30 31 32 33 34 35 36 37 38,01 Dec 12:45 | 02 Feb 15:00 | 02 Jan 19:45 | 02 Mar 15:00 | 03 Nov 15:00 | 06 Oct 15:00 | 07 Apr 15:00 | 08 Dec 15:00 | 08 May 19:45 | 09 April 20:00 | 09 Feb 15:00 | 11 May 12:45 | 11 Nov 16:00 | 15 Sep 15:00 | 16 Jan 19:45 | 17 Apr 20:00 | 17 Mar 16:00 | 17 Nov 15:00 | 19 May 16:00 | 20 Jan 13:30 | 20 Oct 12:45 | 21 Apr 16:00 | 22 Aug 19:45 | 22 Sep 15:00 | 23 Dec 16:00 | 24 Feb 13:30 | 25 Aug 17:30 | 25 Nov 16:00 | 26 Dec 15:00 | 28 Apr 15:00 | 28 Nov 19:45 | 28 Oct 16:00 | 29 Sep 12:45 | 30 Dec 13:30 | 30 Jan 20:00 | 30 Mar 15:00
Jussi Jaaskelainen,,38,3420,0,143,1 2 3 4 5 6 7 8 9 10 11 12 13 14 15 16 17 18 20 21 22 23 24 25 26 27 28 30 31 32 33 34 35 36 37 38,01 Dec 12:45 | 01 Jan 15:00 | 01 Oct 20:00 | 01 Sep 12:45 | 02 Feb 15:00 | 02 Mar 15:00 | 03 Nov 17:30 | 04 May 15:00 | 06 Oct 17:30 | 07 Apr 13:30 | 09 Dec 16:00 | 10 Feb 13:30 | 11 Nov 15:00 | 12 Jan 15:00 | 12 May 15:00 | 15 Sep 12:45 | 16 Dec 16:00 | 17 Apr 19:45 | 17 Mar 16:00 | 18 Aug 15:00 | 19 May 16:00 | 19 Nov 20:00 | 20 Apr 15:00 | 20 Dec. 20:00 | 20 Oct 15:00 | 22 Dec 15:00 | 22 Sep 15:00 | 23 Jan 19:45 | 25 Aug 12:45 | 25 Feb 20:00 | 25 Nov 16:00 | 27 Apr 12:45 | 27 Aug. 17:30 | 27 Oct 15:00 | 28 Nov 20:00 | 29 Dec 15:00 | 30 Jan 20:00 | 30 Mar 15:00
Kader Mangane,,16,20,0,2,23 24 25 26 27 28 29 30 31 32 33 34 35 36 37 38,02 Feb 15:00 | 02 Mar 15:00 | 06 May 20:00 | 07 Apr 15:00 | 09 Feb 15:00 | 09 Mar 15:00 | 12 May 15:00 | 14 Apr 12:00 | 17 Mar 13:30 | 19 Jan 15:00 | 19 May 16:00 | 20 Apr 15:00 | 23 Feb 15:00 | 29 Apr 20:00 | 29 Jan 19:45 | 30 Mar 12:45
Karim El Ahmadi,,16,847,0,25,1 2 3 4 5 6 7 8 9 10 11 20 21 30 31 32,01 Jan 15:00 | 02 Sep 16:00 | 03 Nov 15:00 | 06 Apr 15:00 | 07 Oct 15:00 | 10 Nov 17:30 | 15 Sep 15:00 | 16 Mar 15:00 | 18 Aug 15:00 | 20 Oct 15:00 | 22 Sep 15:00 | 25 Aug 15:00 | 27 Oct 12:45 | 29 Dec 15:00 | 30 Sep 16:00 | 31 Mar 13:30
Karim Rekik,,38,83,0,6,1 2 3 4 5 6 7 8 9 10 11 12 13 14 15 16 17 18 19 20 21 22 23 24 25 26 27 28 29 30 31 32 33 34 35 36 37 38,01 Dec 15:00 | 01 Jan 15:00 | 01 Sep 17:30 | 03 Feb 16:00 | 03 Nov 17:30 | 04 Mar 20:00 | 06 Oct 12:45 | 07 May 19:45 | 08 Apr 20:00 | 09 Dec 13:30 | 09 Feb 17:30 | 11 Nov 13:30 | 13 Jan 16:00 | 14 May 20:00 | 15 Dec 12:45 | 15 Sep 15:00 | 16 Mar 12:45 | 17 Apr 19:45 | 17 Nov 15:00 | 19 Aug 16:00 | 19 Jan 15:00 | 19 May 16:00 | 20 Oct 15:00 | 21 Apr 13:30 | 21 March 19:45 | 22 Dec 15:00 | 23 Sep 16:00 | 24 Feb 13:30 | 25 Nov 16:00 | 26 Aug 16:00 | 26 Dec 15:00 | 27 Apr 12:45 | 27 Oct 17:30 | 28 Nov 20:00 | 29 Dec 15:00 | 29 Jan 19:45 | 29 Sep 15:00 | 30 Mar 15:00
Karl Henry,,1,90,0,2,33,11 April 19:45
Kaspars Gorkss,,36,1170,1,31,1 4 5 6 7 8 9 10 11 12 13 14 15 16 17 18 19 20 21 22 23 24 25 26 27 28 29 30 31 32 33 34 35 36 37 38,01 Dec 17:30 | 01 Jan 15:00 | 02 Feb 15:00 | 02 Mar 15:00 | 04 May 15:00 | 04 Nov 13:30 | 06 Apr 12:45 | 06 Oct 15:00 | 09 Feb 15:00 | 09 Mar 15:00 | 10 Nov 15:00 | 11 Dec 19:45 | 12 Jan 15:00 | 13 Apr 15:00 | 14 May 20:00 | 16 Mar 17:30 | 16 Sep 16:00 | 17 Dec 20:00 | 17 Nov 15:00 | 19 Jan 15:00 | 19 May 16:00 | 20 Apr 15:00 | 20 Oct 15:00 | 22 Aug 19:45 | 22 Dec 15:00 | 22 Sep 15:00 | 23 Feb 15:00 | 24 Nov 15:00 | 26 Dec 15:00 | 27 Nov 20:00 | 27 Oct 15:00 | 28 Apr 13:30 | 29 Dec 15:00 | 29 Sep 15:00 | 30 Jan 20:00 | 30 Mar 15:00
Keiren Westwood,,37,0,0,0,1 3 4 5 6 7 8 9 10 11 12 13 14 15 16 17 18 19 20 21 22 23 24 25 26 27 28 29 30 31 32 33 34 35 36 37 38,01 Sep 15:00 | 02 Dec 16:00 | 02 Feb 15:00 | 02 Jan 19:45 | 02 Mar 15:00 | 03 Nov 15:00 | 06 May 20:00 | 06 Oct 12:45 | 07 Apr 15:00 | 09 Feb 15:00 | 09 Mar 15:00 | 10 Nov 15:00 | 11 Dec 19:45 | 12 Jan 15:00 | 12 May 15:00 | 14 Apr 12:00 | 15 Dec 15:00 | 15 Sep 17:30 | 17 Mar 13:30 | 18 Aug 15:00 | 18 Nov 16:00 | 19 Jan 15:00 | 19 May 16:00 | 20 Apr 15:00 | 21 Oct 13:30 | 22 Dec 15:00 | 22 Sep 15:00 | 23 Feb 15:00 | 24 Nov 12:45 | 26 Dec 15:00 | 27 Nov 19:45 | 27 Oct 15:00 | 29 Apr 20:00 | 29 Dec 12:45 | 29 Jan 19:45 | 29 Sep 15:00 | 30 Mar 12:45
Kelvin Davis,,37,855,0,31,1 2 3 4 5 6 7 8 9 10 11 12 13 14 15 16 18 19 20 21 22 23 24 25 26 27 28 29 30 31 32 33 34 35 36 37 38,01 Dec 15:00 | 01 Jan 17:30 | 02 Feb 15:00 | 02 Mar 15:00 | 02 Sep 16:00 | 04 May 15:00 | 05 Nov 20:00 | 06 Apr 12:45 | 07 Oct 13:30 | 08 Dec 15:00 | 09 Feb 17:30 | 09 Mar 15:00 | 10 Nov 15:00 | 12 May 15:00 | 13 Apr 15:00 | 15 Sep 15:00 | 16 Jan 19:45 | 16 Mar 15:00 | 17 Nov 15:00 | 19 Aug 16:00 | 19 May 16:00 | 20 Apr 15:00 | 20 Oct 15:00 | 21 Jan 20:00 | 22 Dec 15:00 | 22 Sep 15:00 | 24 Feb 13:30 | 25 Aug 15:00 | 25 Nov 15:00 | 26 Dec 15:00 | 27 Apr 15:00 | 28 Nov 19:45 | 28 Oct 15:00 | 29 Dec 15:00 | 29 Sep 15:00 | 30 Jan 20:00 | 30 Mar 15:00
Kemar Roofe,,37,0,0,0,1 2 3 4 5 6 7 8 9 10 11 12 13 14 15 16 17 18 19 20 21 22 23 24 25 26 27 28 29 30 31 32 34 35 36 37 38,01 Dec 15:00 | 01 Jan 12:45 | 01 Sep 15:00 | 02 Mar 15:00 | 03 Feb 13:30 | 05 Nov 20:00 | 06 Apr 15:00 | 06 Oct 15:00 | 07 May 19:45 | 08 Dec 15:00 | 09 Mar 15:00 | 10 Nov 15:00 | 11 Feb 20:00 | 12 Jan 15:00 | 12 May 15:00 | 15 Sep 15:00 | 16 Dec 16:00 | 16 Mar 15:00 | 17 Nov 15:00 | 18 Aug 15:00 | 19 Jan 17:30 | 19 May 16:00 | 20 Apr 15:00 | 20 Oct 15:00 | 22 Dec 15:00 | 22 Sep 15:00 | 23 Feb 15:00 | 24 Nov 12:45 | 25 Aug 15:00 | 26 Dec 15:00 | 27 Apr 15:00 | 28 Nov 19:45 | 28 Oct 15:00 | 29 Dec 15:00 | 30 Jan 19:45 | 30 Mar 15:00 | 30 Sep 16:00
Kemy Agustien,,36,522,1,22,1 2 3 4 5 6 7 8 9 10 11 12 13 14 15 16 17 18 19 20 21 22 23 24 25 26 28 29 30 31 32 34 35 36 37 38,01 Dec 15:00 | 01 Jan 15:00 | 01 Sep 15:00 | 02 Feb 15:00 | 02 Mar 15:00 | 03 Nov 15:00 | 06 Apr 15:00 | 06 Oct 15:00 | 07 May 19:45 | 08 Dec 15:00 | 09 Mar 15:00 | 10 Nov 15:00 | 12 Jan 15:00 | 12 May 16:00 | 15 Sep 15:00 | 16 Dec 13:30 | 16 Mar 15:00 | 17 Feb 15:00 | 17 Nov 15:00 | 18 Aug 15:00 | 19 Jan 15:00 | 19 May 16:00 | 20 Apr 15:00 | 20 Oct 15:00 | 22 Sep 12:45 | 23 Dec 13:30 | 25 Aug 12:45 | 25 Nov 13:30 | 26 Dec 15:00 | 27 Oct 17:30 | 28 Apr 15:00 | 28 Nov 19:45 | 29 Dec 15:00 | 29 Jan 19:45 | 29 Sep 15:00 | 30 Mar 15:00
Kenwyne Jones,,40,1229,3,70,1 2 3 4 5 6 7 8 9 10 11 12 13 14 15 16 17 18 19 20 21 22 23 24 25 26 27 28 29 30 31 32 33 34 35 36 37 38,01 Dec 15:00 | 01 Jan 15:00 | 01 Sep 15:00 | 02 Feb 15:00 | 02 Mar 15:00 | 03 Nov 15:00 | 06 Apr 15:00 | 06 May 20:00 | 07 Oct 15:00 | 08 Dec 15:00 | 09 Feb 15:00 | 10 Mar 15:00 | 10 Nov 15:00 | 12 Jan 15:00 | 12 May 13:30 | 14 Apr 14:05 | 15 Dec 15:00 | 15 Sep 15:00 | 16 Mar 15:00 | 18 Aug 15:00 | 19 Jan 15:00 | 19 May 16:00 | 19 Nov 20:00 | 20 Apr 15:00 | 20 Oct 15:00 | 21 Aug. 13:30 | 22 Dec 15:00 | 22 Sep 15:00 | 23 Feb 12:45 | 24 Nov 15:00 | 26 Aug 13:30 | 26 Dec 19:45 | 27 Apr 15:00 | 27 Oct 15:00 | 28 Aug. 15:00 | 28 Nov 19:45 | 29 Dec 15:00 | 29 Jan 19:45 | 29 Sep 15:00 | 30 Mar 17:30
Kerim Frei,,37,235,0,9,1 2 3 4 5 6 7 8 9 10 11 12 13 14 15 16 17 18 19 20 21 22 23 24 25 26 27 28 30 31 32 33 34 35 36 37 38,01 Apr 20:00 | 01 Dec 15:00 | 01 Jan 12:45 | 01 Sep 12:45 | 02 Feb 17:30 | 02 Mar 15:00 | 03 Nov 15:00 | 04 May 15:00 | 07 Apr 15:00 | 07 Oct 13:30 | 09 Feb 15:00 | 10 Dec 20:00 | 10 Nov 15:00 | 12 Jan 15:00 | 12 May 15:00 | 15 Dec 15:00 | 15 Sep 15:00 | 17 Apr 20:00 | 17 Mar 15:00 | 18 Aug 15:00 | 18 Nov 16:00 | 19 Jan 15:00 | 19 May 16:00 | 20 Apr 15:00 | 20 Oct 15:00 | 22 Dec 17:30 | 22 Sep 15:00 | 23 Feb 12:45 | 24 Nov 15:00 | 25 Aug 15:00 | 26 Dec 15:00 | 27 Apr 15:00 | 27 Oct 15:00 | 28 Nov 19:45 | 29 Dec 15:00 | 29 Sep 15:00 | 30 Jan 20:00
Kevin Davies K,,2,70,0,2,3 17,20 Dec. 20:00 | 27 Aug. 17:30
Kevin De Bruyne,,35,0,0,0,1 2 4 5 6 7 8 9 10 11 12 13 14 15 16 18 19 20 21 22 23 24 25 26 27 28 30 31 32 33 34 35 36 37 38,01 Dec 12:45 | 02 Feb 15:00 | 02 Jan 19:45 | 02 Mar 15:00 | 03 Nov 15:00 | 06 Oct 15:00 | 07 Apr 15:00 | 08 Dec 15:00 | 08 May 19:45 | 09 Feb 15:00 | 11 May 12:45 | 11 Nov 16:00 | 15 Sep 15:00 | 16 Jan 19:45 | 17 Apr 20:00 | 17 Mar 16:00 | 17 Nov 15:00 | 19 May 16:00 | 20 Jan 13:30 | 20 Oct 12:45 | 21 Apr 16:00 | 22 Aug 19:45 | 22 Sep 15:00 | 23 Dec 16:00 | 24 Feb 13:30 | 25 Aug 17:30 | 25 Nov 16:00 | 26 Dec 15:00 | 28 Apr 15:00 | 28 Nov 19:45 | 28 Oct 16:00 | 29 Sep 12:45 | 30 Dec 13:30 | 30 Jan 20:00 | 30 Mar 15:00
Kevin Doyle,,1,77,0,1,33,11 April 19:45
Kevin Foley,,1,0,0,0,33,11 April 19:45
Kevin Mirallas,,36,1741,4,90,2 3 4 5 6 7 8 9 10 11 12 13 14 15 16 17 18 19 20 21 22 23 24 25 26 27 28 30 31 32 33 34 35 36 37 38,01 Dec 15:00 | 01 Sep 15:00 | 02 Feb 15:00 | 02 Jan 20:00 | 02 Mar 15:00 | 03 Nov 15:00 | 05 May 13:30 | 06 Oct 15:00 | 07 Apr 14:05 | 09 Dec 15:00 | 10 Feb 16:00 | 10 Nov 15:00 | 12 Jan 15:00 | 12 May 15:00 | 15 Dec 15:00 | 16 Apr 19:45 | 16 Mar 12:45 | 17 Nov 15:00 | 17 Sep 20:00 | 19 May 16:00 | 20 Apr 15:00 | 21 Jan 20:00 | 21 Oct 16:00 | 22 Dec 15:00 | 22 Sep 12:45 | 23 Feb 15:00 | 24 Nov 15:00 | 25 Aug 15:00 | 26 Dec 15:00 | 27 Apr 15:00 | 28 Nov 19:45 | 28 Oct 13:30 | 29 Sep 15:00 | 30 Dec 13:30 | 30 Jan 19:45 | 30 Mar 17:30
Kevin Nolan,,36,2802,2,145,1 2 3 4 5 6 7 8 9 10 11 12 13 14 15 16 17 18 20 21 22 23 24 25 26 27 28 30 31 32 33 34 35 36 37 38,01 Dec 12:45 | 01 Jan 15:00 | 01 Oct 20:00 | 01 Sep 12:45 | 02 Feb 15:00 | 02 Mar 15:00 | 03 Nov 17:30 | 04 May 15:00 | 06 Oct 17:30 | 07 Apr 13:30 | 09 Dec 16:00 | 10 Feb 13:30 | 11 Nov 15:00 | 12 Jan 15:00 | 12 May 15:00 | 15 Sep 12:45 | 16 Dec 16:00 | 17 Apr 19:45 | 17 Mar 16:00 | 18 Aug 15:00 | 19 May 16:00 | 19 Nov 20:00 | 20 Apr 15:00 | 20 Oct 15:00 | 22 Dec 15:00 | 22 Sep 15:00 | 23 Jan 19:45 | 25 Aug 12:45 | 25 Feb 20:00 | 25 Nov 16:00 | 27 Apr 12:45 | 27 Oct 15:00 | 28 Nov 20:00 | 29 Dec 15:00 | 30 Jan 20:00 | 30 Mar 15:00
Kieran Gibbs,,15,960,3,51,1 2 3 4 5 6 7 8 9 10 13 20 23 30 33,02 Sep 13:30 | 03 Nov 12:45 | 06 Oct 17:30 | 15 Sep 15:00 | 16 Apr 19:45 | 16 Mar 15:00 | 18 Aug 15:00 | 20 Oct 17:30 | 23 Jan 19:45 | 23 Sep 16:00 | 24 Nov 17:30 | 26 Aug 13:30 | 27 Oct 15:00 | 29 Dec 17:30 | 29 Sep 12:45
Kieran Richardson,,37,910,2,36,1 3 4 5 6 7 8 9 10 11 12 13 14 15 16 17 18 19 20 21 22 23 24 25 26 27 28 30 31 32 33 34 35 36 37 38,01 Apr 20:00 | 01 Dec 15:00 | 01 Jan 12:45 | 01 Sep 12:45 | 02 Feb 17:30 | 02 Mar 15:00 | 03 Nov 15:00 | 04 May 15:00 | 07 Apr 15:00 | 07 Oct 13:30 | 09 Feb 15:00 | 10 Dec 20:00 | 10 Nov 15:00 | 12 Jan 15:00 | 12 May 15:00 | 15 Dec 15:00 | 15 Sep 15:00 | 17 Apr 20:00 | 17 Mar 15:00 | 18 Aug 15:00 | 18 Nov 16:00 | 19 Jan 15:00 | 19 May 16:00 | 20 Apr 15:00 | 20 Oct 15:00 | 21 Dec. 20:00 | 22 Dec 17:30 | 22 Sep 15:00 | 23 Feb 12:45 | 24 Nov 15:00 | 26 Dec 15:00 | 27 Apr 15:00 | 27 Oct 15:00 | 28 Nov 19:45 | 29 Dec 15:00 | 29 Sep 15:00 | 30 Jan 20:00
Kieron Dyer,,39,198,1,8,1 2 3 4 5 6 7 8 9 10 11 12 13 14 15 16 17 18 19 20 21 22 23 24 25 26 27 28 29 30 31 32 33 34 35 36 37 38,01 Apr 20:00 | 01 Dec 15:00 | 01 Oct 20:00 | 01 Sep 17:30 | 02 Feb 12:45 | 02 Jan 19:45 | 02 Mar 15:00 | 04 May 17:30 | 04 Nov 13:30 | 06 Oct 15:00 | 07 Apr 16:10 | 08 Dec 15:00 | 09 Feb 15:00 | 09 Mar 15:00 | 10 Nov 15:00 | 11 April 20:00 | 12 Jan 12:45 | 12 May 15:00 | 13 Apr 15:00 | 15 Dec 15:00 | 15 Sep 15:00 | 16 Mar 15:00 | 17 Nov 15:00 | 18 Aug 15:00 | 19 Jan 15:00 | 19 May 16:00 | 20 Apr 15:00 | 21 Oct 16:00 | 22 Dec 15:00 | 23 Feb 15:00 | 23 Sep 16:00 | 24 Nov 15:00 | 25 Aug 15:00 | 26 Dec 15:00 | 27 Nov 19:45 | 27 Oct 15:00 | 28 Apr 13:30 | 29 Jan 19:45 | 30 Dec 16:00
Kolo Toure,,39,1012,0,48,1 2 3 4 5 6 7 8 9 10 11 12 13 14 15 16 17 18 19 20 21 22 23 24 25 26 27 28 29 30 31 32 33 34 35 36 37 38,01 Dec 15:00 | 01 Jan 15:00 | 01 Jan. 15:00 | 01 Sep 17:30 | 03 Feb 16:00 | 03 Nov 17:30 | 04 Mar 20:00 | 06 Oct 12:45 | 07 May 19:45 | 08 Apr 20:00 | 09 Dec 13:30 | 09 Feb 17:30 | 11 Nov 13:30 | 13 Jan 16:00 | 14 May 20:00 | 15 Dec 12:45 | 15 Sep 15:00 | 16 Mar 12:45 | 17 Apr 19:45 | 17 Nov 15:00 | 19 Aug 16:00 | 19 Jan 15:00 | 19 May 16:00 | 20 Oct 15:00 | 21 Apr 13:30 | 21 March 19:45 | 22 Dec 15:00 | 23 Sep 16:00 | 24 Feb 13:30 | 25 Nov 16:00 | 26 Aug 16:00 | 26 Dec 15:00 | 27 Apr 12:45 | 27 Oct 17:30 | 28 Nov 20:00 | 29 Dec 15:00 | 29 Jan 19:45 | 29 Sep 15:00 | 30 Mar 15:00
Korey Smith,,38,0,0,0,1 2 3 4 5 6 7 8 9 10 11 12 13 14 15 16 17 18 19 20 21 22 23 24 25 26 27 28 29 30 31 32 33 34 35 36 37 38,01 Jan 15:00 | 01 Sep 15:00 | 02 Dec 16:00 | 02 Feb 12:45 | 02 Mar 15:00 | 03 Nov 15:00 | 04 May 15:00 | 06 Apr 15:00 | 06 Oct 15:00 | 08 Dec 15:00 | 09 Feb 15:00 | 09 Mar 15:00 | 10 Nov 15:00 | 12 Jan 15:00 | 12 May 15:00 | 13 Apr 15:00 | 15 Dec 15:00 | 15 Sep 12:45 | 17 Mar 13:30 | 17 Nov 17:30 | 18 Aug 15:00 | 19 Jan 15:00 | 19 May 16:00 | 20 Apr 15:00 | 20 Oct 17:30 | 22 Dec 15:00 | 23 Feb 15:00 | 23 Sep 15:00 | 24 Nov 15:00 | 25 Aug 15:00 | 26 Dec 15:00 | 27 Apr 15:00 | 27 Oct 12:45 | 28 Nov 19:45 | 29 Dec 15:00 | 29 Sep 15:00 | 30 Jan 19:45 | 30 Mar 15:00
Kyle Bartley,,36,90,0,0,1 2 3 4 5 6 7 8 9 10 11 12 13 14 15 16 17 18 19 20 21 22 23 24 25 26 28 29 30 31 32 34 35 36 37 38,01 Dec 15:00 | 01 Jan 15:00 | 01 Sep 15:00 | 02 Feb 15:00 | 02 Mar 15:00 | 03 Nov 15:00 | 06 Apr 15:00 | 06 Oct 15:00 | 07 May 19:45 | 08 Dec 15:00 | 09 Mar 15:00 | 10 Nov 15:00 | 12 Jan 15:00 | 12 May 16:00 | 15 Sep 15:00 | 16 Dec 13:30 | 16 Mar 15:00 | 17 Feb 15:00 | 17 Nov 15:00 | 18 Aug 15:00 | 19 Jan 15:00 | 19 May 16:00 | 20 Apr 15:00 | 20 Oct 15:00 | 22 Sep 12:45 | 23 Dec 13:30 | 25 Aug 12:45 | 25 Nov 13:30 | 26 Dec 15:00 | 27 Oct 17:30 | 28 Apr 15:00 | 28 Nov 19:45 | 29 Dec 15:00 | 29 Jan 19:45 | 29 Sep 15:00 | 30 Mar 15:00
Kyle Naughton,,38,1059,1,48,1 2 3 4 5 6 7 8 9 10 11 12 13 14 15 16 17 18 19 20 21 22 23 24 25 26 27 28 29 30 31 32 33 34 35 36 37 38,01 Dec 15:00 | 01 Jan 15:00 | 01 Sep 15:00 | 03 Feb 13:30 | 03 Mar 16:00 | 03 Nov 15:00 | 07 Apr 14:05 | 07 Oct 15:00 | 08 May 19:45 | 09 April 15:00 | 09 Dec 15:00 | 09 Feb 12:45 | 10 Mar 16:00 | 11 Nov 13:30 | 12 Jan 12:45 | 12 May 13:30 | 16 Dec 13:30 | 16 Sep 16:00 | 17 Mar 15:00 | 17 Nov 12:45 | 18 Aug 17:30 | 19 May 16:00 | 20 Jan 16:00 | 20 Oct 12:45 | 21 Apr 13:30 | 22 Dec 15:00 | 23 Sep 16:00 | 25 Aug 15:00 | 25 Feb 20:00 | 25 Nov 16:00 | 26 Dec 17:30 | 27 Apr 15:00 | 28 Nov 19:45 | 28 Oct 15:00 | 29 Dec 12:45 | 29 Sep 17:30 | 30 Jan 19:45 | 30 Mar 15:00
Kyle Walker,,37,3067,5,103,1 2 3 4 5 6 7 8 9 10 11 12 13 14 15 16 17 18 19 20 21 22 23 24 25 26 27 28 29 30 31 32 34 35 36 37 38,01 Dec 15:00 | 01 Jan 15:00 | 01 Sep 15:00 | 03 Feb 13:30 | 03 Mar 16:00 | 03 Nov 15:00 | 07 Apr 14:05 | 07 Oct 15:00 | 08 May 19:45 | 09 Dec 15:00 | 09 Feb 12:45 | 10 Mar 16:00 | 11 Nov 13:30 | 12 Jan 12:45 | 12 May 13:30 | 16 Dec 13:30 | 16 Sep 16:00 | 17 Mar 15:00 | 17 Nov 12:45 | 18 Aug 17:30 | 19 May 16:00 | 20 Jan 16:00 | 20 Oct 12:45 | 21 Apr 13:30 | 22 Dec 15:00 | 23 Sep 16:00 | 25 Aug 15:00 | 25 Feb 20:00 | 25 Nov 16:00 | 26 Dec 17:30 | 27 Apr 15:00 | 28 Nov 19:45 | 28 Oct 15:00 | 29 Dec 12:45 | 29 Sep 17:30 | 30 Jan 19:45 | 30 Mar 15:00
Landon Donovan,,1,0,0,0,27,03 March 15:00
Larnell Cole,,39,0,0,0,1 2 3 4 5 6 7 8 9 10 11 12 13 14 15 16 17 18 19 20 21 22 23 24 25 26 27 28 29 30 31 32 33 34 35 36 37 38,01 Dec 17:30 | 01 Jan 15:00 | 02 Feb 17:30 | 02 Mar 15:00 | 02 Sep 16:00 | 03 Nov 12:45 | 05 May 16:00 | 07 Oct 16:00 | 08 Apr 20:00 | 09 Dec 13:30 | 10 Feb 16:00 | 10 Nov 17:30 | 12 May 16:00 | 13 Jan 13:30 | 15 Dec 15:00 | 15 Sep 15:00 | 16 Mar 17:30 | 17 Apr 19:45 | 17 Nov 17:30 | 18 March 13:30 | 19 May 16:00 | 20 Aug 20:00 | 20 Jan 16:00 | 20 Oct 15:00 | 22 Apr 20:00 | 23 Dec 13:30 | 23 Feb 15:00 | 23 Sep 13:30 | 24 Nov 15:00 | 25 Aug 15:00 | 26 Dec 15:00 | 28 Apr 16:00 | 28 Nov 20:00 | 28 Oct 16:00 | 29 Dec 15:00 | 29 Sep 17:30 | 30 Jan 20:00 | 30 Mar 12:45 | 31 Dec. 12:45
Laurent Koscielny,,12,367,0,19,1 2 3 4 5 6 7 8 9 10 20 30,02 Sep 13:30 | 03 Nov 12:45 | 06 Oct 17:30 | 15 Sep 15:00 | 16 Mar 15:00 | 18 Aug 15:00 | 20 Oct 17:30 | 23 Sep 16:00 | 26 Aug 13:30 | 27 Oct 15:00 | 29 Dec 17:30 | 29 Sep 12:45
Ledley King,,38,0,0,0,1 2 3 4 5 6 7 8 9 10 11 12 13 14 15 16 17 18 19 20 21 22 23 24 25 26 27 28 29 30 31 32 34 35 36 37 38,01 Dec 15:00 | 01 Jan 15:00 | 01 Sep 15:00 | 03 Feb 13:30 | 03 Mar 16:00 | 03 Nov 15:00 | 07 Apr 14:05 | 07 Oct 15:00 | 08 May 19:45 | 09 Dec 15:00 | 09 Feb 12:45 | 10 Mar 16:00 | 11 Nov 13:30 | 12 Jan 12:45 | 12 May 13:30 | 16 Dec 13:30 | 16 Sep 16:00 | 17 Mar 15:00 | 17 Nov 12:45 | 18 Aug 17:30 | 19 May 16:00 | 20 Jan 16:00 | 20 Oct 12:45 | 21 Apr 13:30 | 22 Aug. 20:00 | 22 Dec 15:00 | 23 Sep 16:00 | 25 Aug 15:00 | 25 Feb 20:00 | 25 Nov 16:00 | 26 Dec 17:30 | 27 Apr 15:00 | 28 Nov 19:45 | 28 Oct 15:00 | 29 Dec 12:45 | 29 Sep 17:30 | 30 Jan 19:45 | 30 Mar 15:00
Lee Camp,,15,225,0,6,24 25 26 27 28 29 30 31 32 33 34 35 36 37 38,02 Feb 12:45 | 02 Mar 15:00 | 04 May 15:00 | 06 Apr 15:00 | 09 Feb 15:00 | 09 Mar 15:00 | 12 May 15:00 | 13 Apr 15:00 | 17 Mar 13:30 | 19 May 16:00 | 20 Apr 15:00 | 23 Feb 15:00 | 27 Apr 15:00 | 30 Jan 19:45 | 30 Mar 15:00
Lee Cattermole,,38,751,0,17,1 3 4 5 6 7 8 9 10 11 12 13 14 15 16 17 18 19 20 21 22 23 24 25 26 27 28 29 30 31 32 33 34 35 36 37 38,01 Sep 15:00 | 02 Dec 16:00 | 02 Feb 15:00 | 02 Jan 19:45 | 02 Mar 15:00 | 03 Nov 15:00 | 06 May 20:00 | 06 Oct 12:45 | 07 Apr 15:00 | 09 Feb 15:00 | 09 Mar 15:00 | 10 Nov 15:00 | 11 Dec 19:45 | 12 Jan 15:00 | 12 May 15:00 | 14 Apr 12:00 | 15 Dec 15:00 | 15 Sep 17:30 | 17 Mar 13:30 | 18 Aug 15:00 | 18 Nov 16:00 | 19 Jan 15:00 | 19 May 16:00 | 20 Apr 15:00 | 21 Dec. 20:00 | 21 Oct 13:30 | 22 Dec 15:00 | 22 Sep 15:00 | 23 Feb 15:00 | 24 Nov 12:45 | 26 Dec 15:00 | 27 Nov 19:45 | 27 Oct 15:00 | 29 Apr 20:00 | 29 Dec 12:45 | 29 Jan 19:45 | 29 Sep 15:00 | 30 Mar 12:45
Lee Lucas,,36,0,0,0,1 2 3 4 5 6 7 8 9 10 11 12 13 14 15 16 17 18 19 20 21 22 23 24 25 26 28 29 30 31 32 34 35 36 37 38,01 Dec 15:00 | 01 Jan 15:00 | 01 Sep 15:00 | 02 Feb 15:00 | 02 Mar 15:00 | 03 Nov 15:00 | 06 Apr 15:00 | 06 Oct 15:00 | 07 May 19:45 | 08 Dec 15:00 | 09 Mar 15:00 | 10 Nov 15:00 | 12 Jan 15:00 | 12 May 16:00 | 15 Sep 15:00 | 16 Dec 13:30 | 16 Mar 15:00 | 17 Feb 15:00 | 17 Nov 15:00 | 18 Aug 15:00 | 19 Jan 15:00 | 19 May 16:00 | 20 Apr 15:00 | 20 Oct 15:00 | 22 Sep 12:45 | 23 Dec 13:30 | 25 Aug 12:45 | 25 Nov 13:30 | 26 Dec 15:00 | 27 Oct 17:30 | 28 Apr 15:00 | 28 Nov 19:45 | 29 Dec 15:00 | 29 Jan 19:45 | 29 Sep 15:00 | 30 Mar 15:00
Lee Nicholls,,39,0,0,0,1 2 3 4 5 6 7 8 9 10 11 12 13 14 15 16 17 18 19 20 21 22 23 24 25 26 27 28 30 31 32 33 34 35 36 37 38,01 Jan 15:00 | 01 Sep 15:00 | 02 Feb 15:00 | 02 Mar 17:30 | 03 Dec 20:00 | 03 March 15:00 | 03 Nov 15:00 | 06 Oct 15:00 | 07 Apr 16:10 | 07 May 19:45 | 08 Dec 15:00 | 09 Feb 15:00 | 10 Nov 15:00 | 11 April 19:45 | 12 Jan 15:00 | 14 May 19:45 | 15 Dec 15:00 | 15 Sep 15:00 | 17 Apr 19:45 | 17 Mar 16:00 | 17 Nov 15:00 | 19 Aug 13:30 | 19 Jan 15:00 | 19 May 16:00 | 20 Apr 15:00 | 20 Oct 15:00 | 22 Dec 12:45 | 22 Sep 15:00 | 23 Feb 15:00 | 24 Nov 15:00 | 25 Aug 15:00 | 26 Dec 15:00 | 27 Apr 15:00 | 27 Oct 15:00 | 28 Nov 20:00 | 29 Dec 15:00 | 29 Jan 19:45 | 29 Sep 15:00 | 30 Mar 15:00
Leighton Baines,,38,3420,7,173,1 2 3 4 5 6 7 8 9 10 11 12 13 14 15 16 17 18 19 20 21 22 23 24 25 26 27 28 29 30 31 32 33 34 35 36 37 38,01 Dec 15:00 | 01 Sep 15:00 | 02 Feb 15:00 | 02 Jan 20:00 | 02 Mar 15:00 | 03 Nov 15:00 | 05 May 13:30 | 06 Oct 15:00 | 07 Apr 14:05 | 09 Dec 15:00 | 10 Feb 16:00 | 10 Nov 15:00 | 12 Jan 15:00 | 12 May 15:00 | 15 Dec 15:00 | 16 Apr 19:45 | 16 Mar 12:45 | 17 Nov 15:00 | 17 Sep 20:00 | 19 May 16:00 | 20 Apr 15:00 | 20 Aug 20:00 | 21 Jan 20:00 | 21 March 20:00 | 21 Oct 16:00 | 22 Dec 15:00 | 22 Sep 12:45 | 23 Feb 15:00 | 24 Nov 15:00 | 25 Aug 15:00 | 26 Dec 15:00 | 27 Apr 15:00 | 28 Nov 19:45 | 28 Oct 13:30 | 29 Sep 15:00 | 30 Dec 13:30 | 30 Jan 19:45 | 30 Mar 17:30
Leiva Lucas,,38,1852,1,53,1 2 3 4 5 6 7 8 9 10 11 12 13 14 15 16 17 18 19 20 21 22 23 24 25 26 28 29 30 31 32 33 34 35 36 37 38,01 Dec 15:00 | 02 Jan 19:45 | 02 Mar 17:30 | 02 Sep 13:30 | 03 Feb 16:00 | 04 Nov 16:00 | 05 May 13:30 | 07 Apr 13:30 | 07 Oct 15:00 | 09 Dec 16:00 | 10 Mar 16:00 | 11 Nov 16:00 | 12 May 15:00 | 13 Apr 15:00 | 13 Jan 13:30 | 15 Dec 15:00 | 15 Sep 17:30 | 16 Mar 15:00 | 17 Feb 15:00 | 17 Nov 15:00 | 18 Aug 15:00 | 19 Jan 15:00 | 19 May 16:00 | 20 Oct 15:00 | 21 Apr 16:00 | 21 March 20:00 | 22 Dec 17:30 | 23 Sep 13:30 | 25 Nov 13:30 | 26 Aug 16:00 | 26 Dec 19:45 | 27 Apr 17:30 | 28 Nov 19:45 | 28 Oct 13:30 | 29 Sep 15:00 | 30 Dec 16:00 | 30 Jan 19:45 | 31 Mar 13:30
Leo Chambers,,29,0,0,0,8 9 10 11 12 13 14 15 16 17 18 20 21 22 23 24 25 26 27 28 30 31 32 33 34 35 36 37 38,01 Dec 12:45 | 01 Jan 15:00 | 02 Feb 15:00 | 02 Mar 15:00 | 03 Nov 17:30 | 04 May 15:00 | 07 Apr 13:30 | 09 Dec 16:00 | 10 Feb 13:30 | 11 Nov 15:00 | 12 Jan 15:00 | 12 May 15:00 | 16 Dec 16:00 | 17 Apr 19:45 | 17 Mar 16:00 | 19 May 16:00 | 19 Nov 20:00 | 20 Apr 15:00 | 20 Oct 15:00 | 22 Dec 15:00 | 23 Jan 19:45 | 25 Feb 20:00 | 25 Nov 16:00 | 27 Apr 12:45 | 27 Oct 15:00 | 28 Nov 20:00 | 29 Dec 15:00 | 30 Jan 20:00 | 30 Mar 15:00
Leon Barnett,,38,563,1,16,1 2 3 4 5 6 7 8 9 10 11 12 13 14 15 16 17 18 19 20 21 22 23 24 25 26 27 28 29 30 31 32 33 34 35 36 37 38,01 Jan 15:00 | 01 Sep 15:00 | 02 Dec 16:00 | 02 Feb 12:45 | 02 Mar 15:00 | 03 Nov 15:00 | 04 May 15:00 | 06 Apr 15:00 | 06 Oct 15:00 | 08 Dec 15:00 | 09 Feb 15:00 | 09 Mar 15:00 | 10 Nov 15:00 | 12 Jan 15:00 | 12 May 15:00 | 13 Apr 15:00 | 15 Dec 15:00 | 15 Sep 12:45 | 17 Mar 13:30 | 17 Nov 17:30 | 18 Aug 15:00 | 19 Jan 15:00 | 19 May 16:00 | 20 Apr 15:00 | 20 Oct 17:30 | 22 Dec 15:00 | 23 Feb 15:00 | 23 Sep 15:00 | 24 Nov 15:00 | 25 Aug 15:00 | 26 Dec 15:00 | 27 Apr 15:00 | 27 Oct 12:45 | 28 Nov 19:45 | 29 Dec 15:00 | 29 Sep 15:00 | 30 Jan 19:45 | 30 Mar 15:00
Leon Britton,,36,2435,0,64,1 2 3 4 5 6 7 8 9 10 11 12 13 14 15 16 17 18 19 20 21 22 23 24 25 26 28 29 30 31 32 34 35 36 37 38,01 Dec 15:00 | 01 Jan 15:00 | 01 Sep 15:00 | 02 Feb 15:00 | 02 Mar 15:00 | 03 Nov 15:00 | 06 Apr 15:00 | 06 Oct 15:00 | 07 May 19:45 | 08 Dec 15:00 | 09 Mar 15:00 | 10 Nov 15:00 | 12 Jan 15:00 | 12 May 16:00 | 15 Sep 15:00 | 16 Dec 13:30 | 16 Mar 15:00 | 17 Feb 15:00 | 17 Nov 15:00 | 18 Aug 15:00 | 19 Jan 15:00 | 19 May 16:00 | 20 Apr 15:00 | 20 Oct 15:00 | 22 Sep 12:45 | 23 Dec 13:30 | 25 Aug 12:45 | 25 Nov 13:30 | 26 Dec 15:00 | 27 Oct 17:30 | 28 Apr 15:00 | 28 Nov 19:45 | 29 Dec 15:00 | 29 Jan 19:45 | 29 Sep 15:00 | 30 Mar 15:00
Leon Osman,,37,3096,3,119,1 2 3 4 5 6 7 8 9 10 11 12 13 14 15 16 17 18 19 20 21 22 23 24 25 26 27 28 30 31 32 33 34 35 36 37 38,01 Dec 15:00 | 01 Sep 15:00 | 02 Feb 15:00 | 02 Jan 20:00 | 02 Mar 15:00 | 03 Nov 15:00 | 05 May 13:30 | 06 Oct 15:00 | 07 Apr 14:05 | 09 Dec 15:00 | 10 Feb 16:00 | 10 Nov 15:00 | 12 Jan 15:00 | 12 May 15:00 | 15 Dec 15:00 | 16 Apr 19:45 | 16 Mar 12:45 | 17 Nov 15:00 | 17 Sep 20:00 | 19 May 16:00 | 20 Apr 15:00 | 20 Aug 20:00 | 21 Jan 20:00 | 21 Oct 16:00 | 22 Dec 15:00 | 22 Sep 12:45 | 23 Feb 15:00 | 24 Nov 15:00 | 25 Aug 15:00 | 26 Dec 15:00 | 27 Apr 15:00 | 28 Nov 19:45 | 28 Oct 13:30 | 29 Sep 15:00 | 30 Dec 13:30 | 30 Jan 19:45 | 30 Mar 17:30
Leroy Lita,,38,0,0,0,1 2 3 4 5 6 7 8 9 10 11 12 13 14 15 16 17 18 19 20 21 22 23 24 25 26 28 29 30 31 32 34 35 36 37 38,01 Dec 15:00 | 01 Jan 15:00 | 01 Sep 15:00 | 02 Feb 15:00 | 02 Mar 15:00 | 03 Nov 15:00 | 06 Apr 15:00 | 06 Oct 15:00 | 07 May 19:45 | 08 Dec 15:00 | 09 Mar 15:00 | 10 Nov 15:00 | 12 Jan 15:00 | 12 May 16:00 | 15 Sep 15:00 | 16 Dec 13:30 | 16 Mar 15:00 | 17 Feb 15:00 | 17 March 15:00 | 17 Nov 15:00 | 18 Aug 15:00 | 19 Jan 15:00 | 19 May 16:00 | 20 Apr 15:00 | 20 Oct 15:00 | 22 Sep 12:45 | 23 Dec 13:30 | 25 Aug 12:45 | 25 Nov 13:30 | 26 Dec 15:00 | 27 Oct 17:30 | 28 Apr 15:00 | 28 Nov 19:45 | 29 Dec 15:00 | 29 Jan 19:45 | 29 Sep 15:00 | 30 Mar 15:00 | 31 Dec. 15:00
Lewis Holtby,,14,457,2,17,24 25 26 27 28 29 30 31 32 34 35 36 37 38,03 Feb 13:30 | 03 Mar 16:00 | 07 Apr 14:05 | 08 May 19:45 | 09 Feb 12:45 | 10 Mar 16:00 | 12 May 13:30 | 17 Mar 15:00 | 19 May 16:00 | 21 Apr 13:30 | 25 Feb 20:00 | 27 Apr 15:00 | 30 Jan 19:45 | 30 Mar 15:00
Liam Ridgewell,,38,2485,3,87,1 2 3 4 5 6 7 8 9 10 11 12 13 14 15 16 17 18 19 20 21 22 23 24 25 26 27 28 29 30 31 32 34 35 36 37 38,01 Dec 15:00 | 01 Jan 12:45 | 01 Sep 15:00 | 02 Mar 15:00 | 03 Feb 13:30 | 05 Nov 20:00 | 06 Apr 15:00 | 06 Oct 15:00 | 07 May 19:45 | 08 Dec 15:00 | 09 Mar 15:00 | 10 Nov 15:00 | 11 Feb 20:00 | 12 Jan 15:00 | 12 May 15:00 | 15 Sep 15:00 | 16 Dec 16:00 | 16 Mar 15:00 | 17 March 15:00 | 17 Nov 15:00 | 18 Aug 15:00 | 19 Jan 17:30 | 19 May 16:00 | 20 Apr 15:00 | 20 Oct 15:00 | 22 Dec 15:00 | 22 Sep 15:00 | 23 Feb 15:00 | 24 Nov 12:45 | 25 Aug 15:00 | 26 Dec 15:00 | 27 Apr 15:00 | 28 Nov 19:45 | 28 Oct 15:00 | 29 Dec 15:00 | 30 Jan 19:45 | 30 Mar 15:00 | 30 Sep 16:00
Loic Remy,,16,1141,0,53,23 24 25 26 27 28 29 30 31 32 33 34 35 36 37 38,01 Apr 20:00 | 02 Feb 12:45 | 02 Mar 15:00 | 04 May 17:30 | 07 Apr 16:10 | 09 Feb 15:00 | 09 Mar 15:00 | 12 May 15:00 | 13 Apr 15:00 | 16 Mar 15:00 | 19 Jan 15:00 | 19 May 16:00 | 20 Apr 15:00 | 23 Feb 15:00 | 28 Apr 13:30 | 29 Jan 19:45
Louis Laing,,39,0,0,0,1 3 4 5 6 7 8 9 10 11 12 13 14 15 16 17 18 19 20 21 22 23 24 25 26 27 28 29 30 31 32 33 34 35 36 37 38,01 Sep 15:00 | 02 Dec 16:00 | 02 Feb 15:00 | 02 Jan 19:45 | 02 Mar 15:00 | 03 Nov 15:00 | 06 May 20:00 | 06 Oct 12:45 | 07 Apr 15:00 | 09 Feb 15:00 | 09 Mar 15:00 | 10 Nov 15:00 | 11 Dec 19:45 | 12 Jan 15:00 | 12 May 15:00 | 14 Apr 12:00 | 15 Dec 15:00 | 15 Sep 17:30 | 17 Mar 13:30 | 18 Aug 15:00 | 18 Nov 16:00 | 19 Jan 15:00 | 19 May 16:00 | 20 Apr 15:00 | 20 March 20:00 | 21 Dec. 20:00 | 21 Oct 13:30 | 22 Dec 15:00 | 22 Sep 15:00 | 23 Feb 15:00 | 24 Nov 12:45 | 26 Dec 15:00 | 27 Nov 19:45 | 27 Oct 15:00 | 29 Apr 20:00 | 29 Dec 12:45 | 29 Jan 19:45 | 29 Sep 15:00 | 30 Mar 12:45
Louis Saha,,38,257,0,12,1 3 4 5 6 7 8 9 10 11 12 13 14 15 16 17 18 19 20 21 22 23 24 25 26 27 28 29 30 31 32 33 34 35 36 37 38,01 Sep 15:00 | 02 Dec 16:00 | 02 Feb 15:00 | 02 Jan 19:45 | 02 Mar 15:00 | 03 Nov 15:00 | 06 May 20:00 | 06 Oct 12:45 | 07 Apr 15:00 | 09 Feb 15:00 | 09 Mar 15:00 | 10 Nov 15:00 | 11 Dec 19:45 | 12 Jan 15:00 | 12 May 15:00 | 14 Apr 12:00 | 15 Dec 15:00 | 15 Sep 17:30 | 17 Mar 13:30 | 18 Aug 15:00 | 18 Nov 16:00 | 19 Jan 15:00 | 19 May 16:00 | 20 Apr 15:00 | 21 March 19:45 | 21 Oct 13:30 | 22 Dec 15:00 | 22 Sep 15:00 | 23 Feb 15:00 | 24 Nov 12:45 | 26 Dec 15:00 | 27 Nov 19:45 | 27 Oct 15:00 | 29 Apr 20:00 | 29 Dec 12:45 | 29 Jan 19:45 | 29 Sep 15:00 | 30 Mar 12:45
Lucas Piazon,,35,17,1,2,1 2 4 5 6 7 8 9 10 11 12 13 14 15 16 18 19 20 21 22 23 24 25 26 27 28 30 31 32 33 34 35 36 37 38,01 Dec 12:45 | 02 Feb 15:00 | 02 Jan 19:45 | 02 Mar 15:00 | 03 Nov 15:00 | 06 Oct 15:00 | 07 Apr 15:00 | 08 Dec 15:00 | 08 May 19:45 | 09 Feb 15:00 | 11 May 12:45 | 11 Nov 16:00 | 15 Sep 15:00 | 16 Jan 19:45 | 17 Apr 20:00 | 17 Mar 16:00 | 17 Nov 15:00 | 19 May 16:00 | 20 Jan 13:30 | 20 Oct 12:45 | 21 Apr 16:00 | 22 Aug 19:45 | 22 Sep 15:00 | 23 Dec 16:00 | 24 Feb 13:30 | 25 Aug 17:30 | 25 Nov 16:00 | 26 Dec 15:00 | 28 Apr 15:00 | 28 Nov 19:45 | 28 Oct 16:00 | 29 Sep 12:45 | 30 Dec 13:30 | 30 Jan 20:00 | 30 Mar 15:00
Luis Nani,,38,630,3,34,1 2 3 4 5 6 7 8 9 10 11 12 13 14 15 16 17 18 19 20 21 22 23 24 25 26 27 28 29 30 31 32 33 34 35 36 37 38,01 Dec 17:30 | 01 Jan 15:00 | 02 Feb 17:30 | 02 Mar 15:00 | 02 Sep 16:00 | 03 Nov 12:45 | 05 May 16:00 | 07 Oct 16:00 | 08 Apr 20:00 | 09 Dec 13:30 | 10 Feb 16:00 | 10 Nov 17:30 | 12 May 16:00 | 13 Jan 13:30 | 15 Dec 15:00 | 15 Sep 15:00 | 16 Mar 17:30 | 17 Apr 19:45 | 17 Nov 17:30 | 18 March 13:30 | 19 May 16:00 | 20 Aug 20:00 | 20 Jan 16:00 | 20 Oct 15:00 | 22 Apr 20:00 | 23 Dec 13:30 | 23 Feb 15:00 | 23 Sep 13:30 | 24 Nov 15:00 | 25 Aug 15:00 | 26 Dec 15:00 | 28 Apr 16:00 | 28 Nov 20:00 | 28 Oct 16:00 | 29 Dec 15:00 | 29 Sep 17:30 | 30 Jan 20:00 | 30 Mar 12:45
Luis Suarez,,38,2944,10,213,1 2 3 4 5 6 7 8 9 10 11 12 13 14 15 16 17 18 19 20 21 22 23 24 25 26 28 29 30 31 32 33 34 35 36 37 38,01 Dec 15:00 | 02 Jan 19:45 | 02 Mar 17:30 | 02 Sep 13:30 | 03 Feb 16:00 | 04 Nov 16:00 | 05 May 13:30 | 07 Apr 13:30 | 07 Oct 15:00 | 09 Dec 16:00 | 10 Mar 16:00 | 11 Nov 16:00 | 12 May 15:00 | 13 Apr 15:00 | 13 Jan 13:30 | 15 Dec 15:00 | 15 Sep 17:30 | 16 Mar 15:00 | 17 Feb 15:00 | 17 Nov 15:00 | 18 Aug 15:00 | 19 Jan 15:00 | 19 May 16:00 | 20 Oct 15:00 | 21 Apr 16:00 | 21 March 20:00 | 22 Dec 17:30 | 23 Sep 13:30 | 25 Nov 13:30 | 26 Aug 16:00 | 26 Dec 19:45 | 27 Apr 17:30 | 28 Nov 19:45 | 28 Oct 13:30 | 29 Sep 15:00 | 30 Dec 16:00 | 30 Jan 19:45 | 31 Mar 13:30
Luka Modric,,38,0,0,0,1 2 3 4 5 6 7 8 9 10 11 12 13 14 15 16 17 18 19 20 21 22 23 24 25 26 27 28 29 30 31 32 34 35 36 37 38,01 Dec 15:00 | 01 Jan 15:00 | 01 Sep 15:00 | 03 Feb 13:30 | 03 Mar 16:00 | 03 Nov 15:00 | 07 Apr 14:05 | 07 Oct 15:00 | 08 May 19:45 | 09 Dec 15:00 | 09 Feb 12:45 | 10 Mar 16:00 | 11 Nov 13:30 | 12 Jan 12:45 | 12 May 13:30 | 16 Dec 13:30 | 16 Sep 16:00 | 17 Mar 15:00 | 17 Nov 12:45 | 18 Aug 17:30 | 19 May 16:00 | 20 Jan 16:00 | 20 Oct 12:45 | 21 Apr 13:30 | 22 Aug. 20:00 | 22 Dec 15:00 | 23 Sep 16:00 | 25 Aug 15:00 | 25 Feb 20:00 | 25 Nov 16:00 | 26 Dec 17:30 | 27 Apr 15:00 | 28 Nov 19:45 | 28 Oct 15:00 | 29 Dec 12:45 | 29 Sep 17:30 | 30 Jan 19:45 | 30 Mar 15:00
Lukas Podolski,,12,804,3,50,1 2 3 4 5 6 7 8 9 10 20 30,02 Sep 13:30 | 03 Nov 12:45 | 06 Oct 17:30 | 15 Sep 15:00 | 16 Mar 15:00 | 18 Aug 15:00 | 20 Oct 17:30 | 23 Sep 16:00 | 26 Aug 13:30 | 27 Oct 15:00 | 29 Dec 17:30 | 29 Sep 12:45
Lukasz Fabianski,,12,90,0,6,1 2 3 4 5 6 7 8 9 10 20 30,02 Sep 13:30 | 03 Nov 12:45 | 06 Oct 17:30 | 15 Sep 15:00 | 16 Mar 15:00 | 18 Aug 15:00 | 20 Oct 17:30 | 23 Sep 16:00 | 26 Aug 13:30 | 27 Oct 15:00 | 29 Dec 17:30 | 29 Sep 12:45
Luke Daniels,,37,0,0,0,1 2 3 4 5 6 7 8 9 10 11 12 13 14 15 16 17 18 19 20 21 22 23 24 25 26 27 28 29 30 31 32 34 35 36 37 38,01 Dec 15:00 | 01 Jan 12:45 | 01 Sep 15:00 | 02 Mar 15:00 | 03 Feb 13:30 | 05 Nov 20:00 | 06 Apr 15:00 | 06 Oct 15:00 | 07 May 19:45 | 08 Dec 15:00 | 09 Mar 15:00 | 10 Nov 15:00 | 11 Feb 20:00 | 12 Jan 15:00 | 12 May 15:00 | 15 Sep 15:00 | 16 Dec 16:00 | 16 Mar 15:00 | 17 Nov 15:00 | 18 Aug 15:00 | 19 Jan 17:30 | 19 May 16:00 | 20 Apr 15:00 | 20 Oct 15:00 | 22 Dec 15:00 | 22 Sep 15:00 | 23 Feb 15:00 | 24 Nov 12:45 | 25 Aug 15:00 | 26 Dec 15:00 | 27 Apr 15:00 | 28 Nov 19:45 | 28 Oct 15:00 | 29 Dec 15:00 | 30 Jan 19:45 | 30 Mar 15:00 | 30 Sep 16:00
Luke Moore,,36,505,2,38,1 2 3 4 5 6 7 8 9 10 11 12 13 14 15 16 17 18 19 20 21 22 23 24 25 26 28 29 30 31 32 34 35 36 37 38,01 Dec 15:00 | 01 Jan 15:00 | 01 Sep 15:00 | 02 Feb 15:00 | 02 Mar 15:00 | 03 Nov 15:00 | 06 Apr 15:00 | 06 Oct 15:00 | 07 May 19:45 | 08 Dec 15:00 | 09 Mar 15:00 | 10 Nov 15:00 | 12 Jan 15:00 | 12 May 16:00 | 15 Sep 15:00 | 16 Dec 13:30 | 16 Mar 15:00 | 17 Feb 15:00 | 17 Nov 15:00 | 18 Aug 15:00 | 19 Jan 15:00 | 19 May 16:00 | 20 Apr 15:00 | 20 Oct 15:00 | 22 Sep 12:45 | 23 Dec 13:30 | 25 Aug 12:45 | 25 Nov 13:30 | 26 Dec 15:00 | 27 Oct 17:30 | 28 Apr 15:00 | 28 Nov 19:45 | 29 Dec 15:00 | 29 Jan 19:45 | 29 Sep 15:00 | 30 Mar 15:00
Luke Shaw,,37,1864,0,60,1 2 3 4 5 6 7 8 9 10 11 12 13 14 15 16 18 19 20 21 22 23 24 25 26 27 28 29 30 31 32 33 34 35 36 37 38,01 Dec 15:00 | 01 Jan 17:30 | 02 Feb 15:00 | 02 Mar 15:00 | 02 Sep 16:00 | 04 May 15:00 | 05 Nov 20:00 | 06 Apr 12:45 | 07 Oct 13:30 | 08 Dec 15:00 | 09 Feb 17:30 | 09 Mar 15:00 | 10 Nov 15:00 | 12 May 15:00 | 13 Apr 15:00 | 15 Sep 15:00 | 16 Jan 19:45 | 16 Mar 15:00 | 17 Nov 15:00 | 19 Aug 16:00 | 19 May 16:00 | 20 Apr 15:00 | 20 Oct 15:00 | 21 Jan 20:00 | 22 Dec 15:00 | 22 Sep 15:00 | 24 Feb 13:30 | 25 Aug 15:00 | 25 Nov 15:00 | 26 Dec 15:00 | 27 Apr 15:00 | 28 Nov 19:45 | 28 Oct 15:00 | 29 Dec 15:00 | 29 Sep 15:00 | 30 Jan 20:00 | 30 Mar 15:00
Luke Young,,38,0,0,0,1 2 3 4 5 6 7 8 9 10 11 12 13 14 15 16 17 18 19 20 21 22 23 24 25 26 27 28 29 30 31 32 33 34 35 36 37 38,01 Apr 20:00 | 01 Dec 15:00 | 01 Oct 20:00 | 01 Sep 17:30 | 02 Feb 12:45 | 02 Jan 19:45 | 02 Mar 15:00 | 04 May 17:30 | 04 Nov 13:30 | 06 Oct 15:00 | 07 Apr 16:10 | 08 Dec 15:00 | 09 Feb 15:00 | 09 Mar 15:00 | 10 Nov 15:00 | 12 Jan 12:45 | 12 May 15:00 | 13 Apr 15:00 | 15 Dec 15:00 | 15 Sep 15:00 | 16 Mar 15:00 | 17 Nov 15:00 | 18 Aug 15:00 | 19 Jan 15:00 | 19 May 16:00 | 20 Apr 15:00 | 21 Oct 16:00 | 22 Dec 15:00 | 23 Feb 15:00 | 23 Sep 16:00 | 24 Nov 15:00 | 25 Aug 15:00 | 26 Dec 15:00 | 27 Nov 19:45 | 27 Oct 15:00 | 28 Apr 13:30 | 29 Jan 19:45 | 30 Dec 16:00
Magaye Gueye,,38,64,0,3,1 2 3 4 5 6 7 8 9 10 11 12 13 14 15 16 17 18 19 20 21 22 23 24 25 26 27 28 29 30 31 32 33 34 35 36 37 38,01 Dec 15:00 | 01 Sep 15:00 | 02 Feb 15:00 | 02 Jan 20:00 | 02 Mar 15:00 | 03 Nov 15:00 | 05 May 13:30 | 06 Oct 15:00 | 07 Apr 14:05 | 09 Dec 15:00 | 10 Feb 16:00 | 10 Nov 15:00 | 12 Jan 15:00 | 12 May 15:00 | 15 Dec 15:00 | 16 Apr 19:45 | 16 Mar 12:45 | 17 Nov 15:00 | 17 Sep 20:00 | 19 May 16:00 | 20 Apr 15:00 | 20 Aug 20:00 | 21 Jan 20:00 | 21 March 20:00 | 21 Oct 16:00 | 22 Dec 15:00 | 22 Sep 12:45 | 23 Feb 15:00 | 24 Nov 15:00 | 25 Aug 15:00 | 26 Dec 15:00 | 27 Apr 15:00 | 28 Nov 19:45 | 28 Oct 13:30 | 29 Sep 15:00 | 30 Dec 13:30 | 30 Jan 19:45 | 30 Mar 17:30
Mahamadou Diarra,,37,605,0,16,1 2 3 4 5 6 7 8 9 10 11 12 13 14 15 16 17 18 19 20 21 22 23 24 25 26 27 28 30 31 32 33 34 35 36 37 38,01 Apr 20:00 | 01 Dec 15:00 | 01 Jan 12:45 | 01 Sep 12:45 | 02 Feb 17:30 | 02 Mar 15:00 | 03 Nov 15:00 | 04 May 15:00 | 07 Apr 15:00 | 07 Oct 13:30 | 09 Feb 15:00 | 10 Dec 20:00 | 10 Nov 15:00 | 12 Jan 15:00 | 12 May 15:00 | 15 Dec 15:00 | 15 Sep 15:00 | 17 Apr 20:00 | 17 Mar 15:00 | 18 Aug 15:00 | 18 Nov 16:00 | 19 Jan 15:00 | 19 May 16:00 | 20 Apr 15:00 | 20 Oct 15:00 | 22 Dec 17:30 | 22 Sep 15:00 | 23 Feb 12:45 | 24 Nov 15:00 | 25 Aug 15:00 | 26 Dec 15:00 | 27 Apr 15:00 | 27 Oct 15:00 | 28 Nov 19:45 | 29 Dec 15:00 | 29 Sep 15:00 | 30 Jan 20:00
Mamady Sidibe,,40,0,0,0,1 2 3 4 5 6 7 8 9 10 11 12 13 14 15 16 17 18 19 20 21 22 23 24 25 26 27 28 29 30 31 32 33 34 35 36 37 38,01 Dec 15:00 | 01 Jan 15:00 | 01 Sep 15:00 | 02 Feb 15:00 | 02 Mar 15:00 | 03 Nov 15:00 | 06 Apr 15:00 | 06 May 20:00 | 07 Oct 15:00 | 08 Dec 15:00 | 09 Feb 15:00 | 10 Mar 15:00 | 10 Nov 15:00 | 12 Jan 15:00 | 12 May 13:30 | 14 Apr 14:05 | 15 Dec 15:00 | 15 Sep 15:00 | 16 Mar 15:00 | 18 Aug 15:00 | 19 Jan 15:00 | 19 May 16:00 | 19 Nov 20:00 | 20 Apr 15:00 | 20 Oct 15:00 | 21 Aug. 13:30 | 22 Dec 15:00 | 22 Sep 15:00 | 23 Feb 12:45 | 24 Nov 15:00 | 26 Aug 13:30 | 26 Dec 19:45 | 27 Apr 15:00 | 27 Oct 15:00 | 28 Aug. 15:00 | 28 Nov 19:45 | 29 Dec 15:00 | 29 Jan 19:45 | 29 Sep 15:00 | 30 Mar 17:30
Mapou Yanga-Mbiwa,,15,1037,0,29,24 25 26 27 28 29 30 31 32 33 34 35 36 37 38,02 Feb 15:00 | 02 Mar 15:00 | 04 May 15:00 | 07 Apr 15:00 | 09 Feb 12:45 | 10 Mar 15:00 | 12 May 15:00 | 14 Apr 12:00 | 17 Mar 16:00 | 19 May 16:00 | 20 Apr 15:00 | 24 Feb 13:30 | 27 Apr 17:30 | 29 Jan 19:45 | 30 Mar 15:00
Marc Albrighton,,12,247,0,7,1 2 3 4 5 6 7 8 9 10 20 30,02 Sep 16:00 | 03 Nov 15:00 | 07 Oct 15:00 | 15 Sep 15:00 | 16 Mar 15:00 | 18 Aug 15:00 | 20 Oct 15:00 | 22 Sep 15:00 | 25 Aug 15:00 | 27 Oct 12:45 | 29 Dec 15:00 | 30 Sep 16:00
Marc Tierney,,38,90,0,0,1 2 3 4 5 6 7 8 9 10 11 12 13 14 15 16 17 18 19 20 21 22 23 24 25 26 27 28 29 30 31 32 33 34 35 36 37 38,01 Jan 15:00 | 01 Sep 15:00 | 02 Dec 16:00 | 02 Feb 12:45 | 02 Mar 15:00 | 03 Nov 15:00 | 04 May 15:00 | 06 Apr 15:00 | 06 Oct 15:00 | 08 Dec 15:00 | 09 Feb 15:00 | 09 Mar 15:00 | 10 Nov 15:00 | 12 Jan 15:00 | 12 May 15:00 | 13 Apr 15:00 | 15 Dec 15:00 | 15 Sep 12:45 | 17 Mar 13:30 | 17 Nov 17:30 | 18 Aug 15:00 | 19 Jan 15:00 | 19 May 16:00 | 20 Apr 15:00 | 20 Oct 17:30 | 22 Dec 15:00 | 23 Feb 15:00 | 23 Sep 15:00 | 24 Nov 15:00 | 25 Aug 15:00 | 26 Dec 15:00 | 27 Apr 15:00 | 27 Oct 12:45 | 28 Nov 19:45 | 29 Dec 15:00 | 29 Sep 15:00 | 30 Jan 19:45 | 30 Mar 15:00
Marc Wilson,,38,1488,0,46,1 2 3 4 5 6 7 8 9 10 11 12 13 14 15 16 17 18 19 20 21 22 23 24 25 26 27 28 29 30 31 32 33 34 35 36 37 38,01 Dec 15:00 | 01 Jan 15:00 | 01 Sep 15:00 | 02 Feb 15:00 | 02 Mar 15:00 | 03 Nov 15:00 | 06 Apr 15:00 | 06 May 20:00 | 07 Oct 15:00 | 08 Dec 15:00 | 09 Feb 15:00 | 10 Mar 15:00 | 10 Nov 15:00 | 12 Jan 15:00 | 12 May 13:30 | 14 Apr 14:05 | 15 Dec 15:00 | 15 Sep 15:00 | 16 Mar 15:00 | 18 Aug 15:00 | 19 Jan 15:00 | 19 May 16:00 | 19 Nov 20:00 | 20 Apr 15:00 | 20 Oct 15:00 | 22 Dec 15:00 | 22 Sep 15:00 | 23 Feb 12:45 | 24 Nov 15:00 | 26 Aug 13:30 | 26 Dec 19:45 | 27 Apr 15:00 | 27 Oct 15:00 | 28 Nov 19:45 | 29 Dec 15:00 | 29 Jan 19:45 | 29 Sep 15:00 | 30 Mar 17:30
Marc-Antoine Fortune,,38,850,2,41,1 2 3 4 5 6 7 8 9 10 11 12 13 14 15 16 17 18 19 20 21 22 23 24 25 26 27 28 29 30 31 32 33 34 35 36 37 38,01 Dec 15:00 | 01 Jan 12:45 | 01 Sep 15:00 | 02 Mar 15:00 | 03 Feb 13:30 | 05 Nov 20:00 | 06 Apr 15:00 | 06 Oct 15:00 | 07 May 19:45 | 08 Dec 15:00 | 09 Mar 15:00 | 10 Nov 15:00 | 11 April 19:45 | 11 Feb 20:00 | 12 Jan 15:00 | 12 May 15:00 | 15 Sep 15:00 | 16 Dec 16:00 | 16 Mar 15:00 | 17 Nov 15:00 | 18 Aug 15:00 | 19 Jan 17:30 | 19 May 16:00 | 20 Apr 15:00 | 20 Oct 15:00 | 22 Dec 15:00 | 22 Sep 15:00 | 23 Feb 15:00 | 24 Nov 12:45 | 25 Aug 15:00 | 26 Dec 15:00 | 27 Apr 15:00 | 28 Nov 19:45 | 28 Oct 15:00 | 29 Dec 15:00 | 30 Jan 19:45 | 30 Mar 15:00 | 30 Sep 16:00
Marcel Gecov,,38,0,0,0,1 2 3 4 5 6 7 8 9 10 11 12 13 14 15 16 17 18 19 20 21 22 23 24 25 26 27 28 30 31 32 33 34 35 36 37 38,01 Apr 20:00 | 01 Dec 15:00 | 01 Jan 12:45 | 01 Sep 12:45 | 02 Feb 17:30 | 02 Mar 15:00 | 03 Nov 15:00 | 04 May 15:00 | 07 Apr 15:00 | 07 Oct 13:30 | 09 April 20:00 | 09 Feb 15:00 | 10 Dec 20:00 | 10 Nov 15:00 | 12 Jan 15:00 | 12 May 15:00 | 15 Dec 15:00 | 15 Sep 15:00 | 17 Apr 20:00 | 17 Mar 15:00 | 18 Aug 15:00 | 18 Nov 16:00 | 19 Jan 15:00 | 19 May 16:00 | 20 Apr 15:00 | 20 Oct 15:00 | 22 Dec 17:30 | 22 Sep 15:00 | 23 Feb 12:45 | 24 Nov 15:00 | 25 Aug 15:00 | 26 Dec 15:00 | 27 Apr 15:00 | 27 Oct 15:00 | 28 Nov 19:45 | 29 Dec 15:00 | 29 Sep 15:00 | 30 Jan 20:00
Marcello Trotta,,38,0,0,0,1 2 3 4 5 6 7 8 9 10 11 12 13 14 15 16 17 18 19 20 21 22 23 24 25 26 27 28 29 30 31 32 33 34 35 36 37 38,01 Apr 20:00 | 01 Dec 15:00 | 01 Jan 12:45 | 01 Sep 12:45 | 02 Feb 17:30 | 02 Mar 15:00 | 03 Nov 15:00 | 04 May 15:00 | 07 Apr 15:00 | 07 Oct 13:30 | 09 Feb 15:00 | 10 Dec 20:00 | 10 Nov 15:00 | 12 Jan 15:00 | 12 May 15:00 | 15 Dec 15:00 | 15 Sep 15:00 | 17 Apr 20:00 | 17 Mar 15:00 | 17 March 15:00 | 18 Aug 15:00 | 18 Nov 16:00 | 19 Jan 15:00 | 19 May 16:00 | 20 Apr 15:00 | 20 Oct 15:00 | 22 Dec 17:30 | 22 Sep 15:00 | 23 Feb 12:45 | 24 Nov 15:00 | 25 Aug 15:00 | 26 Dec 15:00 | 27 Apr 15:00 | 27 Oct 15:00 | 28 Nov 19:45 | 29 Dec 15:00 | 29 Sep 15:00 | 30 Jan 20:00
Marcos Alonso,,1,56,0,1,17,20 Dec. 20:00
Marcos Angeleri,,38,0,0,0,1 3 4 5 6 7 8 9 10 11 12 13 14 15 16 17 18 19 20 21 22 23 24 25 26 27 28 29 30 31 32 33 34 35 36 37 38,01 Sep 15:00 | 02 Dec 16:00 | 02 Feb 15:00 | 02 Jan 19:45 | 02 Mar 15:00 | 03 Nov 15:00 | 06 May 20:00 | 06 Oct 12:45 | 07 Apr 15:00 | 09 Feb 15:00 | 09 Mar 15:00 | 10 Nov 15:00 | 11 Dec 19:45 | 12 Jan 15:00 | 12 May 15:00 | 14 Apr 12:00 | 15 Dec 15:00 | 15 Sep 17:30 | 17 Mar 13:30 | 18 Aug 15:00 | 18 Nov 16:00 | 19 Jan 15:00 | 19 May 16:00 | 20 Apr 15:00 | 21 Dec. 20:00 | 21 Oct 13:30 | 22 Dec 15:00 | 22 Sep 15:00 | 23 Feb 15:00 | 24 Nov 12:45 | 26 Dec 15:00 | 27 Nov 19:45 | 27 Oct 15:00 | 29 Apr 20:00 | 29 Dec 12:45 | 29 Jan 19:45 | 29 Sep 15:00 | 30 Mar 12:45
Marcus Marcus Olsson,,1,90,0,2,33,10 April 20:00
Marek Cech,,2,0,0,0,27 33,03 March 15:00 | 11 April 19:45
Mario Balotelli,,38,636,1,28,1 2 3 4 5 6 7 8 9 10 11 12 13 14 15 16 17 18 19 20 21 22 23 24 25 26 27 28 29 30 31 32 33 34 35 36 37 38,01 Dec 15:00 | 01 Jan 15:00 | 01 Sep 17:30 | 03 Feb 16:00 | 03 Nov 17:30 | 04 Mar 20:00 | 06 Oct 12:45 | 07 May 19:45 | 08 Apr 20:00 | 09 Dec 13:30 | 09 Feb 17:30 | 11 Nov 13:30 | 13 Jan 16:00 | 14 May 20:00 | 15 Dec 12:45 | 15 Sep 15:00 | 16 Mar 12:45 | 17 Apr 19:45 | 17 Nov 15:00 | 19 Aug 16:00 | 19 Jan 15:00 | 19 May 16:00 | 20 Oct 15:00 | 21 Apr 13:30 | 21 March 19:45 | 22 Dec 15:00 | 23 Sep 16:00 | 24 Feb 13:30 | 25 Nov 16:00 | 26 Aug 16:00 | 26 Dec 15:00 | 27 Apr 12:45 | 27 Oct 17:30 | 28 Nov 20:00 | 29 Dec 15:00 | 29 Jan 19:45 | 29 Sep 15:00 | 30 Mar 15:00
Mark Bunn,,34,1853,0,60,5 6 7 8 9 10 11 12 13 14 15 16 17 18 19 20 21 22 23 24 25 26 27 28 29 30 31 32 33 34 35 36 37 38,01 Jan 15:00 | 02 Dec 16:00 | 02 Feb 12:45 | 02 Mar 15:00 | 03 Nov 15:00 | 04 May 15:00 | 06 Apr 15:00 | 06 Oct 15:00 | 08 Dec 15:00 | 09 Feb 15:00 | 09 Mar 15:00 | 10 Nov 15:00 | 12 Jan 15:00 | 12 May 15:00 | 13 Apr 15:00 | 15 Dec 15:00 | 17 Mar 13:30 | 17 Nov 17:30 | 19 Jan 15:00 | 19 May 16:00 | 20 Apr 15:00 | 20 Oct 17:30 | 22 Dec 15:00 | 23 Feb 15:00 | 23 Sep 15:00 | 24 Nov 15:00 | 26 Dec 15:00 | 27 Apr 15:00 | 27 Oct 12:45 | 28 Nov 19:45 | 29 Dec 15:00 | 29 Sep 15:00 | 30 Jan 19:45 | 30 Mar 15:00
Mark Davies M,,2,155,0,12,3 17,20 Dec. 20:00 | 27 Aug. 17:30
Mark Gower,,36,7,0,1,1 2 3 4 5 6 7 8 9 10 11 12 13 14 15 16 17 18 19 20 21 22 23 24 25 26 28 29 30 31 32 34 35 36 37 38,01 Dec 15:00 | 01 Jan 15:00 | 01 Sep 15:00 | 02 Feb 15:00 | 02 Mar 15:00 | 03 Nov 15:00 | 06 Apr 15:00 | 06 Oct 15:00 | 07 May 19:45 | 08 Dec 15:00 | 09 Mar 15:00 | 10 Nov 15:00 | 12 Jan 15:00 | 12 May 16:00 | 15 Sep 15:00 | 16 Dec 13:30 | 16 Mar 15:00 | 17 Feb 15:00 | 17 Nov 15:00 | 18 Aug 15:00 | 19 Jan 15:00 | 19 May 16:00 | 20 Apr 15:00 | 20 Oct 15:00 | 22 Sep 12:45 | 23 Dec 13:30 | 25 Aug 12:45 | 25 Nov 13:30 | 26 Dec 15:00 | 27 Oct 17:30 | 28 Apr 15:00 | 28 Nov 19:45 | 29 Dec 15:00 | 29 Jan 19:45 | 29 Sep 15:00 | 30 Mar 15:00
Mark Noble,,36,2196,4,96,1 2 3 4 5 6 7 8 9 10 11 12 13 14 15 16 17 18 20 21 22 23 24 25 26 27 28 30 31 32 33 34 35 36 37 38,01 Dec 12:45 | 01 Jan 15:00 | 01 Oct 20:00 | 01 Sep 12:45 | 02 Feb 15:00 | 02 Mar 15:00 | 03 Nov 17:30 | 04 May 15:00 | 06 Oct 17:30 | 07 Apr 13:30 | 09 Dec 16:00 | 10 Feb 13:30 | 11 Nov 15:00 | 12 Jan 15:00 | 12 May 15:00 | 15 Sep 12:45 | 16 Dec 16:00 | 17 Apr 19:45 | 17 Mar 16:00 | 18 Aug 15:00 | 19 May 16:00 | 19 Nov 20:00 | 20 Apr 15:00 | 20 Oct 15:00 | 22 Dec 15:00 | 22 Sep 15:00 | 23 Jan 19:45 | 25 Aug 12:45 | 25 Feb 20:00 | 25 Nov 16:00 | 27 Apr 12:45 | 27 Oct 15:00 | 28 Nov 20:00 | 29 Dec 15:00 | 30 Jan 20:00 | 30 Mar 15:00
Mark Schwarzer,,38,3240,0,133,1 2 3 4 5 6 7 8 9 10 11 12 13 14 15 16 17 18 19 20 21 22 23 24 25 26 27 28 29 30 31 32 33 34 35 36 37 38,01 Apr 20:00 | 01 Dec 15:00 | 01 Jan 12:45 | 01 Sep 12:45 | 02 Feb 17:30 | 02 Mar 15:00 | 03 Nov 15:00 | 04 May 15:00 | 07 Apr 15:00 | 07 Oct 13:30 | 09 Feb 15:00 | 10 Dec 20:00 | 10 Nov 15:00 | 12 Jan 15:00 | 12 May 15:00 | 15 Dec 15:00 | 15 Sep 15:00 | 17 Apr 20:00 | 17 Mar 15:00 | 17 March 15:00 | 18 Aug 15:00 | 18 Nov 16:00 | 19 Jan 15:00 | 19 May 16:00 | 20 Apr 15:00 | 20 Oct 15:00 | 22 Dec 17:30 | 22 Sep 15:00 | 23 Feb 12:45 | 24 Nov 15:00 | 25 Aug 15:00 | 26 Dec 15:00 | 27 Apr 15:00 | 27 Oct 15:00 | 28 Nov 19:45 | 29 Dec 15:00 | 29 Sep 15:00 | 30 Jan 20:00
Marko Marin,,35,144,1,12,1 2 4 5 6 7 8 9 10 11 12 13 14 15 16 18 19 20 21 22 23 24 25 26 27 28 30 31 32 33 34 35 36 37 38,01 Dec 12:45 | 02 Feb 15:00 | 02 Jan 19:45 | 02 Mar 15:00 | 03 Nov 15:00 | 06 Oct 15:00 | 07 Apr 15:00 | 08 Dec 15:00 | 08 May 19:45 | 09 Feb 15:00 | 11 May 12:45 | 11 Nov 16:00 | 15 Sep 15:00 | 16 Jan 19:45 | 17 Apr 20:00 | 17 Mar 16:00 | 17 Nov 15:00 | 19 May 16:00 | 20 Jan 13:30 | 20 Oct 12:45 | 21 Apr 16:00 | 22 Aug 19:45 | 22 Sep 15:00 | 23 Dec 16:00 | 24 Feb 13:30 | 25 Aug 17:30 | 25 Nov 16:00 | 26 Dec 15:00 | 28 Apr 15:00 | 28 Nov 19:45 | 28 Oct 16:00 | 29 Sep 12:45 | 30 Dec 13:30 | 30 Jan 20:00 | 30 Mar 15:00
Markus Rosenberg,,37,497,1,29,1 2 3 4 5 6 7 8 9 10 11 12 13 14 15 16 17 18 19 20 21 22 23 24 25 26 27 28 29 30 31 32 34 35 36 37 38,01 Dec 15:00 | 01 Jan 12:45 | 01 Sep 15:00 | 02 Mar 15:00 | 03 Feb 13:30 | 05 Nov 20:00 | 06 Apr 15:00 | 06 Oct 15:00 | 07 May 19:45 | 08 Dec 15:00 | 09 Mar 15:00 | 10 Nov 15:00 | 11 Feb 20:00 | 12 Jan 15:00 | 12 May 15:00 | 15 Sep 15:00 | 16 Dec 16:00 | 16 Mar 15:00 | 17 Nov 15:00 | 18 Aug 15:00 | 19 Jan 17:30 | 19 May 16:00 | 20 Apr 15:00 | 20 Oct 15:00 | 22 Dec 15:00 | 22 Sep 15:00 | 23 Feb 15:00 | 24 Nov 12:45 | 25 Aug 15:00 | 26 Dec 15:00 | 27 Apr 15:00 | 28 Nov 19:45 | 28 Oct 15:00 | 29 Dec 15:00 | 30 Jan 19:45 | 30 Mar 15:00 | 30 Sep 16:00
Marouane Chamakh,,12,0,0,0,1 2 3 4 5 6 7 8 9 10 20 30,02 Sep 13:30 | 03 Nov 12:45 | 06 Oct 17:30 | 15 Sep 15:00 | 17 Mar 16:00 | 18 Aug 15:00 | 20 Oct 17:30 | 23 Sep 16:00 | 26 Aug 13:30 | 27 Oct 15:00 | 29 Dec 17:30 | 29 Sep 12:45
Marouane Fellaini,,38,2784,7,168,1 2 3 4 5 6 7 8 9 10 11 12 13 14 15 16 17 18 19 20 21 22 23 24 25 26 27 28 29 30 31 32 33 34 35 36 37 38,01 Dec 15:00 | 01 Sep 15:00 | 02 Feb 15:00 | 02 Jan 20:00 | 02 Mar 15:00 | 03 Nov 15:00 | 05 May 13:30 | 06 Oct 15:00 | 07 Apr 14:05 | 09 Dec 15:00 | 10 Feb 16:00 | 10 Nov 15:00 | 12 Jan 15:00 | 12 May 15:00 | 15 Dec 15:00 | 16 Apr 19:45 | 16 Mar 12:45 | 17 Nov 15:00 | 17 Sep 20:00 | 19 May 16:00 | 20 Apr 15:00 | 20 Aug 20:00 | 21 Jan 20:00 | 21 March 20:00 | 21 Oct 16:00 | 22 Dec 15:00 | 22 Sep 12:45 | 23 Feb 15:00 | 24 Nov 15:00 | 25 Aug 15:00 | 26 Dec 15:00 | 27 Apr 15:00 | 28 Nov 19:45 | 28 Oct 13:30 | 29 Sep 15:00 | 30 Dec 13:30 | 30 Jan 19:45 | 30 Mar 17:30
Martin Kelly,,38,425,0,7,1 2 3 4 5 6 7 8 9 10 11 12 13 14 15 16 17 18 19 20 21 22 23 24 25 26 27 28 29 30 31 32 33 34 35 36 37 38,01 Dec 15:00 | 02 Jan 19:45 | 02 Mar 17:30 | 02 Sep 13:30 | 03 Feb 16:00 | 03 March 12:45 | 04 Nov 16:00 | 05 May 13:30 | 07 Apr 13:30 | 07 Oct 15:00 | 09 Dec 16:00 | 10 Mar 16:00 | 11 Nov 16:00 | 12 May 15:00 | 13 Apr 15:00 | 13 Jan 13:30 | 15 Dec 15:00 | 15 Sep 17:30 | 16 Mar 15:00 | 17 Feb 15:00 | 17 Nov 15:00 | 18 Aug 15:00 | 19 Jan 15:00 | 19 May 16:00 | 20 Oct 15:00 | 21 Apr 16:00 | 22 Dec 17:30 | 23 Sep 13:30 | 25 Nov 13:30 | 26 Aug 16:00 | 26 Dec 19:45 | 27 Apr 17:30 | 28 Nov 19:45 | 28 Oct 13:30 | 29 Sep 15:00 | 30 Dec 16:00 | 30 Jan 19:45 | 31 Mar 13:30
Martin Petrov,,2,180,2,11,3 17,20 Dec. 20:00 | 27 Aug. 17:30
Martin Skrtel,,38,2170,0,89,1 2 3 4 5 6 7 8 9 10 11 12 13 14 15 16 17 18 19 20 21 22 23 24 25 26 27 28 29 30 31 32 33 34 35 36 37 38,01 Dec 15:00 | 02 Jan 19:45 | 02 Mar 17:30 | 02 Sep 13:30 | 03 Feb 16:00 | 03 March 12:45 | 04 Nov 16:00 | 05 May 13:30 | 07 Apr 13:30 | 07 Oct 15:00 | 09 Dec 16:00 | 10 Mar 16:00 | 11 Nov 16:00 | 12 May 15:00 | 13 Apr 15:00 | 13 Jan 13:30 | 15 Dec 15:00 | 15 Sep 17:30 | 16 Mar 15:00 | 17 Feb 15:00 | 17 Nov 15:00 | 18 Aug 15:00 | 19 Jan 15:00 | 19 May 16:00 | 20 Oct 15:00 | 21 Apr 16:00 | 22 Dec 17:30 | 23 Sep 13:30 | 25 Nov 13:30 | 26 Aug 16:00 | 26 Dec 19:45 | 27 Apr 17:30 | 28 Nov 19:45 | 28 Oct 13:30 | 29 Sep 15:00 | 30 Dec 16:00 | 30 Jan 19:45 | 31 Mar 13:30
Marton Fulop,,1,0,0,0,29,17 March 15:00
Massadio Haidara,,15,198,0,3,24 25 26 27 28 29 30 31 32 33 34 35 36 37 38,02 Feb 15:00 | 02 Mar 15:00 | 04 May 15:00 | 07 Apr 15:00 | 09 Feb 12:45 | 10 Mar 15:00 | 12 May 15:00 | 14 Apr 12:00 | 17 Mar 16:00 | 19 May 16:00 | 20 Apr 15:00 | 24 Feb 13:30 | 27 Apr 17:30 | 29 Jan 19:45 | 30 Mar 15:00
Massimo Luongo,,1,0,0,0,29,21 March 19:45
Mathieu Debuchy,,17,1166,1,24,22 23 24 25 26 27 28 29 30 31 32 33 34 35 36 37 38,02 Feb 15:00 | 02 Mar 15:00 | 04 May 15:00 | 07 Apr 15:00 | 09 Feb 12:45 | 10 Mar 15:00 | 12 Jan 15:00 | 12 May 15:00 | 14 Apr 12:00 | 17 Mar 16:00 | 19 Jan 15:00 | 19 May 16:00 | 20 Apr 15:00 | 24 Feb 13:30 | 27 Apr 17:30 | 29 Jan 19:45 | 30 Mar 15:00
Matija Nastasic,,34,1730,0,76,4 5 6 7 8 9 10 11 12 13 14 15 16 17 18 19 20 21 22 23 24 25 26 27 28 30 31 32 33 34 35 36 37 38,01 Dec 15:00 | 01 Jan 15:00 | 03 Feb 16:00 | 03 Nov 17:30 | 04 Mar 20:00 | 06 Oct 12:45 | 07 May 19:45 | 08 Apr 20:00 | 09 Dec 13:30 | 09 Feb 17:30 | 11 Nov 13:30 | 13 Jan 16:00 | 14 May 20:00 | 15 Dec 12:45 | 15 Sep 15:00 | 16 Mar 12:45 | 17 Apr 19:45 | 17 Nov 15:00 | 19 Jan 15:00 | 19 May 16:00 | 20 Oct 15:00 | 21 Apr 13:30 | 22 Dec 15:00 | 23 Sep 16:00 | 24 Feb 13:30 | 25 Nov 16:00 | 26 Dec 15:00 | 27 Apr 12:45 | 27 Oct 17:30 | 28 Nov 20:00 | 29 Dec 15:00 | 29 Jan 19:45 | 29 Sep 15:00 | 30 Mar 15:00
Matt Doherty,,1,0,0,0,17,20 Dec. 19:45
Matthew Briggs,,38,297,1,9,1 2 3 4 5 6 7 8 9 10 11 12 13 14 15 16 17 18 19 20 21 22 23 24 25 26 27 28 29 30 31 32 33 34 35 36 37 38,01 Apr 20:00 | 01 Dec 15:00 | 01 Jan 12:45 | 01 Sep 12:45 | 02 Feb 17:30 | 02 Mar 15:00 | 03 Nov 15:00 | 04 May 15:00 | 07 Apr 15:00 | 07 Oct 13:30 | 09 Feb 15:00 | 10 Dec 20:00 | 10 Nov 15:00 | 12 Jan 15:00 | 12 May 15:00 | 15 Dec 15:00 | 15 Sep 15:00 | 17 Apr 20:00 | 17 Mar 15:00 | 17 March 15:00 | 18 Aug 15:00 | 18 Nov 16:00 | 19 Jan 15:00 | 19 May 16:00 | 20 Apr 15:00 | 20 Oct 15:00 | 22 Dec 17:30 | 22 Sep 15:00 | 23 Feb 12:45 | 24 Nov 15:00 | 25 Aug 15:00 | 26 Dec 15:00 | 27 Apr 15:00 | 27 Oct 15:00 | 28 Nov 19:45 | 29 Dec 15:00 | 29 Sep 15:00 | 30 Jan 20:00
Matthew Connolly,,38,0,0,0,1 2 3 4 5 6 7 8 9 10 11 12 13 14 15 16 17 18 19 20 21 22 23 24 25 26 27 28 29 30 31 32 33 34 35 36 37 38,01 Apr 20:00 | 01 Dec 15:00 | 01 Oct 20:00 | 01 Sep 17:30 | 02 Feb 12:45 | 02 Jan 19:45 | 02 Mar 15:00 | 04 May 17:30 | 04 Nov 13:30 | 06 Oct 15:00 | 07 Apr 16:10 | 08 Dec 15:00 | 09 Feb 15:00 | 09 Mar 15:00 | 10 Nov 15:00 | 12 Jan 12:45 | 12 May 15:00 | 13 Apr 15:00 | 15 Dec 15:00 | 15 Sep 15:00 | 16 Mar 15:00 | 17 Nov 15:00 | 18 Aug 15:00 | 19 Jan 15:00 | 19 May 16:00 | 20 Apr 15:00 | 21 Oct 16:00 | 22 Dec 15:00 | 23 Feb 15:00 | 23 Sep 16:00 | 24 Nov 15:00 | 25 Aug 15:00 | 26 Dec 15:00 | 27 Nov 19:45 | 27 Oct 15:00 | 28 Apr 13:30 | 29 Jan 19:45 | 30 Dec 16:00
Matthew Etherington,,40,1876,0,61,1 2 3 4 5 6 7 8 9 10 11 12 13 14 15 16 17 18 19 20 21 22 23 24 25 26 27 28 29 30 31 32 33 34 35 36 37 38,01 Dec 15:00 | 01 Jan 15:00 | 01 Sep 15:00 | 02 Feb 15:00 | 02 Mar 15:00 | 03 Nov 15:00 | 06 Apr 15:00 | 06 May 20:00 | 07 Oct 15:00 | 08 Dec 15:00 | 09 Feb 15:00 | 10 Mar 15:00 | 10 Nov 15:00 | 12 Jan 15:00 | 12 May 13:30 | 14 Apr 14:05 | 15 Dec 15:00 | 15 Sep 15:00 | 16 Mar 15:00 | 18 Aug 15:00 | 19 Jan 15:00 | 19 May 16:00 | 19 Nov 20:00 | 20 Apr 15:00 | 20 Oct 15:00 | 21 Aug. 13:30 | 22 Dec 15:00 | 22 Sep 15:00 | 23 Feb 12:45 | 24 Nov 15:00 | 26 Aug 13:30 | 26 Dec 19:45 | 27 Apr 15:00 | 27 Oct 15:00 | 28 Aug. 15:00 | 28 Nov 19:45 | 29 Dec 15:00 | 29 Jan 19:45 | 29 Sep 15:00 | 30 Mar 17:30
Matthew Jarvis,,36,2502,2,91,2 3 4 5 6 7 8 9 10 11 12 13 14 15 16 17 18 20 21 22 23 24 25 26 27 28 30 31 32 33 34 35 36 37 38,01 Dec 12:45 | 01 Jan 15:00 | 01 Oct 20:00 | 01 Sep 12:45 | 02 Feb 15:00 | 02 Mar 15:00 | 03 Nov 17:30 | 04 May 15:00 | 06 Oct 17:30 | 07 Apr 13:30 | 09 Dec 16:00 | 10 Feb 13:30 | 11 April 19:45 | 11 Nov 15:00 | 12 Jan 15:00 | 12 May 15:00 | 15 Sep 12:45 | 16 Dec 16:00 | 17 Apr 19:45 | 17 Mar 16:00 | 19 May 16:00 | 19 Nov 20:00 | 20 Apr 15:00 | 20 Oct 15:00 | 22 Dec 15:00 | 22 Sep 15:00 | 23 Jan 19:45 | 25 Aug 12:45 | 25 Feb 20:00 | 25 Nov 16:00 | 27 Apr 12:45 | 27 Oct 15:00 | 28 Nov 20:00 | 29 Dec 15:00 | 30 Jan 20:00 | 30 Mar 15:00
Matthew Kennedy,,26,0,0,0,12 13 14 15 16 17 18 19 20 21 22 23 24 25 26 27 28 30 31 32 33 34 35 36 37 38,01 Dec 15:00 | 02 Feb 15:00 | 02 Jan 20:00 | 02 Mar 15:00 | 05 May 13:30 | 07 Apr 14:05 | 09 Dec 15:00 | 10 Feb 16:00 | 12 Jan 15:00 | 12 May 15:00 | 15 Dec 15:00 | 16 Apr 19:45 | 16 Mar 12:45 | 17 Nov 15:00 | 19 May 16:00 | 20 Apr 15:00 | 21 Jan 20:00 | 22 Dec 15:00 | 23 Feb 15:00 | 24 Nov 15:00 | 26 Dec 15:00 | 27 Apr 15:00 | 28 Nov 19:45 | 30 Dec 13:30 | 30 Jan 19:45 | 30 Mar 17:30
Matthew Kilgallon,,37,511,0,16,1 3 4 5 6 7 8 9 10 11 12 13 14 15 16 17 18 19 20 21 22 23 24 25 26 27 28 29 30 31 32 33 34 35 36 37 38,01 Sep 15:00 | 02 Dec 16:00 | 02 Feb 15:00 | 02 Jan 19:45 | 02 Mar 15:00 | 03 Nov 15:00 | 06 May 20:00 | 06 Oct 12:45 | 07 Apr 15:00 | 09 Feb 15:00 | 09 Mar 15:00 | 10 Nov 15:00 | 11 Dec 19:45 | 12 Jan 15:00 | 12 May 15:00 | 14 Apr 12:00 | 15 Dec 15:00 | 15 Sep 17:30 | 17 Mar 13:30 | 18 Aug 15:00 | 18 Nov 16:00 | 19 Jan 15:00 | 19 May 16:00 | 20 Apr 15:00 | 21 Oct 13:30 | 22 Dec 15:00 | 22 Sep 15:00 | 23 Feb 15:00 | 24 Nov 12:45 | 26 Dec 15:00 | 27 Nov 19:45 | 27 Oct 15:00 | 29 Apr 20:00 | 29 Dec 12:45 | 29 Jan 19:45 | 29 Sep 15:00 | 30 Mar 12:45
Matthew Lowton,,12,1080,1,36,1 2 3 4 5 6 7 8 9 10 20 30,02 Sep 16:00 | 03 Nov 15:00 | 07 Oct 15:00 | 15 Sep 15:00 | 16 Mar 15:00 | 18 Aug 15:00 | 20 Oct 15:00 | 22 Sep 15:00 | 25 Aug 15:00 | 27 Oct 12:45 | 29 Dec 15:00 | 30 Sep 16:00
Matthew Taylor,,37,1371,4,60,1 2 3 4 5 6 7 8 9 10 11 12 13 14 15 16 17 18 20 21 22 23 24 25 26 27 28 30 31 32 33 34 35 36 37 38,01 Dec 12:45 | 01 Jan 15:00 | 01 Oct 20:00 | 01 Sep 12:45 | 02 Feb 15:00 | 02 Mar 15:00 | 03 Nov 17:30 | 04 May 15:00 | 06 Oct 17:30 | 07 Apr 13:30 | 09 Dec 16:00 | 10 Feb 13:30 | 11 Nov 15:00 | 12 Jan 15:00 | 12 May 15:00 | 15 Sep 12:45 | 16 Dec 16:00 | 17 Apr 19:45 | 17 Mar 16:00 | 18 Aug 15:00 | 19 May 16:00 | 19 Nov 20:00 | 20 Apr 15:00 | 20 Dec. 20:00 | 20 Oct 15:00 | 22 Dec 15:00 | 22 Sep 15:00 | 23 Jan 19:45 | 25 Aug 12:45 | 25 Feb 20:00 | 25 Nov 16:00 | 27 Apr 12:45 | 27 Oct 15:00 | 28 Nov 20:00 | 29 Dec 15:00 | 30 Jan 20:00 | 30 Mar 15:00
Matthew Upson,,39,90,0,9,1 2 3 4 5 6 7 8 9 10 11 12 13 14 15 16 17 18 19 20 21 22 23 24 25 26 27 28 29 30 31 32 33 34 35 36 37 38,01 Dec 15:00 | 01 Jan 15:00 | 01 Sep 15:00 | 02 Feb 15:00 | 02 Mar 15:00 | 03 Nov 15:00 | 06 Apr 15:00 | 06 May 20:00 | 07 Oct 15:00 | 08 Dec 15:00 | 09 Feb 15:00 | 10 Mar 15:00 | 10 Nov 15:00 | 12 Jan 15:00 | 12 May 13:30 | 14 Apr 14:05 | 15 Dec 15:00 | 15 Sep 15:00 | 16 Mar 15:00 | 18 Aug 15:00 | 19 Jan 15:00 | 19 May 16:00 | 19 Nov 20:00 | 20 Apr 15:00 | 20 Oct 15:00 | 21 March 19:45 | 22 Dec 15:00 | 22 Sep 15:00 | 23 Feb 12:45 | 24 Nov 15:00 | 26 Aug 13:30 | 26 Dec 19:45 | 27 Apr 15:00 | 27 Oct 15:00 | 28 Nov 19:45 | 29 Dec 15:00 | 29 Jan 19:45 | 29 Sep 15:00 | 30 Mar 17:30
Matthias Fanimo,,22,0,0,0,15 16 17 18 20 21 22 23 24 25 26 27 28 30 31 32 33 34 35 36 37 38,01 Dec 12:45 | 01 Jan 15:00 | 02 Feb 15:00 | 02 Mar 15:00 | 04 May 15:00 | 07 Apr 13:30 | 09 Dec 16:00 | 10 Feb 13:30 | 12 Jan 15:00 | 12 May 15:00 | 16 Dec 16:00 | 17 Apr 19:45 | 17 Mar 16:00 | 19 May 16:00 | 20 Apr 15:00 | 22 Dec 15:00 | 23 Jan 19:45 | 25 Feb 20:00 | 27 Apr 12:45 | 29 Dec 15:00 | 30 Jan 20:00 | 30 Mar 15:00
Maurice Edu,,36,11,0,1,3 4 5 6 7 8 9 10 11 12 13 14 15 16 17 18 19 20 21 22 23 24 25 26 27 28 29 30 31 32 33 34 35 36 37 38,01 Dec 15:00 | 01 Jan 15:00 | 01 Sep 15:00 | 02 Feb 15:00 | 02 Mar 15:00 | 03 Nov 15:00 | 06 Apr 15:00 | 06 May 20:00 | 07 Oct 15:00 | 08 Dec 15:00 | 09 Feb 15:00 | 10 Mar 15:00 | 10 Nov 15:00 | 12 Jan 15:00 | 12 May 13:30 | 14 Apr 14:05 | 15 Dec 15:00 | 15 Sep 15:00 | 16 Mar 15:00 | 19 Jan 15:00 | 19 May 16:00 | 19 Nov 20:00 | 20 Apr 15:00 | 20 Oct 15:00 | 22 Dec 15:00 | 22 Sep 15:00 | 23 Feb 12:45 | 24 Nov 15:00 | 26 Dec 19:45 | 27 Apr 15:00 | 27 Oct 15:00 | 28 Nov 19:45 | 29 Dec 15:00 | 29 Jan 19:45 | 29 Sep 15:00 | 30 Mar 17:30
Mauro Boselli,,37,135,0,8,1 2 3 4 5 6 7 8 9 10 11 12 13 14 15 16 17 18 19 20 21 22 23 24 25 26 27 28 30 31 32 33 34 35 36 37 38,01 Jan 15:00 | 01 Sep 15:00 | 02 Feb 15:00 | 02 Mar 17:30 | 03 Dec 20:00 | 03 Nov 15:00 | 06 Oct 15:00 | 07 Apr 16:10 | 07 May 19:45 | 08 Dec 15:00 | 09 Feb 15:00 | 10 Nov 15:00 | 12 Jan 15:00 | 14 May 19:45 | 15 Dec 15:00 | 15 Sep 15:00 | 17 Apr 19:45 | 17 Mar 16:00 | 17 Nov 15:00 | 19 Aug 13:30 | 19 Jan 15:00 | 19 May 16:00 | 20 Apr 15:00 | 20 Oct 15:00 | 22 Dec 12:45 | 22 Sep 15:00 | 23 Feb 15:00 | 24 Nov 15:00 | 25 Aug 15:00 | 26 Dec 15:00 | 27 Apr 15:00 | 27 Oct 15:00 | 28 Nov 20:00 | 29 Dec 15:00 | 29 Jan 19:45 | 29 Sep 15:00 | 30 Mar 15:00
Mauro Formica,,2,162,0,5,19 29,20 March 20:00 | 31 Dec. 12:45
Max Ehmer,,34,0,0,0,5 6 7 8 9 10 11 12 13 14 15 16 17 18 19 20 21 22 23 24 25 26 27 28 29 30 31 32 33 34 35 36 37 38,01 Apr 20:00 | 01 Dec 15:00 | 01 Oct 20:00 | 02 Feb 12:45 | 02 Jan 19:45 | 02 Mar 15:00 | 04 May 17:30 | 04 Nov 13:30 | 06 Oct 15:00 | 07 Apr 16:10 | 08 Dec 15:00 | 09 Feb 15:00 | 09 Mar 15:00 | 10 Nov 15:00 | 12 Jan 12:45 | 12 May 15:00 | 13 Apr 15:00 | 15 Dec 15:00 | 16 Mar 15:00 | 17 Nov 15:00 | 19 Jan 15:00 | 19 May 16:00 | 20 Apr 15:00 | 21 Oct 16:00 | 22 Dec 15:00 | 23 Feb 15:00 | 23 Sep 16:00 | 24 Nov 15:00 | 26 Dec 15:00 | 27 Nov 19:45 | 27 Oct 15:00 | 28 Apr 13:30 | 29 Jan 19:45 | 30 Dec 16:00
Maya Yoshida,,34,2763,0,68,4 5 6 7 8 9 10 11 12 13 14 15 16 18 19 20 21 22 23 24 25 26 27 28 29 30 31 32 33 34 35 36 37 38,01 Dec 15:00 | 01 Jan 17:30 | 02 Feb 15:00 | 02 Mar 15:00 | 04 May 15:00 | 05 Nov 20:00 | 06 Apr 12:45 | 07 Oct 13:30 | 08 Dec 15:00 | 09 Feb 17:30 | 09 Mar 15:00 | 10 Nov 15:00 | 12 May 15:00 | 13 Apr 15:00 | 15 Sep 15:00 | 16 Jan 19:45 | 16 Mar 15:00 | 17 Nov 15:00 | 19 May 16:00 | 20 Apr 15:00 | 20 Oct 15:00 | 21 Jan 20:00 | 22 Dec 15:00 | 22 Sep 15:00 | 24 Feb 13:30 | 25 Nov 15:00 | 26 Dec 15:00 | 27 Apr 15:00 | 28 Nov 19:45 | 28 Oct 15:00 | 29 Dec 15:00 | 29 Sep 15:00 | 30 Jan 20:00 | 30 Mar 15:00
Maynor Figueroa,,38,2902,1,71,1 2 3 4 5 6 7 8 9 10 11 12 13 14 15 16 17 18 19 20 21 22 23 24 25 26 27 28 30 31 32 33 34 35 36 37 38,01 Jan 15:00 | 01 Sep 15:00 | 02 Feb 15:00 | 02 Mar 17:30 | 03 Dec 20:00 | 03 Nov 15:00 | 06 Oct 15:00 | 07 Apr 16:10 | 07 May 19:45 | 08 Dec 15:00 | 09 Feb 15:00 | 10 Nov 15:00 | 11 April 19:45 | 12 Jan 15:00 | 14 May 19:45 | 15 Dec 15:00 | 15 Sep 15:00 | 17 Apr 19:45 | 17 Mar 16:00 | 17 Nov 15:00 | 19 Aug 13:30 | 19 Jan 15:00 | 19 May 16:00 | 20 Apr 15:00 | 20 Oct 15:00 | 22 Dec 12:45 | 22 Sep 15:00 | 23 Feb 15:00 | 24 Nov 15:00 | 25 Aug 15:00 | 26 Dec 15:00 | 27 Apr 15:00 | 27 Oct 15:00 | 28 Nov 20:00 | 29 Dec 15:00 | 29 Jan 19:45 | 29 Sep 15:00 | 30 Mar 15:00
Mehdi Abeid,,39,0,0,0,1 2 3 4 5 6 7 8 9 10 11 12 13 14 15 16 17 18 19 20 21 22 23 24 25 26 27 28 29 30 31 32 33 34 35 36 37 38,02 Feb 15:00 | 02 Jan 20:00 | 02 Mar 15:00 | 02 Sep 16:00 | 03 Dec 20:00 | 04 May 15:00 | 04 Nov 16:00 | 07 Apr 15:00 | 07 Oct 16:00 | 09 April 15:00 | 09 Feb 12:45 | 10 Dec 20:00 | 10 Mar 15:00 | 11 Nov 15:00 | 12 Jan 15:00 | 12 May 15:00 | 14 Apr 12:00 | 15 Dec 12:45 | 17 Mar 16:00 | 17 Nov 15:00 | 17 Sep 20:00 | 18 Aug 17:30 | 19 Jan 15:00 | 19 May 16:00 | 20 Apr 15:00 | 21 Oct 13:30 | 22 Dec 15:00 | 23 Sep 15:00 | 24 Feb 13:30 | 25 Aug 17:30 | 25 Nov 15:00 | 26 Dec 15:00 | 27 Apr 17:30 | 28 Nov 19:45 | 28 Oct 15:00 | 29 Dec 17:30 | 29 Jan 19:45 | 29 Sep 15:00 | 30 Mar 15:00
Micah Richards,,38,702,0,33,1 2 3 4 5 6 7 8 9 10 11 12 13 14 15 16 17 18 19 20 21 22 23 24 25 26 27 28 29 30 31 32 33 34 35 36 37 38,01 Dec 15:00 | 01 Jan 15:00 | 01 Sep 17:30 | 03 Feb 16:00 | 03 Nov 17:30 | 04 Mar 20:00 | 06 Oct 12:45 | 07 May 19:45 | 08 Apr 20:00 | 09 Dec 13:30 | 09 Feb 17:30 | 11 Nov 13:30 | 13 Jan 16:00 | 14 May 20:00 | 15 Dec 12:45 | 15 Sep 15:00 | 16 Mar 12:45 | 17 Apr 19:45 | 17 Nov 15:00 | 19 Aug 16:00 | 19 Jan 15:00 | 19 May 16:00 | 20 Oct 15:00 | 21 Apr 13:30 | 21 March 19:45 | 22 Dec 15:00 | 23 Sep 16:00 | 24 Feb 13:30 | 25 Nov 16:00 | 26 Aug 16:00 | 26 Dec 15:00 | 27 Apr 12:45 | 27 Oct 17:30 | 28 Nov 20:00 | 29 Dec 15:00 | 29 Jan 19:45 | 29 Sep 15:00 | 30 Mar 15:00
Michael Carrick,,38,3011,5,94,1 2 3 4 5 6 7 8 9 10 11 12 13 14 15 16 17 18 19 20 21 22 23 24 25 26 27 28 29 30 31 32 33 34 35 36 37 38,01 Dec 17:30 | 01 Jan 15:00 | 02 Feb 17:30 | 02 Mar 15:00 | 02 Sep 16:00 | 03 Nov 12:45 | 05 May 16:00 | 07 Oct 16:00 | 08 Apr 20:00 | 09 Dec 13:30 | 10 Feb 16:00 | 10 Nov 17:30 | 12 May 16:00 | 13 Jan 13:30 | 15 Dec 15:00 | 15 Sep 15:00 | 16 Mar 17:30 | 17 Apr 19:45 | 17 Nov 17:30 | 18 March 13:30 | 19 May 16:00 | 20 Aug 20:00 | 20 Jan 16:00 | 20 Oct 15:00 | 22 Apr 20:00 | 23 Dec 13:30 | 23 Feb 15:00 | 23 Sep 13:30 | 24 Nov 15:00 | 25 Aug 15:00 | 26 Dec 15:00 | 28 Apr 16:00 | 28 Nov 20:00 | 28 Oct 16:00 | 29 Dec 15:00 | 29 Sep 17:30 | 30 Jan 20:00 | 30 Mar 12:45
Michael Dawson,,38,2011,0,64,1 2 3 4 5 6 7 8 9 10 11 12 13 14 15 16 17 18 19 20 21 22 23 24 25 26 27 28 29 30 31 32 34 35 36 37 38,01 Dec 15:00 | 01 Jan 15:00 | 01 Sep 15:00 | 03 Feb 13:30 | 03 Mar 16:00 | 03 Nov 15:00 | 07 Apr 14:05 | 07 Oct 15:00 | 08 May 19:45 | 09 Dec 15:00 | 09 Feb 12:45 | 10 Mar 16:00 | 11 Nov 13:30 | 12 Jan 12:45 | 12 May 13:30 | 16 Dec 13:30 | 16 Sep 16:00 | 17 Mar 15:00 | 17 Nov 12:45 | 18 Aug 17:30 | 19 May 16:00 | 20 Jan 16:00 | 20 Oct 12:45 | 21 Apr 13:30 | 22 Aug. 20:00 | 22 Dec 15:00 | 23 Sep 16:00 | 25 Aug 15:00 | 25 Feb 20:00 | 25 Nov 16:00 | 26 Dec 17:30 | 27 Apr 15:00 | 28 Nov 19:45 | 28 Oct 15:00 | 29 Dec 12:45 | 29 Sep 17:30 | 30 Jan 19:45 | 30 Mar 15:00
Michael Essien,,36,33,0,1,1 2 4 5 6 7 8 9 10 11 12 13 14 15 16 18 19 20 21 22 23 24 25 26 27 28 29 30 31 32 33 34 35 36 37 38,01 Dec 12:45 | 02 Feb 15:00 | 02 Jan 19:45 | 02 Mar 15:00 | 03 Nov 15:00 | 06 Oct 15:00 | 07 Apr 15:00 | 08 Dec 15:00 | 08 May 19:45 | 09 Feb 15:00 | 11 May 12:45 | 11 Nov 16:00 | 15 Sep 15:00 | 16 Jan 19:45 | 17 Apr 20:00 | 17 Mar 16:00 | 17 Nov 15:00 | 19 May 16:00 | 20 Jan 13:30 | 20 Oct 12:45 | 21 Apr 16:00 | 21 March 19:45 | 22 Aug 19:45 | 22 Sep 15:00 | 23 Dec 16:00 | 24 Feb 13:30 | 25 Aug 17:30 | 25 Nov 16:00 | 26 Dec 15:00 | 28 Apr 15:00 | 28 Nov 19:45 | 28 Oct 16:00 | 29 Sep 12:45 | 30 Dec 13:30 | 30 Jan 20:00 | 30 Mar 15:00
Michael Harriman,,38,90,0,2,1 2 3 4 5 6 7 8 9 10 11 12 13 14 15 16 17 18 19 20 21 22 23 24 25 26 27 28 29 30 31 32 33 34 35 36 37 38,01 Apr 20:00 | 01 Dec 15:00 | 01 Oct 20:00 | 01 Sep 17:30 | 02 Feb 12:45 | 02 Jan 19:45 | 02 Mar 15:00 | 04 May 17:30 | 04 Nov 13:30 | 06 Oct 15:00 | 07 Apr 16:10 | 08 Dec 15:00 | 09 Feb 15:00 | 09 Mar 15:00 | 10 Nov 15:00 | 12 Jan 12:45 | 12 May 15:00 | 13 Apr 15:00 | 15 Dec 15:00 | 15 Sep 15:00 | 16 Mar 15:00 | 17 Nov 15:00 | 18 Aug 15:00 | 19 Jan 15:00 | 19 May 16:00 | 20 Apr 15:00 | 21 Oct 16:00 | 22 Dec 15:00 | 23 Feb 15:00 | 23 Sep 16:00 | 24 Nov 15:00 | 25 Aug 15:00 | 26 Dec 15:00 | 27 Nov 19:45 | 27 Oct 15:00 | 28 Apr 13:30 | 29 Jan 19:45 | 30 Dec 16:00
Michael Keane M,,37,0,0,0,1 2 3 4 5 6 7 8 9 10 11 12 13 14 15 16 17 18 19 20 21 22 23 24 25 26 27 28 30 31 32 33 34 35 36 37 38,01 Dec 17:30 | 01 Jan 15:00 | 02 Feb 17:30 | 02 Mar 15:00 | 02 Sep 16:00 | 03 Nov 12:45 | 05 May 16:00 | 07 Oct 16:00 | 08 Apr 20:00 | 09 Dec 13:30 | 10 Feb 16:00 | 10 Nov 17:30 | 12 May 16:00 | 13 Jan 13:30 | 15 Dec 15:00 | 15 Sep 15:00 | 16 Mar 17:30 | 17 Apr 19:45 | 17 Nov 17:30 | 19 May 16:00 | 20 Aug 20:00 | 20 Jan 16:00 | 20 Oct 15:00 | 22 Apr 20:00 | 23 Dec 13:30 | 23 Feb 15:00 | 23 Sep 13:30 | 24 Nov 15:00 | 25 Aug 15:00 | 26 Dec 15:00 | 28 Apr 16:00 | 28 Nov 20:00 | 28 Oct 16:00 | 29 Dec 15:00 | 29 Sep 17:30 | 30 Jan 20:00 | 30 Mar 12:45
Michael Kightly,,39,1280,1,65,1 2 3 4 5 6 7 8 9 10 11 12 13 14 15 16 17 18 19 20 21 22 23 24 25 26 27 28 29 30 31 32 33 34 35 36 37 38,01 Dec 15:00 | 01 Jan 15:00 | 01 Sep 15:00 | 02 Feb 15:00 | 02 Mar 15:00 | 03 Nov 15:00 | 06 Apr 15:00 | 06 May 20:00 | 07 Oct 15:00 | 08 Dec 15:00 | 09 Feb 15:00 | 10 Mar 15:00 | 10 Nov 15:00 | 11 April 19:45 | 12 Jan 15:00 | 12 May 13:30 | 14 Apr 14:05 | 15 Dec 15:00 | 15 Sep 15:00 | 16 Mar 15:00 | 18 Aug 15:00 | 19 Jan 15:00 | 19 May 16:00 | 19 Nov 20:00 | 20 Apr 15:00 | 20 Oct 15:00 | 22 Dec 15:00 | 22 Sep 15:00 | 23 Feb 12:45 | 24 Nov 15:00 | 26 Aug 13:30 | 26 Dec 19:45 | 27 Apr 15:00 | 27 Oct 15:00 | 28 Nov 19:45 | 29 Dec 15:00 | 29 Jan 19:45 | 29 Sep 15:00 | 30 Mar 17:30
Michael Owen,,35,101,0,12,4 5 6 7 8 9 10 11 12 13 14 15 16 17 18 19 20 21 22 23 24 25 26 27 28 29 30 31 32 33 34 35 36 37 38,01 Dec 15:00 | 01 Jan 15:00 | 02 Feb 15:00 | 02 Mar 15:00 | 03 Nov 15:00 | 06 Apr 15:00 | 06 May 20:00 | 07 Oct 15:00 | 08 Dec 15:00 | 09 Feb 15:00 | 10 Mar 15:00 | 10 Nov 15:00 | 12 Jan 15:00 | 12 May 13:30 | 14 Apr 14:05 | 15 Dec 15:00 | 15 Sep 15:00 | 16 Mar 15:00 | 19 Jan 15:00 | 19 May 16:00 | 19 Nov 20:00 | 20 Apr 15:00 | 20 Oct 15:00 | 22 Dec 15:00 | 22 Sep 15:00 | 23 Feb 12:45 | 24 Nov 15:00 | 26 Dec 19:45 | 27 Apr 15:00 | 27 Oct 15:00 | 28 Nov 19:45 | 29 Dec 15:00 | 29 Jan 19:45 | 29 Sep 15:00 | 30 Mar 17:30
Michael Pollitt,,38,0,0,0,1 2 3 4 5 6 7 8 9 10 11 12 13 14 15 16 17 18 19 20 21 22 23 24 25 26 27 28 29 30 31 32 33 34 35 36 37 38,01 Jan 15:00 | 01 Sep 15:00 | 02 Feb 15:00 | 02 Mar 17:30 | 03 Dec 20:00 | 03 Nov 15:00 | 06 Oct 15:00 | 07 Apr 16:10 | 07 May 19:45 | 08 Dec 15:00 | 09 Feb 15:00 | 10 Nov 15:00 | 12 Jan 15:00 | 14 May 19:45 | 15 Dec 15:00 | 15 Sep 15:00 | 17 Apr 19:45 | 17 Mar 16:00 | 17 March 15:00 | 17 Nov 15:00 | 19 Aug 13:30 | 19 Jan 15:00 | 19 May 16:00 | 20 Apr 15:00 | 20 Oct 15:00 | 22 Dec 12:45 | 22 Sep 15:00 | 23 Feb 15:00 | 24 Nov 15:00 | 25 Aug 15:00 | 26 Dec 15:00 | 27 Apr 15:00 | 27 Oct 15:00 | 28 Nov 20:00 | 29 Dec 15:00 | 29 Jan 19:45 | 29 Sep 15:00 | 30 Mar 15:00
Michael Tonge,,2,0,0,0,2 3,21 Aug. 13:30 | 28 Aug. 15:00
Michael Turner,,39,2223,0,86,1 2 3 4 5 6 7 8 9 10 11 12 13 14 15 16 17 18 19 20 21 22 23 24 25 26 27 28 29 30 31 32 33 34 35 36 37 38,01 Jan 15:00 | 01 Sep 15:00 | 02 Dec 16:00 | 02 Feb 12:45 | 02 Mar 15:00 | 03 Nov 15:00 | 04 May 15:00 | 06 Apr 15:00 | 06 Oct 15:00 | 08 Dec 15:00 | 09 Feb 15:00 | 09 Mar 15:00 | 10 Nov 15:00 | 12 Jan 15:00 | 12 May 15:00 | 13 Apr 15:00 | 15 Dec 15:00 | 15 Sep 12:45 | 17 Mar 13:30 | 17 Nov 17:30 | 18 Aug 15:00 | 19 Jan 15:00 | 19 May 16:00 | 20 Apr 15:00 | 20 Oct 17:30 | 21 Dec. 20:00 | 22 Dec 15:00 | 23 Feb 15:00 | 23 Sep 15:00 | 24 Nov 15:00 | 25 Aug 15:00 | 26 Dec 15:00 | 27 Apr 15:00 | 27 Oct 12:45 | 28 Nov 19:45 | 29 Dec 15:00 | 29 Sep 15:00 | 30 Jan 19:45 | 30 Mar 15:00
Michail Antonio,,36,0,0,0,1 4 5 6 7 8 9 10 11 12 13 14 15 16 17 18 19 20 21 22 23 24 25 26 27 28 29 30 31 32 33 34 35 36 37 38,01 Dec 17:30 | 01 Jan 15:00 | 02 Feb 15:00 | 02 Mar 15:00 | 04 May 15:00 | 04 Nov 13:30 | 06 Apr 12:45 | 06 Oct 15:00 | 09 Feb 15:00 | 09 Mar 15:00 | 10 Nov 15:00 | 11 Dec 19:45 | 12 Jan 15:00 | 13 Apr 15:00 | 14 May 20:00 | 16 Mar 17:30 | 16 Sep 16:00 | 17 Dec 20:00 | 17 Nov 15:00 | 19 Jan 15:00 | 19 May 16:00 | 20 Apr 15:00 | 20 Oct 15:00 | 22 Aug 19:45 | 22 Dec 15:00 | 22 Sep 15:00 | 23 Feb 15:00 | 24 Nov 15:00 | 26 Dec 15:00 | 27 Nov 20:00 | 27 Oct 15:00 | 28 Apr 13:30 | 29 Dec 15:00 | 29 Sep 15:00 | 30 Jan 20:00 | 30 Mar 15:00
Michel Vorm,,37,2217,0,89,1 2 3 4 5 6 7 8 9 10 11 12 13 14 15 16 17 18 19 20 21 22 23 24 25 26 28 29 30 31 32 34 35 36 37 38,01 Dec 15:00 | 01 Jan 15:00 | 01 Sep 15:00 | 02 Feb 15:00 | 02 Mar 15:00 | 03 Nov 15:00 | 06 Apr 15:00 | 06 Oct 15:00 | 07 May 19:45 | 08 Dec 15:00 | 09 Mar 15:00 | 10 Nov 15:00 | 12 Jan 15:00 | 12 May 16:00 | 15 Sep 15:00 | 16 Dec 13:30 | 16 Mar 15:00 | 17 Feb 15:00 | 17 March 15:00 | 17 Nov 15:00 | 18 Aug 15:00 | 19 Jan 15:00 | 19 May 16:00 | 20 Apr 15:00 | 20 Oct 15:00 | 22 Sep 12:45 | 23 Dec 13:30 | 25 Aug 12:45 | 25 Nov 13:30 | 26 Dec 15:00 | 27 Oct 17:30 | 28 Apr 15:00 | 28 Nov 19:45 | 29 Dec 15:00 | 29 Jan 19:45 | 29 Sep 15:00 | 30 Mar 15:00
Mickael Tavares,,20,0,0,0,18 19 20 21 22 23 24 25 26 27 28 30 31 32 33 34 35 36 37 38,01 Apr 20:00 | 01 Jan 12:45 | 02 Feb 17:30 | 02 Mar 15:00 | 04 May 15:00 | 07 Apr 15:00 | 09 Feb 15:00 | 12 Jan 15:00 | 12 May 15:00 | 17 Apr 20:00 | 17 Mar 15:00 | 19 Jan 15:00 | 19 May 16:00 | 20 Apr 15:00 | 22 Dec 17:30 | 23 Feb 12:45 | 26 Dec 15:00 | 27 Apr 15:00 | 29 Dec 15:00 | 30 Jan 20:00
Miguel Michu,,36,2851,2,169,1 2 3 4 5 6 7 8 9 10 11 12 13 14 15 16 17 18 19 20 21 22 23 24 25 26 28 29 30 31 32 34 35 36 37 38,01 Dec 15:00 | 01 Jan 15:00 | 01 Sep 15:00 | 02 Feb 15:00 | 02 Mar 15:00 | 03 Nov 15:00 | 06 Apr 15:00 | 06 Oct 15:00 | 07 May 19:45 | 08 Dec 15:00 | 09 Mar 15:00 | 10 Nov 15:00 | 12 Jan 15:00 | 12 May 16:00 | 15 Sep 15:00 | 16 Dec 13:30 | 16 Mar 15:00 | 17 Feb 15:00 | 17 Nov 15:00 | 18 Aug 15:00 | 19 Jan 15:00 | 19 May 16:00 | 20 Apr 15:00 | 20 Oct 15:00 | 22 Sep 12:45 | 23 Dec 13:30 | 25 Aug 12:45 | 25 Nov 13:30 | 26 Dec 15:00 | 27 Oct 17:30 | 28 Apr 15:00 | 28 Nov 19:45 | 29 Dec 15:00 | 29 Jan 19:45 | 29 Sep 15:00 | 30 Mar 15:00
Mike Williamson,,38,1710,0,35,1 2 3 4 5 6 7 8 9 10 11 12 13 14 15 16 17 18 19 20 21 22 23 24 25 26 27 28 29 30 31 32 33 34 35 36 37 38,02 Feb 15:00 | 02 Jan 20:00 | 02 Mar 15:00 | 02 Sep 16:00 | 03 Dec 20:00 | 04 May 15:00 | 04 Nov 16:00 | 07 Apr 15:00 | 07 Oct 16:00 | 09 Feb 12:45 | 10 Dec 20:00 | 10 Mar 15:00 | 11 Nov 15:00 | 12 Jan 15:00 | 12 May 15:00 | 14 Apr 12:00 | 15 Dec 12:45 | 17 Mar 16:00 | 17 Nov 15:00 | 17 Sep 20:00 | 18 Aug 17:30 | 19 Jan 15:00 | 19 May 16:00 | 20 Apr 15:00 | 21 Oct 13:30 | 22 Dec 15:00 | 23 Sep 15:00 | 24 Feb 13:30 | 25 Aug 17:30 | 25 Nov 15:00 | 26 Dec 15:00 | 27 Apr 17:30 | 28 Nov 19:45 | 28 Oct 15:00 | 29 Dec 17:30 | 29 Jan 19:45 | 29 Sep 15:00 | 30 Mar 15:00
Mikel,,36,1620,0,44,1 2 4 5 6 7 8 9 10 11 12 13 14 15 16 18 19 20 21 22 23 24 25 26 27 28 29 30 31 32 33 34 35 36 37 38,01 Dec 12:45 | 02 Feb 15:00 | 02 Jan 19:45 | 02 Mar 15:00 | 03 Nov 15:00 | 06 Oct 15:00 | 07 Apr 15:00 | 08 Dec 15:00 | 08 May 19:45 | 09 Feb 15:00 | 11 May 12:45 | 11 Nov 16:00 | 15 Sep 15:00 | 16 Jan 19:45 | 17 Apr 20:00 | 17 Mar 16:00 | 17 Nov 15:00 | 19 May 16:00 | 20 Jan 13:30 | 20 Oct 12:45 | 21 Apr 16:00 | 21 March 19:45 | 22 Aug 19:45 | 22 Sep 15:00 | 23 Dec 16:00 | 24 Feb 13:30 | 25 Aug 17:30 | 25 Nov 16:00 | 26 Dec 15:00 | 28 Apr 15:00 | 28 Nov 19:45 | 28 Oct 16:00 | 29 Sep 12:45 | 30 Dec 13:30 | 30 Jan 20:00 | 30 Mar 15:00
Mikel Arteta,,13,1170,1,41,1 2 3 4 5 6 7 8 9 10 20 29 30,02 Sep 13:30 | 03 Nov 12:45 | 06 Oct 17:30 | 15 Sep 15:00 | 16 Mar 15:00 | 18 Aug 15:00 | 20 Oct 17:30 | 21 March 20:00 | 23 Sep 16:00 | 26 Aug 13:30 | 27 Oct 15:00 | 29 Dec 17:30 | 29 Sep 12:45
Mikele Leigertwood,,36,2465,0,65,1 4 5 6 7 8 9 10 11 12 13 14 15 16 17 18 19 20 21 22 23 24 25 26 27 28 29 30 31 32 33 34 35 36 37 38,01 Dec 17:30 | 01 Jan 15:00 | 02 Feb 15:00 | 02 Mar 15:00 | 04 May 15:00 | 04 Nov 13:30 | 06 Apr 12:45 | 06 Oct 15:00 | 09 Feb 15:00 | 09 Mar 15:00 | 10 Nov 15:00 | 11 Dec 19:45 | 12 Jan 15:00 | 13 Apr 15:00 | 14 May 20:00 | 16 Mar 17:30 | 16 Sep 16:00 | 17 Dec 20:00 | 17 Nov 15:00 | 19 Jan 15:00 | 19 May 16:00 | 20 Apr 15:00 | 20 Oct 15:00 | 22 Aug 19:45 | 22 Dec 15:00 | 22 Sep 15:00 | 23 Feb 15:00 | 24 Nov 15:00 | 26 Dec 15:00 | 27 Nov 20:00 | 27 Oct 15:00 | 28 Apr 13:30 | 29 Dec 15:00 | 29 Sep 15:00 | 30 Jan 20:00 | 30 Mar 15:00
Mikkel Andersen,,36,0,0,0,1 4 5 6 7 8 9 10 11 12 13 14 15 16 17 18 19 20 21 22 23 24 25 26 27 28 29 30 31 32 33 34 35 36 37 38,01 Dec 17:30 | 01 Jan 15:00 | 02 Feb 15:00 | 02 Mar 15:00 | 04 May 15:00 | 04 Nov 13:30 | 06 Apr 12:45 | 06 Oct 15:00 | 09 Feb 15:00 | 09 Mar 15:00 | 10 Nov 15:00 | 11 Dec 19:45 | 12 Jan 15:00 | 13 Apr 15:00 | 14 May 20:00 | 16 Mar 17:30 | 16 Sep 16:00 | 17 Dec 20:00 | 17 Nov 15:00 | 19 Jan 15:00 | 19 May 16:00 | 20 Apr 15:00 | 20 Oct 15:00 | 22 Aug 19:45 | 22 Dec 15:00 | 22 Sep 15:00 | 23 Feb 15:00 | 24 Nov 15:00 | 26 Dec 15:00 | 27 Nov 20:00 | 27 Oct 15:00 | 28 Apr 13:30 | 29 Dec 15:00 | 29 Sep 15:00 | 30 Jan 20:00 | 30 Mar 15:00
Milan Jovanovic,,1,0,0,0,29,21 March 20:00
Mladen Petric,,37,858,2,61,1 2 3 4 5 6 7 8 9 10 11 12 13 14 15 16 17 18 19 20 21 22 23 24 25 26 27 28 30 31 32 33 34 35 36 37 38,01 Apr 20:00 | 01 Dec 15:00 | 01 Jan 12:45 | 01 Sep 12:45 | 02 Feb 17:30 | 02 Mar 15:00 | 03 Nov 15:00 | 04 May 15:00 | 07 Apr 15:00 | 07 Oct 13:30 | 09 Feb 15:00 | 10 Dec 20:00 | 10 Nov 15:00 | 12 Jan 15:00 | 12 May 15:00 | 15 Dec 15:00 | 15 Sep 15:00 | 17 Apr 20:00 | 17 Mar 15:00 | 18 Aug 15:00 | 18 Nov 16:00 | 19 Jan 15:00 | 19 May 16:00 | 20 Apr 15:00 | 20 Oct 15:00 | 22 Dec 17:30 | 22 Sep 15:00 | 23 Feb 12:45 | 24 Nov 15:00 | 25 Aug 15:00 | 26 Dec 15:00 | 27 Apr 15:00 | 27 Oct 15:00 | 28 Nov 19:45 | 29 Dec 15:00 | 29 Sep 15:00 | 30 Jan 20:00
Modibo Maiga,,36,421,2,30,1 2 3 4 5 6 7 8 9 10 11 12 13 14 15 16 17 18 20 21 22 23 24 25 26 27 28 30 31 32 33 34 35 36 37 38,01 Dec 12:45 | 01 Jan 15:00 | 01 Oct 20:00 | 01 Sep 12:45 | 02 Feb 15:00 | 02 Mar 15:00 | 03 Nov 17:30 | 04 May 15:00 | 06 Oct 17:30 | 07 Apr 13:30 | 09 Dec 16:00 | 10 Feb 13:30 | 11 Nov 15:00 | 12 Jan 15:00 | 12 May 15:00 | 15 Sep 12:45 | 16 Dec 16:00 | 17 Apr 19:45 | 17 Mar 16:00 | 18 Aug 15:00 | 19 May 16:00 | 19 Nov 20:00 | 20 Apr 15:00 | 20 Oct 15:00 | 22 Dec 15:00 | 22 Sep 15:00 | 23 Jan 19:45 | 25 Aug 12:45 | 25 Feb 20:00 | 25 Nov 16:00 | 27 Apr 12:45 | 27 Oct 15:00 | 28 Nov 20:00 | 29 Dec 15:00 | 30 Jan 20:00 | 30 Mar 15:00
Mohamed Diame,,37,2436,0,84,1 2 3 4 5 6 7 8 9 10 11 12 13 14 15 16 17 18 20 21 22 23 24 25 26 27 28 30 31 32 33 34 35 36 37 38,01 Dec 12:45 | 01 Jan 15:00 | 01 Oct 20:00 | 01 Sep 12:45 | 02 Feb 15:00 | 02 Mar 15:00 | 03 Nov 17:30 | 04 May 15:00 | 06 Oct 17:30 | 07 Apr 13:30 | 09 Dec 16:00 | 10 Feb 13:30 | 11 April 19:45 | 11 Nov 15:00 | 12 Jan 15:00 | 12 May 15:00 | 15 Sep 12:45 | 16 Dec 16:00 | 17 Apr 19:45 | 17 Mar 16:00 | 18 Aug 15:00 | 19 May 16:00 | 19 Nov 20:00 | 20 Apr 15:00 | 20 Oct 15:00 | 22 Dec 15:00 | 22 Sep 15:00 | 23 Jan 19:45 | 25 Aug 12:45 | 25 Feb 20:00 | 25 Nov 16:00 | 27 Apr 12:45 | 27 Oct 15:00 | 28 Nov 20:00 | 29 Dec 15:00 | 30 Jan 20:00 | 30 Mar 15:00
Morgan Schneiderlin,,37,3118,1,103,1 2 3 4 5 6 7 8 9 10 11 12 13 14 15 16 18 19 20 21 22 23 24 25 26 27 28 29 30 31 32 33 34 35 36 37 38,01 Dec 15:00 | 01 Jan 17:30 | 02 Feb 15:00 | 02 Mar 15:00 | 02 Sep 16:00 | 04 May 15:00 | 05 Nov 20:00 | 06 Apr 12:45 | 07 Oct 13:30 | 08 Dec 15:00 | 09 Feb 17:30 | 09 Mar 15:00 | 10 Nov 15:00 | 12 May 15:00 | 13 Apr 15:00 | 15 Sep 15:00 | 16 Jan 19:45 | 16 Mar 15:00 | 17 Nov 15:00 | 19 Aug 16:00 | 19 May 16:00 | 20 Apr 15:00 | 20 Oct 15:00 | 21 Jan 20:00 | 22 Dec 15:00 | 22 Sep 15:00 | 24 Feb 13:30 | 25 Aug 15:00 | 25 Nov 15:00 | 26 Dec 15:00 | 27 Apr 15:00 | 28 Nov 19:45 | 28 Oct 15:00 | 29 Dec 15:00 | 29 Sep 15:00 | 30 Jan 20:00 | 30 Mar 15:00
Morten Gamst Gamst Pedersen,,2,180,1,10,17 29,20 Dec. 20:00 | 20 March 20:00
Mousa Dembele,,37,2343,2,77,1 2 3 4 5 6 7 8 9 10 11 12 13 14 15 16 17 18 19 20 21 22 23 24 25 26 27 28 29 30 31 32 34 35 36 37 38,01 Dec 15:00 | 01 Jan 15:00 | 01 Sep 15:00 | 03 Feb 13:30 | 03 Mar 16:00 | 03 Nov 15:00 | 07 Apr 14:05 | 07 Oct 15:00 | 08 May 19:45 | 09 Dec 15:00 | 09 Feb 12:45 | 10 Mar 16:00 | 11 Nov 13:30 | 12 Jan 12:45 | 12 May 13:30 | 16 Dec 13:30 | 16 Sep 16:00 | 17 Mar 15:00 | 17 Nov 12:45 | 18 Aug 15:00 | 19 May 16:00 | 20 Jan 16:00 | 20 Oct 12:45 | 21 Apr 13:30 | 22 Dec 15:00 | 23 Sep 16:00 | 25 Aug 15:00 | 25 Feb 20:00 | 25 Nov 16:00 | 26 Dec 17:30 | 27 Apr 15:00 | 28 Nov 19:45 | 28 Oct 15:00 | 29 Dec 12:45 | 29 Sep 17:30 | 30 Jan 19:45 | 30 Mar 15:00
Moussa Dembele,,1,90,0,2,27,04 March 14:05
Moussa Sissoko,,15,1068,3,53,24 25 26 27 28 29 30 31 32 33 34 35 36 37 38,02 Feb 15:00 | 02 Mar 15:00 | 04 May 15:00 | 07 Apr 15:00 | 09 Feb 12:45 | 10 Mar 15:00 | 12 May 15:00 | 14 Apr 12:00 | 17 Mar 16:00 | 19 May 16:00 | 20 Apr 15:00 | 24 Feb 13:30 | 27 Apr 17:30 | 29 Jan 19:45 | 30 Mar 15:00
Myles Anderson,,1,0,0,0,29,20 March 20:00
Nacho Monreal,,13,791,1,50,25 26 27 28 30 31 32 33 34 35 36 37 38,02 Feb 15:00 | 03 Mar 16:00 | 04 May 17:30 | 06 Apr 15:00 | 09 Feb 15:00 | 14 May 19:45 | 16 Apr 19:45 | 16 Mar 15:00 | 19 May 16:00 | 20 Apr 15:00 | 23 Feb 15:00 | 28 Apr 16:00 | 30 Mar 15:00
Nascimento Ramires,,35,2343,4,95,1 2 4 5 6 7 8 9 10 11 12 13 14 15 16 18 19 20 21 22 23 24 25 26 27 28 30 31 32 33 34 35 36 37 38,01 Dec 12:45 | 02 Feb 15:00 | 02 Jan 19:45 | 02 Mar 15:00 | 03 Nov 15:00 | 06 Oct 15:00 | 07 Apr 15:00 | 08 Dec 15:00 | 08 May 19:45 | 09 Feb 15:00 | 11 May 12:45 | 11 Nov 16:00 | 15 Sep 15:00 | 16 Jan 19:45 | 17 Apr 20:00 | 17 Mar 16:00 | 17 Nov 15:00 | 19 May 16:00 | 20 Jan 13:30 | 20 Oct 12:45 | 21 Apr 16:00 | 22 Aug 19:45 | 22 Sep 15:00 | 23 Dec 16:00 | 24 Feb 13:30 | 25 Aug 17:30 | 25 Nov 16:00 | 26 Dec 15:00 | 28 Apr 15:00 | 28 Nov 19:45 | 28 Oct 16:00 | 29 Sep 12:45 | 30 Dec 13:30 | 30 Jan 20:00 | 30 Mar 15:00
Nathan Ake,,20,91,0,3,18 19 20 21 22 23 24 25 26 27 28 30 31 32 33 34 35 36 37 38,02 Feb 15:00 | 02 Jan 19:45 | 02 Mar 15:00 | 07 Apr 15:00 | 08 May 19:45 | 09 Feb 15:00 | 11 May 12:45 | 16 Jan 19:45 | 17 Apr 20:00 | 17 Mar 16:00 | 19 May 16:00 | 20 Jan 13:30 | 21 Apr 16:00 | 23 Dec 16:00 | 24 Feb 13:30 | 26 Dec 15:00 | 28 Apr 15:00 | 30 Dec 13:30 | 30 Jan 20:00 | 30 Mar 15:00
Nathan Baker,,12,260,0,10,1 2 3 4 5 6 7 8 9 10 20 30,02 Sep 16:00 | 03 Nov 15:00 | 07 Oct 15:00 | 15 Sep 15:00 | 16 Mar 15:00 | 18 Aug 15:00 | 20 Oct 15:00 | 22 Sep 15:00 | 25 Aug 15:00 | 27 Oct 12:45 | 29 Dec 15:00 | 30 Sep 16:00
Nathan Delfouneso,,21,45,0,1,1 2 3 4 5 6 7 8 9 10 11 12 13 20 21 22 23 30 31 32 33,01 Jan 15:00 | 02 Sep 16:00 | 03 Nov 15:00 | 06 Apr 15:00 | 07 Oct 15:00 | 10 Nov 17:30 | 12 Jan 15:00 | 13 Apr 15:00 | 15 Sep 15:00 | 16 Mar 15:00 | 17 Nov 15:00 | 18 Aug 15:00 | 19 Jan 17:30 | 20 Oct 15:00 | 22 Sep 15:00 | 24 Nov 17:30 | 25 Aug 15:00 | 27 Oct 12:45 | 29 Dec 15:00 | 30 Sep 16:00 | 31 Mar 13:30
Nathan Dyer,,36,2135,5,94,1 2 3 4 5 6 7 8 9 10 11 12 13 14 15 16 17 18 19 20 21 22 23 24 25 26 28 29 30 31 32 34 35 36 37 38,01 Dec 15:00 | 01 Jan 15:00 | 01 Sep 15:00 | 02 Feb 15:00 | 02 Mar 15:00 | 03 Nov 15:00 | 06 Apr 15:00 | 06 Oct 15:00 | 07 May 19:45 | 08 Dec 15:00 | 09 Mar 15:00 | 10 Nov 15:00 | 12 Jan 15:00 | 12 May 16:00 | 15 Sep 15:00 | 16 Dec 13:30 | 16 Mar 15:00 | 17 Feb 15:00 | 17 Nov 15:00 | 18 Aug 15:00 | 19 Jan 15:00 | 19 May 16:00 | 20 Apr 15:00 | 20 Oct 15:00 | 22 Sep 12:45 | 23 Dec 13:30 | 25 Aug 12:45 | 25 Nov 13:30 | 26 Dec 15:00 | 27 Oct 17:30 | 28 Apr 15:00 | 28 Nov 19:45 | 29 Dec 15:00 | 29 Jan 19:45 | 29 Sep 15:00 | 30 Mar 15:00
Nathan Eccleston,,37,0,0,0,1 2 3 4 5 6 7 8 9 10 11 12 13 14 15 16 17 18 19 20 21 22 23 24 25 26 28 29 30 31 32 33 34 35 36 37 38,01 Dec 15:00 | 02 Jan 19:45 | 02 Mar 17:30 | 02 Sep 13:30 | 03 Feb 16:00 | 04 Nov 16:00 | 05 May 13:30 | 07 Apr 13:30 | 07 Oct 15:00 | 09 Dec 16:00 | 10 Mar 16:00 | 11 Nov 16:00 | 12 May 15:00 | 13 Apr 15:00 | 13 Jan 13:30 | 15 Dec 15:00 | 15 Sep 17:30 | 16 Mar 15:00 | 17 Feb 15:00 | 17 Nov 15:00 | 18 Aug 15:00 | 19 Jan 15:00 | 19 May 16:00 | 20 Oct 15:00 | 21 Apr 16:00 | 22 Dec 17:30 | 23 Sep 13:30 | 25 Nov 13:30 | 26 Aug 16:00 | 26 Dec 19:45 | 27 Apr 17:30 | 28 Nov 19:45 | 28 Oct 13:30 | 29 Sep 15:00 | 30 Dec 16:00 | 30 Jan 19:45 | 31 Mar 13:30
Nathaniel Chalobah,,36,0,0,0,1 2 4 5 6 7 8 9 10 11 12 13 14 15 16 18 19 20 21 22 23 24 25 26 27 28 29 30 31 32 33 34 35 36 37 38,01 Dec 12:45 | 02 Feb 15:00 | 02 Jan 19:45 | 02 Mar 15:00 | 03 Nov 15:00 | 06 Oct 15:00 | 07 Apr 15:00 | 08 Dec 15:00 | 08 May 19:45 | 09 Feb 15:00 | 11 May 12:45 | 11 Nov 16:00 | 15 Sep 15:00 | 16 Jan 19:45 | 17 Apr 20:00 | 17 Mar 16:00 | 17 Nov 15:00 | 19 May 16:00 | 20 Jan 13:30 | 20 Oct 12:45 | 21 Apr 16:00 | 21 March 19:45 | 22 Aug 19:45 | 22 Sep 15:00 | 23 Dec 16:00 | 24 Feb 13:30 | 25 Aug 17:30 | 25 Nov 16:00 | 26 Dec 15:00 | 28 Apr 15:00 | 28 Nov 19:45 | 28 Oct 16:00 | 29 Sep 12:45 | 30 Dec 13:30 | 30 Jan 20:00 | 30 Mar 15:00
Nathaniel Clyne,,37,2929,3,83,1 2 3 4 5 6 7 8 9 10 11 12 13 14 15 16 18 19 20 21 22 23 24 25 26 27 28 29 30 31 32 33 34 35 36 37 38,01 Dec 15:00 | 01 Jan 17:30 | 02 Feb 15:00 | 02 Mar 15:00 | 02 Sep 16:00 | 04 May 15:00 | 05 Nov 20:00 | 06 Apr 12:45 | 07 Oct 13:30 | 08 Dec 15:00 | 09 Feb 17:30 | 09 Mar 15:00 | 10 Nov 15:00 | 12 May 15:00 | 13 Apr 15:00 | 15 Sep 15:00 | 16 Jan 19:45 | 16 Mar 15:00 | 17 Nov 15:00 | 19 Aug 16:00 | 19 May 16:00 | 20 Apr 15:00 | 20 Oct 15:00 | 21 Jan 20:00 | 22 Dec 15:00 | 22 Sep 15:00 | 24 Feb 13:30 | 25 Aug 15:00 | 25 Nov 15:00 | 26 Dec 15:00 | 27 Apr 15:00 | 28 Nov 19:45 | 28 Oct 15:00 | 29 Dec 15:00 | 29 Sep 15:00 | 30 Jan 20:00 | 30 Mar 15:00
Nedum Onuoha,,39,1707,0,51,1 2 3 4 5 6 7 8 9 10 11 12 13 14 15 16 17 18 19 20 21 22 23 24 25 26 27 28 29 30 31 32 33 34 35 36 37 38,01 Apr 20:00 | 01 Dec 15:00 | 01 Oct 20:00 | 01 Sep 17:30 | 02 Feb 12:45 | 02 Jan 19:45 | 02 Mar 15:00 | 04 May 17:30 | 04 Nov 13:30 | 06 Oct 15:00 | 07 Apr 16:10 | 08 Dec 15:00 | 09 Feb 15:00 | 09 Mar 15:00 | 10 Nov 15:00 | 12 Jan 12:45 | 12 May 15:00 | 13 Apr 15:00 | 15 Dec 15:00 | 15 Sep 15:00 | 16 Mar 15:00 | 17 Nov 15:00 | 18 Aug 15:00 | 19 Jan 15:00 | 19 May 16:00 | 20 Apr 15:00 | 21 March 20:00 | 21 Oct 16:00 | 22 Dec 15:00 | 23 Feb 15:00 | 23 Sep 16:00 | 24 Nov 15:00 | 25 Aug 15:00 | 26 Dec 15:00 | 27 Nov 19:45 | 27 Oct 15:00 | 28 Apr 13:30 | 29 Jan 19:45 | 30 Dec 16:00
Neil Etheridge,,38,0,0,0,1 2 3 4 5 6 7 8 9 10 11 12 13 14 15 16 17 18 19 20 21 22 23 24 25 26 27 28 29 30 31 32 33 34 35 36 37 38,01 Apr 20:00 | 01 Dec 15:00 | 01 Jan 12:45 | 01 Sep 12:45 | 02 Feb 17:30 | 02 Mar 15:00 | 03 Nov 15:00 | 04 May 15:00 | 07 Apr 15:00 | 07 Oct 13:30 | 09 Feb 15:00 | 10 Dec 20:00 | 10 Nov 15:00 | 12 Jan 15:00 | 12 May 15:00 | 15 Dec 15:00 | 15 Sep 15:00 | 17 Apr 20:00 | 17 Mar 15:00 | 17 March 15:00 | 18 Aug 15:00 | 18 Nov 16:00 | 19 Jan 15:00 | 19 May 16:00 | 20 Apr 15:00 | 20 Oct 15:00 | 22 Dec 17:30 | 22 Sep 15:00 | 23 Feb 12:45 | 24 Nov 15:00 | 25 Aug 15:00 | 26 Dec 15:00 | 27 Apr 15:00 | 27 Oct 15:00 | 28 Nov 19:45 | 29 Dec 15:00 | 29 Sep 15:00 | 30 Jan 20:00
Neil Taylor,,36,276,0,17,1 2 3 4 5 6 7 8 9 10 11 12 13 14 15 16 17 18 19 20 21 22 23 24 25 26 28 29 30 31 32 34 35 36 37 38,01 Dec 15:00 | 01 Jan 15:00 | 01 Sep 15:00 | 02 Feb 15:00 | 02 Mar 15:00 | 03 Nov 15:00 | 06 Apr 15:00 | 06 Oct 15:00 | 07 May 19:45 | 08 Dec 15:00 | 09 Mar 15:00 | 10 Nov 15:00 | 12 Jan 15:00 | 12 May 16:00 | 15 Sep 15:00 | 16 Dec 13:30 | 16 Mar 15:00 | 17 Feb 15:00 | 17 Nov 15:00 | 18 Aug 15:00 | 19 Jan 15:00 | 19 May 16:00 | 20 Apr 15:00 | 20 Oct 15:00 | 22 Sep 12:45 | 23 Dec 13:30 | 25 Aug 12:45 | 25 Nov 13:30 | 26 Dec 15:00 | 27 Oct 17:30 | 28 Apr 15:00 | 28 Nov 19:45 | 29 Dec 15:00 | 29 Jan 19:45 | 29 Sep 15:00 | 30 Mar 15:00
Nemanja Vidic,,38,1527,0,67,1 2 3 4 5 6 7 8 9 10 11 12 13 14 15 16 17 18 19 20 21 22 23 24 25 26 27 28 29 30 31 32 33 34 35 36 37 38,01 Dec 17:30 | 01 Jan 15:00 | 02 Feb 17:30 | 02 Mar 15:00 | 02 Sep 16:00 | 03 Nov 12:45 | 05 May 16:00 | 07 Oct 16:00 | 08 Apr 20:00 | 09 Dec 13:30 | 10 Feb 16:00 | 10 Nov 17:30 | 12 May 16:00 | 13 Jan 13:30 | 15 Dec 15:00 | 15 Sep 15:00 | 16 Mar 17:30 | 17 Apr 19:45 | 17 Nov 17:30 | 18 March 13:30 | 19 May 16:00 | 20 Aug 20:00 | 20 Jan 16:00 | 20 Oct 15:00 | 22 Apr 20:00 | 23 Dec 13:30 | 23 Feb 15:00 | 23 Sep 13:30 | 24 Nov 15:00 | 25 Aug 15:00 | 26 Dec 15:00 | 28 Apr 16:00 | 28 Nov 20:00 | 28 Oct 16:00 | 29 Dec 15:00 | 29 Sep 17:30 | 30 Jan 20:00 | 30 Mar 12:45
Nenad Milijas,,1,38,0,1,33,11 April 19:45
Nick Blackman,,1,0,0,0,29,20 March 20:00
Nick Powell,,37,32,0,7,1 2 3 4 5 6 7 8 9 10 11 12 13 14 15 16 17 18 19 20 21 22 23 24 25 26 27 28 30 31 32 33 34 35 36 37 38,01 Dec 17:30 | 01 Jan 15:00 | 02 Feb 17:30 | 02 Mar 15:00 | 02 Sep 16:00 | 03 Nov 12:45 | 05 May 16:00 | 07 Oct 16:00 | 08 Apr 20:00 | 09 Dec 13:30 | 10 Feb 16:00 | 10 Nov 17:30 | 12 May 16:00 | 13 Jan 13:30 | 15 Dec 15:00 | 15 Sep 15:00 | 16 Mar 17:30 | 17 Apr 19:45 | 17 Nov 17:30 | 19 May 16:00 | 20 Aug 20:00 | 20 Jan 16:00 | 20 Oct 15:00 | 22 Apr 20:00 | 23 Dec 13:30 | 23 Feb 15:00 | 23 Sep 13:30 | 24 Nov 15:00 | 25 Aug 15:00 | 26 Dec 15:00 | 28 Apr 16:00 | 28 Nov 20:00 | 28 Oct 16:00 | 29 Dec 15:00 | 29 Sep 17:30 | 30 Jan 20:00 | 30 Mar 12:45
Nicklas Bendtner,,18,0,0,0,1 2 3 4 5 6 7 8 9 10 12 13 20 22 23 30 32 33,02 Sep 13:30 | 03 Nov 12:45 | 06 Apr 15:00 | 06 Oct 17:30 | 13 Jan 16:00 | 15 Sep 15:00 | 16 Apr 19:45 | 16 Mar 15:00 | 17 Nov 12:45 | 18 Aug 15:00 | 20 Oct 17:30 | 23 Jan 19:45 | 23 Sep 16:00 | 24 Nov 17:30 | 26 Aug 13:30 | 27 Oct 15:00 | 29 Dec 17:30 | 29 Sep 12:45
Nicky Maynard,,36,0,0,0,1 2 3 4 5 6 7 8 9 10 11 12 13 14 15 16 17 18 20 21 22 23 24 25 26 27 28 30 31 32 33 34 35 36 37 38,01 Dec 12:45 | 01 Jan 15:00 | 01 Oct 20:00 | 01 Sep 12:45 | 02 Feb 15:00 | 02 Mar 15:00 | 03 Nov 17:30 | 04 May 15:00 | 06 Oct 17:30 | 07 Apr 13:30 | 09 Dec 16:00 | 10 Feb 13:30 | 11 Nov 15:00 | 12 Jan 15:00 | 12 May 15:00 | 15 Sep 12:45 | 16 Dec 16:00 | 17 Apr 19:45 | 17 Mar 16:00 | 18 Aug 15:00 | 19 May 16:00 | 19 Nov 20:00 | 20 Apr 15:00 | 20 Oct 15:00 | 22 Dec 15:00 | 22 Sep 15:00 | 23 Jan 19:45 | 25 Aug 12:45 | 25 Feb 20:00 | 25 Nov 16:00 | 27 Apr 12:45 | 27 Oct 15:00 | 28 Nov 20:00 | 29 Dec 15:00 | 30 Jan 20:00 | 30 Mar 15:00
Nicky Shorey,,38,1445,4,39,1 4 5 6 7 8 9 10 11 12 13 14 15 16 17 18 19 20 21 22 23 24 25 26 27 28 29 30 31 32 33 34 35 36 37 38,01 Dec 17:30 | 01 Jan 15:00 | 02 Feb 15:00 | 02 Mar 15:00 | 03 March 15:00 | 04 May 15:00 | 04 Nov 13:30 | 06 Apr 12:45 | 06 Oct 15:00 | 09 Feb 15:00 | 09 Mar 15:00 | 10 Nov 15:00 | 11 April 19:45 | 11 Dec 19:45 | 12 Jan 15:00 | 13 Apr 15:00 | 14 May 20:00 | 16 Mar 17:30 | 16 Sep 16:00 | 17 Dec 20:00 | 17 Nov 15:00 | 19 Jan 15:00 | 19 May 16:00 | 20 Apr 15:00 | 20 Oct 15:00 | 22 Aug 19:45 | 22 Dec 15:00 | 22 Sep 15:00 | 23 Feb 15:00 | 24 Nov 15:00 | 26 Dec 15:00 | 27 Nov 20:00 | 27 Oct 15:00 | 28 Apr 13:30 | 29 Dec 15:00 | 29 Sep 15:00 | 30 Jan 20:00 | 30 Mar 15:00
Nico Yennaris,,1,0,0,0,29,21 March 20:00
Nicolas Anelka,,1,0,0,0,29,21 March 19:45
Nigel De Jong,,38,155,0,4,1 2 3 4 5 6 7 8 9 10 11 12 13 14 15 16 17 18 19 20 21 22 23 24 25 26 27 28 29 30 31 32 33 34 35 36 37 38,01 Dec 15:00 | 01 Jan 15:00 | 01 Sep 17:30 | 03 Feb 16:00 | 03 Nov 17:30 | 04 Mar 20:00 | 06 Oct 12:45 | 07 May 19:45 | 08 Apr 20:00 | 09 Dec 13:30 | 09 Feb 17:30 | 11 Nov 13:30 | 13 Jan 16:00 | 14 May 20:00 | 15 Dec 12:45 | 15 Sep 15:00 | 16 Mar 12:45 | 17 Apr 19:45 | 17 Nov 15:00 | 19 Aug 16:00 | 19 Jan 15:00 | 19 May 16:00 | 20 Oct 15:00 | 21 Apr 13:30 | 21 March 19:45 | 22 Dec 15:00 | 23 Sep 16:00 | 24 Feb 13:30 | 25 Nov 16:00 | 26 Aug 16:00 | 26 Dec 15:00 | 27 Apr 12:45 | 27 Oct 17:30 | 28 Nov 20:00 | 29 Dec 15:00 | 29 Jan 19:45 | 29 Sep 15:00 | 30 Mar 15:00
Nigel Reo-Coker,,1,90,0,2,19,31 Dec. 15:00
Nikica Jelavic,,37,2418,2,98,1 2 3 4 5 6 7 8 9 10 11 12 13 14 15 16 17 18 19 20 21 22 23 24 25 26 27 28 30 31 32 33 34 35 36 37 38,01 Dec 15:00 | 01 Sep 15:00 | 02 Feb 15:00 | 02 Jan 20:00 | 02 Mar 15:00 | 03 Nov 15:00 | 05 May 13:30 | 06 Oct 15:00 | 07 Apr 14:05 | 09 Dec 15:00 | 10 Feb 16:00 | 10 Nov 15:00 | 12 Jan 15:00 | 12 May 15:00 | 15 Dec 15:00 | 16 Apr 19:45 | 16 Mar 12:45 | 17 Nov 15:00 | 17 Sep 20:00 | 19 May 16:00 | 20 Apr 15:00 | 20 Aug 20:00 | 21 Jan 20:00 | 21 Oct 16:00 | 22 Dec 15:00 | 22 Sep 12:45 | 23 Feb 15:00 | 24 Nov 15:00 | 25 Aug 15:00 | 26 Dec 15:00 | 27 Apr 15:00 | 28 Nov 19:45 | 28 Oct 13:30 | 29 Sep 15:00 | 30 Dec 13:30 | 30 Jan 19:45 | 30 Mar 17:30
Niko Kranjcar,,1,73,0,2,2,22 Aug. 20:00
Nikola Kalinic,,3,0,0,0,3 17 29,20 Dec. 20:00 | 20 March 20:00 | 27 Aug. 15:00
Nile Ranger,,26,8,0,2,13 14 15 16 17 18 19 20 21 22 23 24 25 26 27 28 29 30 31 32 33 34 35 36 37 38,02 Feb 15:00 | 02 Jan 20:00 | 02 Mar 15:00 | 03 Dec 20:00 | 04 May 15:00 | 07 Apr 15:00 | 09 Feb 12:45 | 10 Dec 20:00 | 10 Mar 15:00 | 12 Jan 15:00 | 12 May 15:00 | 14 Apr 12:00 | 15 Dec 12:45 | 17 Mar 16:00 | 19 Jan 15:00 | 19 May 16:00 | 20 Apr 15:00 | 22 Dec 15:00 | 24 Feb 13:30 | 25 Nov 15:00 | 26 Dec 15:00 | 27 Apr 17:30 | 28 Nov 19:45 | 29 Dec 17:30 | 29 Jan 19:45 | 30 Mar 15:00
Noel Hunt,,36,924,0,37,1 4 5 6 7 8 9 10 11 12 13 14 15 16 17 18 19 20 21 22 23 24 25 26 27 28 29 30 31 32 33 34 35 36 37 38,01 Dec 17:30 | 01 Jan 15:00 | 02 Feb 15:00 | 02 Mar 15:00 | 04 May 15:00 | 04 Nov 13:30 | 06 Apr 12:45 | 06 Oct 15:00 | 09 Feb 15:00 | 09 Mar 15:00 | 10 Nov 15:00 | 11 Dec 19:45 | 12 Jan 15:00 | 13 Apr 15:00 | 14 May 20:00 | 16 Mar 17:30 | 16 Sep 16:00 | 17 Dec 20:00 | 17 Nov 15:00 | 19 Jan 15:00 | 19 May 16:00 | 20 Apr 15:00 | 20 Oct 15:00 | 22 Aug 19:45 | 22 Dec 15:00 | 22 Sep 15:00 | 23 Feb 15:00 | 24 Nov 15:00 | 26 Dec 15:00 | 27 Nov 20:00 | 27 Oct 15:00 | 28 Apr 13:30 | 29 Dec 15:00 | 29 Sep 15:00 | 30 Jan 20:00 | 30 Mar 15:00
Nuri Sahin,,35,448,2,27,3 4 5 6 7 8 9 10 11 12 13 14 15 16 17 18 19 20 21 22 23 24 25 26 28 29 30 31 32 33 34 35 36 37 38,01 Dec 15:00 | 02 Jan 19:45 | 02 Mar 17:30 | 02 Sep 13:30 | 03 Feb 16:00 | 04 Nov 16:00 | 05 May 13:30 | 07 Apr 13:30 | 07 Oct 15:00 | 09 Dec 16:00 | 10 Mar 16:00 | 11 Nov 16:00 | 12 May 15:00 | 13 Apr 15:00 | 13 Jan 13:30 | 15 Dec 15:00 | 15 Sep 17:30 | 16 Mar 15:00 | 17 Feb 15:00 | 17 Nov 15:00 | 19 Jan 15:00 | 19 May 16:00 | 20 Oct 15:00 | 21 Apr 16:00 | 22 Dec 17:30 | 23 Sep 13:30 | 25 Nov 13:30 | 26 Dec 19:45 | 27 Apr 17:30 | 28 Nov 19:45 | 28 Oct 13:30 | 29 Sep 15:00 | 30 Dec 16:00 | 30 Jan 19:45 | 31 Mar 13:30
Oguzhan Ozyakup,,2,0,0,0,19 29,21 March 20:00 | 31 Dec. 15:00
Oliveira Anderson,,38,824,1,41,1 2 3 4 5 6 7 8 9 10 11 12 13 14 15 16 17 18 19 20 21 22 23 24 25 26 27 28 29 30 31 32 33 34 35 36 37 38,01 Dec 17:30 | 01 Jan 15:00 | 02 Feb 17:30 | 02 Mar 15:00 | 02 Sep 16:00 | 03 Nov 12:45 | 05 May 16:00 | 07 Oct 16:00 | 08 Apr 20:00 | 09 Dec 13:30 | 10 Feb 16:00 | 10 Nov 17:30 | 12 May 16:00 | 13 Jan 13:30 | 15 Dec 15:00 | 15 Sep 15:00 | 16 Mar 17:30 | 17 Apr 19:45 | 17 Nov 17:30 | 18 March 13:30 | 19 May 16:00 | 20 Aug 20:00 | 20 Jan 16:00 | 20 Oct 15:00 | 22 Apr 20:00 | 23 Dec 13:30 | 23 Feb 15:00 | 23 Sep 13:30 | 24 Nov 15:00 | 25 Aug 15:00 | 26 Dec 15:00 | 28 Apr 16:00 | 28 Nov 20:00 | 28 Oct 16:00 | 29 Dec 15:00 | 29 Sep 17:30 | 30 Jan 20:00 | 30 Mar 12:45
Olivier Giroud,,18,1191,2,65,1 2 3 4 5 6 7 8 9 10 12 13 20 22 23 30 32 33,02 Sep 13:30 | 03 Nov 12:45 | 06 Apr 15:00 | 06 Oct 17:30 | 13 Jan 16:00 | 15 Sep 15:00 | 16 Apr 19:45 | 16 Mar 15:00 | 17 Nov 12:45 | 18 Aug 15:00 | 20 Oct 17:30 | 23 Jan 19:45 | 23 Sep 16:00 | 24 Nov 17:30 | 26 Aug 13:30 | 27 Oct 15:00 | 29 Dec 17:30 | 29 Sep 12:45
Oriol Romeu,,37,292,0,9,1 2 4 5 6 7 8 9 10 11 12 13 14 15 16 18 19 20 21 22 23 24 25 26 27 28 29 30 31 32 33 34 35 36 37 38,01 Dec 12:45 | 02 Feb 15:00 | 02 Jan 19:45 | 02 Mar 15:00 | 03 Nov 15:00 | 06 Oct 15:00 | 07 Apr 15:00 | 08 Dec 15:00 | 08 May 19:45 | 09 Feb 15:00 | 11 May 12:45 | 11 Nov 16:00 | 15 Sep 15:00 | 16 Jan 19:45 | 17 Apr 20:00 | 17 Mar 16:00 | 17 Nov 15:00 | 19 May 16:00 | 20 Jan 13:30 | 20 Oct 12:45 | 21 Apr 16:00 | 21 March 19:45 | 22 Aug 19:45 | 22 Sep 15:00 | 23 Dec 16:00 | 24 Feb 13:30 | 25 Aug 17:30 | 25 Nov 16:00 | 26 Dec 15:00 | 28 Apr 15:00 | 28 Nov 19:45 | 28 Oct 16:00 | 29 Sep 12:45 | 30 Dec 13:30 | 30 Jan 20:00 | 30 Mar 15:00 | 31 Dec. 15:00
Oussama Assaidi,,36,77,0,4,2 3 4 5 6 7 8 9 10 11 12 13 14 15 16 17 18 19 20 21 22 23 24 25 26 28 29 30 31 32 33 34 35 36 37 38,01 Dec 15:00 | 02 Jan 19:45 | 02 Mar 17:30 | 02 Sep 13:30 | 03 Feb 16:00 | 04 Nov 16:00 | 05 May 13:30 | 07 Apr 13:30 | 07 Oct 15:00 | 09 Dec 16:00 | 10 Mar 16:00 | 11 Nov 16:00 | 12 May 15:00 | 13 Apr 15:00 | 13 Jan 13:30 | 15 Dec 15:00 | 15 Sep 17:30 | 16 Mar 15:00 | 17 Feb 15:00 | 17 Nov 15:00 | 19 Jan 15:00 | 19 May 16:00 | 20 Oct 15:00 | 21 Apr 16:00 | 22 Dec 17:30 | 23 Sep 13:30 | 25 Nov 13:30 | 26 Aug 16:00 | 26 Dec 19:45 | 27 Apr 17:30 | 28 Nov 19:45 | 28 Oct 13:30 | 29 Sep 15:00 | 30 Dec 16:00 | 30 Jan 19:45 | 31 Mar 13:30
Pablo Hernandez,,33,2003,7,95,4 5 6 7 8 9 10 11 12 13 14 15 16 17 18 19 20 21 22 23 24 25 26 28 29 30 31 32 34 35 36 37 38,01 Dec 15:00 | 01 Jan 15:00 | 02 Feb 15:00 | 02 Mar 15:00 | 03 Nov 15:00 | 06 Apr 15:00 | 06 Oct 15:00 | 07 May 19:45 | 08 Dec 15:00 | 09 Mar 15:00 | 10 Nov 15:00 | 12 Jan 15:00 | 12 May 16:00 | 15 Sep 15:00 | 16 Dec 13:30 | 16 Mar 15:00 | 17 Feb 15:00 | 17 Nov 15:00 | 19 Jan 15:00 | 19 May 16:00 | 20 Apr 15:00 | 20 Oct 15:00 | 22 Sep 12:45 | 23 Dec 13:30 | 25 Nov 13:30 | 26 Dec 15:00 | 27 Oct 17:30 | 28 Apr 15:00 | 28 Nov 19:45 | 29 Dec 15:00 | 29 Jan 19:45 | 29 Sep 15:00 | 30 Mar 15:00
Pablo Zabaleta,,38,2562,2,117,1 2 3 4 5 6 7 8 9 10 11 12 13 14 15 16 17 18 19 20 21 22 23 24 25 26 27 28 30 31 32 33 34 35 36 37 38,01 Dec 15:00 | 01 Jan 15:00 | 01 Sep 17:30 | 03 Feb 16:00 | 03 Nov 17:30 | 04 Mar 20:00 | 06 Oct 12:45 | 07 May 19:45 | 08 Apr 20:00 | 09 Dec 13:30 | 09 Feb 17:30 | 11 Nov 13:30 | 13 Jan 16:00 | 14 May 20:00 | 15 Dec 12:45 | 15 Sep 15:00 | 16 Mar 12:45 | 17 Apr 19:45 | 17 Nov 15:00 | 19 Aug 16:00 | 19 Jan 15:00 | 19 May 16:00 | 20 Oct 15:00 | 21 Apr 13:30 | 21 Aug. 16:00 | 22 Dec 15:00 | 23 Sep 16:00 | 24 Feb 13:30 | 25 Nov 16:00 | 26 Aug 16:00 | 26 Dec 15:00 | 27 Apr 12:45 | 27 Oct 17:30 | 28 Nov 20:00 | 29 Dec 15:00 | 29 Jan 19:45 | 29 Sep 15:00 | 30 Mar 15:00
Pajtim Kasami,,38,24,0,2,1 2 3 4 5 6 7 8 9 10 11 12 13 14 15 16 17 18 19 20 21 22 23 24 25 26 27 28 30 31 32 33 34 35 36 37 38,01 Apr 20:00 | 01 Dec 15:00 | 01 Jan 12:45 | 01 Sep 12:45 | 02 Feb 17:30 | 02 Mar 15:00 | 03 Nov 15:00 | 04 May 15:00 | 07 Apr 15:00 | 07 Oct 13:30 | 09 April 20:00 | 09 Feb 15:00 | 10 Dec 20:00 | 10 Nov 15:00 | 12 Jan 15:00 | 12 May 15:00 | 15 Dec 15:00 | 15 Sep 15:00 | 17 Apr 20:00 | 17 Mar 15:00 | 18 Aug 15:00 | 18 Nov 16:00 | 19 Jan 15:00 | 19 May 16:00 | 20 Apr 15:00 | 20 Oct 15:00 | 22 Dec 17:30 | 22 Sep 15:00 | 23 Feb 12:45 | 24 Nov 15:00 | 25 Aug 15:00 | 26 Dec 15:00 | 27 Apr 15:00 | 27 Oct 15:00 | 28 Nov 19:45 | 29 Dec 15:00 | 29 Sep 15:00 | 30 Jan 20:00
Papiss Cisse,,39,3070,3,115,1 2 3 4 5 6 7 8 9 10 11 12 13 14 15 16 17 18 19 20 21 22 23 24 25 26 27 28 29 30 31 32 33 34 35 36 37 38,02 Feb 15:00 | 02 Jan 20:00 | 02 Mar 15:00 | 02 Sep 16:00 | 03 Dec 20:00 | 04 March 12:00 | 04 May 15:00 | 04 Nov 16:00 | 07 Apr 15:00 | 07 Oct 16:00 | 09 Feb 12:45 | 10 Dec 20:00 | 10 Mar 15:00 | 11 Nov 15:00 | 12 Jan 15:00 | 12 May 15:00 | 14 Apr 12:00 | 15 Dec 12:45 | 17 Mar 16:00 | 17 Nov 15:00 | 17 Sep 20:00 | 18 Aug 17:30 | 19 Jan 15:00 | 19 May 16:00 | 20 Apr 15:00 | 21 Oct 13:30 | 22 Dec 15:00 | 23 Sep 15:00 | 24 Feb 13:30 | 25 Aug 17:30 | 25 Nov 15:00 | 26 Dec 15:00 | 27 Apr 17:30 | 28 Nov 19:45 | 28 Oct 15:00 | 29 Dec 17:30 | 29 Jan 19:45 | 29 Sep 15:00 | 30 Mar 15:00
Patrice Evra,,38,3032,6,152,1 2 3 4 5 6 7 8 9 10 11 12 13 14 15 16 17 18 19 20 21 22 23 24 25 26 27 28 29 30 31 32 33 34 35 36 37 38,01 Dec 17:30 | 01 Jan 15:00 | 02 Feb 17:30 | 02 Mar 15:00 | 02 Sep 16:00 | 03 Nov 12:45 | 05 May 16:00 | 07 Oct 16:00 | 08 Apr 20:00 | 09 Dec 13:30 | 10 Feb 16:00 | 10 Nov 17:30 | 12 May 16:00 | 13 Jan 13:30 | 15 Dec 15:00 | 15 Sep 15:00 | 16 Mar 17:30 | 17 Apr 19:45 | 17 Nov 17:30 | 18 March 13:30 | 19 May 16:00 | 20 Aug 20:00 | 20 Jan 16:00 | 20 Oct 15:00 | 22 Apr 20:00 | 23 Dec 13:30 | 23 Feb 15:00 | 23 Sep 13:30 | 24 Nov 15:00 | 25 Aug 15:00 | 26 Dec 15:00 | 28 Apr 16:00 | 28 Nov 20:00 | 28 Oct 16:00 | 29 Dec 15:00 | 29 Sep 17:30 | 30 Jan 20:00 | 30 Mar 12:45
Patrick Van Aanholt,,1,0,0,0,29,17 March 15:00
Paul Robinson,,2,124,0,2,3 17,20 Dec. 20:00 | 27 Aug. 17:30
Paul Scharner,,2,90,0,2,27 33,03 March 15:00 | 11 April 19:45
Paul Scholes,,38,861,1,29,1 2 3 4 5 6 7 8 9 10 11 12 13 14 15 16 17 18 19 20 21 22 23 24 25 26 27 28 29 30 31 32 33 34 35 36 37 38,01 Dec 17:30 | 01 Jan 15:00 | 02 Feb 17:30 | 02 Mar 15:00 | 02 Sep 16:00 | 03 Nov 12:45 | 05 May 16:00 | 07 Oct 16:00 | 08 Apr 20:00 | 09 Dec 13:30 | 10 Feb 16:00 | 10 Nov 17:30 | 12 May 16:00 | 13 Jan 13:30 | 15 Dec 15:00 | 15 Sep 15:00 | 16 Mar 17:30 | 17 Apr 19:45 | 17 Nov 17:30 | 18 March 13:30 | 19 May 16:00 | 20 Aug 20:00 | 20 Jan 16:00 | 20 Oct 15:00 | 22 Apr 20:00 | 23 Dec 13:30 | 23 Feb 15:00 | 23 Sep 13:30 | 24 Nov 15:00 | 25 Aug 15:00 | 26 Dec 15:00 | 28 Apr 16:00 | 28 Nov 20:00 | 28 Oct 16:00 | 29 Dec 15:00 | 29 Sep 17:30 | 30 Jan 20:00 | 30 Mar 12:45
Paulo Ferreira,,36,3,0,1,1 2 4 5 6 7 8 9 10 11 12 13 14 15 16 18 19 20 21 22 23 24 25 26 27 28 29 30 31 32 33 34 35 36 37 38,01 Dec 12:45 | 02 Feb 15:00 | 02 Jan 19:45 | 02 Mar 15:00 | 03 Nov 15:00 | 06 Oct 15:00 | 07 Apr 15:00 | 08 Dec 15:00 | 08 May 19:45 | 09 Feb 15:00 | 11 May 12:45 | 11 Nov 16:00 | 15 Sep 15:00 | 16 Jan 19:45 | 17 Apr 20:00 | 17 Mar 16:00 | 17 Nov 15:00 | 19 May 16:00 | 20 Jan 13:30 | 20 Oct 12:45 | 21 Apr 16:00 | 21 March 19:45 | 22 Aug 19:45 | 22 Sep 15:00 | 23 Dec 16:00 | 24 Feb 13:30 | 25 Aug 17:30 | 25 Nov 16:00 | 26 Dec 15:00 | 28 Apr 15:00 | 28 Nov 19:45 | 28 Oct 16:00 | 29 Sep 12:45 | 30 Dec 13:30 | 30 Jan 20:00 | 30 Mar 15:00
Paulo Gazzaniga,,37,810,0,26,1 2 3 4 5 6 7 8 9 10 11 12 13 14 15 16 18 19 20 21 22 23 24 25 26 27 28 29 30 31 32 33 34 35 36 37 38,01 Dec 15:00 | 01 Jan 17:30 | 02 Feb 15:00 | 02 Mar 15:00 | 02 Sep 16:00 | 04 May 15:00 | 05 Nov 20:00 | 06 Apr 12:45 | 07 Oct 13:30 | 08 Dec 15:00 | 09 Feb 17:30 | 09 Mar 15:00 | 10 Nov 15:00 | 12 May 15:00 | 13 Apr 15:00 | 15 Sep 15:00 | 16 Jan 19:45 | 16 Mar 15:00 | 17 Nov 15:00 | 19 Aug 16:00 | 19 May 16:00 | 20 Apr 15:00 | 20 Oct 15:00 | 21 Jan 20:00 | 22 Dec 15:00 | 22 Sep 15:00 | 24 Feb 13:30 | 25 Aug 15:00 | 25 Nov 15:00 | 26 Dec 15:00 | 27 Apr 15:00 | 28 Nov 19:45 | 28 Oct 15:00 | 29 Dec 15:00 | 29 Sep 15:00 | 30 Jan 20:00 | 30 Mar 15:00
Pavel Pogrebnyak,,36,1939,0,71,1 4 5 6 7 8 9 10 11 12 13 14 15 16 17 18 19 20 21 22 23 24 25 26 27 28 29 30 31 32 33 34 35 36 37 38,01 Dec 17:30 | 01 Jan 15:00 | 02 Feb 15:00 | 02 Mar 15:00 | 04 May 15:00 | 04 Nov 13:30 | 06 Apr 12:45 | 06 Oct 15:00 | 09 Feb 15:00 | 09 Mar 15:00 | 10 Nov 15:00 | 11 Dec 19:45 | 12 Jan 15:00 | 13 Apr 15:00 | 14 May 20:00 | 16 Mar 17:30 | 16 Sep 16:00 | 17 Dec 20:00 | 17 Nov 15:00 | 19 Jan 15:00 | 19 May 16:00 | 20 Apr 15:00 | 20 Oct 15:00 | 22 Aug 19:45 | 22 Dec 15:00 | 22 Sep 15:00 | 23 Feb 15:00 | 24 Nov 15:00 | 26 Dec 15:00 | 27 Nov 20:00 | 27 Oct 15:00 | 28 Apr 13:30 | 29 Dec 15:00 | 29 Sep 15:00 | 30 Jan 20:00 | 30 Mar 15:00
Per Mertesacker,,13,990,0,39,1 2 3 4 5 6 7 8 9 10 17 20 30,02 Sep 13:30 | 03 Nov 12:45 | 06 Oct 17:30 | 15 Sep 15:00 | 16 Mar 15:00 | 18 Aug 15:00 | 20 Oct 17:30 | 21 Dec. 19:45 | 23 Sep 16:00 | 26 Aug 13:30 | 27 Oct 15:00 | 29 Dec 17:30 | 29 Sep 12:45
Peter Crouch,,40,2419,6,131,1 2 3 4 5 6 7 8 9 10 11 12 13 14 15 16 17 18 19 20 21 22 23 24 25 26 27 28 29 30 31 32 33 34 35 36 37 38,01 Dec 15:00 | 01 Jan 15:00 | 01 Sep 15:00 | 02 Feb 15:00 | 02 Mar 15:00 | 03 March 15:00 | 03 Nov 15:00 | 06 Apr 15:00 | 06 May 20:00 | 07 Oct 15:00 | 08 Dec 15:00 | 09 April 17:30 | 09 Feb 15:00 | 10 Mar 15:00 | 10 Nov 15:00 | 12 Jan 15:00 | 12 May 13:30 | 14 Apr 14:05 | 15 Dec 15:00 | 15 Sep 15:00 | 16 Mar 15:00 | 18 Aug 15:00 | 19 Jan 15:00 | 19 May 16:00 | 19 Nov 20:00 | 20 Apr 15:00 | 20 Oct 15:00 | 22 Dec 15:00 | 22 Sep 15:00 | 23 Feb 12:45 | 24 Nov 15:00 | 26 Aug 13:30 | 26 Dec 19:45 | 27 Apr 15:00 | 27 Oct 15:00 | 28 Nov 19:45 | 29 Dec 15:00 | 29 Jan 19:45 | 29 Sep 15:00 | 30 Mar 17:30
Peter Gulacsi,,31,0,0,0,8 9 10 11 12 13 14 15 16 17 18 19 20 21 22 23 24 25 26 27 28 29 30 31 32 33 34 35 36 37 38,01 Dec 15:00 | 02 Jan 19:45 | 02 Mar 17:30 | 03 Feb 16:00 | 03 March 12:45 | 04 Nov 16:00 | 05 May 13:30 | 07 Apr 13:30 | 09 Dec 16:00 | 10 Mar 16:00 | 11 Nov 16:00 | 12 May 15:00 | 13 Apr 15:00 | 13 Jan 13:30 | 15 Dec 15:00 | 16 Mar 15:00 | 17 Feb 15:00 | 17 Nov 15:00 | 19 Jan 15:00 | 19 May 16:00 | 20 Oct 15:00 | 21 Apr 16:00 | 22 Dec 17:30 | 25 Nov 13:30 | 26 Dec 19:45 | 27 Apr 17:30 | 28 Nov 19:45 | 28 Oct 13:30 | 30 Dec 16:00 | 30 Jan 19:45 | 31 Mar 13:30
Peter Odemwingie,,39,1371,3,74,1 2 3 4 5 6 7 8 9 10 11 12 13 14 15 16 17 18 19 20 21 22 23 24 25 26 27 28 29 30 31 32 33 34 35 36 37 38,01 Dec 15:00 | 01 Jan 12:45 | 01 Sep 15:00 | 02 Mar 15:00 | 03 Feb 13:30 | 03 March 15:00 | 05 Nov 20:00 | 06 Apr 15:00 | 06 Oct 15:00 | 07 May 19:45 | 08 Dec 15:00 | 09 Mar 15:00 | 10 Nov 15:00 | 11 April 19:45 | 11 Feb 20:00 | 12 Jan 15:00 | 12 May 15:00 | 15 Sep 15:00 | 16 Dec 16:00 | 16 Mar 15:00 | 17 Nov 15:00 | 18 Aug 15:00 | 19 Jan 17:30 | 19 May 16:00 | 20 Apr 15:00 | 20 Oct 15:00 | 22 Dec 15:00 | 22 Sep 15:00 | 23 Feb 15:00 | 24 Nov 12:45 | 25 Aug 15:00 | 26 Dec 15:00 | 27 Apr 15:00 | 28 Nov 19:45 | 28 Oct 15:00 | 29 Dec 15:00 | 30 Jan 19:45 | 30 Mar 15:00 | 30 Sep 16:00
Petr Cech,,38,3105,0,129,1 2 3 4 5 6 7 8 9 10 11 12 13 14 15 16 17 18 19 20 21 22 23 24 25 26 27 28 29 30 31 32 33 34 35 36 37 38,01 Dec 12:45 | 02 Feb 15:00 | 02 Jan 19:45 | 02 Mar 15:00 | 03 Nov 15:00 | 06 Oct 15:00 | 07 Apr 15:00 | 08 Dec 15:00 | 08 May 19:45 | 09 Feb 15:00 | 11 May 12:45 | 11 Nov 16:00 | 15 Sep 15:00 | 16 Jan 19:45 | 17 Apr 20:00 | 17 Mar 16:00 | 17 Nov 15:00 | 19 May 16:00 | 20 Jan 13:30 | 20 Oct 12:45 | 21 Apr 16:00 | 21 March 19:45 | 22 Aug 19:45 | 22 Dec. 20:00 | 22 Sep 15:00 | 23 Dec 16:00 | 24 Feb 13:30 | 25 Aug 17:30 | 25 Nov 16:00 | 26 Dec 15:00 | 27 Aug. 15:00 | 28 Apr 15:00 | 28 Nov 19:45 | 28 Oct 16:00 | 29 Sep 12:45 | 30 Dec 13:30 | 30 Jan 20:00 | 30 Mar 15:00
Phil Bardsley,,37,919,0,25,1 3 4 5 6 7 8 9 10 11 12 13 14 15 16 17 18 19 20 21 22 23 24 25 26 27 28 29 30 31 32 33 34 35 36 37 38,01 Sep 15:00 | 02 Dec 16:00 | 02 Feb 15:00 | 02 Jan 19:45 | 02 Mar 15:00 | 03 Nov 15:00 | 06 May 20:00 | 06 Oct 12:45 | 07 Apr 15:00 | 09 Feb 15:00 | 09 Mar 15:00 | 10 Nov 15:00 | 11 Dec 19:45 | 12 Jan 15:00 | 12 May 15:00 | 14 Apr 12:00 | 15 Dec 15:00 | 15 Sep 17:30 | 17 Mar 13:30 | 18 Aug 15:00 | 18 Nov 16:00 | 19 Jan 15:00 | 19 May 16:00 | 20 Apr 15:00 | 21 Oct 13:30 | 22 Dec 15:00 | 22 Sep 15:00 | 23 Feb 15:00 | 24 Nov 12:45 | 26 Dec 15:00 | 27 Nov 19:45 | 27 Oct 15:00 | 29 Apr 20:00 | 29 Dec 12:45 | 29 Jan 19:45 | 29 Sep 15:00 | 30 Mar 12:45
Phil Jagielka,,38,3064,2,120,1 2 3 4 5 6 7 8 9 10 11 12 13 14 15 16 17 18 19 20 21 22 23 24 25 26 27 28 29 30 31 32 33 34 35 36 37 38,01 Dec 15:00 | 01 Sep 15:00 | 02 Feb 15:00 | 02 Jan 20:00 | 02 Mar 15:00 | 03 Nov 15:00 | 05 May 13:30 | 06 Oct 15:00 | 07 Apr 14:05 | 09 Dec 15:00 | 10 Feb 16:00 | 10 Nov 15:00 | 12 Jan 15:00 | 12 May 15:00 | 15 Dec 15:00 | 16 Apr 19:45 | 16 Mar 12:45 | 17 Nov 15:00 | 17 Sep 20:00 | 19 May 16:00 | 20 Apr 15:00 | 20 Aug 20:00 | 21 Jan 20:00 | 21 March 20:00 | 21 Oct 16:00 | 22 Dec 15:00 | 22 Sep 12:45 | 23 Feb 15:00 | 24 Nov 15:00 | 25 Aug 15:00 | 26 Dec 15:00 | 27 Apr 15:00 | 28 Nov 19:45 | 28 Oct 13:30 | 29 Sep 15:00 | 30 Dec 13:30 | 30 Jan 19:45 | 30 Mar 17:30
Phil Jones,,38,1119,1,26,1 2 3 4 5 6 7 8 9 10 11 12 13 14 15 16 17 18 19 20 21 22 23 24 25 26 27 28 29 30 31 32 33 34 35 36 37 38,01 Dec 17:30 | 01 Jan 15:00 | 02 Feb 17:30 | 02 Mar 15:00 | 02 Sep 16:00 | 03 Nov 12:45 | 05 May 16:00 | 07 Oct 16:00 | 08 Apr 20:00 | 09 Dec 13:30 | 10 Feb 16:00 | 10 Nov 17:30 | 12 May 16:00 | 13 Jan 13:30 | 15 Dec 15:00 | 15 Sep 15:00 | 16 Mar 17:30 | 17 Apr 19:45 | 17 Nov 17:30 | 18 March 13:30 | 19 May 16:00 | 20 Aug 20:00 | 20 Jan 16:00 | 20 Oct 15:00 | 22 Apr 20:00 | 23 Dec 13:30 | 23 Feb 15:00 | 23 Sep 13:30 | 24 Nov 15:00 | 25 Aug 15:00 | 26 Dec 15:00 | 28 Apr 16:00 | 28 Nov 20:00 | 28 Oct 16:00 | 29 Dec 15:00 | 29 Sep 17:30 | 30 Jan 20:00 | 30 Mar 12:45
Phil Neville,,38,1546,1,40,1 2 3 4 5 6 7 8 9 10 11 12 13 14 15 16 17 18 19 20 21 22 23 24 25 26 27 28 29 30 31 32 33 34 35 36 37 38,01 Dec 15:00 | 01 Sep 15:00 | 02 Feb 15:00 | 02 Jan 20:00 | 02 Mar 15:00 | 03 Nov 15:00 | 05 May 13:30 | 06 Oct 15:00 | 07 Apr 14:05 | 09 Dec 15:00 | 10 Feb 16:00 | 10 Nov 15:00 | 12 Jan 15:00 | 12 May 15:00 | 15 Dec 15:00 | 16 Apr 19:45 | 16 Mar 12:45 | 17 Nov 15:00 | 17 Sep 20:00 | 19 May 16:00 | 20 Apr 15:00 | 20 Aug 20:00 | 21 Jan 20:00 | 21 March 20:00 | 21 Oct 16:00 | 22 Dec 15:00 | 22 Sep 12:45 | 23 Feb 15:00 | 24 Nov 15:00 | 25 Aug 15:00 | 26 Dec 15:00 | 27 Apr 15:00 | 28 Nov 19:45 | 28 Oct 13:30 | 29 Sep 15:00 | 30 Dec 13:30 | 30 Jan 19:45 | 30 Mar 17:30
Philippe Senderos,,38,1594,0,45,1 2 3 4 5 6 7 8 9 10 11 12 13 14 15 16 17 18 19 20 21 22 23 24 25 26 27 28 30 31 32 33 34 35 36 37 38,01 Apr 20:00 | 01 Dec 15:00 | 01 Jan 12:45 | 01 Sep 12:45 | 02 Feb 17:30 | 02 Mar 15:00 | 03 Nov 15:00 | 04 May 15:00 | 07 Apr 15:00 | 07 Oct 13:30 | 09 April 20:00 | 09 Feb 15:00 | 10 Dec 20:00 | 10 Nov 15:00 | 12 Jan 15:00 | 12 May 15:00 | 15 Dec 15:00 | 15 Sep 15:00 | 17 Apr 20:00 | 17 Mar 15:00 | 18 Aug 15:00 | 18 Nov 16:00 | 19 Jan 15:00 | 19 May 16:00 | 20 Apr 15:00 | 20 Oct 15:00 | 22 Dec 17:30 | 22 Sep 15:00 | 23 Feb 12:45 | 24 Nov 15:00 | 25 Aug 15:00 | 26 Dec 15:00 | 27 Apr 15:00 | 27 Oct 15:00 | 28 Nov 19:45 | 29 Dec 15:00 | 29 Sep 15:00 | 30 Jan 20:00
Phillip Bardsley,,1,90,0,1,17,21 Dec. 20:00
Phillippe Coutinho,,13,910,7,69,25 26 28 29 30 31 32 33 34 35 36 37 38,02 Mar 17:30 | 03 Feb 16:00 | 05 May 13:30 | 07 Apr 13:30 | 10 Mar 16:00 | 12 May 15:00 | 13 Apr 15:00 | 16 Mar 15:00 | 17 Feb 15:00 | 19 May 16:00 | 21 Apr 16:00 | 27 Apr 17:30 | 31 Mar 13:30
Radek Cerny,,38,0,0,0,1 2 3 4 5 6 7 8 9 10 11 12 13 14 15 16 17 18 19 20 21 22 23 24 25 26 27 28 29 30 31 32 33 34 35 36 37 38,01 Apr 20:00 | 01 Dec 15:00 | 01 Oct 20:00 | 01 Sep 17:30 | 02 Feb 12:45 | 02 Jan 19:45 | 02 Mar 15:00 | 04 May 17:30 | 04 Nov 13:30 | 06 Oct 15:00 | 07 Apr 16:10 | 08 Dec 15:00 | 09 Feb 15:00 | 09 Mar 15:00 | 10 Nov 15:00 | 12 Jan 12:45 | 12 May 15:00 | 13 Apr 15:00 | 15 Dec 15:00 | 15 Sep 15:00 | 16 Mar 15:00 | 17 Nov 15:00 | 18 Aug 15:00 | 19 Jan 15:00 | 19 May 16:00 | 20 Apr 15:00 | 21 Oct 16:00 | 22 Dec 15:00 | 23 Feb 15:00 | 23 Sep 16:00 | 24 Nov 15:00 | 25 Aug 15:00 | 26 Dec 15:00 | 27 Nov 19:45 | 27 Oct 15:00 | 28 Apr 13:30 | 29 Jan 19:45 | 30 Dec 16:00
Radosav Petrovic,,1,0,0,0,29,20 March 20:00
Rafael Rafael,,38,2402,6,119,1 2 3 4 5 6 7 8 9 10 11 12 13 14 15 16 17 18 19 20 21 22 23 24 25 26 27 28 29 30 31 32 33 34 35 36 37 38,01 Dec 17:30 | 01 Jan 15:00 | 02 Feb 17:30 | 02 Mar 15:00 | 02 Sep 16:00 | 03 Nov 12:45 | 05 May 16:00 | 07 Oct 16:00 | 08 Apr 20:00 | 09 Dec 13:30 | 10 Feb 16:00 | 10 Nov 17:30 | 12 May 16:00 | 13 Jan 13:30 | 15 Dec 15:00 | 15 Sep 15:00 | 16 Mar 17:30 | 17 Apr 19:45 | 17 Nov 17:30 | 18 March 13:30 | 19 May 16:00 | 20 Aug 20:00 | 20 Jan 16:00 | 20 Oct 15:00 | 22 Apr 20:00 | 23 Dec 13:30 | 23 Feb 15:00 | 23 Sep 13:30 | 24 Nov 15:00 | 25 Aug 15:00 | 26 Dec 15:00 | 28 Apr 16:00 | 28 Nov 20:00 | 28 Oct 16:00 | 29 Dec 15:00 | 29 Sep 17:30 | 30 Jan 20:00 | 30 Mar 12:45
Rafael Van der Vaart,,37,84,0,4,1 2 3 4 5 6 7 8 9 10 11 12 13 14 15 16 17 18 19 20 21 22 23 24 25 26 27 28 29 30 31 32 34 35 36 37 38,01 Dec 15:00 | 01 Jan 15:00 | 01 Sep 15:00 | 03 Feb 13:30 | 03 Mar 16:00 | 03 Nov 15:00 | 07 Apr 14:05 | 07 Oct 15:00 | 08 May 19:45 | 09 Dec 15:00 | 09 Feb 12:45 | 10 Mar 16:00 | 11 Nov 13:30 | 12 Jan 12:45 | 12 May 13:30 | 16 Dec 13:30 | 16 Sep 16:00 | 17 Mar 15:00 | 17 Nov 12:45 | 18 Aug 17:30 | 19 May 16:00 | 20 Jan 16:00 | 20 Oct 12:45 | 21 Apr 13:30 | 22 Dec 15:00 | 23 Sep 16:00 | 25 Aug 15:00 | 25 Feb 20:00 | 25 Nov 16:00 | 26 Dec 17:30 | 27 Apr 15:00 | 28 Nov 19:45 | 28 Oct 15:00 | 29 Dec 12:45 | 29 Sep 17:30 | 30 Jan 19:45 | 30 Mar 15:00
Rafik Halliche,,38,0,0,0,1 2 3 4 5 6 7 8 9 10 11 12 13 14 15 16 17 18 19 20 21 22 23 24 25 26 27 28 30 31 32 33 34 35 36 37 38,01 Apr 20:00 | 01 Dec 15:00 | 01 Jan 12:45 | 01 Sep 12:45 | 02 Feb 17:30 | 02 Mar 15:00 | 03 Nov 15:00 | 04 March 14:05 | 04 May 15:00 | 07 Apr 15:00 | 07 Oct 13:30 | 09 Feb 15:00 | 10 Dec 20:00 | 10 Nov 15:00 | 12 Jan 15:00 | 12 May 15:00 | 15 Dec 15:00 | 15 Sep 15:00 | 17 Apr 20:00 | 17 Mar 15:00 | 18 Aug 15:00 | 18 Nov 16:00 | 19 Jan 15:00 | 19 May 16:00 | 20 Apr 15:00 | 20 Oct 15:00 | 22 Dec 17:30 | 22 Sep 15:00 | 23 Feb 12:45 | 24 Nov 15:00 | 25 Aug 15:00 | 26 Dec 15:00 | 27 Apr 15:00 | 27 Oct 15:00 | 28 Nov 19:45 | 29 Dec 15:00 | 29 Sep 15:00 | 30 Jan 20:00
Raheem Sterling,,37,1717,6,81,1 2 3 4 5 6 7 8 9 10 11 12 13 14 15 16 17 18 19 20 21 22 23 24 25 26 28 29 30 31 32 33 34 35 36 37 38,01 Dec 15:00 | 02 Jan 19:45 | 02 Mar 17:30 | 02 Sep 13:30 | 03 Feb 16:00 | 04 Nov 16:00 | 05 May 13:30 | 07 Apr 13:30 | 07 Oct 15:00 | 09 Dec 16:00 | 10 Mar 16:00 | 11 Nov 16:00 | 12 May 15:00 | 13 Apr 15:00 | 13 Jan 13:30 | 15 Dec 15:00 | 15 Sep 17:30 | 16 Mar 15:00 | 17 Feb 15:00 | 17 Nov 15:00 | 18 Aug 15:00 | 19 Jan 15:00 | 19 May 16:00 | 20 Oct 15:00 | 21 Apr 16:00 | 22 Dec 17:30 | 23 Sep 13:30 | 25 Nov 13:30 | 26 Aug 16:00 | 26 Dec 19:45 | 27 Apr 17:30 | 28 Nov 19:45 | 28 Oct 13:30 | 29 Sep 15:00 | 30 Dec 16:00 | 30 Jan 19:45 | 31 Mar 13:30
Ramires,,1,90,0,2,29,21 March 19:45
Raniere Sandro,,38,1772,2,58,1 2 3 4 5 6 7 8 9 10 11 12 13 14 15 16 17 18 19 20 21 22 23 24 25 26 27 28 29 30 31 32 34 35 36 37 38,01 Dec 15:00 | 01 Jan 15:00 | 01 Sep 15:00 | 03 Feb 13:30 | 03 Mar 16:00 | 03 Nov 15:00 | 07 Apr 14:05 | 07 Oct 15:00 | 08 May 19:45 | 09 Dec 15:00 | 09 Feb 12:45 | 10 Mar 16:00 | 11 Nov 13:30 | 12 Jan 12:45 | 12 May 13:30 | 16 Dec 13:30 | 16 Sep 16:00 | 17 Mar 15:00 | 17 Nov 12:45 | 18 Aug 17:30 | 19 May 16:00 | 20 Jan 16:00 | 20 Oct 12:45 | 21 Apr 13:30 | 21 March 19:45 | 22 Dec 15:00 | 23 Sep 16:00 | 25 Aug 15:00 | 25 Feb 20:00 | 25 Nov 16:00 | 26 Dec 17:30 | 27 Apr 15:00 | 28 Nov 19:45 | 28 Oct 15:00 | 29 Dec 12:45 | 29 Sep 17:30 | 30 Jan 19:45 | 30 Mar 15:00
Raphael Spiegel,,29,0,0,0,8 9 10 11 12 13 14 15 16 17 18 20 21 22 23 24 25 26 27 28 30 31 32 33 34 35 36 37 38,01 Dec 12:45 | 01 Jan 15:00 | 02 Feb 15:00 | 02 Mar 15:00 | 03 Nov 17:30 | 04 May 15:00 | 07 Apr 13:30 | 09 Dec 16:00 | 10 Feb 13:30 | 11 Nov 15:00 | 12 Jan 15:00 | 12 May 15:00 | 16 Dec 16:00 | 17 Apr 19:45 | 17 Mar 16:00 | 19 May 16:00 | 19 Nov 20:00 | 20 Apr 15:00 | 20 Oct 15:00 | 22 Dec 15:00 | 23 Jan 19:45 | 25 Feb 20:00 | 25 Nov 16:00 | 27 Apr 12:45 | 27 Oct 15:00 | 28 Nov 20:00 | 29 Dec 15:00 | 30 Jan 20:00 | 30 Mar 15:00
Raul Meireles,,36,150,0,5,1 2 4 5 6 7 8 9 10 11 12 13 14 15 16 18 19 20 21 22 23 24 25 26 27 28 29 30 31 32 33 34 35 36 37 38,01 Dec 12:45 | 02 Feb 15:00 | 02 Jan 19:45 | 02 Mar 15:00 | 03 Nov 15:00 | 06 Oct 15:00 | 07 Apr 15:00 | 08 Dec 15:00 | 08 May 19:45 | 09 Feb 15:00 | 11 May 12:45 | 11 Nov 16:00 | 15 Sep 15:00 | 16 Jan 19:45 | 17 Apr 20:00 | 17 Mar 16:00 | 17 Nov 15:00 | 19 May 16:00 | 20 Jan 13:30 | 20 Oct 12:45 | 21 Apr 16:00 | 21 March 19:45 | 22 Aug 19:45 | 22 Sep 15:00 | 23 Dec 16:00 | 24 Feb 13:30 | 25 Aug 17:30 | 25 Nov 16:00 | 26 Dec 15:00 | 28 Apr 15:00 | 28 Nov 19:45 | 28 Oct 16:00 | 29 Sep 12:45 | 30 Dec 13:30 | 30 Jan 20:00 | 30 Mar 15:00
Ravel Morrison,,36,0,0,0,1 2 3 4 5 6 7 8 9 10 11 12 13 14 15 16 17 18 20 21 22 23 24 25 26 27 28 30 31 32 33 34 35 36 37 38,01 Dec 12:45 | 01 Jan 15:00 | 01 Oct 20:00 | 01 Sep 12:45 | 02 Feb 15:00 | 02 Mar 15:00 | 03 Nov 17:30 | 04 May 15:00 | 06 Oct 17:30 | 07 Apr 13:30 | 09 Dec 16:00 | 10 Feb 13:30 | 11 Nov 15:00 | 12 Jan 15:00 | 12 May 15:00 | 15 Sep 12:45 | 16 Dec 16:00 | 17 Apr 19:45 | 17 Mar 16:00 | 18 Aug 15:00 | 19 May 16:00 | 19 Nov 20:00 | 20 Apr 15:00 | 20 Oct 15:00 | 22 Dec 15:00 | 22 Sep 15:00 | 23 Jan 19:45 | 25 Aug 12:45 | 25 Feb 20:00 | 25 Nov 16:00 | 27 Apr 12:45 | 27 Oct 15:00 | 28 Nov 20:00 | 29 Dec 15:00 | 30 Jan 20:00 | 30 Mar 15:00
Remie Streete,,19,0,0,0,20 21 22 23 24 25 26 27 28 29 30 31 32 33 34 35 36 37 38,02 Feb 15:00 | 02 Jan 20:00 | 02 Mar 15:00 | 04 May 15:00 | 07 Apr 15:00 | 09 Feb 12:45 | 10 Mar 15:00 | 12 Jan 15:00 | 12 May 15:00 | 14 Apr 12:00 | 17 Mar 16:00 | 19 Jan 15:00 | 19 May 16:00 | 20 Apr 15:00 | 24 Feb 13:30 | 27 Apr 17:30 | 29 Dec 17:30 | 29 Jan 19:45 | 30 Mar 15:00
Ricardo Gardner,,1,0,0,0,17,20 Dec. 20:00
Ricardo Vaz Te,,36,1514,4,66,1 2 3 4 5 6 7 8 9 10 11 12 13 14 15 16 17 18 20 21 22 23 24 25 26 27 28 30 31 32 33 34 35 36 37 38,01 Dec 12:45 | 01 Jan 15:00 | 01 Oct 20:00 | 01 Sep 12:45 | 02 Feb 15:00 | 02 Mar 15:00 | 03 Nov 17:30 | 04 May 15:00 | 06 Oct 17:30 | 07 Apr 13:30 | 09 Dec 16:00 | 10 Feb 13:30 | 11 Nov 15:00 | 12 Jan 15:00 | 12 May 15:00 | 15 Sep 12:45 | 16 Dec 16:00 | 17 Apr 19:45 | 17 Mar 16:00 | 18 Aug 15:00 | 19 May 16:00 | 19 Nov 20:00 | 20 Apr 15:00 | 20 Oct 15:00 | 22 Dec 15:00 | 22 Sep 15:00 | 23 Jan 19:45 | 25 Aug 12:45 | 25 Feb 20:00 | 25 Nov 16:00 | 27 Apr 12:45 | 27 Oct 15:00 | 28 Nov 20:00 | 29 Dec 15:00 | 30 Jan 20:00 | 30 Mar 15:00
Richard Chaplow,,37,55,0,3,1 2 3 4 5 6 7 8 9 10 11 12 13 14 15 16 18 19 20 21 22 23 24 25 26 27 28 29 30 31 32 33 34 35 36 37 38,01 Dec 15:00 | 01 Jan 17:30 | 02 Feb 15:00 | 02 Mar 15:00 | 02 Sep 16:00 | 04 May 15:00 | 05 Nov 20:00 | 06 Apr 12:45 | 07 Oct 13:30 | 08 Dec 15:00 | 09 Feb 17:30 | 09 Mar 15:00 | 10 Nov 15:00 | 12 May 15:00 | 13 Apr 15:00 | 15 Sep 15:00 | 16 Jan 19:45 | 16 Mar 15:00 | 17 Nov 15:00 | 19 Aug 16:00 | 19 May 16:00 | 20 Apr 15:00 | 20 Oct 15:00 | 21 Jan 20:00 | 22 Dec 15:00 | 22 Sep 15:00 | 24 Feb 13:30 | 25 Aug 15:00 | 25 Nov 15:00 | 26 Dec 15:00 | 27 Apr 15:00 | 28 Nov 19:45 | 28 Oct 15:00 | 29 Dec 15:00 | 29 Sep 15:00 | 30 Jan 20:00 | 30 Mar 15:00
Richard Dunne,,12,0,0,0,1 2 3 4 5 6 7 8 9 10 20 30,02 Sep 16:00 | 03 Nov 15:00 | 07 Oct 15:00 | 15 Sep 15:00 | 16 Mar 15:00 | 18 Aug 15:00 | 20 Oct 15:00 | 22 Sep 15:00 | 25 Aug 15:00 | 27 Oct 12:45 | 29 Dec 15:00 | 30 Sep 16:00
Richard Stearman,,1,90,0,1,33,11 April 19:45
Richard Wright,,34,0,0,0,4 5 6 7 8 9 10 11 12 13 14 15 16 17 18 19 20 21 22 23 24 25 26 27 28 30 31 32 33 34 35 36 37 38,01 Dec 15:00 | 01 Jan 15:00 | 03 Feb 16:00 | 03 Nov 17:30 | 04 Mar 20:00 | 06 Oct 12:45 | 07 May 19:45 | 08 Apr 20:00 | 09 Dec 13:30 | 09 Feb 17:30 | 11 Nov 13:30 | 13 Jan 16:00 | 14 May 20:00 | 15 Dec 12:45 | 15 Sep 15:00 | 16 Mar 12:45 | 17 Apr 19:45 | 17 Nov 15:00 | 19 Jan 15:00 | 19 May 16:00 | 20 Oct 15:00 | 21 Apr 13:30 | 22 Dec 15:00 | 23 Sep 16:00 | 24 Feb 13:30 | 25 Nov 16:00 | 26 Dec 15:00 | 27 Apr 12:45 | 27 Oct 17:30 | 28 Nov 20:00 | 29 Dec 15:00 | 29 Jan 19:45 | 29 Sep 15:00 | 30 Mar 15:00
Rickie Lambert,,37,3036,8,178,1 2 3 4 5 6 7 8 9 10 11 12 13 14 15 16 18 19 20 21 22 23 24 25 26 27 28 29 30 31 32 33 34 35 36 37 38,01 Dec 15:00 | 01 Jan 17:30 | 02 Feb 15:00 | 02 Mar 15:00 | 02 Sep 16:00 | 04 May 15:00 | 05 Nov 20:00 | 06 Apr 12:45 | 07 Oct 13:30 | 08 Dec 15:00 | 09 Feb 17:30 | 09 Mar 15:00 | 10 Nov 15:00 | 12 May 15:00 | 13 Apr 15:00 | 15 Sep 15:00 | 16 Jan 19:45 | 16 Mar 15:00 | 17 Nov 15:00 | 19 Aug 16:00 | 19 May 16:00 | 20 Apr 15:00 | 20 Oct 15:00 | 21 Jan 20:00 | 22 Dec 15:00 | 22 Sep 15:00 | 24 Feb 13:30 | 25 Aug 15:00 | 25 Nov 15:00 | 26 Dec 15:00 | 27 Apr 15:00 | 28 Nov 19:45 | 28 Oct 15:00 | 29 Dec 15:00 | 29 Sep 15:00 | 30 Jan 20:00 | 30 Mar 15:00
Rio Ferdinand,,38,2322,2,92,1 2 3 4 5 6 7 8 9 10 11 12 13 14 15 16 17 18 19 20 21 22 23 24 25 26 27 28 29 30 31 32 33 34 35 36 37 38,01 Dec 17:30 | 01 Jan 15:00 | 02 Feb 17:30 | 02 Mar 15:00 | 02 Sep 16:00 | 03 Nov 12:45 | 05 May 16:00 | 07 Oct 16:00 | 08 Apr 20:00 | 09 Dec 13:30 | 10 Feb 16:00 | 10 Nov 17:30 | 12 May 16:00 | 13 Jan 13:30 | 15 Dec 15:00 | 15 Sep 15:00 | 16 Mar 17:30 | 17 Apr 19:45 | 17 Nov 17:30 | 18 March 13:30 | 19 May 16:00 | 20 Aug 20:00 | 20 Jan 16:00 | 20 Oct 15:00 | 22 Apr 20:00 | 23 Dec 13:30 | 23 Feb 15:00 | 23 Sep 13:30 | 24 Nov 15:00 | 25 Aug 15:00 | 26 Dec 15:00 | 28 Apr 16:00 | 28 Nov 20:00 | 28 Oct 16:00 | 29 Dec 15:00 | 29 Sep 17:30 | 30 Jan 20:00 | 30 Mar 12:45
Rob Elliot,,38,834,1,20,1 2 3 4 5 6 7 8 9 10 11 12 13 14 15 16 17 18 19 20 21 22 23 24 25 26 27 28 29 30 31 32 33 34 35 36 37 38,02 Feb 15:00 | 02 Jan 20:00 | 02 Mar 15:00 | 02 Sep 16:00 | 03 Dec 20:00 | 04 May 15:00 | 04 Nov 16:00 | 07 Apr 15:00 | 07 Oct 16:00 | 09 Feb 12:45 | 10 Dec 20:00 | 10 Mar 15:00 | 11 Nov 15:00 | 12 Jan 15:00 | 12 May 15:00 | 14 Apr 12:00 | 15 Dec 12:45 | 17 Mar 16:00 | 17 Nov 15:00 | 17 Sep 20:00 | 18 Aug 17:30 | 19 Jan 15:00 | 19 May 16:00 | 20 Apr 15:00 | 21 Oct 13:30 | 22 Dec 15:00 | 23 Sep 15:00 | 24 Feb 13:30 | 25 Aug 17:30 | 25 Nov 15:00 | 26 Dec 15:00 | 27 Apr 17:30 | 28 Nov 19:45 | 28 Oct 15:00 | 29 Dec 17:30 | 29 Jan 19:45 | 29 Sep 15:00 | 30 Mar 15:00
Rob Green,,38,1322,0,37,1 2 3 4 5 6 7 8 9 10 11 12 13 14 15 16 17 18 19 20 21 22 23 24 25 26 27 28 29 30 31 32 33 34 35 36 37 38,01 Apr 20:00 | 01 Dec 15:00 | 01 Oct 20:00 | 01 Sep 17:30 | 02 Feb 12:45 | 02 Jan 19:45 | 02 Mar 15:00 | 04 May 17:30 | 04 Nov 13:30 | 06 Oct 15:00 | 07 Apr 16:10 | 08 Dec 15:00 | 09 Feb 15:00 | 09 Mar 15:00 | 10 Nov 15:00 | 12 Jan 12:45 | 12 May 15:00 | 13 Apr 15:00 | 15 Dec 15:00 | 15 Sep 15:00 | 16 Mar 15:00 | 17 Nov 15:00 | 18 Aug 15:00 | 19 Jan 15:00 | 19 May 16:00 | 20 Apr 15:00 | 21 Oct 16:00 | 22 Dec 15:00 | 23 Feb 15:00 | 23 Sep 16:00 | 24 Nov 15:00 | 25 Aug 15:00 | 26 Dec 15:00 | 27 Nov 19:45 | 27 Oct 15:00 | 28 Apr 13:30 | 29 Jan 19:45 | 30 Dec 16:00
Robbie Blake,,1,0,0,0,19,31 Dec. 15:00
Robbie Keane,,2,0,0,0,27 33,03 March 15:00 | 09 April 17:30
Robert Hall,,34,13,0,1,3 4 5 6 7 8 9 10 11 12 13 14 15 16 17 18 20 21 22 23 24 25 26 27 28 30 31 32 33 34 35 36 37 38,01 Dec 12:45 | 01 Jan 15:00 | 01 Oct 20:00 | 01 Sep 12:45 | 02 Feb 15:00 | 02 Mar 15:00 | 03 Nov 17:30 | 04 May 15:00 | 06 Oct 17:30 | 07 Apr 13:30 | 09 Dec 16:00 | 10 Feb 13:30 | 11 Nov 15:00 | 12 Jan 15:00 | 12 May 15:00 | 15 Sep 12:45 | 16 Dec 16:00 | 17 Apr 19:45 | 17 Mar 16:00 | 19 May 16:00 | 19 Nov 20:00 | 20 Apr 15:00 | 20 Oct 15:00 | 22 Dec 15:00 | 22 Sep 15:00 | 23 Jan 19:45 | 25 Feb 20:00 | 25 Nov 16:00 | 27 Apr 12:45 | 27 Oct 15:00 | 28 Nov 20:00 | 29 Dec 15:00 | 30 Jan 20:00 | 30 Mar 15:00
Robert Huth,,40,3330,0,120,1 2 3 4 5 6 7 8 9 10 11 12 13 14 15 16 17 18 19 20 21 22 23 24 25 26 27 28 29 30 31 32 33 34 35 36 37 38,01 Dec 15:00 | 01 Jan 15:00 | 01 Sep 15:00 | 02 Feb 15:00 | 02 Mar 15:00 | 03 Nov 15:00 | 06 Apr 15:00 | 06 May 20:00 | 07 Oct 15:00 | 08 Dec 15:00 | 09 Feb 15:00 | 10 Mar 15:00 | 10 Nov 15:00 | 12 Jan 15:00 | 12 May 13:30 | 14 Apr 14:05 | 15 Dec 15:00 | 15 Sep 15:00 | 16 Mar 15:00 | 18 Aug 15:00 | 19 Jan 15:00 | 19 May 16:00 | 19 Nov 20:00 | 20 Apr 15:00 | 20 Oct 15:00 | 21 Aug. 13:30 | 22 Dec 15:00 | 22 Sep 15:00 | 23 Feb 12:45 | 24 Nov 15:00 | 26 Aug 13:30 | 26 Dec 19:45 | 27 Apr 15:00 | 27 Oct 15:00 | 28 Aug. 15:00 | 28 Nov 19:45 | 29 Dec 15:00 | 29 Jan 19:45 | 29 Sep 15:00 | 30 Mar 17:30
Robert Snodgrass,,38,3050,9,152,1 2 3 4 5 6 7 8 9 10 11 12 13 14 15 16 17 18 19 20 21 22 23 24 25 26 27 28 29 30 31 32 33 34 35 36 37 38,01 Jan 15:00 | 01 Sep 15:00 | 02 Dec 16:00 | 02 Feb 12:45 | 02 Mar 15:00 | 03 Nov 15:00 | 04 May 15:00 | 06 Apr 15:00 | 06 Oct 15:00 | 08 Dec 15:00 | 09 Feb 15:00 | 09 Mar 15:00 | 10 Nov 15:00 | 12 Jan 15:00 | 12 May 15:00 | 13 Apr 15:00 | 15 Dec 15:00 | 15 Sep 12:45 | 17 Mar 13:30 | 17 Nov 17:30 | 18 Aug 15:00 | 19 Jan 15:00 | 19 May 16:00 | 20 Apr 15:00 | 20 Oct 17:30 | 22 Dec 15:00 | 23 Feb 15:00 | 23 Sep 15:00 | 24 Nov 15:00 | 25 Aug 15:00 | 26 Dec 15:00 | 27 Apr 15:00 | 27 Oct 12:45 | 28 Nov 19:45 | 29 Dec 15:00 | 29 Sep 15:00 | 30 Jan 19:45 | 30 Mar 15:00
Robin Van Persie,,12,875,4,80,1 2 3 4 5 6 7 8 9 10 20 30,02 Sep 16:00 | 03 Nov 12:45 | 07 Oct 16:00 | 15 Sep 15:00 | 16 Mar 17:30 | 20 Aug 20:00 | 20 Oct 15:00 | 23 Sep 13:30 | 25 Aug 15:00 | 28 Oct 16:00 | 29 Dec 15:00 | 29 Sep 17:30
Rodriguez Maxi Rodriguez,,1,0,0,0,29,21 March 20:00
Roger Espinoza,,16,594,2,27,22 23 24 25 26 27 28 30 31 32 33 34 35 36 37 38,02 Feb 15:00 | 02 Mar 17:30 | 07 Apr 16:10 | 07 May 19:45 | 09 Feb 15:00 | 12 Jan 15:00 | 14 May 19:45 | 17 Apr 19:45 | 17 Mar 16:00 | 19 Jan 15:00 | 19 May 16:00 | 20 Apr 15:00 | 23 Feb 15:00 | 27 Apr 15:00 | 29 Jan 19:45 | 30 Mar 15:00
Roger Johnson,,1,0,0,0,33,11 April 19:45
Roland Lamah,,14,155,0,6,23 24 25 26 28 29 30 31 32 34 35 36 37 38,02 Feb 15:00 | 02 Mar 15:00 | 06 Apr 15:00 | 07 May 19:45 | 09 Mar 15:00 | 12 May 16:00 | 16 Mar 15:00 | 17 Feb 15:00 | 19 Jan 15:00 | 19 May 16:00 | 20 Apr 15:00 | 28 Apr 15:00 | 29 Jan 19:45 | 30 Mar 15:00
Romain Amalfiltano,,38,0,0,0,1 2 3 4 5 6 7 8 9 10 11 12 13 14 15 16 17 18 19 20 21 22 23 24 25 26 27 28 29 30 31 32 33 34 35 36 37 38,02 Feb 15:00 | 02 Jan 20:00 | 02 Mar 15:00 | 02 Sep 16:00 | 03 Dec 20:00 | 04 May 15:00 | 04 Nov 16:00 | 07 Apr 15:00 | 07 Oct 16:00 | 09 Feb 12:45 | 10 Dec 20:00 | 10 Mar 15:00 | 11 Nov 15:00 | 12 Jan 15:00 | 12 May 15:00 | 14 Apr 12:00 | 15 Dec 12:45 | 17 Mar 16:00 | 17 Nov 15:00 | 17 Sep 20:00 | 18 Aug 17:30 | 19 Jan 15:00 | 19 May 16:00 | 20 Apr 15:00 | 21 Oct 13:30 | 22 Dec 15:00 | 23 Sep 15:00 | 24 Feb 13:30 | 25 Aug 17:30 | 25 Nov 15:00 | 26 Dec 15:00 | 27 Apr 17:30 | 28 Nov 19:45 | 28 Oct 15:00 | 29 Dec 17:30 | 29 Jan 19:45 | 29 Sep 15:00 | 30 Mar 15:00
Roman Golobart,,24,180,0,2,14 15 16 17 18 19 20 21 22 23 24 25 26 27 28 30 31 32 33 34 35 36 37 38,01 Jan 15:00 | 02 Feb 15:00 | 02 Mar 17:30 | 03 Dec 20:00 | 07 Apr 16:10 | 07 May 19:45 | 08 Dec 15:00 | 09 Feb 15:00 | 12 Jan 15:00 | 14 May 19:45 | 15 Dec 15:00 | 17 Apr 19:45 | 17 Mar 16:00 | 19 Jan 15:00 | 19 May 16:00 | 20 Apr 15:00 | 22 Dec 12:45 | 23 Feb 15:00 | 26 Dec 15:00 | 27 Apr 15:00 | 28 Nov 20:00 | 29 Dec 15:00 | 29 Jan 19:45 | 30 Mar 15:00
Roman Pavlyuchenko,,1,17,0,1,2,22 Aug. 20:00
Romelu Lukaku,,40,1949,7,158,1 2 3 4 5 6 7 8 9 10 11 12 13 14 15 16 17 18 19 20 21 22 23 24 25 26 27 28 29 30 31 32 34 35 36 37 38,01 Dec 15:00 | 01 Jan 12:45 | 01 Sep 15:00 | 02 Mar 15:00 | 03 Feb 13:30 | 05 Nov 20:00 | 06 Apr 15:00 | 06 Oct 15:00 | 07 May 19:45 | 08 Dec 15:00 | 09 Mar 15:00 | 10 Nov 15:00 | 11 Feb 20:00 | 12 Jan 15:00 | 12 May 15:00 | 15 Sep 15:00 | 16 Dec 16:00 | 16 Mar 15:00 | 17 Nov 15:00 | 18 Aug 15:00 | 19 Jan 17:30 | 19 May 16:00 | 20 Apr 15:00 | 20 Oct 15:00 | 21 March 19:45 | 22 Dec 15:00 | 22 Dec. 20:00 | 22 Sep 15:00 | 23 Feb 15:00 | 24 Nov 12:45 | 25 Aug 15:00 | 26 Dec 15:00 | 27 Apr 15:00 | 27 Aug. 15:00 | 28 Nov 19:45 | 28 Oct 15:00 | 29 Dec 15:00 | 30 Jan 19:45 | 30 Mar 15:00 | 30 Sep 16:00
Ron Vlaar,,38,2390,0,58,1 2 3 4 5 6 7 8 9 10 11 12 13 14 15 16 17 18 19 20 21 22 23 24 25 26 27 28 29 30 31 32 33 34 35 36 37 38,01 Dec 15:00 | 01 Jan 15:00 | 02 Feb 15:00 | 02 Sep 16:00 | 03 Nov 15:00 | 04 Mar 20:00 | 04 May 15:00 | 06 Apr 15:00 | 07 Oct 15:00 | 08 Dec 15:00 | 09 Mar 15:00 | 10 Feb 13:30 | 10 Nov 17:30 | 11 May 12:45 | 12 Jan 15:00 | 13 Apr 15:00 | 15 Dec 15:00 | 15 Sep 15:00 | 16 Mar 15:00 | 17 Nov 15:00 | 18 Aug 15:00 | 19 Jan 17:30 | 19 May 16:00 | 20 Oct 15:00 | 22 Apr 20:00 | 22 Sep 15:00 | 23 Dec 16:00 | 23 Feb 15:00 | 24 Nov 17:30 | 25 Aug 15:00 | 26 Dec 17:30 | 27 Nov 20:00 | 27 Oct 12:45 | 29 Apr 20:00 | 29 Dec 15:00 | 29 Jan 19:45 | 30 Sep 16:00 | 31 Mar 13:30
Ronald Zubar,,1,90,0,0,33,11 April 19:45
Ronnie Stam,,38,953,1,19,1 2 3 4 5 6 7 8 9 10 11 12 13 14 15 16 17 18 19 20 21 22 23 24 25 26 27 28 30 31 32 33 34 35 36 37 38,01 Jan 15:00 | 01 Sep 15:00 | 02 Feb 15:00 | 02 Mar 17:30 | 03 Dec 20:00 | 03 Nov 15:00 | 06 Oct 15:00 | 07 Apr 16:10 | 07 May 19:45 | 08 Dec 15:00 | 09 Feb 15:00 | 10 Nov 15:00 | 11 April 19:45 | 12 Jan 15:00 | 14 May 19:45 | 15 Dec 15:00 | 15 Sep 15:00 | 17 Apr 19:45 | 17 Mar 16:00 | 17 Nov 15:00 | 19 Aug 13:30 | 19 Jan 15:00 | 19 May 16:00 | 20 Apr 15:00 | 20 Oct 15:00 | 22 Dec 12:45 | 22 Sep 15:00 | 23 Feb 15:00 | 24 Nov 15:00 | 25 Aug 15:00 | 26 Dec 15:00 | 27 Apr 15:00 | 27 Oct 15:00 | 28 Nov 20:00 | 29 Dec 15:00 | 29 Jan 19:45 | 29 Sep 15:00 | 30 Mar 15:00
Rory Delap,,40,11,0,1,1 2 3 4 5 6 7 8 9 10 11 12 13 14 15 16 17 18 19 20 21 22 23 24 25 26 27 28 29 30 31 32 33 34 35 36 37 38,01 Dec 15:00 | 01 Jan 15:00 | 01 Sep 15:00 | 02 Feb 15:00 | 02 Mar 15:00 | 03 Nov 15:00 | 06 Apr 15:00 | 06 May 20:00 | 07 Oct 15:00 | 08 Dec 15:00 | 09 Feb 15:00 | 10 Mar 15:00 | 10 Nov 15:00 | 12 Jan 15:00 | 12 May 13:30 | 14 Apr 14:05 | 15 Dec 15:00 | 15 Sep 15:00 | 16 Mar 15:00 | 18 Aug 15:00 | 19 Jan 15:00 | 19 May 16:00 | 19 Nov 20:00 | 20 Apr 15:00 | 20 Oct 15:00 | 21 Aug. 13:30 | 22 Dec 15:00 | 22 Sep 15:00 | 23 Feb 12:45 | 24 Nov 15:00 | 26 Aug 13:30 | 26 Dec 19:45 | 27 Apr 15:00 | 27 Oct 15:00 | 28 Aug. 15:00 | 28 Nov 19:45 | 29 Dec 15:00 | 29 Jan 19:45 | 29 Sep 15:00 | 30 Mar 17:30
Rory Donnelly,,22,0,0,0,15 16 17 18 19 20 21 22 23 24 25 26 28 29 30 31 32 34 35 36 37 38,01 Dec 15:00 | 01 Jan 15:00 | 02 Feb 15:00 | 02 Mar 15:00 | 06 Apr 15:00 | 07 May 19:45 | 08 Dec 15:00 | 09 Mar 15:00 | 12 Jan 15:00 | 12 May 16:00 | 16 Dec 13:30 | 16 Mar 15:00 | 17 Feb 15:00 | 19 Jan 15:00 | 19 May 16:00 | 20 Apr 15:00 | 23 Dec 13:30 | 26 Dec 15:00 | 28 Apr 15:00 | 29 Dec 15:00 | 29 Jan 19:45 | 30 Mar 15:00
Ross Barkley,,39,209,0,7,1 2 3 4 5 6 7 8 9 10 11 12 13 14 15 16 17 18 19 20 21 22 23 24 25 26 27 28 29 30 31 32 33 34 35 36 37 38,01 Dec 15:00 | 01 Jan. 12:30 | 01 Sep 15:00 | 02 Feb 15:00 | 02 Jan 20:00 | 02 Mar 15:00 | 03 Nov 15:00 | 05 May 13:30 | 06 Oct 15:00 | 07 Apr 14:05 | 09 Dec 15:00 | 10 Feb 16:00 | 10 Nov 15:00 | 12 Jan 15:00 | 12 May 15:00 | 15 Dec 15:00 | 16 Apr 19:45 | 16 Mar 12:45 | 17 Nov 15:00 | 17 Sep 20:00 | 19 May 16:00 | 20 Apr 15:00 | 20 Aug 20:00 | 21 Jan 20:00 | 21 March 20:00 | 21 Oct 16:00 | 22 Dec 15:00 | 22 Sep 12:45 | 23 Feb 15:00 | 24 Nov 15:00 | 25 Aug 15:00 | 26 Dec 15:00 | 27 Apr 15:00 | 28 Nov 19:45 | 28 Oct 13:30 | 29 Sep 15:00 | 30 Dec 13:30 | 30 Jan 19:45 | 30 Mar 17:30
Ross Turnbull,,36,225,0,6,1 2 4 5 6 7 8 9 10 11 12 13 14 15 16 18 19 20 21 22 23 24 25 26 27 28 30 31 32 33 34 35 36 37 38,01 Dec 12:45 | 02 Feb 15:00 | 02 Jan 19:45 | 02 Mar 15:00 | 03 Nov 15:00 | 06 Oct 15:00 | 07 Apr 15:00 | 08 Dec 15:00 | 08 May 19:45 | 09 April 20:00 | 09 Feb 15:00 | 11 May 12:45 | 11 Nov 16:00 | 15 Sep 15:00 | 16 Jan 19:45 | 17 Apr 20:00 | 17 Mar 16:00 | 17 Nov 15:00 | 19 May 16:00 | 20 Jan 13:30 | 20 Oct 12:45 | 21 Apr 16:00 | 22 Aug 19:45 | 22 Sep 15:00 | 23 Dec 16:00 | 24 Feb 13:30 | 25 Aug 17:30 | 25 Nov 16:00 | 26 Dec 15:00 | 28 Apr 15:00 | 28 Nov 19:45 | 28 Oct 16:00 | 29 Sep 12:45 | 30 Dec 13:30 | 30 Jan 20:00 | 30 Mar 15:00
Royston Drenthe,,1,77,0,2,29,21 March 20:00
Ruben Rochina,,3,26,0,1,3 17 29,20 Dec. 20:00 | 20 March 20:00 | 27 Aug. 15:00
Russell Martin R,,38,2691,2,96,1 2 3 4 5 6 7 8 9 10 11 12 13 14 15 16 17 18 19 20 21 22 23 24 25 26 27 28 29 30 31 32 33 34 35 36 37 38,01 Jan 15:00 | 01 Sep 15:00 | 02 Dec 16:00 | 02 Feb 12:45 | 02 Mar 15:00 | 03 Nov 15:00 | 04 May 15:00 | 06 Apr 15:00 | 06 Oct 15:00 | 08 Dec 15:00 | 09 Feb 15:00 | 09 Mar 15:00 | 10 Nov 15:00 | 12 Jan 15:00 | 12 May 15:00 | 13 Apr 15:00 | 15 Dec 15:00 | 15 Sep 12:45 | 17 Mar 13:30 | 17 Nov 17:30 | 18 Aug 15:00 | 19 Jan 15:00 | 19 May 16:00 | 20 Apr 15:00 | 20 Oct 17:30 | 22 Dec 15:00 | 23 Feb 15:00 | 23 Sep 15:00 | 24 Nov 15:00 | 25 Aug 15:00 | 26 Dec 15:00 | 27 Apr 15:00 | 27 Oct 12:45 | 28 Nov 19:45 | 29 Dec 15:00 | 29 Sep 15:00 | 30 Jan 19:45 | 30 Mar 15:00
Ryan Allsop,,2,0,0,0,27 33,03 March 15:00 | 11 April 19:45
Ryan Bertrand,,36,1106,0,35,1 2 4 5 6 7 8 9 10 11 12 13 14 15 16 18 19 20 21 22 23 24 25 26 27 28 29 30 31 32 33 34 35 36 37 38,01 Dec 12:45 | 02 Feb 15:00 | 02 Jan 19:45 | 02 Mar 15:00 | 03 Nov 15:00 | 06 Oct 15:00 | 07 Apr 15:00 | 08 Dec 15:00 | 08 May 19:45 | 09 Feb 15:00 | 11 May 12:45 | 11 Nov 16:00 | 15 Sep 15:00 | 16 Jan 19:45 | 17 Apr 20:00 | 17 Mar 16:00 | 17 Nov 15:00 | 19 May 16:00 | 20 Jan 13:30 | 20 Oct 12:45 | 21 Apr 16:00 | 21 March 19:45 | 22 Aug 19:45 | 22 Sep 15:00 | 23 Dec 16:00 | 24 Feb 13:30 | 25 Aug 17:30 | 25 Nov 16:00 | 26 Dec 15:00 | 28 Apr 15:00 | 28 Nov 19:45 | 28 Oct 16:00 | 29 Sep 12:45 | 30 Dec 13:30 | 30 Jan 20:00 | 30 Mar 15:00
Ryan Fredericks,,1,0,0,0,29,21 March 19:45
Ryan Giggs,,38,1168,3,65,1 2 3 4 5 6 7 8 9 10 11 12 13 14 15 16 17 18 19 20 21 22 23 24 25 26 27 28 29 30 31 32 33 34 35 36 37 38,01 Dec 17:30 | 01 Jan 15:00 | 02 Feb 17:30 | 02 Mar 15:00 | 02 Sep 16:00 | 03 Nov 12:45 | 05 May 16:00 | 07 Oct 16:00 | 08 Apr 20:00 | 09 Dec 13:30 | 10 Feb 16:00 | 10 Nov 17:30 | 12 May 16:00 | 13 Jan 13:30 | 15 Dec 15:00 | 15 Sep 15:00 | 16 Mar 17:30 | 17 Apr 19:45 | 17 Nov 17:30 | 18 March 13:30 | 19 May 16:00 | 20 Aug 20:00 | 20 Jan 16:00 | 20 Oct 15:00 | 22 Apr 20:00 | 23 Dec 13:30 | 23 Feb 15:00 | 23 Sep 13:30 | 24 Nov 15:00 | 25 Aug 15:00 | 26 Dec 15:00 | 28 Apr 16:00 | 28 Nov 20:00 | 28 Oct 16:00 | 29 Dec 15:00 | 29 Sep 17:30 | 30 Jan 20:00 | 30 Mar 12:45
Ryan Mason,,33,0,0,0,5 6 7 8 9 10 11 12 13 14 15 16 17 18 19 20 21 22 23 24 25 26 27 28 29 30 31 32 34 35 36 37 38,01 Dec 15:00 | 01 Jan 15:00 | 03 Feb 13:30 | 03 Mar 16:00 | 03 Nov 15:00 | 07 Apr 14:05 | 07 Oct 15:00 | 08 May 19:45 | 09 Dec 15:00 | 09 Feb 12:45 | 10 Mar 16:00 | 11 Nov 13:30 | 12 Jan 12:45 | 12 May 13:30 | 16 Dec 13:30 | 17 Mar 15:00 | 17 Nov 12:45 | 19 May 16:00 | 20 Jan 16:00 | 20 Oct 12:45 | 21 Apr 13:30 | 22 Dec 15:00 | 23 Sep 16:00 | 25 Feb 20:00 | 25 Nov 16:00 | 26 Dec 17:30 | 27 Apr 15:00 | 28 Nov 19:45 | 28 Oct 15:00 | 29 Dec 12:45 | 29 Sep 17:30 | 30 Jan 19:45 | 30 Mar 15:00
Ryan Nelsen,,38,1882,0,69,1 2 3 4 5 6 7 8 9 10 11 12 13 14 15 16 17 18 19 20 21 22 23 24 25 26 27 28 29 30 31 32 33 34 35 36 37 38,01 Apr 20:00 | 01 Dec 15:00 | 01 Oct 20:00 | 01 Sep 17:30 | 02 Feb 12:45 | 02 Jan 19:45 | 02 Mar 15:00 | 04 May 17:30 | 04 Nov 13:30 | 06 Oct 15:00 | 07 Apr 16:10 | 08 Dec 15:00 | 09 Feb 15:00 | 09 Mar 15:00 | 10 Nov 15:00 | 12 Jan 12:45 | 12 May 15:00 | 13 Apr 15:00 | 15 Dec 15:00 | 15 Sep 15:00 | 16 Mar 15:00 | 17 Nov 15:00 | 18 Aug 15:00 | 19 Jan 15:00 | 19 May 16:00 | 20 Apr 15:00 | 21 Oct 16:00 | 22 Dec 15:00 | 23 Feb 15:00 | 23 Sep 16:00 | 24 Nov 15:00 | 25 Aug 15:00 | 26 Dec 15:00 | 27 Nov 19:45 | 27 Oct 15:00 | 28 Apr 13:30 | 29 Jan 19:45 | 30 Dec 16:00
Ryan Noble,,38,0,0,0,1 3 4 5 6 7 8 9 10 11 12 13 14 15 16 17 18 19 20 21 22 23 24 25 26 27 28 29 30 31 32 33 34 35 36 37 38,01 Sep 15:00 | 02 Dec 16:00 | 02 Feb 15:00 | 02 Jan 19:45 | 02 Mar 15:00 | 03 Nov 15:00 | 06 May 20:00 | 06 Oct 12:45 | 07 Apr 15:00 | 09 Feb 15:00 | 09 Mar 15:00 | 10 Nov 15:00 | 11 Dec 19:45 | 12 Jan 15:00 | 12 May 15:00 | 14 Apr 12:00 | 15 Dec 15:00 | 15 Sep 17:30 | 17 Mar 13:30 | 18 Aug 15:00 | 18 Nov 16:00 | 19 Jan 15:00 | 19 May 16:00 | 20 Apr 15:00 | 21 Dec. 20:00 | 21 Oct 13:30 | 22 Dec 15:00 | 22 Sep 15:00 | 23 Feb 15:00 | 24 Nov 12:45 | 26 Dec 15:00 | 27 Nov 19:45 | 27 Oct 15:00 | 29 Apr 20:00 | 29 Dec 12:45 | 29 Jan 19:45 | 29 Sep 15:00 | 30 Mar 12:45
Ryan Ryan Bennett,,38,1069,0,28,1 2 3 4 5 6 7 8 9 10 11 12 13 14 15 16 17 18 19 20 21 22 23 24 25 26 27 28 29 30 31 32 33 34 35 36 37 38,01 Jan 15:00 | 01 Sep 15:00 | 02 Dec 16:00 | 02 Feb 12:45 | 02 Mar 15:00 | 03 Nov 15:00 | 04 May 15:00 | 06 Apr 15:00 | 06 Oct 15:00 | 08 Dec 15:00 | 09 Feb 15:00 | 09 Mar 15:00 | 10 Nov 15:00 | 12 Jan 15:00 | 12 May 15:00 | 13 Apr 15:00 | 15 Dec 15:00 | 15 Sep 12:45 | 17 Mar 13:30 | 17 Nov 17:30 | 18 Aug 15:00 | 19 Jan 15:00 | 19 May 16:00 | 20 Apr 15:00 | 20 Oct 17:30 | 22 Dec 15:00 | 23 Feb 15:00 | 23 Sep 15:00 | 24 Nov 15:00 | 25 Aug 15:00 | 26 Dec 15:00 | 27 Apr 15:00 | 27 Oct 12:45 | 28 Nov 19:45 | 29 Dec 15:00 | 29 Sep 15:00 | 30 Jan 19:45 | 30 Mar 15:00
Ryan Shawcross,,40,3510,1,133,1 2 3 4 5 6 7 8 9 10 11 12 13 14 15 16 17 18 19 20 21 22 23 24 25 26 27 28 29 30 31 32 33 34 35 36 37 38,01 Dec 15:00 | 01 Jan 15:00 | 01 Sep 15:00 | 02 Feb 15:00 | 02 Mar 15:00 | 03 Nov 15:00 | 06 Apr 15:00 | 06 May 20:00 | 07 Oct 15:00 | 08 Dec 15:00 | 09 Feb 15:00 | 10 Mar 15:00 | 10 Nov 15:00 | 12 Jan 15:00 | 12 May 13:30 | 14 Apr 14:05 | 15 Dec 15:00 | 15 Sep 15:00 | 16 Mar 15:00 | 18 Aug 15:00 | 19 Jan 15:00 | 19 May 16:00 | 19 Nov 20:00 | 20 Apr 15:00 | 20 Oct 15:00 | 21 Aug. 13:30 | 22 Dec 15:00 | 22 Sep 15:00 | 23 Feb 12:45 | 24 Nov 15:00 | 26 Aug 13:30 | 26 Dec 19:45 | 27 Apr 15:00 | 27 Oct 15:00 | 28 Aug. 15:00 | 28 Nov 19:45 | 29 Dec 15:00 | 29 Jan 19:45 | 29 Sep 15:00 | 30 Mar 17:30
Ryan Shotton,,38,1821,1,48,1 2 3 4 5 6 7 8 9 10 11 12 13 14 15 16 17 18 19 20 21 22 23 24 25 26 27 28 29 30 31 32 33 34 35 36 37 38,01 Dec 15:00 | 01 Jan 15:00 | 01 Sep 15:00 | 02 Feb 15:00 | 02 Mar 15:00 | 03 Nov 15:00 | 06 Apr 15:00 | 06 May 20:00 | 07 Oct 15:00 | 08 Dec 15:00 | 09 Feb 15:00 | 10 Mar 15:00 | 10 Nov 15:00 | 12 Jan 15:00 | 12 May 13:30 | 14 Apr 14:05 | 15 Dec 15:00 | 15 Sep 15:00 | 16 Mar 15:00 | 18 Aug 15:00 | 19 Jan 15:00 | 19 May 16:00 | 19 Nov 20:00 | 20 Apr 15:00 | 20 Oct 15:00 | 22 Dec 15:00 | 22 Sep 15:00 | 23 Feb 12:45 | 24 Nov 15:00 | 26 Aug 13:30 | 26 Dec 19:45 | 27 Apr 15:00 | 27 Oct 15:00 | 28 Nov 19:45 | 29 Dec 15:00 | 29 Jan 19:45 | 29 Sep 15:00 | 30 Mar 17:30
Ryan Taylor R,,38,27,0,1,1 2 3 4 5 6 7 8 9 10 11 12 13 14 15 16 17 18 19 20 21 22 23 24 25 26 27 28 29 30 31 32 33 34 35 36 37 38,02 Feb 15:00 | 02 Jan 20:00 | 02 Mar 15:00 | 02 Sep 16:00 | 03 Dec 20:00 | 04 May 15:00 | 04 Nov 16:00 | 07 Apr 15:00 | 07 Oct 16:00 | 09 Feb 12:45 | 10 Dec 20:00 | 10 Mar 15:00 | 11 Nov 15:00 | 12 Jan 15:00 | 12 May 15:00 | 14 Apr 12:00 | 15 Dec 12:45 | 17 Mar 16:00 | 17 Nov 15:00 | 17 Sep 20:00 | 18 Aug 17:30 | 19 Jan 15:00 | 19 May 16:00 | 20 Apr 15:00 | 21 Oct 13:30 | 22 Dec 15:00 | 23 Sep 15:00 | 24 Feb 13:30 | 25 Aug 17:30 | 25 Nov 15:00 | 26 Dec 15:00 | 27 Apr 17:30 | 28 Nov 19:45 | 28 Oct 15:00 | 29 Dec 17:30 | 29 Jan 19:45 | 29 Sep 15:00 | 30 Mar 15:00
Ryan Tunnicliffe,,19,0,0,0,19 20 21 22 23 24 25 26 27 28 30 31 32 33 34 35 36 37 38,01 Jan 15:00 | 02 Feb 17:30 | 02 Mar 15:00 | 05 May 16:00 | 08 Apr 20:00 | 10 Feb 16:00 | 12 May 16:00 | 13 Jan 13:30 | 16 Mar 17:30 | 17 Apr 19:45 | 19 May 16:00 | 20 Jan 16:00 | 22 Apr 20:00 | 23 Feb 15:00 | 26 Dec 15:00 | 28 Apr 16:00 | 29 Dec 15:00 | 30 Jan 20:00 | 30 Mar 12:45
Ryo Miyaichi,,12,33,0,3,1 2 3 4 5 6 7 8 9 10 20 30,01 Sep 15:00 | 03 Nov 15:00 | 06 Oct 15:00 | 15 Sep 15:00 | 17 Mar 16:00 | 19 Aug 13:30 | 20 Oct 15:00 | 22 Sep 15:00 | 25 Aug 15:00 | 27 Oct 15:00 | 29 Dec 15:00 | 29 Sep 15:00
Salif Diao,,40,0,0,0,1 2 3 4 5 6 7 8 9 10 11 12 13 14 15 16 17 18 19 20 21 22 23 24 25 26 27 28 29 30 31 32 33 34 35 36 37 38,01 Dec 15:00 | 01 Jan 15:00 | 01 Sep 15:00 | 02 Feb 15:00 | 02 Mar 15:00 | 03 Nov 15:00 | 06 Apr 15:00 | 06 May 20:00 | 07 Oct 15:00 | 08 Dec 15:00 | 09 Feb 15:00 | 10 Mar 15:00 | 10 Nov 15:00 | 12 Jan 15:00 | 12 May 13:30 | 14 Apr 14:05 | 15 Dec 15:00 | 15 Sep 15:00 | 16 Mar 15:00 | 18 Aug 15:00 | 19 Jan 15:00 | 19 May 16:00 | 19 Nov 20:00 | 20 Apr 15:00 | 20 Oct 15:00 | 21 Aug. 13:30 | 22 Dec 15:00 | 22 Sep 15:00 | 23 Feb 12:45 | 24 Nov 15:00 | 26 Aug 13:30 | 26 Dec 19:45 | 27 Apr 15:00 | 27 Oct 15:00 | 28 Aug. 15:00 | 28 Nov 19:45 | 29 Dec 15:00 | 29 Jan 19:45 | 29 Sep 15:00 | 30 Mar 17:30
Salomon Kalou,,1,0,0,0,29,21 March 19:45
Sam Baldock,,36,0,0,0,1 2 3 4 5 6 7 8 9 10 11 12 13 14 15 16 17 18 20 21 22 23 24 25 26 27 28 30 31 32 33 34 35 36 37 38,01 Dec 12:45 | 01 Jan 15:00 | 01 Oct 20:00 | 01 Sep 12:45 | 02 Feb 15:00 | 02 Mar 15:00 | 03 Nov 17:30 | 04 May 15:00 | 06 Oct 17:30 | 07 Apr 13:30 | 09 Dec 16:00 | 10 Feb 13:30 | 11 Nov 15:00 | 12 Jan 15:00 | 12 May 15:00 | 15 Sep 12:45 | 16 Dec 16:00 | 17 Apr 19:45 | 17 Mar 16:00 | 18 Aug 15:00 | 19 May 16:00 | 19 Nov 20:00 | 20 Apr 15:00 | 20 Oct 15:00 | 22 Dec 15:00 | 22 Sep 15:00 | 23 Jan 19:45 | 25 Aug 12:45 | 25 Feb 20:00 | 25 Nov 16:00 | 27 Apr 12:45 | 27 Oct 15:00 | 28 Nov 20:00 | 29 Dec 15:00 | 30 Jan 20:00 | 30 Mar 15:00
Sam Hutchinson,,37,0,0,0,1 2 4 5 6 7 8 9 10 11 12 13 14 15 16 18 19 20 21 22 23 24 25 26 27 28 29 30 31 32 33 34 35 36 37 38,01 Dec 12:45 | 02 Feb 15:00 | 02 Jan 19:45 | 02 Mar 15:00 | 03 Nov 15:00 | 06 Oct 15:00 | 07 Apr 15:00 | 08 Dec 15:00 | 08 May 19:45 | 09 Feb 15:00 | 11 May 12:45 | 11 Nov 16:00 | 15 Sep 15:00 | 16 Jan 19:45 | 17 Apr 20:00 | 17 Mar 16:00 | 17 Nov 15:00 | 19 May 16:00 | 20 Jan 13:30 | 20 Oct 12:45 | 21 Apr 16:00 | 21 March 19:45 | 22 Aug 19:45 | 22 Sep 15:00 | 23 Dec 16:00 | 24 Feb 13:30 | 25 Aug 17:30 | 25 Nov 16:00 | 26 Dec 15:00 | 28 Apr 15:00 | 28 Nov 19:45 | 28 Oct 16:00 | 29 Sep 12:45 | 30 Dec 13:30 | 30 Jan 20:00 | 30 Mar 15:00 | 31 Dec. 15:00
Sam Johnstone,,26,0,0,0,12 13 14 15 16 17 18 19 20 21 22 23 24 25 26 27 28 30 31 32 33 34 35 36 37 38,01 Dec 17:30 | 01 Jan 15:00 | 02 Feb 17:30 | 02 Mar 15:00 | 05 May 16:00 | 08 Apr 20:00 | 09 Dec 13:30 | 10 Feb 16:00 | 12 May 16:00 | 13 Jan 13:30 | 15 Dec 15:00 | 16 Mar 17:30 | 17 Apr 19:45 | 17 Nov 17:30 | 19 May 16:00 | 20 Jan 16:00 | 22 Apr 20:00 | 23 Dec 13:30 | 23 Feb 15:00 | 24 Nov 15:00 | 26 Dec 15:00 | 28 Apr 16:00 | 28 Nov 20:00 | 29 Dec 15:00 | 30 Jan 20:00 | 30 Mar 12:45
Sam Mantom,,38,0,0,0,1 2 3 4 5 6 7 8 9 10 11 12 13 14 15 16 17 18 19 20 21 22 23 24 25 26 27 28 29 30 31 32 34 35 36 37 38,01 Dec 15:00 | 01 Jan 12:45 | 01 Sep 15:00 | 02 Mar 15:00 | 03 Feb 13:30 | 05 Nov 20:00 | 06 Apr 15:00 | 06 Oct 15:00 | 07 May 19:45 | 08 Dec 15:00 | 09 Mar 15:00 | 10 Nov 15:00 | 11 Feb 20:00 | 12 Jan 15:00 | 12 May 15:00 | 15 Sep 15:00 | 16 Dec 16:00 | 16 Mar 15:00 | 17 March 15:00 | 17 Nov 15:00 | 18 Aug 15:00 | 19 Jan 17:30 | 19 May 16:00 | 20 Apr 15:00 | 20 Oct 15:00 | 22 Dec 15:00 | 22 Sep 15:00 | 23 Feb 15:00 | 24 Nov 12:45 | 25 Aug 15:00 | 26 Dec 15:00 | 27 Apr 15:00 | 28 Nov 19:45 | 28 Oct 15:00 | 29 Dec 15:00 | 30 Jan 19:45 | 30 Mar 15:00 | 30 Sep 16:00
Sam Vokes,,1,0,0,0,33,11 April 19:45
Samba Diakite,,39,1024,1,24,1 2 3 4 5 6 7 8 9 10 11 12 13 14 15 16 17 18 19 20 21 22 23 24 25 26 27 28 29 30 31 32 33 34 35 36 37 38,01 Apr 20:00 | 01 Dec 15:00 | 01 Oct 20:00 | 01 Sep 17:30 | 02 Feb 12:45 | 02 Jan 19:45 | 02 Mar 15:00 | 04 May 17:30 | 04 Nov 13:30 | 06 Oct 15:00 | 07 Apr 16:10 | 08 Dec 15:00 | 09 Feb 15:00 | 09 Mar 15:00 | 10 Nov 15:00 | 12 Jan 12:45 | 12 May 15:00 | 13 Apr 15:00 | 15 Dec 15:00 | 15 Sep 15:00 | 16 Mar 15:00 | 17 Nov 15:00 | 18 Aug 15:00 | 19 Jan 15:00 | 19 May 16:00 | 20 Apr 15:00 | 21 March 20:00 | 21 Oct 16:00 | 22 Dec 15:00 | 23 Feb 15:00 | 23 Sep 16:00 | 24 Nov 15:00 | 25 Aug 15:00 | 26 Dec 15:00 | 27 Nov 19:45 | 27 Oct 15:00 | 28 Apr 13:30 | 29 Jan 19:45 | 30 Dec 16:00
Samir Carruthers,,12,0,0,0,1 2 3 4 5 6 7 8 9 10 20 30,02 Sep 16:00 | 03 Nov 15:00 | 07 Oct 15:00 | 15 Sep 15:00 | 16 Mar 15:00 | 18 Aug 15:00 | 20 Oct 15:00 | 22 Sep 15:00 | 25 Aug 15:00 | 27 Oct 12:45 | 29 Dec 15:00 | 30 Sep 16:00
Samir Nasri,,37,1707,7,83,1 2 3 4 5 6 7 8 9 10 11 12 13 14 15 16 17 18 19 20 21 22 23 24 25 26 27 28 30 31 32 33 34 35 36 37 38,01 Dec 15:00 | 01 Jan 15:00 | 01 Sep 17:30 | 03 Feb 16:00 | 03 Nov 17:30 | 04 Mar 20:00 | 06 Oct 12:45 | 07 May 19:45 | 08 Apr 20:00 | 09 Dec 13:30 | 09 Feb 17:30 | 11 Nov 13:30 | 13 Jan 16:00 | 14 May 20:00 | 15 Dec 12:45 | 15 Sep 15:00 | 16 Mar 12:45 | 17 Apr 19:45 | 17 Nov 15:00 | 19 Aug 16:00 | 19 Jan 15:00 | 19 May 16:00 | 20 Oct 15:00 | 21 Apr 13:30 | 22 Dec 15:00 | 23 Sep 16:00 | 24 Feb 13:30 | 25 Nov 16:00 | 26 Aug 16:00 | 26 Dec 15:00 | 27 Apr 12:45 | 27 Oct 17:30 | 28 Nov 20:00 | 29 Dec 15:00 | 29 Jan 19:45 | 29 Sep 15:00 | 30 Mar 15:00
Sammy Sammy Ameobi,,39,228,1,11,1 2 3 4 5 6 7 8 9 10 11 12 13 14 15 16 17 18 19 20 21 22 23 24 25 26 27 28 29 30 31 32 33 34 35 36 37 38,02 Feb 15:00 | 02 Jan 20:00 | 02 Mar 15:00 | 02 Sep 16:00 | 03 Dec 20:00 | 04 May 15:00 | 04 Nov 16:00 | 07 Apr 15:00 | 07 Oct 16:00 | 09 Feb 12:45 | 10 Dec 20:00 | 10 Mar 15:00 | 11 Nov 15:00 | 12 Jan 15:00 | 12 May 15:00 | 14 Apr 12:00 | 15 Dec 12:45 | 17 Mar 16:00 | 17 Nov 15:00 | 17 Sep 20:00 | 18 Aug 17:30 | 18 March 16:00 | 19 Jan 15:00 | 19 May 16:00 | 20 Apr 15:00 | 21 Oct 13:30 | 22 Dec 15:00 | 23 Sep 15:00 | 24 Feb 13:30 | 25 Aug 17:30 | 25 Nov 15:00 | 26 Dec 15:00 | 27 Apr 17:30 | 28 Nov 19:45 | 28 Oct 15:00 | 29 Dec 17:30 | 29 Jan 19:45 | 29 Sep 15:00 | 30 Mar 15:00
Samuel Ricketts,,1,0,0,0,17,20 Dec. 20:00
Sanchez Jose Enrique,,37,2167,6,133,1 2 3 4 5 6 7 8 9 10 11 12 13 14 15 16 17 18 19 20 21 22 23 24 25 26 28 29 30 31 32 33 34 35 36 37 38,01 Dec 15:00 | 02 Jan 19:45 | 02 Mar 17:30 | 02 Sep 13:30 | 03 Feb 16:00 | 04 Nov 16:00 | 05 May 13:30 | 07 Apr 13:30 | 07 Oct 15:00 | 09 Dec 16:00 | 10 Mar 16:00 | 11 Nov 16:00 | 12 May 15:00 | 13 Apr 15:00 | 13 Jan 13:30 | 15 Dec 15:00 | 15 Sep 17:30 | 16 Mar 15:00 | 17 Feb 15:00 | 17 Nov 15:00 | 18 Aug 15:00 | 19 Jan 15:00 | 19 May 16:00 | 20 Oct 15:00 | 21 Apr 16:00 | 22 Dec 17:30 | 23 Sep 13:30 | 25 Nov 13:30 | 26 Aug 16:00 | 26 Dec 19:45 | 27 Apr 17:30 | 28 Nov 19:45 | 28 Oct 13:30 | 29 Sep 15:00 | 30 Dec 16:00 | 30 Jan 19:45 | 31 Mar 13:30
Santi Santi Cazorla,,36,3121,12,198,1 2 3 4 5 6 7 8 9 10 11 12 13 14 15 16 17 18 20 21 22 23 24 25 26 27 28 30 31 32 33 34 35 36 37 38,01 Dec 15:00 | 01 Jan 17:30 | 02 Feb 15:00 | 02 Sep 13:30 | 03 Mar 16:00 | 03 Nov 12:45 | 04 May 17:30 | 06 Apr 15:00 | 06 Oct 17:30 | 08 Dec 15:00 | 09 Feb 15:00 | 10 Nov 15:00 | 13 Jan 16:00 | 14 May 19:45 | 15 Sep 15:00 | 16 Apr 19:45 | 16 Mar 15:00 | 17 Dec 20:00 | 17 Nov 12:45 | 18 Aug 15:00 | 19 May 16:00 | 20 Apr 15:00 | 20 Oct 17:30 | 22 Dec 12:45 | 23 Feb 15:00 | 23 Jan 19:45 | 23 Sep 16:00 | 24 Nov 17:30 | 26 Aug 13:30 | 27 Oct 15:00 | 28 Apr 16:00 | 28 Nov 19:45 | 29 Dec 17:30 | 29 Sep 12:45 | 30 Jan 19:45 | 30 Mar 15:00
Sascha Riether,,37,2953,6,107,1 2 3 4 5 6 7 8 9 10 11 12 13 14 15 16 17 18 19 20 21 22 23 24 25 26 27 28 30 31 32 33 34 35 36 37 38,01 Apr 20:00 | 01 Dec 15:00 | 01 Jan 12:45 | 01 Sep 12:45 | 02 Feb 17:30 | 02 Mar 15:00 | 03 Nov 15:00 | 04 May 15:00 | 07 Apr 15:00 | 07 Oct 13:30 | 09 Feb 15:00 | 10 Dec 20:00 | 10 Nov 15:00 | 12 Jan 15:00 | 12 May 15:00 | 15 Dec 15:00 | 15 Sep 15:00 | 17 Apr 20:00 | 17 Mar 15:00 | 18 Aug 15:00 | 18 Nov 16:00 | 19 Jan 15:00 | 19 May 16:00 | 20 Apr 15:00 | 20 Oct 15:00 | 22 Dec 17:30 | 22 Sep 15:00 | 23 Feb 12:45 | 24 Nov 15:00 | 25 Aug 15:00 | 26 Dec 15:00 | 27 Apr 15:00 | 27 Oct 15:00 | 28 Nov 19:45 | 29 Dec 15:00 | 29 Sep 15:00 | 30 Jan 20:00
Scott Allan,,38,0,0,0,1 2 3 4 5 6 7 8 9 10 11 12 13 14 15 16 17 18 19 20 21 22 23 24 25 26 27 28 29 30 31 32 34 35 36 37 38,01 Dec 15:00 | 01 Jan 12:45 | 01 Sep 15:00 | 02 Mar 15:00 | 03 Feb 13:30 | 05 Nov 20:00 | 06 Apr 15:00 | 06 Oct 15:00 | 07 May 19:45 | 08 Dec 15:00 | 09 Mar 15:00 | 10 Nov 15:00 | 11 Feb 20:00 | 12 Jan 15:00 | 12 May 15:00 | 15 Sep 15:00 | 16 Dec 16:00 | 16 Mar 15:00 | 17 March 15:00 | 17 Nov 15:00 | 18 Aug 15:00 | 19 Jan 17:30 | 19 May 16:00 | 20 Apr 15:00 | 20 Oct 15:00 | 22 Dec 15:00 | 22 Sep 15:00 | 23 Feb 15:00 | 24 Nov 12:45 | 25 Aug 15:00 | 26 Dec 15:00 | 27 Apr 15:00 | 28 Nov 19:45 | 28 Oct 15:00 | 29 Dec 15:00 | 30 Jan 19:45 | 30 Mar 15:00 | 30 Sep 16:00
Scott Dann,,1,90,0,7,29,20 March 20:00
Scott Parker,,37,1363,1,43,1 2 3 4 5 6 7 8 9 10 11 12 13 14 15 16 17 18 19 20 21 22 23 24 25 26 27 28 29 30 31 32 34 35 36 37 38,01 Dec 15:00 | 01 Jan 15:00 | 01 Sep 15:00 | 03 Feb 13:30 | 03 Mar 16:00 | 03 Nov 15:00 | 07 Apr 14:05 | 07 Oct 15:00 | 08 May 19:45 | 09 Dec 15:00 | 09 Feb 12:45 | 10 Mar 16:00 | 11 Nov 13:30 | 12 Jan 12:45 | 12 May 13:30 | 16 Dec 13:30 | 16 Sep 16:00 | 17 Mar 15:00 | 17 Nov 12:45 | 18 Aug 17:30 | 19 May 16:00 | 20 Jan 16:00 | 20 Oct 12:45 | 21 Apr 13:30 | 22 Dec 15:00 | 23 Sep 16:00 | 25 Aug 15:00 | 25 Feb 20:00 | 25 Nov 16:00 | 26 Dec 17:30 | 27 Apr 15:00 | 28 Nov 19:45 | 28 Oct 15:00 | 29 Dec 12:45 | 29 Sep 17:30 | 30 Jan 19:45 | 30 Mar 15:00
Scott Sinclair,,37,212,0,18,1 2 3 4 5 6 7 8 9 10 11 12 13 14 15 16 17 18 19 20 21 22 23 24 25 26 27 28 30 31 32 33 34 35 36 37 38,01 Dec 15:00 | 01 Jan 15:00 | 01 Sep 17:30 | 03 Feb 16:00 | 03 Nov 17:30 | 04 Mar 20:00 | 06 Oct 12:45 | 07 May 19:45 | 08 Apr 20:00 | 09 Dec 13:30 | 09 Feb 17:30 | 11 Nov 13:30 | 13 Jan 16:00 | 14 May 20:00 | 15 Dec 12:45 | 15 Sep 15:00 | 16 Mar 12:45 | 17 Apr 19:45 | 17 Nov 15:00 | 18 Aug 15:00 | 19 Jan 15:00 | 19 May 16:00 | 20 Oct 15:00 | 21 Apr 13:30 | 22 Dec 15:00 | 23 Sep 16:00 | 24 Feb 13:30 | 25 Aug 12:45 | 25 Nov 16:00 | 26 Dec 15:00 | 27 Apr 12:45 | 27 Oct 17:30 | 28 Nov 20:00 | 29 Dec 15:00 | 29 Jan 19:45 | 29 Sep 15:00 | 30 Mar 15:00
Scott Wootton,,37,0,0,0,1 2 3 4 5 6 7 8 9 10 11 12 13 14 15 16 17 18 19 20 21 22 23 24 25 26 27 28 30 31 32 33 34 35 36 37 38,01 Dec 17:30 | 01 Jan 15:00 | 02 Feb 17:30 | 02 Mar 15:00 | 02 Sep 16:00 | 03 Nov 12:45 | 05 May 16:00 | 07 Oct 16:00 | 08 Apr 20:00 | 09 Dec 13:30 | 10 Feb 16:00 | 10 Nov 17:30 | 12 May 16:00 | 13 Jan 13:30 | 15 Dec 15:00 | 15 Sep 15:00 | 16 Mar 17:30 | 17 Apr 19:45 | 17 Nov 17:30 | 19 May 16:00 | 20 Aug 20:00 | 20 Jan 16:00 | 20 Oct 15:00 | 22 Apr 20:00 | 23 Dec 13:30 | 23 Feb 15:00 | 23 Sep 13:30 | 24 Nov 15:00 | 25 Aug 15:00 | 26 Dec 15:00 | 28 Apr 16:00 | 28 Nov 20:00 | 28 Oct 16:00 | 29 Dec 15:00 | 29 Sep 17:30 | 30 Jan 20:00 | 30 Mar 12:45
Seamus Coleman,,38,2075,5,71,1 2 3 4 5 6 7 8 9 10 11 12 13 14 15 16 17 18 19 20 21 22 23 24 25 26 27 28 29 30 31 32 33 34 35 36 37 38,01 Dec 15:00 | 01 Sep 15:00 | 02 Feb 15:00 | 02 Jan 20:00 | 02 Mar 15:00 | 03 Nov 15:00 | 05 May 13:30 | 06 Oct 15:00 | 07 Apr 14:05 | 09 Dec 15:00 | 10 Feb 16:00 | 10 Nov 15:00 | 12 Jan 15:00 | 12 May 15:00 | 15 Dec 15:00 | 16 Apr 19:45 | 16 Mar 12:45 | 17 Nov 15:00 | 17 Sep 20:00 | 19 May 16:00 | 20 Apr 15:00 | 20 Aug 20:00 | 21 Jan 20:00 | 21 March 20:00 | 21 Oct 16:00 | 22 Dec 15:00 | 22 Sep 12:45 | 23 Feb 15:00 | 24 Nov 15:00 | 25 Aug 15:00 | 26 Dec 15:00 | 27 Apr 15:00 | 28 Nov 19:45 | 28 Oct 13:30 | 29 Sep 15:00 | 30 Dec 13:30 | 30 Jan 19:45 | 30 Mar 17:30
Sean Morrison,,29,1263,1,53,10 11 12 13 14 15 16 17 18 19 20 21 22 23 24 25 26 27 28 29 30 31 32 33 34 35 36 37 38,01 Dec 17:30 | 01 Jan 15:00 | 02 Feb 15:00 | 02 Mar 15:00 | 04 May 15:00 | 04 Nov 13:30 | 06 Apr 12:45 | 09 Feb 15:00 | 09 Mar 15:00 | 10 Nov 15:00 | 11 Dec 19:45 | 12 Jan 15:00 | 13 Apr 15:00 | 14 May 20:00 | 16 Mar 17:30 | 17 Dec 20:00 | 17 Nov 15:00 | 19 Jan 15:00 | 19 May 16:00 | 20 Apr 15:00 | 22 Dec 15:00 | 23 Feb 15:00 | 24 Nov 15:00 | 26 Dec 15:00 | 27 Nov 20:00 | 28 Apr 13:30 | 29 Dec 15:00 | 30 Jan 20:00 | 30 Mar 15:00
Sebastian Coates,,39,326,0,9,1 2 3 4 5 6 7 8 9 10 11 12 13 14 15 16 17 18 19 20 21 22 23 24 25 26 27 28 29 30 31 32 33 34 35 36 37 38,01 Dec 15:00 | 02 Jan 19:45 | 02 Mar 17:30 | 02 Sep 13:30 | 03 Feb 16:00 | 03 March 12:45 | 04 Nov 16:00 | 05 May 13:30 | 07 Apr 13:30 | 07 Oct 15:00 | 09 Dec 16:00 | 10 April 20:00 | 10 Mar 16:00 | 11 Nov 16:00 | 12 May 15:00 | 13 Apr 15:00 | 13 Jan 13:30 | 15 Dec 15:00 | 15 Sep 17:30 | 16 Mar 15:00 | 17 Feb 15:00 | 17 Nov 15:00 | 18 Aug 15:00 | 19 Jan 15:00 | 19 May 16:00 | 20 Oct 15:00 | 21 Apr 16:00 | 22 Dec 17:30 | 23 Sep 13:30 | 25 Nov 13:30 | 26 Aug 16:00 | 26 Dec 19:45 | 27 Apr 17:30 | 28 Nov 19:45 | 28 Oct 13:30 | 29 Sep 15:00 | 30 Dec 16:00 | 30 Jan 19:45 | 31 Mar 13:30
Sebastian Larsson,,38,2971,6,112,1 3 4 5 6 7 8 9 10 11 12 13 14 15 16 17 18 19 20 21 22 23 24 25 26 27 28 29 30 31 32 33 34 35 36 37 38,01 Sep 15:00 | 02 Dec 16:00 | 02 Feb 15:00 | 02 Jan 19:45 | 02 Mar 15:00 | 03 Nov 15:00 | 06 May 20:00 | 06 Oct 12:45 | 07 Apr 15:00 | 09 Feb 15:00 | 09 Mar 15:00 | 10 Nov 15:00 | 11 Dec 19:45 | 12 Jan 15:00 | 12 May 15:00 | 14 Apr 12:00 | 15 Dec 15:00 | 15 Sep 17:30 | 17 Mar 13:30 | 18 Aug 15:00 | 18 Nov 16:00 | 19 Jan 15:00 | 19 May 16:00 | 20 Apr 15:00 | 21 Dec. 20:00 | 21 Oct 13:30 | 22 Dec 15:00 | 22 Sep 15:00 | 23 Feb 15:00 | 24 Nov 12:45 | 26 Dec 15:00 | 27 Nov 19:45 | 27 Oct 15:00 | 29 Apr 20:00 | 29 Dec 12:45 | 29 Jan 19:45 | 29 Sep 15:00 | 30 Mar 12:45
Sebastian Lletget,,23,0,0,0,14 15 16 17 18 20 21 22 23 24 25 26 27 28 30 31 32 33 34 35 36 37 38,01 Dec 12:45 | 01 Jan 15:00 | 02 Feb 15:00 | 02 Mar 15:00 | 04 May 15:00 | 07 Apr 13:30 | 09 Dec 16:00 | 10 Feb 13:30 | 12 Jan 15:00 | 12 May 15:00 | 16 Dec 16:00 | 17 Apr 19:45 | 17 Mar 16:00 | 19 May 16:00 | 20 Apr 15:00 | 22 Dec 15:00 | 23 Jan 19:45 | 25 Feb 20:00 | 27 Apr 12:45 | 28 Nov 20:00 | 29 Dec 15:00 | 30 Jan 20:00 | 30 Mar 15:00
Sebastien Bassong,,38,2959,2,121,2 3 4 5 6 7 8 9 10 11 12 13 14 15 16 17 18 19 20 21 22 23 24 25 26 27 28 29 30 31 32 33 34 35 36 37 38,01 Jan 15:00 | 01 Sep 15:00 | 02 Dec 16:00 | 02 Feb 12:45 | 02 Mar 15:00 | 03 Nov 15:00 | 04 May 15:00 | 06 Apr 15:00 | 06 Oct 15:00 | 08 Dec 15:00 | 09 Feb 15:00 | 09 Mar 15:00 | 10 Nov 15:00 | 12 Jan 15:00 | 12 May 15:00 | 13 Apr 15:00 | 15 Dec 15:00 | 15 Sep 12:45 | 17 Mar 13:30 | 17 Nov 17:30 | 19 Jan 15:00 | 19 May 16:00 | 20 Apr 15:00 | 20 Oct 17:30 | 22 Aug. 20:00 | 22 Dec 15:00 | 23 Feb 15:00 | 23 Sep 15:00 | 24 Nov 15:00 | 25 Aug 15:00 | 26 Dec 15:00 | 27 Apr 15:00 | 27 Oct 12:45 | 28 Nov 19:45 | 29 Dec 15:00 | 29 Sep 15:00 | 30 Jan 19:45 | 30 Mar 15:00
Sebastien Squillaci,,12,0,0,0,1 2 3 4 5 6 7 8 9 10 20 30,02 Sep 13:30 | 03 Nov 12:45 | 06 Oct 17:30 | 15 Sep 15:00 | 16 Mar 15:00 | 18 Aug 15:00 | 20 Oct 17:30 | 23 Sep 16:00 | 26 Aug 13:30 | 27 Oct 15:00 | 29 Dec 17:30 | 29 Sep 12:45
Serge Gnabry,,29,8,0,1,8 9 10 11 12 13 14 15 16 17 18 20 21 22 23 24 25 26 27 28 30 31 32 33 34 35 36 37 38,01 Dec 15:00 | 01 Jan 17:30 | 02 Feb 15:00 | 03 Mar 16:00 | 03 Nov 12:45 | 04 May 17:30 | 06 Apr 15:00 | 08 Dec 15:00 | 09 Feb 15:00 | 10 Nov 15:00 | 13 Jan 16:00 | 14 May 19:45 | 16 Apr 19:45 | 16 Mar 15:00 | 17 Dec 20:00 | 17 Nov 12:45 | 19 May 16:00 | 20 Apr 15:00 | 20 Oct 17:30 | 22 Dec 12:45 | 23 Feb 15:00 | 23 Jan 19:45 | 24 Nov 17:30 | 27 Oct 15:00 | 28 Apr 16:00 | 28 Nov 19:45 | 29 Dec 17:30 | 30 Jan 19:45 | 30 Mar 15:00
Sergio Aguero,,39,2002,3,127,1 2 3 4 5 6 7 8 9 10 11 12 13 14 15 16 17 18 19 20 21 22 23 24 25 26 27 28 29 30 31 32 33 34 35 36 37 38,01 Dec 15:00 | 01 Jan 15:00 | 01 Jan. 15:00 | 01 Sep 17:30 | 03 Feb 16:00 | 03 Nov 17:30 | 04 Mar 20:00 | 06 Oct 12:45 | 07 May 19:45 | 08 Apr 20:00 | 09 Dec 13:30 | 09 Feb 17:30 | 11 Nov 13:30 | 13 Jan 16:00 | 14 May 20:00 | 15 Dec 12:45 | 15 Sep 15:00 | 16 Mar 12:45 | 17 Apr 19:45 | 17 Nov 15:00 | 19 Aug 16:00 | 19 Jan 15:00 | 19 May 16:00 | 20 Oct 15:00 | 21 Apr 13:30 | 21 March 19:45 | 22 Dec 15:00 | 23 Sep 16:00 | 24 Feb 13:30 | 25 Nov 16:00 | 26 Aug 16:00 | 26 Dec 15:00 | 27 Apr 12:45 | 27 Oct 17:30 | 28 Nov 20:00 | 29 Dec 15:00 | 29 Jan 19:45 | 29 Sep 15:00 | 30 Mar 15:00
Shane Duffy,,38,1,0,1,1 2 3 4 5 6 7 8 9 10 11 12 13 14 15 16 17 18 19 20 21 22 23 24 25 26 27 28 29 30 31 32 33 34 35 36 37 38,01 Dec 15:00 | 01 Sep 15:00 | 02 Feb 15:00 | 02 Jan 20:00 | 02 Mar 15:00 | 03 Nov 15:00 | 05 May 13:30 | 06 Oct 15:00 | 07 Apr 14:05 | 09 Dec 15:00 | 10 Feb 16:00 | 10 Nov 15:00 | 12 Jan 15:00 | 12 May 15:00 | 15 Dec 15:00 | 16 Apr 19:45 | 16 Mar 12:45 | 17 Nov 15:00 | 17 Sep 20:00 | 19 May 16:00 | 20 Apr 15:00 | 20 Aug 20:00 | 21 Jan 20:00 | 21 March 20:00 | 21 Oct 16:00 | 22 Dec 15:00 | 22 Sep 12:45 | 23 Feb 15:00 | 24 Nov 15:00 | 25 Aug 15:00 | 26 Dec 15:00 | 27 Apr 15:00 | 28 Nov 19:45 | 28 Oct 13:30 | 29 Sep 15:00 | 30 Dec 13:30 | 30 Jan 19:45 | 30 Mar 17:30
Shane Ferguson,,38,346,1,14,1 2 3 4 5 6 7 8 9 10 11 12 13 14 15 16 17 18 19 20 21 22 23 24 25 26 27 28 29 30 31 32 33 34 35 36 37 38,02 Feb 15:00 | 02 Jan 20:00 | 02 Mar 15:00 | 02 Sep 16:00 | 03 Dec 20:00 | 04 May 15:00 | 04 Nov 16:00 | 07 Apr 15:00 | 07 Oct 16:00 | 09 Feb 12:45 | 10 Dec 20:00 | 10 Mar 15:00 | 11 Nov 15:00 | 12 Jan 15:00 | 12 May 15:00 | 14 Apr 12:00 | 15 Dec 12:45 | 17 Mar 16:00 | 17 Nov 15:00 | 17 Sep 20:00 | 18 Aug 17:30 | 19 Jan 15:00 | 19 May 16:00 | 20 Apr 15:00 | 21 Oct 13:30 | 22 Dec 15:00 | 23 Sep 15:00 | 24 Feb 13:30 | 25 Aug 17:30 | 25 Nov 15:00 | 26 Dec 15:00 | 27 Apr 17:30 | 28 Nov 19:45 | 28 Oct 15:00 | 29 Dec 17:30 | 29 Jan 19:45 | 29 Sep 15:00 | 30 Mar 15:00
Shane Long,,38,2151,6,110,1 2 3 4 5 6 7 8 9 10 11 12 13 14 15 16 17 18 19 20 21 22 23 24 25 26 27 28 29 30 31 32 34 35 36 37 38,01 Dec 15:00 | 01 Jan 12:45 | 01 Sep 15:00 | 02 Mar 15:00 | 03 Feb 13:30 | 05 Nov 20:00 | 06 Apr 15:00 | 06 Oct 15:00 | 07 May 19:45 | 08 Dec 15:00 | 09 Mar 15:00 | 10 Nov 15:00 | 11 Feb 20:00 | 12 Jan 15:00 | 12 May 15:00 | 15 Sep 15:00 | 16 Dec 16:00 | 16 Mar 15:00 | 17 March 15:00 | 17 Nov 15:00 | 18 Aug 15:00 | 19 Jan 17:30 | 19 May 16:00 | 20 Apr 15:00 | 20 Oct 15:00 | 22 Dec 15:00 | 22 Sep 15:00 | 23 Feb 15:00 | 24 Nov 12:45 | 25 Aug 15:00 | 26 Dec 15:00 | 27 Apr 15:00 | 28 Nov 19:45 | 28 Oct 15:00 | 29 Dec 15:00 | 30 Jan 19:45 | 30 Mar 15:00 | 30 Sep 16:00
Shane Lowry,,1,0,0,0,19,31 Dec. 15:00
Shaun Cummings,,36,720,0,7,1 4 5 6 7 8 9 10 11 12 13 14 15 16 17 18 19 20 21 22 23 24 25 26 27 28 29 30 31 32 33 34 35 36 37 38,01 Dec 17:30 | 01 Jan 15:00 | 02 Feb 15:00 | 02 Mar 15:00 | 04 May 15:00 | 04 Nov 13:30 | 06 Apr 12:45 | 06 Oct 15:00 | 09 Feb 15:00 | 09 Mar 15:00 | 10 Nov 15:00 | 11 Dec 19:45 | 12 Jan 15:00 | 13 Apr 15:00 | 14 May 20:00 | 16 Mar 17:30 | 16 Sep 16:00 | 17 Dec 20:00 | 17 Nov 15:00 | 19 Jan 15:00 | 19 May 16:00 | 20 Apr 15:00 | 20 Oct 15:00 | 22 Aug 19:45 | 22 Dec 15:00 | 22 Sep 15:00 | 23 Feb 15:00 | 24 Nov 15:00 | 26 Dec 15:00 | 27 Nov 20:00 | 27 Oct 15:00 | 28 Apr 13:30 | 29 Dec 15:00 | 29 Sep 15:00 | 30 Jan 20:00 | 30 Mar 15:00
Shaun Derry,,38,1085,0,30,1 2 3 4 5 6 7 8 9 10 11 12 13 14 15 16 17 18 19 20 21 22 23 24 25 26 27 28 29 30 31 32 33 34 35 36 37 38,01 Apr 20:00 | 01 Dec 15:00 | 01 Oct 20:00 | 01 Sep 17:30 | 02 Feb 12:45 | 02 Jan 19:45 | 02 Mar 15:00 | 04 May 17:30 | 04 Nov 13:30 | 06 Oct 15:00 | 07 Apr 16:10 | 08 Dec 15:00 | 09 Feb 15:00 | 09 Mar 15:00 | 10 Nov 15:00 | 12 Jan 12:45 | 12 May 15:00 | 13 Apr 15:00 | 15 Dec 15:00 | 15 Sep 15:00 | 16 Mar 15:00 | 17 Nov 15:00 | 18 Aug 15:00 | 19 Jan 15:00 | 19 May 16:00 | 20 Apr 15:00 | 21 Oct 16:00 | 22 Dec 15:00 | 23 Feb 15:00 | 23 Sep 16:00 | 24 Nov 15:00 | 25 Aug 15:00 | 26 Dec 15:00 | 27 Nov 19:45 | 27 Oct 15:00 | 28 Apr 13:30 | 29 Jan 19:45 | 30 Dec 16:00
Shaun Maloney,,37,2848,7,121,1 2 3 4 5 6 7 8 9 10 11 12 13 14 15 16 17 18 19 20 21 22 23 24 25 26 27 28 30 31 32 33 34 35 36 37 38,01 Jan 15:00 | 01 Sep 15:00 | 02 Feb 15:00 | 02 Mar 17:30 | 03 Dec 20:00 | 03 Nov 15:00 | 06 Oct 15:00 | 07 Apr 16:10 | 07 May 19:45 | 08 Dec 15:00 | 09 Feb 15:00 | 10 Nov 15:00 | 12 Jan 15:00 | 14 May 19:45 | 15 Dec 15:00 | 15 Sep 15:00 | 17 Apr 19:45 | 17 Mar 16:00 | 17 Nov 15:00 | 19 Aug 13:30 | 19 Jan 15:00 | 19 May 16:00 | 20 Apr 15:00 | 20 Oct 15:00 | 22 Dec 12:45 | 22 Sep 15:00 | 23 Feb 15:00 | 24 Nov 15:00 | 25 Aug 15:00 | 26 Dec 15:00 | 27 Apr 15:00 | 27 Oct 15:00 | 28 Nov 20:00 | 29 Dec 15:00 | 29 Jan 19:45 | 29 Sep 15:00 | 30 Mar 15:00
Shaun Wright-Phillips,,39,1246,1,44,1 2 3 4 5 6 7 8 9 10 11 12 13 14 15 16 17 18 19 20 21 22 23 24 25 26 27 28 29 30 31 32 33 34 35 36 37 38,01 Apr 20:00 | 01 Dec 15:00 | 01 Oct 20:00 | 01 Sep 17:30 | 02 Feb 12:45 | 02 Jan 19:45 | 02 Mar 15:00 | 04 May 17:30 | 04 Nov 13:30 | 06 Oct 15:00 | 07 Apr 16:10 | 08 Dec 15:00 | 09 Feb 15:00 | 09 Mar 15:00 | 10 Nov 15:00 | 12 Jan 12:45 | 12 May 15:00 | 13 Apr 15:00 | 15 Dec 15:00 | 15 Sep 15:00 | 16 Mar 15:00 | 17 Nov 15:00 | 18 Aug 15:00 | 19 Jan 15:00 | 19 May 16:00 | 20 Apr 15:00 | 21 March 20:00 | 21 Oct 16:00 | 22 Dec 15:00 | 23 Feb 15:00 | 23 Sep 16:00 | 24 Nov 15:00 | 25 Aug 15:00 | 26 Dec 15:00 | 27 Nov 19:45 | 27 Oct 15:00 | 28 Apr 13:30 | 29 Jan 19:45 | 30 Dec 16:00
Shay Given,,12,180,0,4,1 2 3 4 5 6 7 8 9 10 20 30,02 Sep 16:00 | 03 Nov 15:00 | 07 Oct 15:00 | 15 Sep 15:00 | 16 Mar 15:00 | 18 Aug 15:00 | 20 Oct 15:00 | 22 Sep 15:00 | 25 Aug 15:00 | 27 Oct 12:45 | 29 Dec 15:00 | 30 Sep 16:00
Shinji Kagawa,,37,1224,4,84,1 2 3 4 5 6 7 8 9 10 11 12 13 14 15 16 17 18 19 20 21 22 23 24 25 26 27 28 30 31 32 33 34 35 36 37 38,01 Dec 17:30 | 01 Jan 15:00 | 02 Feb 17:30 | 02 Mar 15:00 | 02 Sep 16:00 | 03 Nov 12:45 | 05 May 16:00 | 07 Oct 16:00 | 08 Apr 20:00 | 09 Dec 13:30 | 10 Feb 16:00 | 10 Nov 17:30 | 12 May 16:00 | 13 Jan 13:30 | 15 Dec 15:00 | 15 Sep 15:00 | 16 Mar 17:30 | 17 Apr 19:45 | 17 Nov 17:30 | 19 May 16:00 | 20 Aug 20:00 | 20 Jan 16:00 | 20 Oct 15:00 | 22 Apr 20:00 | 23 Dec 13:30 | 23 Feb 15:00 | 23 Sep 13:30 | 24 Nov 15:00 | 25 Aug 15:00 | 26 Dec 15:00 | 28 Apr 16:00 | 28 Nov 20:00 | 28 Oct 16:00 | 29 Dec 15:00 | 29 Sep 17:30 | 30 Jan 20:00 | 30 Mar 12:45
Shkodran Mustafi,,37,0,0,0,1 2 3 4 5 6 7 8 9 10 11 12 13 14 15 16 17 18 19 20 21 22 23 24 25 26 27 28 30 31 32 33 34 35 36 37 38,01 Dec 15:00 | 01 Sep 15:00 | 02 Feb 15:00 | 02 Jan 20:00 | 02 Mar 15:00 | 03 Nov 15:00 | 05 May 13:30 | 06 Oct 15:00 | 07 Apr 14:05 | 09 Dec 15:00 | 10 Feb 16:00 | 10 Nov 15:00 | 12 Jan 15:00 | 12 May 15:00 | 15 Dec 15:00 | 16 Apr 19:45 | 16 Mar 12:45 | 17 Nov 15:00 | 17 Sep 20:00 | 19 May 16:00 | 20 Apr 15:00 | 20 Aug 20:00 | 21 Jan 20:00 | 21 Oct 16:00 | 22 Dec 15:00 | 22 Sep 12:45 | 23 Feb 15:00 | 24 Nov 15:00 | 25 Aug 15:00 | 26 Dec 15:00 | 27 Apr 15:00 | 28 Nov 19:45 | 28 Oct 13:30 | 29 Sep 15:00 | 30 Dec 13:30 | 30 Jan 19:45 | 30 Mar 17:30
Shola Ameobi,,38,689,2,34,1 2 3 4 5 6 7 8 9 10 11 12 13 14 15 16 17 18 19 20 21 22 23 24 25 26 27 28 29 30 31 32 33 34 35 36 37 38,02 Feb 15:00 | 02 Jan 20:00 | 02 Mar 15:00 | 02 Sep 16:00 | 03 Dec 20:00 | 04 May 15:00 | 04 Nov 16:00 | 07 Apr 15:00 | 07 Oct 16:00 | 09 Feb 12:45 | 10 Dec 20:00 | 10 Mar 15:00 | 11 Nov 15:00 | 12 Jan 15:00 | 12 May 15:00 | 14 Apr 12:00 | 15 Dec 12:45 | 17 Mar 16:00 | 17 Nov 15:00 | 17 Sep 20:00 | 18 Aug 17:30 | 19 Jan 15:00 | 19 May 16:00 | 20 Apr 15:00 | 21 Oct 13:30 | 22 Dec 15:00 | 23 Sep 15:00 | 24 Feb 13:30 | 25 Aug 17:30 | 25 Nov 15:00 | 26 Dec 15:00 | 27 Apr 17:30 | 28 Nov 19:45 | 28 Oct 15:00 | 29 Dec 17:30 | 29 Jan 19:45 | 29 Sep 15:00 | 30 Mar 15:00
Simeon Jackson,,38,405,1,24,1 2 3 4 5 6 7 8 9 10 11 12 13 14 15 16 17 18 19 20 21 22 23 24 25 26 27 28 29 30 31 32 33 34 35 36 37 38,01 Jan 15:00 | 01 Sep 15:00 | 02 Dec 16:00 | 02 Feb 12:45 | 02 Mar 15:00 | 03 Nov 15:00 | 04 May 15:00 | 06 Apr 15:00 | 06 Oct 15:00 | 08 Dec 15:00 | 09 Feb 15:00 | 09 Mar 15:00 | 10 Nov 15:00 | 12 Jan 15:00 | 12 May 15:00 | 13 Apr 15:00 | 15 Dec 15:00 | 15 Sep 12:45 | 17 Mar 13:30 | 17 Nov 17:30 | 18 Aug 15:00 | 19 Jan 15:00 | 19 May 16:00 | 20 Apr 15:00 | 20 Oct 17:30 | 22 Dec 15:00 | 23 Feb 15:00 | 23 Sep 15:00 | 24 Nov 15:00 | 25 Aug 15:00 | 26 Dec 15:00 | 27 Apr 15:00 | 27 Oct 12:45 | 28 Nov 19:45 | 29 Dec 15:00 | 29 Sep 15:00 | 30 Jan 19:45 | 30 Mar 15:00
Simon Church,,36,0,0,0,1 4 5 6 7 8 9 10 11 12 13 14 15 16 17 18 19 20 21 22 23 24 25 26 27 28 29 30 31 32 33 34 35 36 37 38,01 Dec 17:30 | 01 Jan 15:00 | 02 Feb 15:00 | 02 Mar 15:00 | 04 May 15:00 | 04 Nov 13:30 | 06 Apr 12:45 | 06 Oct 15:00 | 09 Feb 15:00 | 09 Mar 15:00 | 10 Nov 15:00 | 11 Dec 19:45 | 12 Jan 15:00 | 13 Apr 15:00 | 14 May 20:00 | 16 Mar 17:30 | 16 Sep 16:00 | 17 Dec 20:00 | 17 Nov 15:00 | 19 Jan 15:00 | 19 May 16:00 | 20 Apr 15:00 | 20 Oct 15:00 | 22 Aug 19:45 | 22 Dec 15:00 | 22 Sep 15:00 | 23 Feb 15:00 | 24 Nov 15:00 | 26 Dec 15:00 | 27 Nov 20:00 | 27 Oct 15:00 | 28 Apr 13:30 | 29 Dec 15:00 | 29 Sep 15:00 | 30 Jan 20:00 | 30 Mar 15:00
Simon Cox,,38,90,0,2,1 2 3 4 5 6 7 8 9 10 11 12 13 14 15 16 17 18 19 20 21 22 23 24 25 26 27 28 29 30 31 32 33 34 35 36 37 38,01 Dec 15:00 | 01 Jan 12:45 | 01 Sep 15:00 | 02 Mar 15:00 | 03 Feb 13:30 | 05 Nov 20:00 | 06 Apr 15:00 | 06 Oct 15:00 | 07 May 19:45 | 08 Dec 15:00 | 09 Mar 15:00 | 10 Nov 15:00 | 11 April 19:45 | 11 Feb 20:00 | 12 Jan 15:00 | 12 May 15:00 | 15 Sep 15:00 | 16 Dec 16:00 | 16 Mar 15:00 | 17 Nov 15:00 | 18 Aug 15:00 | 19 Jan 17:30 | 19 May 16:00 | 20 Apr 15:00 | 20 Oct 15:00 | 22 Dec 15:00 | 22 Sep 15:00 | 23 Feb 15:00 | 24 Nov 12:45 | 25 Aug 15:00 | 26 Dec 15:00 | 27 Apr 15:00 | 28 Nov 19:45 | 28 Oct 15:00 | 29 Dec 15:00 | 30 Jan 19:45 | 30 Mar 15:00 | 30 Sep 16:00
Simon Davies,,38,11,0,1,1 2 3 4 5 6 7 8 9 10 11 12 13 14 15 16 17 18 19 20 21 22 23 24 25 26 27 28 30 31 32 33 34 35 36 37 38,01 Apr 20:00 | 01 Dec 15:00 | 01 Jan 12:45 | 01 Sep 12:45 | 02 Feb 17:30 | 02 Mar 15:00 | 03 Nov 15:00 | 04 March 14:05 | 04 May 15:00 | 07 Apr 15:00 | 07 Oct 13:30 | 09 Feb 15:00 | 10 Dec 20:00 | 10 Nov 15:00 | 12 Jan 15:00 | 12 May 15:00 | 15 Dec 15:00 | 15 Sep 15:00 | 17 Apr 20:00 | 17 Mar 15:00 | 18 Aug 15:00 | 18 Nov 16:00 | 19 Jan 15:00 | 19 May 16:00 | 20 Apr 15:00 | 20 Oct 15:00 | 22 Dec 17:30 | 22 Sep 15:00 | 23 Feb 12:45 | 24 Nov 15:00 | 25 Aug 15:00 | 26 Dec 15:00 | 27 Apr 15:00 | 27 Oct 15:00 | 28 Nov 19:45 | 29 Dec 15:00 | 29 Sep 15:00 | 30 Jan 20:00
Simon Dawkins,,14,75,0,4,25 26 27 28 29 30 31 32 33 34 35 36 37 38,02 Feb 15:00 | 04 Mar 20:00 | 04 May 15:00 | 06 Apr 15:00 | 09 Mar 15:00 | 10 Feb 13:30 | 11 May 12:45 | 13 Apr 15:00 | 16 Mar 15:00 | 19 May 16:00 | 22 Apr 20:00 | 23 Feb 15:00 | 29 Apr 20:00 | 31 Mar 13:30
Simon Lappin,,38,0,0,0,1 2 3 4 5 6 7 8 9 10 11 12 13 14 15 16 17 18 19 20 21 22 23 24 25 26 27 28 29 30 31 32 33 34 35 36 37 38,01 Jan 15:00 | 01 Sep 15:00 | 02 Dec 16:00 | 02 Feb 12:45 | 02 Mar 15:00 | 03 Nov 15:00 | 04 May 15:00 | 06 Apr 15:00 | 06 Oct 15:00 | 08 Dec 15:00 | 09 Feb 15:00 | 09 Mar 15:00 | 10 Nov 15:00 | 12 Jan 15:00 | 12 May 15:00 | 13 Apr 15:00 | 15 Dec 15:00 | 15 Sep 12:45 | 17 Mar 13:30 | 17 Nov 17:30 | 18 Aug 15:00 | 19 Jan 15:00 | 19 May 16:00 | 20 Apr 15:00 | 20 Oct 17:30 | 22 Dec 15:00 | 23 Feb 15:00 | 23 Sep 15:00 | 24 Nov 15:00 | 25 Aug 15:00 | 26 Dec 15:00 | 27 Apr 15:00 | 27 Oct 12:45 | 28 Nov 19:45 | 29 Dec 15:00 | 29 Sep 15:00 | 30 Jan 19:45 | 30 Mar 15:00
Simon Mignolet,,38,3330,0,139,1 3 4 5 6 7 8 9 10 11 12 13 14 15 16 17 18 19 20 21 22 23 24 25 26 27 28 29 30 31 32 33 34 35 36 37 38,01 Sep 15:00 | 02 Dec 16:00 | 02 Feb 15:00 | 02 Jan 19:45 | 02 Mar 15:00 | 03 Nov 15:00 | 06 May 20:00 | 06 Oct 12:45 | 07 Apr 15:00 | 09 Feb 15:00 | 09 Mar 15:00 | 10 Nov 15:00 | 11 Dec 19:45 | 12 Jan 15:00 | 12 May 15:00 | 14 Apr 12:00 | 15 Dec 15:00 | 15 Sep 17:30 | 17 Mar 13:30 | 18 Aug 15:00 | 18 Nov 16:00 | 19 Jan 15:00 | 19 May 16:00 | 20 Apr 15:00 | 21 Dec. 20:00 | 21 Oct 13:30 | 22 Dec 15:00 | 22 Sep 15:00 | 23 Feb 15:00 | 24 Nov 12:45 | 26 Dec 15:00 | 27 Nov 19:45 | 27 Oct 15:00 | 29 Apr 20:00 | 29 Dec 12:45 | 29 Jan 19:45 | 29 Sep 15:00 | 30 Mar 12:45
Sisenando Maicon,,34,521,0,28,4 5 6 7 8 9 10 11 12 13 14 15 16 17 18 19 20 21 22 23 24 25 26 27 28 30 31 32 33 34 35 36 37 38,01 Dec 15:00 | 01 Jan 15:00 | 03 Feb 16:00 | 03 Nov 17:30 | 04 Mar 20:00 | 06 Oct 12:45 | 07 May 19:45 | 08 Apr 20:00 | 09 Dec 13:30 | 09 Feb 17:30 | 11 Nov 13:30 | 13 Jan 16:00 | 14 May 20:00 | 15 Dec 12:45 | 15 Sep 15:00 | 16 Mar 12:45 | 17 Apr 19:45 | 17 Nov 15:00 | 19 Jan 15:00 | 19 May 16:00 | 20 Oct 15:00 | 21 Apr 13:30 | 22 Dec 15:00 | 23 Sep 16:00 | 24 Feb 13:30 | 25 Nov 16:00 | 26 Dec 15:00 | 27 Apr 12:45 | 27 Oct 17:30 | 28 Nov 20:00 | 29 Dec 15:00 | 29 Jan 19:45 | 29 Sep 15:00 | 30 Mar 15:00
Soares Cesar,,35,2098,1,83,4 5 6 7 8 9 10 11 12 13 14 15 16 17 18 19 20 21 22 23 24 25 26 27 28 29 30 31 32 33 34 35 36 37 38,01 Apr 20:00 | 01 Dec 15:00 | 01 Oct 20:00 | 02 Feb 12:45 | 02 Jan 19:45 | 02 Mar 15:00 | 04 May 17:30 | 04 Nov 13:30 | 06 Oct 15:00 | 07 Apr 16:10 | 08 Dec 15:00 | 09 Feb 15:00 | 09 Mar 15:00 | 10 Nov 15:00 | 12 Jan 12:45 | 12 May 15:00 | 13 Apr 15:00 | 15 Dec 15:00 | 15 Sep 15:00 | 16 Mar 15:00 | 17 Nov 15:00 | 19 Jan 15:00 | 19 May 16:00 | 20 Apr 15:00 | 21 Oct 16:00 | 22 Dec 15:00 | 23 Feb 15:00 | 23 Sep 16:00 | 24 Nov 15:00 | 26 Dec 15:00 | 27 Nov 19:45 | 27 Oct 15:00 | 28 Apr 13:30 | 29 Jan 19:45 | 30 Dec 16:00
Somen Tchoyi,,2,13,0,1,27 33,03 March 15:00 | 11 April 19:45
Sotirios Kyrgiakos,,1,0,0,0,27,04 March 12:00
Stanislav Manolev,,13,350,0,14,25 26 27 28 30 31 32 33 34 35 36 37 38,01 Apr 20:00 | 02 Feb 17:30 | 02 Mar 15:00 | 04 May 15:00 | 07 Apr 15:00 | 09 Feb 15:00 | 12 May 15:00 | 17 Apr 20:00 | 17 Mar 15:00 | 19 May 16:00 | 20 Apr 15:00 | 23 Feb 12:45 | 27 Apr 15:00
Steed Malbranque,,1,0,0,0,17,21 Dec. 20:00
Stefan Maierhofer,,1,0,0,0,29,18 March 13:30
Stefan Savic,,39,0,0,0,1 2 3 4 5 6 7 8 9 10 11 12 13 14 15 16 17 18 19 20 21 22 23 24 25 26 27 28 29 30 31 32 33 34 35 36 37 38,01 Dec 15:00 | 01 Jan 15:00 | 01 Jan. 15:00 | 01 Sep 17:30 | 03 Feb 16:00 | 03 Nov 17:30 | 04 Mar 20:00 | 06 Oct 12:45 | 07 May 19:45 | 08 Apr 20:00 | 09 Dec 13:30 | 09 Feb 17:30 | 11 Nov 13:30 | 13 Jan 16:00 | 14 May 20:00 | 15 Dec 12:45 | 15 Sep 15:00 | 16 Mar 12:45 | 17 Apr 19:45 | 17 Nov 15:00 | 19 Aug 16:00 | 19 Jan 15:00 | 19 May 16:00 | 20 Oct 15:00 | 21 Apr 13:30 | 21 March 19:45 | 22 Dec 15:00 | 23 Sep 16:00 | 24 Feb 13:30 | 25 Nov 16:00 | 26 Aug 16:00 | 26 Dec 15:00 | 27 Apr 12:45 | 27 Oct 17:30 | 28 Nov 20:00 | 29 Dec 15:00 | 29 Jan 19:45 | 29 Sep 15:00 | 30 Mar 15:00
Stephane Mbia,,35,2412,3,65,4 5 6 7 8 9 10 11 12 13 14 15 16 17 18 19 20 21 22 23 24 25 26 27 28 29 30 31 32 33 34 35 36 37 38,01 Apr 20:00 | 01 Dec 15:00 | 01 Oct 20:00 | 02 Feb 12:45 | 02 Jan 19:45 | 02 Mar 15:00 | 04 May 17:30 | 04 Nov 13:30 | 06 Oct 15:00 | 07 Apr 16:10 | 08 Dec 15:00 | 09 Feb 15:00 | 09 Mar 15:00 | 10 Nov 15:00 | 12 Jan 12:45 | 12 May 15:00 | 13 Apr 15:00 | 15 Dec 15:00 | 15 Sep 15:00 | 16 Mar 15:00 | 17 Nov 15:00 | 19 Jan 15:00 | 19 May 16:00 | 20 Apr 15:00 | 21 Oct 16:00 | 22 Dec 15:00 | 23 Feb 15:00 | 23 Sep 16:00 | 24 Nov 15:00 | 26 Dec 15:00 | 27 Nov 19:45 | 27 Oct 15:00 | 28 Apr 13:30 | 29 Jan 19:45 | 30 Dec 16:00
Stephane Sessegnon,,38,2887,5,148,1 3 4 5 6 7 8 9 10 11 12 13 14 15 16 17 18 19 20 21 22 23 24 25 26 27 28 29 30 31 32 33 34 35 36 37 38,01 Sep 15:00 | 02 Dec 16:00 | 02 Feb 15:00 | 02 Jan 19:45 | 02 Mar 15:00 | 03 Nov 15:00 | 06 May 20:00 | 06 Oct 12:45 | 07 Apr 15:00 | 09 Feb 15:00 | 09 Mar 15:00 | 10 Nov 15:00 | 11 Dec 19:45 | 12 Jan 15:00 | 12 May 15:00 | 14 Apr 12:00 | 15 Dec 15:00 | 15 Sep 17:30 | 17 Mar 13:30 | 18 Aug 15:00 | 18 Nov 16:00 | 19 Jan 15:00 | 19 May 16:00 | 20 Apr 15:00 | 21 Dec. 20:00 | 21 Oct 13:30 | 22 Dec 15:00 | 22 Sep 15:00 | 23 Feb 15:00 | 24 Nov 12:45 | 26 Dec 15:00 | 27 Nov 19:45 | 27 Oct 15:00 | 29 Apr 20:00 | 29 Dec 12:45 | 29 Jan 19:45 | 29 Sep 15:00 | 30 Mar 12:45
Stephen Dobbie,,36,0,0,0,1 2 3 4 5 6 7 8 9 10 11 12 13 14 15 16 17 18 19 20 21 22 23 24 25 26 28 29 30 31 32 34 35 36 37 38,01 Dec 15:00 | 01 Jan 15:00 | 01 Sep 15:00 | 02 Feb 15:00 | 02 Mar 15:00 | 03 Nov 15:00 | 06 Apr 15:00 | 06 Oct 15:00 | 07 May 19:45 | 08 Dec 15:00 | 09 Mar 15:00 | 10 Nov 15:00 | 12 Jan 15:00 | 12 May 16:00 | 15 Sep 15:00 | 16 Dec 13:30 | 16 Mar 15:00 | 17 Feb 15:00 | 17 Nov 15:00 | 18 Aug 15:00 | 19 Jan 15:00 | 19 May 16:00 | 20 Apr 15:00 | 20 Oct 15:00 | 22 Sep 12:45 | 23 Dec 13:30 | 25 Aug 12:45 | 25 Nov 13:30 | 26 Dec 15:00 | 27 Oct 17:30 | 28 Apr 15:00 | 28 Nov 19:45 | 29 Dec 15:00 | 29 Jan 19:45 | 29 Sep 15:00 | 30 Mar 15:00
Stephen Henderson,,36,0,0,0,1 2 3 4 5 6 7 8 9 10 11 12 13 14 15 16 17 18 20 21 22 23 24 25 26 27 28 30 31 32 33 34 35 36 37 38,01 Dec 12:45 | 01 Jan 15:00 | 01 Oct 20:00 | 01 Sep 12:45 | 02 Feb 15:00 | 02 Mar 15:00 | 03 Nov 17:30 | 04 May 15:00 | 06 Oct 17:30 | 07 Apr 13:30 | 09 Dec 16:00 | 10 Feb 13:30 | 11 Nov 15:00 | 12 Jan 15:00 | 12 May 15:00 | 15 Sep 12:45 | 16 Dec 16:00 | 17 Apr 19:45 | 17 Mar 16:00 | 18 Aug 15:00 | 19 May 16:00 | 19 Nov 20:00 | 20 Apr 15:00 | 20 Oct 15:00 | 22 Dec 15:00 | 22 Sep 15:00 | 23 Jan 19:45 | 25 Aug 12:45 | 25 Feb 20:00 | 25 Nov 16:00 | 27 Apr 12:45 | 27 Oct 15:00 | 28 Nov 20:00 | 29 Dec 15:00 | 30 Jan 20:00 | 30 Mar 15:00
Stephen Hunt,,1,0,0,0,33,11 April 19:45
Stephen Ireland,,12,511,1,19,1 2 3 4 5 6 7 8 9 10 20 30,02 Sep 16:00 | 03 Nov 15:00 | 07 Oct 15:00 | 15 Sep 15:00 | 16 Mar 15:00 | 18 Aug 15:00 | 20 Oct 15:00 | 22 Sep 15:00 | 25 Aug 15:00 | 27 Oct 12:45 | 29 Dec 15:00 | 30 Sep 16:00
Stephen Kelly,,39,1619,0,27,1 2 3 4 5 6 7 8 9 10 11 12 13 14 15 16 17 18 19 20 21 22 23 24 25 26 27 28 29 30 31 32 33 34 35 36 37 38,01 Dec 15:00 | 01 Jan 12:45 | 01 Sep 12:45 | 02 Feb 15:00 | 02 Mar 15:00 | 03 Nov 15:00 | 04 May 15:00 | 06 Apr 12:45 | 07 Oct 13:30 | 09 Feb 15:00 | 09 Mar 15:00 | 10 Dec 20:00 | 10 Nov 15:00 | 12 Jan 15:00 | 13 Apr 15:00 | 14 May 20:00 | 15 Dec 15:00 | 15 Sep 15:00 | 16 Mar 17:30 | 17 March 15:00 | 18 Aug 15:00 | 18 Nov 16:00 | 19 Jan 15:00 | 19 May 16:00 | 20 Apr 15:00 | 20 Oct 15:00 | 22 Dec 17:30 | 22 Sep 15:00 | 23 Feb 15:00 | 24 Nov 15:00 | 25 Aug 15:00 | 26 Dec 15:00 | 27 Oct 15:00 | 28 Apr 13:30 | 28 Nov 19:45 | 29 Dec 15:00 | 29 Sep 15:00 | 30 Jan 20:00 | 30 Mar 15:00
Stephen Ward,,1,90,0,1,33,11 April 19:45
Stephen Warnock,,15,0,0,0,1 2 3 4 5 6 7 8 9 10 12 20 22 30 32,02 Sep 16:00 | 03 Nov 15:00 | 06 Apr 15:00 | 07 Oct 15:00 | 12 Jan 15:00 | 15 Sep 15:00 | 16 Mar 15:00 | 17 Nov 15:00 | 18 Aug 15:00 | 20 Oct 15:00 | 22 Sep 15:00 | 25 Aug 15:00 | 27 Oct 12:45 | 29 Dec 15:00 | 30 Sep 16:00
Steve De Ridder,,37,48,0,2,1 2 3 4 5 6 7 8 9 10 11 12 13 14 15 16 18 19 20 21 22 23 24 25 26 27 28 29 30 31 32 33 34 35 36 37 38,01 Dec 15:00 | 01 Jan 17:30 | 02 Feb 15:00 | 02 Mar 15:00 | 02 Sep 16:00 | 04 May 15:00 | 05 Nov 20:00 | 06 Apr 12:45 | 07 Oct 13:30 | 08 Dec 15:00 | 09 Feb 17:30 | 09 Mar 15:00 | 10 Nov 15:00 | 12 May 15:00 | 13 Apr 15:00 | 15 Sep 15:00 | 16 Jan 19:45 | 16 Mar 15:00 | 17 Nov 15:00 | 19 Aug 16:00 | 19 May 16:00 | 20 Apr 15:00 | 20 Oct 15:00 | 21 Jan 20:00 | 22 Dec 15:00 | 22 Sep 15:00 | 24 Feb 13:30 | 25 Aug 15:00 | 25 Nov 15:00 | 26 Dec 15:00 | 27 Apr 15:00 | 28 Nov 19:45 | 28 Oct 15:00 | 29 Dec 15:00 | 29 Sep 15:00 | 30 Jan 20:00 | 30 Mar 15:00
Steve Gohouri,,1,0,0,0,33,11 April 19:45
Steve Harper,,38,459,0,15,1 2 3 4 5 6 7 8 9 10 11 12 13 14 15 16 17 18 19 20 21 22 23 24 25 26 27 28 29 30 31 32 33 34 35 36 37 38,02 Feb 15:00 | 02 Jan 20:00 | 02 Mar 15:00 | 02 Sep 16:00 | 03 Dec 20:00 | 04 May 15:00 | 04 Nov 16:00 | 07 Apr 15:00 | 07 Oct 16:00 | 09 Feb 12:45 | 10 Dec 20:00 | 10 Mar 15:00 | 11 Nov 15:00 | 12 Jan 15:00 | 12 May 15:00 | 14 Apr 12:00 | 15 Dec 12:45 | 17 Mar 16:00 | 17 Nov 15:00 | 17 Sep 20:00 | 18 Aug 17:30 | 19 Jan 15:00 | 19 May 16:00 | 20 Apr 15:00 | 21 Oct 13:30 | 22 Dec 15:00 | 23 Sep 15:00 | 24 Feb 13:30 | 25 Aug 17:30 | 25 Nov 15:00 | 26 Dec 15:00 | 27 Apr 17:30 | 28 Nov 19:45 | 28 Oct 15:00 | 29 Dec 17:30 | 29 Jan 19:45 | 29 Sep 15:00 | 30 Mar 15:00
Steve Morison,,38,479,0,26,1 2 3 4 5 6 7 8 9 10 11 12 13 14 15 16 17 18 19 20 21 22 23 24 25 26 27 28 29 30 31 32 33 34 35 36 37 38,01 Jan 15:00 | 01 Sep 15:00 | 02 Dec 16:00 | 02 Feb 12:45 | 02 Mar 15:00 | 03 Nov 15:00 | 04 May 15:00 | 06 Apr 15:00 | 06 Oct 15:00 | 08 Dec 15:00 | 09 Feb 15:00 | 09 Mar 15:00 | 10 Nov 15:00 | 12 Jan 15:00 | 12 May 15:00 | 13 Apr 15:00 | 15 Dec 15:00 | 15 Sep 12:45 | 17 Mar 13:30 | 17 Nov 17:30 | 18 Aug 15:00 | 19 Jan 15:00 | 19 May 16:00 | 20 Apr 15:00 | 20 Oct 17:30 | 22 Dec 15:00 | 23 Feb 15:00 | 23 Sep 15:00 | 24 Nov 15:00 | 25 Aug 15:00 | 26 Dec 15:00 | 27 Apr 15:00 | 27 Oct 12:45 | 28 Nov 19:45 | 29 Dec 15:00 | 29 Sep 15:00 | 30 Jan 19:45 | 30 Mar 15:00
Steve Sidwell,,38,2105,2,83,1 2 3 4 5 6 7 8 9 10 11 12 13 14 15 16 17 18 19 20 21 22 23 24 25 26 27 28 30 31 32 33 34 35 36 37 38,01 Apr 20:00 | 01 Dec 15:00 | 01 Jan 12:45 | 01 Sep 12:45 | 02 Feb 17:30 | 02 Mar 15:00 | 03 Nov 15:00 | 04 March 14:05 | 04 May 15:00 | 07 Apr 15:00 | 07 Oct 13:30 | 09 Feb 15:00 | 10 Dec 20:00 | 10 Nov 15:00 | 12 Jan 15:00 | 12 May 15:00 | 15 Dec 15:00 | 15 Sep 15:00 | 17 Apr 20:00 | 17 Mar 15:00 | 18 Aug 15:00 | 18 Nov 16:00 | 19 Jan 15:00 | 19 May 16:00 | 20 Apr 15:00 | 20 Oct 15:00 | 22 Dec 17:30 | 22 Sep 15:00 | 23 Feb 12:45 | 24 Nov 15:00 | 25 Aug 15:00 | 26 Dec 15:00 | 27 Apr 15:00 | 27 Oct 15:00 | 28 Nov 19:45 | 29 Dec 15:00 | 29 Sep 15:00 | 30 Jan 20:00
Steven Caulker,,37,1575,2,66,1 2 3 4 5 6 7 8 9 10 11 12 13 14 15 16 17 18 19 20 21 22 23 24 25 26 27 28 29 30 31 32 34 35 36 37 38,01 Dec 15:00 | 01 Jan 15:00 | 01 Sep 15:00 | 03 Feb 13:30 | 03 Mar 16:00 | 03 Nov 15:00 | 07 Apr 14:05 | 07 Oct 15:00 | 08 May 19:45 | 09 Dec 15:00 | 09 Feb 12:45 | 10 Mar 16:00 | 11 Nov 13:30 | 12 Jan 12:45 | 12 May 13:30 | 16 Dec 13:30 | 16 Sep 16:00 | 17 Mar 15:00 | 17 Nov 12:45 | 18 Aug 17:30 | 19 May 16:00 | 20 Jan 16:00 | 20 Oct 12:45 | 21 Apr 13:30 | 22 Dec 15:00 | 23 Sep 16:00 | 25 Aug 15:00 | 25 Feb 20:00 | 25 Nov 16:00 | 26 Dec 17:30 | 27 Apr 15:00 | 28 Nov 19:45 | 28 Oct 15:00 | 29 Dec 12:45 | 29 Sep 17:30 | 30 Jan 19:45 | 30 Mar 15:00
Steven Davis,,37,2060,2,74,1 2 3 4 5 6 7 8 9 10 11 12 13 14 15 16 18 19 20 21 22 23 24 25 26 27 28 29 30 31 32 33 34 35 36 37 38,01 Dec 15:00 | 01 Jan 17:30 | 02 Feb 15:00 | 02 Mar 15:00 | 02 Sep 16:00 | 04 May 15:00 | 05 Nov 20:00 | 06 Apr 12:45 | 07 Oct 13:30 | 08 Dec 15:00 | 09 Feb 17:30 | 09 Mar 15:00 | 10 Nov 15:00 | 12 May 15:00 | 13 Apr 15:00 | 15 Sep 15:00 | 16 Jan 19:45 | 16 Mar 15:00 | 17 Nov 15:00 | 19 Aug 16:00 | 19 May 16:00 | 20 Apr 15:00 | 20 Oct 15:00 | 21 Jan 20:00 | 22 Dec 15:00 | 22 Sep 15:00 | 24 Feb 13:30 | 25 Aug 15:00 | 25 Nov 15:00 | 26 Dec 15:00 | 27 Apr 15:00 | 28 Nov 19:45 | 28 Oct 15:00 | 29 Dec 15:00 | 29 Sep 15:00 | 30 Jan 20:00 | 30 Mar 15:00
Steven Fletcher,,37,2380,4,132,3 4 5 6 7 8 9 10 11 12 13 14 15 16 17 18 19 20 21 22 23 24 25 26 27 28 29 30 31 32 33 34 35 36 37 38,01 Sep 15:00 | 02 Dec 16:00 | 02 Feb 15:00 | 02 Jan 19:45 | 02 Mar 15:00 | 03 Nov 15:00 | 06 May 20:00 | 06 Oct 12:45 | 07 Apr 15:00 | 09 Feb 15:00 | 09 Mar 15:00 | 10 Nov 15:00 | 11 April 19:45 | 11 Dec 19:45 | 12 Jan 15:00 | 12 May 15:00 | 14 Apr 12:00 | 15 Dec 15:00 | 15 Sep 17:30 | 17 Mar 13:30 | 18 Nov 16:00 | 19 Jan 15:00 | 19 May 16:00 | 20 Apr 15:00 | 21 Oct 13:30 | 22 Dec 15:00 | 22 Sep 15:00 | 23 Feb 15:00 | 24 Nov 12:45 | 26 Dec 15:00 | 27 Nov 19:45 | 27 Oct 15:00 | 29 Apr 20:00 | 29 Dec 12:45 | 29 Jan 19:45 | 29 Sep 15:00 | 30 Mar 12:45
Steven Gerrard,,38,3221,12,187,1 2 3 4 5 6 7 8 9 10 11 12 13 14 15 16 17 18 19 20 21 22 23 24 25 26 28 29 30 31 32 33 34 35 36 37 38,01 Dec 15:00 | 02 Jan 19:45 | 02 Mar 17:30 | 02 Sep 13:30 | 03 Feb 16:00 | 04 Nov 16:00 | 05 May 13:30 | 07 Apr 13:30 | 07 Oct 15:00 | 09 Dec 16:00 | 10 Mar 16:00 | 11 Nov 16:00 | 12 May 15:00 | 13 Apr 15:00 | 13 Jan 13:30 | 15 Dec 15:00 | 15 Sep 17:30 | 16 Mar 15:00 | 17 Feb 15:00 | 17 Nov 15:00 | 18 Aug 15:00 | 19 Jan 15:00 | 19 May 16:00 | 20 Oct 15:00 | 21 Apr 16:00 | 21 March 20:00 | 22 Dec 17:30 | 23 Sep 13:30 | 25 Nov 13:30 | 26 Aug 16:00 | 26 Dec 19:45 | 27 Apr 17:30 | 28 Nov 19:45 | 28 Oct 13:30 | 29 Sep 15:00 | 30 Dec 16:00 | 30 Jan 19:45 | 31 Mar 13:30
Steven Mouyokolo,,1,0,0,0,29,18 March 13:30
Steven Naismith,,37,1280,1,70,1 2 3 4 5 6 7 8 9 10 11 12 13 14 15 16 17 18 19 20 21 22 23 24 25 26 27 28 30 31 32 33 34 35 36 37 38,01 Dec 15:00 | 01 Sep 15:00 | 02 Feb 15:00 | 02 Jan 20:00 | 02 Mar 15:00 | 03 Nov 15:00 | 05 May 13:30 | 06 Oct 15:00 | 07 Apr 14:05 | 09 Dec 15:00 | 10 Feb 16:00 | 10 Nov 15:00 | 12 Jan 15:00 | 12 May 15:00 | 15 Dec 15:00 | 16 Apr 19:45 | 16 Mar 12:45 | 17 Nov 15:00 | 17 Sep 20:00 | 19 May 16:00 | 20 Apr 15:00 | 20 Aug 20:00 | 21 Jan 20:00 | 21 Oct 16:00 | 22 Dec 15:00 | 22 Sep 12:45 | 23 Feb 15:00 | 24 Nov 15:00 | 25 Aug 15:00 | 26 Dec 15:00 | 27 Apr 15:00 | 28 Nov 19:45 | 28 Oct 13:30 | 29 Sep 15:00 | 30 Dec 13:30 | 30 Jan 19:45 | 30 Mar 17:30
Steven Nzonzi,,35,3107,1,81,4 5 6 7 8 9 10 11 12 13 14 15 16 17 18 19 20 21 22 23 24 25 26 27 28 29 30 31 32 33 34 35 36 37 38,01 Dec 15:00 | 01 Jan 15:00 | 02 Feb 15:00 | 02 Mar 15:00 | 03 Nov 15:00 | 06 Apr 15:00 | 06 May 20:00 | 07 Oct 15:00 | 08 Dec 15:00 | 09 Feb 15:00 | 10 Mar 15:00 | 10 Nov 15:00 | 12 Jan 15:00 | 12 May 13:30 | 14 Apr 14:05 | 15 Dec 15:00 | 15 Sep 15:00 | 16 Mar 15:00 | 19 Jan 15:00 | 19 May 16:00 | 19 Nov 20:00 | 20 Apr 15:00 | 20 Oct 15:00 | 22 Dec 15:00 | 22 Sep 15:00 | 23 Feb 12:45 | 24 Nov 15:00 | 26 Dec 19:45 | 27 Apr 15:00 | 27 Oct 15:00 | 28 Nov 19:45 | 29 Dec 15:00 | 29 Jan 19:45 | 29 Sep 15:00 | 30 Mar 17:30
Steven Pienaar,,38,2965,8,139,1 2 3 4 5 6 7 8 9 10 11 12 13 14 15 16 17 18 19 20 21 22 23 24 25 26 27 28 30 31 32 33 34 35 36 37 38,01 Dec 15:00 | 01 Sep 15:00 | 02 Feb 15:00 | 02 Jan 20:00 | 02 Mar 15:00 | 03 Nov 15:00 | 05 May 13:30 | 06 Oct 15:00 | 07 Apr 14:05 | 09 Dec 15:00 | 10 Feb 16:00 | 10 Nov 15:00 | 12 Jan 15:00 | 12 May 15:00 | 15 Dec 15:00 | 16 Apr 19:45 | 16 Mar 12:45 | 17 Nov 15:00 | 17 Sep 20:00 | 19 May 16:00 | 20 Apr 15:00 | 20 Aug 20:00 | 21 Jan 20:00 | 21 Oct 16:00 | 22 Aug. 20:00 | 22 Dec 15:00 | 22 Sep 12:45 | 23 Feb 15:00 | 24 Nov 15:00 | 25 Aug 15:00 | 26 Dec 15:00 | 27 Apr 15:00 | 28 Nov 19:45 | 28 Oct 13:30 | 29 Sep 15:00 | 30 Dec 13:30 | 30 Jan 19:45 | 30 Mar 17:30
Steven Reid,,39,962,0,20,1 2 3 4 5 6 7 8 9 10 11 12 13 14 15 16 17 18 19 20 21 22 23 24 25 26 27 28 29 30 31 32 33 34 35 36 37 38,01 Dec 15:00 | 01 Jan 12:45 | 01 Sep 15:00 | 02 Mar 15:00 | 03 Feb 13:30 | 03 March 15:00 | 05 Nov 20:00 | 06 Apr 15:00 | 06 Oct 15:00 | 07 May 19:45 | 08 Dec 15:00 | 09 Mar 15:00 | 10 Nov 15:00 | 11 April 19:45 | 11 Feb 20:00 | 12 Jan 15:00 | 12 May 15:00 | 15 Sep 15:00 | 16 Dec 16:00 | 16 Mar 15:00 | 17 Nov 15:00 | 18 Aug 15:00 | 19 Jan 17:30 | 19 May 16:00 | 20 Apr 15:00 | 20 Oct 15:00 | 22 Dec 15:00 | 22 Sep 15:00 | 23 Feb 15:00 | 24 Nov 12:45 | 25 Aug 15:00 | 26 Dec 15:00 | 27 Apr 15:00 | 28 Nov 19:45 | 28 Oct 15:00 | 29 Dec 15:00 | 30 Jan 19:45 | 30 Mar 15:00 | 30 Sep 16:00
Steven Taylor S,,38,2137,0,44,1 2 3 4 5 6 7 8 9 10 11 12 13 14 15 16 17 18 19 20 21 22 23 24 25 26 27 28 29 30 31 32 33 34 35 36 37 38,02 Feb 15:00 | 02 Jan 20:00 | 02 Mar 15:00 | 02 Sep 16:00 | 03 Dec 20:00 | 04 May 15:00 | 04 Nov 16:00 | 07 Apr 15:00 | 07 Oct 16:00 | 09 Feb 12:45 | 10 Dec 20:00 | 10 Mar 15:00 | 11 Nov 15:00 | 12 Jan 15:00 | 12 May 15:00 | 14 Apr 12:00 | 15 Dec 12:45 | 17 Mar 16:00 | 17 Nov 15:00 | 17 Sep 20:00 | 18 Aug 17:30 | 19 Jan 15:00 | 19 May 16:00 | 20 Apr 15:00 | 21 Oct 13:30 | 22 Dec 15:00 | 23 Sep 15:00 | 24 Feb 13:30 | 25 Aug 17:30 | 25 Nov 15:00 | 26 Dec 15:00 | 27 Apr 17:30 | 28 Nov 19:45 | 28 Oct 15:00 | 29 Dec 17:30 | 29 Jan 19:45 | 29 Sep 15:00 | 30 Mar 15:00
Steven Whittaker,,38,1047,0,39,1 2 3 4 5 6 7 8 9 10 11 12 13 14 15 16 17 18 19 20 21 22 23 24 25 26 27 28 29 30 31 32 33 34 35 36 37 38,01 Jan 15:00 | 01 Sep 15:00 | 02 Dec 16:00 | 02 Feb 12:45 | 02 Mar 15:00 | 03 Nov 15:00 | 04 May 15:00 | 06 Apr 15:00 | 06 Oct 15:00 | 08 Dec 15:00 | 09 Feb 15:00 | 09 Mar 15:00 | 10 Nov 15:00 | 12 Jan 15:00 | 12 May 15:00 | 13 Apr 15:00 | 15 Dec 15:00 | 15 Sep 12:45 | 17 Mar 13:30 | 17 Nov 17:30 | 18 Aug 15:00 | 19 Jan 15:00 | 19 May 16:00 | 20 Apr 15:00 | 20 Oct 17:30 | 22 Dec 15:00 | 23 Feb 15:00 | 23 Sep 15:00 | 24 Nov 15:00 | 25 Aug 15:00 | 26 Dec 15:00 | 27 Apr 15:00 | 27 Oct 12:45 | 28 Nov 19:45 | 29 Dec 15:00 | 29 Sep 15:00 | 30 Jan 19:45 | 30 Mar 15:00
Stewart Downing,,37,2114,6,97,1 2 3 4 5 6 7 8 9 10 11 12 13 14 15 16 17 18 19 20 21 22 23 24 25 26 28 29 30 31 32 33 34 35 36 37 38,01 Dec 15:00 | 02 Jan 19:45 | 02 Mar 17:30 | 02 Sep 13:30 | 03 Feb 16:00 | 04 Nov 16:00 | 05 May 13:30 | 07 Apr 13:30 | 07 Oct 15:00 | 09 Dec 16:00 | 10 Mar 16:00 | 11 Nov 16:00 | 12 May 15:00 | 13 Apr 15:00 | 13 Jan 13:30 | 15 Dec 15:00 | 15 Sep 17:30 | 16 Mar 15:00 | 17 Feb 15:00 | 17 Nov 15:00 | 18 Aug 15:00 | 19 Jan 15:00 | 19 May 16:00 | 20 Oct 15:00 | 21 Apr 16:00 | 22 Dec 17:30 | 23 Sep 13:30 | 25 Nov 13:30 | 26 Aug 16:00 | 26 Dec 19:45 | 27 Apr 17:30 | 28 Nov 19:45 | 28 Oct 13:30 | 29 Sep 15:00 | 30 Dec 16:00 | 30 Jan 19:45 | 31 Mar 13:30
Stuart Holden,,2,0,0,0,3 17,20 Dec. 20:00 | 27 Aug. 17:30
Stuart Taylor,,36,360,0,7,4 5 6 7 8 9 10 11 12 13 14 15 16 17 18 19 20 21 22 23 24 25 26 27 28 29 30 31 32 33 34 35 36 37 38,01 Dec 17:30 | 01 Jan 15:00 | 02 Feb 15:00 | 02 Mar 15:00 | 04 May 15:00 | 04 Nov 13:30 | 06 Apr 12:45 | 06 Oct 15:00 | 09 Feb 15:00 | 09 Mar 15:00 | 10 Nov 15:00 | 11 April 19:45 | 11 Dec 19:45 | 12 Jan 15:00 | 13 Apr 15:00 | 14 May 20:00 | 16 Mar 17:30 | 16 Sep 16:00 | 17 Dec 20:00 | 17 Nov 15:00 | 19 Jan 15:00 | 19 May 16:00 | 20 Apr 15:00 | 20 Oct 15:00 | 22 Dec 15:00 | 22 Sep 15:00 | 23 Feb 15:00 | 24 Nov 15:00 | 26 Dec 15:00 | 27 Nov 20:00 | 27 Oct 15:00 | 28 Apr 13:30 | 29 Dec 15:00 | 29 Sep 15:00 | 30 Jan 20:00 | 30 Mar 15:00
Sung-Yeung Ki,,34,1956,3,60,3 4 5 6 7 8 9 10 11 12 13 14 15 16 17 18 19 20 21 22 23 24 25 26 28 29 30 31 32 34 35 36 37 38,01 Dec 15:00 | 01 Jan 15:00 | 01 Sep 15:00 | 02 Feb 15:00 | 02 Mar 15:00 | 03 Nov 15:00 | 06 Apr 15:00 | 06 Oct 15:00 | 07 May 19:45 | 08 Dec 15:00 | 09 Mar 15:00 | 10 Nov 15:00 | 12 Jan 15:00 | 12 May 16:00 | 15 Sep 15:00 | 16 Dec 13:30 | 16 Mar 15:00 | 17 Feb 15:00 | 17 Nov 15:00 | 19 Jan 15:00 | 19 May 16:00 | 20 Apr 15:00 | 20 Oct 15:00 | 22 Sep 12:45 | 23 Dec 13:30 | 25 Nov 13:30 | 26 Dec 15:00 | 27 Oct 17:30 | 28 Apr 15:00 | 28 Nov 19:45 | 29 Dec 15:00 | 29 Jan 19:45 | 29 Sep 15:00 | 30 Mar 15:00
Sylvain Distin,,38,2838,1,102,1 2 3 4 5 6 7 8 9 10 11 12 13 14 15 16 17 18 19 20 21 22 23 24 25 26 27 28 29 30 31 32 33 34 35 36 37 38,01 Dec 15:00 | 01 Sep 15:00 | 02 Feb 15:00 | 02 Jan 20:00 | 02 Mar 15:00 | 03 Nov 15:00 | 05 May 13:30 | 06 Oct 15:00 | 07 Apr 14:05 | 09 Dec 15:00 | 10 Feb 16:00 | 10 Nov 15:00 | 12 Jan 15:00 | 12 May 15:00 | 15 Dec 15:00 | 16 Apr 19:45 | 16 Mar 12:45 | 17 Nov 15:00 | 17 Sep 20:00 | 19 May 16:00 | 20 Apr 15:00 | 20 Aug 20:00 | 21 Jan 20:00 | 21 March 20:00 | 21 Oct 16:00 | 22 Dec 15:00 | 22 Sep 12:45 | 23 Feb 15:00 | 24 Nov 15:00 | 25 Aug 15:00 | 26 Dec 15:00 | 27 Apr 15:00 | 28 Nov 19:45 | 28 Oct 13:30 | 29 Sep 15:00 | 30 Dec 13:30 | 30 Jan 19:45 | 30 Mar 17:30
Sylvain Marveaux,,38,1007,6,62,1 2 3 4 5 6 7 8 9 10 11 12 13 14 15 16 17 18 19 20 21 22 23 24 25 26 27 28 29 30 31 32 33 34 35 36 37 38,02 Feb 15:00 | 02 Jan 20:00 | 02 Mar 15:00 | 02 Sep 16:00 | 03 Dec 20:00 | 04 May 15:00 | 04 Nov 16:00 | 07 Apr 15:00 | 07 Oct 16:00 | 09 Feb 12:45 | 10 Dec 20:00 | 10 Mar 15:00 | 11 Nov 15:00 | 12 Jan 15:00 | 12 May 15:00 | 14 Apr 12:00 | 15 Dec 12:45 | 17 Mar 16:00 | 17 Nov 15:00 | 17 Sep 20:00 | 18 Aug 17:30 | 19 Jan 15:00 | 19 May 16:00 | 20 Apr 15:00 | 21 Oct 13:30 | 22 Dec 15:00 | 23 Sep 15:00 | 24 Feb 13:30 | 25 Aug 17:30 | 25 Nov 15:00 | 26 Dec 15:00 | 27 Apr 17:30 | 28 Nov 19:45 | 28 Oct 15:00 | 29 Dec 17:30 | 29 Jan 19:45 | 29 Sep 15:00 | 30 Mar 15:00
Sylvan Ebanks-Blake,,1,0,0,0,33,11 April 19:45
Tadanari Lee,,37,0,0,0,1 2 3 4 5 6 7 8 9 10 11 12 13 14 15 16 18 19 20 21 22 23 24 25 26 27 28 29 30 31 32 33 34 35 36 37 38,01 Dec 15:00 | 01 Jan 17:30 | 02 Feb 15:00 | 02 Mar 15:00 | 02 Sep 16:00 | 04 May 15:00 | 05 Nov 20:00 | 06 Apr 12:45 | 07 Oct 13:30 | 08 Dec 15:00 | 09 Feb 17:30 | 09 Mar 15:00 | 10 Nov 15:00 | 12 May 15:00 | 13 Apr 15:00 | 15 Sep 15:00 | 16 Jan 19:45 | 16 Mar 15:00 | 17 Nov 15:00 | 19 Aug 16:00 | 19 May 16:00 | 20 Apr 15:00 | 20 Oct 15:00 | 21 Jan 20:00 | 22 Dec 15:00 | 22 Sep 15:00 | 24 Feb 13:30 | 25 Aug 15:00 | 25 Nov 15:00 | 26 Dec 15:00 | 27 Apr 15:00 | 28 Nov 19:45 | 28 Oct 15:00 | 29 Dec 15:00 | 29 Sep 15:00 | 30 Jan 20:00 | 30 Mar 15:00
Tal Ben Haim,,17,197,0,4,22 23 24 25 26 27 28 29 30 31 32 33 34 35 36 37 38,01 Apr 20:00 | 02 Feb 12:45 | 02 Mar 15:00 | 04 May 17:30 | 07 Apr 16:10 | 09 Feb 15:00 | 09 Mar 15:00 | 12 Jan 12:45 | 12 May 15:00 | 13 Apr 15:00 | 16 Mar 15:00 | 19 Jan 15:00 | 19 May 16:00 | 20 Apr 15:00 | 23 Feb 15:00 | 28 Apr 13:30 | 29 Jan 19:45
Theo Walcott,,12,423,3,53,1 2 3 4 5 6 7 8 9 10 20 30,02 Sep 13:30 | 03 Nov 12:45 | 06 Oct 17:30 | 15 Sep 15:00 | 16 Mar 15:00 | 18 Aug 15:00 | 20 Oct 17:30 | 23 Sep 16:00 | 26 Aug 13:30 | 27 Oct 15:00 | 29 Dec 17:30 | 29 Sep 12:45
Thierry Henry,,1,0,0,0,29,21 March 20:00
Thomas Hitzlsperger,,30,350,0,12,8 9 10 11 12 13 14 15 16 17 18 19 20 21 22 23 24 25 26 27 28 30 31 32 33 34 35 36 37 38,01 Dec 15:00 | 02 Feb 15:00 | 02 Jan 20:00 | 02 Mar 15:00 | 03 Nov 15:00 | 05 May 13:30 | 07 Apr 14:05 | 09 Dec 15:00 | 10 Feb 16:00 | 10 Nov 15:00 | 12 Jan 15:00 | 12 May 15:00 | 15 Dec 15:00 | 16 Apr 19:45 | 16 Mar 12:45 | 17 Nov 15:00 | 19 May 16:00 | 20 Apr 15:00 | 21 Jan 20:00 | 21 Oct 16:00 | 22 Dec 15:00 | 23 Feb 15:00 | 24 Nov 15:00 | 26 Dec 15:00 | 27 Apr 15:00 | 28 Nov 19:45 | 28 Oct 13:30 | 30 Dec 13:30 | 30 Jan 19:45 | 30 Mar 17:30
Thomas Sorensen,,40,0,0,0,1 2 3 4 5 6 7 8 9 10 11 12 13 14 15 16 17 18 19 20 21 22 23 24 25 26 27 28 29 30 31 32 33 34 35 36 37 38,01 Dec 15:00 | 01 Jan 15:00 | 01 Sep 15:00 | 02 Feb 15:00 | 02 Mar 15:00 | 03 Nov 15:00 | 06 Apr 15:00 | 06 May 20:00 | 07 Oct 15:00 | 08 Dec 15:00 | 09 Feb 15:00 | 10 Mar 15:00 | 10 Nov 15:00 | 12 Jan 15:00 | 12 May 13:30 | 14 Apr 14:05 | 15 Dec 15:00 | 15 Sep 15:00 | 16 Mar 15:00 | 18 Aug 15:00 | 19 Jan 15:00 | 19 May 16:00 | 19 Nov 20:00 | 20 Apr 15:00 | 20 Oct 15:00 | 21 Aug. 13:30 | 22 Dec 15:00 | 22 Sep 15:00 | 23 Feb 12:45 | 24 Nov 15:00 | 26 Aug 13:30 | 26 Dec 19:45 | 27 Apr 15:00 | 27 Oct 15:00 | 28 Aug. 15:00 | 28 Nov 19:45 | 29 Dec 15:00 | 29 Jan 19:45 | 29 Sep 15:00 | 30 Mar 17:30
Thomas Vermaelen,,12,899,0,36,1 2 3 4 5 6 7 8 9 10 20 30,02 Sep 13:30 | 03 Nov 12:45 | 06 Oct 17:30 | 15 Sep 15:00 | 16 Mar 15:00 | 18 Aug 15:00 | 20 Oct 17:30 | 23 Sep 16:00 | 26 Aug 13:30 | 27 Oct 15:00 | 29 Dec 17:30 | 29 Sep 12:45
Tim Cahill,,38,86,0,1,1 2 3 4 5 6 7 8 9 10 11 12 13 14 15 16 17 18 19 20 21 22 23 24 25 26 27 28 29 30 31 32 33 34 35 36 37 38,01 Dec 15:00 | 01 Sep 15:00 | 02 Feb 15:00 | 02 Jan 20:00 | 02 Mar 15:00 | 03 Nov 15:00 | 05 May 13:30 | 06 Oct 15:00 | 07 Apr 14:05 | 09 Dec 15:00 | 10 Feb 16:00 | 10 Nov 15:00 | 12 Jan 15:00 | 12 May 15:00 | 15 Dec 15:00 | 16 Apr 19:45 | 16 Mar 12:45 | 17 Nov 15:00 | 17 Sep 20:00 | 19 May 16:00 | 20 Apr 15:00 | 20 Aug 20:00 | 21 Jan 20:00 | 21 March 20:00 | 21 Oct 16:00 | 22 Dec 15:00 | 22 Sep 12:45 | 23 Feb 15:00 | 24 Nov 15:00 | 25 Aug 15:00 | 26 Dec 15:00 | 27 Apr 15:00 | 28 Nov 19:45 | 28 Oct 13:30 | 29 Sep 15:00 | 30 Dec 13:30 | 30 Jan 19:45 | 30 Mar 17:30
Tim Howard,,38,3240,0,113,1 2 3 4 5 6 7 8 9 10 11 12 13 14 15 16 17 18 19 20 21 22 23 24 25 26 27 28 29 30 31 32 33 34 35 36 37 38,01 Dec 15:00 | 01 Sep 15:00 | 02 Feb 15:00 | 02 Jan 20:00 | 02 Mar 15:00 | 03 Nov 15:00 | 05 May 13:30 | 06 Oct 15:00 | 07 Apr 14:05 | 09 Dec 15:00 | 10 Feb 16:00 | 10 Nov 15:00 | 12 Jan 15:00 | 12 May 15:00 | 15 Dec 15:00 | 16 Apr 19:45 | 16 Mar 12:45 | 17 Nov 15:00 | 17 Sep 20:00 | 19 May 16:00 | 20 Apr 15:00 | 20 Aug 20:00 | 21 Jan 20:00 | 21 March 20:00 | 21 Oct 16:00 | 22 Dec 15:00 | 22 Sep 12:45 | 23 Feb 15:00 | 24 Nov 15:00 | 25 Aug 15:00 | 26 Dec 15:00 | 27 Apr 15:00 | 28 Nov 19:45 | 28 Oct 13:30 | 29 Sep 15:00 | 30 Dec 13:30 | 30 Jan 19:45 | 30 Mar 17:30
Tim Krul,,38,2126,1,75,1 2 3 4 5 6 7 8 9 10 11 12 13 14 15 16 17 18 19 20 21 22 23 24 25 26 27 28 29 30 31 32 33 34 35 36 37 38,02 Feb 15:00 | 02 Jan 20:00 | 02 Mar 15:00 | 02 Sep 16:00 | 03 Dec 20:00 | 04 May 15:00 | 04 Nov 16:00 | 07 Apr 15:00 | 07 Oct 16:00 | 09 Feb 12:45 | 10 Dec 20:00 | 10 Mar 15:00 | 11 Nov 15:00 | 12 Jan 15:00 | 12 May 15:00 | 14 Apr 12:00 | 15 Dec 12:45 | 17 Mar 16:00 | 17 Nov 15:00 | 17 Sep 20:00 | 18 Aug 17:30 | 19 Jan 15:00 | 19 May 16:00 | 20 Apr 15:00 | 21 Oct 13:30 | 22 Dec 15:00 | 23 Sep 15:00 | 24 Feb 13:30 | 25 Aug 17:30 | 25 Nov 15:00 | 26 Dec 15:00 | 27 Apr 17:30 | 28 Nov 19:45 | 28 Oct 15:00 | 29 Dec 17:30 | 29 Jan 19:45 | 29 Sep 15:00 | 30 Mar 15:00
Titus Bramble,,38,1274,0,33,1 3 4 5 6 7 8 9 10 11 12 13 14 15 16 17 18 19 20 21 22 23 24 25 26 27 28 29 30 31 32 33 34 35 36 37 38,01 Sep 15:00 | 02 Dec 16:00 | 02 Feb 15:00 | 02 Jan 19:45 | 02 Mar 15:00 | 03 Nov 15:00 | 06 May 20:00 | 06 Oct 12:45 | 07 Apr 15:00 | 09 Feb 15:00 | 09 Mar 15:00 | 10 Nov 15:00 | 11 Dec 19:45 | 12 Jan 15:00 | 12 May 15:00 | 14 Apr 12:00 | 15 Dec 15:00 | 15 Sep 17:30 | 17 Mar 13:30 | 18 Aug 15:00 | 18 Nov 16:00 | 19 Jan 15:00 | 19 May 16:00 | 20 Apr 15:00 | 21 Dec. 20:00 | 21 Oct 13:30 | 22 Dec 15:00 | 22 Sep 15:00 | 23 Feb 15:00 | 24 Nov 12:45 | 26 Dec 15:00 | 27 Nov 19:45 | 27 Oct 15:00 | 29 Apr 20:00 | 29 Dec 12:45 | 29 Jan 19:45 | 29 Sep 15:00 | 30 Mar 12:45
Tom Carroll,,37,81,1,10,1 2 3 4 5 6 7 8 9 10 11 12 13 14 15 16 17 18 19 20 21 22 23 24 25 26 27 28 29 30 31 32 34 35 36 37 38,01 Dec 15:00 | 01 Jan 15:00 | 01 Sep 15:00 | 03 Feb 13:30 | 03 Mar 16:00 | 03 Nov 15:00 | 07 Apr 14:05 | 07 Oct 15:00 | 08 May 19:45 | 09 Dec 15:00 | 09 Feb 12:45 | 10 Mar 16:00 | 11 Nov 13:30 | 12 Jan 12:45 | 12 May 13:30 | 16 Dec 13:30 | 16 Sep 16:00 | 17 Mar 15:00 | 17 Nov 12:45 | 18 Aug 17:30 | 19 May 16:00 | 20 Jan 16:00 | 20 Oct 12:45 | 21 Apr 13:30 | 22 Dec 15:00 | 23 Sep 16:00 | 25 Aug 15:00 | 25 Feb 20:00 | 25 Nov 16:00 | 26 Dec 17:30 | 27 Apr 15:00 | 28 Nov 19:45 | 28 Oct 15:00 | 29 Dec 12:45 | 29 Sep 17:30 | 30 Jan 19:45 | 30 Mar 15:00
Tom Cleverley,,37,1445,3,70,1 2 3 4 5 6 7 8 9 10 11 12 13 14 15 16 17 18 19 20 21 22 23 24 25 26 27 28 30 31 32 33 34 35 36 37 38,01 Dec 17:30 | 01 Jan 15:00 | 02 Feb 17:30 | 02 Mar 15:00 | 02 Sep 16:00 | 03 Nov 12:45 | 05 May 16:00 | 07 Oct 16:00 | 08 Apr 20:00 | 09 Dec 13:30 | 10 Feb 16:00 | 10 Nov 17:30 | 12 May 16:00 | 13 Jan 13:30 | 15 Dec 15:00 | 15 Sep 15:00 | 16 Mar 17:30 | 17 Apr 19:45 | 17 Nov 17:30 | 19 May 16:00 | 20 Aug 20:00 | 20 Jan 16:00 | 20 Oct 15:00 | 22 Apr 20:00 | 23 Dec 13:30 | 23 Feb 15:00 | 23 Sep 13:30 | 24 Nov 15:00 | 25 Aug 15:00 | 26 Dec 15:00 | 28 Apr 16:00 | 28 Nov 20:00 | 28 Oct 16:00 | 29 Dec 15:00 | 29 Sep 17:30 | 30 Jan 20:00 | 30 Mar 12:45
Tom Huddlestone,,37,947,4,37,1 2 3 4 5 6 7 8 9 10 11 12 13 14 15 16 17 18 19 20 21 22 23 24 25 26 27 28 29 30 31 32 34 35 36 37 38,01 Dec 15:00 | 01 Jan 15:00 | 01 Sep 15:00 | 03 Feb 13:30 | 03 Mar 16:00 | 03 Nov 15:00 | 07 Apr 14:05 | 07 Oct 15:00 | 08 May 19:45 | 09 Dec 15:00 | 09 Feb 12:45 | 10 Mar 16:00 | 11 Nov 13:30 | 12 Jan 12:45 | 12 May 13:30 | 16 Dec 13:30 | 16 Sep 16:00 | 17 Mar 15:00 | 17 Nov 12:45 | 18 Aug 17:30 | 19 May 16:00 | 20 Jan 16:00 | 20 Oct 12:45 | 21 Apr 13:30 | 22 Dec 15:00 | 23 Sep 16:00 | 25 Aug 15:00 | 25 Feb 20:00 | 25 Nov 16:00 | 26 Dec 17:30 | 27 Apr 15:00 | 28 Nov 19:45 | 28 Oct 15:00 | 29 Dec 12:45 | 29 Sep 17:30 | 30 Jan 19:45 | 30 Mar 15:00
Tomas Rosicky,,12,0,0,0,1 2 3 4 5 6 7 8 9 10 20 30,02 Sep 13:30 | 03 Nov 12:45 | 06 Oct 17:30 | 15 Sep 15:00 | 16 Mar 15:00 | 18 Aug 15:00 | 20 Oct 17:30 | 23 Sep 16:00 | 26 Aug 13:30 | 27 Oct 15:00 | 29 Dec 17:30 | 29 Sep 12:45
Tomasz Kuszczak,,1,0,0,0,33,11 April 19:45
Tommy Smith,,40,144,0,11,1 2 3 4 5 6 7 8 9 10 11 12 13 14 15 16 17 18 19 20 21 22 23 24 25 26 27 28 29 30 31 32 33 34 35 36 37 38,01 Apr 20:00 | 01 Dec 15:00 | 01 Oct 20:00 | 01 Sep 17:30 | 02 Feb 12:45 | 02 Jan 19:45 | 02 Mar 15:00 | 04 May 17:30 | 04 Nov 13:30 | 06 Oct 15:00 | 07 Apr 16:10 | 08 Dec 15:00 | 09 Feb 15:00 | 09 Mar 15:00 | 10 Nov 15:00 | 12 Jan 12:45 | 12 May 15:00 | 13 Apr 15:00 | 15 Dec 15:00 | 15 Sep 15:00 | 16 Mar 15:00 | 17 Nov 15:00 | 18 Aug 15:00 | 19 Jan 15:00 | 19 May 16:00 | 20 Apr 15:00 | 20 Aug. 15:00 | 21 Oct 16:00 | 22 Dec 15:00 | 23 Feb 15:00 | 23 Sep 16:00 | 24 Nov 15:00 | 25 Aug 15:00 | 26 Dec 15:00 | 27 Aug. 12:30 | 27 Nov 19:45 | 27 Oct 15:00 | 28 Apr 13:30 | 29 Jan 19:45 | 30 Dec 16:00
Tony Hibbert,,38,523,0,14,1 2 3 4 5 6 7 8 9 10 11 12 13 14 15 16 17 18 19 20 21 22 23 24 25 26 27 28 29 30 31 32 33 34 35 36 37 38,01 Dec 15:00 | 01 Sep 15:00 | 02 Feb 15:00 | 02 Jan 20:00 | 02 Mar 15:00 | 03 Nov 15:00 | 05 May 13:30 | 06 Oct 15:00 | 07 Apr 14:05 | 09 Dec 15:00 | 10 Feb 16:00 | 10 Nov 15:00 | 12 Jan 15:00 | 12 May 15:00 | 15 Dec 15:00 | 16 Apr 19:45 | 16 Mar 12:45 | 17 Nov 15:00 | 17 Sep 20:00 | 19 May 16:00 | 20 Apr 15:00 | 20 Aug 20:00 | 21 Jan 20:00 | 21 March 20:00 | 21 Oct 16:00 | 22 Dec 15:00 | 22 Sep 12:45 | 23 Feb 15:00 | 24 Nov 15:00 | 25 Aug 15:00 | 26 Dec 15:00 | 27 Apr 15:00 | 28 Nov 19:45 | 28 Oct 13:30 | 29 Sep 15:00 | 30 Dec 13:30 | 30 Jan 19:45 | 30 Mar 17:30
Trevor Carson,,1,0,0,0,29,20 March 20:00
Troy Hewitt,,1,0,0,0,29,21 March 20:00
Tyias Browning,,18,0,0,0,20 21 22 23 24 25 26 27 28 30 31 32 33 34 35 36 37 38,02 Feb 15:00 | 02 Jan 20:00 | 02 Mar 15:00 | 05 May 13:30 | 07 Apr 14:05 | 10 Feb 16:00 | 12 Jan 15:00 | 12 May 15:00 | 16 Apr 19:45 | 16 Mar 12:45 | 19 May 16:00 | 20 Apr 15:00 | 21 Jan 20:00 | 23 Feb 15:00 | 27 Apr 15:00 | 30 Dec 13:30 | 30 Jan 19:45 | 30 Mar 17:30
Tyrone Mears,,1,0,0,0,19,31 Dec. 15:00
Urby Emanuelson,,13,559,0,21,25 26 27 28 30 31 32 33 34 35 36 37 38,01 Apr 20:00 | 02 Feb 17:30 | 02 Mar 15:00 | 04 May 15:00 | 07 Apr 15:00 | 09 Feb 15:00 | 12 May 15:00 | 17 Apr 20:00 | 17 Mar 15:00 | 19 May 16:00 | 20 Apr 15:00 | 23 Feb 12:45 | 27 Apr 15:00
Vangelis Moras,,2,0,0,0,27 33,03 March 15:00 | 11 April 20:00
Vassiriki Diaby,,12,404,0,17,1 2 3 4 5 6 7 8 9 10 20 30,02 Sep 13:30 | 03 Nov 12:45 | 06 Oct 17:30 | 15 Sep 15:00 | 16 Mar 15:00 | 18 Aug 15:00 | 20 Oct 17:30 | 23 Sep 16:00 | 26 Aug 13:30 | 27 Oct 15:00 | 29 Dec 17:30 | 29 Sep 12:45
Vedran Corluka,,1,45,0,0,2,22 Aug. 20:00
Vegard Forren,,15,0,0,0,24 25 26 27 28 29 30 31 32 33 34 35 36 37 38,02 Feb 15:00 | 02 Mar 15:00 | 04 May 15:00 | 06 Apr 12:45 | 09 Feb 17:30 | 09 Mar 15:00 | 12 May 15:00 | 13 Apr 15:00 | 16 Mar 15:00 | 19 May 16:00 | 20 Apr 15:00 | 24 Feb 13:30 | 27 Apr 15:00 | 30 Jan 20:00 | 30 Mar 15:00
Victor Anichebe,,38,1639,6,88,1 2 3 4 5 6 7 8 9 10 11 12 13 14 15 16 17 18 19 20 21 22 23 24 25 26 27 28 29 30 31 32 33 34 35 36 37 38,01 Dec 15:00 | 01 Sep 15:00 | 02 Feb 15:00 | 02 Jan 20:00 | 02 Mar 15:00 | 03 Nov 15:00 | 05 May 13:30 | 06 Oct 15:00 | 07 Apr 14:05 | 09 Dec 15:00 | 10 Feb 16:00 | 10 Nov 15:00 | 12 Jan 15:00 | 12 May 15:00 | 15 Dec 15:00 | 16 Apr 19:45 | 16 Mar 12:45 | 17 Nov 15:00 | 17 Sep 20:00 | 19 May 16:00 | 20 Apr 15:00 | 20 Aug 20:00 | 21 Jan 20:00 | 21 March 20:00 | 21 Oct 16:00 | 22 Dec 15:00 | 22 Sep 12:45 | 23 Feb 15:00 | 24 Nov 15:00 | 25 Aug 15:00 | 26 Dec 15:00 | 27 Apr 15:00 | 28 Nov 19:45 | 28 Oct 13:30 | 29 Sep 15:00 | 30 Dec 13:30 | 30 Jan 19:45 | 30 Mar 17:30
Victor Moses,,35,1139,1,53,1 2 4 5 6 7 8 9 10 11 12 13 14 15 16 18 19 20 21 22 23 24 25 26 27 28 30 31 32 33 34 35 36 37 38,01 Dec 12:45 | 02 Feb 15:00 | 02 Jan 19:45 | 02 Mar 15:00 | 03 Nov 15:00 | 06 Oct 15:00 | 07 Apr 15:00 | 08 Dec 15:00 | 08 May 19:45 | 09 Feb 15:00 | 11 May 12:45 | 11 Nov 16:00 | 15 Sep 15:00 | 16 Jan 19:45 | 17 Apr 20:00 | 17 Mar 16:00 | 17 Nov 15:00 | 19 Aug 13:30 | 19 May 16:00 | 20 Jan 13:30 | 20 Oct 12:45 | 21 Apr 16:00 | 22 Sep 15:00 | 23 Dec 16:00 | 24 Feb 13:30 | 25 Aug 17:30 | 25 Nov 16:00 | 26 Dec 15:00 | 28 Apr 15:00 | 28 Nov 19:45 | 28 Oct 16:00 | 29 Sep 12:45 | 30 Dec 13:30 | 30 Jan 20:00 | 30 Mar 15:00
Vincent Kompany,,38,2146,0,85,1 2 3 4 5 6 7 8 9 10 11 12 13 14 15 16 17 18 19 20 21 22 23 24 25 26 27 28 29 30 31 32 33 34 35 36 37 38,01 Dec 15:00 | 01 Jan 15:00 | 01 Sep 17:30 | 03 Feb 16:00 | 03 Nov 17:30 | 04 Mar 20:00 | 06 Oct 12:45 | 07 May 19:45 | 08 Apr 20:00 | 09 Dec 13:30 | 09 Feb 17:30 | 11 Nov 13:30 | 13 Jan 16:00 | 14 May 20:00 | 15 Dec 12:45 | 15 Sep 15:00 | 16 Mar 12:45 | 17 Apr 19:45 | 17 Nov 15:00 | 19 Aug 16:00 | 19 Jan 15:00 | 19 May 16:00 | 20 Oct 15:00 | 21 Apr 13:30 | 21 March 19:45 | 22 Dec 15:00 | 23 Sep 16:00 | 24 Feb 13:30 | 25 Nov 16:00 | 26 Aug 16:00 | 26 Dec 15:00 | 27 Apr 12:45 | 27 Oct 17:30 | 28 Nov 20:00 | 29 Dec 15:00 | 29 Jan 19:45 | 29 Sep 15:00 | 30 Mar 15:00
Vito Mannone,,36,810,0,31,1 2 3 4 5 6 7 8 9 10 11 12 13 14 15 16 17 18 20 21 22 23 24 25 26 27 28 30 31 32 33 34 35 36 37 38,01 Dec 15:00 | 01 Jan 17:30 | 02 Feb 15:00 | 02 Sep 13:30 | 03 Mar 16:00 | 03 Nov 12:45 | 04 May 17:30 | 06 Apr 15:00 | 06 Oct 17:30 | 08 Dec 15:00 | 09 Feb 15:00 | 10 Nov 15:00 | 13 Jan 16:00 | 14 May 19:45 | 15 Sep 15:00 | 16 Apr 19:45 | 16 Mar 15:00 | 17 Dec 20:00 | 17 Nov 12:45 | 18 Aug 15:00 | 19 May 16:00 | 20 Apr 15:00 | 20 Oct 17:30 | 22 Dec 12:45 | 23 Feb 15:00 | 23 Jan 19:45 | 23 Sep 16:00 | 24 Nov 17:30 | 26 Aug 13:30 | 27 Oct 15:00 | 28 Apr 16:00 | 28 Nov 19:45 | 29 Dec 17:30 | 29 Sep 12:45 | 30 Jan 19:45 | 30 Mar 15:00
Vurnon Anita,,38,1733,1,49,1 2 3 4 5 6 7 8 9 10 11 12 13 14 15 16 17 18 19 20 21 22 23 24 25 26 27 28 29 30 31 32 33 34 35 36 37 38,02 Feb 15:00 | 02 Jan 20:00 | 02 Mar 15:00 | 02 Sep 16:00 | 03 Dec 20:00 | 04 May 15:00 | 04 Nov 16:00 | 07 Apr 15:00 | 07 Oct 16:00 | 09 Feb 12:45 | 10 Dec 20:00 | 10 Mar 15:00 | 11 Nov 15:00 | 12 Jan 15:00 | 12 May 15:00 | 14 Apr 12:00 | 15 Dec 12:45 | 17 Mar 16:00 | 17 Nov 15:00 | 17 Sep 20:00 | 18 Aug 17:30 | 19 Jan 15:00 | 19 May 16:00 | 20 Apr 15:00 | 21 Oct 13:30 | 22 Dec 15:00 | 23 Sep 15:00 | 24 Feb 13:30 | 25 Aug 17:30 | 25 Nov 15:00 | 26 Dec 15:00 | 27 Apr 17:30 | 28 Nov 19:45 | 28 Oct 15:00 | 29 Dec 17:30 | 29 Jan 19:45 | 29 Sep 15:00 | 30 Mar 15:00
Wayne Hennessey,,1,90,0,2,33,11 April 19:45
Wayne Rooney,,37,1924,10,141,1 2 3 4 5 6 7 8 9 10 11 12 13 14 15 16 17 18 19 20 21 22 23 24 25 26 27 28 30 31 32 33 34 35 36 37 38,01 Dec 17:30 | 01 Jan 15:00 | 02 Feb 17:30 | 02 Mar 15:00 | 02 Sep 16:00 | 03 Nov 12:45 | 05 May 16:00 | 07 Oct 16:00 | 08 Apr 20:00 | 09 Dec 13:30 | 10 Feb 16:00 | 10 Nov 17:30 | 12 May 16:00 | 13 Jan 13:30 | 15 Dec 15:00 | 15 Sep 15:00 | 16 Mar 17:30 | 17 Apr 19:45 | 17 Nov 17:30 | 19 May 16:00 | 20 Aug 20:00 | 20 Jan 16:00 | 20 Oct 15:00 | 22 Apr 20:00 | 23 Dec 13:30 | 23 Feb 15:00 | 23 Sep 13:30 | 24 Nov 15:00 | 25 Aug 15:00 | 26 Dec 15:00 | 28 Apr 16:00 | 28 Nov 20:00 | 28 Oct 16:00 | 29 Dec 15:00 | 29 Sep 17:30 | 30 Jan 20:00 | 30 Mar 12:45
Wayne Routledge,,36,2392,6,118,1 2 3 4 5 6 7 8 9 10 11 12 13 14 15 16 17 18 19 20 21 22 23 24 25 26 28 29 30 31 32 34 35 36 37 38,01 Dec 15:00 | 01 Jan 15:00 | 01 Sep 15:00 | 02 Feb 15:00 | 02 Mar 15:00 | 03 Nov 15:00 | 06 Apr 15:00 | 06 Oct 15:00 | 07 May 19:45 | 08 Dec 15:00 | 09 Mar 15:00 | 10 Nov 15:00 | 12 Jan 15:00 | 12 May 16:00 | 15 Sep 15:00 | 16 Dec 13:30 | 16 Mar 15:00 | 17 Feb 15:00 | 17 Nov 15:00 | 18 Aug 15:00 | 19 Jan 15:00 | 19 May 16:00 | 20 Apr 15:00 | 20 Oct 15:00 | 22 Sep 12:45 | 23 Dec 13:30 | 25 Aug 12:45 | 25 Nov 13:30 | 26 Dec 15:00 | 27 Oct 17:30 | 28 Apr 15:00 | 28 Nov 19:45 | 29 Dec 15:00 | 29 Jan 19:45 | 29 Sep 15:00 | 30 Mar 15:00
Wellington Paulista,,15,0,0,0,23 24 25 26 27 28 30 31 32 33 34 35 36 37 38,02 Feb 15:00 | 02 Mar 15:00 | 04 May 15:00 | 07 Apr 13:30 | 10 Feb 13:30 | 12 May 15:00 | 17 Apr 19:45 | 17 Mar 16:00 | 19 May 16:00 | 20 Apr 15:00 | 23 Jan 19:45 | 25 Feb 20:00 | 27 Apr 12:45 | 30 Jan 20:00 | 30 Mar 15:00
Wes Brown,,38,90,0,9,1 3 4 5 6 7 8 9 10 11 12 13 14 15 16 17 18 19 20 21 22 23 24 25 26 27 28 29 30 31 32 33 34 35 36 37 38,01 Sep 15:00 | 02 Dec 16:00 | 02 Feb 15:00 | 02 Jan 19:45 | 02 Mar 15:00 | 03 Nov 15:00 | 06 May 20:00 | 06 Oct 12:45 | 07 Apr 15:00 | 09 Feb 15:00 | 09 Mar 15:00 | 10 Nov 15:00 | 11 Dec 19:45 | 12 Jan 15:00 | 12 May 15:00 | 14 Apr 12:00 | 15 Dec 15:00 | 15 Sep 17:30 | 17 Mar 13:30 | 18 Aug 15:00 | 18 Nov 16:00 | 19 Jan 15:00 | 19 May 16:00 | 20 Apr 15:00 | 21 Dec. 20:00 | 21 Oct 13:30 | 22 Dec 15:00 | 22 Sep 15:00 | 23 Feb 15:00 | 24 Nov 12:45 | 26 Dec 15:00 | 27 Nov 19:45 | 27 Oct 15:00 | 29 Apr 20:00 | 29 Dec 12:45 | 29 Jan 19:45 | 29 Sep 15:00 | 30 Mar 12:45
Wes Hoolahan,,38,2418,5,103,1 2 3 4 5 6 7 8 9 10 11 12 13 14 15 16 17 18 19 20 21 22 23 24 25 26 27 28 29 30 31 32 33 34 35 36 37 38,01 Jan 15:00 | 01 Sep 15:00 | 02 Dec 16:00 | 02 Feb 12:45 | 02 Mar 15:00 | 03 Nov 15:00 | 04 May 15:00 | 06 Apr 15:00 | 06 Oct 15:00 | 08 Dec 15:00 | 09 Feb 15:00 | 09 Mar 15:00 | 10 Nov 15:00 | 12 Jan 15:00 | 12 May 15:00 | 13 Apr 15:00 | 15 Dec 15:00 | 15 Sep 12:45 | 17 Mar 13:30 | 17 Nov 17:30 | 18 Aug 15:00 | 19 Jan 15:00 | 19 May 16:00 | 20 Apr 15:00 | 20 Oct 17:30 | 22 Dec 15:00 | 23 Feb 15:00 | 23 Sep 15:00 | 24 Nov 15:00 | 25 Aug 15:00 | 26 Dec 15:00 | 27 Apr 15:00 | 27 Oct 12:45 | 28 Nov 19:45 | 29 Dec 15:00 | 29 Sep 15:00 | 30 Jan 19:45 | 30 Mar 15:00
Will Keane,,2,6,0,1,19 29,18 March 13:30 | 31 Dec. 12:45
Will Keane W,,37,0,0,0,1 2 3 4 5 6 7 8 9 10 11 12 13 14 15 16 17 18 19 20 21 22 23 24 25 26 27 28 30 31 32 33 34 35 36 37 38,01 Dec 17:30 | 01 Jan 15:00 | 02 Feb 17:30 | 02 Mar 15:00 | 02 Sep 16:00 | 03 Nov 12:45 | 05 May 16:00 | 07 Oct 16:00 | 08 Apr 20:00 | 09 Dec 13:30 | 10 Feb 16:00 | 10 Nov 17:30 | 12 May 16:00 | 13 Jan 13:30 | 15 Dec 15:00 | 15 Sep 15:00 | 16 Mar 17:30 | 17 Apr 19:45 | 17 Nov 17:30 | 19 May 16:00 | 20 Aug 20:00 | 20 Jan 16:00 | 20 Oct 15:00 | 22 Apr 20:00 | 23 Dec 13:30 | 23 Feb 15:00 | 23 Sep 13:30 | 24 Nov 15:00 | 25 Aug 15:00 | 26 Dec 15:00 | 28 Apr 16:00 | 28 Nov 20:00 | 28 Oct 16:00 | 29 Dec 15:00 | 29 Sep 17:30 | 30 Jan 20:00 | 30 Mar 12:45
William Gallas,,38,1528,0,50,1 2 3 4 5 6 7 8 9 10 11 12 13 14 15 16 17 18 19 20 21 22 23 24 25 26 27 28 29 30 31 32 34 35 36 37 38,01 Dec 15:00 | 01 Jan 15:00 | 01 Sep 15:00 | 03 Feb 13:30 | 03 Mar 16:00 | 03 Nov 15:00 | 07 Apr 14:05 | 07 Oct 15:00 | 08 May 19:45 | 09 Dec 15:00 | 09 Feb 12:45 | 10 Mar 16:00 | 11 Nov 13:30 | 12 Jan 12:45 | 12 May 13:30 | 16 Dec 13:30 | 16 Sep 16:00 | 17 Mar 15:00 | 17 Nov 12:45 | 18 Aug 17:30 | 19 May 16:00 | 20 Jan 16:00 | 20 Oct 12:45 | 21 Apr 13:30 | 22 Aug. 20:00 | 22 Dec 15:00 | 23 Sep 16:00 | 25 Aug 15:00 | 25 Feb 20:00 | 25 Nov 16:00 | 26 Dec 17:30 | 27 Apr 15:00 | 28 Nov 19:45 | 28 Oct 15:00 | 29 Dec 12:45 | 29 Sep 17:30 | 30 Jan 19:45 | 30 Mar 15:00
Wilson Palacios,,39,49,0,4,1 2 3 4 5 6 7 8 9 10 11 12 13 14 15 16 17 18 19 20 21 22 23 24 25 26 27 28 29 30 31 32 33 34 35 36 37 38,01 Dec 15:00 | 01 Jan 15:00 | 01 Sep 15:00 | 02 Feb 15:00 | 02 Mar 15:00 | 03 Nov 15:00 | 06 Apr 15:00 | 06 May 20:00 | 07 Oct 15:00 | 08 Dec 15:00 | 09 Feb 15:00 | 10 Mar 15:00 | 10 Nov 15:00 | 12 Jan 15:00 | 12 May 13:30 | 14 Apr 14:05 | 15 Dec 15:00 | 15 Sep 15:00 | 16 Mar 15:00 | 18 Aug 15:00 | 19 Jan 15:00 | 19 May 16:00 | 19 Nov 20:00 | 20 Apr 15:00 | 20 Oct 15:00 | 22 Aug. 20:00 | 22 Dec 15:00 | 22 Sep 15:00 | 23 Feb 12:45 | 24 Nov 15:00 | 26 Aug 13:30 | 26 Dec 19:45 | 27 Apr 15:00 | 27 Oct 15:00 | 28 Nov 19:45 | 29 Dec 15:00 | 29 Jan 19:45 | 29 Sep 15:00 | 30 Mar 17:30
Winston Reid,,36,3053,1,101,1 2 3 4 5 6 7 8 9 10 11 12 13 14 15 16 17 18 20 21 22 23 24 25 26 27 28 30 31 32 33 34 35 36 37 38,01 Dec 12:45 | 01 Jan 15:00 | 01 Oct 20:00 | 01 Sep 12:45 | 02 Feb 15:00 | 02 Mar 15:00 | 03 Nov 17:30 | 04 May 15:00 | 06 Oct 17:30 | 07 Apr 13:30 | 09 Dec 16:00 | 10 Feb 13:30 | 11 Nov 15:00 | 12 Jan 15:00 | 12 May 15:00 | 15 Sep 12:45 | 16 Dec 16:00 | 17 Apr 19:45 | 17 Mar 16:00 | 18 Aug 15:00 | 19 May 16:00 | 19 Nov 20:00 | 20 Apr 15:00 | 20 Oct 15:00 | 22 Dec 15:00 | 22 Sep 15:00 | 23 Jan 19:45 | 25 Aug 12:45 | 25 Feb 20:00 | 25 Nov 16:00 | 27 Apr 12:45 | 27 Oct 15:00 | 28 Nov 20:00 | 29 Dec 15:00 | 30 Jan 20:00 | 30 Mar 15:00
Wojciech Szczesny,,12,270,0,10,1 2 3 4 5 6 7 8 9 10 20 30,02 Sep 13:30 | 03 Nov 12:45 | 06 Oct 17:30 | 15 Sep 15:00 | 16 Mar 15:00 | 18 Aug 15:00 | 20 Oct 17:30 | 23 Sep 16:00 | 26 Aug 13:30 | 27 Oct 15:00 | 29 Dec 17:30 | 29 Sep 12:45
Yacouba Sylla,,14,595,1,16,25 26 27 28 29 30 31 32 33 34 35 36 37 38,02 Feb 15:00 | 04 Mar 20:00 | 04 May 15:00 | 06 Apr 15:00 | 09 Mar 15:00 | 10 Feb 13:30 | 11 May 12:45 | 13 Apr 15:00 | 16 Mar 15:00 | 19 May 16:00 | 22 Apr 20:00 | 23 Feb 15:00 | 29 Apr 20:00 | 31 Mar 13:30
Yago Falque,,37,6,0,1,1 2 3 4 5 6 7 8 9 10 11 12 13 14 15 16 17 18 19 20 21 22 23 24 25 26 27 28 29 30 31 32 34 35 36 37 38,01 Dec 15:00 | 01 Jan 15:00 | 01 Sep 15:00 | 03 Feb 13:30 | 03 Mar 16:00 | 03 Nov 15:00 | 07 Apr 14:05 | 07 Oct 15:00 | 08 May 19:45 | 09 Dec 15:00 | 09 Feb 12:45 | 10 Mar 16:00 | 11 Nov 13:30 | 12 Jan 12:45 | 12 May 13:30 | 16 Dec 13:30 | 16 Sep 16:00 | 17 Mar 15:00 | 17 Nov 12:45 | 18 Aug 17:30 | 19 May 16:00 | 20 Jan 16:00 | 20 Oct 12:45 | 21 Apr 13:30 | 22 Dec 15:00 | 23 Sep 16:00 | 25 Aug 15:00 | 25 Feb 20:00 | 25 Nov 16:00 | 26 Dec 17:30 | 27 Apr 15:00 | 28 Nov 19:45 | 28 Oct 15:00 | 29 Dec 12:45 | 29 Sep 17:30 | 30 Jan 19:45 | 30 Mar 15:00
Yao Gervinho,,13,594,0,42,1 2 3 4 5 6 7 8 9 10 20 30 33,02 Sep 13:30 | 03 Nov 12:45 | 06 Oct 17:30 | 11 April 19:45 | 15 Sep 15:00 | 16 Mar 15:00 | 18 Aug 15:00 | 20 Oct 17:30 | 23 Sep 16:00 | 26 Aug 13:30 | 27 Oct 15:00 | 29 Dec 17:30 | 29 Sep 12:45
Yassine El Ghanassy,,37,0,0,0,1 2 3 4 5 6 7 8 9 10 11 12 13 14 15 16 17 18 19 20 21 22 23 24 25 26 27 28 29 30 31 32 34 35 36 37 38,01 Dec 15:00 | 01 Jan 12:45 | 01 Sep 15:00 | 02 Mar 15:00 | 03 Feb 13:30 | 05 Nov 20:00 | 06 Apr 15:00 | 06 Oct 15:00 | 07 May 19:45 | 08 Dec 15:00 | 09 Mar 15:00 | 10 Nov 15:00 | 11 Feb 20:00 | 12 Jan 15:00 | 12 May 15:00 | 15 Sep 15:00 | 16 Dec 16:00 | 16 Mar 15:00 | 17 Nov 15:00 | 18 Aug 15:00 | 19 Jan 17:30 | 19 May 16:00 | 20 Apr 15:00 | 20 Oct 15:00 | 22 Dec 15:00 | 22 Sep 15:00 | 23 Feb 15:00 | 24 Nov 12:45 | 25 Aug 15:00 | 26 Dec 15:00 | 27 Apr 15:00 | 28 Nov 19:45 | 28 Oct 15:00 | 29 Dec 15:00 | 30 Jan 19:45 | 30 Mar 15:00 | 30 Sep 16:00
Yaya Yaya Toure,,37,2783,6,141,1 2 3 4 5 6 7 8 9 10 11 12 13 14 15 16 17 18 19 20 21 22 23 24 25 26 27 28 30 31 32 33 34 35 36 37 38,01 Dec 15:00 | 01 Jan 15:00 | 01 Sep 17:30 | 03 Feb 16:00 | 03 Nov 17:30 | 04 Mar 20:00 | 06 Oct 12:45 | 07 May 19:45 | 08 Apr 20:00 | 09 Dec 13:30 | 09 Feb 17:30 | 11 Nov 13:30 | 13 Jan 16:00 | 14 May 20:00 | 15 Dec 12:45 | 15 Sep 15:00 | 16 Mar 12:45 | 17 Apr 19:45 | 17 Nov 15:00 | 19 Aug 16:00 | 19 Jan 15:00 | 19 May 16:00 | 20 Oct 15:00 | 21 Apr 13:30 | 22 Dec 15:00 | 23 Sep 16:00 | 24 Feb 13:30 | 25 Nov 16:00 | 26 Aug 16:00 | 26 Dec 15:00 | 27 Apr 12:45 | 27 Oct 17:30 | 28 Nov 20:00 | 29 Dec 15:00 | 29 Jan 19:45 | 29 Sep 15:00 | 30 Mar 15:00
Yoan Gouffran,,15,1042,2,50,24 25 26 27 28 29 30 31 32 33 34 35 36 37 38,02 Feb 15:00 | 02 Mar 15:00 | 04 May 15:00 | 07 Apr 15:00 | 09 Feb 12:45 | 10 Mar 15:00 | 12 May 15:00 | 14 Apr 12:00 | 17 Mar 16:00 | 19 May 16:00 | 20 Apr 15:00 | 24 Feb 13:30 | 27 Apr 17:30 | 29 Jan 19:45 | 30 Mar 15:00
Yohan Cabaye,,38,2116,2,94,1 2 3 4 5 6 7 8 9 10 11 12 13 14 15 16 17 18 19 20 21 22 23 24 25 26 27 28 29 30 31 32 33 34 35 36 37 38,02 Feb 15:00 | 02 Jan 20:00 | 02 Mar 15:00 | 02 Sep 16:00 | 03 Dec 20:00 | 04 May 15:00 | 04 Nov 16:00 | 07 Apr 15:00 | 07 Oct 16:00 | 09 Feb 12:45 | 10 Dec 20:00 | 10 Mar 15:00 | 11 Nov 15:00 | 12 Jan 15:00 | 12 May 15:00 | 14 Apr 12:00 | 15 Dec 12:45 | 17 Mar 16:00 | 17 Nov 15:00 | 17 Sep 20:00 | 18 Aug 17:30 | 19 Jan 15:00 | 19 May 16:00 | 20 Apr 15:00 | 21 Oct 13:30 | 22 Dec 15:00 | 23 Sep 15:00 | 24 Feb 13:30 | 25 Aug 17:30 | 25 Nov 15:00 | 26 Dec 15:00 | 27 Apr 17:30 | 28 Nov 19:45 | 28 Oct 15:00 | 29 Dec 17:30 | 29 Jan 19:45 | 29 Sep 15:00 | 30 Mar 15:00
Yossi Benayoun,,37,374,1,17,1 2 3 4 5 6 7 8 9 10 11 12 13 14 15 16 17 18 20 21 22 23 24 25 26 27 28 29 30 31 32 33 34 35 36 37 38,01 Dec 12:45 | 01 Jan 15:00 | 01 Oct 20:00 | 01 Sep 12:45 | 02 Feb 15:00 | 02 Mar 15:00 | 03 Nov 17:30 | 06 Oct 17:30 | 07 Apr 15:00 | 08 May 19:45 | 09 Dec 16:00 | 09 Feb 15:00 | 11 May 12:45 | 11 Nov 15:00 | 15 Sep 12:45 | 16 Dec 16:00 | 16 Jan 19:45 | 17 Apr 20:00 | 17 Mar 16:00 | 19 May 16:00 | 19 Nov 20:00 | 20 Jan 13:30 | 20 Oct 15:00 | 21 Apr 16:00 | 21 March 20:00 | 22 Aug 19:45 | 22 Dec 15:00 | 22 Sep 15:00 | 24 Feb 13:30 | 25 Aug 17:30 | 25 Nov 16:00 | 27 Oct 15:00 | 28 Apr 15:00 | 28 Nov 20:00 | 29 Dec 15:00 | 30 Jan 20:00 | 30 Mar 15:00
Younes Kaboul,,38,180,0,2,1 2 3 4 5 6 7 8 9 10 11 12 13 14 15 16 17 18 19 20 21 22 23 24 25 26 27 28 29 30 31 32 34 35 36 37 38,01 Dec 15:00 | 01 Jan 15:00 | 01 Sep 15:00 | 03 Feb 13:30 | 03 Mar 16:00 | 03 Nov 15:00 | 07 Apr 14:05 | 07 Oct 15:00 | 08 May 19:45 | 09 Dec 15:00 | 09 Feb 12:45 | 10 Mar 16:00 | 11 Nov 13:30 | 12 Jan 12:45 | 12 May 13:30 | 16 Dec 13:30 | 16 Sep 16:00 | 17 Mar 15:00 | 17 Nov 12:45 | 18 Aug 17:30 | 19 May 16:00 | 20 Jan 16:00 | 20 Oct 12:45 | 21 Apr 13:30 | 22 Aug. 20:00 | 22 Dec 15:00 | 23 Sep 16:00 | 25 Aug 15:00 | 25 Feb 20:00 | 25 Nov 16:00 | 26 Dec 17:30 | 27 Apr 15:00 | 28 Nov 19:45 | 28 Oct 15:00 | 29 Dec 12:45 | 29 Sep 17:30 | 30 Jan 19:45 | 30 Mar 15:00
Youssouf Mulumbu,,39,2587,2,80,1 2 3 4 5 6 7 8 9 10 11 12 13 14 15 16 17 18 19 20 21 22 23 24 25 26 27 28 29 30 31 32 33 34 35 36 37 38,01 Dec 15:00 | 01 Jan 12:45 | 01 Sep 15:00 | 02 Mar 15:00 | 03 Feb 13:30 | 03 March 15:00 | 05 Nov 20:00 | 06 Apr 15:00 | 06 Oct 15:00 | 07 May 19:45 | 08 Dec 15:00 | 09 Mar 15:00 | 10 Nov 15:00 | 11 April 19:45 | 11 Feb 20:00 | 12 Jan 15:00 | 12 May 15:00 | 15 Sep 15:00 | 16 Dec 16:00 | 16 Mar 15:00 | 17 Nov 15:00 | 18 Aug 15:00 | 19 Jan 17:30 | 19 May 16:00 | 20 Apr 15:00 | 20 Oct 15:00 | 22 Dec 15:00 | 22 Sep 15:00 | 23 Feb 15:00 | 24 Nov 12:45 | 25 Aug 15:00 | 26 Dec 15:00 | 27 Apr 15:00 | 28 Nov 19:45 | 28 Oct 15:00 | 29 Dec 15:00 | 30 Jan 19:45 | 30 Mar 15:00 | 30 Sep 16:00
Yury Zhirkov,,1,0,0,0,29,21 March 19:45
Zat Knight,,2,180,0,4,3 17,20 Dec. 20:00 | 27 Aug. 17:30
Zoltan Gera,,39,1120,1,64,1 2 3 4 5 6 7 8 9 10 11 12 13 14 15 16 17 18 19 20 21 22 23 24 25 26 27 28 29 30 31 32 34 35 36 37 38,01 Dec 15:00 | 01 Jan 12:45 | 01 Jan. 12:30 | 01 Sep 15:00 | 02 Mar 15:00 | 03 Feb 13:30 | 05 Nov 20:00 | 06 Apr 15:00 | 06 Oct 15:00 | 07 May 19:45 | 08 Dec 15:00 | 09 Mar 15:00 | 10 Nov 15:00 | 11 Feb 20:00 | 12 Jan 15:00 | 12 May 15:00 | 15 Sep 15:00 | 16 Dec 16:00 | 16 Mar 15:00 | 17 March 15:00 | 17 Nov 15:00 | 18 Aug 15:00 | 19 Jan 17:30 | 19 May 16:00 | 20 Apr 15:00 | 20 Oct 15:00 | 22 Dec 15:00 | 22 Sep 15:00 | 23 Feb 15:00 | 24 Nov 12:45 | 25 Aug 15:00 | 26 Dec 15:00 | 27 Apr 15:00 | 28 Nov 19:45 | 28 Oct 15:00 | 29 Dec 15:00 | 30 Jan 19:45 | 30 Mar 15:00 | 30 Sep 16:00
