yellow_cards,net_transfers,last_name,goals_conceded,saves,result,team_name_1,index,first_name,own_goals,minutes_played,EA_Spots_PPI,week,bonus,clean_sheets,assists,date,penalties_saved,penalties missed,value,points,position,red_cards,goals_scored
0,-2642,Bogdan,0,0,LIV(A) 1-3,Bolton,703,Adam,0,0,0,3,0,0,0,27 Aug. 17:30,0,0,40,0,Goalkeeper,0,0
0,1732,Bogdan,0,0,BLA(A) 2-1,Bolton,7017,Adam,0,0,0,17,0,0,0,20 Dec. 20:00,0,0,39,0,Goalkeeper,0,0
0,-1125,Cole A,2,0,MCI(A) 1-2,Chelsea,9729,Ashley,0,90,7,29,0,0,0,21 March 19:45,0,0,71,1,Defender,0,0
0,-185,Alex,0,0,MCI(A) 1-2,Chelsea,9829,,0,0,0,29,0,0,0,21 March 19:45,0,0,54,0,Defender,0,0
0,-1,Forshaw,0,0,ARS(H) 0-1,Everton,12029,Adam,0,0,0,29,0,0,0,21 March 20:00,0,0,44,0,Midfielder,0,0
0,-146,Vellios,0,0,ARS(H) 0-1,Everton,12929,Apostolos,0,0,0,29,0,0,0,21 March 20:00,0,0,44,0,Forward,0,0
0,-452,Hughes,0,0,SWA(H) 0-3,Fulham,14129,Aaron,0,0,0,29,0,0,0,17 March 15:00,0,0,45,0,Defender,0,0
0,964,Johnson A,0,0,WOL(H) 5-0,Fulham,15427,Andrew,0,90,32,27,1,1,2,04 March 14:05,0,0,47,9,Forward,0,0
0,-543,Carroll,2,0,QPR(A) 2-3,Liverpool,18029,Andy,0,9,1,29,0,0,0,21 March 20:00,0,0,91,1,Forward,0,0
0,-2481,Kolarov,0,0,CHE(H) 2-1,Man City,18529,Aleksandar,0,0,0,29,0,0,0,21 March 19:45,0,0,61,0,Defender,0,0
0,-1516,Johnson,0,0,CHE(H) 2-1,Man City,20029,Adam,0,0,0,29,0,0,0,21 March 19:45,0,0,70,0,Midfielder,0,0
0,-3004,Lindegaard,0,0,WOL(A) 5-0,Man Utd,20729,Anders,0,0,0,29,0,0,0,18 March 13:30,0,0,42,0,Goalkeeper,0,0
0,486,Valencia,0,0,WOL(A) 5-0,Man Utd,21729,Antonio,0,90,47,29,2,1,2,18 March 13:30,0,0,75,16,Midfielder,0,1
0,0,Begovic,1,3,NOR(A) 1-1,Stoke City,3092,Asmir,0,90,10,2,0,0,0,21 Aug. 13:30,0,0,50,3,Goalkeeper,0,0
0,-2276,Begovic,0,4,WBA(A) 1-0,Stoke City,3093,Asmir,0,90,20,3,0,1,0,28 Aug. 15:00,0,0,50,7,Goalkeeper,0,0
0,0,Wilkinson,0,0,NOR(A) 1-1,Stoke City,3142,Andy,0,0,0,2,0,0,0,21 Aug. 13:30,0,0,40,0,Defender,0,0
0,-2520,Wilkinson,0,0,WBA(A) 1-0,Stoke City,3143,Andy,0,54,12,3,0,0,0,28 Aug. 15:00,0,0,40,1,Defender,0,0
0,-12814,Ferdinand,0,0,SUN(H) 2-3,QPR,33917,Anton,0,0,0,17,0,0,0,21 Dec. 20:00,0,0,46,0,Defender,0,0
0,-1279,Elmohamady,0,0,QPR(A) 3-2,Sunderland,34917,Ahmed,0,0,0,17,0,0,0,21 Dec. 20:00,0,0,49,0,Midfielder,0,0
0,0,Lennon,3,0,MUN(A) 0-3,Tottenham,3972,Aaron,0,90,3,2,0,0,0,22 Aug. 20:00,0,0,75,2,Midfielder,0,0
0,-38,Meite,0,0,CHE(H) 1-0,West Brom,41627,Abdoulaye,0,0,0,27,0,0,0,03 March 15:00,0,0,40,0,Defender,0,0
0,-7,Meite,0,0,MCI(A) 0-4,West Brom,41633,Abdoulaye,0,0,0,33,0,0,0,11 April 19:45,0,0,40,0,Defender,0,0
0,-596,Al-Habsi,0,1,MUN(H) 1-0,Wigan,43533,Ali,0,90,18,33,0,1,0,11 April 19:45,0,0,45,6,Goalkeeper,0,0
0,0,Alcaraz,0,0,MUN(H) 1-0,Wigan,43633,Antolin,0,90,17,33,0,1,0,11 April 19:45,0,0,43,6,Defender,0,0
0,-84,Lopez,0,0,MUN(H) 1-0,Wigan,44233,Adrian,0,0,0,33,0,0,0,11 April 19:45,0,0,39,0,Defender,0,0
0,0,Hammil,0,0,ARS(H) 0-3,Wolves,46633,Adam,0,0,0,33,0,0,0,11 April 19:45,0,0,47,0,Midfielder,0,0
0,-1,Guedioura,0,0,ARS(H) 0-3,Wolves,46933,Adlene,0,0,0,33,0,0,0,11 April 19:45,0,0,49,0,Midfielder,0,0
0,-6,Keogh,0,0,ARS(H) 0-3,Wolves,47833,Andrew,0,0,0,33,0,0,0,11 April 19:45,0,0,44,0,Forward,0,0
0,20,Doni,2,0,BLA(A) 3-2,Liverpool,48433,Alexander,0,24,0,33,0,0,0,10 April 20:00,0,0,48,-3,Goalkeeper,1,0
0,-18,Aquilani,0,0,NEW(H) 3-1,Liverpool,50319,Alberto,0,0,0,19,0,0,0,30 Dec. 19:45,0,0,69,0,Midfielder,0,0
0,-7,Aquilani,0,0,QPR(A) 2-3,Liverpool,50329,Alberto,0,0,0,29,0,0,0,21 March 20:00,0,0,69,0,Midfielder,0,0
0,-3280,Chamberlain,0,0,EVE(A) 1-0,Arsenal,50929,Alex,0,0,0,29,0,0,0,21 March 20:00,0,0,60,0,Midfielder,0,0
0,-2,Henley,0,0,SUN(H) 2-0,Blackburn,51829,Adam,0,0,0,29,0,0,0,20 March 20:00,0,0,40,0,Defender,0,0
0,-3,Blakeman,0,0,BLA(A) 2-1,Bolton,53217,Adam,0,0,0,17,0,0,0,20 Dec. 20:00,0,0,45,0,Forward,0,0
0,-11,Townsend,0,0,MUN(H) 1-3,Tottenham,53727,Andros,0,0,0,27,0,0,0,04 March 16:10,0,0,50,0,Midfielder,0,0
0,-1,Townsend,0,0,NOR(H) 1-2,Tottenham,53733,Andros,0,0,0,33,0,0,0,09 April 15:00,0,0,50,0,Midfielder,0,0
0,-10,Crusat,0,0,LIV(H) 0-0,Wigan,55917,Albert,0,0,0,17,0,0,0,21 Dec. 20:00,0,0,48,0,Midfielder,0,0
0,-2,Razak,0,0,SUN(A) 0-1,Man City,57619,Abdul,0,0,0,19,0,0,0,01 Jan. 15:00,0,0,50,0,Midfielder,0,0
0,11,Razak,0,0,CHE(H) 2-1,Man City,57629,Abdul,0,0,0,29,0,0,0,21 March 19:45,0,0,50,0,Midfielder,0,0
0,2,Weimann,0,0,ARS(H) 1-2,Aston Villa,58817,Andreas,0,0,0,17,0,0,0,21 Dec. 19:45,0,0,50,0,Forward,0,0
0,5,Kacaniklic,0,0,SWA(H) 0-3,Fulham,59829,Alex,0,0,0,29,0,0,0,17 March 15:00,0,0,45,0,Midfielder,0,0
0,0,Linganzi,0,0,MUN(A) 3-2,Blackburn,61819,Amine,0,0,0,19,0,0,0,31 Dec. 12:45,0,0,45,0,Midfielder,0,0
0,-4,Linganzi,0,0,SUN(H) 2-0,Blackburn,61829,Amine,0,0,0,29,0,0,0,20 March 20:00,0,0,45,0,Midfielder,0,0
0,-26,Modeste,0,0,AVL(H) 1-1,Blackburn,63227,Anthony,0,0,0,27,0,0,0,03 March 15:00,0,0,50,0,Forward,0,0
0,-4,Modeste,0,0,LIV(H) 2-3,Blackburn,63233,Anthony,0,0,0,33,0,0,0,10 April 20:00,0,0,49,0,Forward,0,0
0,0,Arshavin,0,0,SUN(H) 0-0,Arsenal,141,Andrey,0,14,3,1,0,0,0,18 Aug 15:00,0,0,70,1,Midfielder,0,0
0,-3589,Arshavin,0,0,STK(A) 0-0,Arsenal,142,Andrey,0,0,0,2,0,0,0,26 Aug 13:30,0,0,70,0,Midfielder,0,0
0,-5084,Arshavin,0,0,LIV(A) 2-0,Arsenal,143,Andrey,0,0,0,3,0,0,0,02 Sep 13:30,0,0,69,0,Midfielder,0,0
0,-3583,Arshavin,0,0,SOU(H) 6-1,Arsenal,144,Andrey,0,0,0,4,0,0,0,15 Sep 15:00,0,0,68,0,Midfielder,0,0
0,-1658,Arshavin,0,0,MCI(A) 1-1,Arsenal,145,Andrey,0,0,0,5,0,0,0,23 Sep 16:00,0,0,68,0,Midfielder,0,0
0,-1194,Arshavin,0,0,CHE(H) 1-2,Arsenal,146,Andrey,0,0,0,6,0,0,0,29 Sep 12:45,0,0,67,0,Midfielder,0,0
0,-873,Arshavin,0,0,WHU(A) 3-1,Arsenal,147,Andrey,0,0,0,7,0,0,0,06 Oct 17:30,0,0,67,0,Midfielder,0,0
0,-672,Arshavin,0,0,NOR(A) 0-1,Arsenal,148,Andrey,0,17,1,8,0,0,0,20 Oct 17:30,0,0,67,1,Midfielder,0,0
0,-281,Arshavin,0,0,QPR(H) 1-0,Arsenal,149,Andrey,0,10,-5,9,0,0,0,27 Oct 15:00,0,0,66,1,Midfielder,0,0
1,-234,Arshavin,0,0,MUN(A) 1-2,Arsenal,1410,Andrey,0,10,6,10,0,0,1,03 Nov 12:45,0,0,66,3,Midfielder,0,0
0,-54,Arshavin,0,0,NEW(H) 7-3,Arsenal,1420,Andrey,0,0,0,20,0,0,0,29 Dec 17:30,0,0,65,0,Midfielder,0,0
0,-28,Arshavin,0,0,SWA(A) 2-0,Arsenal,1430,Andrey,0,0,0,30,0,0,0,16 Mar 15:00,0,0,65,0,Midfielder,0,0
0,0,Song,0,0,SUN(H) 0-0,Arsenal,161,Alex,0,0,0,1,0,0,0,18 Aug 15:00,0,0,65,0,Midfielder,0,0
0,-108401,Song,0,0,STK(A) 0-0,Arsenal,162,Alex,0,0,0,2,0,0,0,26 Aug 13:30,0,0,64,0,Midfielder,0,0
0,-28232,Song,0,0,LIV(A) 2-0,Arsenal,163,Alex,0,0,0,3,0,0,0,02 Sep 13:30,0,0,64,0,Midfielder,0,0
0,-9144,Song,0,0,SOU(H) 6-1,Arsenal,164,Alex,0,0,0,4,0,0,0,15 Sep 15:00,0,0,64,0,Midfielder,0,0
0,-2084,Song,0,0,MCI(A) 1-1,Arsenal,165,Alex,0,0,0,5,0,0,0,23 Sep 16:00,0,0,64,0,Midfielder,0,0
0,-1237,Song,0,0,CHE(H) 1-2,Arsenal,166,Alex,0,0,0,6,0,0,0,29 Sep 12:45,0,0,64,0,Midfielder,0,0
0,-796,Song,0,0,WHU(A) 3-1,Arsenal,167,Alex,0,0,0,7,0,0,0,06 Oct 17:30,0,0,64,0,Midfielder,0,0
0,-694,Song,0,0,NOR(A) 0-1,Arsenal,168,Alex,0,0,0,8,0,0,0,20 Oct 17:30,0,0,64,0,Midfielder,0,0
0,-295,Song,0,0,QPR(H) 1-0,Arsenal,169,Alex,0,0,0,9,0,0,0,27 Oct 15:00,0,0,64,0,Midfielder,0,0
0,-264,Song,0,0,MUN(A) 1-2,Arsenal,1610,Alex,0,0,0,10,0,0,0,03 Nov 12:45,0,0,64,0,Midfielder,0,0
0,-61,Song,0,0,NEW(H) 7-3,Arsenal,1620,Alex,0,0,0,20,0,0,0,29 Dec 17:30,0,0,64,0,Midfielder,0,0
0,-28,Song,0,0,SWA(A) 2-0,Arsenal,1630,Alex,0,0,0,30,0,0,0,16 Mar 15:00,0,0,64,0,Midfielder,0,0
0,0,Ramsey,0,0,SUN(H) 0-0,Arsenal,181,Aaron,0,22,4,1,0,0,0,18 Aug 15:00,0,0,60,1,Midfielder,0,0
0,-24128,Ramsey,0,0,STK(A) 0-0,Arsenal,182,Aaron,0,10,-3,2,0,0,0,26 Aug 13:30,0,0,60,1,Midfielder,0,0
0,-31389,Ramsey,0,0,LIV(A) 2-0,Arsenal,183,Aaron,0,19,3,3,0,0,0,02 Sep 13:30,0,0,59,1,Midfielder,0,0
0,-21282,Ramsey,0,0,SOU(H) 6-1,Arsenal,184,Aaron,0,24,3,4,0,0,1,15 Sep 15:00,0,0,58,4,Midfielder,0,0
0,-7322,Ramsey,1,0,MCI(A) 1-1,Arsenal,185,Aaron,0,90,11,5,0,0,0,23 Sep 16:00,0,0,57,2,Midfielder,0,0
1,-4603,Ramsey,2,0,CHE(H) 1-2,Arsenal,186,Aaron,0,65,-1,6,0,0,0,29 Sep 12:45,0,0,57,1,Midfielder,0,0
0,-3392,Ramsey,1,0,WHU(A) 3-1,Arsenal,187,Aaron,0,90,10,7,0,0,0,06 Oct 17:30,0,0,56,2,Midfielder,0,0
0,-2240,Ramsey,1,0,NOR(A) 0-1,Arsenal,188,Aaron,0,82,8,8,0,0,0,20 Oct 17:30,0,0,56,2,Midfielder,0,0
0,-1629,Ramsey,0,0,QPR(H) 1-0,Arsenal,189,Aaron,0,90,21,9,1,1,1,27 Oct 15:00,0,0,56,7,Midfielder,0,0
0,-1223,Ramsey,1,0,MUN(A) 1-2,Arsenal,1810,Aaron,0,51,3,10,0,0,0,03 Nov 12:45,0,0,56,1,Midfielder,0,0
0,-974,Ramsey,0,0,NEW(H) 7-3,Arsenal,1820,Aaron,0,9,2,20,0,0,0,29 Dec 17:30,0,0,54,1,Midfielder,0,0
0,79,Ramsey,0,0,SWA(A) 2-0,Arsenal,1830,Aaron,0,20,11,30,0,0,1,16 Mar 15:00,0,0,54,4,Midfielder,0,0
0,0,Chamberlain,0,0,SUN(H) 0-0,Arsenal,211,Alex,0,0,0,1,0,0,0,18 Aug 15:00,0,0,75,0,Midfielder,0,0
0,-3711,Chamberlain,0,0,STK(A) 0-0,Arsenal,212,Alex,0,19,0,2,0,0,0,26 Aug 13:30,0,0,75,1,Midfielder,0,0
0,-1731,Chamberlain,0,0,LIV(A) 2-0,Arsenal,213,Alex,0,71,12,3,0,1,0,02 Sep 13:30,0,0,75,3,Midfielder,0,0
0,-363,Chamberlain,1,0,SOU(H) 6-1,Arsenal,214,Alex,0,90,9,4,0,0,0,15 Sep 15:00,0,0,74,2,Midfielder,0,0
0,-782,Chamberlain,0,0,MCI(A) 1-1,Arsenal,215,Alex,0,0,0,5,0,0,0,23 Sep 16:00,0,0,74,0,Midfielder,0,0
0,-1288,Chamberlain,2,0,CHE(H) 1-2,Arsenal,216,Alex,0,74,8,6,0,0,1,29 Sep 12:45,0,0,74,5,Midfielder,0,0
0,-362,Chamberlain,0,0,WHU(A) 3-1,Arsenal,217,Alex,0,0,0,7,0,0,0,06 Oct 17:30,0,0,74,0,Midfielder,0,0
0,-118,Chamberlain,0,0,NOR(A) 0-1,Arsenal,218,Alex,0,9,0,8,0,0,0,20 Oct 17:30,0,0,73,1,Midfielder,0,0
0,-1463,Chamberlain,0,0,QPR(H) 1-0,Arsenal,219,Alex,0,0,0,9,0,0,0,27 Oct 15:00,0,0,73,0,Midfielder,0,0
0,-988,Chamberlain,0,0,MUN(A) 1-2,Arsenal,2110,Alex,0,0,0,10,0,0,0,03 Nov 12:45,0,0,72,0,Midfielder,0,0
0,172,Chamberlain,3,0,NEW(H) 7-3,Arsenal,2120,Alex,0,73,25,20,0,0,0,29 Dec 17:30,0,0,72,7,Midfielder,0,1
0,-79,Chamberlain,0,0,SWA(A) 2-0,Arsenal,2130,Alex,0,70,0,30,0,1,0,16 Mar 15:00,0,0,69,3,Midfielder,0,0
0,0,Marshall,0,0,WHU(A) 0-1,Aston Villa,331,Andy,0,0,0,1,0,0,0,18 Aug 15:00,0,0,45,0,Goalkeeper,0,0
0,-77,Marshall,0,0,EVE(H) 1-3,Aston Villa,332,Andy,0,0,0,2,0,0,0,25 Aug 15:00,0,0,45,0,Goalkeeper,0,0
0,-70,Marshall,0,0,NEW(A) 1-1,Aston Villa,333,Andy,0,0,0,3,0,0,0,02 Sep 16:00,0,0,45,0,Goalkeeper,0,0
0,-92,Marshall,0,0,SWA(H) 2-0,Aston Villa,334,Andy,0,0,0,4,0,0,0,15 Sep 15:00,0,0,45,0,Goalkeeper,0,0
0,-61,Marshall,0,0,SOU(A) 1-4,Aston Villa,335,Andy,0,0,0,5,0,0,0,22 Sep 15:00,0,0,45,0,Goalkeeper,0,0
0,-36,Marshall,0,0,WBA(H) 1-1,Aston Villa,336,Andy,0,0,0,6,0,0,0,30 Sep 16:00,0,0,45,0,Goalkeeper,0,0
0,-13,Marshall,0,0,TOT(A) 0-2,Aston Villa,337,Andy,0,0,0,7,0,0,0,07 Oct 15:00,0,0,44,0,Goalkeeper,0,0
0,24,Marshall,0,0,FUL(A) 0-1,Aston Villa,338,Andy,0,0,0,8,0,0,0,20 Oct 15:00,0,0,44,0,Goalkeeper,0,0
0,-9,Marshall,0,0,NOR(H) 1-1,Aston Villa,339,Andy,0,0,0,9,0,0,0,27 Oct 12:45,0,0,44,0,Goalkeeper,0,0
0,-37,Marshall,0,0,SUN(A) 1-0,Aston Villa,3310,Andy,0,0,0,10,0,0,0,03 Nov 15:00,0,0,44,0,Goalkeeper,0,0
0,-24,Marshall,0,0,MCI(A) 0-5,Aston Villa,3312,Andy,0,0,0,12,0,0,0,17 Nov 15:00,0,0,44,0,Goalkeeper,0,0
0,-16,Marshall,0,0,ARS(H) 0-0,Aston Villa,3313,Andy,0,0,0,13,0,0,0,24 Nov 17:30,0,0,44,0,Goalkeeper,0,0
0,-9,Marshall,0,0,WIG(H) 0-3,Aston Villa,3320,Andy,0,0,0,20,0,0,0,29 Dec 15:00,0,0,44,0,Goalkeeper,0,0
0,-21,Marshall,0,0,SOU(H) 0-1,Aston Villa,3322,Andy,0,0,0,22,0,0,0,12 Jan 15:00,0,0,44,0,Goalkeeper,0,0
0,-18,Marshall,0,0,WBA(A) 2-2,Aston Villa,3323,Andy,0,0,0,23,0,0,0,19 Jan 17:30,0,0,43,0,Goalkeeper,0,0
0,-2,Marshall,0,0,QPR(H) 3-2,Aston Villa,3330,Andy,0,0,0,30,0,0,0,16 Mar 15:00,0,0,43,0,Goalkeeper,0,0
0,0,Hutton,0,0,WHU(A) 0-1,Aston Villa,401,Alan,0,0,0,1,0,0,0,18 Aug 15:00,0,0,45,0,Defender,0,0
0,-3626,Hutton,0,0,EVE(H) 1-3,Aston Villa,402,Alan,0,0,0,2,0,0,0,25 Aug 15:00,0,0,45,0,Defender,0,0
0,-5068,Hutton,0,0,NEW(A) 1-1,Aston Villa,403,Alan,0,0,0,3,0,0,0,02 Sep 16:00,0,0,44,0,Defender,0,0
0,-3059,Hutton,0,0,SWA(H) 2-0,Aston Villa,404,Alan,0,0,0,4,0,0,0,15 Sep 15:00,0,0,43,0,Defender,0,0
0,-1715,Hutton,0,0,SOU(A) 1-4,Aston Villa,405,Alan,0,0,0,5,0,0,0,22 Sep 15:00,0,0,43,0,Defender,0,0
0,-1242,Hutton,0,0,WBA(H) 1-1,Aston Villa,406,Alan,0,0,0,6,0,0,0,30 Sep 16:00,0,0,42,0,Defender,0,0
0,-790,Hutton,0,0,TOT(A) 0-2,Aston Villa,407,Alan,0,0,0,7,0,0,0,07 Oct 15:00,0,0,42,0,Defender,0,0
0,-692,Hutton,0,0,FUL(A) 0-1,Aston Villa,408,Alan,0,0,0,8,0,0,0,20 Oct 15:00,0,0,42,0,Defender,0,0
0,-542,Hutton,0,0,NOR(H) 1-1,Aston Villa,409,Alan,0,0,0,9,0,0,0,27 Oct 12:45,0,0,42,0,Defender,0,0
0,-483,Hutton,0,0,SUN(A) 1-0,Aston Villa,4010,Alan,0,0,0,10,0,0,0,03 Nov 15:00,0,0,41,0,Defender,0,0
0,-381,Hutton,0,0,MCI(A) 0-5,Aston Villa,4012,Alan,0,0,0,12,0,0,0,17 Nov 15:00,0,0,41,0,Defender,0,0
0,-206,Hutton,0,0,WIG(H) 0-3,Aston Villa,4020,Alan,0,0,0,20,0,0,0,29 Dec 15:00,0,0,40,0,Defender,0,0
0,-342,Hutton,0,0,SOU(H) 0-1,Aston Villa,4022,Alan,0,0,0,22,0,0,0,12 Jan 15:00,0,0,40,0,Defender,0,0
0,-55,Hutton,0,0,QPR(H) 3-2,Aston Villa,4030,Alan,0,0,0,30,0,0,0,16 Mar 15:00,0,0,40,0,Defender,0,0
0,-33,Hutton,0,0,STK(A) 3-1,Aston Villa,4032,Alan,0,0,0,32,0,0,0,06 Apr 15:00,0,0,40,0,Defender,0,0
0,0,Weimann,0,0,WHU(A) 0-1,Aston Villa,611,Andreas,0,30,1,1,0,0,0,18 Aug 15:00,0,0,55,1,Forward,0,0
0,-137,Weimann,0,0,EVE(H) 1-3,Aston Villa,612,Andreas,0,21,-4,2,0,0,0,25 Aug 15:00,0,0,55,1,Forward,0,0
0,-112,Weimann,1,0,NEW(A) 1-1,Aston Villa,613,Andreas,0,63,10,3,0,0,0,02 Sep 16:00,0,0,54,2,Forward,0,0
0,-43,Weimann,0,0,SWA(H) 2-0,Aston Villa,614,Andreas,0,70,2,4,0,1,0,15 Sep 15:00,0,0,54,2,Forward,0,0
0,35,Weimann,0,0,SOU(A) 1-4,Aston Villa,615,Andreas,0,0,0,5,0,0,0,22 Sep 15:00,0,0,54,0,Forward,0,0
0,-113,Weimann,0,0,WBA(H) 1-1,Aston Villa,616,Andreas,0,0,0,6,0,0,0,30 Sep 16:00,0,0,54,0,Forward,0,0
0,-106,Weimann,0,0,TOT(A) 0-2,Aston Villa,617,Andreas,0,0,0,7,0,0,0,07 Oct 15:00,0,0,53,0,Forward,0,0
0,-71,Weimann,0,0,FUL(A) 0-1,Aston Villa,618,Andreas,0,0,0,8,0,0,0,20 Oct 15:00,0,0,53,0,Forward,0,0
0,-39,Weimann,1,0,NOR(H) 1-1,Aston Villa,619,Andreas,0,15,1,9,0,0,0,27 Oct 12:45,0,0,52,1,Forward,0,0
0,-32,Weimann,0,0,SUN(A) 1-0,Aston Villa,6110,Andreas,0,84,25,10,2,1,0,03 Nov 15:00,0,0,52,4,Forward,0,0
0,22,Weimann,2,0,MUN(H) 2-3,Aston Villa,6111,Andreas,0,79,40,11,2,0,0,10 Nov 17:30,0,0,52,12,Forward,0,2
0,2839,Weimann,2,0,MCI(A) 0-5,Aston Villa,6112,Andreas,0,61,-2,12,0,0,0,17 Nov 15:00,0,0,52,2,Forward,0,0
0,790,Weimann,0,0,ARS(H) 0-0,Aston Villa,6113,Andreas,0,89,11,13,0,1,0,24 Nov 17:30,0,0,52,2,Forward,0,0
0,1370,Weimann,0,0,RDG(H) 1-0,Aston Villa,6114,Andreas,0,67,4,14,0,1,0,27 Nov 20:00,0,0,52,2,Forward,0,0
0,545,Weimann,0,0,QPR(A) 1-1,Aston Villa,6115,Andreas,0,0,0,15,0,0,0,01 Dec 15:00,0,0,52,0,Forward,0,0
1,-2046,Weimann,3,0,WIG(H) 0-3,Aston Villa,6120,Andreas,0,90,1,20,0,0,0,29 Dec 15:00,0,0,52,1,Forward,0,0
1,-640,Weimann,2,0,SWA(A) 2-2,Aston Villa,6121,Andreas,0,90,33,21,3,0,1,01 Jan 15:00,0,0,52,11,Forward,0,1
1,5779,Weimann,1,0,SOU(H) 0-1,Aston Villa,6122,Andreas,0,90,7,22,0,0,0,12 Jan 15:00,0,0,52,1,Forward,0,0
0,-672,Weimann,0,0,WBA(A) 2-2,Aston Villa,6123,Andreas,0,0,0,23,0,0,0,19 Jan 17:30,0,0,52,0,Forward,0,0
0,-723,Weimann,0,0,NEW(H) 1-2,Aston Villa,6124,Andreas,0,45,11,24,0,0,0,29 Jan 19:45,0,0,52,1,Forward,0,0
0,-1892,Weimann,3,0,EVE(A) 3-3,Aston Villa,6125,Andreas,0,90,-9,25,0,0,0,02 Feb 15:00,0,0,51,2,Forward,0,0
0,-115,Weimann,0,0,WHU(H) 2-1,Aston Villa,6126,Andreas,0,63,6,26,0,1,0,10 Feb 13:30,0,0,51,2,Forward,0,0
1,5856,Weimann,2,0,QPR(H) 3-2,Aston Villa,6130,Andreas,0,83,43,30,3,0,1,16 Mar 15:00,0,0,50,11,Forward,0,1
0,7779,Weimann,2,0,LIV(H) 1-2,Aston Villa,6131,Andreas,0,61,-4,31,0,0,0,31 Mar 13:30,0,0,50,2,Forward,0,0
0,-869,Weimann,1,0,STK(A) 3-1,Aston Villa,6132,Andreas,0,84,9,32,0,0,0,06 Apr 15:00,0,0,50,2,Forward,0,0
0,-1714,Weimann,1,0,FUL(H) 1-1,Aston Villa,6133,Andreas,0,75,13,33,0,0,1,13 Apr 15:00,0,0,50,5,Forward,0,0
0,-869,Weimann,3,0,MUN(A) 0-3,Aston Villa,6134,Andreas,0,90,4,34,0,0,0,22 Apr 20:00,0,0,50,2,Forward,0,0
0,3424,Weimann,1,0,SUN(H) 6-1,Aston Villa,6135,Andreas,0,90,39,35,1,0,0,29 Apr 20:00,0,0,50,7,Forward,0,1
0,2176,Weimann,1,0,NOR(A) 2-1,Aston Villa,6136,Andreas,0,90,13,36,0,0,0,04 May 15:00,0,0,51,2,Forward,0,0
0,243,Weimann,2,0,CHE(H) 1-2,Aston Villa,6137,Andreas,0,90,3,37,0,0,0,11 May 12:45,0,0,51,2,Forward,0,0
0,0,Cole A,2,0,RDG(H) 4-2,Chelsea,721,Ashley,0,90,23,1,0,0,1,22 Aug 19:45,0,0,65,4,Defender,0,0
0,-6935,Cole A,0,0,NEW(H) 2-0,Chelsea,722,Ashley,0,90,20,2,0,1,0,25 Aug 17:30,0,0,65,6,Defender,0,0
0,-28988,Cole A,0,0,QPR(A) 0-0,Chelsea,724,Ashley,0,90,14,4,2,1,0,15 Sep 15:00,0,0,65,8,Defender,0,0
0,19303,Cole A,0,0,STK(H) 1-0,Chelsea,725,Ashley,0,90,28,5,3,1,0,22 Sep 15:00,0,0,65,15,Defender,0,1
0,47189,Cole A,1,0,ARS(A) 2-1,Chelsea,726,Ashley,0,90,14,6,0,0,0,29 Sep 12:45,0,0,66,2,Defender,0,0
0,45516,Cole A,1,0,NOR(H) 4-1,Chelsea,727,Ashley,0,90,5,7,0,0,0,06 Oct 15:00,0,0,67,2,Defender,0,0
0,-948,Cole A,2,0,TOT(A) 4-2,Chelsea,728,Ashley,0,90,13,8,0,0,0,20 Oct 12:45,0,0,67,1,Defender,0,0
0,-8726,Cole A,3,0,MUN(H) 2-3,Chelsea,729,Ashley,0,90,8,9,0,0,0,28 Oct 16:00,0,0,67,1,Defender,0,0
0,-13172,Cole A,1,0,SWA(A) 1-1,Chelsea,7210,Ashley,0,90,5,10,0,0,0,03 Nov 15:00,0,0,67,2,Defender,0,0
0,-55305,Cole A,0,0,LIV(H) 1-1,Chelsea,7211,Ashley,0,0,0,11,0,0,0,11 Nov 16:00,0,0,67,0,Defender,0,0
0,-53339,Cole A,0,0,WBA(A) 1-2,Chelsea,7212,Ashley,0,0,0,12,0,0,0,17 Nov 15:00,0,0,66,0,Defender,0,0
0,-18033,Cole A,0,0,MCI(H) 0-0,Chelsea,7213,Ashley,0,90,5,13,0,1,0,25 Nov 16:00,0,0,65,6,Defender,0,0
0,11165,Cole A,0,0,FUL(H) 0-0,Chelsea,7214,Ashley,0,90,10,14,0,1,0,28 Nov 19:45,0,0,65,6,Defender,0,0
0,21794,Cole A,3,0,WHU(A) 1-3,Chelsea,7215,Ashley,0,90,9,15,0,0,0,01 Dec 12:45,0,0,65,1,Defender,0,0
0,647,Cole A,1,0,SUN(A) 3-1,Chelsea,7216,Ashley,0,90,25,16,0,0,0,08 Dec 15:00,0,0,66,2,Defender,0,0
0,-35,Cole A,0,0,AVL(H) 8-0,Chelsea,7218,Ashley,0,90,14,18,0,1,0,23 Dec 16:00,0,0,65,6,Defender,0,0
0,-267,Cole A,0,0,NOR(A) 1-0,Chelsea,7219,Ashley,0,90,15,19,0,1,0,26 Dec 15:00,0,0,65,6,Defender,0,0
1,1194,Cole A,1,0,EVE(A) 2-1,Chelsea,7220,Ashley,0,90,14,20,0,0,0,30 Dec 13:30,0,0,65,1,Defender,0,0
0,1204,Cole A,0,0,QPR(H) 0-1,Chelsea,7221,Ashley,0,0,0,21,0,0,0,02 Jan 19:45,0,0,65,0,Defender,0,0
0,-10218,Cole A,2,0,SOU(H) 2-2,Chelsea,7222,Ashley,0,90,6,22,0,0,0,16 Jan 19:45,0,0,65,1,Defender,0,0
1,-11687,Cole A,1,0,ARS(H) 2-1,Chelsea,7223,Ashley,0,90,17,23,0,0,0,20 Jan 13:30,0,0,65,1,Defender,0,0
0,-6646,Cole A,2,0,RDG(A) 2-2,Chelsea,7224,Ashley,0,90,-2,24,0,0,0,30 Jan 20:00,0,0,65,1,Defender,0,0
1,-11479,Cole A,3,0,NEW(A) 2-3,Chelsea,7225,Ashley,0,90,11,25,0,0,1,02 Feb 15:00,0,0,65,3,Defender,0,0
0,-7892,Cole A,1,0,WIG(H) 4-1,Chelsea,7226,Ashley,0,90,14,26,0,0,0,09 Feb 15:00,0,0,65,2,Defender,0,0
0,-8033,Cole A,2,0,MCI(A) 0-2,Chelsea,7227,Ashley,0,90,6,27,0,0,0,24 Feb 13:30,0,0,65,1,Defender,0,0
0,-5711,Cole A,0,0,WBA(H) 1-0,Chelsea,7228,Ashley,0,90,21,28,1,1,0,02 Mar 15:00,0,0,65,7,Defender,0,0
0,-646,Cole A,0,0,WHU(H) 2-0,Chelsea,7230,Ashley,0,90,20,30,0,1,0,17 Mar 16:00,0,0,64,6,Defender,0,0
0,1999,Cole A,0,0,SOU(A) 1-2,Chelsea,7231,Ashley,0,0,0,31,0,0,0,30 Mar 15:00,0,0,64,0,Defender,0,0
0,-37346,Cole A,0,0,SUN(H) 2-1,Chelsea,7232,Ashley,0,0,0,32,0,0,0,07 Apr 15:00,0,0,64,0,Defender,0,0
0,-20142,Cole A,0,0,FUL(A) 3-0,Chelsea,7233,Ashley,0,0,0,33,0,0,0,17 Apr 20:00,0,0,63,0,Defender,0,0
0,-6939,Cole A,0,0,LIV(A) 2-2,Chelsea,7234,Ashley,0,0,0,34,0,0,0,21 Apr 16:00,0,0,63,0,Defender,0,0
0,-3886,Cole A,0,0,SWA(H) 2-0,Chelsea,7235,Ashley,0,90,17,35,0,1,0,28 Apr 15:00,0,0,63,6,Defender,0,0
0,2103,Cole A,2,0,TOT(H) 2-2,Chelsea,7236,Ashley,0,90,6,36,0,0,0,08 May 19:45,0,0,63,1,Defender,0,0
0,1643,Cole A,1,0,AVL(A) 2-1,Chelsea,7237,Ashley,0,90,14,37,0,0,0,11 May 12:45,0,0,63,2,Defender,0,0
0,615,Cole A,1,0,EVE(H) 2-1,Chelsea,7238,Ashley,0,90,14,38,0,0,0,19 May 16:00,0,0,63,2,Defender,0,0
0,0,Forshaw,0,0,MUN(H) 1-0,Everton,1011,Adam,0,0,0,1,0,0,0,20 Aug 20:00,0,0,45,0,Midfielder,0,0
0,-178,Forshaw,0,0,AVL(A) 3-1,Everton,1012,Adam,0,0,0,2,0,0,0,25 Aug 15:00,0,0,45,0,Midfielder,0,0
0,-207,Forshaw,0,0,WBA(A) 0-2,Everton,1013,Adam,0,0,0,3,0,0,0,01 Sep 15:00,0,0,45,0,Midfielder,0,0
0,-100,Forshaw,0,0,NEW(H) 2-2,Everton,1014,Adam,0,0,0,4,0,0,0,17 Sep 20:00,0,0,45,0,Midfielder,0,0
0,-41,Forshaw,0,0,SWA(A) 3-0,Everton,1015,Adam,0,0,0,5,0,0,0,22 Sep 12:45,0,0,45,0,Midfielder,0,0
0,-36,Forshaw,0,0,SOU(H) 3-1,Everton,1016,Adam,0,0,0,6,0,0,0,29 Sep 15:00,0,0,45,0,Midfielder,0,0
0,-15,Forshaw,0,0,WIG(A) 2-2,Everton,1017,Adam,0,0,0,7,0,0,0,06 Oct 15:00,0,0,45,0,Midfielder,0,0
0,-18,Forshaw,0,0,QPR(A) 1-1,Everton,1018,Adam,0,0,0,8,0,0,0,21 Oct 16:00,0,0,45,0,Midfielder,0,0
0,-12,Forshaw,0,0,LIV(H) 2-2,Everton,1019,Adam,0,0,0,9,0,0,0,28 Oct 13:30,0,0,45,0,Midfielder,0,0
0,-14,Forshaw,0,0,FUL(A) 2-2,Everton,10110,Adam,0,0,0,10,0,0,0,03 Nov 15:00,0,0,45,0,Midfielder,0,0
0,-6,Forshaw,0,0,SUN(H) 2-1,Everton,10111,Adam,0,0,0,11,0,0,0,10 Nov 15:00,0,0,45,0,Midfielder,0,0
0,-14,Forshaw,0,0,RDG(A) 1-2,Everton,10112,Adam,0,0,0,12,0,0,0,17 Nov 15:00,0,0,45,0,Midfielder,0,0
0,-8,Forshaw,0,0,NOR(H) 1-1,Everton,10113,Adam,0,0,0,13,0,0,0,24 Nov 15:00,0,0,45,0,Midfielder,0,0
0,-3,Forshaw,0,0,ARS(H) 1-1,Everton,10114,Adam,0,0,0,14,0,0,0,28 Nov 19:45,0,0,45,0,Midfielder,0,0
0,-4,Forshaw,0,0,MCI(A) 1-1,Everton,10115,Adam,0,0,0,15,0,0,0,01 Dec 15:00,0,0,45,0,Midfielder,0,0
0,-6,Forshaw,0,0,TOT(H) 2-1,Everton,10116,Adam,0,0,0,16,0,0,0,09 Dec 15:00,0,0,45,0,Midfielder,0,0
0,-7,Forshaw,0,0,STK(A) 1-1,Everton,10117,Adam,0,0,0,17,0,0,0,15 Dec 15:00,0,0,45,0,Midfielder,0,0
0,-3,Forshaw,0,0,WHU(A) 2-1,Everton,10118,Adam,0,0,0,18,0,0,0,22 Dec 15:00,0,0,45,0,Midfielder,0,0
0,-4,Forshaw,0,0,WIG(H) 2-1,Everton,10119,Adam,0,0,0,19,0,0,0,26 Dec 15:00,0,0,45,0,Midfielder,0,0
0,-4,Forshaw,0,0,CHE(H) 1-2,Everton,10120,Adam,0,0,0,20,0,0,0,30 Dec 13:30,0,0,45,0,Midfielder,0,0
0,-4,Forshaw,0,0,NEW(A) 2-1,Everton,10121,Adam,0,0,0,21,0,0,0,02 Jan 20:00,0,0,45,0,Midfielder,0,0
0,-9,Forshaw,0,0,SWA(H) 0-0,Everton,10122,Adam,0,0,0,22,0,0,0,12 Jan 15:00,0,0,45,0,Midfielder,0,0
0,-4,Forshaw,0,0,SOU(A) 0-0,Everton,10123,Adam,0,0,0,23,0,0,0,21 Jan 20:00,0,0,45,0,Midfielder,0,0
0,-3,Forshaw,0,0,WBA(H) 2-1,Everton,10124,Adam,0,0,0,24,0,0,0,30 Jan 19:45,0,0,45,0,Midfielder,0,0
0,-1,Forshaw,0,0,AVL(H) 3-3,Everton,10125,Adam,0,0,0,25,0,0,0,02 Feb 15:00,0,0,45,0,Midfielder,0,0
0,-3,Forshaw,0,0,MUN(A) 0-2,Everton,10126,Adam,0,0,0,26,0,0,0,10 Feb 16:00,0,0,45,0,Midfielder,0,0
0,-4,Forshaw,0,0,NOR(A) 1-2,Everton,10127,Adam,0,0,0,27,0,0,0,23 Feb 15:00,0,0,45,0,Midfielder,0,0
0,-1,Forshaw,0,0,RDG(H) 3-1,Everton,10128,Adam,0,0,0,28,0,0,0,02 Mar 15:00,0,0,45,0,Midfielder,0,0
0,0,Forshaw,0,0,MCI(H) 2-0,Everton,10130,Adam,0,0,0,30,0,0,0,16 Mar 12:45,0,0,45,0,Midfielder,0,0
0,-2,Forshaw,0,0,STK(H) 1-0,Everton,10131,Adam,0,0,0,31,0,0,0,30 Mar 17:30,0,0,45,0,Midfielder,0,0
0,-1,Forshaw,0,0,TOT(A) 2-2,Everton,10132,Adam,0,0,0,32,0,0,0,07 Apr 14:05,0,0,45,0,Midfielder,0,0
0,0,Forshaw,0,0,ARS(A) 0-0,Everton,10133,Adam,0,0,0,33,0,0,0,16 Apr 19:45,0,0,45,0,Midfielder,0,0
0,-2,Forshaw,0,0,SUN(A) 0-1,Everton,10134,Adam,0,0,0,34,0,0,0,20 Apr 15:00,0,0,45,0,Midfielder,0,0
0,0,Forshaw,0,0,FUL(H) 1-0,Everton,10135,Adam,0,0,0,35,0,0,0,27 Apr 15:00,0,0,45,0,Midfielder,0,0
0,0,Forshaw,0,0,LIV(A) 0-0,Everton,10136,Adam,0,0,0,36,0,0,0,05 May 13:30,0,0,45,0,Midfielder,0,0
0,2,Forshaw,0,0,WHU(H) 2-0,Everton,10137,Adam,0,0,0,37,0,0,0,12 May 15:00,0,0,45,0,Midfielder,0,0
0,1,Forshaw,0,0,CHE(A) 1-2,Everton,10138,Adam,0,0,0,38,0,0,0,19 May 16:00,0,0,45,0,Midfielder,0,0
0,0,Vellios,0,0,MUN(H) 1-0,Everton,1101,Apostolos,0,0,0,1,0,0,0,20 Aug 20:00,0,0,50,0,Forward,0,0
0,-100,Vellios,0,0,AVL(A) 3-1,Everton,1102,Apostolos,0,0,0,2,0,0,0,25 Aug 15:00,0,0,50,0,Forward,0,0
0,-142,Vellios,0,0,WBA(A) 0-2,Everton,1103,Apostolos,0,0,0,3,0,0,0,01 Sep 15:00,0,0,49,0,Forward,0,0
0,-94,Vellios,0,0,NEW(H) 2-2,Everton,1104,Apostolos,0,0,0,4,0,0,0,17 Sep 20:00,0,0,49,0,Forward,0,0
0,-56,Vellios,0,0,SWA(A) 3-0,Everton,1105,Apostolos,0,0,0,5,0,0,0,22 Sep 12:45,0,0,49,0,Forward,0,0
0,-60,Vellios,0,0,SOU(H) 3-1,Everton,1106,Apostolos,0,0,0,6,0,0,0,29 Sep 15:00,0,0,48,0,Forward,0,0
0,-35,Vellios,0,0,WIG(A) 2-2,Everton,1107,Apostolos,0,0,0,7,0,0,0,06 Oct 15:00,0,0,48,0,Forward,0,0
0,-37,Vellios,0,0,QPR(A) 1-1,Everton,1108,Apostolos,0,0,0,8,0,0,0,21 Oct 16:00,0,0,48,0,Forward,0,0
0,-23,Vellios,0,0,LIV(H) 2-2,Everton,1109,Apostolos,0,0,0,9,0,0,0,28 Oct 13:30,0,0,48,0,Forward,0,0
0,-5,Vellios,0,0,FUL(A) 2-2,Everton,11010,Apostolos,0,0,0,10,0,0,0,03 Nov 15:00,0,0,47,0,Forward,0,0
0,-20,Vellios,0,0,SUN(H) 2-1,Everton,11011,Apostolos,0,18,2,11,0,0,0,10 Nov 15:00,0,0,47,1,Forward,0,0
0,-6,Vellios,0,0,RDG(A) 1-2,Everton,11012,Apostolos,0,9,-4,12,0,0,0,17 Nov 15:00,0,0,47,1,Forward,0,0
0,-13,Vellios,0,0,NOR(H) 1-1,Everton,11013,Apostolos,0,1,0,13,0,0,0,24 Nov 15:00,0,0,47,1,Forward,0,0
0,-1,Vellios,0,0,ARS(H) 1-1,Everton,11014,Apostolos,0,0,0,14,0,0,0,28 Nov 19:45,0,0,47,0,Forward,0,0
0,-3,Vellios,0,0,MCI(A) 1-1,Everton,11015,Apostolos,0,0,0,15,0,0,0,01 Dec 15:00,0,0,47,0,Forward,0,0
0,-15,Vellios,0,0,TOT(H) 2-1,Everton,11016,Apostolos,0,10,8,16,0,0,1,09 Dec 15:00,0,0,47,4,Forward,0,0
0,89,Vellios,0,0,STK(A) 1-1,Everton,11017,Apostolos,0,0,0,17,0,0,0,15 Dec 15:00,0,0,47,0,Forward,0,0
0,5,Vellios,0,0,WHU(A) 2-1,Everton,11018,Apostolos,0,0,0,18,0,0,0,22 Dec 15:00,0,0,47,0,Forward,0,0
0,-10,Vellios,0,0,WIG(H) 2-1,Everton,11019,Apostolos,0,0,0,19,0,0,0,26 Dec 15:00,0,0,47,0,Forward,0,0
0,-23,Vellios,0,0,CHE(H) 1-2,Everton,11020,Apostolos,0,15,0,20,0,0,0,30 Dec 13:30,0,0,47,1,Forward,0,0
0,-20,Vellios,0,0,NEW(A) 2-1,Everton,11021,Apostolos,0,0,0,21,0,0,0,02 Jan 20:00,0,0,47,0,Forward,0,0
0,-39,Vellios,0,0,SWA(H) 0-0,Everton,11022,Apostolos,0,8,1,22,0,0,0,12 Jan 15:00,0,0,47,1,Forward,0,0
0,-16,Vellios,0,0,SOU(A) 0-0,Everton,11023,Apostolos,0,0,0,23,0,0,0,21 Jan 20:00,0,0,47,0,Forward,0,0
0,-25,Vellios,0,0,WBA(H) 2-1,Everton,11024,Apostolos,0,0,0,24,0,0,0,30 Jan 19:45,0,0,47,0,Forward,0,0
0,-4,Vellios,0,0,AVL(H) 3-3,Everton,11025,Apostolos,0,0,0,25,0,0,0,02 Feb 15:00,0,0,47,0,Forward,0,0
0,3,Vellios,0,0,MUN(A) 0-2,Everton,11026,Apostolos,0,0,0,26,0,0,0,10 Feb 16:00,0,0,47,0,Forward,0,0
0,4,Vellios,0,0,NOR(A) 1-2,Everton,11027,Apostolos,0,0,0,27,0,0,0,23 Feb 15:00,0,0,47,0,Forward,0,0
0,4,Vellios,0,0,RDG(H) 3-1,Everton,11028,Apostolos,0,0,0,28,0,0,0,02 Mar 15:00,0,0,47,0,Forward,0,0
0,1,Vellios,0,0,MCI(H) 2-0,Everton,11030,Apostolos,0,0,0,30,0,0,0,16 Mar 12:45,0,0,47,0,Forward,0,0
0,-4,Vellios,0,0,STK(H) 1-0,Everton,11031,Apostolos,0,0,0,31,0,0,0,30 Mar 17:30,0,0,47,0,Forward,0,0
0,-4,Vellios,0,0,TOT(A) 2-2,Everton,11032,Apostolos,0,0,0,32,0,0,0,07 Apr 14:05,0,0,47,0,Forward,0,0
0,0,Vellios,0,0,ARS(A) 0-0,Everton,11033,Apostolos,0,0,0,33,0,0,0,16 Apr 19:45,0,0,47,0,Forward,0,0
0,-9,Vellios,0,0,SUN(A) 0-1,Everton,11034,Apostolos,0,0,0,34,0,0,0,20 Apr 15:00,0,0,47,0,Forward,0,0
0,0,Vellios,0,0,FUL(H) 1-0,Everton,11035,Apostolos,0,0,0,35,0,0,0,27 Apr 15:00,0,0,47,0,Forward,0,0
0,3,Vellios,0,0,LIV(A) 0-0,Everton,11036,Apostolos,0,0,0,36,0,0,0,05 May 13:30,0,0,47,0,Forward,0,0
0,0,Vellios,0,0,WHU(H) 2-0,Everton,11037,Apostolos,0,0,0,37,0,0,0,12 May 15:00,0,0,47,0,Forward,0,0
0,2,Vellios,0,0,CHE(A) 1-2,Everton,11038,Apostolos,0,0,0,38,0,0,0,19 May 16:00,0,0,47,0,Forward,0,0
0,0,Hughes,0,0,NOR(H) 5-0,Fulham,1231,Aaron,0,90,15,1,0,1,0,18 Aug 15:00,0,0,45,6,Defender,0,0
0,7499,Hughes,3,0,MUN(A) 2-3,Fulham,1232,Aaron,0,90,8,2,0,0,0,25 Aug 15:00,0,0,45,1,Defender,0,0
0,10718,Hughes,3,0,WHU(A) 0-3,Fulham,1233,Aaron,0,90,8,3,0,0,0,01 Sep 12:45,0,0,45,1,Defender,0,0
0,2078,Hughes,0,0,WBA(H) 3-0,Fulham,1234,Aaron,0,90,13,4,0,1,0,15 Sep 15:00,0,0,45,6,Defender,0,0
1,4497,Hughes,1,0,WIG(A) 2-1,Fulham,1235,Aaron,0,90,8,5,0,0,0,22 Sep 15:00,0,0,45,1,Defender,0,0
0,2071,Hughes,2,0,MCI(H) 1-2,Fulham,1236,Aaron,0,90,6,6,0,0,0,29 Sep 15:00,0,0,45,1,Defender,0,0
0,4407,Hughes,2,0,SOU(A) 2-2,Fulham,1237,Aaron,0,90,19,7,2,0,0,07 Oct 13:30,0,0,45,3,Defender,0,0
0,3996,Hughes,0,0,AVL(H) 1-0,Fulham,1238,Aaron,0,90,19,8,1,1,0,20 Oct 15:00,0,0,45,7,Defender,0,0
0,11811,Hughes,3,0,RDG(A) 3-3,Fulham,1239,Aaron,0,90,9,9,0,0,0,27 Oct 15:00,0,0,45,1,Defender,0,0
0,1390,Hughes,2,0,EVE(H) 2-2,Fulham,12310,Aaron,0,90,10,10,0,0,0,03 Nov 15:00,0,0,45,1,Defender,0,0
0,246,Hughes,3,0,ARS(A) 3-3,Fulham,12311,Aaron,0,90,6,11,0,0,0,10 Nov 15:00,0,0,45,1,Defender,0,0
0,1806,Hughes,3,0,SUN(H) 1-3,Fulham,12312,Aaron,0,90,8,12,0,0,0,18 Nov 16:00,0,0,45,1,Defender,0,0
0,-2461,Hughes,1,0,STK(A) 0-1,Fulham,12313,Aaron,0,90,5,13,0,0,0,24 Nov 15:00,0,0,46,2,Defender,0,0
0,-3436,Hughes,0,0,CHE(A) 0-0,Fulham,12314,Aaron,0,90,13,14,0,1,0,28 Nov 19:45,0,0,46,6,Defender,0,0
0,-708,Hughes,3,0,TOT(H) 0-3,Fulham,12315,Aaron,0,90,2,15,0,0,0,01 Dec 15:00,0,0,45,1,Defender,0,0
0,-1793,Hughes,1,0,NEW(H) 2-1,Fulham,12316,Aaron,0,90,17,16,0,0,0,10 Dec 20:00,0,0,45,2,Defender,0,0
0,-265,Hughes,2,0,QPR(A) 1-2,Fulham,12317,Aaron,0,90,3,17,0,0,0,15 Dec 15:00,0,0,45,1,Defender,0,0
0,-1263,Hughes,4,0,LIV(A) 0-4,Fulham,12318,Aaron,0,90,3,18,0,0,0,22 Dec 17:30,0,0,45,0,Defender,0,0
0,1416,Hughes,0,0,SOU(H) 1-1,Fulham,12319,Aaron,0,0,0,19,0,0,0,26 Dec 15:00,0,0,45,0,Defender,0,0
0,-3436,Hughes,2,0,SWA(H) 1-2,Fulham,12320,Aaron,0,90,5,20,0,0,0,29 Dec 15:00,0,0,45,1,Defender,0,0
0,-1657,Hughes,1,0,WBA(A) 2-1,Fulham,12321,Aaron,0,90,21,21,0,0,0,01 Jan 12:45,0,0,44,2,Defender,0,0
0,-2497,Hughes,1,0,WIG(H) 1-1,Fulham,12322,Aaron,0,90,11,22,0,0,0,12 Jan 15:00,0,0,44,2,Defender,0,0
0,-5374,Hughes,2,0,MCI(A) 0-2,Fulham,12323,Aaron,0,90,3,23,0,0,0,19 Jan 15:00,0,0,44,1,Defender,0,0
0,-2728,Hughes,0,0,WHU(H) 3-1,Fulham,12324,Aaron,0,0,0,24,0,0,0,30 Jan 20:00,0,0,44,0,Defender,0,0
0,-3905,Hughes,1,0,MUN(H) 0-1,Fulham,12325,Aaron,0,45,1,25,0,0,0,02 Feb 17:30,0,0,43,1,Defender,0,0
0,-1134,Hughes,0,0,NOR(A) 0-0,Fulham,12326,Aaron,0,0,0,26,0,0,0,09 Feb 15:00,0,0,43,0,Defender,0,0
0,-1153,Hughes,0,0,STK(H) 1-0,Fulham,12327,Aaron,0,0,0,27,0,0,0,23 Feb 12:45,0,0,43,0,Defender,0,0
0,-2332,Hughes,0,0,SUN(A) 2-2,Fulham,12328,Aaron,0,0,0,28,0,0,0,02 Mar 15:00,0,0,42,0,Defender,0,0
0,-772,Hughes,0,0,TOT(A) 1-0,Fulham,12330,Aaron,0,0,0,30,0,0,0,17 Mar 15:00,0,0,41,0,Defender,0,0
0,-641,Hughes,0,0,QPR(H) 3-2,Fulham,12331,Aaron,0,0,0,31,0,0,0,01 Apr 20:00,0,0,41,0,Defender,0,0
0,-606,Hughes,0,0,NEW(A) 0-1,Fulham,12332,Aaron,0,0,0,32,0,0,0,07 Apr 15:00,0,0,41,0,Defender,0,0
0,-83,Hughes,0,0,CHE(H) 0-3,Fulham,12333,Aaron,0,0,0,33,0,0,0,17 Apr 20:00,0,0,40,0,Defender,0,0
0,-583,Hughes,0,0,ARS(H) 0-1,Fulham,12334,Aaron,0,0,0,34,0,0,0,20 Apr 15:00,0,0,40,0,Defender,0,0
0,-429,Hughes,0,0,EVE(A) 0-1,Fulham,12335,Aaron,0,0,0,35,0,0,0,27 Apr 15:00,0,0,40,0,Defender,0,0
0,-447,Hughes,0,0,RDG(H) 2-4,Fulham,12336,Aaron,0,0,0,36,0,0,0,04 May 15:00,0,0,40,0,Defender,0,0
0,-204,Hughes,3,0,LIV(H) 1-3,Fulham,12337,Aaron,0,90,12,37,0,0,0,12 May 15:00,0,0,40,1,Defender,0,0
0,-74,Hughes,0,0,SWA(A) 3-0,Fulham,12338,Aaron,0,0,0,38,0,0,0,19 May 16:00,0,0,40,0,Defender,0,0
0,0,Kacaniklic,0,0,NOR(H) 5-0,Fulham,1371,Alex,0,90,29,1,1,1,0,18 Aug 15:00,0,0,45,9,Midfielder,0,1
0,45192,Kacaniklic,3,0,MUN(A) 2-3,Fulham,1372,Alex,0,61,1,2,0,0,0,25 Aug 15:00,0,0,45,2,Midfielder,0,0
0,52049,Kacaniklic,0,0,WHU(A) 0-3,Fulham,1373,Alex,0,32,5,3,0,0,0,01 Sep 12:45,0,0,46,1,Midfielder,0,0
0,3598,Kacaniklic,0,0,WBA(H) 3-0,Fulham,1374,Alex,0,83,32,4,1,1,2,15 Sep 15:00,0,0,46,10,Midfielder,0,0
0,53337,Kacaniklic,0,0,WIG(A) 2-1,Fulham,1375,Alex,0,58,1,5,0,0,0,22 Sep 15:00,0,0,47,1,Midfielder,0,0
0,8372,Kacaniklic,1,0,MCI(H) 1-2,Fulham,1376,Alex,0,25,1,6,0,0,0,29 Sep 15:00,0,0,47,1,Midfielder,0,0
0,1276,Kacaniklic,1,0,SOU(A) 2-2,Fulham,1377,Alex,0,65,4,7,0,0,0,07 Oct 13:30,0,0,47,2,Midfielder,0,0
0,5300,Kacaniklic,0,0,AVL(H) 1-0,Fulham,1378,Alex,0,0,0,8,0,0,0,20 Oct 15:00,0,0,47,0,Midfielder,0,0
0,-13795,Kacaniklic,0,0,RDG(A) 3-3,Fulham,1379,Alex,0,0,0,9,0,0,0,27 Oct 15:00,0,0,47,0,Midfielder,0,0
0,-16426,Kacaniklic,1,0,EVE(H) 2-2,Fulham,13710,Alex,0,67,9,10,0,0,0,03 Nov 15:00,0,0,47,2,Midfielder,0,0
0,-10659,Kacaniklic,1,0,ARS(A) 3-3,Fulham,13711,Alex,0,67,29,11,2,0,0,10 Nov 15:00,0,0,47,9,Midfielder,0,1
0,19168,Kacaniklic,0,0,SUN(H) 1-3,Fulham,13712,Alex,0,26,1,12,0,0,0,18 Nov 16:00,0,0,47,1,Midfielder,0,0
0,-32207,Kacaniklic,0,0,STK(A) 0-1,Fulham,13713,Alex,0,0,0,13,0,0,0,24 Nov 15:00,0,0,47,0,Midfielder,0,0
0,-17173,Kacaniklic,0,0,CHE(A) 0-0,Fulham,13714,Alex,0,0,0,14,0,0,0,28 Nov 19:45,0,0,46,0,Midfielder,0,0
0,-14509,Kacaniklic,0,0,TOT(H) 0-3,Fulham,13715,Alex,0,0,0,15,0,0,0,01 Dec 15:00,0,0,46,0,Midfielder,0,0
0,-13793,Kacaniklic,1,0,NEW(H) 2-1,Fulham,13716,Alex,0,61,3,16,0,0,0,10 Dec 20:00,0,0,45,2,Midfielder,0,0
0,-1036,Kacaniklic,0,0,QPR(A) 1-2,Fulham,13717,Alex,0,0,0,17,0,0,0,15 Dec 15:00,0,0,45,0,Midfielder,0,0
0,-2609,Kacaniklic,2,0,LIV(A) 0-4,Fulham,13718,Alex,0,45,-3,18,0,0,0,22 Dec 17:30,0,0,45,1,Midfielder,0,0
0,-1380,Kacaniklic,0,0,SOU(H) 1-1,Fulham,13719,Alex,0,45,2,19,0,0,0,26 Dec 15:00,0,0,45,1,Midfielder,0,0
0,-3288,Kacaniklic,0,0,SWA(H) 1-2,Fulham,13720,Alex,0,0,0,20,0,0,0,29 Dec 15:00,0,0,45,0,Midfielder,0,0
0,-3986,Kacaniklic,1,0,WBA(A) 2-1,Fulham,13721,Alex,0,90,36,21,3,0,0,01 Jan 12:45,0,0,44,10,Midfielder,0,1
0,28633,Kacaniklic,1,0,WIG(H) 1-1,Fulham,13722,Alex,0,86,-1,22,0,0,0,12 Jan 15:00,0,0,44,2,Midfielder,0,0
0,4794,Kacaniklic,0,0,MCI(A) 0-2,Fulham,13723,Alex,0,0,0,23,0,0,0,19 Jan 15:00,0,0,44,0,Midfielder,0,0
0,323,Kacaniklic,0,0,WHU(H) 3-1,Fulham,13724,Alex,0,0,0,24,0,0,0,30 Jan 20:00,0,0,44,0,Midfielder,0,0
0,-4330,Kacaniklic,0,0,MUN(H) 0-1,Fulham,13725,Alex,0,0,0,25,0,0,0,02 Feb 17:30,0,0,44,0,Midfielder,0,0
0,-6945,Kacaniklic,0,0,NOR(A) 0-0,Fulham,13726,Alex,0,0,0,26,0,0,0,09 Feb 15:00,0,0,44,0,Midfielder,0,0
0,-8396,Kacaniklic,0,0,STK(H) 1-0,Fulham,13727,Alex,0,0,0,27,0,0,0,23 Feb 12:45,0,0,44,0,Midfielder,0,0
0,-7633,Kacaniklic,0,0,SUN(A) 2-2,Fulham,13728,Alex,0,0,0,28,0,0,0,02 Mar 15:00,0,0,43,0,Midfielder,0,0
0,-5595,Kacaniklic,0,0,TOT(A) 1-0,Fulham,13730,Alex,0,0,0,30,0,0,0,17 Mar 15:00,0,0,43,0,Midfielder,0,0
0,-4845,Kacaniklic,0,0,QPR(H) 3-2,Fulham,13731,Alex,0,0,0,31,0,0,0,01 Apr 20:00,0,0,43,0,Midfielder,0,0
0,-2774,Kacaniklic,0,0,NEW(A) 0-1,Fulham,13732,Alex,0,0,0,32,0,0,0,07 Apr 15:00,0,0,43,0,Midfielder,0,0
0,-2337,Kacaniklic,0,0,CHE(H) 0-3,Fulham,13733,Alex,0,0,0,33,0,0,0,17 Apr 20:00,0,0,43,0,Midfielder,0,0
0,-1010,Kacaniklic,1,0,ARS(H) 0-1,Fulham,13734,Alex,0,84,-1,34,0,0,0,20 Apr 15:00,0,0,43,2,Midfielder,0,0
0,-4,Kacaniklic,1,0,EVE(A) 0-1,Fulham,13735,Alex,0,90,-1,35,0,0,0,27 Apr 15:00,0,0,43,2,Midfielder,0,0
0,170,Kacaniklic,2,0,RDG(H) 2-4,Fulham,13736,Alex,0,20,7,36,0,0,1,04 May 15:00,0,0,43,4,Midfielder,0,0
0,307,Kacaniklic,2,0,LIV(H) 1-3,Fulham,13737,Alex,0,70,1,37,0,0,0,12 May 15:00,0,0,43,2,Midfielder,0,0
0,-33,Kacaniklic,0,0,SWA(A) 3-0,Fulham,13738,Alex,0,90,42,38,3,1,1,19 May 16:00,0,0,43,14,Midfielder,0,1
0,0,Doni,0,0,WBA(A) 0-3,Liverpool,1451,Alexander,0,0,0,1,0,0,0,18 Aug 15:00,0,0,50,0,Goalkeeper,0,0
0,-150,Doni,0,0,MCI(H) 2-2,Liverpool,1452,Alexander,0,0,0,2,0,0,0,26 Aug 16:00,0,0,50,0,Goalkeeper,0,0
0,-143,Doni,0,0,ARS(H) 0-2,Liverpool,1453,Alexander,0,0,0,3,0,0,0,02 Sep 13:30,0,0,50,0,Goalkeeper,0,0
0,-91,Doni,0,0,SUN(A) 1-1,Liverpool,1454,Alexander,0,0,0,4,0,0,0,15 Sep 17:30,0,0,49,0,Goalkeeper,0,0
0,-60,Doni,0,0,MUN(H) 1-2,Liverpool,1455,Alexander,0,0,0,5,0,0,0,23 Sep 13:30,0,0,49,0,Goalkeeper,0,0
0,-52,Doni,0,0,NOR(A) 5-2,Liverpool,1456,Alexander,0,0,0,6,0,0,0,29 Sep 15:00,0,0,49,0,Goalkeeper,0,0
0,-40,Doni,0,0,STK(H) 0-0,Liverpool,1457,Alexander,0,0,0,7,0,0,0,07 Oct 15:00,0,0,49,0,Goalkeeper,0,0
0,-3,Doni,0,0,RDG(H) 1-0,Liverpool,1458,Alexander,0,0,0,8,0,0,0,20 Oct 15:00,0,0,49,0,Goalkeeper,0,0
0,-38,Doni,0,0,EVE(A) 2-2,Liverpool,1459,Alexander,0,0,0,9,0,0,0,28 Oct 13:30,0,0,49,0,Goalkeeper,0,0
0,-27,Doni,0,0,NEW(H) 1-1,Liverpool,14510,Alexander,0,0,0,10,0,0,0,04 Nov 16:00,0,0,48,0,Goalkeeper,0,0
0,-28,Doni,0,0,CHE(A) 1-1,Liverpool,14511,Alexander,0,0,0,11,0,0,0,11 Nov 16:00,0,0,48,0,Goalkeeper,0,0
0,-38,Doni,0,0,WIG(H) 3-0,Liverpool,14512,Alexander,0,0,0,12,0,0,0,17 Nov 15:00,0,0,48,0,Goalkeeper,0,0
0,-52,Doni,0,0,SWA(A) 0-0,Liverpool,14513,Alexander,0,0,0,13,0,0,0,25 Nov 13:30,0,0,48,0,Goalkeeper,0,0
0,-18,Doni,0,0,TOT(A) 1-2,Liverpool,14514,Alexander,0,0,0,14,0,0,0,28 Nov 19:45,0,0,48,0,Goalkeeper,0,0
0,-14,Doni,0,0,SOU(H) 1-0,Liverpool,14515,Alexander,0,0,0,15,0,0,0,01 Dec 15:00,0,0,48,0,Goalkeeper,0,0
0,-17,Doni,0,0,WHU(A) 3-2,Liverpool,14516,Alexander,0,0,0,16,0,0,0,09 Dec 16:00,0,0,48,0,Goalkeeper,0,0
0,-15,Doni,0,0,AVL(H) 1-3,Liverpool,14517,Alexander,0,0,0,17,0,0,0,15 Dec 15:00,0,0,47,0,Goalkeeper,0,0
0,-16,Doni,0,0,FUL(H) 4-0,Liverpool,14518,Alexander,0,0,0,18,0,0,0,22 Dec 17:30,0,0,47,0,Goalkeeper,0,0
0,-4,Doni,0,0,STK(A) 1-3,Liverpool,14519,Alexander,0,0,0,19,0,0,0,26 Dec 19:45,0,0,47,0,Goalkeeper,0,0
0,-9,Doni,0,0,QPR(A) 3-0,Liverpool,14520,Alexander,0,0,0,20,0,0,0,30 Dec 16:00,0,0,47,0,Goalkeeper,0,0
0,-10,Doni,0,0,SUN(H) 3-0,Liverpool,14521,Alexander,0,0,0,21,0,0,0,02 Jan 19:45,0,0,47,0,Goalkeeper,0,0
0,-32,Doni,0,0,MUN(A) 1-2,Liverpool,14522,Alexander,0,0,0,22,0,0,0,13 Jan 13:30,0,0,47,0,Goalkeeper,0,0
0,-9,Doni,0,0,NOR(H) 5-0,Liverpool,14523,Alexander,0,0,0,23,0,0,0,19 Jan 15:00,0,0,47,0,Goalkeeper,0,0
0,-18,Doni,0,0,ARS(A) 2-2,Liverpool,14524,Alexander,0,0,0,24,0,0,0,30 Jan 19:45,0,0,47,0,Goalkeeper,0,0
0,-18,Doni,0,0,MCI(A) 2-2,Liverpool,14525,Alexander,0,0,0,25,0,0,0,03 Feb 16:00,0,0,47,0,Goalkeeper,0,0
0,-33,Doni,0,0,SWA(H) 5-0,Liverpool,14526,Alexander,0,0,0,26,0,0,0,17 Feb 15:00,0,0,47,0,Goalkeeper,0,0
0,-9,Doni,0,0,WIG(A) 4-0,Liverpool,14528,Alexander,0,0,0,28,0,0,0,02 Mar 17:30,0,0,47,0,Goalkeeper,0,0
0,-11,Doni,0,0,TOT(H) 3-2,Liverpool,14529,Alexander,0,0,0,29,0,0,0,10 Mar 16:00,0,0,47,0,Goalkeeper,0,0
0,-7,Doni,0,0,SOU(A) 1-3,Liverpool,14530,Alexander,0,0,0,30,0,0,0,16 Mar 15:00,0,0,47,0,Goalkeeper,0,0
0,-6,Doni,0,0,AVL(A) 2-1,Liverpool,14531,Alexander,0,0,0,31,0,0,0,31 Mar 13:30,0,0,47,0,Goalkeeper,0,0
0,-3,Doni,0,0,WHU(H) 0-0,Liverpool,14532,Alexander,0,0,0,32,0,0,0,07 Apr 13:30,0,0,47,0,Goalkeeper,0,0
0,-2,Doni,0,0,RDG(A) 0-0,Liverpool,14533,Alexander,0,0,0,33,0,0,0,13 Apr 15:00,0,0,47,0,Goalkeeper,0,0
0,-3,Doni,0,0,CHE(H) 2-2,Liverpool,14534,Alexander,0,0,0,34,0,0,0,21 Apr 16:00,0,0,47,0,Goalkeeper,0,0
0,-3,Doni,0,0,NEW(A) 6-0,Liverpool,14535,Alexander,0,0,0,35,0,0,0,27 Apr 17:30,0,0,47,0,Goalkeeper,0,0
0,-2,Doni,0,0,EVE(H) 0-0,Liverpool,14536,Alexander,0,0,0,36,0,0,0,05 May 13:30,0,0,47,0,Goalkeeper,0,0
0,4,Doni,0,0,FUL(A) 3-1,Liverpool,14537,Alexander,0,0,0,37,0,0,0,12 May 15:00,0,0,47,0,Goalkeeper,0,0
0,-2,Doni,0,0,QPR(H) 1-0,Liverpool,14538,Alexander,0,0,0,38,0,0,0,19 May 16:00,0,0,47,0,Goalkeeper,0,0
0,0,Aquilani,0,0,WBA(A) 0-3,Liverpool,1651,Alberto,0,0,0,1,0,0,0,18 Aug 15:00,0,0,60,0,Midfielder,0,0
0,-281,Aquilani,0,0,MCI(H) 2-2,Liverpool,1652,Alberto,0,0,0,2,0,0,0,26 Aug 16:00,0,0,60,0,Midfielder,0,0
0,-105,Aquilani,0,0,ARS(H) 0-2,Liverpool,1653,Alberto,0,0,0,3,0,0,0,02 Sep 13:30,0,0,60,0,Midfielder,0,0
0,-38,Aquilani,0,0,SUN(A) 1-1,Liverpool,1654,Alberto,0,0,0,4,0,0,0,15 Sep 17:30,0,0,60,0,Midfielder,0,0
0,-7,Aquilani,0,0,MUN(H) 1-2,Liverpool,1655,Alberto,0,0,0,5,0,0,0,23 Sep 13:30,0,0,60,0,Midfielder,0,0
0,-11,Aquilani,0,0,NOR(A) 5-2,Liverpool,1656,Alberto,0,0,0,6,0,0,0,29 Sep 15:00,0,0,60,0,Midfielder,0,0
0,-10,Aquilani,0,0,STK(H) 0-0,Liverpool,1657,Alberto,0,0,0,7,0,0,0,07 Oct 15:00,0,0,60,0,Midfielder,0,0
0,-7,Aquilani,0,0,RDG(H) 1-0,Liverpool,1658,Alberto,0,0,0,8,0,0,0,20 Oct 15:00,0,0,60,0,Midfielder,0,0
0,-2,Aquilani,0,0,EVE(A) 2-2,Liverpool,1659,Alberto,0,0,0,9,0,0,0,28 Oct 13:30,0,0,60,0,Midfielder,0,0
0,-2,Aquilani,0,0,NEW(H) 1-1,Liverpool,16510,Alberto,0,0,0,10,0,0,0,04 Nov 16:00,0,0,60,0,Midfielder,0,0
0,-3,Aquilani,0,0,CHE(A) 1-1,Liverpool,16511,Alberto,0,0,0,11,0,0,0,11 Nov 16:00,0,0,60,0,Midfielder,0,0
0,-4,Aquilani,0,0,WIG(H) 3-0,Liverpool,16512,Alberto,0,0,0,12,0,0,0,17 Nov 15:00,0,0,60,0,Midfielder,0,0
0,-1,Aquilani,0,0,SWA(A) 0-0,Liverpool,16513,Alberto,0,0,0,13,0,0,0,25 Nov 13:30,0,0,60,0,Midfielder,0,0
0,1,Aquilani,0,0,TOT(A) 1-2,Liverpool,16514,Alberto,0,0,0,14,0,0,0,28 Nov 19:45,0,0,60,0,Midfielder,0,0
0,-2,Aquilani,0,0,SOU(H) 1-0,Liverpool,16515,Alberto,0,0,0,15,0,0,0,01 Dec 15:00,0,0,60,0,Midfielder,0,0
0,-2,Aquilani,0,0,WHU(A) 3-2,Liverpool,16516,Alberto,0,0,0,16,0,0,0,09 Dec 16:00,0,0,60,0,Midfielder,0,0
0,-3,Aquilani,0,0,AVL(H) 1-3,Liverpool,16517,Alberto,0,0,0,17,0,0,0,15 Dec 15:00,0,0,60,0,Midfielder,0,0
0,0,Aquilani,0,0,FUL(H) 4-0,Liverpool,16518,Alberto,0,0,0,18,0,0,0,22 Dec 17:30,0,0,60,0,Midfielder,0,0
0,-2,Aquilani,0,0,STK(A) 1-3,Liverpool,16519,Alberto,0,0,0,19,0,0,0,26 Dec 19:45,0,0,60,0,Midfielder,0,0
0,0,Aquilani,0,0,QPR(A) 3-0,Liverpool,16520,Alberto,0,0,0,20,0,0,0,30 Dec 16:00,0,0,60,0,Midfielder,0,0
0,-2,Aquilani,0,0,SUN(H) 3-0,Liverpool,16521,Alberto,0,0,0,21,0,0,0,02 Jan 19:45,0,0,60,0,Midfielder,0,0
0,-1,Aquilani,0,0,MUN(A) 1-2,Liverpool,16522,Alberto,0,0,0,22,0,0,0,13 Jan 13:30,0,0,60,0,Midfielder,0,0
0,-1,Aquilani,0,0,NOR(H) 5-0,Liverpool,16523,Alberto,0,0,0,23,0,0,0,19 Jan 15:00,0,0,60,0,Midfielder,0,0
0,0,Aquilani,0,0,ARS(A) 2-2,Liverpool,16524,Alberto,0,0,0,24,0,0,0,30 Jan 19:45,0,0,60,0,Midfielder,0,0
0,-1,Aquilani,0,0,MCI(A) 2-2,Liverpool,16525,Alberto,0,0,0,25,0,0,0,03 Feb 16:00,0,0,60,0,Midfielder,0,0
0,0,Aquilani,0,0,SWA(H) 5-0,Liverpool,16526,Alberto,0,0,0,26,0,0,0,17 Feb 15:00,0,0,60,0,Midfielder,0,0
0,-2,Aquilani,0,0,WIG(A) 4-0,Liverpool,16528,Alberto,0,0,0,28,0,0,0,02 Mar 17:30,0,0,60,0,Midfielder,0,0
0,-1,Aquilani,0,0,TOT(H) 3-2,Liverpool,16529,Alberto,0,0,0,29,0,0,0,10 Mar 16:00,0,0,60,0,Midfielder,0,0
0,0,Aquilani,0,0,SOU(A) 1-3,Liverpool,16530,Alberto,0,0,0,30,0,0,0,16 Mar 15:00,0,0,60,0,Midfielder,0,0
0,0,Aquilani,0,0,AVL(A) 2-1,Liverpool,16531,Alberto,0,0,0,31,0,0,0,31 Mar 13:30,0,0,60,0,Midfielder,0,0
0,0,Aquilani,0,0,WHU(H) 0-0,Liverpool,16532,Alberto,0,0,0,32,0,0,0,07 Apr 13:30,0,0,60,0,Midfielder,0,0
0,0,Aquilani,0,0,RDG(A) 0-0,Liverpool,16533,Alberto,0,0,0,33,0,0,0,13 Apr 15:00,0,0,60,0,Midfielder,0,0
0,0,Aquilani,0,0,CHE(H) 2-2,Liverpool,16534,Alberto,0,0,0,34,0,0,0,21 Apr 16:00,0,0,60,0,Midfielder,0,0
0,0,Aquilani,0,0,NEW(A) 6-0,Liverpool,16535,Alberto,0,0,0,35,0,0,0,27 Apr 17:30,0,0,60,0,Midfielder,0,0
0,0,Aquilani,0,0,EVE(H) 0-0,Liverpool,16536,Alberto,0,0,0,36,0,0,0,05 May 13:30,0,0,60,0,Midfielder,0,0
0,0,Aquilani,0,0,FUL(A) 3-1,Liverpool,16537,Alberto,0,0,0,37,0,0,0,12 May 15:00,0,0,60,0,Midfielder,0,0
0,0,Aquilani,0,0,QPR(H) 1-0,Liverpool,16538,Alberto,0,0,0,38,0,0,0,19 May 16:00,0,0,60,0,Midfielder,0,0
1,0,Carroll,0,0,WBA(A) 0-3,West Ham,1681,Andy,0,12,3,1,0,0,0,18 Aug 15:00,0,0,85,0,Forward,0,0
0,-3683,Carroll,0,0,MCI(H) 2-2,West Ham,1682,Andy,0,8,-4,2,0,0,0,26 Aug 16:00,0,0,84,1,Forward,0,0
0,13193,Carroll,0,0,FUL(H) 3-0,West Ham,1683,Andy,0,67,7,3,0,1,0,01 Sep 12:45,0,0,84,2,Forward,0,0
0,-10214,Carroll,0,0,NOR(A) 0-0,West Ham,1684,Andy,0,0,0,4,0,0,0,15 Sep 12:45,0,0,84,0,Forward,0,0
0,-4432,Carroll,0,0,SUN(H) 1-1,West Ham,1685,Andy,0,0,0,5,0,0,0,22 Sep 15:00,0,0,84,0,Forward,0,0
0,-1815,Carroll,0,0,QPR(A) 2-1,West Ham,1686,Andy,0,19,3,6,0,0,0,01 Oct 20:00,0,0,83,1,Forward,0,0
0,1267,Carroll,3,0,ARS(H) 1-3,West Ham,1687,Andy,0,90,6,7,0,0,0,06 Oct 17:30,0,0,83,2,Forward,0,0
0,5004,Carroll,1,0,SOU(H) 4-1,West Ham,1688,Andy,0,81,8,8,0,0,1,20 Oct 15:00,0,0,83,5,Forward,0,0
0,198,Carroll,2,0,WIG(A) 1-2,West Ham,1689,Andy,0,90,-5,9,0,0,0,27 Oct 15:00,0,0,83,2,Forward,0,0
0,-2208,Carroll,0,0,MCI(H) 0-0,West Ham,16810,Andy,0,76,-7,10,0,1,0,03 Nov 17:30,0,0,83,2,Forward,0,0
0,-717,Carroll,0,0,NEW(A) 1-0,West Ham,16811,Andy,0,90,17,11,0,1,0,11 Nov 15:00,0,0,83,2,Forward,0,0
0,-652,Carroll,1,0,STK(H) 1-1,West Ham,16812,Andy,0,84,7,12,0,0,0,19 Nov 20:00,0,0,83,2,Forward,0,0
0,-1525,Carroll,3,0,TOT(A) 1-3,West Ham,16813,Andy,0,90,17,13,0,0,0,25 Nov 16:00,0,0,83,6,Forward,0,1
0,-449,Carroll,1,0,MUN(A) 0-1,West Ham,16814,Andy,0,61,-6,14,0,0,0,28 Nov 20:00,0,0,83,2,Forward,0,0
0,-746,Carroll,0,0,CHE(H) 3-1,West Ham,16815,Andy,0,0,0,15,0,0,0,01 Dec 12:45,0,0,83,0,Forward,0,0
0,-2002,Carroll,0,0,LIV(H) 2-3,West Ham,16816,Andy,0,0,0,16,0,0,0,09 Dec 16:00,0,0,83,0,Forward,0,0
0,-540,Carroll,0,0,WBA(A) 0-0,West Ham,16817,Andy,0,0,0,17,0,0,0,16 Dec 16:00,0,0,83,0,Forward,0,0
0,-269,Carroll,0,0,EVE(H) 1-2,West Ham,16818,Andy,0,0,0,18,0,0,0,22 Dec 15:00,0,0,82,0,Forward,0,0
0,-129,Carroll,0,0,RDG(A) 0-1,West Ham,16820,Andy,0,0,0,20,0,0,0,29 Dec 15:00,0,0,82,0,Forward,0,0
0,-78,Carroll,0,0,NOR(H) 2-1,West Ham,16821,Andy,0,0,0,21,0,0,0,01 Jan 15:00,0,0,82,0,Forward,0,0
0,-202,Carroll,0,0,SUN(A) 0-3,West Ham,16822,Andy,0,0,0,22,0,0,0,12 Jan 15:00,0,0,82,0,Forward,0,0
0,-82,Carroll,0,0,ARS(A) 1-5,West Ham,16823,Andy,0,0,0,23,0,0,0,23 Jan 19:45,0,0,82,0,Forward,0,0
0,-95,Carroll,1,0,FUL(A) 1-3,West Ham,16824,Andy,0,15,1,24,0,0,0,30 Jan 20:00,0,0,82,1,Forward,0,0
0,162,Carroll,0,0,SWA(H) 1-0,West Ham,16825,Andy,0,90,28,25,3,1,0,02 Feb 15:00,0,0,82,9,Forward,0,1
0,2104,Carroll,2,0,AVL(A) 1-2,West Ham,16826,Andy,0,90,-5,26,0,0,0,10 Feb 13:30,0,0,82,2,Forward,0,0
0,128,Carroll,3,0,TOT(H) 2-3,West Ham,16827,Andy,0,90,16,27,0,0,0,25 Feb 20:00,0,0,82,6,Forward,0,1
1,-47,Carroll,0,0,STK(A) 1-0,West Ham,16828,Andy,0,90,0,28,0,1,0,02 Mar 15:00,0,0,82,1,Forward,0,0
0,-265,Carroll,2,0,CHE(A) 0-2,West Ham,16830,Andy,0,90,3,30,0,0,0,17 Mar 16:00,0,0,82,2,Forward,0,0
0,294,Carroll,1,0,WBA(H) 3-1,West Ham,16831,Andy,0,90,57,31,3,0,0,30 Mar 15:00,0,0,82,13,Forward,0,2
0,-147,Carroll,0,0,LIV(A) 0-0,West Ham,16832,Andy,0,0,0,32,0,0,0,07 Apr 13:30,0,0,82,0,Forward,0,0
1,10760,Carroll,2,0,MUN(H) 2-2,West Ham,16833,Andy,0,90,7,33,0,0,1,17 Apr 19:45,0,0,82,4,Forward,0,0
1,12604,Carroll,0,0,WIG(H) 2-0,West Ham,16834,Andy,0,90,11,34,0,1,1,20 Apr 15:00,0,0,82,4,Forward,0,0
1,-1753,Carroll,2,0,MCI(A) 1-2,West Ham,16835,Andy,0,90,15,35,0,0,0,27 Apr 12:45,0,0,82,5,Forward,0,1
0,-1121,Carroll,0,0,NEW(H) 0-0,West Ham,16836,Andy,0,90,-3,36,0,1,0,04 May 15:00,0,0,82,2,Forward,0,0
0,-843,Carroll,2,0,EVE(A) 0-2,West Ham,16837,Andy,0,90,-5,37,0,0,0,12 May 15:00,0,0,82,2,Forward,0,0
0,12535,Carroll,2,0,RDG(H) 4-2,West Ham,16838,Andy,0,90,13,38,0,0,2,19 May 16:00,0,0,82,8,Forward,0,0
0,0,Kolarov,0,0,SOU(H) 3-2,Man City,1731,Aleksandar,0,4,0,1,0,0,0,19 Aug 16:00,0,0,60,1,Defender,0,0
0,-6585,Kolarov,2,0,LIV(A) 2-2,Man City,1732,Aleksandar,0,90,12,2,0,0,0,26 Aug 16:00,0,0,60,1,Defender,0,0
1,-3138,Kolarov,1,0,QPR(H) 3-1,Man City,1733,Aleksandar,0,90,16,3,0,0,0,01 Sep 17:30,0,0,60,1,Defender,0,0
0,-3987,Kolarov,0,0,STK(A) 1-1,Man City,1734,Aleksandar,0,0,0,4,0,0,0,15 Sep 15:00,0,0,59,0,Defender,0,0
0,-3918,Kolarov,0,0,ARS(H) 1-1,Man City,1735,Aleksandar,0,0,0,5,0,0,0,23 Sep 16:00,0,0,59,0,Defender,0,0
0,-3808,Kolarov,0,0,FUL(A) 2-1,Man City,1736,Aleksandar,0,0,0,6,0,0,0,29 Sep 15:00,0,0,58,0,Defender,0,0
0,-3336,Kolarov,0,0,SUN(H) 3-0,Man City,1737,Aleksandar,0,90,33,7,2,1,2,06 Oct 12:45,0,0,57,20,Defender,0,1
0,45780,Kolarov,0,0,WBA(A) 2-1,Man City,1738,Aleksandar,0,9,4,8,0,0,0,20 Oct 15:00,0,0,58,1,Defender,0,0
0,10108,Kolarov,0,0,SWA(H) 1-0,Man City,1739,Aleksandar,0,45,4,9,0,0,0,27 Oct 17:30,0,0,58,1,Defender,0,0
0,-2094,Kolarov,0,0,WHU(A) 0-0,Man City,17310,Aleksandar,0,0,0,10,0,0,0,03 Nov 17:30,0,0,58,0,Defender,0,0
0,-12587,Kolarov,1,0,TOT(H) 2-1,Man City,17311,Aleksandar,0,90,12,11,0,0,0,11 Nov 13:30,0,0,58,2,Defender,0,0
0,317,Kolarov,0,0,AVL(H) 5-0,Man City,17312,Aleksandar,0,18,4,12,0,0,0,17 Nov 15:00,0,0,58,1,Defender,0,0
1,-9158,Kolarov,0,0,CHE(A) 0-0,Man City,17313,Aleksandar,0,90,11,13,0,1,0,25 Nov 16:00,0,0,58,5,Defender,0,0
0,1530,Kolarov,0,0,WIG(A) 2-0,Man City,17314,Aleksandar,0,23,4,14,0,0,0,28 Nov 20:00,0,0,58,1,Defender,0,0
0,-4010,Kolarov,0,0,EVE(H) 1-1,Man City,17315,Aleksandar,0,6,1,15,0,0,0,01 Dec 15:00,0,0,57,1,Defender,0,0
0,-12516,Kolarov,0,0,MUN(H) 2-3,Man City,17316,Aleksandar,0,0,0,16,0,0,0,09 Dec 13:30,0,0,57,0,Defender,0,0
0,-10938,Kolarov,1,0,NEW(A) 3-1,Man City,17317,Aleksandar,0,35,9,17,0,0,0,15 Dec 12:45,0,0,56,1,Defender,0,0
0,-3663,Kolarov,0,0,RDG(H) 1-0,Man City,17318,Aleksandar,0,0,0,18,0,0,0,22 Dec 15:00,0,0,56,0,Defender,0,0
0,-3385,Kolarov,0,0,SUN(A) 0-1,Man City,17319,Aleksandar,0,0,0,19,0,0,0,26 Dec 15:00,0,0,56,0,Defender,0,0
0,-2435,Kolarov,0,0,NOR(A) 4-3,Man City,17320,Aleksandar,0,0,0,20,0,0,0,29 Dec 15:00,0,0,56,0,Defender,0,0
0,-1642,Kolarov,0,0,STK(H) 3-0,Man City,17321,Aleksandar,0,0,0,21,0,0,0,01 Jan 15:00,0,0,55,0,Defender,0,0
0,-3445,Kolarov,0,0,ARS(A) 2-0,Man City,17322,Aleksandar,0,1,0,22,0,0,0,13 Jan 16:00,0,0,55,1,Defender,0,0
0,-509,Kolarov,0,0,FUL(H) 2-0,Man City,17323,Aleksandar,0,0,0,23,0,0,0,19 Jan 15:00,0,0,55,0,Defender,0,0
0,-346,Kolarov,0,0,QPR(A) 0-0,Man City,17324,Aleksandar,0,0,0,24,0,0,0,29 Jan 19:45,0,0,55,0,Defender,0,0
0,-569,Kolarov,1,0,LIV(H) 2-2,Man City,17325,Aleksandar,0,35,-5,25,0,0,0,03 Feb 16:00,0,0,55,1,Defender,0,0
0,-504,Kolarov,0,0,SOU(A) 1-3,Man City,17326,Aleksandar,0,25,1,26,0,0,0,09 Feb 17:30,0,0,55,1,Defender,0,0
0,-411,Kolarov,0,0,CHE(H) 2-0,Man City,17327,Aleksandar,0,0,0,27,0,0,0,24 Feb 13:30,0,0,55,0,Defender,0,0
0,-327,Kolarov,0,0,AVL(A) 1-0,Man City,17328,Aleksandar,0,0,0,28,0,0,0,04 Mar 20:00,0,0,55,0,Defender,0,0
1,-102,Kolarov,2,0,EVE(A) 0-2,Man City,17330,Aleksandar,0,90,-5,30,0,0,0,16 Mar 12:45,0,0,55,0,Defender,0,0
0,-112,Kolarov,0,0,NEW(H) 4-0,Man City,17331,Aleksandar,0,0,0,31,0,0,0,30 Mar 15:00,0,0,55,0,Defender,0,0
0,-157,Kolarov,0,0,MUN(A) 2-1,Man City,17332,Aleksandar,0,0,0,32,0,0,0,08 Apr 20:00,0,0,55,0,Defender,0,0
0,-96,Kolarov,0,0,WIG(H) 1-0,Man City,17333,Aleksandar,0,90,26,33,2,1,1,17 Apr 19:45,0,0,55,11,Defender,0,0
1,184,Kolarov,3,0,TOT(A) 1-3,Man City,17334,Aleksandar,0,45,-3,34,0,0,0,21 Apr 13:30,0,0,55,-1,Defender,0,0
0,186,Kolarov,0,0,WHU(H) 2-1,Man City,17335,Aleksandar,0,0,0,35,0,0,0,27 Apr 12:45,0,0,55,0,Defender,0,0
1,155,Kolarov,0,0,WBA(H) 1-0,Man City,17336,Aleksandar,0,90,18,36,0,1,0,07 May 19:45,0,0,55,5,Defender,0,0
0,16,Kolarov,0,0,RDG(A) 2-0,Man City,17337,Aleksandar,0,0,0,37,0,0,0,14 May 20:00,0,0,55,0,Defender,0,0
0,-108,Kolarov,3,0,NOR(H) 2-3,Man City,17338,Aleksandar,0,90,6,38,0,0,0,19 May 16:00,0,0,55,1,Defender,0,0
0,0,Johnson,0,0,SOU(H) 3-2,Sunderland,1881,Adam,0,0,0,1,0,0,0,19 Aug 16:00,0,0,70,0,Midfielder,0,0
0,19564,Johnson,2,0,SWA(A) 2-2,Sunderland,1883,Adam,0,90,8,3,0,0,0,01 Sep 15:00,0,0,70,2,Midfielder,0,0
0,-2891,Johnson,0,0,LIV(H) 1-1,Sunderland,1884,Adam,0,0,0,4,0,0,0,15 Sep 17:30,0,0,70,0,Midfielder,0,0
0,-7334,Johnson,0,0,WHU(A) 1-1,Sunderland,1885,Adam,0,0,0,5,0,0,0,22 Sep 15:00,0,0,70,0,Midfielder,0,0
0,-6612,Johnson,0,0,WIG(H) 1-0,Sunderland,1886,Adam,0,78,20,6,1,1,0,29 Sep 15:00,0,0,70,4,Midfielder,0,0
0,-2461,Johnson,2,0,MCI(A) 0-3,Sunderland,1887,Adam,0,67,2,7,0,0,0,06 Oct 12:45,0,0,70,2,Midfielder,0,0
0,-1726,Johnson,1,0,NEW(H) 1-1,Sunderland,1888,Adam,0,82,3,8,0,0,0,21 Oct 13:30,0,0,70,2,Midfielder,0,0
0,-2099,Johnson,0,0,STK(A) 0-0,Sunderland,1889,Adam,0,88,-1,9,0,1,0,27 Oct 15:00,0,0,69,3,Midfielder,0,0
0,-1309,Johnson,1,0,AVL(H) 0-1,Sunderland,18810,Adam,0,90,9,10,0,0,0,03 Nov 15:00,0,0,69,2,Midfielder,0,0
0,-2627,Johnson,2,0,EVE(A) 1-2,Sunderland,18811,Adam,0,83,23,11,1,0,0,10 Nov 15:00,0,0,68,8,Midfielder,0,1
1,83,Johnson,1,0,FUL(A) 3-1,Sunderland,18812,Adam,0,90,32,12,2,0,2,18 Nov 16:00,0,0,68,9,Midfielder,0,0
0,12882,Johnson,4,0,WBA(H) 2-4,Sunderland,18813,Adam,0,90,11,13,0,0,0,24 Nov 12:45,0,0,68,2,Midfielder,0,0
0,1317,Johnson,0,0,QPR(H) 0-0,Sunderland,18814,Adam,0,69,10,14,0,1,0,27 Nov 19:45,0,0,68,3,Midfielder,0,0
0,-1671,Johnson,2,0,NOR(A) 1-2,Sunderland,18815,Adam,0,90,10,15,0,0,1,02 Dec 16:00,0,0,68,5,Midfielder,0,0
0,19170,Johnson,0,0,RDG(H) 3-0,Sunderland,18816,Adam,0,45,12,16,0,0,1,11 Dec 19:45,0,0,68,4,Midfielder,0,0
0,-7961,Johnson,3,0,MUN(A) 1-3,Sunderland,18817,Adam,0,67,3,17,0,0,0,15 Dec 15:00,0,0,69,2,Midfielder,0,0
1,-3696,Johnson,0,0,SOU(A) 1-0,Sunderland,18818,Adam,0,73,9,18,0,1,0,22 Dec 15:00,0,0,69,2,Midfielder,0,0
0,-8775,Johnson,0,0,MCI(H) 1-0,Sunderland,18819,Adam,0,90,33,19,3,1,0,26 Dec 15:00,0,0,67,11,Midfielder,0,1
0,2023,Johnson,2,0,TOT(H) 1-2,Sunderland,18820,Adam,0,90,16,20,0,0,0,29 Dec 12:45,0,0,67,2,Midfielder,0,0
0,-772,Johnson,3,0,LIV(A) 0-3,Sunderland,18821,Adam,0,90,8,21,0,0,0,02 Jan 19:45,0,0,67,2,Midfielder,0,0
0,-3325,Johnson,0,0,WHU(H) 3-0,Sunderland,18822,Adam,0,83,32,22,1,1,1,12 Jan 15:00,0,0,67,12,Midfielder,0,1
0,10631,Johnson,1,0,WIG(A) 3-2,Sunderland,18823,Adam,0,74,20,23,1,0,1,19 Jan 15:00,0,0,67,6,Midfielder,0,0
0,17503,Johnson,0,0,SWA(H) 0-0,Sunderland,18824,Adam,0,83,7,24,0,1,0,29 Jan 19:45,0,0,67,3,Midfielder,0,0
0,3707,Johnson,2,0,RDG(A) 1-2,Sunderland,18825,Adam,0,90,8,25,0,0,0,02 Feb 15:00,0,0,67,2,Midfielder,0,0
0,-10214,Johnson,1,0,ARS(H) 0-1,Sunderland,18826,Adam,0,90,9,26,0,0,0,09 Feb 15:00,0,0,67,2,Midfielder,0,0
0,-2869,Johnson,2,0,WBA(A) 1-2,Sunderland,18827,Adam,0,75,-1,27,0,0,0,23 Feb 15:00,0,0,67,2,Midfielder,0,0
0,-2458,Johnson,2,0,FUL(H) 2-2,Sunderland,18828,Adam,0,90,12,28,0,0,1,02 Mar 15:00,0,0,67,5,Midfielder,0,0
0,3189,Johnson,3,0,QPR(A) 1-3,Sunderland,18829,Adam,0,90,5,29,0,0,1,09 Mar 15:00,0,0,67,5,Midfielder,0,0
0,1228,Johnson,1,0,NOR(H) 1-1,Sunderland,18830,Adam,0,83,12,30,1,0,0,17 Mar 13:30,0,0,67,3,Midfielder,0,0
0,2867,Johnson,1,0,MUN(H) 0-1,Sunderland,18831,Adam,0,75,-1,31,0,0,0,30 Mar 12:45,0,0,67,2,Midfielder,0,0
0,-1058,Johnson,2,0,CHE(A) 1-2,Sunderland,18832,Adam,0,90,-4,32,0,0,0,07 Apr 15:00,0,0,67,2,Midfielder,0,0
1,-3554,Johnson,0,0,NEW(A) 3-0,Sunderland,18833,Adam,0,90,37,33,3,1,0,14 Apr 12:00,0,0,67,10,Midfielder,0,1
0,9269,Johnson,0,0,EVE(H) 1-0,Sunderland,18834,Adam,0,90,24,34,2,1,0,20 Apr 15:00,0,0,67,5,Midfielder,0,0
0,6888,Johnson,6,0,AVL(A) 1-6,Sunderland,18835,Adam,0,90,5,35,0,0,0,29 Apr 20:00,0,0,68,2,Midfielder,0,0
0,-1471,Johnson,1,0,STK(H) 1-1,Sunderland,18836,Adam,0,90,9,36,0,0,0,06 May 20:00,0,0,68,2,Midfielder,0,0
0,12013,Johnson,1,0,SOU(H) 1-1,Sunderland,18837,Adam,0,90,24,37,3,0,1,12 May 15:00,0,0,68,8,Midfielder,0,0
0,-2503,Johnson,1,0,TOT(A) 0-1,Sunderland,18838,Adam,0,90,-2,38,0,0,0,19 May 16:00,0,0,68,2,Midfielder,0,0
0,0,Razak,0,0,SOU(H) 3-2,Man City,1891,Abdul,0,0,0,1,0,0,0,19 Aug 16:00,0,0,45,0,Midfielder,0,0
0,-80,Razak,0,0,LIV(A) 2-2,Man City,1892,Abdul,0,0,0,2,0,0,0,26 Aug 16:00,0,0,45,0,Midfielder,0,0
0,-77,Razak,0,0,QPR(H) 3-1,Man City,1893,Abdul,0,2,0,3,0,0,0,01 Sep 17:30,0,0,44,1,Midfielder,0,0
0,7,Razak,0,0,STK(A) 1-1,Man City,1894,Abdul,0,0,0,4,0,0,0,15 Sep 15:00,0,0,44,0,Midfielder,0,0
0,-52,Razak,0,0,ARS(H) 1-1,Man City,1895,Abdul,0,0,0,5,0,0,0,23 Sep 16:00,0,0,44,0,Midfielder,0,0
0,-49,Razak,0,0,FUL(A) 2-1,Man City,1896,Abdul,0,0,0,6,0,0,0,29 Sep 15:00,0,0,44,0,Midfielder,0,0
0,-16,Razak,0,0,SUN(H) 3-0,Man City,1897,Abdul,0,0,0,7,0,0,0,06 Oct 12:45,0,0,44,0,Midfielder,0,0
0,35,Razak,0,0,WBA(A) 2-1,Man City,1898,Abdul,0,0,0,8,0,0,0,20 Oct 15:00,0,0,43,0,Midfielder,0,0
0,1,Razak,0,0,SWA(H) 1-0,Man City,1899,Abdul,0,0,0,9,0,0,0,27 Oct 17:30,0,0,43,0,Midfielder,0,0
0,6,Razak,0,0,WHU(A) 0-0,Man City,18910,Abdul,0,0,0,10,0,0,0,03 Nov 17:30,0,0,43,0,Midfielder,0,0
0,-6,Razak,0,0,TOT(H) 2-1,Man City,18911,Abdul,0,0,0,11,0,0,0,11 Nov 13:30,0,0,43,0,Midfielder,0,0
0,-18,Razak,0,0,AVL(H) 5-0,Man City,18912,Abdul,0,0,0,12,0,0,0,17 Nov 15:00,0,0,43,0,Midfielder,0,0
0,-14,Razak,0,0,CHE(A) 0-0,Man City,18913,Abdul,0,0,0,13,0,0,0,25 Nov 16:00,0,0,43,0,Midfielder,0,0
0,-12,Razak,0,0,WIG(A) 2-0,Man City,18914,Abdul,0,0,0,14,0,0,0,28 Nov 20:00,0,0,43,0,Midfielder,0,0
0,-12,Razak,0,0,EVE(H) 1-1,Man City,18915,Abdul,0,0,0,15,0,0,0,01 Dec 15:00,0,0,43,0,Midfielder,0,0
0,-18,Razak,0,0,MUN(H) 2-3,Man City,18916,Abdul,0,0,0,16,0,0,0,09 Dec 13:30,0,0,43,0,Midfielder,0,0
0,-13,Razak,0,0,NEW(A) 3-1,Man City,18917,Abdul,0,0,0,17,0,0,0,15 Dec 12:45,0,0,43,0,Midfielder,0,0
0,2,Razak,0,0,RDG(H) 1-0,Man City,18918,Abdul,0,0,0,18,0,0,0,22 Dec 15:00,0,0,43,0,Midfielder,0,0
0,-9,Razak,0,0,SUN(A) 0-1,Man City,18919,Abdul,0,0,0,19,0,0,0,26 Dec 15:00,0,0,43,0,Midfielder,0,0
0,-10,Razak,0,0,NOR(A) 4-3,Man City,18920,Abdul,0,0,0,20,0,0,0,29 Dec 15:00,0,0,43,0,Midfielder,0,0
0,-14,Razak,0,0,STK(H) 3-0,Man City,18921,Abdul,0,1,0,21,0,0,0,01 Jan 15:00,0,0,43,1,Midfielder,0,0
0,-24,Razak,0,0,ARS(A) 2-0,Man City,18922,Abdul,0,0,0,22,0,0,0,13 Jan 16:00,0,0,43,0,Midfielder,0,0
0,-34,Razak,0,0,FUL(H) 2-0,Man City,18923,Abdul,0,0,0,23,0,0,0,19 Jan 15:00,0,0,43,0,Midfielder,0,0
0,-26,Razak,0,0,QPR(A) 0-0,Man City,18924,Abdul,0,0,0,24,0,0,0,29 Jan 19:45,0,0,43,0,Midfielder,0,0
0,-5,Razak,0,0,LIV(H) 2-2,Man City,18925,Abdul,0,0,0,25,0,0,0,03 Feb 16:00,0,0,43,0,Midfielder,0,0
0,-3,Razak,0,0,SOU(A) 1-3,Man City,18926,Abdul,0,0,0,26,0,0,0,09 Feb 17:30,0,0,43,0,Midfielder,0,0
0,-4,Razak,0,0,CHE(H) 2-0,Man City,18927,Abdul,0,0,0,27,0,0,0,24 Feb 13:30,0,0,43,0,Midfielder,0,0
0,-2,Razak,0,0,AVL(A) 1-0,Man City,18928,Abdul,0,0,0,28,0,0,0,04 Mar 20:00,0,0,43,0,Midfielder,0,0
0,8,Razak,0,0,EVE(A) 0-2,Man City,18930,Abdul,0,0,0,30,0,0,0,16 Mar 12:45,0,0,43,0,Midfielder,0,0
0,7,Razak,0,0,NEW(H) 4-0,Man City,18931,Abdul,0,0,0,31,0,0,0,30 Mar 15:00,0,0,43,0,Midfielder,0,0
0,-2,Razak,0,0,MUN(A) 2-1,Man City,18932,Abdul,0,0,0,32,0,0,0,08 Apr 20:00,0,0,43,0,Midfielder,0,0
0,1,Razak,0,0,WIG(H) 1-0,Man City,18933,Abdul,0,0,0,33,0,0,0,17 Apr 19:45,0,0,43,0,Midfielder,0,0
0,0,Razak,0,0,TOT(A) 1-3,Man City,18934,Abdul,0,0,0,34,0,0,0,21 Apr 13:30,0,0,43,0,Midfielder,0,0
0,-4,Razak,0,0,WHU(H) 2-1,Man City,18935,Abdul,0,0,0,35,0,0,0,27 Apr 12:45,0,0,43,0,Midfielder,0,0
0,8,Razak,0,0,WBA(H) 1-0,Man City,18936,Abdul,0,1,0,36,0,0,0,07 May 19:45,0,0,43,1,Midfielder,0,0
0,-1,Razak,0,0,RDG(A) 2-0,Man City,18937,Abdul,0,0,0,37,0,0,0,14 May 20:00,0,0,43,0,Midfielder,0,0
0,2,Razak,0,0,NOR(H) 2-3,Man City,18938,Abdul,0,0,0,38,0,0,0,19 May 16:00,0,0,43,0,Midfielder,0,0
0,0,Lindegaard,0,0,EVE(A) 0-1,Man Utd,1961,Anders,0,0,0,1,0,0,0,20 Aug 20:00,0,0,55,0,Goalkeeper,0,0
0,-1215,Lindegaard,0,0,FUL(H) 3-2,Man Utd,1962,Anders,0,0,0,2,0,0,0,25 Aug 15:00,0,0,55,0,Goalkeeper,0,0
0,-1299,Lindegaard,2,2,SOU(A) 3-2,Man Utd,1963,Anders,0,90,14,3,0,0,0,02 Sep 16:00,0,0,54,1,Goalkeeper,0,0
0,165,Lindegaard,0,2,WIG(H) 4-0,Man Utd,1964,Anders,0,90,18,4,0,1,0,15 Sep 15:00,0,0,54,6,Goalkeeper,0,0
0,2218,Lindegaard,1,4,LIV(A) 2-1,Man Utd,1965,Anders,0,90,17,5,0,0,0,23 Sep 13:30,0,0,54,3,Goalkeeper,0,0
0,4181,Lindegaard,3,1,TOT(H) 2-3,Man Utd,1966,Anders,0,90,2,6,0,0,0,29 Sep 17:30,0,0,54,1,Goalkeeper,0,0
0,1107,Lindegaard,0,0,NEW(A) 3-0,Man Utd,1967,Anders,0,0,0,7,0,0,0,07 Oct 16:00,0,0,54,0,Goalkeeper,0,0
0,-1597,Lindegaard,0,0,STK(H) 4-2,Man Utd,1968,Anders,0,0,0,8,0,0,0,20 Oct 15:00,0,0,54,0,Goalkeeper,0,0
0,-2656,Lindegaard,0,0,CHE(A) 3-2,Man Utd,1969,Anders,0,0,0,9,0,0,0,28 Oct 16:00,0,0,54,0,Goalkeeper,0,0
0,-1643,Lindegaard,0,0,ARS(H) 2-1,Man Utd,19610,Anders,0,0,0,10,0,0,0,03 Nov 12:45,0,0,54,0,Goalkeeper,0,0
0,-796,Lindegaard,0,0,AVL(A) 3-2,Man Utd,19611,Anders,0,0,0,11,0,0,0,10 Nov 17:30,0,0,54,0,Goalkeeper,0,0
0,-790,Lindegaard,1,3,NOR(A) 0-1,Man Utd,19612,Anders,0,90,5,12,0,0,0,17 Nov 17:30,0,0,54,3,Goalkeeper,0,0
0,-123,Lindegaard,1,2,QPR(H) 3-1,Man Utd,19613,Anders,0,90,14,13,0,0,0,24 Nov 15:00,0,0,54,2,Goalkeeper,0,0
0,249,Lindegaard,0,1,WHU(H) 1-0,Man Utd,19614,Anders,0,90,19,14,0,1,0,28 Nov 20:00,0,0,54,6,Goalkeeper,0,0
0,1950,Lindegaard,3,3,RDG(A) 4-3,Man Utd,19615,Anders,0,90,19,15,0,0,0,01 Dec 17:30,0,0,54,2,Goalkeeper,0,0
0,-283,Lindegaard,0,0,MCI(A) 3-2,Man Utd,19616,Anders,0,0,0,16,0,0,0,09 Dec 13:30,0,0,54,0,Goalkeeper,0,0
0,-830,Lindegaard,0,0,SUN(H) 3-1,Man Utd,19617,Anders,0,0,0,17,0,0,0,15 Dec 15:00,0,0,54,0,Goalkeeper,0,0
0,-861,Lindegaard,0,0,SWA(A) 1-1,Man Utd,19618,Anders,0,0,0,18,0,0,0,23 Dec 13:30,0,0,54,0,Goalkeeper,0,0
0,-652,Lindegaard,0,0,NEW(H) 4-3,Man Utd,19619,Anders,0,0,0,19,0,0,0,26 Dec 15:00,0,0,54,0,Goalkeeper,0,0
0,-404,Lindegaard,0,0,WBA(H) 2-0,Man Utd,19620,Anders,0,0,0,20,0,0,0,29 Dec 15:00,0,0,53,0,Goalkeeper,0,0
0,-312,Lindegaard,0,0,WIG(A) 4-0,Man Utd,19621,Anders,0,0,0,21,0,0,0,01 Jan 15:00,0,0,53,0,Goalkeeper,0,0
0,-849,Lindegaard,0,0,LIV(H) 2-1,Man Utd,19622,Anders,0,0,0,22,0,0,0,13 Jan 13:30,0,0,52,0,Goalkeeper,0,0
0,-399,Lindegaard,0,0,TOT(A) 1-1,Man Utd,19623,Anders,0,0,0,23,0,0,0,20 Jan 16:00,0,0,52,0,Goalkeeper,0,0
0,-253,Lindegaard,0,0,SOU(H) 2-1,Man Utd,19624,Anders,0,0,0,24,0,0,0,30 Jan 20:00,0,0,52,0,Goalkeeper,0,0
0,-179,Lindegaard,0,0,FUL(A) 1-0,Man Utd,19625,Anders,0,0,0,25,0,0,0,02 Feb 17:30,0,0,52,0,Goalkeeper,0,0
0,-130,Lindegaard,0,0,EVE(H) 2-0,Man Utd,19626,Anders,0,0,0,26,0,0,0,10 Feb 16:00,0,0,52,0,Goalkeeper,0,0
0,-133,Lindegaard,0,0,QPR(A) 2-0,Man Utd,19627,Anders,0,0,0,27,0,0,0,23 Feb 15:00,0,0,52,0,Goalkeeper,0,0
0,-86,Lindegaard,0,0,NOR(H) 4-0,Man Utd,19628,Anders,0,0,0,28,0,0,0,02 Mar 15:00,0,0,52,0,Goalkeeper,0,0
0,-42,Lindegaard,0,0,RDG(H) 1-0,Man Utd,19630,Anders,0,0,0,30,0,0,0,16 Mar 17:30,0,0,52,0,Goalkeeper,0,0
0,3,Lindegaard,0,0,SUN(A) 1-0,Man Utd,19631,Anders,0,0,0,31,0,0,0,30 Mar 12:45,0,0,51,0,Goalkeeper,0,0
0,-54,Lindegaard,0,0,MCI(H) 1-2,Man Utd,19632,Anders,0,0,0,32,0,0,0,08 Apr 20:00,0,0,51,0,Goalkeeper,0,0
0,-18,Lindegaard,0,0,WHU(A) 2-2,Man Utd,19633,Anders,0,0,0,33,0,0,0,17 Apr 19:45,0,0,51,0,Goalkeeper,0,0
0,-23,Lindegaard,0,0,AVL(H) 3-0,Man Utd,19634,Anders,0,0,0,34,0,0,0,22 Apr 20:00,0,0,51,0,Goalkeeper,0,0
0,4,Lindegaard,0,0,ARS(A) 1-1,Man Utd,19635,Anders,0,0,0,35,0,0,0,28 Apr 16:00,0,0,51,0,Goalkeeper,0,0
0,-31,Lindegaard,1,2,CHE(H) 0-1,Man Utd,19636,Anders,0,90,4,36,0,0,0,05 May 16:00,0,0,51,2,Goalkeeper,0,0
0,622,Lindegaard,0,0,SWA(H) 2-1,Man Utd,19637,Anders,0,0,0,37,0,0,0,12 May 16:00,0,0,51,0,Goalkeeper,0,0
0,1781,Lindegaard,5,0,WBA(A) 5-5,Man Utd,19638,Anders,0,90,7,38,0,0,0,19 May 16:00,0,0,51,0,Goalkeeper,0,0
0,0,Valencia,1,0,EVE(A) 0-1,Man Utd,2061,Antonio,0,90,5,1,0,0,0,20 Aug 20:00,0,0,90,2,Midfielder,0,0
0,-13658,Valencia,2,0,FUL(H) 3-2,Man Utd,2062,Antonio,0,90,14,2,0,0,0,25 Aug 15:00,0,0,90,2,Midfielder,0,0
0,-14741,Valencia,2,0,SOU(A) 3-2,Man Utd,2063,Antonio,0,90,24,3,0,0,1,02 Sep 16:00,0,0,89,5,Midfielder,0,0
0,-5317,Valencia,0,0,WIG(H) 4-0,Man Utd,2064,Antonio,0,0,0,4,0,0,0,15 Sep 15:00,0,0,89,0,Midfielder,0,0
0,-12902,Valencia,1,0,LIV(A) 2-1,Man Utd,2065,Antonio,0,90,17,5,0,0,1,23 Sep 13:30,0,0,88,5,Midfielder,0,0
0,-13942,Valencia,0,0,TOT(H) 2-3,Man Utd,2066,Antonio,0,0,0,6,0,0,0,29 Sep 17:30,0,0,88,0,Midfielder,0,0
0,-20721,Valencia,0,0,NEW(A) 3-0,Man Utd,2067,Antonio,0,36,6,7,0,0,0,07 Oct 16:00,0,0,86,1,Midfielder,0,0
0,-3537,Valencia,2,0,STK(H) 4-2,Man Utd,2068,Antonio,0,73,24,8,0,0,1,20 Oct 15:00,0,0,86,5,Midfielder,0,0
1,1327,Valencia,2,0,CHE(A) 3-2,Man Utd,2069,Antonio,0,90,17,9,0,0,1,28 Oct 16:00,0,0,86,4,Midfielder,0,0
0,11937,Valencia,0,0,ARS(H) 2-1,Man Utd,20610,Antonio,0,81,10,10,0,1,0,03 Nov 12:45,0,0,86,3,Midfielder,0,0
0,8410,Valencia,2,0,AVL(A) 3-2,Man Utd,20611,Antonio,0,90,13,11,0,0,0,10 Nov 17:30,0,0,86,2,Midfielder,0,0
0,2828,Valencia,1,0,NOR(A) 0-1,Man Utd,20612,Antonio,0,68,7,12,0,0,0,17 Nov 17:30,0,0,86,2,Midfielder,0,0
0,10017,Valencia,0,0,QPR(H) 3-1,Man Utd,20613,Antonio,0,0,0,13,0,0,0,24 Nov 15:00,0,0,86,0,Midfielder,0,0
0,-24510,Valencia,0,0,WHU(H) 1-0,Man Utd,20614,Antonio,0,0,0,14,0,0,0,28 Nov 20:00,0,0,86,0,Midfielder,0,0
0,-14886,Valencia,0,0,RDG(A) 4-3,Man Utd,20615,Antonio,0,0,0,15,0,0,0,01 Dec 17:30,0,0,85,0,Midfielder,0,0
0,-7726,Valencia,1,0,MCI(A) 3-2,Man Utd,20616,Antonio,0,83,16,16,0,0,0,09 Dec 13:30,0,0,84,2,Midfielder,0,0
0,5782,Valencia,1,0,SUN(H) 3-1,Man Utd,20617,Antonio,0,90,17,17,0,0,0,15 Dec 15:00,0,0,84,2,Midfielder,0,0
0,-903,Valencia,1,0,SWA(A) 1-1,Man Utd,20618,Antonio,0,60,7,18,0,0,0,23 Dec 13:30,0,0,84,2,Midfielder,0,0
1,-503,Valencia,3,0,NEW(H) 4-3,Man Utd,20619,Antonio,0,90,11,19,0,0,0,26 Dec 15:00,0,0,84,1,Midfielder,0,0
1,-197,Valencia,0,0,WBA(H) 2-0,Man Utd,20620,Antonio,0,90,26,20,1,1,1,29 Dec 15:00,0,0,84,6,Midfielder,0,0
0,-988,Valencia,0,0,WIG(A) 4-0,Man Utd,20621,Antonio,0,0,0,21,0,0,0,01 Jan 15:00,0,0,84,0,Midfielder,0,0
0,-4640,Valencia,1,0,LIV(H) 2-1,Man Utd,20622,Antonio,0,45,13,22,0,0,0,13 Jan 13:30,0,0,83,1,Midfielder,0,0
0,-2390,Valencia,1,0,TOT(A) 1-1,Man Utd,20623,Antonio,0,17,2,23,0,0,0,20 Jan 16:00,0,0,83,1,Midfielder,0,0
0,-1182,Valencia,0,0,SOU(H) 2-1,Man Utd,20624,Antonio,0,0,0,24,0,0,0,30 Jan 20:00,0,0,83,0,Midfielder,0,0
0,-1037,Valencia,0,0,FUL(A) 1-0,Man Utd,20625,Antonio,0,65,11,25,0,1,0,02 Feb 17:30,0,0,82,3,Midfielder,0,0
0,-839,Valencia,0,0,EVE(H) 2-0,Man Utd,20626,Antonio,0,90,16,26,0,1,0,10 Feb 16:00,0,0,82,3,Midfielder,0,0
0,-39,Valencia,0,0,QPR(A) 2-0,Man Utd,20627,Antonio,0,24,6,27,0,0,0,23 Feb 15:00,0,0,82,1,Midfielder,0,0
0,-567,Valencia,0,0,NOR(H) 4-0,Man Utd,20628,Antonio,0,90,17,28,0,1,0,02 Mar 15:00,0,0,82,3,Midfielder,0,0
0,30,Valencia,0,0,RDG(H) 1-0,Man Utd,20630,Antonio,0,0,0,30,0,0,0,16 Mar 17:30,0,0,82,0,Midfielder,0,0
0,-183,Valencia,0,0,SUN(A) 1-0,Man Utd,20631,Antonio,0,90,19,31,0,1,0,30 Mar 12:45,0,0,82,3,Midfielder,0,0
1,321,Valencia,0,0,MCI(H) 1-2,Man Utd,20632,Antonio,0,11,0,32,0,0,0,08 Apr 20:00,0,0,82,0,Midfielder,0,0
0,2081,Valencia,2,0,WHU(A) 2-2,Man Utd,20633,Antonio,0,90,28,33,3,0,0,17 Apr 19:45,0,0,82,10,Midfielder,0,1
0,1028,Valencia,0,0,AVL(H) 3-0,Man Utd,20634,Antonio,0,90,19,34,0,1,0,22 Apr 20:00,0,0,82,3,Midfielder,0,0
1,-1140,Valencia,1,0,ARS(A) 1-1,Man Utd,20635,Antonio,0,90,8,35,0,0,0,28 Apr 16:00,0,0,82,1,Midfielder,0,0
0,-1427,Valencia,1,0,CHE(H) 0-1,Man Utd,20636,Antonio,0,89,10,36,0,0,0,05 May 16:00,0,0,82,2,Midfielder,0,0
0,636,Valencia,0,0,SWA(H) 2-1,Man Utd,20637,Antonio,0,25,5,37,0,0,0,12 May 16:00,0,0,82,1,Midfielder,0,0
0,-500,Valencia,5,0,WBA(A) 5-5,Man Utd,20638,Antonio,0,90,29,38,0,0,2,19 May 16:00,0,0,82,8,Midfielder,0,0
0,0,Young,0,0,EVE(A) 0-1,Man Utd,2131,Ashley,0,13,1,1,0,0,0,20 Aug 20:00,0,0,85,1,Midfielder,0,0
0,-12946,Young,2,0,FUL(H) 3-2,Man Utd,2132,Ashley,0,67,16,2,0,0,1,25 Aug 15:00,0,0,85,5,Midfielder,0,0
0,-20738,Young,0,0,SOU(A) 3-2,Man Utd,2133,Ashley,0,0,0,3,0,0,0,02 Sep 16:00,0,0,84,0,Midfielder,0,0
0,-23169,Young,0,0,WIG(H) 4-0,Man Utd,2134,Ashley,0,0,0,4,0,0,0,15 Sep 15:00,0,0,83,0,Midfielder,0,0
0,-6627,Young,0,0,LIV(A) 2-1,Man Utd,2135,Ashley,0,0,0,5,0,0,0,23 Sep 13:30,0,0,83,0,Midfielder,0,0
0,-6215,Young,0,0,TOT(H) 2-3,Man Utd,2136,Ashley,0,0,0,6,0,0,0,29 Sep 17:30,0,0,83,0,Midfielder,0,0
0,-2653,Young,0,0,NEW(A) 3-0,Man Utd,2137,Ashley,0,0,0,7,0,0,0,07 Oct 16:00,0,0,83,0,Midfielder,0,0
0,-1526,Young,0,0,STK(H) 4-2,Man Utd,2138,Ashley,0,0,0,8,0,0,0,20 Oct 15:00,0,0,82,0,Midfielder,0,0
0,-372,Young,2,0,CHE(A) 3-2,Man Utd,2139,Ashley,0,90,18,9,0,0,0,28 Oct 16:00,0,0,82,2,Midfielder,0,0
1,2019,Young,1,0,ARS(H) 2-1,Man Utd,21310,Ashley,0,90,13,10,0,0,0,03 Nov 12:45,0,0,82,1,Midfielder,0,0
0,1540,Young,1,0,AVL(A) 3-2,Man Utd,21311,Ashley,0,45,4,11,0,0,0,10 Nov 17:30,0,0,82,1,Midfielder,0,0
0,-423,Young,1,0,NOR(A) 0-1,Man Utd,21312,Ashley,0,90,12,12,0,0,0,17 Nov 17:30,0,0,82,2,Midfielder,0,0
0,3949,Young,1,0,QPR(H) 3-1,Man Utd,21313,Ashley,0,58,6,13,0,0,0,24 Nov 15:00,0,0,82,1,Midfielder,0,0
0,279,Young,0,0,WHU(H) 1-0,Man Utd,21314,Ashley,0,25,5,14,0,0,0,28 Nov 20:00,0,0,82,1,Midfielder,0,0
0,-2478,Young,3,0,RDG(A) 4-3,Man Utd,21315,Ashley,0,90,16,15,0,0,1,01 Dec 17:30,0,0,82,5,Midfielder,0,0
0,-707,Young,2,0,MCI(A) 3-2,Man Utd,21316,Ashley,0,90,20,16,0,0,1,09 Dec 13:30,0,0,82,5,Midfielder,0,0
0,6840,Young,1,0,SUN(H) 3-1,Man Utd,21317,Ashley,0,90,23,17,1,0,1,15 Dec 15:00,0,0,82,6,Midfielder,0,0
0,3870,Young,1,0,SWA(A) 1-1,Man Utd,21318,Ashley,0,90,10,18,0,0,0,23 Dec 13:30,0,0,82,2,Midfielder,0,0
0,1898,Young,0,0,NEW(H) 4-3,Man Utd,21319,Ashley,0,0,0,19,0,0,0,26 Dec 15:00,0,0,82,0,Midfielder,0,0
0,-6578,Young,0,0,WBA(H) 2-0,Man Utd,21320,Ashley,0,90,31,20,3,1,1,29 Dec 15:00,0,0,82,9,Midfielder,0,0
0,-178,Young,0,0,WIG(A) 4-0,Man Utd,21321,Ashley,0,77,12,21,0,1,0,01 Jan 15:00,0,0,82,3,Midfielder,0,0
0,-4494,Young,0,0,LIV(H) 2-1,Man Utd,21322,Ashley,0,45,7,22,0,0,0,13 Jan 13:30,0,0,82,1,Midfielder,0,0
0,-4110,Young,0,0,TOT(A) 1-1,Man Utd,21323,Ashley,0,0,0,23,0,0,0,20 Jan 16:00,0,0,82,0,Midfielder,0,0
0,-1852,Young,0,0,SOU(H) 2-1,Man Utd,21324,Ashley,0,0,0,24,0,0,0,30 Jan 20:00,0,0,82,0,Midfielder,0,0
0,-1173,Young,0,0,FUL(A) 1-0,Man Utd,21325,Ashley,0,0,0,25,0,0,0,02 Feb 17:30,0,0,82,0,Midfielder,0,0
0,-657,Young,0,0,EVE(H) 2-0,Man Utd,21326,Ashley,0,0,0,26,0,0,0,10 Feb 16:00,0,0,82,0,Midfielder,0,0
0,-103,Young,0,0,QPR(A) 2-0,Man Utd,21327,Ashley,0,66,11,27,0,1,0,23 Feb 15:00,0,0,82,3,Midfielder,0,0
0,-56,Young,0,0,NOR(H) 4-0,Man Utd,21328,Ashley,0,0,0,28,0,0,0,02 Mar 15:00,0,0,82,0,Midfielder,0,0
0,102,Young,0,0,RDG(H) 1-0,Man Utd,21330,Ashley,0,73,6,30,0,1,0,16 Mar 17:30,0,0,82,3,Midfielder,0,0
0,437,Young,0,0,SUN(A) 1-0,Man Utd,21331,Ashley,0,90,22,31,2,1,0,30 Mar 12:45,0,0,82,5,Midfielder,0,0
0,1001,Young,2,0,MCI(H) 1-2,Man Utd,21332,Ashley,0,90,-1,32,0,0,0,08 Apr 20:00,0,0,82,2,Midfielder,0,0
0,-820,Young,0,0,WHU(A) 2-2,Man Utd,21333,Ashley,0,0,0,33,0,0,0,17 Apr 19:45,0,0,82,0,Midfielder,0,0
0,-783,Young,0,0,AVL(H) 3-0,Man Utd,21334,Ashley,0,0,0,34,0,0,0,22 Apr 20:00,0,0,82,0,Midfielder,0,0
0,-297,Young,0,0,ARS(A) 1-1,Man Utd,21335,Ashley,0,0,0,35,0,0,0,28 Apr 16:00,0,0,82,0,Midfielder,0,0
0,-111,Young,0,0,CHE(H) 0-1,Man Utd,21336,Ashley,0,0,0,36,0,0,0,05 May 16:00,0,0,82,0,Midfielder,0,0
0,-64,Young,0,0,SWA(H) 2-1,Man Utd,21337,Ashley,0,0,0,37,0,0,0,12 May 16:00,0,0,82,0,Midfielder,0,0
0,-45,Young,0,0,WBA(A) 5-5,Man Utd,21338,Ashley,0,0,0,38,0,0,0,19 May 16:00,0,0,82,0,Midfielder,0,0
0,0,Crofts,0,0,FUL(A) 0-5,Norwich,2621,Andrew,0,0,0,1,0,0,0,18 Aug 15:00,0,0,45,0,Midfielder,0,0
0,-49,Crofts,0,0,QPR(H) 1-1,Norwich,2622,Andrew,0,0,0,2,0,0,0,25 Aug 15:00,0,0,45,0,Midfielder,0,0
0,-30,Crofts,0,0,TOT(A) 1-1,Norwich,2623,Andrew,0,0,0,3,0,0,0,01 Sep 15:00,0,0,45,0,Midfielder,0,0
0,-17,Crofts,0,0,WHU(H) 0-0,Norwich,2624,Andrew,0,0,0,4,0,0,0,15 Sep 12:45,0,0,45,0,Midfielder,0,0
0,-4,Crofts,0,0,NEW(A) 0-1,Norwich,2625,Andrew,0,0,0,5,0,0,0,23 Sep 15:00,0,0,45,0,Midfielder,0,0
0,-2,Crofts,0,0,LIV(H) 2-5,Norwich,2626,Andrew,0,0,0,6,0,0,0,29 Sep 15:00,0,0,45,0,Midfielder,0,0
0,-3,Crofts,0,0,CHE(A) 1-4,Norwich,2627,Andrew,0,0,0,7,0,0,0,06 Oct 15:00,0,0,45,0,Midfielder,0,0
0,-5,Crofts,0,0,ARS(H) 1-0,Norwich,2628,Andrew,0,0,0,8,0,0,0,20 Oct 17:30,0,0,45,0,Midfielder,0,0
0,-4,Crofts,0,0,AVL(A) 1-1,Norwich,2629,Andrew,0,0,0,9,0,0,0,27 Oct 12:45,0,0,45,0,Midfielder,0,0
0,-1,Crofts,0,0,STK(H) 1-0,Norwich,26210,Andrew,0,0,0,10,0,0,0,03 Nov 15:00,0,0,45,0,Midfielder,0,0
0,-5,Crofts,0,0,RDG(A) 0-0,Norwich,26211,Andrew,0,0,0,11,0,0,0,10 Nov 15:00,0,0,45,0,Midfielder,0,0
0,-2,Crofts,0,0,MUN(H) 1-0,Norwich,26212,Andrew,0,0,0,12,0,0,0,17 Nov 17:30,0,0,45,0,Midfielder,0,0
0,-2,Crofts,0,0,EVE(A) 1-1,Norwich,26213,Andrew,0,0,0,13,0,0,0,24 Nov 15:00,0,0,45,0,Midfielder,0,0
0,-2,Crofts,0,0,SOU(A) 1-1,Norwich,26214,Andrew,0,0,0,14,0,0,0,28 Nov 19:45,0,0,45,0,Midfielder,0,0
0,0,Crofts,0,0,SUN(H) 2-1,Norwich,26215,Andrew,0,0,0,15,0,0,0,02 Dec 16:00,0,0,45,0,Midfielder,0,0
0,0,Crofts,0,0,SWA(A) 4-3,Norwich,26216,Andrew,0,0,0,16,0,0,0,08 Dec 15:00,0,0,45,0,Midfielder,0,0
0,-1,Crofts,0,0,WIG(H) 2-1,Norwich,26217,Andrew,0,0,0,17,0,0,0,15 Dec 15:00,0,0,45,0,Midfielder,0,0
0,0,Crofts,0,0,WBA(A) 1-2,Norwich,26218,Andrew,0,0,0,18,0,0,0,22 Dec 15:00,0,0,45,0,Midfielder,0,0
0,0,Crofts,0,0,CHE(H) 0-1,Norwich,26219,Andrew,0,0,0,19,0,0,0,26 Dec 15:00,0,0,45,0,Midfielder,0,0
0,-1,Crofts,0,0,MCI(H) 3-4,Norwich,26220,Andrew,0,0,0,20,0,0,0,29 Dec 15:00,0,0,45,0,Midfielder,0,0
0,-1,Crofts,0,0,WHU(A) 1-2,Norwich,26221,Andrew,0,0,0,21,0,0,0,01 Jan 15:00,0,0,45,0,Midfielder,0,0
0,-1,Crofts,0,0,NEW(H) 0-0,Norwich,26222,Andrew,0,0,0,22,0,0,0,12 Jan 15:00,0,0,45,0,Midfielder,0,0
0,-1,Crofts,0,0,LIV(A) 0-5,Norwich,26223,Andrew,0,0,0,23,0,0,0,19 Jan 15:00,0,0,45,0,Midfielder,0,0
0,-1,Crofts,0,0,TOT(H) 1-1,Norwich,26224,Andrew,0,0,0,24,0,0,0,30 Jan 19:45,0,0,45,0,Midfielder,0,0
0,0,Crofts,0,0,QPR(A) 0-0,Norwich,26225,Andrew,0,0,0,25,0,0,0,02 Feb 12:45,0,0,45,0,Midfielder,0,0
0,-1,Crofts,0,0,FUL(H) 0-0,Norwich,26226,Andrew,0,0,0,26,0,0,0,09 Feb 15:00,0,0,45,0,Midfielder,0,0
0,0,Crofts,0,0,EVE(H) 2-1,Norwich,26227,Andrew,0,0,0,27,0,0,0,23 Feb 15:00,0,0,45,0,Midfielder,0,0
0,0,Crofts,0,0,MUN(A) 0-4,Norwich,26228,Andrew,0,0,0,28,0,0,0,02 Mar 15:00,0,0,45,0,Midfielder,0,0
0,0,Crofts,0,0,SOU(H) 0-0,Norwich,26229,Andrew,0,0,0,29,0,0,0,09 Mar 15:00,0,0,45,0,Midfielder,0,0
0,-2,Crofts,0,0,SUN(A) 1-1,Norwich,26230,Andrew,0,0,0,30,0,0,0,17 Mar 13:30,0,0,45,0,Midfielder,0,0
0,0,Crofts,0,0,WIG(A) 0-1,Norwich,26231,Andrew,0,0,0,31,0,0,0,30 Mar 15:00,0,0,45,0,Midfielder,0,0
0,0,Crofts,0,0,SWA(H) 2-2,Norwich,26232,Andrew,0,0,0,32,0,0,0,06 Apr 15:00,0,0,45,0,Midfielder,0,0
0,0,Crofts,0,0,ARS(A) 1-3,Norwich,26233,Andrew,0,0,0,33,0,0,0,13 Apr 15:00,0,0,45,0,Midfielder,0,0
0,0,Crofts,0,0,RDG(H) 2-1,Norwich,26234,Andrew,0,0,0,34,0,0,0,20 Apr 15:00,0,0,45,0,Midfielder,0,0
0,0,Crofts,0,0,STK(A) 0-1,Norwich,26235,Andrew,0,0,0,35,0,0,0,27 Apr 15:00,0,0,45,0,Midfielder,0,0
0,1,Crofts,0,0,AVL(H) 1-2,Norwich,26236,Andrew,0,0,0,36,0,0,0,04 May 15:00,0,0,45,0,Midfielder,0,0
0,0,Crofts,0,0,WBA(H) 4-0,Norwich,26237,Andrew,0,0,0,37,0,0,0,12 May 15:00,0,0,45,0,Midfielder,0,0
0,2,Crofts,0,0,MCI(A) 3-2,Norwich,26238,Andrew,0,0,0,38,0,0,0,19 May 16:00,0,0,45,0,Midfielder,0,0
0,0,Surman,2,0,FUL(A) 0-5,Norwich,2631,Andrew,0,45,7,1,0,0,0,18 Aug 15:00,0,0,50,1,Midfielder,0,0
0,-851,Surman,0,0,QPR(H) 1-1,Norwich,2632,Andrew,0,0,0,2,0,0,0,25 Aug 15:00,0,0,50,0,Midfielder,0,0
0,-1300,Surman,0,0,TOT(A) 1-1,Norwich,2633,Andrew,0,0,0,3,0,0,0,01 Sep 15:00,0,0,49,0,Midfielder,0,0
0,-854,Surman,0,0,WHU(H) 0-0,Norwich,2634,Andrew,0,90,0,4,0,1,0,15 Sep 12:45,0,0,48,3,Midfielder,0,0
0,-273,Surman,1,0,NEW(A) 0-1,Norwich,2635,Andrew,0,81,9,5,0,0,0,23 Sep 15:00,0,0,47,2,Midfielder,0,0
0,-237,Surman,3,0,LIV(H) 2-5,Norwich,2636,Andrew,0,54,-5,6,0,0,0,29 Sep 15:00,0,0,47,1,Midfielder,0,0
0,-234,Surman,0,0,CHE(A) 1-4,Norwich,2637,Andrew,0,0,0,7,0,0,0,06 Oct 15:00,0,0,47,0,Midfielder,0,0
0,-210,Surman,0,0,ARS(H) 1-0,Norwich,2638,Andrew,0,0,0,8,0,0,0,20 Oct 17:30,0,0,46,0,Midfielder,0,0
0,-187,Surman,0,0,AVL(A) 1-1,Norwich,2639,Andrew,0,0,0,9,0,0,0,27 Oct 12:45,0,0,46,0,Midfielder,0,0
0,-128,Surman,0,0,STK(H) 1-0,Norwich,26310,Andrew,0,0,0,10,0,0,0,03 Nov 15:00,0,0,45,0,Midfielder,0,0
0,-105,Surman,0,0,RDG(A) 0-0,Norwich,26311,Andrew,0,0,0,11,0,0,0,10 Nov 15:00,0,0,45,0,Midfielder,0,0
0,-123,Surman,0,0,MUN(H) 1-0,Norwich,26312,Andrew,0,0,0,12,0,0,0,17 Nov 17:30,0,0,45,0,Midfielder,0,0
0,-117,Surman,0,0,EVE(A) 1-1,Norwich,26313,Andrew,0,0,0,13,0,0,0,24 Nov 15:00,0,0,45,0,Midfielder,0,0
0,-44,Surman,0,0,SOU(A) 1-1,Norwich,26314,Andrew,0,0,0,14,0,0,0,28 Nov 19:45,0,0,44,0,Midfielder,0,0
0,-50,Surman,0,0,SUN(H) 2-1,Norwich,26315,Andrew,0,0,0,15,0,0,0,02 Dec 16:00,0,0,44,0,Midfielder,0,0
0,-81,Surman,0,0,SWA(A) 4-3,Norwich,26316,Andrew,0,0,0,16,0,0,0,08 Dec 15:00,0,0,44,0,Midfielder,0,0
0,-98,Surman,0,0,WIG(H) 2-1,Norwich,26317,Andrew,0,0,0,17,0,0,0,15 Dec 15:00,0,0,44,0,Midfielder,0,0
0,-138,Surman,0,0,WBA(A) 1-2,Norwich,26318,Andrew,0,0,0,18,0,0,0,22 Dec 15:00,0,0,44,0,Midfielder,0,0
0,-83,Surman,0,0,CHE(H) 0-1,Norwich,26319,Andrew,0,0,0,19,0,0,0,26 Dec 15:00,0,0,44,0,Midfielder,0,0
0,-63,Surman,0,0,MCI(H) 3-4,Norwich,26320,Andrew,0,0,0,20,0,0,0,29 Dec 15:00,0,0,44,0,Midfielder,0,0
0,-47,Surman,0,0,WHU(A) 1-2,Norwich,26321,Andrew,0,0,0,21,0,0,0,01 Jan 15:00,0,0,44,0,Midfielder,0,0
0,-129,Surman,0,0,NEW(H) 0-0,Norwich,26322,Andrew,0,0,0,22,0,0,0,12 Jan 15:00,0,0,43,0,Midfielder,0,0
0,-59,Surman,0,0,LIV(A) 0-5,Norwich,26323,Andrew,0,0,0,23,0,0,0,19 Jan 15:00,0,0,43,0,Midfielder,0,0
0,10,Surman,0,0,TOT(H) 1-1,Norwich,26324,Andrew,0,0,0,24,0,0,0,30 Jan 19:45,0,0,43,0,Midfielder,0,0
0,-21,Surman,0,0,QPR(A) 0-0,Norwich,26325,Andrew,0,0,0,25,0,0,0,02 Feb 12:45,0,0,43,0,Midfielder,0,0
0,-6,Surman,0,0,FUL(H) 0-0,Norwich,26326,Andrew,0,0,0,26,0,0,0,09 Feb 15:00,0,0,43,0,Midfielder,0,0
0,-16,Surman,0,0,EVE(H) 2-1,Norwich,26327,Andrew,0,0,0,27,0,0,0,23 Feb 15:00,0,0,43,0,Midfielder,0,0
0,-29,Surman,0,0,MUN(A) 0-4,Norwich,26328,Andrew,0,0,0,28,0,0,0,02 Mar 15:00,0,0,43,0,Midfielder,0,0
0,-31,Surman,0,0,SOU(H) 0-0,Norwich,26329,Andrew,0,0,0,29,0,0,0,09 Mar 15:00,0,0,43,0,Midfielder,0,0
0,-19,Surman,0,0,SUN(A) 1-1,Norwich,26330,Andrew,0,0,0,30,0,0,0,17 Mar 13:30,0,0,43,0,Midfielder,0,0
0,-24,Surman,0,0,WIG(A) 0-1,Norwich,26331,Andrew,0,0,0,31,0,0,0,30 Mar 15:00,0,0,43,0,Midfielder,0,0
0,-10,Surman,0,0,SWA(H) 2-2,Norwich,26332,Andrew,0,0,0,32,0,0,0,06 Apr 15:00,0,0,43,0,Midfielder,0,0
0,-8,Surman,0,0,ARS(A) 1-3,Norwich,26333,Andrew,0,0,0,33,0,0,0,13 Apr 15:00,0,0,43,0,Midfielder,0,0
0,-8,Surman,0,0,RDG(H) 2-1,Norwich,26334,Andrew,0,0,0,34,0,0,0,20 Apr 15:00,0,0,43,0,Midfielder,0,0
0,-9,Surman,0,0,STK(A) 0-1,Norwich,26335,Andrew,0,0,0,35,0,0,0,27 Apr 15:00,0,0,43,0,Midfielder,0,0
0,-10,Surman,0,0,AVL(H) 1-2,Norwich,26336,Andrew,0,0,0,36,0,0,0,04 May 15:00,0,0,43,0,Midfielder,0,0
0,-6,Surman,0,0,WBA(H) 4-0,Norwich,26337,Andrew,0,0,0,37,0,0,0,12 May 15:00,0,0,43,0,Midfielder,0,0
0,-3,Surman,0,0,MCI(A) 3-2,Norwich,26338,Andrew,0,0,0,38,0,0,0,19 May 16:00,0,0,43,0,Midfielder,0,0
0,0,Pilkington,5,0,FUL(A) 0-5,Norwich,2691,Anthony,0,90,3,1,0,0,0,18 Aug 15:00,0,0,60,2,Midfielder,0,0
0,-4863,Pilkington,1,0,QPR(H) 1-1,Norwich,2692,Anthony,0,90,15,2,2,0,1,25 Aug 15:00,0,0,60,7,Midfielder,0,0
0,-2832,Pilkington,1,0,TOT(A) 1-1,Norwich,2693,Anthony,0,90,19,3,1,0,0,01 Sep 15:00,0,0,59,3,Midfielder,0,0
0,-2807,Pilkington,0,0,WHU(H) 0-0,Norwich,2694,Anthony,0,0,0,4,0,0,0,15 Sep 12:45,0,0,59,0,Midfielder,0,0
0,-6370,Pilkington,0,0,NEW(A) 0-1,Norwich,2695,Anthony,0,0,0,5,0,0,0,23 Sep 15:00,0,0,59,0,Midfielder,0,0
0,-4519,Pilkington,0,0,LIV(H) 2-5,Norwich,2696,Anthony,0,0,0,6,0,0,0,29 Sep 15:00,0,0,59,0,Midfielder,0,0
0,-4040,Pilkington,1,0,CHE(A) 1-4,Norwich,2697,Anthony,0,23,0,7,0,0,0,06 Oct 15:00,0,0,58,1,Midfielder,0,0
0,-1823,Pilkington,0,0,ARS(H) 1-0,Norwich,2698,Anthony,0,90,11,8,0,1,0,20 Oct 17:30,0,0,58,3,Midfielder,0,0
0,-669,Pilkington,1,0,AVL(A) 1-1,Norwich,2699,Anthony,0,90,8,9,0,0,0,27 Oct 12:45,0,0,58,2,Midfielder,0,0
0,-653,Pilkington,0,0,STK(H) 1-0,Norwich,26910,Anthony,0,90,23,10,1,1,0,03 Nov 15:00,0,0,57,4,Midfielder,0,0
0,-405,Pilkington,0,0,RDG(A) 0-0,Norwich,26911,Anthony,0,90,8,11,0,1,0,10 Nov 15:00,0,0,57,3,Midfielder,0,0
0,-558,Pilkington,0,0,MUN(H) 1-0,Norwich,26912,Anthony,0,90,35,12,3,1,0,17 Nov 17:30,0,0,57,11,Midfielder,0,1
0,2383,Pilkington,1,0,EVE(A) 1-1,Norwich,26913,Anthony,0,90,16,13,1,0,0,24 Nov 15:00,0,0,57,3,Midfielder,0,0
0,1626,Pilkington,1,0,SOU(A) 1-1,Norwich,26914,Anthony,0,90,8,14,0,0,0,28 Nov 19:45,0,0,57,2,Midfielder,0,0
0,534,Pilkington,1,0,SUN(H) 2-1,Norwich,26915,Anthony,0,90,37,15,3,0,0,02 Dec 16:00,0,0,57,10,Midfielder,0,1
0,6772,Pilkington,3,0,SWA(A) 4-3,Norwich,26916,Anthony,0,90,13,16,0,0,0,08 Dec 15:00,0,0,57,2,Midfielder,0,0
1,4035,Pilkington,1,0,WIG(H) 2-1,Norwich,26917,Anthony,0,90,33,17,2,0,1,15 Dec 15:00,0,0,57,11,Midfielder,0,1
0,25853,Pilkington,2,0,WBA(A) 1-2,Norwich,26918,Anthony,0,90,7,18,0,0,0,22 Dec 15:00,0,0,58,2,Midfielder,0,0
0,771,Pilkington,1,0,CHE(H) 0-1,Norwich,26919,Anthony,0,77,11,19,0,0,0,26 Dec 15:00,0,0,58,2,Midfielder,0,0
1,-904,Pilkington,4,0,MCI(H) 3-4,Norwich,26920,Anthony,0,90,17,20,0,0,0,29 Dec 15:00,0,0,58,6,Midfielder,0,1
0,10547,Pilkington,2,0,WHU(A) 1-2,Norwich,26921,Anthony,0,90,-3,21,0,0,0,01 Jan 15:00,0,0,58,2,Midfielder,0,0
0,229,Pilkington,0,0,NEW(H) 0-0,Norwich,26922,Anthony,0,90,-1,22,0,1,0,12 Jan 15:00,0,0,58,3,Midfielder,0,0
0,-6925,Pilkington,0,0,LIV(A) 0-5,Norwich,26923,Anthony,0,5,0,23,0,0,0,19 Jan 15:00,0,0,58,1,Midfielder,0,0
0,-9100,Pilkington,1,0,TOT(H) 1-1,Norwich,26924,Anthony,0,90,6,24,0,0,1,30 Jan 19:45,0,0,58,5,Midfielder,0,0
0,-1817,Pilkington,0,0,QPR(A) 0-0,Norwich,26925,Anthony,0,23,2,25,0,0,0,02 Feb 12:45,0,0,58,1,Midfielder,0,0
0,-11744,Pilkington,0,0,FUL(H) 0-0,Norwich,26926,Anthony,0,0,0,26,0,0,0,09 Feb 15:00,0,0,58,0,Midfielder,0,0
0,-4935,Pilkington,0,0,EVE(H) 2-1,Norwich,26927,Anthony,0,18,3,27,0,0,0,23 Feb 15:00,0,0,57,1,Midfielder,0,0
0,-1766,Pilkington,4,0,MUN(A) 0-4,Norwich,26928,Anthony,0,90,3,28,0,0,0,02 Mar 15:00,0,0,57,2,Midfielder,0,0
0,1919,Pilkington,0,0,SOU(H) 0-0,Norwich,26929,Anthony,0,34,4,29,0,0,0,09 Mar 15:00,0,0,57,1,Midfielder,0,0
0,-4281,Pilkington,0,0,SUN(A) 1-1,Norwich,26930,Anthony,0,0,0,30,0,0,0,17 Mar 13:30,0,0,57,0,Midfielder,0,0
0,-3514,Pilkington,0,0,WIG(A) 0-1,Norwich,26931,Anthony,0,0,0,31,0,0,0,30 Mar 15:00,0,0,56,0,Midfielder,0,0
0,-1537,Pilkington,0,0,SWA(H) 2-2,Norwich,26932,Anthony,0,0,0,32,0,0,0,06 Apr 15:00,0,0,56,0,Midfielder,0,0
0,-808,Pilkington,0,0,ARS(A) 1-3,Norwich,26933,Anthony,0,0,0,33,0,0,0,13 Apr 15:00,0,0,55,0,Midfielder,0,0
0,231,Pilkington,0,0,RDG(H) 2-1,Norwich,26934,Anthony,0,2,0,34,0,0,0,20 Apr 15:00,0,0,55,1,Midfielder,0,0
0,-402,Pilkington,0,0,STK(A) 0-1,Norwich,26935,Anthony,0,5,0,35,0,0,0,27 Apr 15:00,0,0,55,1,Midfielder,0,0
0,-543,Pilkington,2,0,AVL(H) 1-2,Norwich,26936,Anthony,0,90,7,36,0,0,0,04 May 15:00,0,0,55,2,Midfielder,0,0
0,241,Pilkington,0,0,WBA(H) 4-0,Norwich,26937,Anthony,0,90,26,37,0,1,0,12 May 15:00,0,0,55,3,Midfielder,0,0
0,-232,Pilkington,2,0,MCI(A) 3-2,Norwich,26938,Anthony,0,80,31,38,0,0,0,19 May 16:00,0,0,55,7,Midfielder,0,1
0,0,Ferdinand,5,0,SWA(H) 0-5,QPR,2841,Anton,0,90,3,1,0,0,0,18 Aug 15:00,0,0,45,0,Defender,0,0
1,-17884,Ferdinand,1,0,NOR(A) 1-1,QPR,2842,Anton,0,90,6,2,0,0,0,25 Aug 15:00,0,0,45,1,Defender,0,0
0,-23750,Ferdinand,2,0,MCI(A) 1-3,QPR,2843,Anton,0,66,13,3,0,0,0,01 Sep 17:30,0,0,45,1,Defender,0,0
0,-16940,Ferdinand,0,0,CHE(H) 0-0,QPR,2844,Anton,0,90,12,4,0,1,0,15 Sep 15:00,0,0,44,6,Defender,0,0
0,-8375,Ferdinand,0,0,TOT(A) 1-2,QPR,2845,Anton,0,0,0,5,0,0,0,23 Sep 16:00,0,0,44,0,Defender,0,0
0,-15654,Ferdinand,0,0,WHU(H) 1-2,QPR,2846,Anton,0,0,0,6,0,0,0,01 Oct 20:00,0,0,44,0,Defender,0,0
0,-9737,Ferdinand,3,0,WBA(A) 2-3,QPR,2847,Anton,0,90,3,7,0,0,0,06 Oct 15:00,0,0,43,1,Defender,0,0
0,-3338,Ferdinand,0,0,EVE(H) 1-1,QPR,2848,Anton,0,8,1,8,0,0,0,21 Oct 16:00,0,0,43,1,Defender,0,0
0,-2531,Ferdinand,0,0,ARS(A) 0-1,QPR,2849,Anton,0,0,0,9,0,0,0,27 Oct 15:00,0,0,43,0,Defender,0,0
0,-2927,Ferdinand,1,0,RDG(H) 1-1,QPR,28410,Anton,0,90,15,10,0,0,0,04 Nov 13:30,0,0,43,2,Defender,0,0
0,-1893,Ferdinand,1,0,STK(A) 0-1,QPR,28411,Anton,0,90,23,11,1,0,0,10 Nov 15:00,0,0,43,3,Defender,0,0
0,-1502,Ferdinand,3,0,SOU(H) 1-3,QPR,28412,Anton,1,90,11,12,0,0,0,17 Nov 15:00,0,0,43,-1,Defender,0,0
0,-3048,Ferdinand,3,0,MUN(A) 1-3,QPR,28413,Anton,0,30,2,13,0,0,0,24 Nov 15:00,0,0,42,0,Defender,0,0
0,-1429,Ferdinand,0,0,SUN(A) 0-0,QPR,28414,Anton,0,0,0,14,0,0,0,27 Nov 19:45,0,0,42,0,Defender,0,0
0,-1910,Ferdinand,0,0,AVL(H) 1-1,QPR,28415,Anton,0,0,0,15,0,0,0,01 Dec 15:00,0,0,42,0,Defender,0,0
0,-2432,Ferdinand,0,0,WIG(A) 2-2,QPR,28416,Anton,0,0,0,16,0,0,0,08 Dec 15:00,0,0,42,0,Defender,0,0
0,-2201,Ferdinand,0,0,FUL(H) 2-1,QPR,28417,Anton,0,1,0,17,0,0,0,15 Dec 15:00,0,0,41,1,Defender,0,0
1,-1220,Ferdinand,1,0,NEW(A) 0-1,QPR,28418,Anton,0,90,4,18,0,0,0,22 Dec 15:00,0,0,41,1,Defender,0,0
0,-666,Ferdinand,2,0,WBA(H) 1-2,QPR,28419,Anton,0,90,4,19,0,0,0,26 Dec 15:00,0,0,41,1,Defender,0,0
0,-807,Ferdinand,0,0,LIV(H) 0-3,QPR,28420,Anton,0,0,0,20,0,0,0,30 Dec 16:00,0,0,41,0,Defender,0,0
0,-736,Ferdinand,0,0,CHE(A) 1-0,QPR,28421,Anton,0,0,0,21,0,0,0,02 Jan 19:45,0,0,41,0,Defender,0,0
0,-2961,Ferdinand,0,0,TOT(H) 0-0,QPR,28422,Anton,0,0,0,22,0,0,0,12 Jan 12:45,0,0,41,0,Defender,0,0
0,-1597,Ferdinand,0,0,WHU(A) 1-1,QPR,28423,Anton,0,0,0,23,0,0,0,19 Jan 15:00,0,0,41,0,Defender,0,0
0,-2098,Ferdinand,0,0,MCI(H) 0-0,QPR,28424,Anton,0,0,0,24,0,0,0,29 Jan 19:45,0,0,41,0,Defender,0,0
0,-2797,Ferdinand,0,0,NOR(H) 0-0,QPR,28425,Anton,0,0,0,25,0,0,0,02 Feb 12:45,0,0,41,0,Defender,0,0
0,-2105,Ferdinand,0,0,SWA(A) 1-4,QPR,28426,Anton,0,0,0,26,0,0,0,09 Feb 15:00,0,0,41,0,Defender,0,0
0,-1663,Ferdinand,0,0,MUN(H) 0-2,QPR,28427,Anton,0,0,0,27,0,0,0,23 Feb 15:00,0,0,41,0,Defender,0,0
0,-794,Ferdinand,0,0,SOU(A) 2-1,QPR,28428,Anton,0,0,0,28,0,0,0,02 Mar 15:00,0,0,41,0,Defender,0,0
0,-755,Ferdinand,0,0,SUN(H) 3-1,QPR,28429,Anton,0,0,0,29,0,0,0,09 Mar 15:00,0,0,41,0,Defender,0,0
0,-494,Ferdinand,0,0,AVL(A) 2-3,QPR,28430,Anton,0,0,0,30,0,0,0,16 Mar 15:00,0,0,41,0,Defender,0,0
0,-552,Ferdinand,0,0,FUL(A) 2-3,QPR,28431,Anton,0,0,0,31,0,0,0,01 Apr 20:00,0,0,41,0,Defender,0,0
0,-284,Ferdinand,0,0,WIG(H) 1-1,QPR,28432,Anton,0,0,0,32,0,0,0,07 Apr 16:10,0,0,41,0,Defender,0,0
0,-293,Ferdinand,0,0,EVE(A) 0-2,QPR,28433,Anton,0,0,0,33,0,0,0,13 Apr 15:00,0,0,41,0,Defender,0,0
0,-170,Ferdinand,0,0,STK(H) 0-2,QPR,28434,Anton,0,0,0,34,0,0,0,20 Apr 15:00,0,0,41,0,Defender,0,0
0,-186,Ferdinand,0,0,RDG(A) 0-0,QPR,28435,Anton,0,0,0,35,0,0,0,28 Apr 13:30,0,0,41,0,Defender,0,0
0,-168,Ferdinand,0,0,ARS(H) 0-1,QPR,28436,Anton,0,0,0,36,0,0,0,04 May 17:30,0,0,41,0,Defender,0,0
0,-97,Ferdinand,0,0,NEW(H) 1-2,QPR,28437,Anton,0,0,0,37,0,0,0,12 May 15:00,0,0,41,0,Defender,0,0
0,-86,Ferdinand,0,0,LIV(A) 0-1,QPR,28438,Anton,0,0,0,38,0,0,0,19 May 16:00,0,0,41,0,Defender,0,0
0,0,Traore,0,0,SWA(H) 0-5,QPR,2861,Armand,0,0,0,1,0,0,0,18 Aug 15:00,0,0,50,0,Defender,0,0
0,-814,Traore,1,0,NOR(A) 1-1,QPR,2862,Armand,0,70,5,2,0,0,0,25 Aug 15:00,0,0,50,2,Defender,0,0
0,-293,Traore,0,0,MCI(A) 1-3,QPR,2863,Armand,0,0,0,3,0,0,0,01 Sep 17:30,0,0,50,0,Defender,0,0
0,-322,Traore,0,0,CHE(H) 0-0,QPR,2864,Armand,0,0,0,4,0,0,0,15 Sep 15:00,0,0,50,0,Defender,0,0
0,-286,Traore,0,0,TOT(A) 1-2,QPR,2865,Armand,0,0,0,5,0,0,0,23 Sep 16:00,0,0,49,0,Defender,0,0
0,-411,Traore,0,0,WHU(H) 1-2,QPR,2866,Armand,0,0,0,6,0,0,0,01 Oct 20:00,0,0,49,0,Defender,0,0
0,-269,Traore,1,0,WBA(A) 2-3,QPR,2867,Armand,0,45,3,7,0,0,0,06 Oct 15:00,0,0,48,1,Defender,0,0
0,-61,Traore,1,0,EVE(H) 1-1,QPR,2868,Armand,0,71,8,8,0,0,0,21 Oct 16:00,0,0,48,2,Defender,0,0
0,-41,Traore,0,0,ARS(A) 0-1,QPR,2869,Armand,0,72,-1,9,0,1,0,27 Oct 15:00,0,0,48,6,Defender,0,0
0,96,Traore,1,0,RDG(H) 1-1,QPR,28610,Armand,0,83,6,10,0,0,0,04 Nov 13:30,0,0,48,2,Defender,0,0
1,-11,Traore,1,0,STK(A) 0-1,QPR,28611,Armand,0,90,7,11,0,0,0,10 Nov 15:00,0,0,48,1,Defender,0,0
0,20,Traore,3,0,SOU(H) 1-3,QPR,28612,Armand,0,90,5,12,0,0,0,17 Nov 15:00,0,0,48,1,Defender,0,0
0,-58,Traore,0,0,MUN(A) 1-3,QPR,28613,Armand,0,60,2,13,0,1,0,24 Nov 15:00,0,0,48,6,Defender,0,0
0,77,Traore,0,0,SUN(A) 0-0,QPR,28614,Armand,0,90,10,14,0,1,0,27 Nov 19:45,0,0,48,6,Defender,0,0
0,382,Traore,1,0,AVL(H) 1-1,QPR,28615,Armand,0,90,13,15,0,0,0,01 Dec 15:00,0,0,48,2,Defender,0,0
0,6,Traore,2,0,WIG(A) 2-2,QPR,28616,Armand,0,90,7,16,0,0,0,08 Dec 15:00,0,0,48,1,Defender,0,0
0,-27,Traore,1,0,FUL(H) 2-1,QPR,28617,Armand,0,90,15,17,0,0,0,15 Dec 15:00,0,0,48,2,Defender,0,0
0,-4,Traore,0,0,NEW(A) 0-1,QPR,28618,Armand,0,0,0,18,0,0,0,22 Dec 15:00,0,0,48,0,Defender,0,0
0,-164,Traore,2,0,WBA(H) 1-2,QPR,28619,Armand,0,90,5,19,0,0,0,26 Dec 15:00,0,0,48,1,Defender,0,0
0,-28,Traore,3,0,LIV(H) 0-3,QPR,28620,Armand,0,90,9,20,0,0,0,30 Dec 16:00,0,0,48,1,Defender,0,0
0,-77,Traore,0,0,CHE(A) 1-0,QPR,28621,Armand,0,0,0,21,0,0,0,02 Jan 19:45,0,0,48,0,Defender,0,0
0,-208,Traore,0,0,TOT(H) 0-0,QPR,28622,Armand,0,0,0,22,0,0,0,12 Jan 12:45,0,0,48,0,Defender,0,0
0,-192,Traore,1,0,WHU(A) 1-1,QPR,28623,Armand,0,33,3,23,0,0,0,19 Jan 15:00,0,0,48,1,Defender,0,0
0,-40,Traore,0,0,MCI(H) 0-0,QPR,28624,Armand,0,90,9,24,0,1,0,29 Jan 19:45,0,0,48,6,Defender,0,0
0,338,Traore,0,0,NOR(H) 0-0,QPR,28625,Armand,0,90,10,25,0,1,0,02 Feb 12:45,0,0,48,6,Defender,0,0
1,315,Traore,4,0,SWA(A) 1-4,QPR,28626,Armand,0,90,4,26,0,0,0,09 Feb 15:00,0,0,48,-1,Defender,0,0
0,-80,Traore,2,0,MUN(H) 0-2,QPR,28627,Armand,0,90,5,27,0,0,0,23 Feb 15:00,0,0,48,1,Defender,0,0
1,2,Traore,1,0,SOU(A) 2-1,QPR,28628,Armand,0,90,13,28,0,0,0,02 Mar 15:00,0,0,48,1,Defender,0,0
0,521,Traore,0,0,SUN(H) 3-1,QPR,28629,Armand,0,0,0,29,0,0,0,09 Mar 15:00,0,0,48,0,Defender,0,0
0,-364,Traore,0,0,AVL(A) 2-3,QPR,28630,Armand,0,0,0,30,0,0,0,16 Mar 15:00,0,0,48,0,Defender,0,0
0,-218,Traore,3,0,FUL(A) 2-3,QPR,28631,Armand,0,82,5,31,0,0,0,01 Apr 20:00,0,0,48,1,Defender,0,0
0,-86,Traore,0,0,WIG(H) 1-1,QPR,28632,Armand,0,45,3,32,0,0,0,07 Apr 16:10,0,0,48,1,Defender,0,0
0,-60,Traore,0,0,EVE(A) 0-2,QPR,28633,Armand,0,0,0,33,0,0,0,13 Apr 15:00,0,0,48,0,Defender,0,0
0,-34,Traore,0,0,STK(H) 0-2,QPR,28634,Armand,0,0,0,34,0,0,0,20 Apr 15:00,0,0,48,0,Defender,0,0
0,-40,Traore,0,0,RDG(A) 0-0,QPR,28635,Armand,0,90,7,35,0,1,0,28 Apr 13:30,0,0,48,6,Defender,0,0
0,-45,Traore,1,0,ARS(H) 0-1,QPR,28636,Armand,0,90,4,36,0,0,0,04 May 17:30,0,0,48,2,Defender,0,0
0,1,Traore,2,0,NEW(H) 1-2,QPR,28637,Armand,0,90,3,37,0,0,0,12 May 15:00,0,0,48,1,Defender,0,0
0,-15,Traore,1,0,LIV(A) 0-1,QPR,28638,Armand,0,90,11,38,0,0,0,19 May 16:00,0,0,48,2,Defender,0,0
0,0,Taarabt,5,0,SWA(H) 0-5,QPR,2921,Adel,0,90,-3,1,0,0,0,18 Aug 15:00,0,0,60,2,Midfielder,0,0
0,-6979,Taarabt,0,0,NOR(A) 1-1,QPR,2922,Adel,0,0,0,2,0,0,0,25 Aug 15:00,0,0,60,0,Midfielder,0,0
0,-15718,Taarabt,0,0,MCI(A) 1-3,QPR,2923,Adel,0,0,0,3,0,0,0,01 Sep 17:30,0,0,58,0,Midfielder,0,0
0,-9418,Taarabt,0,0,CHE(H) 0-0,QPR,2924,Adel,0,0,0,4,0,0,0,15 Sep 15:00,0,0,57,0,Midfielder,0,0
0,-4712,Taarabt,0,0,TOT(A) 1-2,QPR,2925,Adel,0,0,0,5,0,0,0,23 Sep 16:00,0,0,56,0,Midfielder,0,0
1,-3738,Taarabt,0,0,WHU(H) 1-2,QPR,2926,Adel,0,35,14,6,0,0,0,01 Oct 20:00,0,0,55,5,Midfielder,0,1
0,-655,Taarabt,3,0,WBA(A) 2-3,QPR,2927,Adel,0,90,33,7,1,0,0,06 Oct 15:00,0,0,55,8,Midfielder,0,1
0,4262,Taarabt,1,0,EVE(H) 1-1,QPR,2928,Adel,0,90,2,8,0,0,0,21 Oct 16:00,0,0,55,2,Midfielder,0,0
1,840,Taarabt,1,0,ARS(A) 0-1,QPR,2929,Adel,0,90,3,9,0,0,0,27 Oct 15:00,0,0,55,1,Midfielder,0,0
0,6910,Taarabt,1,0,RDG(H) 1-1,QPR,29210,Adel,0,90,9,10,0,0,0,04 Nov 13:30,0,0,55,2,Midfielder,0,0
0,-442,Taarabt,1,0,STK(A) 0-1,QPR,29211,Adel,0,90,-8,11,0,0,0,10 Nov 15:00,0,0,55,2,Midfielder,0,0
0,2388,Taarabt,3,0,SOU(H) 1-3,QPR,29212,Adel,0,90,11,12,0,0,1,17 Nov 15:00,0,0,55,5,Midfielder,0,0
0,-2100,Taarabt,3,0,MUN(A) 1-3,QPR,29213,Adel,0,72,5,13,0,0,0,24 Nov 15:00,0,0,55,2,Midfielder,0,0
0,1743,Taarabt,0,0,SUN(A) 0-0,QPR,29214,Adel,0,76,5,14,0,1,0,27 Nov 19:45,0,0,55,3,Midfielder,0,0
0,8258,Taarabt,1,0,AVL(H) 1-1,QPR,29215,Adel,0,90,11,15,0,0,0,01 Dec 15:00,0,0,55,2,Midfielder,0,0
1,-1230,Taarabt,1,0,WIG(A) 2-2,QPR,29216,Adel,0,57,11,16,0,0,1,08 Dec 15:00,0,0,55,3,Midfielder,0,0
1,598,Taarabt,1,0,FUL(H) 2-1,QPR,29217,Adel,0,90,40,17,3,0,0,15 Dec 15:00,0,0,55,14,Midfielder,0,2
0,40870,Taarabt,1,0,NEW(A) 0-1,QPR,29218,Adel,0,90,19,18,1,0,0,22 Dec 15:00,0,0,57,3,Midfielder,0,0
0,18539,Taarabt,2,0,WBA(H) 1-2,QPR,29219,Adel,0,90,3,19,0,0,0,26 Dec 15:00,0,0,57,2,Midfielder,0,0
0,-1416,Taarabt,3,0,LIV(H) 0-3,QPR,29220,Adel,0,90,9,20,0,0,0,30 Dec 16:00,0,0,57,2,Midfielder,0,0
0,-12278,Taarabt,0,0,CHE(A) 1-0,QPR,29221,Adel,0,90,24,21,2,1,1,02 Jan 19:45,0,0,57,8,Midfielder,0,0
0,-3984,Taarabt,0,0,TOT(H) 0-0,QPR,29222,Adel,0,90,15,22,3,1,0,12 Jan 12:45,0,0,57,6,Midfielder,0,0
0,7355,Taarabt,1,0,WHU(A) 1-1,QPR,29223,Adel,0,81,15,23,2,0,1,19 Jan 15:00,0,0,57,7,Midfielder,0,0
0,15254,Taarabt,0,0,MCI(H) 0-0,QPR,29224,Adel,0,90,10,24,0,1,0,29 Jan 19:45,0,0,57,3,Midfielder,0,0
0,27367,Taarabt,0,0,NOR(H) 0-0,QPR,29225,Adel,0,90,4,25,0,1,0,02 Feb 12:45,0,1,58,1,Midfielder,0,0
1,-8653,Taarabt,4,0,SWA(A) 1-4,QPR,29226,Adel,0,90,5,26,0,0,1,09 Feb 15:00,0,0,58,4,Midfielder,0,0
0,-3452,Taarabt,2,0,MUN(H) 0-2,QPR,29227,Adel,0,90,-10,27,0,0,0,23 Feb 15:00,0,0,58,2,Midfielder,0,0
0,-4766,Taarabt,0,0,SOU(A) 2-1,QPR,29228,Adel,0,0,0,28,0,0,0,02 Mar 15:00,0,0,58,0,Midfielder,0,0
0,2385,Taarabt,0,0,SUN(H) 3-1,QPR,29229,Adel,0,0,0,29,0,0,0,09 Mar 15:00,0,0,58,0,Midfielder,0,0
0,-23586,Taarabt,1,0,AVL(A) 2-3,QPR,29230,Adel,0,25,-3,30,0,0,0,16 Mar 15:00,0,0,57,1,Midfielder,0,0
0,-6314,Taarabt,3,0,FUL(A) 2-3,QPR,29231,Adel,0,73,13,31,0,0,0,01 Apr 20:00,0,0,56,7,Midfielder,0,1
0,6916,Taarabt,1,0,WIG(H) 1-1,QPR,29232,Adel,0,35,6,32,0,0,0,07 Apr 16:10,0,0,56,1,Midfielder,0,0
0,-7311,Taarabt,0,0,EVE(A) 0-2,QPR,29233,Adel,0,29,-3,33,0,0,0,13 Apr 15:00,0,0,56,1,Midfielder,0,0
0,-3297,Taarabt,1,0,STK(H) 0-2,QPR,29234,Adel,0,55,-14,34,0,0,0,20 Apr 15:00,0,0,55,1,Midfielder,0,0
0,-12406,Taarabt,0,0,RDG(A) 0-0,QPR,29235,Adel,0,67,-2,35,0,1,0,28 Apr 13:30,0,0,54,3,Midfielder,0,0
0,-6627,Taarabt,0,0,ARS(H) 0-1,QPR,29236,Adel,0,12,0,36,0,0,0,04 May 17:30,0,0,54,1,Midfielder,0,0
0,-738,Taarabt,0,0,NEW(H) 1-2,QPR,29237,Adel,0,7,1,37,0,0,0,12 May 15:00,0,0,53,1,Midfielder,0,0
0,-2626,Taarabt,0,0,LIV(A) 0-1,QPR,29238,Adel,0,0,0,38,0,0,0,19 May 16:00,0,0,53,0,Midfielder,0,0
0,0,Buzsaky,0,0,SWA(H) 0-5,QPR,2931,Akos,0,0,0,1,0,0,0,18 Aug 15:00,0,0,50,0,Midfielder,0,0
0,-267,Buzsaky,0,0,NOR(A) 1-1,QPR,2932,Akos,0,0,0,2,0,0,0,25 Aug 15:00,0,0,49,0,Midfielder,0,0
0,-316,Buzsaky,0,0,MCI(A) 1-3,QPR,2933,Akos,0,0,0,3,0,0,0,01 Sep 17:30,0,0,48,0,Midfielder,0,0
0,-129,Buzsaky,0,0,CHE(H) 0-0,QPR,2934,Akos,0,0,0,4,0,0,0,15 Sep 15:00,0,0,47,0,Midfielder,0,0
0,-76,Buzsaky,0,0,TOT(A) 1-2,QPR,2935,Akos,0,0,0,5,0,0,0,23 Sep 16:00,0,0,47,0,Midfielder,0,0
0,-45,Buzsaky,0,0,WHU(H) 1-2,QPR,2936,Akos,0,0,0,6,0,0,0,01 Oct 20:00,0,0,46,0,Midfielder,0,0
0,-50,Buzsaky,0,0,WBA(A) 2-3,QPR,2937,Akos,0,0,0,7,0,0,0,06 Oct 15:00,0,0,46,0,Midfielder,0,0
0,-80,Buzsaky,0,0,EVE(H) 1-1,QPR,2938,Akos,0,0,0,8,0,0,0,21 Oct 16:00,0,0,46,0,Midfielder,0,0
0,-37,Buzsaky,0,0,ARS(A) 0-1,QPR,2939,Akos,0,0,0,9,0,0,0,27 Oct 15:00,0,0,46,0,Midfielder,0,0
0,-37,Buzsaky,0,0,RDG(H) 1-1,QPR,29310,Akos,0,0,0,10,0,0,0,04 Nov 13:30,0,0,46,0,Midfielder,0,0
0,-26,Buzsaky,0,0,STK(A) 0-1,QPR,29311,Akos,0,0,0,11,0,0,0,10 Nov 15:00,0,0,45,0,Midfielder,0,0
0,-17,Buzsaky,0,0,SOU(H) 1-3,QPR,29312,Akos,0,0,0,12,0,0,0,17 Nov 15:00,0,0,45,0,Midfielder,0,0
0,-17,Buzsaky,0,0,MUN(A) 1-3,QPR,29313,Akos,0,0,0,13,0,0,0,24 Nov 15:00,0,0,45,0,Midfielder,0,0
0,-4,Buzsaky,0,0,SUN(A) 0-0,QPR,29314,Akos,0,0,0,14,0,0,0,27 Nov 19:45,0,0,45,0,Midfielder,0,0
0,-9,Buzsaky,0,0,AVL(H) 1-1,QPR,29315,Akos,0,0,0,15,0,0,0,01 Dec 15:00,0,0,45,0,Midfielder,0,0
0,-14,Buzsaky,0,0,WIG(A) 2-2,QPR,29316,Akos,0,0,0,16,0,0,0,08 Dec 15:00,0,0,45,0,Midfielder,0,0
0,-9,Buzsaky,0,0,FUL(H) 2-1,QPR,29317,Akos,0,0,0,17,0,0,0,15 Dec 15:00,0,0,45,0,Midfielder,0,0
0,-1,Buzsaky,0,0,NEW(A) 0-1,QPR,29318,Akos,0,0,0,18,0,0,0,22 Dec 15:00,0,0,45,0,Midfielder,0,0
0,-11,Buzsaky,0,0,WBA(H) 1-2,QPR,29319,Akos,0,0,0,19,0,0,0,26 Dec 15:00,0,0,45,0,Midfielder,0,0
0,-8,Buzsaky,0,0,LIV(H) 0-3,QPR,29320,Akos,0,0,0,20,0,0,0,30 Dec 16:00,0,0,45,0,Midfielder,0,0
0,-5,Buzsaky,0,0,CHE(A) 1-0,QPR,29321,Akos,0,0,0,21,0,0,0,02 Jan 19:45,0,0,45,0,Midfielder,0,0
0,-6,Buzsaky,0,0,TOT(H) 0-0,QPR,29322,Akos,0,0,0,22,0,0,0,12 Jan 12:45,0,0,45,0,Midfielder,0,0
0,-4,Buzsaky,0,0,WHU(A) 1-1,QPR,29323,Akos,0,0,0,23,0,0,0,19 Jan 15:00,0,0,45,0,Midfielder,0,0
0,-1,Buzsaky,0,0,MCI(H) 0-0,QPR,29324,Akos,0,0,0,24,0,0,0,29 Jan 19:45,0,0,45,0,Midfielder,0,0
0,-3,Buzsaky,0,0,NOR(H) 0-0,QPR,29325,Akos,0,0,0,25,0,0,0,02 Feb 12:45,0,0,45,0,Midfielder,0,0
0,-4,Buzsaky,0,0,SWA(A) 1-4,QPR,29326,Akos,0,0,0,26,0,0,0,09 Feb 15:00,0,0,45,0,Midfielder,0,0
0,-4,Buzsaky,0,0,MUN(H) 0-2,QPR,29327,Akos,0,0,0,27,0,0,0,23 Feb 15:00,0,0,45,0,Midfielder,0,0
0,0,Buzsaky,0,0,SOU(A) 2-1,QPR,29328,Akos,0,0,0,28,0,0,0,02 Mar 15:00,0,0,45,0,Midfielder,0,0
0,-3,Buzsaky,0,0,SUN(H) 3-1,QPR,29329,Akos,0,0,0,29,0,0,0,09 Mar 15:00,0,0,45,0,Midfielder,0,0
0,-5,Buzsaky,0,0,AVL(A) 2-3,QPR,29330,Akos,0,0,0,30,0,0,0,16 Mar 15:00,0,0,45,0,Midfielder,0,0
0,-4,Buzsaky,0,0,FUL(A) 2-3,QPR,29331,Akos,0,0,0,31,0,0,0,01 Apr 20:00,0,0,45,0,Midfielder,0,0
0,-2,Buzsaky,0,0,WIG(H) 1-1,QPR,29332,Akos,0,0,0,32,0,0,0,07 Apr 16:10,0,0,45,0,Midfielder,0,0
0,-2,Buzsaky,0,0,EVE(A) 0-2,QPR,29333,Akos,0,0,0,33,0,0,0,13 Apr 15:00,0,0,45,0,Midfielder,0,0
0,-2,Buzsaky,0,0,STK(H) 0-2,QPR,29334,Akos,0,0,0,34,0,0,0,20 Apr 15:00,0,0,45,0,Midfielder,0,0
0,0,Buzsaky,0,0,RDG(A) 0-0,QPR,29335,Akos,0,0,0,35,0,0,0,28 Apr 13:30,0,0,45,0,Midfielder,0,0
0,-1,Buzsaky,0,0,ARS(H) 0-1,QPR,29336,Akos,0,0,0,36,0,0,0,04 May 17:30,0,0,45,0,Midfielder,0,0
0,-2,Buzsaky,0,0,NEW(H) 1-2,QPR,29337,Akos,0,0,0,37,0,0,0,12 May 15:00,0,0,45,0,Midfielder,0,0
0,0,Buzsaky,0,0,LIV(A) 0-1,QPR,29338,Akos,0,0,0,38,0,0,0,19 May 16:00,0,0,45,0,Midfielder,0,0
0,0,Faurlin,0,0,SWA(H) 0-5,QPR,2941,Alejandro,0,0,0,1,0,0,0,18 Aug 15:00,0,0,50,0,Midfielder,0,0
0,-471,Faurlin,0,0,NOR(A) 1-1,QPR,2942,Alejandro,0,0,0,2,0,0,0,25 Aug 15:00,0,0,50,0,Midfielder,0,0
0,-304,Faurlin,2,0,MCI(A) 1-3,QPR,2943,Alejandro,0,71,4,3,0,0,0,01 Sep 17:30,0,0,49,2,Midfielder,0,0
0,-52,Faurlin,0,0,CHE(H) 0-0,QPR,2944,Alejandro,0,90,6,4,0,1,0,15 Sep 15:00,0,0,49,3,Midfielder,0,0
0,10,Faurlin,2,0,TOT(A) 1-2,QPR,2945,Alejandro,1,90,18,5,0,0,1,23 Sep 16:00,0,0,49,3,Midfielder,0,0
0,229,Faurlin,2,0,WHU(H) 1-2,QPR,2946,Alejandro,0,90,8,6,0,0,0,01 Oct 20:00,0,0,49,2,Midfielder,0,0
0,20,Faurlin,0,0,WBA(A) 2-3,QPR,2947,Alejandro,0,0,0,7,0,0,0,06 Oct 15:00,0,0,49,0,Midfielder,0,0
0,-94,Faurlin,0,0,EVE(H) 1-1,QPR,2948,Alejandro,0,0,0,8,0,0,0,21 Oct 16:00,0,0,49,0,Midfielder,0,0
0,-91,Faurlin,0,0,ARS(A) 0-1,QPR,2949,Alejandro,0,0,0,9,0,0,0,27 Oct 15:00,0,0,49,0,Midfielder,0,0
0,-81,Faurlin,0,0,RDG(H) 1-1,QPR,29410,Alejandro,0,0,0,10,0,0,0,04 Nov 13:30,0,0,49,0,Midfielder,0,0
0,-52,Faurlin,1,0,STK(A) 0-1,QPR,29411,Alejandro,0,77,5,11,0,0,0,10 Nov 15:00,0,0,48,2,Midfielder,0,0
0,-18,Faurlin,2,0,SOU(H) 1-3,QPR,29412,Alejandro,0,45,1,12,0,0,0,17 Nov 15:00,0,0,48,1,Midfielder,0,0
0,-33,Faurlin,3,0,MUN(A) 1-3,QPR,29413,Alejandro,0,83,5,13,0,0,0,24 Nov 15:00,0,0,48,2,Midfielder,0,0
0,9,Faurlin,0,0,SUN(A) 0-0,QPR,29414,Alejandro,0,0,0,14,0,0,0,27 Nov 19:45,0,0,48,0,Midfielder,0,0
0,-19,Faurlin,0,0,AVL(H) 1-1,QPR,29415,Alejandro,0,0,0,15,0,0,0,01 Dec 15:00,0,0,48,0,Midfielder,0,0
0,-41,Faurlin,0,0,WIG(A) 2-2,QPR,29416,Alejandro,0,0,0,16,0,0,0,08 Dec 15:00,0,0,48,0,Midfielder,0,0
0,-32,Faurlin,1,0,FUL(H) 2-1,QPR,29417,Alejandro,0,90,24,17,2,0,1,15 Dec 15:00,0,0,47,7,Midfielder,0,0
0,128,Faurlin,0,0,NEW(A) 0-1,QPR,29418,Alejandro,0,77,5,18,0,1,0,22 Dec 15:00,0,0,47,3,Midfielder,0,0
0,80,Faurlin,2,0,WBA(H) 1-2,QPR,29419,Alejandro,0,63,3,19,0,0,0,26 Dec 15:00,0,0,47,2,Midfielder,0,0
0,-7,Faurlin,0,0,LIV(H) 0-3,QPR,29420,Alejandro,0,0,0,20,0,0,0,30 Dec 16:00,0,0,47,0,Midfielder,0,0
0,-45,Faurlin,0,0,CHE(A) 1-0,QPR,29421,Alejandro,0,0,0,21,0,0,0,02 Jan 19:45,0,0,47,0,Midfielder,0,0
0,-111,Faurlin,0,0,TOT(H) 0-0,QPR,29422,Alejandro,0,0,0,22,0,0,0,12 Jan 12:45,0,0,47,0,Midfielder,0,0
0,-59,Faurlin,0,0,WHU(A) 1-1,QPR,29423,Alejandro,0,0,0,23,0,0,0,19 Jan 15:00,0,0,47,0,Midfielder,0,0
0,-40,Faurlin,0,0,MCI(H) 0-0,QPR,29424,Alejandro,0,1,0,24,0,0,0,29 Jan 19:45,0,0,47,1,Midfielder,0,0
0,-61,Faurlin,0,0,NOR(H) 0-0,QPR,29425,Alejandro,0,0,0,25,0,0,0,02 Feb 12:45,0,0,47,0,Midfielder,0,0
0,-54,Faurlin,0,0,SWA(A) 1-4,QPR,29426,Alejandro,0,0,0,26,0,0,0,09 Feb 15:00,0,0,47,0,Midfielder,0,0
0,-50,Faurlin,0,0,MUN(H) 0-2,QPR,29427,Alejandro,0,0,0,27,0,0,0,23 Feb 15:00,0,0,47,0,Midfielder,0,0
0,-12,Faurlin,0,0,SOU(A) 2-1,QPR,29428,Alejandro,0,0,0,28,0,0,0,02 Mar 15:00,0,0,47,0,Midfielder,0,0
0,-9,Faurlin,0,0,SUN(H) 3-1,QPR,29429,Alejandro,0,0,0,29,0,0,0,09 Mar 15:00,0,0,47,0,Midfielder,0,0
0,-9,Faurlin,0,0,AVL(A) 2-3,QPR,29430,Alejandro,0,0,0,30,0,0,0,16 Mar 15:00,0,0,47,0,Midfielder,0,0
0,-9,Faurlin,0,0,FUL(A) 2-3,QPR,29431,Alejandro,0,0,0,31,0,0,0,01 Apr 20:00,0,0,47,0,Midfielder,0,0
0,-3,Faurlin,0,0,WIG(H) 1-1,QPR,29432,Alejandro,0,0,0,32,0,0,0,07 Apr 16:10,0,0,47,0,Midfielder,0,0
0,-3,Faurlin,0,0,EVE(A) 0-2,QPR,29433,Alejandro,0,0,0,33,0,0,0,13 Apr 15:00,0,0,47,0,Midfielder,0,0
0,-4,Faurlin,0,0,STK(H) 0-2,QPR,29434,Alejandro,0,0,0,34,0,0,0,20 Apr 15:00,0,0,47,0,Midfielder,0,0
0,0,Faurlin,0,0,RDG(A) 0-0,QPR,29435,Alejandro,0,0,0,35,0,0,0,28 Apr 13:30,0,0,47,0,Midfielder,0,0
0,-2,Faurlin,0,0,ARS(H) 0-1,QPR,29436,Alejandro,0,0,0,36,0,0,0,04 May 17:30,0,0,47,0,Midfielder,0,0
0,-2,Faurlin,0,0,NEW(H) 1-2,QPR,29437,Alejandro,0,0,0,37,0,0,0,12 May 15:00,0,0,47,0,Midfielder,0,0
0,2,Faurlin,0,0,LIV(A) 0-1,QPR,29438,Alejandro,0,0,0,38,0,0,0,19 May 16:00,0,0,47,0,Midfielder,0,0
0,0,Johnson,1,0,SWA(H) 0-5,QPR,3061,Andrew,0,14,0,1,0,0,0,18 Aug 15:00,0,0,50,1,Forward,0,0
0,-3907,Johnson,0,0,NOR(A) 1-1,QPR,3062,Andrew,0,0,0,2,0,0,0,25 Aug 15:00,0,0,50,0,Forward,0,0
0,-4889,Johnson,3,0,MCI(A) 1-3,QPR,3063,Andrew,0,90,14,3,0,0,1,01 Sep 17:30,0,0,49,5,Forward,0,0
0,-470,Johnson,0,0,CHE(H) 0-0,QPR,3064,Andrew,0,31,3,4,0,0,0,15 Sep 15:00,0,0,49,1,Forward,0,0
0,-4579,Johnson,0,0,TOT(A) 1-2,QPR,3065,Andrew,0,0,0,5,0,0,0,23 Sep 16:00,0,0,49,0,Forward,0,0
0,-3005,Johnson,0,0,WHU(H) 1-2,QPR,3066,Andrew,0,0,0,6,0,0,0,01 Oct 20:00,0,0,48,0,Forward,0,0
0,-1624,Johnson,0,0,WBA(A) 2-3,QPR,3067,Andrew,0,0,0,7,0,0,0,06 Oct 15:00,0,0,48,0,Forward,0,0
0,-1204,Johnson,0,0,EVE(H) 1-1,QPR,3068,Andrew,0,0,0,8,0,0,0,21 Oct 16:00,0,0,47,0,Forward,0,0
0,-629,Johnson,0,0,ARS(A) 0-1,QPR,3069,Andrew,0,0,0,9,0,0,0,27 Oct 15:00,0,0,47,0,Forward,0,0
0,-551,Johnson,0,0,RDG(H) 1-1,QPR,30610,Andrew,0,0,0,10,0,0,0,04 Nov 13:30,0,0,47,0,Forward,0,0
0,-381,Johnson,0,0,STK(A) 0-1,QPR,30611,Andrew,0,0,0,11,0,0,0,10 Nov 15:00,0,0,47,0,Forward,0,0
0,-415,Johnson,0,0,SOU(H) 1-3,QPR,30612,Andrew,0,0,0,12,0,0,0,17 Nov 15:00,0,0,47,0,Forward,0,0
0,-352,Johnson,0,0,MUN(A) 1-3,QPR,30613,Andrew,0,0,0,13,0,0,0,24 Nov 15:00,0,0,47,0,Forward,0,0
0,-142,Johnson,0,0,SUN(A) 0-0,QPR,30614,Andrew,0,0,0,14,0,0,0,27 Nov 19:45,0,0,47,0,Forward,0,0
0,-144,Johnson,0,0,AVL(H) 1-1,QPR,30615,Andrew,0,0,0,15,0,0,0,01 Dec 15:00,0,0,47,0,Forward,0,0
0,-258,Johnson,0,0,WIG(A) 2-2,QPR,30616,Andrew,0,0,0,16,0,0,0,08 Dec 15:00,0,0,46,0,Forward,0,0
0,-181,Johnson,0,0,FUL(H) 2-1,QPR,30617,Andrew,0,0,0,17,0,0,0,15 Dec 15:00,0,0,46,0,Forward,0,0
0,-159,Johnson,0,0,NEW(A) 0-1,QPR,30618,Andrew,0,0,0,18,0,0,0,22 Dec 15:00,0,0,46,0,Forward,0,0
0,-93,Johnson,0,0,WBA(H) 1-2,QPR,30619,Andrew,0,0,0,19,0,0,0,26 Dec 15:00,0,0,46,0,Forward,0,0
0,-80,Johnson,0,0,LIV(H) 0-3,QPR,30620,Andrew,0,0,0,20,0,0,0,30 Dec 16:00,0,0,46,0,Forward,0,0
0,-72,Johnson,0,0,CHE(A) 1-0,QPR,30621,Andrew,0,0,0,21,0,0,0,02 Jan 19:45,0,0,46,0,Forward,0,0
0,-272,Johnson,0,0,TOT(H) 0-0,QPR,30622,Andrew,0,0,0,22,0,0,0,12 Jan 12:45,0,0,46,0,Forward,0,0
0,-132,Johnson,0,0,WHU(A) 1-1,QPR,30623,Andrew,0,0,0,23,0,0,0,19 Jan 15:00,0,0,46,0,Forward,0,0
0,-129,Johnson,0,0,MCI(H) 0-0,QPR,30624,Andrew,0,0,0,24,0,0,0,29 Jan 19:45,0,0,46,0,Forward,0,0
0,-52,Johnson,0,0,NOR(H) 0-0,QPR,30625,Andrew,0,0,0,25,0,0,0,02 Feb 12:45,0,0,46,0,Forward,0,0
0,-70,Johnson,0,0,SWA(A) 1-4,QPR,30626,Andrew,0,0,0,26,0,0,0,09 Feb 15:00,0,0,46,0,Forward,0,0
0,-61,Johnson,0,0,MUN(H) 0-2,QPR,30627,Andrew,0,0,0,27,0,0,0,23 Feb 15:00,0,0,46,0,Forward,0,0
0,-34,Johnson,0,0,SOU(A) 2-1,QPR,30628,Andrew,0,0,0,28,0,0,0,02 Mar 15:00,0,0,46,0,Forward,0,0
0,-33,Johnson,0,0,SUN(H) 3-1,QPR,30629,Andrew,0,0,0,29,0,0,0,09 Mar 15:00,0,0,46,0,Forward,0,0
0,-18,Johnson,0,0,AVL(A) 2-3,QPR,30630,Andrew,0,0,0,30,0,0,0,16 Mar 15:00,0,0,46,0,Forward,0,0
0,-21,Johnson,0,0,FUL(A) 2-3,QPR,30631,Andrew,0,0,0,31,0,0,0,01 Apr 20:00,0,0,46,0,Forward,0,0
0,-10,Johnson,0,0,WIG(H) 1-1,QPR,30632,Andrew,0,0,0,32,0,0,0,07 Apr 16:10,0,0,46,0,Forward,0,0
0,-14,Johnson,0,0,EVE(A) 0-2,QPR,30633,Andrew,0,0,0,33,0,0,0,13 Apr 15:00,0,0,46,0,Forward,0,0
0,-10,Johnson,0,0,STK(H) 0-2,QPR,30634,Andrew,0,0,0,34,0,0,0,20 Apr 15:00,0,0,46,0,Forward,0,0
0,-6,Johnson,0,0,RDG(A) 0-0,QPR,30635,Andrew,0,0,0,35,0,0,0,28 Apr 13:30,0,0,46,0,Forward,0,0
0,-8,Johnson,0,0,ARS(H) 0-1,QPR,30636,Andrew,0,0,0,36,0,0,0,04 May 17:30,0,0,46,0,Forward,0,0
0,-5,Johnson,0,0,NEW(H) 1-2,QPR,30637,Andrew,0,0,0,37,0,0,0,12 May 15:00,0,0,46,0,Forward,0,0
0,-6,Johnson,0,0,LIV(A) 0-1,QPR,30638,Andrew,0,0,0,38,0,0,0,19 May 16:00,0,0,46,0,Forward,0,0
0,0,Federici,4,3,CHE(A) 2-4,Reading,3071,Adam,0,90,4,1,0,0,0,22 Aug 19:45,0,0,45,1,Goalkeeper,0,0
0,-7760,Federici,0,0,TOT(H) 1-3,Reading,3074,Adam,0,0,0,4,0,0,0,16 Sep 16:00,0,0,45,0,Goalkeeper,0,0
0,-12160,Federici,0,0,WBA(A) 0-1,Reading,3075,Adam,0,0,0,5,0,0,0,22 Sep 15:00,0,0,45,0,Goalkeeper,0,0
0,-6862,Federici,0,0,NEW(H) 2-2,Reading,3076,Adam,0,0,0,6,0,0,0,29 Sep 15:00,0,0,44,0,Goalkeeper,0,0
0,-4314,Federici,0,0,SWA(A) 2-2,Reading,3077,Adam,0,0,0,7,0,0,0,06 Oct 15:00,0,0,44,0,Goalkeeper,0,0
0,-4423,Federici,0,0,LIV(A) 0-1,Reading,3078,Adam,0,0,0,8,0,0,0,20 Oct 15:00,0,0,44,0,Goalkeeper,0,0
0,-2071,Federici,0,0,FUL(H) 3-3,Reading,3079,Adam,0,0,0,9,0,0,0,27 Oct 15:00,0,0,43,0,Goalkeeper,0,0
0,-1631,Federici,0,0,QPR(A) 1-1,Reading,30710,Adam,0,0,0,10,0,0,0,04 Nov 13:30,0,0,43,0,Goalkeeper,0,0
0,-759,Federici,0,1,NOR(H) 0-0,Reading,30711,Adam,0,90,9,11,0,1,0,10 Nov 15:00,0,0,43,6,Goalkeeper,0,0
0,480,Federici,1,6,EVE(H) 2-1,Reading,30712,Adam,0,90,16,12,0,0,0,17 Nov 15:00,0,0,43,4,Goalkeeper,0,0
0,969,Federici,3,4,WIG(A) 2-3,Reading,30713,Adam,0,90,6,13,0,0,0,24 Nov 15:00,0,0,43,2,Goalkeeper,0,0
0,237,Federici,1,6,AVL(A) 0-1,Reading,30714,Adam,0,90,6,14,0,0,0,27 Nov 20:00,0,0,43,4,Goalkeeper,0,0
0,1070,Federici,4,0,MUN(H) 3-4,Reading,30715,Adam,0,90,6,15,0,0,0,01 Dec 17:30,0,0,43,0,Goalkeeper,0,0
0,3150,Federici,3,5,SUN(A) 0-3,Reading,30716,Adam,0,90,8,16,0,0,0,11 Dec 19:45,0,0,43,2,Goalkeeper,0,0
0,263,Federici,5,7,ARS(H) 2-5,Reading,30717,Adam,0,90,5,17,0,0,0,17 Dec 20:00,0,0,43,2,Goalkeeper,0,0
0,-154,Federici,1,3,MCI(A) 0-1,Reading,30718,Adam,0,90,4,18,0,0,0,22 Dec 15:00,0,0,43,3,Goalkeeper,0,0
0,2288,Federici,0,2,SWA(H) 0-0,Reading,30719,Adam,0,90,11,19,1,1,0,26 Dec 15:00,0,0,43,7,Goalkeeper,0,0
0,3645,Federici,0,3,WHU(H) 1-0,Reading,30720,Adam,0,90,18,20,1,1,0,29 Dec 15:00,0,0,43,8,Goalkeeper,0,0
0,5482,Federici,3,8,TOT(A) 1-3,Reading,30721,Adam,0,90,5,21,0,0,0,01 Jan 15:00,0,0,43,3,Goalkeeper,0,0
0,37511,Federici,2,1,WBA(H) 3-2,Reading,30722,Adam,0,90,13,22,0,0,0,12 Jan 15:00,0,0,43,1,Goalkeeper,0,0
0,11558,Federici,1,9,NEW(A) 2-1,Reading,30723,Adam,0,90,20,23,1,0,0,19 Jan 15:00,0,0,43,6,Goalkeeper,0,0
0,18845,Federici,2,2,CHE(H) 2-2,Reading,30724,Adam,0,90,7,24,0,0,0,30 Jan 20:00,0,0,44,1,Goalkeeper,0,0
0,6117,Federici,1,5,SUN(H) 2-1,Reading,30725,Adam,0,90,18,25,0,0,0,02 Feb 15:00,0,0,44,3,Goalkeeper,0,0
0,1012,Federici,2,6,STK(A) 1-2,Reading,30726,Adam,0,90,7,26,0,0,0,09 Feb 15:00,0,0,44,3,Goalkeeper,0,0
0,3464,Federici,3,4,WIG(H) 0-3,Reading,30727,Adam,0,90,4,27,0,0,0,23 Feb 15:00,0,0,44,2,Goalkeeper,0,0
0,550,Federici,0,0,EVE(A) 1-3,Reading,30728,Adam,0,0,0,28,0,0,0,02 Mar 15:00,0,0,44,0,Goalkeeper,0,0
0,-11224,Federici,0,0,AVL(H) 1-2,Reading,30729,Adam,0,0,0,29,0,0,0,09 Mar 15:00,0,0,44,0,Goalkeeper,0,0
0,-9036,Federici,0,0,MUN(A) 0-1,Reading,30730,Adam,0,0,0,30,0,0,0,16 Mar 17:30,0,0,44,0,Goalkeeper,0,0
0,-8168,Federici,0,0,ARS(A) 1-4,Reading,30731,Adam,0,0,0,31,0,0,0,30 Mar 15:00,0,0,44,0,Goalkeeper,0,0
0,-2458,Federici,2,2,SOU(H) 0-2,Reading,30732,Adam,0,90,3,32,0,0,0,06 Apr 12:45,0,0,43,1,Goalkeeper,0,0
0,-1792,Federici,0,0,LIV(H) 0-0,Reading,30733,Adam,0,0,0,33,0,0,0,13 Apr 15:00,0,0,43,0,Goalkeeper,0,0
0,-2408,Federici,0,0,NOR(A) 1-2,Reading,30734,Adam,0,0,0,34,0,0,0,20 Apr 15:00,0,0,43,0,Goalkeeper,0,0
0,-2744,Federici,0,0,QPR(H) 0-0,Reading,30735,Adam,0,0,0,35,0,0,0,28 Apr 13:30,0,0,43,0,Goalkeeper,0,0
0,-2148,Federici,0,0,FUL(A) 4-2,Reading,30736,Adam,0,0,0,36,0,0,0,04 May 15:00,0,0,43,0,Goalkeeper,0,0
0,-501,Federici,0,0,MCI(H) 0-2,Reading,30737,Adam,0,0,0,37,0,0,0,14 May 20:00,0,0,43,0,Goalkeeper,0,0
0,-829,Federici,0,0,WHU(A) 2-4,Reading,30738,Adam,0,0,0,38,0,0,0,19 May 16:00,0,0,43,0,Goalkeeper,0,0
0,0,McCarthy,0,0,CHE(A) 2-4,Reading,3081,Alex,0,0,0,1,0,0,0,22 Aug 19:45,0,0,40,0,Goalkeeper,0,0
0,263,McCarthy,3,4,TOT(H) 1-3,Reading,3084,Alex,0,90,5,4,0,0,0,16 Sep 16:00,0,0,40,2,Goalkeeper,0,0
0,7939,McCarthy,1,3,WBA(A) 0-1,Reading,3085,Alex,0,90,8,5,0,0,0,22 Sep 15:00,0,0,40,3,Goalkeeper,0,0
0,11691,McCarthy,2,0,NEW(H) 2-2,Reading,3086,Alex,0,90,8,6,0,0,0,29 Sep 15:00,0,0,40,1,Goalkeeper,0,0
0,10909,McCarthy,2,8,SWA(A) 2-2,Reading,3087,Alex,0,90,10,7,0,0,0,06 Oct 15:00,0,0,40,3,Goalkeeper,0,0
0,14208,McCarthy,1,6,LIV(A) 0-1,Reading,3088,Alex,0,90,8,8,0,0,0,20 Oct 15:00,0,0,40,4,Goalkeeper,0,0
0,12579,McCarthy,3,2,FUL(H) 3-3,Reading,3089,Alex,0,90,8,9,0,0,0,27 Oct 15:00,0,0,40,1,Goalkeeper,0,0
0,6224,McCarthy,1,6,QPR(A) 1-1,Reading,30810,Alex,0,90,11,10,0,0,0,04 Nov 13:30,0,0,41,4,Goalkeeper,0,0
0,-158,McCarthy,0,0,NOR(H) 0-0,Reading,30811,Alex,0,0,0,11,0,0,0,10 Nov 15:00,0,0,41,0,Goalkeeper,0,0
0,-4818,McCarthy,0,0,EVE(H) 2-1,Reading,30812,Alex,0,0,0,12,0,0,0,17 Nov 15:00,0,0,41,0,Goalkeeper,0,0
0,-3907,McCarthy,0,0,WIG(A) 2-3,Reading,30813,Alex,0,0,0,13,0,0,0,24 Nov 15:00,0,0,41,0,Goalkeeper,0,0
0,-3734,McCarthy,0,0,AVL(A) 0-1,Reading,30814,Alex,0,0,0,14,0,0,0,27 Nov 20:00,0,0,41,0,Goalkeeper,0,0
0,-3999,McCarthy,0,0,MUN(H) 3-4,Reading,30815,Alex,0,0,0,15,0,0,0,01 Dec 17:30,0,0,41,0,Goalkeeper,0,0
0,-3749,McCarthy,0,0,SUN(A) 0-3,Reading,30816,Alex,0,0,0,16,0,0,0,11 Dec 19:45,0,0,41,0,Goalkeeper,0,0
0,-3160,McCarthy,0,0,ARS(H) 2-5,Reading,30817,Alex,0,0,0,17,0,0,0,17 Dec 20:00,0,0,41,0,Goalkeeper,0,0
0,-1933,McCarthy,0,0,MCI(A) 0-1,Reading,30818,Alex,0,0,0,18,0,0,0,22 Dec 15:00,0,0,40,0,Goalkeeper,0,0
0,-2842,McCarthy,0,0,SWA(H) 0-0,Reading,30819,Alex,0,0,0,19,0,0,0,26 Dec 15:00,0,0,40,0,Goalkeeper,0,0
0,-1146,McCarthy,0,0,WHU(H) 1-0,Reading,30820,Alex,0,0,0,20,0,0,0,29 Dec 15:00,0,0,40,0,Goalkeeper,0,0
0,-1129,McCarthy,0,0,TOT(A) 1-3,Reading,30821,Alex,0,0,0,21,0,0,0,01 Jan 15:00,0,0,40,0,Goalkeeper,0,0
0,-10885,McCarthy,0,0,WBA(H) 3-2,Reading,30822,Alex,0,0,0,22,0,0,0,12 Jan 15:00,0,0,40,0,Goalkeeper,0,0
0,-4558,McCarthy,0,0,NEW(A) 2-1,Reading,30823,Alex,0,0,0,23,0,0,0,19 Jan 15:00,0,0,40,0,Goalkeeper,0,0
0,-4425,McCarthy,0,0,CHE(H) 2-2,Reading,30824,Alex,0,0,0,24,0,0,0,30 Jan 20:00,0,0,40,0,Goalkeeper,0,0
0,-2843,McCarthy,0,0,SUN(H) 2-1,Reading,30825,Alex,0,0,0,25,0,0,0,02 Feb 15:00,0,0,40,0,Goalkeeper,0,0
0,-775,McCarthy,0,0,STK(A) 1-2,Reading,30826,Alex,0,0,0,26,0,0,0,09 Feb 15:00,0,0,40,0,Goalkeeper,0,0
0,520,McCarthy,0,0,WIG(H) 0-3,Reading,30827,Alex,0,0,0,27,0,0,0,23 Feb 15:00,0,0,39,0,Goalkeeper,0,0
0,1201,McCarthy,0,0,EVE(A) 1-3,Reading,30828,Alex,0,0,0,28,0,0,0,02 Mar 15:00,0,0,39,0,Goalkeeper,0,0
0,316,McCarthy,0,0,AVL(H) 1-2,Reading,30829,Alex,0,0,0,29,0,0,0,09 Mar 15:00,0,0,39,0,Goalkeeper,0,0
0,1926,McCarthy,0,0,MUN(A) 0-1,Reading,30830,Alex,0,0,0,30,0,0,0,16 Mar 17:30,0,0,39,0,Goalkeeper,0,0
0,4456,McCarthy,0,0,ARS(A) 1-4,Reading,30831,Alex,0,0,0,31,0,0,0,30 Mar 15:00,0,0,39,0,Goalkeeper,0,0
0,2728,McCarthy,0,0,SOU(H) 0-2,Reading,30832,Alex,0,0,0,32,0,0,0,06 Apr 12:45,0,0,39,0,Goalkeeper,0,0
0,2747,McCarthy,0,12,LIV(H) 0-0,Reading,30833,Alex,0,90,17,33,1,1,0,13 Apr 15:00,0,0,39,11,Goalkeeper,0,0
0,6032,McCarthy,2,6,NOR(A) 1-2,Reading,30834,Alex,0,90,8,34,0,0,0,20 Apr 15:00,0,0,39,3,Goalkeeper,0,0
0,5739,McCarthy,0,3,QPR(H) 0-0,Reading,30835,Alex,0,90,12,35,0,1,0,28 Apr 13:30,0,0,39,7,Goalkeeper,0,0
0,6174,McCarthy,2,7,FUL(A) 4-2,Reading,30836,Alex,0,90,21,36,0,0,0,04 May 15:00,0,0,39,3,Goalkeeper,0,0
0,3761,McCarthy,2,11,MCI(H) 0-2,Reading,30837,Alex,0,90,10,37,0,0,0,14 May 20:00,0,0,39,4,Goalkeeper,0,0
0,2294,McCarthy,4,6,WHU(A) 2-4,Reading,30838,Alex,0,90,7,38,0,0,0,19 May 16:00,0,0,40,2,Goalkeeper,0,0
0,0,Pearce,4,0,CHE(A) 2-4,Reading,3101,Alex,0,90,14,1,0,0,0,22 Aug 19:45,0,0,45,0,Defender,0,0
0,-2327,Pearce,3,0,TOT(H) 1-3,Reading,3104,Alex,0,90,6,4,0,0,0,16 Sep 16:00,0,0,44,1,Defender,0,0
0,-1141,Pearce,1,0,WBA(A) 0-1,Reading,3105,Alex,0,90,-1,5,0,0,0,22 Sep 15:00,0,0,43,2,Defender,0,0
0,-1109,Pearce,0,0,NEW(H) 2-2,Reading,3106,Alex,0,0,0,6,0,0,0,29 Sep 15:00,0,0,43,0,Defender,0,0
0,-1015,Pearce,0,0,SWA(A) 2-2,Reading,3107,Alex,0,0,0,7,0,0,0,06 Oct 15:00,0,0,42,0,Defender,0,0
0,-1052,Pearce,0,0,LIV(A) 0-1,Reading,3108,Alex,0,0,0,8,0,0,0,20 Oct 15:00,0,0,42,0,Defender,0,0
0,-841,Pearce,0,0,FUL(H) 3-3,Reading,3109,Alex,0,0,0,9,0,0,0,27 Oct 15:00,0,0,41,0,Defender,0,0
0,-848,Pearce,0,0,QPR(A) 1-1,Reading,31010,Alex,0,0,0,10,0,0,0,04 Nov 13:30,0,0,41,0,Defender,0,0
0,-650,Pearce,0,0,NOR(H) 0-0,Reading,31011,Alex,0,0,0,11,0,0,0,10 Nov 15:00,0,0,40,0,Defender,0,0
0,-508,Pearce,0,0,EVE(H) 2-1,Reading,31012,Alex,0,0,0,12,0,0,0,17 Nov 15:00,0,0,40,0,Defender,0,0
0,-499,Pearce,0,0,WIG(A) 2-3,Reading,31013,Alex,0,0,0,13,0,0,0,24 Nov 15:00,0,0,40,0,Defender,0,0
0,-231,Pearce,0,0,AVL(A) 0-1,Reading,31014,Alex,0,0,0,14,0,0,0,27 Nov 20:00,0,0,39,0,Defender,0,0
0,-581,Pearce,0,0,MUN(H) 3-4,Reading,31015,Alex,0,0,0,15,0,0,0,01 Dec 17:30,0,0,39,0,Defender,0,0
0,9,Pearce,3,0,SUN(A) 0-3,Reading,31016,Alex,0,90,2,16,0,0,0,11 Dec 19:45,0,0,38,1,Defender,0,0
0,535,Pearce,0,0,ARS(H) 2-5,Reading,31017,Alex,0,0,0,17,0,0,0,17 Dec 20:00,0,0,38,0,Defender,0,0
0,716,Pearce,1,0,MCI(A) 0-1,Reading,31018,Alex,0,90,-2,18,0,0,0,22 Dec 15:00,0,0,38,2,Defender,0,0
0,777,Pearce,0,0,SWA(H) 0-0,Reading,31019,Alex,0,90,8,19,0,1,0,26 Dec 15:00,0,0,38,6,Defender,0,0
1,1173,Pearce,0,0,WHU(H) 1-0,Reading,31020,Alex,0,90,16,20,0,1,0,29 Dec 15:00,0,0,38,5,Defender,0,0
0,933,Pearce,3,0,TOT(A) 1-3,Reading,31021,Alex,0,90,2,21,0,0,0,01 Jan 15:00,0,0,38,1,Defender,0,0
0,3087,Pearce,2,0,WBA(H) 3-2,Reading,31022,Alex,0,90,33,22,2,0,1,12 Jan 15:00,0,0,38,6,Defender,0,0
0,7926,Pearce,1,0,NEW(A) 2-1,Reading,31023,Alex,0,90,14,23,0,0,0,19 Jan 15:00,0,0,38,2,Defender,0,0
0,11489,Pearce,2,0,CHE(H) 2-2,Reading,31024,Alex,0,90,6,24,0,0,0,30 Jan 20:00,0,0,38,1,Defender,0,0
0,7362,Pearce,1,0,SUN(H) 2-1,Reading,31025,Alex,0,90,13,25,0,0,0,02 Feb 15:00,0,0,38,2,Defender,0,0
0,4822,Pearce,2,0,STK(A) 1-2,Reading,31026,Alex,0,90,16,26,0,0,0,09 Feb 15:00,0,0,38,1,Defender,0,0
0,911,Pearce,0,0,WIG(H) 0-3,Reading,31027,Alex,0,0,0,27,0,0,0,23 Feb 15:00,0,0,38,0,Defender,0,0
0,93,Pearce,3,0,EVE(A) 1-3,Reading,31028,Alex,0,90,-2,28,0,0,0,02 Mar 15:00,0,0,38,1,Defender,0,0
0,1022,Pearce,2,0,AVL(H) 1-2,Reading,31029,Alex,0,90,6,29,0,0,0,09 Mar 15:00,0,0,38,1,Defender,0,0
0,370,Pearce,1,0,MUN(A) 0-1,Reading,31030,Alex,0,90,11,30,0,0,0,16 Mar 17:30,0,0,38,2,Defender,0,0
0,576,Pearce,4,0,ARS(A) 1-4,Reading,31031,Alex,0,90,10,31,0,0,0,30 Mar 15:00,0,0,38,0,Defender,0,0
0,95,Pearce,0,0,SOU(H) 0-2,Reading,31032,Alex,0,0,0,32,0,0,0,06 Apr 12:45,0,0,38,0,Defender,0,0
0,-2085,Pearce,0,0,LIV(H) 0-0,Reading,31033,Alex,0,0,0,33,0,0,0,13 Apr 15:00,0,0,38,0,Defender,0,0
0,-1127,Pearce,0,0,NOR(A) 1-2,Reading,31034,Alex,0,0,0,34,0,0,0,20 Apr 15:00,0,0,38,0,Defender,0,0
0,-1092,Pearce,0,0,QPR(H) 0-0,Reading,31035,Alex,0,0,0,35,0,0,0,28 Apr 13:30,0,0,38,0,Defender,0,0
0,-1218,Pearce,0,0,FUL(A) 4-2,Reading,31036,Alex,0,0,0,36,0,0,0,04 May 15:00,0,0,38,0,Defender,0,0
0,-517,Pearce,0,0,MCI(H) 0-2,Reading,31037,Alex,0,0,0,37,0,0,0,14 May 20:00,0,0,38,0,Defender,0,0
0,-427,Pearce,0,0,WHU(A) 2-4,Reading,31038,Alex,0,0,0,38,0,0,0,19 May 16:00,0,0,38,0,Defender,0,0
0,0,Le Fondre,2,0,CHE(A) 2-4,Reading,3311,Adam,0,20,1,1,0,0,0,22 Aug 19:45,0,0,50,1,Forward,0,0
0,-1405,Le Fondre,2,0,TOT(H) 1-3,Reading,3314,Adam,0,45,4,4,0,0,1,16 Sep 16:00,0,0,50,4,Forward,0,0
0,-18,Le Fondre,1,0,WBA(A) 0-1,Reading,3315,Adam,0,90,-3,5,0,0,0,22 Sep 15:00,0,0,50,2,Forward,0,0
0,-605,Le Fondre,0,0,NEW(H) 2-2,Reading,3316,Adam,0,5,1,6,0,0,0,29 Sep 15:00,0,0,50,1,Forward,0,0
0,-1357,Le Fondre,0,0,SWA(A) 2-2,Reading,3317,Adam,0,11,6,7,0,0,0,06 Oct 15:00,0,0,50,1,Forward,0,0
0,-1949,Le Fondre,0,0,LIV(A) 0-1,Reading,3318,Adam,0,17,0,8,0,0,0,20 Oct 15:00,0,0,50,1,Forward,0,0
0,-1289,Le Fondre,1,0,FUL(H) 3-3,Reading,3319,Adam,0,11,1,9,0,0,0,27 Oct 15:00,0,0,50,1,Forward,0,0
1,-1106,Le Fondre,0,0,QPR(A) 1-1,Reading,33110,Adam,0,3,-1,10,0,0,0,04 Nov 13:30,0,0,49,0,Forward,0,0
0,-764,Le Fondre,0,0,NOR(H) 0-0,Reading,33111,Adam,0,13,1,11,0,0,0,10 Nov 15:00,0,0,49,1,Forward,0,0
0,-851,Le Fondre,1,0,EVE(H) 2-1,Reading,33112,Adam,0,80,33,12,3,0,0,17 Nov 15:00,0,0,48,13,Forward,0,2
0,8165,Le Fondre,3,0,WIG(A) 2-3,Reading,33113,Adam,0,90,-15,13,0,0,0,24 Nov 15:00,0,0,48,2,Forward,0,0
0,2711,Le Fondre,1,0,AVL(A) 0-1,Reading,33114,Adam,0,90,-12,14,0,0,0,27 Nov 20:00,0,0,48,2,Forward,0,0
0,3292,Le Fondre,4,0,MUN(H) 3-4,Reading,33115,Adam,0,90,24,15,1,0,0,01 Dec 17:30,0,0,48,7,Forward,0,1
0,65877,Le Fondre,3,0,SUN(A) 0-3,Reading,33116,Adam,0,90,-6,16,0,0,0,11 Dec 19:45,0,0,50,2,Forward,0,0
0,-20902,Le Fondre,1,0,ARS(H) 2-5,Reading,33117,Adam,0,29,22,17,0,0,0,17 Dec 20:00,0,0,50,5,Forward,0,1
0,-5417,Le Fondre,0,0,MCI(A) 0-1,Reading,33118,Adam,0,0,0,18,0,0,0,22 Dec 15:00,0,0,49,0,Forward,0,0
1,691,Le Fondre,0,0,SWA(H) 0-0,Reading,33119,Adam,0,30,-4,19,0,0,0,26 Dec 15:00,0,0,49,0,Forward,0,0
0,-1514,Le Fondre,0,0,WHU(H) 1-0,Reading,33120,Adam,0,0,0,20,0,0,0,29 Dec 15:00,0,0,49,0,Forward,0,0
0,-6080,Le Fondre,1,0,TOT(A) 1-3,Reading,33121,Adam,0,18,0,21,0,0,0,01 Jan 15:00,0,0,48,1,Forward,0,0
0,-11246,Le Fondre,1,0,WBA(H) 3-2,Reading,33122,Adam,0,26,17,22,0,0,0,12 Jan 15:00,0,0,47,5,Forward,0,1
0,-1150,Le Fondre,0,0,NEW(A) 2-1,Reading,33123,Adam,0,21,38,23,3,0,0,19 Jan 15:00,0,0,47,12,Forward,0,2
0,18565,Le Fondre,0,0,CHE(H) 2-2,Reading,33124,Adam,0,25,28,24,2,0,0,30 Jan 20:00,0,0,47,11,Forward,0,2
0,70416,Le Fondre,0,0,SUN(H) 2-1,Reading,33125,Adam,0,26,4,25,0,0,0,02 Feb 15:00,0,0,48,1,Forward,0,0
0,20476,Le Fondre,2,0,STK(A) 1-2,Reading,33126,Adam,0,35,1,26,0,0,0,09 Feb 15:00,0,0,49,1,Forward,0,0
0,15394,Le Fondre,1,0,WIG(H) 0-3,Reading,33127,Adam,0,45,1,27,0,0,0,23 Feb 15:00,0,0,50,1,Forward,0,0
1,-11819,Le Fondre,3,0,EVE(A) 1-3,Reading,33128,Adam,0,90,-3,28,0,0,0,02 Mar 15:00,0,0,50,1,Forward,0,0
0,2543,Le Fondre,2,0,AVL(H) 1-2,Reading,33129,Adam,0,90,7,29,0,0,0,09 Mar 15:00,0,0,50,2,Forward,0,0
0,-19514,Le Fondre,0,0,MUN(A) 0-1,Reading,33130,Adam,0,21,1,30,0,0,0,16 Mar 17:30,0,0,49,1,Forward,0,0
0,-14149,Le Fondre,0,0,ARS(A) 1-4,Reading,33131,Adam,0,0,0,31,0,0,0,30 Mar 15:00,0,0,47,0,Forward,0,0
0,-11390,Le Fondre,2,0,SOU(H) 0-2,Reading,33132,Adam,0,90,-7,32,0,0,0,06 Apr 12:45,0,0,46,2,Forward,0,0
0,-10367,Le Fondre,0,0,LIV(H) 0-0,Reading,33133,Adam,0,12,1,33,0,0,0,13 Apr 15:00,0,0,45,1,Forward,0,0
0,-4246,Le Fondre,0,0,NOR(A) 1-2,Reading,33134,Adam,0,0,0,34,0,0,0,20 Apr 15:00,0,0,44,0,Forward,0,0
0,-712,Le Fondre,0,0,QPR(H) 0-0,Reading,33135,Adam,0,27,-3,35,0,0,0,28 Apr 13:30,0,0,44,1,Forward,0,0
0,-4377,Le Fondre,1,0,FUL(A) 4-2,Reading,33136,Adam,0,20,27,36,0,0,1,04 May 15:00,0,0,44,8,Forward,0,1
0,-139,Le Fondre,1,0,MCI(H) 0-2,Reading,33137,Adam,0,29,1,37,0,0,0,14 May 20:00,0,0,44,1,Forward,0,0
0,904,Le Fondre,2,0,WHU(A) 2-4,Reading,33138,Adam,0,45,19,38,0,0,0,19 May 16:00,0,0,44,5,Forward,0,1
0,0,Lallana,3,0,MCI(A) 2-3,Southampton,3461,Adam,0,90,9,1,0,0,1,19 Aug 16:00,0,0,60,5,Midfielder,0,0
0,3041,Lallana,2,0,WIG(H) 0-2,Southampton,3462,Adam,0,90,9,2,0,0,0,25 Aug 15:00,0,0,60,2,Midfielder,0,0
0,-5305,Lallana,1,0,MUN(H) 2-3,Southampton,3463,Adam,0,78,-4,3,0,0,0,02 Sep 16:00,0,0,60,2,Midfielder,0,0
0,-3302,Lallana,6,0,ARS(A) 1-6,Southampton,3464,Adam,0,90,4,4,0,0,0,15 Sep 15:00,0,0,60,2,Midfielder,0,0
0,-1899,Lallana,1,0,AVL(H) 4-1,Southampton,3465,Adam,0,90,24,5,1,0,1,22 Sep 15:00,0,0,60,6,Midfielder,0,0
0,260,Lallana,3,0,EVE(A) 1-3,Southampton,3466,Adam,0,89,10,6,0,0,1,29 Sep 15:00,0,0,60,5,Midfielder,0,0
0,1523,Lallana,2,0,FUL(H) 2-2,Southampton,3467,Adam,0,90,17,7,0,0,1,07 Oct 13:30,0,0,60,5,Midfielder,0,0
0,3547,Lallana,4,0,WHU(A) 1-4,Southampton,3468,Adam,0,90,23,8,1,0,0,20 Oct 15:00,0,0,60,8,Midfielder,0,1
0,14430,Lallana,2,0,TOT(H) 1-2,Southampton,3469,Adam,0,90,2,9,0,0,0,28 Oct 15:00,0,0,60,2,Midfielder,0,0
0,6167,Lallana,2,0,WBA(A) 0-2,Southampton,34610,Adam,0,90,11,10,0,0,0,05 Nov 20:00,0,0,60,2,Midfielder,0,0
1,1681,Lallana,1,0,SWA(H) 1-1,Southampton,34611,Adam,0,90,7,11,0,0,0,10 Nov 15:00,0,0,60,1,Midfielder,0,0
0,-2258,Lallana,1,0,QPR(A) 3-1,Southampton,34612,Adam,0,90,14,12,0,0,0,17 Nov 15:00,0,0,60,2,Midfielder,0,0
0,-1372,Lallana,0,0,NEW(H) 2-0,Southampton,34613,Adam,0,90,45,13,3,1,0,25 Nov 15:00,0,0,60,11,Midfielder,0,1
0,18558,Lallana,1,0,NOR(H) 1-1,Southampton,34614,Adam,0,90,7,14,0,0,0,28 Nov 19:45,0,0,61,2,Midfielder,0,0
0,2293,Lallana,1,0,LIV(A) 0-1,Southampton,34615,Adam,0,90,7,15,0,0,0,01 Dec 15:00,0,0,61,2,Midfielder,0,0
0,4818,Lallana,0,0,RDG(H) 1-0,Southampton,34616,Adam,0,39,3,16,0,0,0,08 Dec 15:00,0,0,61,1,Midfielder,0,0
0,-14402,Lallana,0,0,SUN(H) 0-1,Southampton,34618,Adam,0,0,0,18,0,0,0,22 Dec 15:00,0,0,60,0,Midfielder,0,0
0,-9335,Lallana,0,0,FUL(A) 1-1,Southampton,34619,Adam,0,0,0,19,0,0,0,26 Dec 15:00,0,0,59,0,Midfielder,0,0
0,-6816,Lallana,0,0,STK(A) 3-3,Southampton,34620,Adam,0,0,0,20,0,0,0,29 Dec 15:00,0,0,58,0,Midfielder,0,0
0,-3375,Lallana,0,0,ARS(H) 1-1,Southampton,34621,Adam,0,0,0,21,0,0,0,01 Jan 17:30,0,0,57,0,Midfielder,0,0
0,-5510,Lallana,0,0,CHE(A) 2-2,Southampton,34622,Adam,0,0,0,22,0,0,0,16 Jan 19:45,0,0,57,0,Midfielder,0,0
0,-2051,Lallana,0,0,EVE(H) 0-0,Southampton,34623,Adam,0,0,0,23,0,0,0,21 Jan 20:00,0,0,57,0,Midfielder,0,0
0,-1281,Lallana,0,0,MUN(A) 1-2,Southampton,34624,Adam,0,45,-1,24,0,0,0,30 Jan 20:00,0,0,56,1,Midfielder,0,0
0,457,Lallana,1,0,WIG(A) 2-2,Southampton,34625,Adam,0,31,-1,25,0,0,0,02 Feb 15:00,0,0,56,1,Midfielder,0,0
0,-249,Lallana,0,0,MCI(H) 3-1,Southampton,34626,Adam,0,30,5,26,0,0,0,09 Feb 17:30,0,0,56,1,Midfielder,0,0
0,-23,Lallana,4,0,NEW(A) 2-4,Southampton,34627,Adam,0,90,3,27,0,0,1,24 Feb 13:30,0,0,56,5,Midfielder,0,0
0,1012,Lallana,1,0,QPR(H) 1-2,Southampton,34628,Adam,0,42,-5,28,0,0,0,02 Mar 15:00,0,0,56,1,Midfielder,0,0
1,-529,Lallana,0,0,NOR(A) 0-0,Southampton,34629,Adam,0,77,6,29,0,1,0,09 Mar 15:00,0,0,56,2,Midfielder,0,0
0,-217,Lallana,1,0,LIV(H) 3-1,Southampton,34630,Adam,0,83,16,30,0,0,0,16 Mar 15:00,0,0,56,2,Midfielder,0,0
0,309,Lallana,0,0,CHE(H) 2-1,Southampton,34631,Adam,0,0,0,31,0,0,0,30 Mar 15:00,0,0,56,0,Midfielder,0,0
0,-509,Lallana,0,0,RDG(A) 2-0,Southampton,34632,Adam,0,28,22,32,2,0,0,06 Apr 12:45,0,0,56,8,Midfielder,0,1
0,2057,Lallana,1,0,WHU(H) 1-1,Southampton,34633,Adam,0,71,-1,33,0,0,0,13 Apr 15:00,0,0,56,2,Midfielder,0,0
0,422,Lallana,0,0,SWA(A) 0-0,Southampton,34634,Adam,0,76,3,34,0,1,0,20 Apr 15:00,0,0,56,3,Midfielder,0,0
0,545,Lallana,2,0,WBA(H) 0-3,Southampton,34635,Adam,0,68,10,35,0,0,0,27 Apr 15:00,0,0,56,2,Midfielder,0,0
0,-902,Lallana,0,0,TOT(A) 0-1,Southampton,34636,Adam,0,79,5,36,0,1,0,04 May 15:00,0,0,56,3,Midfielder,0,0
0,589,Lallana,1,0,SUN(A) 1-1,Southampton,34637,Adam,0,71,7,37,0,0,0,12 May 15:00,0,0,56,2,Midfielder,0,0
0,161,Lallana,1,0,STK(H) 1-1,Southampton,34638,Adam,0,63,13,38,0,0,0,19 May 16:00,0,0,56,2,Midfielder,0,0
1,0,Begovic,1,1,RDG(A) 1-1,Stoke City,3551,Asmir,0,90,5,1,0,0,0,18 Aug 15:00,0,0,45,1,Goalkeeper,0,0
0,462,Begovic,0,2,ARS(H) 0-0,Stoke City,3552,Asmir,0,90,11,2,0,1,0,26 Aug 13:30,0,0,45,6,Goalkeeper,0,0
0,21100,Begovic,2,1,WIG(A) 2-2,Stoke City,3553,Asmir,0,90,8,3,0,0,0,01 Sep 15:00,0,0,45,1,Goalkeeper,0,0
0,3047,Begovic,1,7,MCI(H) 1-1,Stoke City,3554,Asmir,0,90,10,4,0,0,0,15 Sep 15:00,0,0,45,4,Goalkeeper,0,0
0,5694,Begovic,1,4,CHE(A) 0-1,Stoke City,3555,Asmir,0,90,5,5,0,0,0,22 Sep 15:00,0,0,45,3,Goalkeeper,0,0
0,12069,Begovic,0,1,SWA(H) 2-0,Stoke City,3556,Asmir,0,90,17,6,0,1,0,29 Sep 15:00,0,0,45,6,Goalkeeper,0,0
0,17846,Begovic,0,3,LIV(A) 0-0,Stoke City,3557,Asmir,0,90,13,7,2,1,0,07 Oct 15:00,0,0,45,9,Goalkeeper,0,0
0,34311,Begovic,4,3,MUN(A) 2-4,Stoke City,3558,Asmir,0,90,5,8,0,0,0,20 Oct 15:00,0,0,46,1,Goalkeeper,0,0
0,27613,Begovic,0,0,SUN(H) 0-0,Stoke City,3559,Asmir,0,90,11,9,0,1,0,27 Oct 15:00,0,0,47,6,Goalkeeper,0,0
0,91526,Begovic,1,4,NOR(A) 0-1,Stoke City,35510,Asmir,0,90,6,10,0,0,0,03 Nov 15:00,0,0,49,3,Goalkeeper,0,0
0,24322,Begovic,0,3,QPR(H) 1-0,Stoke City,35511,Asmir,0,90,19,11,0,1,0,10 Nov 15:00,0,0,50,7,Goalkeeper,0,0
0,29444,Begovic,1,5,WHU(A) 1-1,Stoke City,35512,Asmir,0,90,12,12,0,0,0,19 Nov 20:00,0,0,51,3,Goalkeeper,0,0
0,16244,Begovic,0,2,FUL(H) 1-0,Stoke City,35513,Asmir,0,90,19,13,0,1,0,24 Nov 15:00,0,0,51,6,Goalkeeper,0,0
0,29611,Begovic,1,5,NEW(H) 2-1,Stoke City,35514,Asmir,0,90,18,14,0,0,0,28 Nov 19:45,0,0,52,3,Goalkeeper,0,0
0,19266,Begovic,0,6,WBA(A) 1-0,Stoke City,35515,Asmir,0,90,22,15,1,1,0,01 Dec 15:00,0,0,53,9,Goalkeeper,0,0
0,44117,Begovic,0,3,AVL(A) 0-0,Stoke City,35516,Asmir,0,90,11,16,0,1,0,08 Dec 15:00,0,0,54,7,Goalkeeper,0,0
1,49365,Begovic,1,1,EVE(H) 1-1,Stoke City,35517,Asmir,0,90,5,17,0,0,0,15 Dec 15:00,0,0,55,1,Goalkeeper,0,0
0,11799,Begovic,0,6,TOT(A) 0-0,Stoke City,35518,Asmir,0,90,14,18,2,1,0,22 Dec 15:00,0,0,56,10,Goalkeeper,0,0
0,25445,Begovic,1,3,LIV(H) 3-1,Stoke City,35519,Asmir,0,90,15,19,0,0,0,26 Dec 19:45,0,0,57,3,Goalkeeper,0,0
0,16541,Begovic,3,3,SOU(H) 3-3,Stoke City,35520,Asmir,0,90,8,20,0,0,0,29 Dec 15:00,0,0,57,2,Goalkeeper,0,0
0,8820,Begovic,3,3,MCI(A) 0-3,Stoke City,35521,Asmir,0,90,5,21,0,0,0,01 Jan 15:00,0,0,57,2,Goalkeeper,0,0
0,22282,Begovic,4,5,CHE(H) 0-4,Stoke City,35522,Asmir,0,90,4,22,0,0,0,12 Jan 15:00,0,0,58,1,Goalkeeper,0,0
0,-11108,Begovic,3,1,SWA(A) 1-3,Stoke City,35523,Asmir,0,90,3,23,0,0,0,19 Jan 15:00,0,0,58,1,Goalkeeper,0,0
0,-973,Begovic,2,4,WIG(H) 2-2,Stoke City,35524,Asmir,0,90,8,24,0,0,0,29 Jan 19:45,0,0,58,2,Goalkeeper,0,0
0,-29872,Begovic,1,4,ARS(A) 0-1,Stoke City,35525,Asmir,0,90,5,25,0,0,0,02 Feb 15:00,0,0,58,3,Goalkeeper,0,0
0,101,Begovic,1,0,RDG(H) 2-1,Stoke City,35526,Asmir,0,90,12,26,0,0,0,09 Feb 15:00,0,0,58,2,Goalkeeper,0,0
0,-4755,Begovic,1,4,FUL(A) 0-1,Stoke City,35527,Asmir,0,90,7,27,0,0,0,23 Feb 12:45,0,0,58,3,Goalkeeper,0,0
0,-3697,Begovic,1,2,WHU(H) 0-1,Stoke City,35528,Asmir,0,90,3,28,0,0,0,02 Mar 15:00,0,0,58,2,Goalkeeper,0,0
0,-1907,Begovic,2,1,NEW(A) 1-2,Stoke City,35529,Asmir,0,90,9,29,0,0,0,10 Mar 15:00,0,0,58,1,Goalkeeper,0,0
0,-14803,Begovic,0,4,WBA(H) 0-0,Stoke City,35530,Asmir,0,90,13,30,2,1,0,16 Mar 15:00,0,0,58,9,Goalkeeper,0,0
0,1222,Begovic,1,5,EVE(A) 0-1,Stoke City,35531,Asmir,0,90,6,31,0,0,0,30 Mar 17:30,0,0,57,3,Goalkeeper,0,0
0,351,Begovic,3,3,AVL(H) 1-3,Stoke City,35532,Asmir,0,90,5,32,0,0,0,06 Apr 15:00,0,0,57,2,Goalkeeper,0,0
0,-30144,Begovic,2,2,MUN(H) 0-2,Stoke City,35533,Asmir,0,90,3,33,0,0,0,14 Apr 14:05,0,0,57,1,Goalkeeper,0,0
0,-8999,Begovic,0,5,QPR(A) 2-0,Stoke City,35534,Asmir,0,90,21,34,0,1,0,20 Apr 15:00,0,0,56,7,Goalkeeper,0,0
0,-1671,Begovic,0,0,NOR(H) 1-0,Stoke City,35535,Asmir,0,90,18,35,1,1,0,27 Apr 15:00,0,0,56,7,Goalkeeper,0,0
0,-6167,Begovic,1,1,SUN(A) 1-1,Stoke City,35536,Asmir,0,90,9,36,0,0,0,06 May 20:00,0,0,56,2,Goalkeeper,0,0
1,-3682,Begovic,2,4,TOT(H) 1-2,Stoke City,35537,Asmir,0,90,4,37,0,0,0,12 May 13:30,0,0,56,1,Goalkeeper,0,0
0,-3812,Begovic,1,6,SOU(A) 1-1,Stoke City,35538,Asmir,0,90,10,38,0,0,0,19 May 16:00,0,0,56,4,Goalkeeper,0,0
1,0,Wilkinson,1,0,RDG(A) 1-1,Stoke City,3591,Andy,0,90,6,1,0,0,0,18 Aug 15:00,0,0,45,1,Defender,0,0
1,-26,Wilkinson,0,0,ARS(H) 0-0,Stoke City,3592,Andy,0,90,18,2,3,1,0,26 Aug 13:30,0,0,45,8,Defender,0,0
0,8672,Wilkinson,1,0,WIG(A) 2-2,Stoke City,3593,Andy,0,35,3,3,0,0,0,01 Sep 15:00,0,0,45,1,Defender,0,0
0,1952,Wilkinson,1,0,MCI(H) 1-1,Stoke City,3594,Andy,0,90,12,4,0,0,0,15 Sep 15:00,0,0,45,2,Defender,0,0
0,-2778,Wilkinson,0,0,CHE(A) 0-1,Stoke City,3595,Andy,0,0,0,5,0,0,0,22 Sep 15:00,0,0,45,0,Defender,0,0
0,-3035,Wilkinson,0,0,SWA(H) 2-0,Stoke City,3596,Andy,0,0,0,6,0,0,0,29 Sep 15:00,0,0,45,0,Defender,0,0
0,-1535,Wilkinson,0,0,LIV(A) 0-0,Stoke City,3597,Andy,0,0,0,7,0,0,0,07 Oct 15:00,0,0,44,0,Defender,0,0
0,-496,Wilkinson,0,0,MUN(A) 2-4,Stoke City,3598,Andy,0,0,0,8,0,0,0,20 Oct 15:00,0,0,44,0,Defender,0,0
0,-379,Wilkinson,0,0,SUN(H) 0-0,Stoke City,3599,Andy,0,38,4,9,0,0,0,27 Oct 15:00,0,0,44,1,Defender,0,0
1,1481,Wilkinson,1,0,NOR(A) 0-1,Stoke City,35910,Andy,0,84,2,10,0,0,0,03 Nov 15:00,0,0,44,1,Defender,0,0
0,1314,Wilkinson,0,0,QPR(H) 1-0,Stoke City,35911,Andy,0,90,12,11,0,1,0,10 Nov 15:00,0,0,44,6,Defender,0,0
0,927,Wilkinson,0,0,WHU(A) 1-1,Stoke City,35912,Andy,0,31,6,12,0,0,0,19 Nov 20:00,0,0,44,1,Defender,0,0
0,-724,Wilkinson,0,0,FUL(H) 1-0,Stoke City,35913,Andy,0,0,0,13,0,0,0,24 Nov 15:00,0,0,44,0,Defender,0,0
0,-1522,Wilkinson,0,0,NEW(H) 2-1,Stoke City,35914,Andy,0,0,0,14,0,0,0,28 Nov 19:45,0,0,44,0,Defender,0,0
0,-1316,Wilkinson,0,0,WBA(A) 1-0,Stoke City,35915,Andy,0,0,0,15,0,0,0,01 Dec 15:00,0,0,44,0,Defender,0,0
0,-1006,Wilkinson,0,0,AVL(A) 0-0,Stoke City,35916,Andy,0,0,0,16,0,0,0,08 Dec 15:00,0,0,44,0,Defender,0,0
0,-330,Wilkinson,1,0,EVE(H) 1-1,Stoke City,35917,Andy,0,90,10,17,0,0,0,15 Dec 15:00,0,0,44,2,Defender,0,0
1,142,Wilkinson,0,0,TOT(A) 0-0,Stoke City,35918,Andy,0,90,7,18,0,1,0,22 Dec 15:00,0,0,44,5,Defender,0,0
0,2469,Wilkinson,1,0,LIV(H) 3-1,Stoke City,35919,Andy,0,90,8,19,0,0,0,26 Dec 19:45,0,0,44,2,Defender,0,0
0,13569,Wilkinson,3,0,SOU(H) 3-3,Stoke City,35920,Andy,1,69,7,20,0,0,0,29 Dec 15:00,0,0,44,-1,Defender,0,0
0,-1429,Wilkinson,3,0,MCI(A) 0-3,Stoke City,35921,Andy,0,90,4,21,0,0,0,01 Jan 15:00,0,0,44,1,Defender,0,0
1,-620,Wilkinson,4,0,CHE(H) 0-4,Stoke City,35922,Andy,0,90,2,22,0,0,0,12 Jan 15:00,0,0,44,-1,Defender,0,0
0,-3372,Wilkinson,0,0,SWA(A) 1-3,Stoke City,35923,Andy,0,0,0,23,0,0,0,19 Jan 15:00,0,0,44,0,Defender,0,0
0,316,Wilkinson,0,0,WIG(H) 2-2,Stoke City,35924,Andy,0,23,1,24,0,0,0,29 Jan 19:45,0,0,43,1,Defender,0,0
1,-2291,Wilkinson,1,0,ARS(A) 0-1,Stoke City,35925,Andy,0,90,9,25,0,0,0,02 Feb 15:00,0,0,43,1,Defender,0,0
0,478,Wilkinson,1,0,RDG(H) 2-1,Stoke City,35926,Andy,0,84,13,26,0,0,0,09 Feb 15:00,0,0,43,2,Defender,0,0
0,667,Wilkinson,0,0,FUL(A) 0-1,Stoke City,35927,Andy,0,0,0,27,0,0,0,23 Feb 12:45,0,0,43,0,Defender,0,0
0,-1243,Wilkinson,1,0,WHU(H) 0-1,Stoke City,35928,Andy,0,90,6,28,0,0,0,02 Mar 15:00,0,0,43,2,Defender,0,0
0,35,Wilkinson,2,0,NEW(A) 1-2,Stoke City,35929,Andy,0,90,1,29,0,0,0,10 Mar 15:00,0,0,43,1,Defender,0,0
0,-244,Wilkinson,0,0,WBA(H) 0-0,Stoke City,35930,Andy,0,0,0,30,0,0,0,16 Mar 15:00,0,0,43,0,Defender,0,0
0,-1480,Wilkinson,0,0,EVE(A) 0-1,Stoke City,35931,Andy,0,0,0,31,0,0,0,30 Mar 17:30,0,0,42,0,Defender,0,0
0,-1162,Wilkinson,0,0,AVL(H) 1-3,Stoke City,35932,Andy,0,0,0,32,0,0,0,06 Apr 15:00,0,0,41,0,Defender,0,0
0,-1528,Wilkinson,2,0,MUN(H) 0-2,Stoke City,35933,Andy,0,90,-2,33,0,0,0,14 Apr 14:05,0,0,40,1,Defender,0,0
0,-171,Wilkinson,0,0,QPR(A) 2-0,Stoke City,35934,Andy,0,29,6,34,0,0,0,20 Apr 15:00,0,0,40,1,Defender,0,0
0,-85,Wilkinson,0,0,NOR(H) 1-0,Stoke City,35935,Andy,0,60,10,35,0,1,0,27 Apr 15:00,0,0,40,6,Defender,0,0
0,-187,Wilkinson,0,0,SUN(A) 1-1,Stoke City,35936,Andy,0,0,0,36,0,0,0,06 May 20:00,0,0,40,0,Defender,0,0
0,-362,Wilkinson,1,0,TOT(H) 1-2,Stoke City,35937,Andy,0,34,0,37,0,0,0,12 May 13:30,0,0,40,1,Defender,0,0
0,-96,Wilkinson,1,0,SOU(A) 1-1,Stoke City,35938,Andy,0,71,1,38,0,0,0,19 May 16:00,0,0,40,2,Defender,0,0
0,0,Elmohamady,0,0,ARS(A) 0-0,Sunderland,3941,Ahmed,0,23,2,1,0,0,0,18 Aug 15:00,0,0,50,1,Midfielder,0,0
0,-592,Elmohamady,0,0,SWA(A) 2-2,Sunderland,3943,Ahmed,0,0,0,3,0,0,0,01 Sep 15:00,0,0,49,0,Midfielder,0,0
0,-497,Elmohamady,0,0,LIV(H) 1-1,Sunderland,3944,Ahmed,0,0,0,4,0,0,0,15 Sep 17:30,0,0,49,0,Midfielder,0,0
0,-182,Elmohamady,0,0,WHU(A) 1-1,Sunderland,3945,Ahmed,0,0,0,5,0,0,0,22 Sep 15:00,0,0,49,0,Midfielder,0,0
0,-104,Elmohamady,0,0,WIG(H) 1-0,Sunderland,3946,Ahmed,0,0,0,6,0,0,0,29 Sep 15:00,0,0,49,0,Midfielder,0,0
0,-64,Elmohamady,0,0,MCI(A) 0-3,Sunderland,3947,Ahmed,0,0,0,7,0,0,0,06 Oct 12:45,0,0,49,0,Midfielder,0,0
0,-51,Elmohamady,0,0,NEW(H) 1-1,Sunderland,3948,Ahmed,0,0,0,8,0,0,0,21 Oct 13:30,0,0,49,0,Midfielder,0,0
0,-23,Elmohamady,0,0,STK(A) 0-0,Sunderland,3949,Ahmed,0,0,0,9,0,0,0,27 Oct 15:00,0,0,49,0,Midfielder,0,0
0,-19,Elmohamady,0,0,AVL(H) 0-1,Sunderland,39410,Ahmed,0,0,0,10,0,0,0,03 Nov 15:00,0,0,49,0,Midfielder,0,0
0,-28,Elmohamady,0,0,EVE(A) 1-2,Sunderland,39411,Ahmed,0,0,0,11,0,0,0,10 Nov 15:00,0,0,49,0,Midfielder,0,0
0,-12,Elmohamady,0,0,FUL(A) 3-1,Sunderland,39412,Ahmed,0,0,0,12,0,0,0,18 Nov 16:00,0,0,49,0,Midfielder,0,0
0,-8,Elmohamady,0,0,WBA(H) 2-4,Sunderland,39413,Ahmed,0,0,0,13,0,0,0,24 Nov 12:45,0,0,49,0,Midfielder,0,0
0,-3,Elmohamady,0,0,QPR(H) 0-0,Sunderland,39414,Ahmed,0,0,0,14,0,0,0,27 Nov 19:45,0,0,49,0,Midfielder,0,0
0,-7,Elmohamady,0,0,NOR(A) 1-2,Sunderland,39415,Ahmed,0,0,0,15,0,0,0,02 Dec 16:00,0,0,49,0,Midfielder,0,0
0,-9,Elmohamady,0,0,RDG(H) 3-0,Sunderland,39416,Ahmed,0,0,0,16,0,0,0,11 Dec 19:45,0,0,49,0,Midfielder,0,0
0,-10,Elmohamady,0,0,MUN(A) 1-3,Sunderland,39417,Ahmed,0,0,0,17,0,0,0,15 Dec 15:00,0,0,49,0,Midfielder,0,0
0,-8,Elmohamady,0,0,SOU(A) 1-0,Sunderland,39418,Ahmed,0,0,0,18,0,0,0,22 Dec 15:00,0,0,49,0,Midfielder,0,0
0,-1,Elmohamady,0,0,MCI(H) 1-0,Sunderland,39419,Ahmed,0,0,0,19,0,0,0,26 Dec 15:00,0,0,49,0,Midfielder,0,0
0,1,Elmohamady,0,0,TOT(H) 1-2,Sunderland,39420,Ahmed,0,0,0,20,0,0,0,29 Dec 12:45,0,0,49,0,Midfielder,0,0
0,-1,Elmohamady,0,0,LIV(A) 0-3,Sunderland,39421,Ahmed,0,0,0,21,0,0,0,02 Jan 19:45,0,0,49,0,Midfielder,0,0
0,-8,Elmohamady,0,0,WHU(H) 3-0,Sunderland,39422,Ahmed,0,0,0,22,0,0,0,12 Jan 15:00,0,0,49,0,Midfielder,0,0
0,4,Elmohamady,0,0,WIG(A) 3-2,Sunderland,39423,Ahmed,0,1,0,23,0,0,0,19 Jan 15:00,0,0,49,1,Midfielder,0,0
0,11,Elmohamady,0,0,SWA(H) 0-0,Sunderland,39424,Ahmed,0,0,0,24,0,0,0,29 Jan 19:45,0,0,49,0,Midfielder,0,0
0,-2,Elmohamady,0,0,RDG(A) 1-2,Sunderland,39425,Ahmed,0,0,0,25,0,0,0,02 Feb 15:00,0,0,49,0,Midfielder,0,0
0,-13,Elmohamady,0,0,ARS(H) 0-1,Sunderland,39426,Ahmed,0,0,0,26,0,0,0,09 Feb 15:00,0,0,49,0,Midfielder,0,0
0,-8,Elmohamady,0,0,WBA(A) 1-2,Sunderland,39427,Ahmed,0,0,0,27,0,0,0,23 Feb 15:00,0,0,49,0,Midfielder,0,0
0,-3,Elmohamady,0,0,FUL(H) 2-2,Sunderland,39428,Ahmed,0,0,0,28,0,0,0,02 Mar 15:00,0,0,49,0,Midfielder,0,0
0,-3,Elmohamady,0,0,QPR(A) 1-3,Sunderland,39429,Ahmed,0,0,0,29,0,0,0,09 Mar 15:00,0,0,49,0,Midfielder,0,0
0,-3,Elmohamady,0,0,NOR(H) 1-1,Sunderland,39430,Ahmed,0,0,0,30,0,0,0,17 Mar 13:30,0,0,49,0,Midfielder,0,0
0,-1,Elmohamady,0,0,MUN(H) 0-1,Sunderland,39431,Ahmed,0,0,0,31,0,0,0,30 Mar 12:45,0,0,49,0,Midfielder,0,0
0,-1,Elmohamady,0,0,CHE(A) 1-2,Sunderland,39432,Ahmed,0,0,0,32,0,0,0,07 Apr 15:00,0,0,49,0,Midfielder,0,0
0,-3,Elmohamady,0,0,NEW(A) 3-0,Sunderland,39433,Ahmed,0,0,0,33,0,0,0,14 Apr 12:00,0,0,49,0,Midfielder,0,0
0,0,Elmohamady,0,0,EVE(H) 1-0,Sunderland,39434,Ahmed,0,0,0,34,0,0,0,20 Apr 15:00,0,0,49,0,Midfielder,0,0
0,0,Elmohamady,0,0,AVL(A) 1-6,Sunderland,39435,Ahmed,0,0,0,35,0,0,0,29 Apr 20:00,0,0,49,0,Midfielder,0,0
0,-1,Elmohamady,0,0,STK(H) 1-1,Sunderland,39436,Ahmed,0,0,0,36,0,0,0,06 May 20:00,0,0,49,0,Midfielder,0,0
0,0,Elmohamady,0,0,SOU(H) 1-1,Sunderland,39437,Ahmed,0,0,0,37,0,0,0,12 May 15:00,0,0,49,0,Midfielder,0,0
0,0,Elmohamady,0,0,TOT(A) 0-1,Sunderland,39438,Ahmed,0,0,0,38,0,0,0,19 May 16:00,0,0,49,0,Midfielder,0,0
0,0,Williams,0,0,QPR(A) 5-0,Swansea,4071,Ashley,0,90,31,1,1,1,0,18 Aug 15:00,0,0,50,7,Defender,0,0
0,24414,Williams,0,0,WHU(H) 3-0,Swansea,4072,Ashley,0,90,21,2,0,1,0,25 Aug 12:45,0,0,50,6,Defender,0,0
1,13617,Williams,2,0,SUN(H) 2-2,Swansea,4073,Ashley,0,90,7,3,0,0,0,01 Sep 15:00,0,0,50,0,Defender,0,0
0,-17725,Williams,2,0,AVL(A) 0-2,Swansea,4074,Ashley,0,90,16,4,0,0,0,15 Sep 15:00,0,0,50,1,Defender,0,0
1,-22553,Williams,3,0,EVE(H) 0-3,Swansea,4075,Ashley,0,90,12,5,0,0,0,22 Sep 12:45,0,0,50,0,Defender,0,0
0,-28376,Williams,2,0,STK(A) 0-2,Swansea,4076,Ashley,0,90,7,6,0,0,0,29 Sep 15:00,0,0,50,1,Defender,0,0
0,-21312,Williams,2,0,RDG(H) 2-2,Swansea,4077,Ashley,0,90,-2,7,0,0,0,06 Oct 15:00,0,0,50,1,Defender,0,0
0,-19071,Williams,1,0,WIG(H) 2-1,Swansea,4078,Ashley,0,90,13,8,0,0,0,20 Oct 15:00,0,0,50,2,Defender,0,0
0,-16559,Williams,1,0,MCI(A) 0-1,Swansea,4079,Ashley,0,90,3,9,0,0,0,27 Oct 17:30,0,0,49,2,Defender,0,0
0,-12621,Williams,1,0,CHE(H) 1-1,Swansea,40710,Ashley,0,90,15,10,0,0,0,03 Nov 15:00,0,0,49,2,Defender,0,0
1,-6774,Williams,1,0,SOU(A) 1-1,Swansea,40711,Ashley,0,90,5,11,0,0,0,10 Nov 15:00,0,0,49,1,Defender,0,0
0,-12857,Williams,1,0,NEW(A) 2-1,Swansea,40712,Ashley,0,90,13,12,0,0,0,17 Nov 15:00,0,0,49,2,Defender,0,0
0,-7178,Williams,0,0,LIV(H) 0-0,Swansea,40713,Ashley,0,90,8,13,0,1,0,25 Nov 13:30,0,0,49,6,Defender,0,0
0,-2564,Williams,1,0,WBA(H) 3-1,Swansea,40714,Ashley,0,90,13,14,0,0,0,28 Nov 19:45,0,0,49,2,Defender,0,0
0,-4278,Williams,0,0,ARS(A) 2-0,Swansea,40715,Ashley,0,90,19,15,0,1,0,01 Dec 15:00,0,0,49,6,Defender,0,0
1,-1573,Williams,4,0,NOR(H) 3-4,Swansea,40716,Ashley,0,90,9,16,0,0,0,08 Dec 15:00,0,0,49,-1,Defender,0,0
0,-7092,Williams,1,0,TOT(A) 0-1,Swansea,40717,Ashley,0,90,18,17,1,0,0,16 Dec 13:30,0,0,49,3,Defender,0,0
1,-3164,Williams,1,0,MUN(H) 1-1,Swansea,40718,Ashley,0,90,27,18,3,0,0,23 Dec 13:30,0,0,48,4,Defender,0,0
0,3239,Williams,0,0,RDG(A) 0-0,Swansea,40719,Ashley,0,90,9,19,0,1,0,26 Dec 15:00,0,0,48,6,Defender,0,0
0,4213,Williams,1,0,FUL(A) 2-1,Swansea,40720,Ashley,0,90,17,20,0,0,0,29 Dec 15:00,0,0,48,2,Defender,0,0
0,6779,Williams,2,0,AVL(H) 2-2,Swansea,40721,Ashley,0,90,9,21,0,0,0,01 Jan 15:00,0,0,48,1,Defender,0,0
0,-5640,Williams,0,0,EVE(A) 0-0,Swansea,40722,Ashley,0,90,8,22,0,1,0,12 Jan 15:00,0,0,48,6,Defender,0,0
0,5310,Williams,1,0,STK(H) 3-1,Swansea,40723,Ashley,0,90,14,23,0,0,0,19 Jan 15:00,0,0,48,2,Defender,0,0
0,2147,Williams,0,0,SUN(A) 0-0,Swansea,40724,Ashley,0,90,8,24,0,1,0,29 Jan 19:45,0,0,48,6,Defender,0,0
0,11555,Williams,1,0,WHU(A) 0-1,Swansea,40725,Ashley,0,90,11,25,0,0,0,02 Feb 15:00,0,0,48,2,Defender,0,0
0,9852,Williams,0,0,LIV(A) 0-5,Swansea,40726,Ashley,0,0,0,26,0,0,0,17 Feb 15:00,0,0,49,0,Defender,0,0
0,1068,Williams,0,0,NEW(H) 1-0,Swansea,40728,Ashley,0,90,15,28,0,1,0,02 Mar 15:00,0,0,49,6,Defender,0,0
0,5222,Williams,2,0,WBA(A) 1-2,Swansea,40729,Ashley,0,90,7,29,0,0,0,09 Mar 15:00,0,0,49,1,Defender,0,0
0,-1367,Williams,2,0,ARS(H) 0-2,Swansea,40730,Ashley,0,90,14,30,0,0,0,16 Mar 15:00,0,0,49,1,Defender,0,0
0,-1548,Williams,2,0,TOT(H) 1-2,Swansea,40731,Ashley,0,90,5,31,0,0,0,30 Mar 15:00,0,0,49,1,Defender,0,0
1,-880,Williams,2,0,NOR(A) 2-2,Swansea,40732,Ashley,0,90,9,32,0,0,0,06 Apr 15:00,0,0,49,0,Defender,0,0
0,-710,Williams,0,0,SOU(H) 0-0,Swansea,40734,Ashley,0,90,16,34,1,1,0,20 Apr 15:00,0,0,49,7,Defender,0,0
1,-456,Williams,2,0,CHE(A) 0-2,Swansea,40735,Ashley,0,90,9,35,0,0,0,28 Apr 15:00,0,0,49,0,Defender,0,0
0,102,Williams,2,0,WIG(A) 3-2,Swansea,40736,Ashley,0,90,12,36,0,0,0,07 May 19:45,0,0,49,1,Defender,0,0
0,-741,Williams,2,0,MUN(A) 1-2,Swansea,40737,Ashley,0,90,3,37,0,0,0,12 May 16:00,0,0,49,1,Defender,0,0
0,1125,Williams,3,0,FUL(H) 0-3,Swansea,40738,Ashley,0,90,10,38,0,0,0,19 May 16:00,0,0,49,1,Defender,0,0
0,0,Tate,0,0,QPR(A) 5-0,Swansea,4091,Alan,0,0,0,1,0,0,0,18 Aug 15:00,0,0,40,0,Defender,0,0
0,-544,Tate,0,0,WHU(H) 3-0,Swansea,4092,Alan,0,0,0,2,0,0,0,25 Aug 12:45,0,0,40,0,Defender,0,0
0,-1114,Tate,0,0,SUN(H) 2-2,Swansea,4093,Alan,0,18,5,3,0,0,0,01 Sep 15:00,0,0,40,1,Defender,0,0
0,-15,Tate,2,0,AVL(A) 0-2,Swansea,4094,Alan,0,90,15,4,0,0,0,15 Sep 15:00,0,0,40,1,Defender,0,0
0,-12,Tate,2,0,EVE(H) 0-3,Swansea,4095,Alan,0,54,11,5,0,0,0,22 Sep 12:45,0,0,40,0,Defender,0,0
0,-267,Tate,0,0,STK(A) 0-2,Swansea,4096,Alan,0,0,0,6,0,0,0,29 Sep 15:00,0,0,40,0,Defender,0,0
0,-152,Tate,0,0,RDG(H) 2-2,Swansea,4097,Alan,0,0,0,7,0,0,0,06 Oct 15:00,0,0,40,0,Defender,0,0
0,229,Tate,0,0,WIG(H) 2-1,Swansea,4098,Alan,0,0,0,8,0,0,0,20 Oct 15:00,0,0,39,0,Defender,0,0
0,-15,Tate,0,0,MCI(A) 0-1,Swansea,4099,Alan,0,0,0,9,0,0,0,27 Oct 17:30,0,0,39,0,Defender,0,0
0,2,Tate,0,0,CHE(H) 1-1,Swansea,40910,Alan,0,0,0,10,0,0,0,03 Nov 15:00,0,0,39,0,Defender,0,0
0,-2,Tate,0,0,SOU(A) 1-1,Swansea,40911,Alan,0,0,0,11,0,0,0,10 Nov 15:00,0,0,39,0,Defender,0,0
0,-110,Tate,0,0,NEW(A) 2-1,Swansea,40912,Alan,0,0,0,12,0,0,0,17 Nov 15:00,0,0,39,0,Defender,0,0
0,-307,Tate,0,0,LIV(H) 0-0,Swansea,40913,Alan,0,0,0,13,0,0,0,25 Nov 13:30,0,0,39,0,Defender,0,0
0,-334,Tate,0,0,WBA(H) 3-1,Swansea,40914,Alan,0,0,0,14,0,0,0,28 Nov 19:45,0,0,39,0,Defender,0,0
0,-320,Tate,0,0,ARS(A) 2-0,Swansea,40915,Alan,0,0,0,15,0,0,0,01 Dec 15:00,0,0,39,0,Defender,0,0
0,-413,Tate,0,0,NOR(H) 3-4,Swansea,40916,Alan,0,0,0,16,0,0,0,08 Dec 15:00,0,0,39,0,Defender,0,0
0,-286,Tate,0,0,TOT(A) 0-1,Swansea,40917,Alan,0,0,0,17,0,0,0,16 Dec 13:30,0,0,39,0,Defender,0,0
0,-222,Tate,0,0,MUN(H) 1-1,Swansea,40918,Alan,0,0,0,18,0,0,0,23 Dec 13:30,0,0,39,0,Defender,0,0
0,-157,Tate,0,0,RDG(A) 0-0,Swansea,40919,Alan,0,0,0,19,0,0,0,26 Dec 15:00,0,0,38,0,Defender,0,0
0,-101,Tate,0,0,FUL(A) 2-1,Swansea,40920,Alan,0,0,0,20,0,0,0,29 Dec 15:00,0,0,38,0,Defender,0,0
0,-57,Tate,0,0,AVL(H) 2-2,Swansea,40921,Alan,0,0,0,21,0,0,0,01 Jan 15:00,0,0,38,0,Defender,0,0
0,-187,Tate,0,0,EVE(A) 0-0,Swansea,40922,Alan,0,0,0,22,0,0,0,12 Jan 15:00,0,0,38,0,Defender,0,0
0,-102,Tate,0,0,STK(H) 3-1,Swansea,40923,Alan,0,0,0,23,0,0,0,19 Jan 15:00,0,0,38,0,Defender,0,0
0,497,Tate,0,0,SUN(A) 0-0,Swansea,40924,Alan,0,0,0,24,0,0,0,29 Jan 19:45,0,0,38,0,Defender,0,0
0,498,Tate,0,0,WHU(A) 0-1,Swansea,40925,Alan,0,0,0,25,0,0,0,02 Feb 15:00,0,0,38,0,Defender,0,0
0,299,Tate,0,0,LIV(A) 0-5,Swansea,40926,Alan,0,0,0,26,0,0,0,17 Feb 15:00,0,0,38,0,Defender,0,0
0,90,Tate,0,0,NEW(H) 1-0,Swansea,40928,Alan,0,0,0,28,0,0,0,02 Mar 15:00,0,0,38,0,Defender,0,0
0,-8,Tate,0,0,WBA(A) 1-2,Swansea,40929,Alan,0,0,0,29,0,0,0,09 Mar 15:00,0,0,38,0,Defender,0,0
0,34,Tate,0,0,ARS(H) 0-2,Swansea,40930,Alan,0,0,0,30,0,0,0,16 Mar 15:00,0,0,38,0,Defender,0,0
0,44,Tate,0,0,TOT(H) 1-2,Swansea,40931,Alan,0,0,0,31,0,0,0,30 Mar 15:00,0,0,38,0,Defender,0,0
0,-17,Tate,0,0,NOR(A) 2-2,Swansea,40932,Alan,0,0,0,32,0,0,0,06 Apr 15:00,0,0,38,0,Defender,0,0
0,-4,Tate,0,0,SOU(H) 0-0,Swansea,40934,Alan,0,0,0,34,0,0,0,20 Apr 15:00,0,0,38,0,Defender,0,0
0,15,Tate,0,0,CHE(A) 0-2,Swansea,40935,Alan,0,0,0,35,0,0,0,28 Apr 15:00,0,0,38,0,Defender,0,0
0,58,Tate,0,0,WIG(A) 3-2,Swansea,40936,Alan,0,0,0,36,0,0,0,07 May 19:45,0,0,38,0,Defender,0,0
0,-15,Tate,0,0,MUN(A) 1-2,Swansea,40937,Alan,0,0,0,37,0,0,0,12 May 16:00,0,0,38,0,Defender,0,0
0,19,Tate,0,0,FUL(H) 0-3,Swansea,40938,Alan,0,0,0,38,0,0,0,19 May 16:00,0,0,38,0,Defender,0,0
1,0,Rangel,0,0,QPR(A) 5-0,Swansea,4111,Angel,0,90,15,1,0,1,0,18 Aug 15:00,0,0,50,5,Defender,0,0
1,2165,Rangel,0,0,WHU(H) 3-0,Swansea,4112,Angel,0,90,38,2,3,1,0,25 Aug 12:45,0,0,50,14,Defender,0,1
0,146029,Rangel,2,0,SUN(H) 2-2,Swansea,4113,Angel,0,90,7,3,0,0,0,01 Sep 15:00,0,0,51,1,Defender,0,0
0,25115,Rangel,2,0,AVL(A) 0-2,Swansea,4114,Angel,0,90,13,4,0,0,0,15 Sep 15:00,0,0,52,1,Defender,0,0
1,-4694,Rangel,3,0,EVE(H) 0-3,Swansea,4115,Angel,0,90,11,5,0,0,0,22 Sep 12:45,0,0,52,0,Defender,0,0
0,-19745,Rangel,2,0,STK(A) 0-2,Swansea,4116,Angel,0,90,3,6,0,0,0,29 Sep 15:00,0,0,52,1,Defender,0,0
0,-8160,Rangel,2,0,RDG(H) 2-2,Swansea,4117,Angel,0,90,11,7,0,0,0,06 Oct 15:00,0,0,52,1,Defender,0,0
1,-13260,Rangel,1,0,WIG(H) 2-1,Swansea,4118,Angel,0,90,7,8,0,0,0,20 Oct 15:00,0,0,51,1,Defender,0,0
1,-15865,Rangel,1,0,MCI(A) 0-1,Swansea,4119,Angel,0,90,3,9,0,0,0,27 Oct 17:30,0,0,50,1,Defender,0,0
0,-11984,Rangel,1,0,CHE(H) 1-1,Swansea,41110,Angel,0,90,10,10,0,0,0,03 Nov 15:00,0,0,49,2,Defender,0,0
0,-3063,Rangel,1,0,SOU(A) 1-1,Swansea,41111,Angel,0,90,3,11,0,0,0,10 Nov 15:00,0,0,49,2,Defender,0,0
1,-6002,Rangel,1,0,NEW(A) 2-1,Swansea,41112,Angel,0,90,13,12,0,0,0,17 Nov 15:00,0,0,49,1,Defender,0,0
0,-5690,Rangel,0,0,LIV(H) 0-0,Swansea,41113,Angel,0,90,10,13,0,1,0,25 Nov 13:30,0,0,48,6,Defender,0,0
0,-1075,Rangel,1,0,WBA(H) 3-1,Swansea,41114,Angel,0,90,18,14,0,0,0,28 Nov 19:45,0,0,48,2,Defender,0,0
0,-3428,Rangel,0,0,ARS(A) 2-0,Swansea,41115,Angel,0,90,31,15,2,1,0,01 Dec 15:00,0,0,48,8,Defender,0,0
1,9973,Rangel,4,0,NOR(H) 3-4,Swansea,41116,Angel,0,90,9,16,0,0,0,08 Dec 15:00,0,0,48,-1,Defender,0,0
0,-4862,Rangel,0,0,TOT(A) 0-1,Swansea,41117,Angel,0,0,0,17,0,0,0,16 Dec 13:30,0,0,48,0,Defender,0,0
0,-9011,Rangel,0,0,MUN(H) 1-1,Swansea,41118,Angel,0,0,0,18,0,0,0,23 Dec 13:30,0,0,48,0,Defender,0,0
0,-10926,Rangel,0,0,RDG(A) 0-0,Swansea,41119,Angel,0,0,0,19,0,0,0,26 Dec 15:00,0,0,47,0,Defender,0,0
0,-7346,Rangel,1,0,FUL(A) 2-1,Swansea,41120,Angel,0,90,24,20,1,0,0,29 Dec 15:00,0,0,47,3,Defender,0,0
0,-316,Rangel,2,0,AVL(H) 2-2,Swansea,41121,Angel,0,90,6,21,0,0,0,01 Jan 15:00,0,0,47,1,Defender,0,0
0,-7367,Rangel,0,0,EVE(A) 0-0,Swansea,41122,Angel,0,90,15,22,2,1,0,12 Jan 15:00,0,0,47,8,Defender,0,0
0,2299,Rangel,1,0,STK(H) 3-1,Swansea,41123,Angel,0,90,20,23,1,0,0,19 Jan 15:00,0,0,47,3,Defender,0,0
0,281,Rangel,0,0,SUN(A) 0-0,Swansea,41124,Angel,0,0,0,24,0,0,0,29 Jan 19:45,0,0,47,0,Defender,0,0
0,-2754,Rangel,1,0,WHU(A) 0-1,Swansea,41125,Angel,0,90,8,25,0,0,0,02 Feb 15:00,0,0,47,2,Defender,0,0
0,2290,Rangel,0,0,LIV(A) 0-5,Swansea,41126,Angel,0,9,1,26,0,0,0,17 Feb 15:00,0,0,47,1,Defender,0,0
0,2697,Rangel,0,0,NEW(H) 1-0,Swansea,41128,Angel,0,90,23,28,2,1,0,02 Mar 15:00,0,0,47,8,Defender,0,0
0,17790,Rangel,2,0,WBA(A) 1-2,Swansea,41129,Angel,0,90,4,29,0,0,0,09 Mar 15:00,0,0,47,1,Defender,0,0
0,-24,Rangel,2,0,ARS(H) 0-2,Swansea,41130,Angel,0,90,4,30,0,0,0,16 Mar 15:00,0,0,47,1,Defender,0,0
0,-1159,Rangel,0,0,TOT(H) 1-2,Swansea,41131,Angel,0,0,0,31,0,0,0,30 Mar 15:00,0,0,47,0,Defender,0,0
0,-3546,Rangel,0,0,NOR(A) 2-2,Swansea,41132,Angel,0,27,9,32,0,0,1,06 Apr 15:00,0,0,47,4,Defender,0,0
0,1477,Rangel,0,0,SOU(H) 0-0,Swansea,41134,Angel,0,90,9,34,0,1,0,20 Apr 15:00,0,0,47,6,Defender,0,0
0,1625,Rangel,2,0,CHE(A) 0-2,Swansea,41135,Angel,0,90,12,35,0,0,0,28 Apr 15:00,0,0,47,1,Defender,0,0
0,8134,Rangel,2,0,WIG(A) 3-2,Swansea,41136,Angel,0,90,33,36,3,0,0,07 May 19:45,0,0,47,10,Defender,0,1
0,-3897,Rangel,1,0,MUN(A) 1-2,Swansea,41137,Angel,0,17,1,37,0,0,0,12 May 16:00,0,0,47,1,Defender,0,0
0,4792,Rangel,3,0,FUL(H) 0-3,Swansea,41138,Angel,0,90,12,38,0,0,0,19 May 16:00,0,0,47,1,Defender,0,0
0,0,Orlandi,0,0,QPR(A) 5-0,Swansea,4161,Andrea,0,0,0,1,0,0,0,18 Aug 15:00,0,0,45,0,Midfielder,0,0
0,-113,Orlandi,0,0,WHU(H) 3-0,Swansea,4162,Andrea,0,0,0,2,0,0,0,25 Aug 12:45,0,0,45,0,Midfielder,0,0
0,-116,Orlandi,0,0,SUN(H) 2-2,Swansea,4163,Andrea,0,0,0,3,0,0,0,01 Sep 15:00,0,0,44,0,Midfielder,0,0
0,-20,Orlandi,0,0,AVL(A) 0-2,Swansea,4164,Andrea,0,0,0,4,0,0,0,15 Sep 15:00,0,0,44,0,Midfielder,0,0
0,-53,Orlandi,0,0,EVE(H) 0-3,Swansea,4165,Andrea,0,0,0,5,0,0,0,22 Sep 12:45,0,0,44,0,Midfielder,0,0
0,-87,Orlandi,0,0,STK(A) 0-2,Swansea,4166,Andrea,0,0,0,6,0,0,0,29 Sep 15:00,0,0,44,0,Midfielder,0,0
0,-44,Orlandi,0,0,RDG(H) 2-2,Swansea,4167,Andrea,0,0,0,7,0,0,0,06 Oct 15:00,0,0,44,0,Midfielder,0,0
0,-32,Orlandi,0,0,WIG(H) 2-1,Swansea,4168,Andrea,0,0,0,8,0,0,0,20 Oct 15:00,0,0,43,0,Midfielder,0,0
0,-17,Orlandi,0,0,MCI(A) 0-1,Swansea,4169,Andrea,0,0,0,9,0,0,0,27 Oct 17:30,0,0,43,0,Midfielder,0,0
0,-19,Orlandi,0,0,CHE(H) 1-1,Swansea,41610,Andrea,0,0,0,10,0,0,0,03 Nov 15:00,0,0,43,0,Midfielder,0,0
0,-16,Orlandi,0,0,SOU(A) 1-1,Swansea,41611,Andrea,0,0,0,11,0,0,0,10 Nov 15:00,0,0,43,0,Midfielder,0,0
0,-7,Orlandi,0,0,NEW(A) 2-1,Swansea,41612,Andrea,0,0,0,12,0,0,0,17 Nov 15:00,0,0,43,0,Midfielder,0,0
0,-14,Orlandi,0,0,LIV(H) 0-0,Swansea,41613,Andrea,0,0,0,13,0,0,0,25 Nov 13:30,0,0,43,0,Midfielder,0,0
0,-2,Orlandi,0,0,WBA(H) 3-1,Swansea,41614,Andrea,0,0,0,14,0,0,0,28 Nov 19:45,0,0,43,0,Midfielder,0,0
0,-3,Orlandi,0,0,ARS(A) 2-0,Swansea,41615,Andrea,0,0,0,15,0,0,0,01 Dec 15:00,0,0,43,0,Midfielder,0,0
0,-9,Orlandi,0,0,NOR(H) 3-4,Swansea,41616,Andrea,0,0,0,16,0,0,0,08 Dec 15:00,0,0,43,0,Midfielder,0,0
0,-4,Orlandi,0,0,TOT(A) 0-1,Swansea,41617,Andrea,0,0,0,17,0,0,0,16 Dec 13:30,0,0,43,0,Midfielder,0,0
0,3,Orlandi,0,0,MUN(H) 1-1,Swansea,41618,Andrea,0,0,0,18,0,0,0,23 Dec 13:30,0,0,43,0,Midfielder,0,0
0,-2,Orlandi,0,0,RDG(A) 0-0,Swansea,41619,Andrea,0,0,0,19,0,0,0,26 Dec 15:00,0,0,43,0,Midfielder,0,0
0,-2,Orlandi,0,0,FUL(A) 2-1,Swansea,41620,Andrea,0,0,0,20,0,0,0,29 Dec 15:00,0,0,43,0,Midfielder,0,0
0,-5,Orlandi,0,0,AVL(H) 2-2,Swansea,41621,Andrea,0,0,0,21,0,0,0,01 Jan 15:00,0,0,43,0,Midfielder,0,0
0,-14,Orlandi,0,0,EVE(A) 0-0,Swansea,41622,Andrea,0,0,0,22,0,0,0,12 Jan 15:00,0,0,43,0,Midfielder,0,0
0,-12,Orlandi,0,0,STK(H) 3-1,Swansea,41623,Andrea,0,0,0,23,0,0,0,19 Jan 15:00,0,0,43,0,Midfielder,0,0
0,-10,Orlandi,0,0,SUN(A) 0-0,Swansea,41624,Andrea,0,0,0,24,0,0,0,29 Jan 19:45,0,0,43,0,Midfielder,0,0
0,-4,Orlandi,0,0,WHU(A) 0-1,Swansea,41625,Andrea,0,0,0,25,0,0,0,02 Feb 15:00,0,0,43,0,Midfielder,0,0
0,-4,Orlandi,0,0,LIV(A) 0-5,Swansea,41626,Andrea,0,0,0,26,0,0,0,17 Feb 15:00,0,0,43,0,Midfielder,0,0
0,-2,Orlandi,0,0,NEW(H) 1-0,Swansea,41628,Andrea,0,0,0,28,0,0,0,02 Mar 15:00,0,0,43,0,Midfielder,0,0
0,-5,Orlandi,0,0,WBA(A) 1-2,Swansea,41629,Andrea,0,0,0,29,0,0,0,09 Mar 15:00,0,0,43,0,Midfielder,0,0
0,0,Orlandi,0,0,ARS(H) 0-2,Swansea,41630,Andrea,0,0,0,30,0,0,0,16 Mar 15:00,0,0,43,0,Midfielder,0,0
0,-4,Orlandi,0,0,TOT(H) 1-2,Swansea,41631,Andrea,0,0,0,31,0,0,0,30 Mar 15:00,0,0,43,0,Midfielder,0,0
0,0,Orlandi,0,0,NOR(A) 2-2,Swansea,41632,Andrea,0,0,0,32,0,0,0,06 Apr 15:00,0,0,43,0,Midfielder,0,0
0,-1,Orlandi,0,0,SOU(H) 0-0,Swansea,41634,Andrea,0,0,0,34,0,0,0,20 Apr 15:00,0,0,43,0,Midfielder,0,0
0,-1,Orlandi,0,0,CHE(A) 0-2,Swansea,41635,Andrea,0,0,0,35,0,0,0,28 Apr 15:00,0,0,43,0,Midfielder,0,0
0,-2,Orlandi,0,0,WIG(A) 3-2,Swansea,41636,Andrea,0,0,0,36,0,0,0,07 May 19:45,0,0,43,0,Midfielder,0,0
0,0,Orlandi,0,0,MUN(A) 1-2,Swansea,41637,Andrea,0,0,0,37,0,0,0,12 May 16:00,0,0,43,0,Midfielder,0,0
0,-1,Orlandi,0,0,FUL(H) 0-3,Swansea,41638,Andrea,0,0,0,38,0,0,0,19 May 16:00,0,0,43,0,Midfielder,0,0
0,0,Richards,0,0,QPR(A) 5-0,Swansea,4221,Ashley,0,0,0,1,0,0,0,18 Aug 15:00,0,0,45,0,Midfielder,0,0
0,-139,Richards,0,0,WHU(H) 3-0,Swansea,4222,Ashley,0,0,0,2,0,0,0,25 Aug 12:45,0,0,45,0,Midfielder,0,0
0,-200,Richards,0,0,SUN(H) 2-2,Swansea,4223,Ashley,0,0,0,3,0,0,0,01 Sep 15:00,0,0,44,0,Midfielder,0,0
0,-71,Richards,0,0,AVL(A) 0-2,Swansea,4224,Ashley,0,0,0,4,0,0,0,15 Sep 15:00,0,0,44,0,Midfielder,0,0
0,-63,Richards,0,0,EVE(H) 0-3,Swansea,4225,Ashley,0,0,0,5,0,0,0,22 Sep 12:45,0,0,44,0,Midfielder,0,0
0,-50,Richards,0,0,STK(A) 0-2,Swansea,4226,Ashley,0,0,0,6,0,0,0,29 Sep 15:00,0,0,44,0,Midfielder,0,0
0,-42,Richards,0,0,RDG(H) 2-2,Swansea,4227,Ashley,0,0,0,7,0,0,0,06 Oct 15:00,0,0,44,0,Midfielder,0,0
0,-5,Richards,0,0,WIG(H) 2-1,Swansea,4228,Ashley,0,0,0,8,0,0,0,20 Oct 15:00,0,0,43,0,Midfielder,0,0
0,14,Richards,0,0,MCI(A) 0-1,Swansea,4229,Ashley,0,0,0,9,0,0,0,27 Oct 17:30,0,0,43,0,Midfielder,0,0
0,25,Richards,0,0,CHE(H) 1-1,Swansea,42210,Ashley,0,0,0,10,0,0,0,03 Nov 15:00,0,0,43,0,Midfielder,0,0
0,15,Richards,0,0,SOU(A) 1-1,Swansea,42211,Ashley,0,0,0,11,0,0,0,10 Nov 15:00,0,0,43,0,Midfielder,0,0
0,-17,Richards,0,0,NEW(A) 2-1,Swansea,42212,Ashley,0,0,0,12,0,0,0,17 Nov 15:00,0,0,43,0,Midfielder,0,0
0,-23,Richards,0,0,LIV(H) 0-0,Swansea,42213,Ashley,0,0,0,13,0,0,0,25 Nov 13:30,0,0,43,0,Midfielder,0,0
0,-12,Richards,0,0,WBA(H) 3-1,Swansea,42214,Ashley,0,0,0,14,0,0,0,28 Nov 19:45,0,0,43,0,Midfielder,0,0
0,-17,Richards,0,0,ARS(A) 2-0,Swansea,42215,Ashley,0,0,0,15,0,0,0,01 Dec 15:00,0,0,43,0,Midfielder,0,0
0,-14,Richards,0,0,NOR(H) 3-4,Swansea,42216,Ashley,0,0,0,16,0,0,0,08 Dec 15:00,0,0,43,0,Midfielder,0,0
0,-18,Richards,0,0,TOT(A) 0-1,Swansea,42217,Ashley,0,0,0,17,0,0,0,16 Dec 13:30,0,0,43,0,Midfielder,0,0
0,-1,Richards,0,0,MUN(H) 1-1,Swansea,42218,Ashley,0,0,1,18,0,0,0,23 Dec 13:30,0,0,43,0,Midfielder,0,0
0,-14,Richards,0,0,RDG(A) 0-0,Swansea,42219,Ashley,0,0,0,19,0,0,0,26 Dec 15:00,0,0,43,0,Midfielder,0,0
0,-15,Richards,0,0,FUL(A) 2-1,Swansea,42220,Ashley,0,0,0,20,0,0,0,29 Dec 15:00,0,0,43,0,Midfielder,0,0
0,-13,Richards,0,0,AVL(H) 2-2,Swansea,42221,Ashley,0,0,0,21,0,0,0,01 Jan 15:00,0,0,43,0,Midfielder,0,0
0,-16,Richards,0,0,EVE(A) 0-0,Swansea,42222,Ashley,0,0,0,22,0,0,0,12 Jan 15:00,0,0,43,0,Midfielder,0,0
0,-23,Richards,0,0,STK(H) 3-1,Swansea,42223,Ashley,0,0,0,23,0,0,0,19 Jan 15:00,0,0,43,0,Midfielder,0,0
0,-41,Richards,0,0,SUN(A) 0-0,Swansea,42224,Ashley,0,0,0,24,0,0,0,29 Jan 19:45,0,0,43,0,Midfielder,0,0
0,-45,Richards,0,0,WHU(A) 0-1,Swansea,42225,Ashley,0,0,0,25,0,0,0,02 Feb 15:00,0,0,43,0,Midfielder,0,0
0,-54,Richards,0,0,LIV(A) 0-5,Swansea,42226,Ashley,0,0,0,26,0,0,0,17 Feb 15:00,0,0,43,0,Midfielder,0,0
0,-14,Richards,0,0,NEW(H) 1-0,Swansea,42228,Ashley,0,0,0,28,0,0,0,02 Mar 15:00,0,0,43,0,Midfielder,0,0
0,-21,Richards,0,0,WBA(A) 1-2,Swansea,42229,Ashley,0,0,0,29,0,0,0,09 Mar 15:00,0,0,43,0,Midfielder,0,0
0,-14,Richards,0,0,ARS(H) 0-2,Swansea,42230,Ashley,0,0,0,30,0,0,0,16 Mar 15:00,0,0,43,0,Midfielder,0,0
0,-10,Richards,0,0,TOT(H) 1-2,Swansea,42231,Ashley,0,0,0,31,0,0,0,30 Mar 15:00,0,0,43,0,Midfielder,0,0
0,-9,Richards,0,0,NOR(A) 2-2,Swansea,42232,Ashley,0,0,0,32,0,0,0,06 Apr 15:00,0,0,43,0,Midfielder,0,0
0,-7,Richards,0,0,SOU(H) 0-0,Swansea,42234,Ashley,0,0,0,34,0,0,0,20 Apr 15:00,0,0,43,0,Midfielder,0,0
0,-4,Richards,0,0,CHE(A) 0-2,Swansea,42235,Ashley,0,0,0,35,0,0,0,28 Apr 15:00,0,0,43,0,Midfielder,0,0
0,-4,Richards,0,0,WIG(A) 3-2,Swansea,42236,Ashley,0,0,0,36,0,0,0,07 May 19:45,0,0,43,0,Midfielder,0,0
0,-3,Richards,0,0,MUN(A) 1-2,Swansea,42237,Ashley,0,0,0,37,0,0,0,12 May 16:00,0,0,43,0,Midfielder,0,0
0,-1,Richards,0,0,FUL(H) 0-3,Swansea,42238,Ashley,0,0,0,38,0,0,0,19 May 16:00,0,0,43,0,Midfielder,0,0
0,0,Smith,0,0,NEW(A) 1-2,Tottenham,4401,Adam,0,0,0,1,0,0,0,18 Aug 17:30,0,0,40,0,Defender,0,0
0,-253,Smith,0,0,WBA(H) 1-1,Tottenham,4402,Adam,0,0,0,2,0,0,0,25 Aug 15:00,0,0,40,0,Defender,0,0
0,-374,Smith,0,0,NOR(H) 1-1,Tottenham,4403,Adam,0,0,0,3,0,0,0,01 Sep 15:00,0,0,40,0,Defender,0,0
0,-283,Smith,0,0,RDG(A) 3-1,Tottenham,4404,Adam,0,0,0,4,0,0,0,16 Sep 16:00,0,0,40,0,Defender,0,0
0,-190,Smith,0,0,QPR(H) 2-1,Tottenham,4405,Adam,0,0,0,5,0,0,0,23 Sep 16:00,0,0,40,0,Defender,0,0
0,-182,Smith,0,0,MUN(A) 3-2,Tottenham,4406,Adam,0,0,0,6,0,0,0,29 Sep 17:30,0,0,40,0,Defender,0,0
0,-94,Smith,0,0,AVL(H) 2-0,Tottenham,4407,Adam,0,0,0,7,0,0,0,07 Oct 15:00,0,0,40,0,Defender,0,0
0,-97,Smith,0,0,CHE(H) 2-4,Tottenham,4408,Adam,0,0,0,8,0,0,0,20 Oct 12:45,0,0,40,0,Defender,0,0
0,5,Smith,0,0,SOU(A) 2-1,Tottenham,4409,Adam,0,0,0,9,0,0,0,28 Oct 15:00,0,0,39,0,Defender,0,0
0,-182,Smith,0,0,WIG(H) 0-1,Tottenham,44010,Adam,0,0,0,10,0,0,0,03 Nov 15:00,0,0,39,0,Defender,0,0
0,-306,Smith,0,0,MCI(A) 1-2,Tottenham,44011,Adam,0,0,0,11,0,0,0,11 Nov 13:30,0,0,39,0,Defender,0,0
0,-251,Smith,0,0,ARS(A) 2-5,Tottenham,44012,Adam,0,0,0,12,0,0,0,17 Nov 12:45,0,0,39,0,Defender,0,0
0,-184,Smith,0,0,WHU(H) 3-1,Tottenham,44013,Adam,0,0,0,13,0,0,0,25 Nov 16:00,0,0,39,0,Defender,0,0
0,-72,Smith,0,0,LIV(H) 2-1,Tottenham,44014,Adam,0,0,0,14,0,0,0,28 Nov 19:45,0,0,39,0,Defender,0,0
0,-107,Smith,0,0,FUL(A) 3-0,Tottenham,44015,Adam,0,0,0,15,0,0,0,01 Dec 15:00,0,0,39,0,Defender,0,0
0,-118,Smith,0,0,EVE(A) 1-2,Tottenham,44016,Adam,0,0,0,16,0,0,0,09 Dec 15:00,0,0,39,0,Defender,0,0
0,-123,Smith,0,0,SWA(H) 1-0,Tottenham,44017,Adam,0,0,0,17,0,0,0,16 Dec 13:30,0,0,39,0,Defender,0,0
0,-80,Smith,0,0,STK(H) 0-0,Tottenham,44018,Adam,0,0,0,18,0,0,0,22 Dec 15:00,0,0,39,0,Defender,0,0
0,-72,Smith,0,0,AVL(A) 4-0,Tottenham,44019,Adam,0,0,0,19,0,0,0,26 Dec 17:30,0,0,39,0,Defender,0,0
0,-64,Smith,0,0,SUN(A) 2-1,Tottenham,44020,Adam,0,0,0,20,0,0,0,29 Dec 12:45,0,0,38,0,Defender,0,0
0,-10,Smith,0,0,RDG(H) 3-1,Tottenham,44021,Adam,0,0,0,21,0,0,0,01 Jan 15:00,0,0,38,0,Defender,0,0
0,-45,Smith,0,0,QPR(A) 0-0,Tottenham,44022,Adam,0,0,0,22,0,0,0,12 Jan 12:45,0,0,38,0,Defender,0,0
0,-20,Smith,0,0,MUN(H) 1-1,Tottenham,44023,Adam,0,0,0,23,0,0,0,20 Jan 16:00,0,0,38,0,Defender,0,0
0,5,Smith,0,0,NOR(A) 1-1,Tottenham,44024,Adam,0,0,0,24,0,0,0,30 Jan 19:45,0,0,38,0,Defender,0,0
0,14,Smith,0,0,WBA(A) 1-0,Tottenham,44025,Adam,0,0,0,25,0,0,0,03 Feb 13:30,0,0,38,0,Defender,0,0
0,-47,Smith,0,0,NEW(H) 2-1,Tottenham,44026,Adam,0,0,0,26,0,0,0,09 Feb 12:45,0,0,38,0,Defender,0,0
0,-77,Smith,0,0,WHU(A) 3-2,Tottenham,44027,Adam,0,0,0,27,0,0,0,25 Feb 20:00,0,0,38,0,Defender,0,0
0,-36,Smith,0,0,ARS(H) 2-1,Tottenham,44028,Adam,0,0,0,28,0,0,0,03 Mar 16:00,0,0,38,0,Defender,0,0
0,-55,Smith,0,0,LIV(A) 2-3,Tottenham,44029,Adam,0,0,0,29,0,0,0,10 Mar 16:00,0,0,38,0,Defender,0,0
0,-30,Smith,0,0,FUL(H) 0-1,Tottenham,44030,Adam,0,0,0,30,0,0,0,17 Mar 15:00,0,0,38,0,Defender,0,0
0,-34,Smith,0,0,SWA(A) 2-1,Tottenham,44031,Adam,0,0,0,31,0,0,0,30 Mar 15:00,0,0,38,0,Defender,0,0
0,-16,Smith,0,0,EVE(H) 2-2,Tottenham,44032,Adam,0,0,0,32,0,0,0,07 Apr 14:05,0,0,38,0,Defender,0,0
0,-14,Smith,0,0,MCI(H) 3-1,Tottenham,44034,Adam,0,0,0,34,0,0,0,21 Apr 13:30,0,0,38,0,Defender,0,0
0,-10,Smith,0,0,WIG(A) 2-2,Tottenham,44035,Adam,0,0,0,35,0,0,0,27 Apr 15:00,0,0,38,0,Defender,0,0
0,-15,Smith,0,0,CHE(A) 2-2,Tottenham,44036,Adam,0,0,0,36,0,0,0,08 May 19:45,0,0,38,0,Defender,0,0
0,-9,Smith,0,0,STK(A) 2-1,Tottenham,44037,Adam,0,0,0,37,0,0,0,12 May 13:30,0,0,38,0,Defender,0,0
0,-7,Smith,0,0,SUN(H) 1-0,Tottenham,44038,Adam,0,0,0,38,0,0,0,19 May 16:00,0,0,38,0,Defender,0,0
0,0,Lennon,2,0,NEW(A) 1-2,Tottenham,4471,Aaron,0,90,13,1,0,0,1,18 Aug 17:30,0,0,70,5,Midfielder,0,0
0,11634,Lennon,1,0,WBA(H) 1-1,Tottenham,4472,Aaron,0,90,10,2,0,0,0,25 Aug 15:00,0,0,70,2,Midfielder,0,0
0,-2434,Lennon,1,0,NOR(H) 1-1,Tottenham,4473,Aaron,0,90,8,3,0,0,0,01 Sep 15:00,0,0,70,2,Midfielder,0,0
0,-12452,Lennon,0,0,RDG(A) 3-1,Tottenham,4474,Aaron,0,86,20,4,0,1,1,16 Sep 16:00,0,0,70,6,Midfielder,0,0
0,2657,Lennon,1,0,QPR(H) 2-1,Tottenham,4475,Aaron,0,90,21,5,0,0,0,23 Sep 16:00,0,0,70,2,Midfielder,0,0
0,-6429,Lennon,2,0,MUN(A) 3-2,Tottenham,4476,Aaron,0,90,10,6,0,0,0,29 Sep 17:30,0,0,70,2,Midfielder,0,0
0,-2343,Lennon,0,0,AVL(H) 2-0,Tottenham,4477,Aaron,0,85,33,7,2,1,0,07 Oct 15:00,0,0,70,10,Midfielder,0,1
0,4181,Lennon,4,0,CHE(H) 2-4,Tottenham,4478,Aaron,0,90,16,8,0,0,1,20 Oct 12:45,0,0,70,5,Midfielder,0,0
0,33366,Lennon,1,0,SOU(A) 2-1,Tottenham,4479,Aaron,0,90,12,9,0,0,0,28 Oct 15:00,0,0,70,2,Midfielder,0,0
0,14657,Lennon,1,0,WIG(H) 0-1,Tottenham,44710,Aaron,0,90,5,10,0,0,0,03 Nov 15:00,0,0,71,2,Midfielder,0,0
0,-18817,Lennon,1,0,MCI(A) 1-2,Tottenham,44711,Aaron,0,86,2,11,0,0,0,11 Nov 13:30,0,0,71,2,Midfielder,0,0
1,-20518,Lennon,5,0,ARS(A) 2-5,Tottenham,44712,Aaron,0,90,-2,12,0,0,0,17 Nov 12:45,0,0,70,1,Midfielder,0,0
0,200,Lennon,0,0,WHU(H) 3-1,Tottenham,44713,Aaron,0,78,11,13,0,1,1,25 Nov 16:00,0,0,70,6,Midfielder,0,0
0,99,Lennon,1,0,LIV(H) 2-1,Tottenham,44714,Aaron,0,90,34,14,2,0,0,28 Nov 19:45,0,0,70,9,Midfielder,0,1
0,7857,Lennon,0,0,FUL(A) 3-0,Tottenham,44715,Aaron,0,90,17,15,0,1,0,01 Dec 15:00,0,0,70,3,Midfielder,0,0
0,6213,Lennon,0,0,EVE(A) 1-2,Tottenham,44716,Aaron,0,70,4,16,0,1,0,09 Dec 15:00,0,0,70,3,Midfielder,0,0
0,7448,Lennon,0,0,SWA(H) 1-0,Tottenham,44717,Aaron,0,90,18,17,1,1,0,16 Dec 13:30,0,0,70,4,Midfielder,0,0
0,11004,Lennon,0,0,STK(H) 0-0,Tottenham,44718,Aaron,0,77,12,18,0,1,0,22 Dec 15:00,0,0,71,3,Midfielder,0,0
0,-288,Lennon,0,0,AVL(A) 4-0,Tottenham,44719,Aaron,0,90,18,19,0,1,1,26 Dec 17:30,0,0,71,6,Midfielder,0,0
0,1854,Lennon,1,0,SUN(A) 2-1,Tottenham,44720,Aaron,0,82,32,20,3,0,0,29 Dec 12:45,0,0,71,10,Midfielder,0,1
0,32408,Lennon,1,0,RDG(H) 3-1,Tottenham,44721,Aaron,0,90,24,21,0,0,1,01 Jan 15:00,0,0,72,5,Midfielder,0,0
0,19898,Lennon,0,0,QPR(A) 0-0,Tottenham,44722,Aaron,0,78,9,22,0,1,0,12 Jan 12:45,0,0,72,3,Midfielder,0,0
0,-12270,Lennon,1,0,MUN(H) 1-1,Tottenham,44723,Aaron,0,90,15,23,0,0,1,20 Jan 16:00,0,0,72,5,Midfielder,0,0
0,22857,Lennon,1,0,NOR(A) 1-1,Tottenham,44724,Aaron,0,86,6,24,0,0,0,30 Jan 19:45,0,0,73,2,Midfielder,0,0
0,-373,Lennon,0,0,WBA(A) 1-0,Tottenham,44725,Aaron,0,85,14,25,0,1,0,03 Feb 13:30,0,0,73,3,Midfielder,0,0
0,-10255,Lennon,1,0,NEW(H) 2-1,Tottenham,44726,Aaron,0,90,15,26,0,0,0,09 Feb 12:45,0,0,73,2,Midfielder,0,0
0,-2383,Lennon,2,0,WHU(A) 3-2,Tottenham,44727,Aaron,0,90,9,27,0,0,0,25 Feb 20:00,0,0,73,2,Midfielder,0,0
0,-11239,Lennon,1,0,ARS(H) 2-1,Tottenham,44728,Aaron,0,90,28,28,2,0,0,03 Mar 16:00,0,0,72,9,Midfielder,0,1
0,6631,Lennon,0,0,LIV(A) 2-3,Tottenham,44729,Aaron,0,0,0,29,0,0,0,10 Mar 16:00,0,0,72,0,Midfielder,0,0
0,-14345,Lennon,0,0,FUL(H) 0-1,Tottenham,44730,Aaron,0,0,0,30,0,0,0,17 Mar 15:00,0,0,72,0,Midfielder,0,0
0,2053,Lennon,1,0,SWA(A) 2-1,Tottenham,44731,Aaron,0,90,15,31,0,0,0,30 Mar 15:00,0,0,72,2,Midfielder,0,0
0,-10562,Lennon,0,0,EVE(H) 2-2,Tottenham,44732,Aaron,0,0,0,32,0,0,0,07 Apr 14:05,0,0,72,0,Midfielder,0,0
0,-6480,Lennon,0,0,MCI(H) 3-1,Tottenham,44734,Aaron,0,0,0,34,0,0,0,21 Apr 13:30,0,0,71,0,Midfielder,0,0
0,476,Lennon,0,0,WIG(A) 2-2,Tottenham,44735,Aaron,0,18,2,35,0,0,0,27 Apr 15:00,0,0,71,1,Midfielder,0,0
0,13345,Lennon,2,0,CHE(A) 2-2,Tottenham,44736,Aaron,0,61,5,36,0,0,0,08 May 19:45,0,0,71,2,Midfielder,0,0
0,-3007,Lennon,1,0,STK(A) 2-1,Tottenham,44737,Aaron,0,73,9,37,0,0,0,12 May 13:30,0,0,71,2,Midfielder,0,0
0,3498,Lennon,0,0,SUN(H) 1-0,Tottenham,44738,Aaron,0,90,16,38,0,1,1,19 May 16:00,0,0,71,6,Midfielder,0,0
0,0,Al-Habsi,2,1,CHE(H) 0-2,Wigan,5081,Ali,0,90,3,1,0,0,0,19 Aug 13:30,0,0,50,1,Goalkeeper,0,0
0,-3440,Al-Habsi,0,6,SOU(A) 2-0,Wigan,5082,Ali,0,90,23,2,2,1,0,25 Aug 15:00,0,0,50,10,Goalkeeper,0,0
0,17162,Al-Habsi,2,5,STK(H) 2-2,Wigan,5083,Ali,0,90,11,3,0,0,0,01 Sep 15:00,0,0,50,2,Goalkeeper,0,0
0,-894,Al-Habsi,4,0,MUN(A) 0-4,Wigan,5084,Ali,0,90,2,4,0,0,0,15 Sep 15:00,1,0,50,5,Goalkeeper,0,0
0,2934,Al-Habsi,2,6,FUL(H) 1-2,Wigan,5085,Ali,0,90,8,5,0,0,0,22 Sep 15:00,0,0,50,3,Goalkeeper,0,0
0,79,Al-Habsi,1,2,SUN(A) 0-1,Wigan,5086,Ali,0,90,4,6,0,0,0,29 Sep 15:00,0,0,50,2,Goalkeeper,0,0
0,-889,Al-Habsi,2,5,EVE(H) 2-2,Wigan,5087,Ali,0,90,11,7,0,0,0,06 Oct 15:00,0,0,50,2,Goalkeeper,0,0
0,-834,Al-Habsi,2,6,SWA(A) 1-2,Wigan,5088,Ali,0,90,10,8,0,0,0,20 Oct 15:00,0,0,50,3,Goalkeeper,0,0
0,-1121,Al-Habsi,1,4,WHU(H) 2-1,Wigan,5089,Ali,0,90,18,9,0,0,0,27 Oct 15:00,0,0,50,3,Goalkeeper,0,0
0,-2137,Al-Habsi,0,5,TOT(A) 1-0,Wigan,50810,Ali,0,90,20,10,0,1,0,03 Nov 15:00,0,0,50,7,Goalkeeper,0,0
0,2670,Al-Habsi,2,3,WBA(H) 1-2,Wigan,50811,Ali,0,90,5,11,0,0,0,10 Nov 15:00,0,0,50,2,Goalkeeper,0,0
0,-957,Al-Habsi,3,2,LIV(A) 0-3,Wigan,50812,Ali,0,90,10,12,0,0,0,17 Nov 15:00,0,0,50,1,Goalkeeper,0,0
0,848,Al-Habsi,2,4,RDG(H) 3-2,Wigan,50813,Ali,1,90,17,13,0,0,0,24 Nov 15:00,0,0,50,0,Goalkeeper,0,0
0,-2735,Al-Habsi,2,3,MCI(H) 0-2,Wigan,50814,Ali,0,90,5,14,0,0,0,28 Nov 20:00,0,0,50,2,Goalkeeper,0,0
0,1715,Al-Habsi,3,5,NEW(A) 0-3,Wigan,50815,Ali,0,90,8,15,0,0,0,03 Dec 20:00,0,0,50,2,Goalkeeper,0,0
0,154,Al-Habsi,2,2,QPR(H) 2-2,Wigan,50816,Ali,0,90,8,16,0,0,0,08 Dec 15:00,0,0,50,1,Goalkeeper,0,0
0,-1463,Al-Habsi,2,6,NOR(A) 1-2,Wigan,50817,Ali,0,90,5,17,0,0,0,15 Dec 15:00,0,0,50,3,Goalkeeper,0,0
0,-1902,Al-Habsi,1,3,ARS(H) 0-1,Wigan,50818,Ali,0,90,4,18,0,0,0,22 Dec 12:45,0,0,50,3,Goalkeeper,0,0
0,-1040,Al-Habsi,2,1,EVE(A) 1-2,Wigan,50819,Ali,0,90,4,19,0,0,0,26 Dec 15:00,0,0,50,1,Goalkeeper,0,0
0,-1633,Al-Habsi,0,2,AVL(A) 3-0,Wigan,50820,Ali,0,90,18,20,0,1,0,29 Dec 15:00,0,0,50,6,Goalkeeper,0,0
0,-1005,Al-Habsi,4,3,MUN(H) 0-4,Wigan,50821,Ali,0,90,6,21,0,0,0,01 Jan 15:00,0,0,50,1,Goalkeeper,0,0
0,-5966,Al-Habsi,1,0,FUL(A) 1-1,Wigan,50822,Ali,0,90,6,22,0,0,0,12 Jan 15:00,0,0,50,2,Goalkeeper,0,0
0,-3353,Al-Habsi,3,2,SUN(H) 2-3,Wigan,50823,Ali,0,90,3,23,0,0,0,19 Jan 15:00,0,0,50,1,Goalkeeper,0,0
0,-4140,Al-Habsi,2,1,STK(A) 2-2,Wigan,50824,Ali,0,90,6,24,0,0,0,29 Jan 19:45,0,0,50,1,Goalkeeper,0,0
0,-2324,Al-Habsi,2,0,SOU(H) 2-2,Wigan,50825,Ali,0,90,6,25,0,0,0,02 Feb 15:00,0,0,50,1,Goalkeeper,0,0
0,-2177,Al-Habsi,4,8,CHE(A) 1-4,Wigan,50826,Ali,0,90,7,26,0,0,0,09 Feb 15:00,0,0,50,2,Goalkeeper,0,0
0,-1316,Al-Habsi,0,0,RDG(A) 3-0,Wigan,50827,Ali,0,90,15,27,0,1,0,23 Feb 15:00,0,0,50,6,Goalkeeper,0,0
0,-582,Al-Habsi,4,1,LIV(H) 0-4,Wigan,50828,Ali,0,90,2,28,0,0,0,02 Mar 17:30,0,0,50,0,Goalkeeper,0,0
0,-96,Al-Habsi,0,0,NEW(H) 2-1,Wigan,50830,Ali,0,0,0,30,0,0,0,17 Mar 16:00,0,0,50,0,Goalkeeper,0,0
0,150,Al-Habsi,0,0,NOR(H) 1-0,Wigan,50831,Ali,0,0,0,31,0,0,0,30 Mar 15:00,0,0,49,0,Goalkeeper,0,0
0,-1257,Al-Habsi,0,0,QPR(A) 1-1,Wigan,50832,Ali,0,0,0,32,0,0,0,07 Apr 16:10,0,0,49,0,Goalkeeper,0,0
0,-1709,Al-Habsi,0,0,MCI(A) 0-1,Wigan,50833,Ali,0,0,0,33,0,0,0,17 Apr 19:45,0,0,49,0,Goalkeeper,0,0
0,-553,Al-Habsi,0,0,WHU(A) 0-2,Wigan,50834,Ali,0,0,0,34,0,0,0,20 Apr 15:00,0,0,49,0,Goalkeeper,0,0
0,-613,Al-Habsi,0,0,TOT(H) 2-2,Wigan,50835,Ali,0,0,0,35,0,0,0,27 Apr 15:00,0,0,49,0,Goalkeeper,0,0
0,1077,Al-Habsi,0,0,SWA(H) 2-3,Wigan,50836,Ali,0,0,0,36,0,0,0,07 May 19:45,0,0,49,0,Goalkeeper,0,0
0,-988,Al-Habsi,0,0,ARS(A) 1-4,Wigan,50837,Ali,0,0,0,37,0,0,0,14 May 19:45,0,0,49,0,Goalkeeper,0,0
0,-670,Al-Habsi,2,1,AVL(H) 2-2,Wigan,50838,Ali,0,90,6,38,0,0,0,19 May 16:00,0,0,49,1,Goalkeeper,0,0
0,0,Alcaraz,2,0,CHE(H) 0-2,Wigan,5111,Antolin,0,90,4,1,0,0,0,19 Aug 13:30,0,0,45,1,Defender,0,0
0,-614,Alcaraz,0,0,SOU(A) 2-0,Wigan,5112,Antolin,0,90,18,2,0,1,0,25 Aug 15:00,0,0,45,6,Defender,0,0
0,-1680,Alcaraz,0,0,STK(H) 2-2,Wigan,5113,Antolin,0,0,0,3,0,0,0,01 Sep 15:00,0,0,45,0,Defender,0,0
0,-1244,Alcaraz,0,0,MUN(A) 0-4,Wigan,5114,Antolin,0,0,0,4,0,0,0,15 Sep 15:00,0,0,45,0,Defender,0,0
0,-1158,Alcaraz,0,0,FUL(H) 1-2,Wigan,5115,Antolin,0,0,0,5,0,0,0,22 Sep 15:00,0,0,45,0,Defender,0,0
0,-1202,Alcaraz,0,0,SUN(A) 0-1,Wigan,5116,Antolin,0,0,0,6,0,0,0,29 Sep 15:00,0,0,45,0,Defender,0,0
0,-1030,Alcaraz,0,0,EVE(H) 2-2,Wigan,5117,Antolin,0,0,0,7,0,0,0,06 Oct 15:00,0,0,45,0,Defender,0,0
0,-918,Alcaraz,0,0,SWA(A) 1-2,Wigan,5118,Antolin,0,0,0,8,0,0,0,20 Oct 15:00,0,0,44,0,Defender,0,0
0,-558,Alcaraz,0,0,WHU(H) 2-1,Wigan,5119,Antolin,0,0,0,9,0,0,0,27 Oct 15:00,0,0,44,0,Defender,0,0
0,-514,Alcaraz,0,0,TOT(A) 1-0,Wigan,51110,Antolin,0,0,0,10,0,0,0,03 Nov 15:00,0,0,44,0,Defender,0,0
0,-366,Alcaraz,0,0,WBA(H) 1-2,Wigan,51111,Antolin,0,0,0,11,0,0,0,10 Nov 15:00,0,0,44,0,Defender,0,0
0,-338,Alcaraz,0,0,LIV(A) 0-3,Wigan,51112,Antolin,0,0,0,12,0,0,0,17 Nov 15:00,0,0,43,0,Defender,0,0
0,-303,Alcaraz,0,0,RDG(H) 3-2,Wigan,51113,Antolin,0,0,0,13,0,0,0,24 Nov 15:00,0,0,43,0,Defender,0,0
0,-121,Alcaraz,0,0,MCI(H) 0-2,Wigan,51114,Antolin,0,0,0,14,0,0,0,28 Nov 20:00,0,0,43,0,Defender,0,0
0,-169,Alcaraz,0,0,NEW(A) 0-3,Wigan,51115,Antolin,0,0,0,15,0,0,0,03 Dec 20:00,0,0,43,0,Defender,0,0
0,-227,Alcaraz,0,0,QPR(H) 2-2,Wigan,51116,Antolin,0,0,0,16,0,0,0,08 Dec 15:00,0,0,43,0,Defender,0,0
0,-165,Alcaraz,0,0,NOR(A) 1-2,Wigan,51117,Antolin,0,0,0,17,0,0,0,15 Dec 15:00,0,0,43,0,Defender,0,0
0,-148,Alcaraz,0,0,ARS(H) 0-1,Wigan,51118,Antolin,0,0,0,18,0,0,0,22 Dec 12:45,0,0,42,0,Defender,0,0
0,-72,Alcaraz,0,0,EVE(A) 1-2,Wigan,51119,Antolin,0,0,0,19,0,0,0,26 Dec 15:00,0,0,42,0,Defender,0,0
0,-96,Alcaraz,0,0,AVL(A) 3-0,Wigan,51120,Antolin,0,0,0,20,0,0,0,29 Dec 15:00,0,0,42,0,Defender,0,0
0,-65,Alcaraz,0,0,MUN(H) 0-4,Wigan,51121,Antolin,0,0,0,21,0,0,0,01 Jan 15:00,0,0,42,0,Defender,0,0
0,-222,Alcaraz,0,0,FUL(A) 1-1,Wigan,51122,Antolin,0,0,0,22,0,0,0,12 Jan 15:00,0,0,42,0,Defender,0,0
0,-113,Alcaraz,0,0,SUN(H) 2-3,Wigan,51123,Antolin,0,0,0,23,0,0,0,19 Jan 15:00,0,0,42,0,Defender,0,0
0,-96,Alcaraz,0,0,STK(A) 2-2,Wigan,51124,Antolin,0,0,0,24,0,0,0,29 Jan 19:45,0,0,42,0,Defender,0,0
0,-61,Alcaraz,0,0,SOU(H) 2-2,Wigan,51125,Antolin,0,0,0,25,0,0,0,02 Feb 15:00,0,0,42,0,Defender,0,0
0,-49,Alcaraz,0,0,CHE(A) 1-4,Wigan,51126,Antolin,0,0,0,26,0,0,0,09 Feb 15:00,0,0,42,0,Defender,0,0
0,-45,Alcaraz,0,0,RDG(A) 3-0,Wigan,51127,Antolin,0,8,2,27,0,0,0,23 Feb 15:00,0,0,42,1,Defender,0,0
0,6,Alcaraz,0,0,LIV(H) 0-4,Wigan,51128,Antolin,0,39,1,28,0,0,0,02 Mar 17:30,0,0,42,1,Defender,0,0
0,88,Alcaraz,1,0,NEW(H) 2-1,Wigan,51130,Antolin,0,90,14,30,0,0,0,17 Mar 16:00,0,0,42,2,Defender,0,0
0,121,Alcaraz,0,0,NOR(H) 1-0,Wigan,51131,Antolin,0,90,15,31,0,1,0,30 Mar 15:00,0,0,42,6,Defender,0,0
1,438,Alcaraz,1,0,QPR(A) 1-1,Wigan,51132,Antolin,0,90,9,32,0,0,0,07 Apr 16:10,0,0,42,1,Defender,0,0
0,140,Alcaraz,1,0,MCI(A) 0-1,Wigan,51133,Antolin,0,90,7,33,0,0,0,17 Apr 19:45,0,0,42,2,Defender,0,0
0,208,Alcaraz,0,0,WHU(A) 0-2,Wigan,51134,Antolin,0,15,5,34,0,0,0,20 Apr 15:00,0,0,42,1,Defender,0,0
0,-198,Alcaraz,0,0,TOT(H) 2-2,Wigan,51135,Antolin,0,0,0,35,0,0,0,27 Apr 15:00,0,0,42,0,Defender,0,0
0,-223,Alcaraz,0,0,SWA(H) 2-3,Wigan,51136,Antolin,0,0,0,36,0,0,0,07 May 19:45,0,0,42,0,Defender,0,0
1,-62,Alcaraz,4,0,ARS(A) 1-4,Wigan,51137,Antolin,0,90,7,37,0,0,0,14 May 19:45,0,0,42,-1,Defender,0,0
0,93,Alcaraz,0,0,AVL(H) 2-2,Wigan,51138,Antolin,0,0,0,38,0,0,0,19 May 16:00,0,0,42,0,Defender,0,0
0,0,Lopez,0,0,CHE(H) 0-2,Wigan,5161,Adrian,0,0,0,1,0,0,0,19 Aug 13:30,0,0,40,0,Defender,0,0
0,-309,Lopez,0,0,SOU(A) 2-0,Wigan,5162,Adrian,0,0,0,2,0,0,0,25 Aug 15:00,0,0,40,0,Defender,0,0
0,-474,Lopez,0,0,STK(H) 2-2,Wigan,5163,Adrian,0,0,0,3,0,0,0,01 Sep 15:00,0,0,40,0,Defender,0,0
0,-305,Lopez,0,0,MUN(A) 0-4,Wigan,5164,Adrian,0,0,0,4,0,0,0,15 Sep 15:00,0,0,40,0,Defender,0,0
0,-208,Lopez,0,0,FUL(H) 1-2,Wigan,5165,Adrian,0,0,0,5,0,0,0,22 Sep 15:00,0,0,40,0,Defender,0,0
0,-215,Lopez,0,0,SUN(A) 0-1,Wigan,5166,Adrian,0,0,0,6,0,0,0,29 Sep 15:00,0,0,40,0,Defender,0,0
0,3,Lopez,0,0,EVE(H) 2-2,Wigan,5167,Adrian,0,0,0,7,0,0,0,06 Oct 15:00,0,0,39,0,Defender,0,0
0,222,Lopez,0,0,SWA(A) 1-2,Wigan,5168,Adrian,0,0,0,8,0,0,0,20 Oct 15:00,0,0,39,0,Defender,0,0
0,-13,Lopez,0,0,WHU(H) 2-1,Wigan,5169,Adrian,0,0,0,9,0,0,0,27 Oct 15:00,0,0,39,0,Defender,0,0
0,-27,Lopez,0,0,TOT(A) 1-0,Wigan,51610,Adrian,0,0,0,10,0,0,0,03 Nov 15:00,0,0,39,0,Defender,0,0
0,-48,Lopez,0,0,WBA(H) 1-2,Wigan,51611,Adrian,0,0,0,11,0,0,0,10 Nov 15:00,0,0,39,0,Defender,0,0
0,-48,Lopez,0,0,LIV(A) 0-3,Wigan,51612,Adrian,0,0,0,12,0,0,0,17 Nov 15:00,0,0,39,0,Defender,0,0
0,-37,Lopez,1,0,RDG(H) 3-2,Wigan,51613,Adrian,0,42,7,13,0,0,0,24 Nov 15:00,0,0,39,1,Defender,0,0
0,-10,Lopez,2,0,MCI(H) 0-2,Wigan,51614,Adrian,0,90,3,14,0,0,0,28 Nov 20:00,0,0,39,1,Defender,0,0
0,29,Lopez,1,0,NEW(A) 0-3,Wigan,51615,Adrian,0,45,1,15,0,0,0,03 Dec 20:00,0,0,39,1,Defender,0,0
0,-12,Lopez,2,0,QPR(H) 2-2,Wigan,51616,Adrian,0,90,7,16,0,0,0,08 Dec 15:00,0,0,39,1,Defender,0,0
1,12,Lopez,2,0,NOR(A) 1-2,Wigan,51617,Adrian,0,90,2,17,0,0,0,15 Dec 15:00,0,0,39,0,Defender,0,0
0,-106,Lopez,0,0,ARS(H) 0-1,Wigan,51618,Adrian,0,0,0,18,0,0,0,22 Dec 12:45,0,0,39,0,Defender,0,0
0,-168,Lopez,0,0,EVE(A) 1-2,Wigan,51619,Adrian,0,0,0,19,0,0,0,26 Dec 15:00,0,0,39,0,Defender,0,0
0,-153,Lopez,0,0,AVL(A) 3-0,Wigan,51620,Adrian,0,0,0,20,0,0,0,29 Dec 15:00,0,0,39,0,Defender,0,0
0,-116,Lopez,0,0,MUN(H) 0-4,Wigan,51621,Adrian,0,0,0,21,0,0,0,01 Jan 15:00,0,0,39,0,Defender,0,0
0,-461,Lopez,0,0,FUL(A) 1-1,Wigan,51622,Adrian,0,0,0,22,0,0,0,12 Jan 15:00,0,0,39,0,Defender,0,0
0,-183,Lopez,0,0,SUN(H) 2-3,Wigan,51623,Adrian,0,0,0,23,0,0,0,19 Jan 15:00,0,0,39,0,Defender,0,0
0,-129,Lopez,0,0,STK(A) 2-2,Wigan,51624,Adrian,0,0,0,24,0,0,0,29 Jan 19:45,0,0,39,0,Defender,0,0
0,-20,Lopez,0,0,SOU(H) 2-2,Wigan,51625,Adrian,0,0,0,25,0,0,0,02 Feb 15:00,0,0,39,0,Defender,0,0
0,2,Lopez,0,0,CHE(A) 1-4,Wigan,51626,Adrian,0,0,0,26,0,0,0,09 Feb 15:00,0,0,39,0,Defender,0,0
0,26,Lopez,0,0,RDG(A) 3-0,Wigan,51627,Adrian,0,0,0,27,0,0,0,23 Feb 15:00,0,0,39,0,Defender,0,0
0,-1,Lopez,0,0,LIV(H) 0-4,Wigan,51628,Adrian,0,0,0,28,0,0,0,02 Mar 17:30,0,0,39,0,Defender,0,0
0,-7,Lopez,0,0,NEW(H) 2-1,Wigan,51630,Adrian,0,0,0,30,0,0,0,17 Mar 16:00,0,0,39,0,Defender,0,0
0,1,Lopez,0,0,NOR(H) 1-0,Wigan,51631,Adrian,0,0,0,31,0,0,0,30 Mar 15:00,0,0,39,0,Defender,0,0
0,-13,Lopez,0,0,QPR(A) 1-1,Wigan,51632,Adrian,0,0,0,32,0,0,0,07 Apr 16:10,0,0,39,0,Defender,0,0
0,-11,Lopez,0,0,MCI(A) 0-1,Wigan,51633,Adrian,0,0,0,33,0,0,0,17 Apr 19:45,0,0,39,0,Defender,0,0
0,-3,Lopez,0,0,WHU(A) 0-2,Wigan,51634,Adrian,0,0,0,34,0,0,0,20 Apr 15:00,0,0,39,0,Defender,0,0
0,-9,Lopez,0,0,TOT(H) 2-2,Wigan,51635,Adrian,0,0,0,35,0,0,0,27 Apr 15:00,0,0,39,0,Defender,0,0
0,14,Lopez,0,0,SWA(H) 2-3,Wigan,51636,Adrian,0,0,0,36,0,0,0,07 May 19:45,0,0,39,0,Defender,0,0
0,-4,Lopez,0,0,ARS(A) 1-4,Wigan,51637,Adrian,0,0,0,37,0,0,0,14 May 19:45,0,0,39,0,Defender,0,0
0,16,Lopez,0,0,AVL(H) 2-2,Wigan,51638,Adrian,0,0,0,38,0,0,0,19 May 16:00,0,0,39,0,Defender,0,0
0,0,Crusat,0,0,CHE(H) 0-2,Wigan,5241,Albert,0,0,0,1,0,0,0,19 Aug 13:30,0,0,45,0,Midfielder,0,0
0,-189,Crusat,0,0,SOU(A) 2-0,Wigan,5242,Albert,0,0,0,2,0,0,0,25 Aug 15:00,0,0,45,0,Midfielder,0,0
0,-346,Crusat,0,0,STK(H) 2-2,Wigan,5243,Albert,0,0,0,3,0,0,0,01 Sep 15:00,0,0,44,0,Midfielder,0,0
0,-85,Crusat,0,0,MUN(A) 0-4,Wigan,5244,Albert,0,0,0,4,0,0,0,15 Sep 15:00,0,0,44,0,Midfielder,0,0
0,-97,Crusat,0,0,FUL(H) 1-2,Wigan,5245,Albert,0,0,0,5,0,0,0,22 Sep 15:00,0,0,44,0,Midfielder,0,0
0,-109,Crusat,0,0,SUN(A) 0-1,Wigan,5246,Albert,0,0,0,6,0,0,0,29 Sep 15:00,0,0,44,0,Midfielder,0,0
0,-51,Crusat,0,0,EVE(H) 2-2,Wigan,5247,Albert,0,0,0,7,0,0,0,06 Oct 15:00,0,0,44,0,Midfielder,0,0
0,-44,Crusat,0,0,SWA(A) 1-2,Wigan,5248,Albert,0,0,0,8,0,0,0,20 Oct 15:00,0,0,44,0,Midfielder,0,0
0,-34,Crusat,0,0,WHU(H) 2-1,Wigan,5249,Albert,0,0,0,9,0,0,0,27 Oct 15:00,0,0,43,0,Midfielder,0,0
0,-68,Crusat,0,0,TOT(A) 1-0,Wigan,52410,Albert,0,0,0,10,0,0,0,03 Nov 15:00,0,0,43,0,Midfielder,0,0
0,-46,Crusat,0,0,WBA(H) 1-2,Wigan,52411,Albert,0,0,0,11,0,0,0,10 Nov 15:00,0,0,43,0,Midfielder,0,0
0,-58,Crusat,0,0,LIV(A) 0-3,Wigan,52412,Albert,0,0,0,12,0,0,0,17 Nov 15:00,0,0,43,0,Midfielder,0,0
0,-47,Crusat,0,0,RDG(H) 3-2,Wigan,52413,Albert,0,0,0,13,0,0,0,24 Nov 15:00,0,0,43,0,Midfielder,0,0
0,-22,Crusat,0,0,MCI(H) 0-2,Wigan,52414,Albert,0,0,0,14,0,0,0,28 Nov 20:00,0,0,43,0,Midfielder,0,0
0,-17,Crusat,0,0,NEW(A) 0-3,Wigan,52415,Albert,0,0,0,15,0,0,0,03 Dec 20:00,0,0,43,0,Midfielder,0,0
0,-36,Crusat,0,0,QPR(H) 2-2,Wigan,52416,Albert,0,0,0,16,0,0,0,08 Dec 15:00,0,0,43,0,Midfielder,0,0
0,-27,Crusat,0,0,NOR(A) 1-2,Wigan,52417,Albert,0,0,0,17,0,0,0,15 Dec 15:00,0,0,43,0,Midfielder,0,0
0,-24,Crusat,0,0,ARS(H) 0-1,Wigan,52418,Albert,0,0,0,18,0,0,0,22 Dec 12:45,0,0,43,0,Midfielder,0,0
0,-27,Crusat,0,0,EVE(A) 1-2,Wigan,52419,Albert,0,0,0,19,0,0,0,26 Dec 15:00,0,0,43,0,Midfielder,0,0
0,-18,Crusat,0,0,AVL(A) 3-0,Wigan,52420,Albert,0,0,0,20,0,0,0,29 Dec 15:00,0,0,43,0,Midfielder,0,0
0,-20,Crusat,0,0,MUN(H) 0-4,Wigan,52421,Albert,0,0,0,21,0,0,0,01 Jan 15:00,0,0,43,0,Midfielder,0,0
0,-62,Crusat,0,0,FUL(A) 1-1,Wigan,52422,Albert,0,0,0,22,0,0,0,12 Jan 15:00,0,0,43,0,Midfielder,0,0
0,-30,Crusat,0,0,SUN(H) 2-3,Wigan,52423,Albert,0,0,0,23,0,0,0,19 Jan 15:00,0,0,43,0,Midfielder,0,0
0,-16,Crusat,0,0,STK(A) 2-2,Wigan,52424,Albert,0,0,0,24,0,0,0,29 Jan 19:45,0,0,42,0,Midfielder,0,0
0,19,Crusat,0,0,SOU(H) 2-2,Wigan,52425,Albert,0,0,0,25,0,0,0,02 Feb 15:00,0,0,42,0,Midfielder,0,0
0,-12,Crusat,0,0,CHE(A) 1-4,Wigan,52426,Albert,0,0,0,26,0,0,0,09 Feb 15:00,0,0,42,0,Midfielder,0,0
0,2,Crusat,0,0,RDG(A) 3-0,Wigan,52427,Albert,0,0,0,27,0,0,0,23 Feb 15:00,0,0,42,0,Midfielder,0,0
0,-7,Crusat,0,0,LIV(H) 0-4,Wigan,52428,Albert,0,0,0,28,0,0,0,02 Mar 17:30,0,0,42,0,Midfielder,0,0
0,5,Crusat,0,0,NEW(H) 2-1,Wigan,52430,Albert,0,0,0,30,0,0,0,17 Mar 16:00,0,0,42,0,Midfielder,0,0
0,-11,Crusat,0,0,NOR(H) 1-0,Wigan,52431,Albert,0,0,0,31,0,0,0,30 Mar 15:00,0,0,42,0,Midfielder,0,0
0,7,Crusat,0,0,QPR(A) 1-1,Wigan,52432,Albert,0,0,0,32,0,0,0,07 Apr 16:10,0,0,42,0,Midfielder,0,0
0,-2,Crusat,0,0,MCI(A) 0-1,Wigan,52433,Albert,0,0,0,33,0,0,0,17 Apr 19:45,0,0,42,0,Midfielder,0,0
0,5,Crusat,0,0,WHU(A) 0-2,Wigan,52434,Albert,0,0,0,34,0,0,0,20 Apr 15:00,0,0,42,0,Midfielder,0,0
0,-2,Crusat,0,0,TOT(H) 2-2,Wigan,52435,Albert,0,0,0,35,0,0,0,27 Apr 15:00,0,0,42,0,Midfielder,0,0
0,0,Crusat,0,0,SWA(H) 2-3,Wigan,52436,Albert,0,0,0,36,0,0,0,07 May 19:45,0,0,42,0,Midfielder,0,0
0,-2,Crusat,0,0,ARS(A) 1-4,Wigan,52437,Albert,0,0,0,37,0,0,0,14 May 19:45,0,0,42,0,Midfielder,0,0
0,14,Crusat,0,0,AVL(H) 2-2,Wigan,52438,Albert,0,0,0,38,0,0,0,19 May 16:00,0,0,42,0,Midfielder,0,0
0,0,Mariappa,0,0,CHE(A) 2-4,Reading,5361,Adrian,0,0,0,1,0,0,0,22 Aug 19:45,0,0,40,0,Defender,0,0
0,-573,Mariappa,0,0,TOT(H) 1-3,Reading,5364,Adrian,0,0,0,4,0,0,0,16 Sep 16:00,0,0,39,0,Defender,0,0
0,-1511,Mariappa,0,0,WBA(A) 0-1,Reading,5365,Adrian,0,0,0,5,0,0,0,22 Sep 15:00,0,0,39,0,Defender,0,0
0,-1202,Mariappa,2,0,NEW(H) 2-2,Reading,5366,Adrian,0,90,20,6,0,0,0,29 Sep 15:00,0,0,39,1,Defender,0,0
1,-231,Mariappa,2,0,SWA(A) 2-2,Reading,5367,Adrian,0,90,13,7,0,0,0,06 Oct 15:00,0,0,39,0,Defender,0,0
1,-369,Mariappa,1,0,LIV(A) 0-1,Reading,5368,Adrian,0,90,18,8,0,0,0,20 Oct 15:00,0,0,39,1,Defender,0,0
0,-398,Mariappa,3,0,FUL(H) 3-3,Reading,5369,Adrian,0,90,8,9,0,0,0,27 Oct 15:00,0,0,39,1,Defender,0,0
0,-424,Mariappa,0,0,QPR(A) 1-1,Reading,53610,Adrian,0,0,0,10,0,0,0,04 Nov 13:30,0,0,39,0,Defender,0,0
0,-646,Mariappa,0,0,NOR(H) 0-0,Reading,53611,Adrian,0,0,0,11,0,0,0,10 Nov 15:00,0,0,39,0,Defender,0,0
0,-733,Mariappa,0,0,EVE(H) 2-1,Reading,53612,Adrian,0,0,0,12,0,0,0,17 Nov 15:00,0,0,39,0,Defender,0,0
0,2790,Mariappa,0,0,WIG(A) 2-3,Reading,53613,Adrian,0,0,0,13,0,0,0,24 Nov 15:00,0,0,38,0,Defender,0,0
0,927,Mariappa,1,0,AVL(A) 0-1,Reading,53614,Adrian,0,90,10,14,0,0,0,27 Nov 20:00,0,0,38,2,Defender,0,0
0,1950,Mariappa,4,0,MUN(H) 3-4,Reading,53615,Adrian,0,90,2,15,0,0,0,01 Dec 17:30,0,0,38,0,Defender,0,0
1,489,Mariappa,3,0,SUN(A) 0-3,Reading,53616,Adrian,0,90,2,16,0,0,0,11 Dec 19:45,0,0,38,0,Defender,0,0
0,656,Mariappa,5,0,ARS(H) 2-5,Reading,53617,Adrian,0,90,5,17,0,0,0,17 Dec 20:00,0,0,38,0,Defender,0,0
1,942,Mariappa,1,0,MCI(A) 0-1,Reading,53618,Adrian,0,90,5,18,0,0,0,22 Dec 15:00,0,0,38,1,Defender,0,0
0,409,Mariappa,0,0,SWA(H) 0-0,Reading,53619,Adrian,0,90,11,19,1,1,0,26 Dec 15:00,0,0,38,7,Defender,0,0
0,2682,Mariappa,0,0,WHU(H) 1-0,Reading,53620,Adrian,0,90,16,20,0,1,0,29 Dec 15:00,0,0,38,6,Defender,0,0
0,3752,Mariappa,3,0,TOT(A) 1-3,Reading,53621,Adrian,0,90,10,21,0,0,0,01 Jan 15:00,0,0,38,1,Defender,0,0
0,13481,Mariappa,2,0,WBA(H) 3-2,Reading,53622,Adrian,0,90,20,22,0,0,0,12 Jan 15:00,0,0,38,1,Defender,0,0
0,1904,Mariappa,1,0,NEW(A) 2-1,Reading,53623,Adrian,0,90,13,23,0,0,0,19 Jan 15:00,0,0,38,2,Defender,0,0
0,3269,Mariappa,2,0,CHE(H) 2-2,Reading,53624,Adrian,0,90,6,24,0,0,0,30 Jan 20:00,0,0,38,1,Defender,0,0
0,2504,Mariappa,1,0,SUN(H) 2-1,Reading,53625,Adrian,0,90,8,25,0,0,0,02 Feb 15:00,0,0,38,2,Defender,0,0
0,1576,Mariappa,2,0,STK(A) 1-2,Reading,53626,Adrian,0,90,24,26,1,0,0,09 Feb 15:00,0,0,38,8,Defender,0,1
0,14613,Mariappa,3,0,WIG(H) 0-3,Reading,53627,Adrian,0,90,1,27,0,0,0,23 Feb 15:00,0,0,39,1,Defender,0,0
0,1542,Mariappa,3,0,EVE(A) 1-3,Reading,53628,Adrian,0,90,7,28,0,0,0,02 Mar 15:00,0,0,39,1,Defender,0,0
0,3160,Mariappa,2,0,AVL(H) 1-2,Reading,53629,Adrian,0,90,7,29,0,0,0,09 Mar 15:00,0,0,39,1,Defender,0,0
0,-835,Mariappa,1,0,MUN(A) 0-1,Reading,53630,Adrian,0,90,-2,30,0,0,0,16 Mar 17:30,0,0,39,2,Defender,0,0
0,-950,Mariappa,4,0,ARS(A) 1-4,Reading,53631,Adrian,0,90,18,31,0,0,0,30 Mar 15:00,0,0,39,0,Defender,0,0
0,-936,Mariappa,2,0,SOU(H) 0-2,Reading,53632,Adrian,0,90,7,32,0,0,0,06 Apr 12:45,0,0,39,1,Defender,0,0
0,-2085,Mariappa,0,0,LIV(H) 0-0,Reading,53633,Adrian,0,90,13,33,0,1,0,13 Apr 15:00,0,0,39,6,Defender,0,0
0,248,Mariappa,2,0,NOR(A) 1-2,Reading,53634,Adrian,0,90,3,34,0,0,0,20 Apr 15:00,0,0,39,1,Defender,0,0
0,7,Mariappa,0,0,QPR(H) 0-0,Reading,53635,Adrian,0,90,5,35,0,1,0,28 Apr 13:30,0,0,39,6,Defender,0,0
1,-641,Mariappa,2,0,FUL(A) 4-2,Reading,53636,Adrian,0,90,11,36,0,0,0,04 May 15:00,0,0,39,0,Defender,0,0
0,-406,Mariappa,2,0,MCI(H) 0-2,Reading,53637,Adrian,0,90,16,37,0,0,0,14 May 20:00,0,0,39,1,Defender,0,0
0,-272,Mariappa,0,0,WHU(A) 2-4,Reading,53638,Adrian,0,0,0,38,0,0,0,19 May 16:00,0,0,39,0,Defender,0,0
0,0,Diarra,0,0,AVL(H) 1-0,West Ham,5501,Alou,0,0,0,1,0,0,0,18 Aug 15:00,0,0,50,0,Midfielder,0,0
0,-1132,Diarra,0,0,SWA(A) 0-3,West Ham,5502,Alou,0,22,1,2,0,0,0,25 Aug 12:45,0,0,50,1,Midfielder,0,0
0,-1255,Diarra,0,0,FUL(H) 3-0,West Ham,5503,Alou,0,0,0,3,0,0,0,01 Sep 12:45,0,0,50,0,Midfielder,0,0
0,-930,Diarra,0,0,NOR(A) 0-0,West Ham,5504,Alou,0,0,0,4,0,0,0,15 Sep 12:45,0,0,49,0,Midfielder,0,0
0,-406,Diarra,0,0,SUN(H) 1-1,West Ham,5505,Alou,0,0,0,5,0,0,0,22 Sep 15:00,0,0,48,0,Midfielder,0,0
0,-396,Diarra,0,0,QPR(A) 2-1,West Ham,5506,Alou,0,0,0,6,0,0,0,01 Oct 20:00,0,0,48,0,Midfielder,0,0
0,-332,Diarra,0,0,ARS(H) 1-3,West Ham,5507,Alou,0,0,0,7,0,0,0,06 Oct 17:30,0,0,47,0,Midfielder,0,0
0,-445,Diarra,0,0,SOU(H) 4-1,West Ham,5508,Alou,0,0,0,8,0,0,0,20 Oct 15:00,0,0,47,0,Midfielder,0,0
0,-246,Diarra,0,0,WIG(A) 1-2,West Ham,5509,Alou,0,0,0,9,0,0,0,27 Oct 15:00,0,0,47,0,Midfielder,0,0
0,-197,Diarra,0,0,MCI(H) 0-0,West Ham,55010,Alou,0,0,0,10,0,0,0,03 Nov 17:30,0,0,46,0,Midfielder,0,0
0,-132,Diarra,0,0,NEW(A) 1-0,West Ham,55011,Alou,0,0,0,11,0,0,0,11 Nov 15:00,0,0,46,0,Midfielder,0,0
0,-131,Diarra,0,0,STK(H) 1-1,West Ham,55012,Alou,0,0,0,12,0,0,0,19 Nov 20:00,0,0,46,0,Midfielder,0,0
0,-98,Diarra,0,0,TOT(A) 1-3,West Ham,55013,Alou,0,0,0,13,0,0,0,25 Nov 16:00,0,0,46,0,Midfielder,0,0
0,-64,Diarra,0,0,MUN(A) 0-1,West Ham,55014,Alou,0,0,0,14,0,0,0,28 Nov 20:00,0,0,46,0,Midfielder,0,0
0,-51,Diarra,0,0,CHE(H) 3-1,West Ham,55015,Alou,0,0,0,15,0,0,0,01 Dec 12:45,0,0,46,0,Midfielder,0,0
0,-69,Diarra,0,0,LIV(H) 2-3,West Ham,55016,Alou,0,0,0,16,0,0,0,09 Dec 16:00,0,0,46,0,Midfielder,0,0
0,-60,Diarra,0,0,WBA(A) 0-0,West Ham,55017,Alou,0,0,0,17,0,0,0,16 Dec 16:00,0,0,46,0,Midfielder,0,0
0,-42,Diarra,0,0,EVE(H) 1-2,West Ham,55018,Alou,0,0,0,18,0,0,0,22 Dec 15:00,0,0,45,0,Midfielder,0,0
0,12,Diarra,0,0,RDG(A) 0-1,West Ham,55020,Alou,0,0,0,20,0,0,0,29 Dec 15:00,0,0,45,0,Midfielder,0,0
0,2,Diarra,0,0,NOR(H) 2-1,West Ham,55021,Alou,0,0,0,21,0,0,0,01 Jan 15:00,0,0,45,0,Midfielder,0,0
1,30,Diarra,3,0,SUN(A) 0-3,West Ham,55022,Alou,0,90,-2,22,0,0,0,12 Jan 15:00,0,0,45,1,Midfielder,0,0
0,274,Diarra,0,0,ARS(A) 1-5,West Ham,55023,Alou,0,29,1,23,0,0,0,23 Jan 19:45,0,0,45,1,Midfielder,0,0
0,-38,Diarra,0,0,FUL(A) 1-3,West Ham,55024,Alou,0,0,0,24,0,0,0,30 Jan 20:00,0,0,45,0,Midfielder,0,0
0,-118,Diarra,0,0,SWA(H) 1-0,West Ham,55025,Alou,0,0,0,25,0,0,0,02 Feb 15:00,0,0,45,0,Midfielder,0,0
0,-150,Diarra,0,0,AVL(A) 1-2,West Ham,55026,Alou,0,0,0,26,0,0,0,10 Feb 13:30,0,0,45,0,Midfielder,0,0
0,-79,Diarra,0,0,TOT(H) 2-3,West Ham,55027,Alou,0,0,0,27,0,0,0,25 Feb 20:00,0,0,45,0,Midfielder,0,0
0,-37,Diarra,0,0,STK(A) 1-0,West Ham,55028,Alou,0,0,0,28,0,0,0,02 Mar 15:00,0,0,45,0,Midfielder,0,0
0,-14,Diarra,0,0,CHE(A) 0-2,West Ham,55030,Alou,0,0,0,30,0,0,0,17 Mar 16:00,0,0,45,0,Midfielder,0,0
0,-21,Diarra,0,0,WBA(H) 3-1,West Ham,55031,Alou,0,0,0,31,0,0,0,30 Mar 15:00,0,0,45,0,Midfielder,0,0
0,-11,Diarra,0,0,LIV(A) 0-0,West Ham,55032,Alou,0,0,0,32,0,0,0,07 Apr 13:30,0,0,45,0,Midfielder,0,0
0,-13,Diarra,0,0,MUN(H) 2-2,West Ham,55033,Alou,0,0,0,33,0,0,0,17 Apr 19:45,0,0,45,0,Midfielder,0,0
0,-6,Diarra,0,0,WIG(H) 2-0,West Ham,55034,Alou,0,0,0,34,0,0,0,20 Apr 15:00,0,0,45,0,Midfielder,0,0
0,-7,Diarra,0,0,MCI(A) 1-2,West Ham,55035,Alou,0,0,0,35,0,0,0,27 Apr 12:45,0,0,45,0,Midfielder,0,0
0,-6,Diarra,0,0,NEW(H) 0-0,West Ham,55036,Alou,0,0,0,36,0,0,0,04 May 15:00,0,0,45,0,Midfielder,0,0
0,-1,Diarra,0,0,EVE(A) 0-2,West Ham,55037,Alou,0,0,0,37,0,0,0,12 May 15:00,0,0,45,0,Midfielder,0,0
0,-5,Diarra,0,0,RDG(H) 4-2,West Ham,55038,Alou,0,0,0,38,0,0,0,19 May 16:00,0,0,45,0,Midfielder,0,0
0,0,Kone,0,0,CHE(H) 0-2,Wigan,5531,Arouna,0,24,1,1,0,0,0,19 Aug 13:30,0,0,65,1,Forward,0,0
0,-228,Kone,0,0,SOU(A) 2-0,Wigan,5532,Arouna,0,90,20,2,0,1,0,25 Aug 15:00,0,0,65,6,Forward,0,1
0,3784,Kone,2,0,STK(H) 2-2,Wigan,5533,Arouna,0,90,14,3,0,0,1,01 Sep 15:00,0,0,65,5,Forward,0,0
0,-207,Kone,4,0,MUN(A) 0-4,Wigan,5534,Arouna,0,90,0,4,0,0,0,15 Sep 15:00,0,0,65,2,Forward,0,0
0,-626,Kone,2,0,FUL(H) 1-2,Wigan,5535,Arouna,0,90,27,5,0,0,0,22 Sep 15:00,0,0,65,6,Forward,0,1
0,290,Kone,1,0,SUN(A) 0-1,Wigan,5536,Arouna,0,90,11,6,0,0,0,29 Sep 15:00,0,0,65,2,Forward,0,0
0,-860,Kone,2,0,EVE(H) 2-2,Wigan,5537,Arouna,0,90,28,7,2,0,1,06 Oct 15:00,0,0,65,11,Forward,0,1
0,7670,Kone,2,0,SWA(A) 1-2,Wigan,5538,Arouna,0,90,10,8,0,0,0,20 Oct 15:00,0,0,65,2,Forward,0,0
0,2592,Kone,1,0,WHU(H) 2-1,Wigan,5539,Arouna,0,90,12,9,0,0,0,27 Oct 15:00,0,0,65,2,Forward,0,0
0,-597,Kone,0,0,TOT(A) 1-0,Wigan,55310,Arouna,0,90,21,10,1,1,0,03 Nov 15:00,0,0,65,3,Forward,0,0
0,10455,Kone,2,0,WBA(H) 1-2,Wigan,55311,Arouna,0,90,17,11,0,0,0,10 Nov 15:00,0,0,65,6,Forward,0,1
0,6313,Kone,3,0,LIV(A) 0-3,Wigan,55312,Arouna,0,90,8,12,0,0,0,17 Nov 15:00,0,0,65,2,Forward,0,0
0,1308,Kone,2,0,RDG(H) 3-2,Wigan,55313,Arouna,0,90,6,13,0,0,1,24 Nov 15:00,0,0,65,5,Forward,0,0
0,-3854,Kone,2,0,MCI(H) 0-2,Wigan,55314,Arouna,0,90,-5,14,0,0,0,28 Nov 20:00,0,0,65,2,Forward,0,0
0,-1695,Kone,3,0,NEW(A) 0-3,Wigan,55315,Arouna,0,90,-4,15,0,0,0,03 Dec 20:00,0,0,65,2,Forward,0,0
0,4263,Kone,2,0,QPR(H) 2-2,Wigan,55316,Arouna,0,90,3,16,0,0,0,08 Dec 15:00,0,0,65,2,Forward,0,0
0,-4678,Kone,2,0,NOR(A) 1-2,Wigan,55317,Arouna,0,90,-2,17,0,0,1,15 Dec 15:00,0,0,65,5,Forward,0,0
0,-3464,Kone,1,0,ARS(H) 0-1,Wigan,55318,Arouna,0,90,8,18,0,0,0,22 Dec 12:45,0,0,65,2,Forward,0,0
0,-1805,Kone,2,0,EVE(A) 1-2,Wigan,55319,Arouna,0,90,17,19,0,0,0,26 Dec 15:00,0,0,65,6,Forward,0,1
0,6630,Kone,0,0,AVL(A) 3-0,Wigan,55320,Arouna,0,86,40,20,3,1,1,29 Dec 15:00,0,0,65,12,Forward,0,1
0,3539,Kone,4,0,MUN(H) 0-4,Wigan,55321,Arouna,0,90,6,21,0,0,0,01 Jan 15:00,0,0,65,2,Forward,0,0
0,-8026,Kone,0,0,FUL(A) 1-1,Wigan,55322,Arouna,0,0,0,22,0,0,0,12 Jan 15:00,0,0,65,0,Forward,0,0
0,-11485,Kone,0,0,SUN(H) 2-3,Wigan,55323,Arouna,0,0,0,23,0,0,0,19 Jan 15:00,0,0,65,0,Forward,0,0
0,-4224,Kone,0,0,STK(A) 2-2,Wigan,55324,Arouna,0,0,0,24,0,0,0,29 Jan 19:45,0,0,65,0,Forward,0,0
0,-1264,Kone,0,0,SOU(H) 2-2,Wigan,55325,Arouna,0,0,0,25,0,0,0,02 Feb 15:00,0,0,65,0,Forward,0,0
0,-519,Kone,2,0,CHE(A) 1-4,Wigan,55326,Arouna,0,32,6,26,0,0,0,09 Feb 15:00,0,0,65,1,Forward,0,0
0,2931,Kone,0,0,RDG(A) 3-0,Wigan,55327,Arouna,0,90,49,27,3,1,0,23 Feb 15:00,0,0,65,13,Forward,0,2
0,11950,Kone,4,0,LIV(H) 0-4,Wigan,55328,Arouna,0,90,0,28,0,0,0,02 Mar 17:30,0,0,65,2,Forward,0,0
0,6124,Kone,1,0,NEW(H) 2-1,Wigan,55330,Arouna,0,90,18,30,0,0,0,17 Mar 16:00,0,0,65,6,Forward,0,1
0,14048,Kone,0,0,NOR(H) 1-0,Wigan,55331,Arouna,0,90,34,31,3,1,0,30 Mar 15:00,0,0,66,9,Forward,0,1
0,11856,Kone,1,0,QPR(A) 1-1,Wigan,55332,Arouna,0,90,0,32,0,0,0,07 Apr 16:10,0,0,66,2,Forward,0,0
0,-8528,Kone,1,0,MCI(A) 0-1,Wigan,55333,Arouna,0,90,-6,33,0,0,0,17 Apr 19:45,0,0,66,2,Forward,0,0
0,6818,Kone,2,0,WHU(A) 0-2,Wigan,55334,Arouna,0,90,-2,34,0,0,0,20 Apr 15:00,0,0,66,2,Forward,0,0
0,22140,Kone,2,0,TOT(H) 2-2,Wigan,55335,Arouna,0,90,13,35,0,0,0,27 Apr 15:00,0,0,67,2,Forward,0,0
0,56567,Kone,3,0,SWA(H) 2-3,Wigan,55336,Arouna,0,90,14,36,0,0,0,07 May 19:45,0,0,69,2,Forward,0,0
0,-6027,Kone,4,0,ARS(A) 1-4,Wigan,55337,Arouna,0,90,4,37,0,0,0,14 May 19:45,0,0,69,2,Forward,0,0
0,-2645,Kone,2,0,AVL(H) 2-2,Wigan,55338,Arouna,0,90,-1,38,0,0,0,19 May 16:00,0,0,69,2,Forward,0,0
0,0,Townsend,0,0,NEW(A) 1-2,QPR,5621,Andros,0,0,0,1,0,0,0,18 Aug 17:30,0,0,45,0,Midfielder,0,0
0,175,Townsend,0,0,WBA(H) 1-1,QPR,5622,Andros,0,0,1,2,0,0,0,25 Aug 15:00,0,0,45,0,Midfielder,0,0
0,23,Townsend,0,0,NOR(H) 1-1,QPR,5623,Andros,0,0,0,3,0,0,0,01 Sep 15:00,0,0,45,0,Midfielder,0,0
0,-6,Townsend,1,0,RDG(A) 3-1,QPR,5624,Andros,0,4,1,4,0,0,0,16 Sep 16:00,0,0,45,1,Midfielder,0,0
0,-27,Townsend,0,0,QPR(H) 2-1,QPR,5625,Andros,0,1,0,5,0,0,0,23 Sep 16:00,0,0,45,1,Midfielder,0,0
0,-16,Townsend,0,0,MUN(A) 3-2,QPR,5626,Andros,0,0,0,6,0,0,0,29 Sep 17:30,0,0,45,0,Midfielder,0,0
0,9,Townsend,0,0,AVL(H) 2-0,QPR,5627,Andros,0,5,-2,7,0,0,0,07 Oct 15:00,0,0,45,1,Midfielder,0,0
0,-7,Townsend,0,0,CHE(H) 2-4,QPR,5628,Andros,0,0,0,8,0,0,0,20 Oct 12:45,0,0,45,0,Midfielder,0,0
0,-10,Townsend,0,0,SOU(A) 2-1,QPR,5629,Andros,0,0,0,9,0,0,0,28 Oct 15:00,0,0,45,0,Midfielder,0,0
0,-9,Townsend,0,0,WIG(H) 0-1,QPR,56210,Andros,0,0,0,10,0,0,0,03 Nov 15:00,0,0,45,0,Midfielder,0,0
0,-6,Townsend,0,0,MCI(A) 1-2,QPR,56211,Andros,0,0,0,11,0,0,0,11 Nov 13:30,0,0,45,0,Midfielder,0,0
0,-24,Townsend,0,0,ARS(A) 2-5,QPR,56212,Andros,0,0,0,12,0,0,0,17 Nov 12:45,0,0,44,0,Midfielder,0,0
0,-4,Townsend,0,0,WHU(H) 3-1,QPR,56213,Andros,0,0,0,13,0,0,0,25 Nov 16:00,0,0,44,0,Midfielder,0,0
0,-2,Townsend,0,0,LIV(H) 2-1,QPR,56214,Andros,0,0,0,14,0,0,0,28 Nov 19:45,0,0,44,0,Midfielder,0,0
0,-5,Townsend,0,0,FUL(A) 3-0,QPR,56215,Andros,0,0,0,15,0,0,0,01 Dec 15:00,0,0,44,0,Midfielder,0,0
0,-1,Townsend,0,0,EVE(A) 1-2,QPR,56216,Andros,0,0,0,16,0,0,0,09 Dec 15:00,0,0,44,0,Midfielder,0,0
0,-11,Townsend,0,0,SWA(H) 1-0,QPR,56217,Andros,0,19,3,17,0,0,0,16 Dec 13:30,0,0,44,1,Midfielder,0,0
0,19,Townsend,0,0,STK(H) 0-0,QPR,56218,Andros,0,0,0,18,0,0,0,22 Dec 15:00,0,0,44,0,Midfielder,0,0
0,-5,Townsend,0,0,AVL(A) 4-0,QPR,56219,Andros,0,6,1,19,0,0,0,26 Dec 17:30,0,0,44,1,Midfielder,0,0
0,-1,Townsend,0,0,SUN(A) 2-1,QPR,56220,Andros,0,0,0,20,0,0,0,29 Dec 12:45,0,0,44,0,Midfielder,0,0
0,-1,Townsend,0,0,RDG(H) 3-1,QPR,56221,Andros,0,0,0,21,0,0,0,01 Jan 15:00,0,0,44,0,Midfielder,0,0
0,6,Townsend,0,0,QPR(A) 0-0,QPR,56222,Andros,0,0,0,22,0,0,0,12 Jan 12:45,0,0,44,0,Midfielder,0,0
0,-19,Townsend,0,0,MUN(H) 1-1,QPR,56223,Andros,0,0,0,23,0,0,0,20 Jan 16:00,0,0,44,0,Midfielder,0,0
0,-6,Townsend,0,0,NOR(A) 1-1,QPR,56224,Andros,0,0,0,24,0,0,0,30 Jan 19:45,0,0,44,0,Midfielder,0,0
0,386,Townsend,0,0,NOR(H) 0-0,QPR,56225,Andros,0,90,18,25,3,1,0,02 Feb 12:45,0,0,44,6,Midfielder,0,0
0,1765,Townsend,4,0,SWA(A) 1-4,QPR,56226,Andros,0,90,2,26,0,0,0,09 Feb 15:00,0,0,44,2,Midfielder,0,0
0,352,Townsend,1,0,MUN(H) 0-2,QPR,56227,Andros,0,71,-3,27,0,0,0,23 Feb 15:00,0,0,44,2,Midfielder,0,0
0,731,Townsend,0,0,SOU(A) 2-1,QPR,56228,Andros,0,0,0,28,0,0,0,02 Mar 15:00,0,0,44,0,Midfielder,0,0
0,-5,Townsend,1,0,SUN(H) 3-1,QPR,56229,Andros,0,90,33,29,3,0,2,09 Mar 15:00,0,0,44,16,Midfielder,0,1
0,17225,Townsend,3,0,AVL(A) 2-3,QPR,56230,Andros,0,90,14,30,0,0,0,16 Mar 15:00,0,0,44,7,Midfielder,0,1
0,24154,Townsend,3,0,FUL(A) 2-3,QPR,56231,Andros,0,90,4,31,0,0,0,01 Apr 20:00,0,0,45,2,Midfielder,0,0
0,8272,Townsend,1,0,WIG(H) 1-1,QPR,56232,Andros,0,90,-1,32,0,0,0,07 Apr 16:10,0,0,46,2,Midfielder,0,0
1,-2746,Townsend,2,0,EVE(A) 0-2,QPR,56233,Andros,0,90,1,33,0,0,0,13 Apr 15:00,0,0,46,1,Midfielder,0,0
0,312,Townsend,1,0,STK(H) 0-2,QPR,56234,Andros,0,45,-15,34,0,0,0,20 Apr 15:00,0,0,46,1,Midfielder,0,0
0,-10651,Townsend,0,0,RDG(A) 0-0,QPR,56235,Andros,0,0,0,35,0,0,0,28 Apr 13:30,0,0,46,0,Midfielder,0,0
0,-9157,Townsend,1,0,ARS(H) 0-1,QPR,56236,Andros,0,90,4,36,0,0,0,04 May 17:30,0,0,44,2,Midfielder,0,0
0,-702,Townsend,2,0,NEW(H) 1-2,QPR,56237,Andros,0,90,2,37,0,0,0,12 May 15:00,0,0,44,2,Midfielder,0,0
1,-1355,Townsend,1,0,LIV(A) 0-1,QPR,56238,Andros,0,90,-2,38,0,0,0,19 May 16:00,0,0,44,1,Midfielder,0,0
0,1394,Buttner,0,0,FUL(H) 3-2,Man Utd,5712,Alexander,0,0,0,2,0,0,0,25 Aug 15:00,0,0,55,0,Defender,0,0
0,-210,Buttner,0,0,SOU(A) 3-2,Man Utd,5713,Alexander,0,0,0,3,0,0,0,02 Sep 16:00,0,0,55,0,Defender,0,0
1,-189,Buttner,0,0,WIG(H) 4-0,Man Utd,5714,Alexander,0,90,46,4,3,1,1,15 Sep 15:00,0,0,55,17,Defender,0,1
0,27705,Buttner,0,0,LIV(A) 2-1,Man Utd,5715,Alexander,0,0,0,5,0,0,0,23 Sep 13:30,0,0,55,0,Defender,0,0
0,-2831,Buttner,0,0,TOT(H) 2-3,Man Utd,5716,Alexander,0,0,0,6,0,0,0,29 Sep 17:30,0,0,55,0,Defender,0,0
0,-5222,Buttner,0,0,NEW(A) 3-0,Man Utd,5717,Alexander,0,0,0,7,0,0,0,07 Oct 16:00,0,0,55,0,Defender,0,0
0,-6014,Buttner,0,0,STK(H) 4-2,Man Utd,5718,Alexander,0,0,0,8,0,0,0,20 Oct 15:00,0,0,55,0,Defender,0,0
0,-3723,Buttner,0,0,CHE(A) 3-2,Man Utd,5719,Alexander,0,0,0,9,0,0,0,28 Oct 16:00,0,0,55,0,Defender,0,0
0,-2558,Buttner,0,0,ARS(H) 2-1,Man Utd,57110,Alexander,0,0,0,10,0,0,0,03 Nov 12:45,0,0,55,0,Defender,0,0
0,-1837,Buttner,0,0,AVL(A) 3-2,Man Utd,57111,Alexander,0,0,0,11,0,0,0,10 Nov 17:30,0,0,55,0,Defender,0,0
0,-1324,Buttner,0,0,NOR(A) 0-1,Man Utd,57112,Alexander,0,0,0,12,0,0,0,17 Nov 17:30,0,0,55,0,Defender,0,0
0,-1044,Buttner,0,0,QPR(H) 3-1,Man Utd,57113,Alexander,0,0,0,13,0,0,0,24 Nov 15:00,0,0,55,0,Defender,0,0
0,-524,Buttner,0,0,WHU(H) 1-0,Man Utd,57114,Alexander,0,0,0,14,0,0,0,28 Nov 20:00,0,0,54,0,Defender,0,0
0,-533,Buttner,0,0,RDG(A) 4-3,Man Utd,57115,Alexander,0,0,0,15,0,0,0,01 Dec 17:30,0,0,54,0,Defender,0,0
0,-595,Buttner,0,0,MCI(A) 3-2,Man Utd,57116,Alexander,0,0,0,16,0,0,0,09 Dec 13:30,0,0,53,0,Defender,0,0
0,-526,Buttner,0,0,SUN(H) 3-1,Man Utd,57117,Alexander,0,0,0,17,0,0,0,15 Dec 15:00,0,0,53,0,Defender,0,0
0,-380,Buttner,0,0,SWA(A) 1-1,Man Utd,57118,Alexander,0,0,0,18,0,0,0,23 Dec 13:30,0,0,52,0,Defender,0,0
0,-231,Buttner,0,0,NEW(H) 4-3,Man Utd,57119,Alexander,0,0,0,19,0,0,0,26 Dec 15:00,0,0,52,0,Defender,0,0
0,-203,Buttner,0,0,WBA(H) 2-0,Man Utd,57120,Alexander,0,0,0,20,0,0,0,29 Dec 15:00,0,0,52,0,Defender,0,0
0,-142,Buttner,0,0,WIG(A) 4-0,Man Utd,57121,Alexander,0,0,0,21,0,0,0,01 Jan 15:00,0,0,51,0,Defender,0,0
0,-467,Buttner,0,0,LIV(H) 2-1,Man Utd,57122,Alexander,0,0,0,22,0,0,0,13 Jan 13:30,0,0,51,0,Defender,0,0
0,-199,Buttner,0,0,TOT(A) 1-1,Man Utd,57123,Alexander,0,0,0,23,0,0,0,20 Jan 16:00,0,0,51,0,Defender,0,0
0,-177,Buttner,0,0,SOU(H) 2-1,Man Utd,57124,Alexander,0,0,0,24,0,0,0,30 Jan 20:00,0,0,51,0,Defender,0,0
0,-82,Buttner,0,0,FUL(A) 1-0,Man Utd,57125,Alexander,0,0,0,25,0,0,0,02 Feb 17:30,0,0,51,0,Defender,0,0
0,-117,Buttner,0,0,EVE(H) 2-0,Man Utd,57126,Alexander,0,0,0,26,0,0,0,10 Feb 16:00,0,0,50,0,Defender,0,0
0,-86,Buttner,0,0,QPR(A) 2-0,Man Utd,57127,Alexander,0,0,0,27,0,0,0,23 Feb 15:00,0,0,50,0,Defender,0,0
0,0,Buttner,0,0,NOR(H) 4-0,Man Utd,57128,Alexander,0,0,0,28,0,0,0,02 Mar 15:00,0,0,50,0,Defender,0,0
0,-37,Buttner,0,0,RDG(H) 1-0,Man Utd,57130,Alexander,0,90,12,30,0,1,0,16 Mar 17:30,0,0,50,6,Defender,0,0
0,82,Buttner,0,0,SUN(A) 1-0,Man Utd,57131,Alexander,0,90,21,31,1,1,0,30 Mar 12:45,0,0,50,7,Defender,0,0
0,1303,Buttner,0,0,MCI(H) 1-2,Man Utd,57132,Alexander,0,0,0,32,0,0,0,08 Apr 20:00,0,0,50,0,Defender,0,0
0,992,Buttner,0,0,WHU(A) 2-2,Man Utd,57133,Alexander,0,0,0,33,0,0,0,17 Apr 19:45,0,0,50,0,Defender,0,0
0,-613,Buttner,0,0,AVL(H) 3-0,Man Utd,57134,Alexander,0,0,0,34,0,0,0,22 Apr 20:00,0,0,50,0,Defender,0,0
0,-439,Buttner,0,0,ARS(A) 1-1,Man Utd,57135,Alexander,0,0,0,35,0,0,0,28 Apr 16:00,0,0,50,0,Defender,0,0
0,-341,Buttner,1,0,CHE(H) 0-1,Man Utd,57136,Alexander,0,23,1,36,0,0,0,05 May 16:00,0,0,50,1,Defender,0,0
0,49,Buttner,0,0,SWA(H) 2-1,Man Utd,57137,Alexander,0,0,0,37,0,0,0,12 May 16:00,0,0,50,0,Defender,0,0
0,-11,Buttner,5,0,WBA(A) 5-5,Man Utd,57138,Alexander,0,90,24,38,0,0,0,19 May 16:00,0,0,50,6,Defender,0,1
0,31,Tettey,0,0,TOT(A) 1-1,Norwich,5783,Alexander,0,0,0,3,0,0,0,01 Sep 15:00,0,0,45,0,Midfielder,0,0
0,95,Tettey,0,0,WHU(H) 0-0,Norwich,5784,Alexander,0,0,0,4,0,0,0,15 Sep 12:45,0,0,45,0,Midfielder,0,0
0,-2,Tettey,0,0,NEW(A) 0-1,Norwich,5785,Alexander,0,0,0,5,0,0,0,23 Sep 15:00,0,0,45,0,Midfielder,0,0
0,26,Tettey,0,0,LIV(H) 2-5,Norwich,5786,Alexander,0,12,1,6,0,0,0,29 Sep 15:00,0,0,45,1,Midfielder,0,0
0,10,Tettey,4,0,CHE(A) 1-4,Norwich,5787,Alexander,0,90,0,7,0,0,0,06 Oct 15:00,0,0,45,2,Midfielder,0,0
0,20,Tettey,0,0,ARS(H) 1-0,Norwich,5788,Alexander,0,90,24,8,2,1,1,20 Oct 17:30,0,0,45,8,Midfielder,0,0
0,1099,Tettey,1,0,AVL(A) 1-1,Norwich,5789,Alexander,0,90,11,9,0,0,0,27 Oct 12:45,0,0,45,2,Midfielder,0,0
1,1642,Tettey,0,0,STK(H) 1-0,Norwich,57810,Alexander,0,90,0,10,0,1,0,03 Nov 15:00,0,0,45,2,Midfielder,0,0
0,509,Tettey,0,0,RDG(A) 0-0,Norwich,57811,Alexander,0,90,9,11,0,1,0,10 Nov 15:00,0,0,45,3,Midfielder,0,0
0,-16,Tettey,0,0,MUN(H) 1-0,Norwich,57812,Alexander,0,90,20,12,0,1,0,17 Nov 17:30,0,0,45,3,Midfielder,0,0
1,217,Tettey,1,0,EVE(A) 1-1,Norwich,57813,Alexander,0,90,6,13,0,0,0,24 Nov 15:00,0,0,45,1,Midfielder,0,0
0,-73,Tettey,1,0,SOU(A) 1-1,Norwich,57814,Alexander,0,90,9,14,0,0,0,28 Nov 19:45,0,0,45,2,Midfielder,0,0
0,99,Tettey,1,0,SUN(H) 2-1,Norwich,57815,Alexander,0,90,10,15,0,0,0,02 Dec 16:00,0,0,45,2,Midfielder,0,0
0,-316,Tettey,0,0,SWA(A) 4-3,Norwich,57816,Alexander,0,0,0,16,0,0,0,08 Dec 15:00,0,0,45,0,Midfielder,0,0
0,-373,Tettey,1,0,WIG(H) 2-1,Norwich,57817,Alexander,0,90,14,17,0,0,0,15 Dec 15:00,0,0,45,2,Midfielder,0,0
0,27,Tettey,2,0,WBA(A) 1-2,Norwich,57818,Alexander,0,83,6,18,0,0,0,22 Dec 15:00,0,0,45,2,Midfielder,0,0
0,-26,Tettey,1,0,CHE(H) 0-1,Norwich,57819,Alexander,0,90,2,19,0,0,0,26 Dec 15:00,0,0,45,2,Midfielder,0,0
0,-91,Tettey,3,0,MCI(H) 3-4,Norwich,57820,Alexander,0,56,3,20,0,0,0,29 Dec 15:00,0,0,45,1,Midfielder,0,0
0,-124,Tettey,2,0,WHU(A) 1-2,Norwich,57821,Alexander,0,90,0,21,0,0,0,01 Jan 15:00,0,0,45,2,Midfielder,0,0
0,-103,Tettey,0,0,NEW(H) 0-0,Norwich,57822,Alexander,0,90,16,22,3,1,0,12 Jan 15:00,0,0,44,6,Midfielder,0,0
0,391,Tettey,5,0,LIV(A) 0-5,Norwich,57823,Alexander,0,90,-3,23,0,0,0,19 Jan 15:00,0,0,44,2,Midfielder,0,0
0,349,Tettey,1,0,TOT(H) 1-1,Norwich,57824,Alexander,0,90,8,24,0,0,0,30 Jan 19:45,0,0,44,2,Midfielder,0,0
1,645,Tettey,0,0,QPR(A) 0-0,Norwich,57825,Alexander,0,90,12,25,0,1,0,02 Feb 12:45,0,0,44,2,Midfielder,0,0
0,-83,Tettey,0,0,FUL(H) 0-0,Norwich,57826,Alexander,0,90,11,26,0,1,0,09 Feb 15:00,0,0,44,3,Midfielder,0,0
0,432,Tettey,0,0,EVE(H) 2-1,Norwich,57827,Alexander,0,0,0,27,0,0,0,23 Feb 15:00,0,0,44,0,Midfielder,0,0
0,-592,Tettey,0,0,MUN(A) 0-4,Norwich,57828,Alexander,0,0,0,28,0,0,0,02 Mar 15:00,0,0,44,0,Midfielder,0,0
0,-745,Tettey,0,0,SOU(H) 0-0,Norwich,57829,Alexander,0,0,0,29,0,0,0,09 Mar 15:00,0,0,43,0,Midfielder,0,0
0,-315,Tettey,0,0,SUN(A) 1-1,Norwich,57830,Alexander,0,0,0,30,0,0,0,17 Mar 13:30,0,0,43,0,Midfielder,0,0
0,-118,Tettey,0,0,WIG(A) 0-1,Norwich,57831,Alexander,0,6,1,31,0,0,0,30 Mar 15:00,0,0,43,1,Midfielder,0,0
1,15,Tettey,0,0,SWA(H) 2-2,Norwich,57832,Alexander,0,10,0,32,0,0,0,06 Apr 15:00,0,0,43,0,Midfielder,0,0
0,-65,Tettey,3,0,ARS(A) 1-3,Norwich,57833,Alexander,0,89,3,33,0,0,0,13 Apr 15:00,0,0,43,2,Midfielder,0,0
0,117,Tettey,0,0,RDG(H) 2-1,Norwich,57834,Alexander,0,11,2,34,0,0,0,20 Apr 15:00,0,0,43,1,Midfielder,0,0
0,-27,Tettey,1,0,STK(A) 0-1,Norwich,57835,Alexander,0,66,3,35,0,0,0,27 Apr 15:00,0,0,43,2,Midfielder,0,0
0,-33,Tettey,0,0,AVL(H) 1-2,Norwich,57836,Alexander,0,0,0,36,0,0,0,04 May 15:00,0,0,43,0,Midfielder,0,0
0,-13,Tettey,0,0,WBA(H) 4-0,Norwich,57837,Alexander,0,15,2,37,0,0,0,12 May 15:00,0,0,43,1,Midfielder,0,0
0,-28,Tettey,0,0,MCI(A) 3-2,Norwich,57838,Alexander,0,26,-1,38,0,0,0,19 May 16:00,0,0,43,1,Midfielder,0,0
0,35,Westwood,0,0,SWA(H) 2-0,Aston Villa,5874,Ashley,0,21,3,4,0,0,0,15 Sep 15:00,0,0,50,1,Midfielder,0,0
0,5,Westwood,4,0,SOU(A) 1-4,Aston Villa,5875,Ashley,0,45,-3,5,0,0,0,22 Sep 15:00,0,0,50,1,Midfielder,0,0
0,-4,Westwood,0,0,WBA(H) 1-1,Aston Villa,5876,Ashley,0,0,0,6,0,0,0,30 Sep 16:00,0,0,50,0,Midfielder,0,0
0,-1,Westwood,0,0,TOT(A) 0-2,Aston Villa,5877,Ashley,0,0,0,7,0,0,0,07 Oct 15:00,0,0,50,0,Midfielder,0,0
0,0,Westwood,0,0,FUL(A) 0-1,Aston Villa,5878,Ashley,0,0,0,8,0,0,0,20 Oct 15:00,0,0,50,0,Midfielder,0,0
0,-6,Westwood,0,0,NOR(H) 1-1,Aston Villa,5879,Ashley,0,0,0,9,0,0,0,27 Oct 12:45,0,0,50,0,Midfielder,0,0
0,0,Westwood,0,0,SUN(A) 1-0,Aston Villa,58710,Ashley,0,90,17,10,0,1,0,03 Nov 15:00,0,0,50,3,Midfielder,0,0
0,8,Westwood,3,0,MUN(H) 2-3,Aston Villa,58711,Ashley,0,90,3,11,0,0,0,10 Nov 17:30,0,0,50,2,Midfielder,0,0
0,8,Westwood,5,0,MCI(A) 0-5,Aston Villa,58712,Ashley,0,90,4,12,0,0,0,17 Nov 15:00,0,0,50,2,Midfielder,0,0
0,5,Westwood,0,0,ARS(H) 0-0,Aston Villa,58713,Ashley,0,90,13,13,0,1,0,24 Nov 17:30,0,0,50,3,Midfielder,0,0
0,50,Westwood,0,0,RDG(H) 1-0,Aston Villa,58714,Ashley,0,90,24,14,2,1,1,27 Nov 20:00,0,0,50,8,Midfielder,0,0
0,258,Westwood,1,0,QPR(A) 1-1,Aston Villa,58715,Ashley,0,90,20,15,1,0,1,01 Dec 15:00,0,0,50,6,Midfielder,0,0
0,296,Westwood,0,0,STK(H) 0-0,Aston Villa,58716,Ashley,0,90,10,16,0,1,0,08 Dec 15:00,0,0,50,3,Midfielder,0,0
0,144,Westwood,1,0,LIV(A) 3-1,Aston Villa,58717,Ashley,0,90,13,17,0,0,0,15 Dec 15:00,0,0,50,2,Midfielder,0,0
0,170,Westwood,3,0,CHE(A) 0-8,Aston Villa,58718,Ashley,0,55,7,18,0,0,0,23 Dec 16:00,0,0,50,1,Midfielder,0,0
0,-47,Westwood,0,0,TOT(H) 0-4,Aston Villa,58719,Ashley,0,45,9,19,0,0,0,26 Dec 17:30,0,0,50,1,Midfielder,0,0
0,-70,Westwood,0,0,WIG(H) 0-3,Aston Villa,58720,Ashley,0,0,0,20,0,0,0,29 Dec 15:00,0,0,50,0,Midfielder,0,0
0,-117,Westwood,1,0,SWA(A) 2-2,Aston Villa,58721,Ashley,0,80,8,21,0,0,0,01 Jan 15:00,0,0,50,2,Midfielder,0,0
0,-244,Westwood,1,0,SOU(H) 0-1,Aston Villa,58722,Ashley,0,77,3,22,0,0,0,12 Jan 15:00,0,0,50,2,Midfielder,0,0
0,-56,Westwood,2,0,WBA(A) 2-2,Aston Villa,58723,Ashley,0,90,6,23,0,0,0,19 Jan 17:30,0,0,50,2,Midfielder,0,0
0,-24,Westwood,2,0,NEW(H) 1-2,Aston Villa,58724,Ashley,0,90,0,24,0,0,0,29 Jan 19:45,0,0,49,2,Midfielder,0,0
0,-14,Westwood,3,0,EVE(A) 3-3,Aston Villa,58725,Ashley,0,90,15,25,0,0,1,02 Feb 15:00,0,0,49,5,Midfielder,0,0
0,25,Westwood,1,0,WHU(H) 2-1,Aston Villa,58726,Ashley,1,90,21,26,1,0,0,10 Feb 13:30,0,0,49,1,Midfielder,0,0
0,-16,Westwood,1,0,ARS(A) 1-2,Aston Villa,58727,Ashley,0,71,3,27,0,0,0,23 Feb 15:00,0,0,49,2,Midfielder,0,0
0,-9,Westwood,1,0,MCI(H) 0-1,Aston Villa,58728,Ashley,0,84,0,28,0,0,0,04 Mar 20:00,0,0,49,2,Midfielder,0,0
1,121,Westwood,1,0,RDG(A) 2-1,Aston Villa,58729,Ashley,0,90,18,29,0,0,0,09 Mar 15:00,0,0,49,1,Midfielder,0,0
0,38,Westwood,2,0,QPR(H) 3-2,Aston Villa,58730,Ashley,0,90,17,30,0,0,0,16 Mar 15:00,0,0,49,2,Midfielder,0,0
1,22,Westwood,2,0,LIV(H) 1-2,Aston Villa,58731,Ashley,0,90,5,31,0,0,0,31 Mar 13:30,0,0,49,1,Midfielder,0,0
0,-3,Westwood,1,0,STK(A) 3-1,Aston Villa,58732,Ashley,0,90,18,32,0,0,0,06 Apr 15:00,0,0,49,2,Midfielder,0,0
0,86,Westwood,1,0,FUL(H) 1-1,Aston Villa,58733,Ashley,0,90,4,33,0,0,0,13 Apr 15:00,0,0,49,2,Midfielder,0,0
0,-6,Westwood,3,0,MUN(A) 0-3,Aston Villa,58734,Ashley,0,90,6,34,0,0,0,22 Apr 20:00,0,0,49,2,Midfielder,0,0
0,16,Westwood,1,0,SUN(H) 6-1,Aston Villa,58735,Ashley,0,90,25,35,0,0,2,29 Apr 20:00,0,0,49,8,Midfielder,0,0
0,288,Westwood,1,0,NOR(A) 2-1,Aston Villa,58736,Ashley,0,90,28,36,2,0,2,04 May 15:00,0,0,49,10,Midfielder,0,0
0,2573,Westwood,2,0,CHE(H) 1-2,Aston Villa,58737,Ashley,0,90,9,37,0,0,0,11 May 12:45,0,0,49,2,Midfielder,0,0
0,988,Westwood,2,0,WIG(A) 2-2,Aston Villa,58738,Ashley,0,87,11,38,0,0,0,19 May 16:00,0,0,49,2,Midfielder,0,0
0,65,Dejagah,0,0,WBA(H) 3-0,Fulham,5904,Ashkan,0,0,0,4,0,0,0,15 Sep 15:00,0,0,55,0,Midfielder,0,0
0,3,Dejagah,0,0,WIG(A) 2-1,Fulham,5905,Ashkan,0,0,0,5,0,0,0,22 Sep 15:00,0,0,55,0,Midfielder,0,0
0,-6,Dejagah,0,0,MCI(H) 1-2,Fulham,5906,Ashkan,0,0,0,6,0,0,0,29 Sep 15:00,0,0,55,0,Midfielder,0,0
0,-5,Dejagah,0,0,SOU(A) 2-2,Fulham,5907,Ashkan,0,0,0,7,0,0,0,07 Oct 13:30,0,0,55,0,Midfielder,0,0
0,8,Dejagah,0,0,AVL(H) 1-0,Fulham,5908,Ashkan,0,21,8,8,0,0,0,20 Oct 15:00,0,0,55,1,Midfielder,0,0
0,40,Dejagah,2,0,RDG(A) 3-3,Fulham,5909,Ashkan,0,24,4,9,0,0,0,27 Oct 15:00,0,0,55,1,Midfielder,0,0
0,5,Dejagah,1,0,EVE(H) 2-2,Fulham,59010,Ashkan,0,32,3,10,0,0,0,03 Nov 15:00,0,0,55,1,Midfielder,0,0
0,-9,Dejagah,3,0,ARS(A) 3-3,Fulham,59011,Ashkan,0,84,4,11,0,0,0,10 Nov 15:00,0,0,55,2,Midfielder,0,0
0,48,Dejagah,0,0,SUN(H) 1-3,Fulham,59012,Ashkan,0,0,0,12,0,0,0,18 Nov 16:00,0,0,55,0,Midfielder,0,0
0,0,Dejagah,1,0,STK(A) 0-1,Fulham,59013,Ashkan,0,90,7,13,0,0,0,24 Nov 15:00,0,0,55,2,Midfielder,0,0
0,-6,Dejagah,0,0,CHE(A) 0-0,Fulham,59014,Ashkan,0,0,0,14,0,0,0,28 Nov 19:45,0,0,55,0,Midfielder,0,0
0,-12,Dejagah,3,0,TOT(H) 0-3,Fulham,59015,Ashkan,0,90,0,15,0,0,0,01 Dec 15:00,0,0,55,2,Midfielder,0,0
0,2,Dejagah,0,0,NEW(H) 2-1,Fulham,59016,Ashkan,0,29,4,16,0,0,0,10 Dec 20:00,0,0,55,1,Midfielder,0,0
1,-14,Dejagah,0,0,QPR(A) 1-2,Fulham,59017,Ashkan,0,19,0,17,0,0,0,15 Dec 15:00,0,0,55,0,Midfielder,0,0
1,-20,Dejagah,4,0,LIV(A) 0-4,Fulham,59018,Ashkan,0,90,-2,18,0,0,0,22 Dec 17:30,0,0,55,1,Midfielder,0,0
0,16,Dejagah,0,0,SOU(H) 1-1,Fulham,59019,Ashkan,0,66,0,19,0,1,0,26 Dec 15:00,0,0,55,3,Midfielder,0,0
0,5,Dejagah,2,0,SWA(H) 1-2,Fulham,59020,Ashkan,0,75,8,20,0,0,0,29 Dec 15:00,0,0,55,2,Midfielder,0,0
0,-4,Dejagah,1,0,WBA(A) 2-1,Fulham,59021,Ashkan,0,90,17,21,0,0,1,01 Jan 12:45,0,0,55,5,Midfielder,0,0
0,90,Dejagah,0,0,WIG(H) 1-1,Fulham,59022,Ashkan,0,4,-3,22,0,0,0,12 Jan 15:00,0,0,55,1,Midfielder,0,0
0,-32,Dejagah,2,0,MCI(A) 0-2,Fulham,59023,Ashkan,0,72,1,23,0,0,0,19 Jan 15:00,0,0,55,2,Midfielder,0,0
0,-7,Dejagah,0,0,WHU(H) 3-1,Fulham,59024,Ashkan,0,25,5,24,0,0,0,30 Jan 20:00,0,0,55,1,Midfielder,0,0
0,-18,Dejagah,1,0,MUN(H) 0-1,Fulham,59025,Ashkan,0,81,-5,25,0,0,0,02 Feb 17:30,0,0,55,2,Midfielder,0,0
0,12,Dejagah,0,0,NOR(A) 0-0,Fulham,59026,Ashkan,0,1,0,26,0,0,0,09 Feb 15:00,0,0,55,1,Midfielder,0,0
0,-16,Dejagah,0,0,STK(H) 1-0,Fulham,59027,Ashkan,0,90,14,27,0,1,0,23 Feb 12:45,0,0,55,3,Midfielder,0,0
0,18,Dejagah,2,0,SUN(A) 2-2,Fulham,59028,Ashkan,0,84,20,28,0,0,2,02 Mar 15:00,0,0,55,8,Midfielder,0,0
1,87,Dejagah,0,0,TOT(A) 1-0,Fulham,59030,Ashkan,0,90,15,30,0,1,0,17 Mar 15:00,0,0,55,2,Midfielder,0,0
0,567,Dejagah,0,0,QPR(H) 3-2,Fulham,59031,Ashkan,0,37,13,31,0,0,1,01 Apr 20:00,0,0,55,4,Midfielder,0,0
0,407,Dejagah,0,0,NEW(A) 0-1,Fulham,59032,Ashkan,0,0,0,32,0,0,0,07 Apr 15:00,0,0,55,0,Midfielder,0,0
0,-229,Dejagah,0,0,CHE(H) 0-3,Fulham,59033,Ashkan,0,0,0,33,0,0,0,17 Apr 20:00,0,0,55,0,Midfielder,0,0
0,-469,Dejagah,0,0,ARS(H) 0-1,Fulham,59034,Ashkan,0,0,0,34,0,0,0,20 Apr 15:00,0,0,55,0,Midfielder,0,0
0,-232,Dejagah,0,0,EVE(A) 0-1,Fulham,59035,Ashkan,0,0,0,35,0,0,0,27 Apr 15:00,0,0,55,0,Midfielder,0,0
0,-101,Dejagah,0,0,RDG(H) 2-4,Fulham,59036,Ashkan,0,0,0,36,0,0,0,04 May 15:00,0,0,55,0,Midfielder,0,0
0,-29,Dejagah,0,0,LIV(H) 1-3,Fulham,59037,Ashkan,0,0,0,37,0,0,0,12 May 15:00,0,0,55,0,Midfielder,0,0
0,-21,Dejagah,0,0,SWA(A) 3-0,Fulham,59038,Ashkan,0,0,0,38,0,0,0,19 May 16:00,0,0,55,0,Midfielder,0,0
0,0,Smith,0,0,WBA(H) 3-0,Fulham,6034,Alex,0,1,-3,4,0,0,0,15 Sep 15:00,0,0,40,1,Defender,0,0
0,66,Smith,0,0,WIG(A) 2-1,Fulham,6035,Alex,0,0,0,5,0,0,0,22 Sep 15:00,0,0,40,0,Defender,0,0
0,39,Smith,0,0,MCI(H) 1-2,Fulham,6036,Alex,0,0,0,6,0,0,0,29 Sep 15:00,0,0,40,0,Defender,0,0
0,33,Smith,0,0,SOU(A) 2-2,Fulham,6037,Alex,0,0,0,7,0,0,0,07 Oct 13:30,0,0,40,0,Defender,0,0
0,60,Smith,0,0,AVL(H) 1-0,Fulham,6038,Alex,0,0,0,8,0,0,0,20 Oct 15:00,0,0,40,0,Defender,0,0
0,29,Smith,0,0,RDG(A) 3-3,Fulham,6039,Alex,0,0,0,9,0,0,0,27 Oct 15:00,0,0,40,0,Defender,0,0
0,31,Smith,0,0,EVE(H) 2-2,Fulham,60310,Alex,0,0,0,10,0,0,0,03 Nov 15:00,0,0,40,0,Defender,0,0
0,14,Smith,0,0,ARS(A) 3-3,Fulham,60311,Alex,0,0,0,11,0,0,0,10 Nov 15:00,0,0,40,0,Defender,0,0
0,19,Smith,0,0,SUN(H) 1-3,Fulham,60312,Alex,0,0,0,12,0,0,0,18 Nov 16:00,0,0,40,0,Defender,0,0
0,13,Smith,0,0,STK(A) 0-1,Fulham,60313,Alex,0,0,0,13,0,0,0,24 Nov 15:00,0,0,40,0,Defender,0,0
0,-11,Smith,0,0,CHE(A) 0-0,Fulham,60314,Alex,0,0,0,14,0,0,0,28 Nov 19:45,0,0,40,0,Defender,0,0
0,-9,Smith,0,0,TOT(H) 0-3,Fulham,60315,Alex,0,0,0,15,0,0,0,01 Dec 15:00,0,0,40,0,Defender,0,0
0,-2,Smith,0,0,NEW(H) 2-1,Fulham,60316,Alex,0,0,0,16,0,0,0,10 Dec 20:00,0,0,40,0,Defender,0,0
0,7,Smith,0,0,QPR(A) 1-2,Fulham,60317,Alex,0,0,0,17,0,0,0,15 Dec 15:00,0,0,40,0,Defender,0,0
0,6,Smith,0,0,LIV(A) 0-4,Fulham,60318,Alex,0,0,0,18,0,0,0,22 Dec 17:30,0,0,40,0,Defender,0,0
0,14,Smith,0,0,SOU(H) 1-1,Fulham,60319,Alex,0,0,0,19,0,0,0,26 Dec 15:00,0,0,40,0,Defender,0,0
0,2,Smith,0,0,SWA(H) 1-2,Fulham,60320,Alex,0,0,0,20,0,0,0,29 Dec 15:00,0,0,40,0,Defender,0,0
0,0,Smith,0,0,WBA(A) 2-1,Fulham,60321,Alex,0,0,0,21,0,0,0,01 Jan 12:45,0,0,40,0,Defender,0,0
0,4,Smith,0,0,WIG(H) 1-1,Fulham,60322,Alex,0,0,0,22,0,0,0,12 Jan 15:00,0,0,40,0,Defender,0,0
0,-5,Smith,0,0,MCI(A) 0-2,Fulham,60323,Alex,0,0,0,23,0,0,0,19 Jan 15:00,0,0,40,0,Defender,0,0
0,19,Smith,0,0,WHU(H) 3-1,Fulham,60324,Alex,0,0,0,24,0,0,0,30 Jan 20:00,0,0,40,0,Defender,0,0
0,1,Smith,0,0,MUN(H) 0-1,Fulham,60325,Alex,0,0,0,25,0,0,0,02 Feb 17:30,0,0,40,0,Defender,0,0
0,-8,Smith,0,0,NOR(A) 0-0,Fulham,60326,Alex,0,0,0,26,0,0,0,09 Feb 15:00,0,0,40,0,Defender,0,0
0,-1,Smith,0,0,STK(H) 1-0,Fulham,60327,Alex,0,0,0,27,0,0,0,23 Feb 12:45,0,0,40,0,Defender,0,0
0,-4,Smith,0,0,SUN(A) 2-2,Fulham,60328,Alex,0,0,0,28,0,0,0,02 Mar 15:00,0,0,40,0,Defender,0,0
0,3,Smith,0,0,TOT(A) 1-0,Fulham,60330,Alex,0,0,0,30,0,0,0,17 Mar 15:00,0,0,40,0,Defender,0,0
0,2,Smith,0,0,QPR(H) 3-2,Fulham,60331,Alex,0,0,0,31,0,0,0,01 Apr 20:00,0,0,40,0,Defender,0,0
0,5,Smith,0,0,NEW(A) 0-1,Fulham,60332,Alex,0,0,0,32,0,0,0,07 Apr 15:00,0,0,40,0,Defender,0,0
0,11,Smith,0,0,CHE(H) 0-3,Fulham,60333,Alex,0,0,0,33,0,0,0,17 Apr 20:00,0,0,40,0,Defender,0,0
0,5,Smith,0,0,ARS(H) 0-1,Fulham,60334,Alex,0,0,0,34,0,0,0,20 Apr 15:00,0,0,40,0,Defender,0,0
0,2,Smith,0,0,EVE(A) 0-1,Fulham,60335,Alex,0,0,0,35,0,0,0,27 Apr 15:00,0,0,40,0,Defender,0,0
0,-4,Smith,0,0,RDG(H) 2-4,Fulham,60336,Alex,0,0,0,36,0,0,0,04 May 15:00,0,0,40,0,Defender,0,0
0,-4,Smith,0,0,LIV(H) 1-3,Fulham,60337,Alex,0,0,0,37,0,0,0,12 May 15:00,0,0,40,0,Defender,0,0
0,-4,Smith,0,0,SWA(A) 3-0,Fulham,60338,Alex,0,0,0,38,0,0,0,19 May 16:00,0,0,40,0,Defender,0,0
0,0,Wisdom,2,0,NOR(A) 5-2,Liverpool,6106,Andre,0,90,13,6,0,0,0,29 Sep 15:00,0,0,45,1,Defender,0,0
0,1537,Wisdom,0,0,STK(H) 0-0,Liverpool,6107,Andre,0,90,15,7,3,1,0,07 Oct 15:00,0,0,45,9,Defender,0,0
0,8165,Wisdom,0,0,RDG(H) 1-0,Liverpool,6108,Andre,0,90,18,8,0,1,0,20 Oct 15:00,0,0,45,6,Defender,0,0
0,6643,Wisdom,2,0,EVE(A) 2-2,Liverpool,6109,Andre,0,69,5,9,0,0,0,28 Oct 13:30,0,0,45,1,Defender,0,0
0,4258,Wisdom,1,0,NEW(H) 1-1,Liverpool,61010,Andre,0,90,9,10,0,0,0,04 Nov 16:00,0,0,45,2,Defender,0,0
0,1167,Wisdom,1,0,CHE(A) 1-1,Liverpool,61011,Andre,0,90,7,11,0,0,0,11 Nov 16:00,0,0,45,2,Defender,0,0
0,6456,Wisdom,0,0,WIG(H) 3-0,Liverpool,61012,Andre,0,90,18,12,0,1,0,17 Nov 15:00,0,0,45,6,Defender,0,0
0,6300,Wisdom,0,0,SWA(A) 0-0,Liverpool,61013,Andre,0,0,0,13,0,0,0,25 Nov 13:30,0,0,45,0,Defender,0,0
0,-2761,Wisdom,0,0,TOT(A) 1-2,Liverpool,61014,Andre,0,0,0,14,0,0,0,28 Nov 19:45,0,0,45,0,Defender,0,0
0,-4458,Wisdom,0,0,SOU(H) 1-0,Liverpool,61015,Andre,0,0,0,15,0,0,0,01 Dec 15:00,0,0,45,0,Defender,0,0
0,-6243,Wisdom,0,0,WHU(A) 3-2,Liverpool,61016,Andre,0,0,0,16,0,0,0,09 Dec 16:00,0,0,45,0,Defender,0,0
0,-4960,Wisdom,0,0,AVL(H) 1-3,Liverpool,61017,Andre,0,0,0,17,0,0,0,15 Dec 15:00,0,0,45,0,Defender,0,0
0,-3296,Wisdom,0,0,FUL(H) 4-0,Liverpool,61018,Andre,0,0,0,18,0,0,0,22 Dec 17:30,0,0,45,0,Defender,0,0
0,-2911,Wisdom,0,0,STK(A) 1-3,Liverpool,61019,Andre,0,0,0,19,0,0,0,26 Dec 19:45,0,0,45,0,Defender,0,0
0,-2170,Wisdom,0,0,QPR(A) 3-0,Liverpool,61020,Andre,0,0,0,20,0,0,0,30 Dec 16:00,0,0,44,0,Defender,0,0
0,-725,Wisdom,0,0,SUN(H) 3-0,Liverpool,61021,Andre,0,90,14,21,0,1,0,02 Jan 19:45,0,0,43,6,Defender,0,0
0,4632,Wisdom,2,0,MUN(A) 1-2,Liverpool,61022,Andre,0,90,4,22,0,0,0,13 Jan 13:30,0,0,43,1,Defender,0,0
0,8337,Wisdom,0,0,NOR(H) 5-0,Liverpool,61023,Andre,0,90,13,23,0,1,0,19 Jan 15:00,0,0,43,6,Defender,0,0
0,7601,Wisdom,2,0,ARS(A) 2-2,Liverpool,61024,Andre,0,90,7,24,0,0,0,30 Jan 19:45,0,0,43,1,Defender,0,0
0,5684,Wisdom,0,0,MCI(A) 2-2,Liverpool,61025,Andre,0,0,0,25,0,0,0,03 Feb 16:00,0,0,43,0,Defender,0,0
0,-87,Wisdom,0,0,SWA(H) 5-0,Liverpool,61026,Andre,0,0,0,26,0,0,0,17 Feb 15:00,0,0,43,0,Defender,0,0
0,-2736,Wisdom,0,0,WIG(A) 4-0,Liverpool,61028,Andre,0,0,0,28,0,0,0,02 Mar 17:30,0,0,40,0,Defender,0,0
0,-2416,Wisdom,0,0,TOT(H) 3-2,Liverpool,61029,Andre,0,0,0,29,0,0,0,10 Mar 16:00,0,0,39,0,Defender,0,0
0,1014,Wisdom,0,0,SOU(A) 1-3,Liverpool,61030,Andre,0,0,0,30,0,0,0,16 Mar 15:00,0,0,38,0,Defender,0,0
0,683,Wisdom,0,0,AVL(A) 2-1,Liverpool,61031,Andre,0,0,0,31,0,0,0,31 Mar 13:30,0,0,38,0,Defender,0,0
0,124,Wisdom,0,0,WHU(H) 0-0,Liverpool,61032,Andre,0,0,0,32,0,0,0,07 Apr 13:30,0,0,38,0,Defender,0,0
0,-76,Wisdom,0,0,RDG(A) 0-0,Liverpool,61033,Andre,0,0,0,33,0,0,0,13 Apr 15:00,0,0,38,0,Defender,0,0
0,-142,Wisdom,0,0,CHE(H) 2-2,Liverpool,61034,Andre,0,0,0,34,0,0,0,21 Apr 16:00,0,0,38,0,Defender,0,0
0,-17,Wisdom,0,0,NEW(A) 6-0,Liverpool,61035,Andre,0,0,0,35,0,0,0,27 Apr 17:30,0,0,38,0,Defender,0,0
0,-109,Wisdom,0,0,EVE(H) 0-0,Liverpool,61036,Andre,0,0,0,36,0,0,0,05 May 13:30,0,0,38,0,Defender,0,0
0,-83,Wisdom,1,0,FUL(A) 3-1,Liverpool,61037,Andre,0,45,14,37,0,0,1,12 May 15:00,0,0,38,4,Defender,0,0
0,1580,Wisdom,0,0,QPR(H) 1-0,Liverpool,61038,Andre,0,0,0,38,0,0,0,19 May 16:00,0,0,38,0,Defender,0,0
0,0,Boruc,4,1,WHU(A) 1-4,Southampton,6158,Artur,0,90,4,8,0,0,0,20 Oct 15:00,0,0,45,0,Goalkeeper,0,0
0,254,Boruc,2,1,TOT(H) 1-2,Southampton,6159,Artur,0,90,3,9,0,0,0,28 Oct 15:00,0,0,45,1,Goalkeeper,0,0
0,155,Boruc,0,0,WBA(A) 0-2,Southampton,61510,Artur,0,0,0,10,0,0,0,05 Nov 20:00,0,0,45,0,Goalkeeper,0,0
0,57,Boruc,0,0,SWA(H) 1-1,Southampton,61511,Artur,0,0,0,11,0,0,0,10 Nov 15:00,0,0,45,0,Goalkeeper,0,0
0,12,Boruc,0,0,QPR(A) 3-1,Southampton,61512,Artur,0,0,0,12,0,0,0,17 Nov 15:00,0,0,45,0,Goalkeeper,0,0
0,-26,Boruc,0,0,NEW(H) 2-0,Southampton,61513,Artur,0,0,0,13,0,0,0,25 Nov 15:00,0,0,45,0,Goalkeeper,0,0
0,-23,Boruc,0,0,NOR(H) 1-1,Southampton,61514,Artur,0,0,0,14,0,0,0,28 Nov 19:45,0,0,45,0,Goalkeeper,0,0
0,-25,Boruc,0,0,LIV(A) 0-1,Southampton,61515,Artur,0,0,0,15,0,0,0,01 Dec 15:00,0,0,45,0,Goalkeeper,0,0
0,-19,Boruc,0,0,RDG(H) 1-0,Southampton,61516,Artur,0,0,0,16,0,0,0,08 Dec 15:00,0,0,45,0,Goalkeeper,0,0
0,-3,Boruc,0,0,SUN(H) 0-1,Southampton,61518,Artur,0,0,0,18,0,0,0,22 Dec 15:00,0,0,44,0,Goalkeeper,0,0
0,-8,Boruc,0,0,FUL(A) 1-1,Southampton,61519,Artur,0,0,0,19,0,0,0,26 Dec 15:00,0,0,44,0,Goalkeeper,0,0
0,0,Boruc,0,0,STK(A) 3-3,Southampton,61520,Artur,0,0,0,20,0,0,0,29 Dec 15:00,0,0,44,0,Goalkeeper,0,0
0,-15,Boruc,1,2,ARS(H) 1-1,Southampton,61521,Artur,0,90,9,21,0,0,0,01 Jan 17:30,0,0,44,2,Goalkeeper,0,0
0,2418,Boruc,2,2,CHE(A) 2-2,Southampton,61522,Artur,0,90,7,22,0,0,0,16 Jan 19:45,0,0,44,1,Goalkeeper,0,0
0,1696,Boruc,0,5,EVE(H) 0-0,Southampton,61523,Artur,0,90,17,23,0,1,0,21 Jan 20:00,0,0,44,7,Goalkeeper,0,0
0,4242,Boruc,2,4,MUN(A) 1-2,Southampton,61524,Artur,0,90,6,24,0,0,0,30 Jan 20:00,0,0,44,2,Goalkeeper,0,0
0,4028,Boruc,2,1,WIG(A) 2-2,Southampton,61525,Artur,0,90,7,25,0,0,0,02 Feb 15:00,0,0,44,1,Goalkeeper,0,0
0,451,Boruc,1,2,MCI(H) 3-1,Southampton,61526,Artur,0,90,15,26,0,0,0,09 Feb 17:30,0,0,44,2,Goalkeeper,0,0
0,1236,Boruc,4,2,NEW(A) 2-4,Southampton,61527,Artur,0,90,5,27,0,0,0,24 Feb 13:30,0,0,44,0,Goalkeeper,0,0
0,1030,Boruc,2,1,QPR(H) 1-2,Southampton,61528,Artur,0,90,2,28,0,0,0,02 Mar 15:00,0,0,44,1,Goalkeeper,0,0
0,1014,Boruc,0,1,NOR(A) 0-0,Southampton,61529,Artur,0,90,14,29,2,1,0,09 Mar 15:00,1,0,44,13,Goalkeeper,0,0
0,2689,Boruc,1,4,LIV(H) 3-1,Southampton,61530,Artur,0,90,18,30,0,0,0,16 Mar 15:00,0,0,44,3,Goalkeeper,0,0
0,4420,Boruc,1,0,CHE(H) 2-1,Southampton,61531,Artur,0,45,6,31,0,0,0,30 Mar 15:00,0,0,44,1,Goalkeeper,0,0
0,1393,Boruc,0,3,RDG(A) 2-0,Southampton,61532,Artur,0,90,20,32,0,1,0,06 Apr 12:45,0,0,44,7,Goalkeeper,0,0
0,2982,Boruc,1,2,WHU(H) 1-1,Southampton,61533,Artur,0,90,8,33,0,0,0,13 Apr 15:00,0,0,44,2,Goalkeeper,0,0
0,1200,Boruc,0,3,SWA(A) 0-0,Southampton,61534,Artur,0,90,12,34,0,1,0,20 Apr 15:00,0,0,44,7,Goalkeeper,0,0
0,2545,Boruc,3,4,WBA(H) 0-3,Southampton,61535,Artur,0,90,6,35,0,0,0,27 Apr 15:00,0,0,44,2,Goalkeeper,0,0
0,-511,Boruc,1,1,TOT(A) 0-1,Southampton,61536,Artur,0,90,4,36,0,0,0,04 May 15:00,0,0,44,2,Goalkeeper,0,0
0,1059,Boruc,1,1,SUN(A) 1-1,Southampton,61537,Artur,0,90,7,37,0,0,0,12 May 15:00,0,0,44,2,Goalkeeper,0,0
0,2128,Boruc,0,0,STK(H) 1-1,Southampton,61538,Artur,0,0,0,38,0,0,0,19 May 16:00,0,0,45,0,Goalkeeper,0,0
0,0,Morgan,0,0,WHU(A) 3-2,Liverpool,63516,Adam,0,0,0,16,0,0,0,09 Dec 16:00,0,0,50,0,Forward,0,0
0,18,Morgan,0,0,AVL(H) 1-3,Liverpool,63517,Adam,0,0,0,17,0,0,0,15 Dec 15:00,0,0,50,0,Forward,0,0
0,2,Morgan,0,0,FUL(H) 4-0,Liverpool,63518,Adam,0,0,0,18,0,0,0,22 Dec 17:30,0,0,50,0,Forward,0,0
0,8,Morgan,0,0,STK(A) 1-3,Liverpool,63519,Adam,0,0,0,19,0,0,0,26 Dec 19:45,0,0,50,0,Forward,0,0
0,13,Morgan,0,0,QPR(A) 3-0,Liverpool,63520,Adam,0,0,0,20,0,0,0,30 Dec 16:00,0,0,50,0,Forward,0,0
0,11,Morgan,0,0,SUN(H) 3-0,Liverpool,63521,Adam,0,0,0,21,0,0,0,02 Jan 19:45,0,0,50,0,Forward,0,0
0,8,Morgan,0,0,MUN(A) 1-2,Liverpool,63522,Adam,0,0,0,22,0,0,0,13 Jan 13:30,0,0,50,0,Forward,0,0
0,5,Morgan,0,0,NOR(H) 5-0,Liverpool,63523,Adam,0,0,0,23,0,0,0,19 Jan 15:00,0,0,50,0,Forward,0,0
0,2,Morgan,0,0,ARS(A) 2-2,Liverpool,63524,Adam,0,0,0,24,0,0,0,30 Jan 19:45,0,0,50,0,Forward,0,0
0,2,Morgan,0,0,MCI(A) 2-2,Liverpool,63525,Adam,0,0,0,25,0,0,0,03 Feb 16:00,0,0,50,0,Forward,0,0
0,0,Morgan,0,0,SWA(H) 5-0,Liverpool,63526,Adam,0,0,0,26,0,0,0,17 Feb 15:00,0,0,50,0,Forward,0,0
0,8,Morgan,0,0,WIG(A) 4-0,Liverpool,63528,Adam,0,0,0,28,0,0,0,02 Mar 17:30,0,0,50,0,Forward,0,0
0,8,Morgan,0,0,TOT(H) 3-2,Liverpool,63529,Adam,0,0,0,29,0,0,0,10 Mar 16:00,0,0,50,0,Forward,0,0
0,-2,Morgan,0,0,SOU(A) 1-3,Liverpool,63530,Adam,0,0,0,30,0,0,0,16 Mar 15:00,0,0,50,0,Forward,0,0
0,0,Morgan,0,0,AVL(A) 2-1,Liverpool,63531,Adam,0,0,0,31,0,0,0,31 Mar 13:30,0,0,50,0,Forward,0,0
0,-2,Morgan,0,0,WHU(H) 0-0,Liverpool,63532,Adam,0,0,0,32,0,0,0,07 Apr 13:30,0,0,50,0,Forward,0,0
0,-2,Morgan,0,0,RDG(A) 0-0,Liverpool,63533,Adam,0,0,0,33,0,0,0,13 Apr 15:00,0,0,50,0,Forward,0,0
0,0,Morgan,0,0,CHE(H) 2-2,Liverpool,63534,Adam,0,0,0,34,0,0,0,21 Apr 16:00,0,0,50,0,Forward,0,0
0,-1,Morgan,0,0,NEW(A) 6-0,Liverpool,63535,Adam,0,0,0,35,0,0,0,27 Apr 17:30,0,0,50,0,Forward,0,0
0,2,Morgan,0,0,EVE(H) 0-0,Liverpool,63536,Adam,0,0,0,36,0,0,0,05 May 13:30,0,0,50,0,Forward,0,0
0,1,Morgan,0,0,FUL(A) 3-1,Liverpool,63537,Adam,0,0,0,37,0,0,0,12 May 15:00,0,0,50,0,Forward,0,0
0,11,Morgan,0,0,QPR(H) 1-0,Liverpool,63538,Adam,0,0,0,38,0,0,0,19 May 16:00,0,0,50,0,Forward,0,0
0,0,Campbell,0,0,MUN(A) 3-4,Newcastle,63919,Adam,0,0,0,19,0,0,0,26 Dec 15:00,0,0,45,0,Forward,0,0
0,42,Campbell,0,0,ARS(A) 3-7,Newcastle,63920,Adam,0,0,0,20,0,0,0,29 Dec 17:30,0,0,45,0,Forward,0,0
0,48,Campbell,0,0,EVE(H) 1-2,Newcastle,63921,Adam,0,0,0,21,0,0,0,02 Jan 20:00,0,0,45,0,Forward,0,0
0,73,Campbell,0,0,NOR(A) 0-0,Newcastle,63922,Adam,0,0,0,22,0,0,0,12 Jan 15:00,0,0,45,0,Forward,0,0
0,11,Campbell,0,0,RDG(H) 1-2,Newcastle,63923,Adam,0,0,0,23,0,0,0,19 Jan 15:00,0,0,45,0,Forward,0,0
0,11,Campbell,0,0,AVL(A) 2-1,Newcastle,63924,Adam,0,0,0,24,0,0,0,29 Jan 19:45,0,0,45,0,Forward,0,0
0,-3,Campbell,0,0,CHE(H) 3-2,Newcastle,63925,Adam,0,0,0,25,0,0,0,02 Feb 15:00,0,0,45,0,Forward,0,0
0,12,Campbell,0,0,TOT(A) 1-2,Newcastle,63926,Adam,0,0,0,26,0,0,0,09 Feb 12:45,0,0,45,0,Forward,0,0
0,34,Campbell,0,0,SOU(H) 4-2,Newcastle,63927,Adam,0,0,0,27,0,0,0,24 Feb 13:30,0,0,45,0,Forward,0,0
0,32,Campbell,0,0,SWA(A) 0-1,Newcastle,63928,Adam,0,0,0,28,0,0,0,02 Mar 15:00,0,0,45,0,Forward,0,0
0,20,Campbell,0,0,STK(H) 2-1,Newcastle,63929,Adam,0,5,1,29,0,0,0,10 Mar 15:00,0,0,45,1,Forward,0,0
0,26,Campbell,0,0,WIG(A) 1-2,Newcastle,63930,Adam,0,0,0,30,0,0,0,17 Mar 16:00,0,0,45,0,Forward,0,0
0,-1,Campbell,0,0,MCI(A) 0-4,Newcastle,63931,Adam,0,0,0,31,0,0,0,30 Mar 15:00,0,0,45,0,Forward,0,0
0,-1,Campbell,0,0,FUL(H) 1-0,Newcastle,63932,Adam,0,10,2,32,0,0,0,07 Apr 15:00,0,0,45,1,Forward,0,0
0,-2,Campbell,0,0,SUN(H) 0-3,Newcastle,63933,Adam,0,0,0,33,0,0,0,14 Apr 12:00,0,0,45,0,Forward,0,0
0,-7,Campbell,0,0,WBA(A) 1-1,Newcastle,63934,Adam,0,0,0,34,0,0,0,20 Apr 15:00,0,0,45,0,Forward,0,0
0,-1,Campbell,0,0,LIV(H) 0-6,Newcastle,63935,Adam,0,0,0,35,0,0,0,27 Apr 17:30,0,0,45,0,Forward,0,0
0,4,Campbell,0,0,WHU(A) 0-0,Newcastle,63936,Adam,0,0,0,36,0,0,0,04 May 15:00,0,0,45,0,Forward,0,0
0,3,Campbell,0,0,QPR(A) 2-1,Newcastle,63937,Adam,0,0,0,37,0,0,0,12 May 15:00,0,0,45,0,Forward,0,0
0,12,Campbell,0,0,ARS(H) 0-1,Newcastle,63938,Adam,0,11,0,38,0,0,0,19 May 16:00,0,0,45,1,Forward,0,0
0,1263,Henriquez,0,0,FUL(A) 1-1,Wigan,64622,Angelo,0,0,0,22,0,0,0,12 Jan 15:00,0,0,45,0,Forward,0,0
1,380,Henriquez,0,0,SUN(H) 2-3,Wigan,64623,Angelo,0,20,16,23,0,0,0,19 Jan 15:00,0,0,45,4,Forward,0,1
0,1685,Henriquez,0,0,STK(A) 2-2,Wigan,64624,Angelo,0,0,0,24,0,0,0,29 Jan 19:45,0,0,45,0,Forward,0,0
0,-229,Henriquez,0,0,SOU(H) 2-2,Wigan,64625,Angelo,0,1,0,25,0,0,0,02 Feb 15:00,0,0,45,1,Forward,0,0
0,-264,Henriquez,0,0,CHE(A) 1-4,Wigan,64626,Angelo,0,0,0,26,0,0,0,09 Feb 15:00,0,0,45,0,Forward,0,0
0,-406,Henriquez,0,0,RDG(A) 3-0,Wigan,64627,Angelo,0,0,0,27,0,0,0,23 Feb 15:00,0,0,44,0,Forward,0,0
0,98,Henriquez,0,0,LIV(H) 0-4,Wigan,64628,Angelo,0,0,0,28,0,0,0,02 Mar 17:30,0,0,44,0,Forward,0,0
0,267,Henriquez,0,0,NEW(H) 2-1,Wigan,64630,Angelo,0,0,0,30,0,0,0,17 Mar 16:00,0,0,43,0,Forward,0,0
0,45,Henriquez,0,0,NOR(H) 1-0,Wigan,64631,Angelo,0,0,0,31,0,0,0,30 Mar 15:00,0,0,43,0,Forward,0,0
0,-103,Henriquez,0,0,QPR(A) 1-1,Wigan,64632,Angelo,0,0,0,32,0,0,0,07 Apr 16:10,0,0,43,0,Forward,0,0
0,-172,Henriquez,0,0,MCI(A) 0-1,Wigan,64633,Angelo,0,0,0,33,0,0,0,17 Apr 19:45,0,0,43,0,Forward,0,0
0,61,Henriquez,0,0,WHU(A) 0-2,Wigan,64634,Angelo,0,0,0,34,0,0,0,20 Apr 15:00,0,0,42,0,Forward,0,0
0,421,Henriquez,0,0,TOT(H) 2-2,Wigan,64635,Angelo,0,0,0,35,0,0,0,27 Apr 15:00,0,0,42,0,Forward,0,0
0,212,Henriquez,0,0,SWA(H) 2-3,Wigan,64636,Angelo,0,0,0,36,0,0,0,07 May 19:45,0,0,42,0,Forward,0,0
0,120,Henriquez,0,0,ARS(A) 1-4,Wigan,64637,Angelo,0,6,0,37,0,0,0,14 May 19:45,0,0,42,1,Forward,0,0
0,415,Henriquez,0,0,AVL(H) 2-2,Wigan,64638,Angelo,0,23,-2,38,0,0,0,19 May 16:00,0,0,42,1,Forward,0,0
0,0,Nabi,0,0,RDG(A) 2-3,West Brom,64822,Adil,0,0,0,22,0,0,0,12 Jan 15:00,0,0,45,0,Forward,0,0
0,46,Nabi,0,0,AVL(H) 2-2,West Brom,64823,Adil,0,0,0,23,0,0,0,19 Jan 17:30,0,0,45,0,Forward,0,0
0,43,Nabi,0,0,EVE(A) 1-2,West Brom,64824,Adil,0,0,0,24,0,0,0,30 Jan 19:45,0,0,45,0,Forward,0,0
0,9,Nabi,0,0,TOT(H) 0-1,West Brom,64825,Adil,0,0,0,25,0,0,0,03 Feb 13:30,0,0,45,0,Forward,0,0
0,32,Nabi,0,0,LIV(A) 2-0,West Brom,64826,Adil,0,0,0,26,0,0,0,11 Feb 20:00,0,0,45,0,Forward,0,0
0,46,Nabi,0,0,SUN(H) 2-1,West Brom,64827,Adil,0,0,0,27,0,0,0,23 Feb 15:00,0,0,45,0,Forward,0,0
0,41,Nabi,0,0,CHE(A) 0-1,West Brom,64828,Adil,0,0,0,28,0,0,0,02 Mar 15:00,0,0,45,0,Forward,0,0
0,4,Nabi,0,0,SWA(H) 2-1,West Brom,64829,Adil,0,0,0,29,0,0,0,09 Mar 15:00,0,0,45,0,Forward,0,0
0,4,Nabi,0,0,STK(A) 0-0,West Brom,64830,Adil,0,0,0,30,0,0,0,16 Mar 15:00,0,0,45,0,Forward,0,0
0,-8,Nabi,0,0,WHU(A) 1-3,West Brom,64831,Adil,0,0,0,31,0,0,0,30 Mar 15:00,0,0,45,0,Forward,0,0
0,-10,Nabi,0,0,ARS(H) 1-2,West Brom,64832,Adil,0,0,0,32,0,0,0,06 Apr 15:00,0,0,45,0,Forward,0,0
0,0,Nabi,0,0,NEW(H) 1-1,West Brom,64834,Adil,0,0,0,34,0,0,0,20 Apr 15:00,0,0,45,0,Forward,0,0
0,8,Nabi,0,0,SOU(A) 3-0,West Brom,64835,Adil,0,0,0,35,0,0,0,27 Apr 15:00,0,0,45,0,Forward,0,0
0,0,Nabi,0,0,MCI(A) 0-1,West Brom,64836,Adil,0,0,0,36,0,0,0,07 May 19:45,0,0,45,0,Forward,0,0
0,0,Nabi,0,0,NOR(A) 0-4,West Brom,64837,Adil,0,0,0,37,0,0,0,12 May 15:00,0,0,45,0,Forward,0,0
0,2,Nabi,0,0,MUN(H) 5-5,West Brom,64838,Adil,0,0,0,38,0,0,0,19 May 16:00,0,0,45,0,Forward,0,0
0,0,N'Diaye,0,0,WHU(H) 3-0,Sunderland,65122,Alfred,0,7,-3,22,0,0,0,12 Jan 15:00,0,0,45,1,Midfielder,0,0
0,221,N'Diaye,2,0,WIG(A) 3-2,Sunderland,65123,Alfred,0,90,14,23,0,0,1,19 Jan 15:00,0,0,45,5,Midfielder,0,0
0,1561,N'Diaye,0,0,SWA(H) 0-0,Sunderland,65124,Alfred,0,65,9,24,0,1,0,29 Jan 19:45,0,0,45,3,Midfielder,0,0
0,476,N'Diaye,2,0,RDG(A) 1-2,Sunderland,65125,Alfred,0,90,-5,25,0,0,0,02 Feb 15:00,0,0,45,2,Midfielder,0,0
0,-147,N'Diaye,1,0,ARS(H) 0-1,Sunderland,65126,Alfred,0,67,-1,26,0,0,0,09 Feb 15:00,0,0,45,2,Midfielder,0,0
0,-36,N'Diaye,2,0,WBA(A) 1-2,Sunderland,65127,Alfred,0,90,8,27,0,0,0,23 Feb 15:00,0,0,45,2,Midfielder,0,0
1,-125,N'Diaye,2,0,FUL(H) 2-2,Sunderland,65128,Alfred,0,90,-1,28,0,0,0,02 Mar 15:00,0,0,45,1,Midfielder,0,0
1,-53,N'Diaye,2,0,QPR(A) 1-3,Sunderland,65129,Alfred,0,76,-1,29,0,0,0,09 Mar 15:00,0,0,45,1,Midfielder,0,0
0,-183,N'Diaye,0,0,NOR(H) 1-1,Sunderland,65130,Alfred,0,0,0,30,0,0,0,17 Mar 13:30,0,0,45,0,Midfielder,0,0
1,-219,N'Diaye,1,0,MUN(H) 0-1,Sunderland,65131,Alfred,0,90,6,31,0,0,0,30 Mar 12:45,0,0,44,1,Midfielder,0,0
0,-102,N'Diaye,2,0,CHE(A) 1-2,Sunderland,65132,Alfred,0,90,7,32,0,0,0,07 Apr 15:00,0,0,43,2,Midfielder,0,0
0,-72,N'Diaye,0,0,NEW(A) 3-0,Sunderland,65133,Alfred,0,90,19,33,0,1,0,14 Apr 12:00,0,0,42,3,Midfielder,0,0
0,219,N'Diaye,0,0,EVE(H) 1-0,Sunderland,65134,Alfred,0,90,9,34,0,1,0,20 Apr 15:00,0,0,42,3,Midfielder,0,0
0,553,N'Diaye,6,0,AVL(A) 1-6,Sunderland,65135,Alfred,0,90,9,35,0,0,0,29 Apr 20:00,0,0,42,2,Midfielder,0,0
0,40,N'Diaye,1,0,STK(H) 1-1,Sunderland,65136,Alfred,0,90,3,36,0,0,0,06 May 20:00,0,0,42,2,Midfielder,0,0
0,98,N'Diaye,1,0,SOU(H) 1-1,Sunderland,65137,Alfred,0,90,6,37,0,0,0,12 May 15:00,0,0,42,2,Midfielder,0,0
0,-59,N'Diaye,1,0,TOT(A) 0-1,Sunderland,65138,Alfred,0,90,3,38,0,0,0,19 May 16:00,0,0,42,2,Midfielder,0,0
