yellow_cards,net_transfers,last_name,goals_conceded,saves,result,team_name_1,index,first_name,own_goals,minutes_played,EA_Spots_PPI,week,bonus,clean_sheets,assists,date,penalties_saved,penalties missed,value,points,position,red_cards,goals_scored
0,-284,Lee,0,0,LIV(A) 1-3,Bolton,793,Chung-Yong,0,0,0,3,0,0,0,27 Aug. 17:30,0,0,60,0,Midfielder,0,0
0,-5,Lee,0,0,BLA(A) 2-1,Bolton,7917,Chung-Yong,0,0,0,17,0,0,0,20 Dec. 20:00,0,0,59,0,Midfielder,0,0
0,-1,Salcido,0,0,SWA(H) 0-3,Fulham,13829,Carlos,0,0,0,29,0,0,0,17 March 15:00,0,0,50,0,Defender,0,0
0,-100,Baird,0,0,SWA(H) 0-3,Fulham,14329,Chris,0,0,0,29,0,0,0,17 March 15:00,0,0,48,0,Defender,0,0
0,24627,Dempsey,0,0,WOL(H) 5-0,Fulham,15127,Clint,0,90,46,27,2,1,0,04 March 14:05,0,0,92,15,Midfielder,0,2
0,-8,Poulsen,0,0,ARS(H) 1-2,Liverpool,17027,Christian,0,0,0,27,0,0,0,03 March 12:45,0,0,45,0,Midfielder,0,0
0,-25274,Adam,0,0,QPR(A) 2-3,Liverpool,17729,Charlie,0,45,4,29,0,0,0,21 March 20:00,0,0,86,1,Midfielder,0,0
0,412,Tevez,0,0,CHE(H) 2-1,Man City,20129,Carlos,0,25,16,29,0,0,1,21 March 19:45,0,0,117,4,Forward,0,0
0,-1640,Smalling,0,0,WOL(A) 5-0,Man Utd,20829,Chris,0,17,4,29,0,0,0,18 March 13:30,0,0,53,1,Defender,0,0
0,-75,Gordon,0,0,QPR(A) 3-2,Sunderland,33417,Craig,0,0,0,17,0,0,0,21 Dec. 20:00,0,0,44,0,Goalkeeper,0,0
0,-63,Gardner,0,0,QPR(A) 3-2,Sunderland,35117,Craig,0,16,7,17,0,0,0,21 Dec. 20:00,0,0,56,1,Midfielder,0,0
0,-17,Lynch,0,0,QPR(A) 3-2,Sunderland,35317,Craig,0,0,0,17,0,0,0,21 Dec. 20:00,0,0,44,0,Forward,0,0
0,-5,Kirkland,0,0,MUN(H) 1-0,Wigan,43433,Chris,0,0,0,33,0,0,0,11 April 19:45,0,0,43,0,Goalkeeper,0,0
0,-401,N'Zogbia,0,0,STO(H) 1-1,Aston Villa,44733,Charles,0,17,2,33,0,0,0,09 April 17:30,0,0,66,1,Midfielder,0,0
0,1,Sammon,0,0,MUN(H) 1-0,Wigan,45333,Conor,0,14,2,33,0,0,0,11 April 19:45,0,0,47,1,Forward,0,0
0,-38,Berra,2,0,ARS(H) 0-3,Wolves,46333,Christophe,0,81,1,33,0,0,0,11 April 19:45,0,0,43,1,Defender,0,0
0,-16359,Eagles,0,0,WOL(H) 1-1,Bolton,49019,Chris,0,0,0,19,0,0,0,31 Dec. 15:00,0,0,55,0,Midfielder,0,0
0,-9,Somogyi,0,0,NOR(A) 1-1,Fulham,49419,Csaba,0,0,0,19,0,0,0,31 Dec. 15:00,0,0,44,0,Goalkeeper,0,0
0,1,Somogyi,0,0,SWA(H) 0-3,Fulham,49429,Csaba,0,0,0,29,0,0,0,17 March 15:00,0,0,43,0,Goalkeeper,0,0
0,-29,Dawson,1,0,EVE(H) 0-1,West Brom,49919,Craig,0,90,6,19,0,0,0,01 Jan. 12:30,0,0,43,2,Defender,0,0
0,2,Dawson,0,0,WIG(A) 1-1,West Brom,49929,Craig,0,0,0,29,0,0,0,17 March 15:00,0,0,43,0,Defender,0,0
0,-3,Jenkinson,0,0,EVE(A) 1-0,Arsenal,52329,Carl,0,0,0,29,0,0,0,21 March 20:00,0,0,54,0,Defender,0,0
0,-1,Pantilimon,0,0,SUN(A) 0-1,Man City,53119,Costel,0,0,0,19,0,0,0,01 Jan. 15:00,0,0,50,0,Goalkeeper,0,0
0,4,Pantilimon,0,0,CHE(H) 2-1,Man City,53129,Costel,0,0,0,29,0,0,0,21 March 19:45,0,0,50,0,Goalkeeper,0,0
0,-424,Santos,0,0,QPR(H) 1-0,Arsenal,56119,Clarindo,0,0,0,19,0,0,0,31 Dec. 15:00,0,0,59,0,Defender,0,0
0,38,Santos,0,0,EVE(A) 1-0,Arsenal,56129,Clarindo,0,0,0,29,0,0,0,21 March 20:00,0,0,58,0,Defender,0,0
0,4,Sa,0,0,WOL(H) 5-0,Fulham,56527,Carlos,0,0,0,27,0,0,0,04 March 14:05,0,0,50,0,Forward,0,0
0,-1,Park,0,0,AVL(A) 2-1,Arsenal,57417,Chu-Young,0,0,0,17,0,0,0,21 Dec. 19:45,0,0,64,0,Forward,0,0
0,-2,Park,0,0,EVE(A) 1-0,Arsenal,57429,Chu-Young,0,0,0,29,0,0,0,21 March 20:00,0,0,63,0,Forward,0,0
0,1,McAleny,0,0,SUN(H) 4-0,Everton,59933,Conor,0,0,0,33,0,0,0,09 April 15:00,0,0,45,0,Forward,0,0
1,8,McManaman,0,0,WBA(H) 1-1,Wigan,62729,Callum,0,11,-4,29,0,0,0,17 March 15:00,0,0,45,0,Forward,0,0
0,0,Jenkinson,0,0,SUN(H) 0-0,Arsenal,91,Carl,0,90,12,1,2,1,0,18 Aug 15:00,0,0,45,8,Defender,0,0
0,54712,Jenkinson,0,0,STK(A) 0-0,Arsenal,92,Carl,0,90,13,2,2,1,0,26 Aug 13:30,0,0,45,8,Defender,0,0
0,103226,Jenkinson,0,0,LIV(A) 2-0,Arsenal,93,Carl,0,90,21,3,0,1,0,02 Sep 13:30,0,0,46,6,Defender,0,0
0,151139,Jenkinson,1,0,SOU(H) 6-1,Arsenal,94,Carl,0,90,17,4,0,0,0,15 Sep 15:00,0,0,49,2,Defender,0,0
0,21717,Jenkinson,1,0,MCI(A) 1-1,Arsenal,95,Carl,0,90,9,5,0,0,0,23 Sep 16:00,0,0,49,2,Defender,0,0
0,26847,Jenkinson,2,0,CHE(H) 1-2,Arsenal,96,Carl,0,90,2,6,0,0,0,29 Sep 12:45,0,0,50,1,Defender,0,0
0,36643,Jenkinson,1,0,WHU(A) 3-1,Arsenal,97,Carl,0,90,15,7,0,0,0,06 Oct 17:30,0,0,50,2,Defender,0,0
0,43887,Jenkinson,1,0,NOR(A) 0-1,Arsenal,98,Carl,0,90,6,8,0,0,0,20 Oct 17:30,0,0,51,2,Defender,0,0
0,15854,Jenkinson,0,0,QPR(H) 1-0,Arsenal,99,Carl,0,0,0,9,0,0,0,27 Oct 15:00,0,0,52,0,Defender,0,0
0,-83378,Jenkinson,0,0,MUN(A) 1-2,Arsenal,910,Carl,0,0,0,10,0,0,0,03 Nov 12:45,0,0,51,0,Defender,0,0
0,-11066,Jenkinson,0,0,NEW(H) 7-3,Arsenal,920,Carl,0,0,0,20,0,0,0,29 Dec 17:30,0,0,43,0,Defender,0,0
0,4598,Jenkinson,0,0,SWA(A) 2-0,Arsenal,930,Carl,0,90,28,30,2,1,0,16 Mar 15:00,0,0,40,8,Defender,0,0
0,0,Santos,0,0,SUN(H) 0-0,Arsenal,121,Clarindo,0,0,0,1,0,0,0,18 Aug 15:00,0,0,55,0,Defender,0,0
0,-3230,Santos,0,0,STK(A) 0-0,Arsenal,122,Clarindo,0,0,0,2,0,0,0,26 Aug 13:30,0,0,54,0,Defender,0,0
0,-3053,Santos,0,0,LIV(A) 2-0,Arsenal,123,Clarindo,0,9,2,3,0,0,0,02 Sep 13:30,0,0,53,1,Defender,0,0
0,-1589,Santos,0,0,SOU(H) 6-1,Arsenal,124,Clarindo,0,0,0,4,0,0,0,15 Sep 15:00,0,0,52,0,Defender,0,0
0,-942,Santos,0,0,MCI(A) 1-1,Arsenal,125,Clarindo,0,0,0,5,0,0,0,23 Sep 16:00,0,0,51,0,Defender,0,0
0,-667,Santos,0,0,CHE(H) 1-2,Arsenal,126,Clarindo,0,0,0,6,0,0,0,29 Sep 12:45,0,0,51,0,Defender,0,0
0,-489,Santos,0,0,WHU(A) 3-1,Arsenal,127,Clarindo,0,35,5,7,0,0,0,06 Oct 17:30,0,0,50,1,Defender,0,0
0,413,Santos,1,0,NOR(A) 0-1,Arsenal,128,Clarindo,0,90,8,8,0,0,0,20 Oct 17:30,0,0,50,2,Defender,0,0
0,300,Santos,0,0,QPR(H) 1-0,Arsenal,129,Clarindo,0,90,22,9,2,1,0,27 Oct 15:00,0,0,50,8,Defender,0,0
0,310,Santos,2,0,MUN(A) 1-2,Arsenal,1210,Clarindo,0,90,2,10,0,0,0,03 Nov 12:45,0,0,50,1,Defender,0,0
0,-85,Santos,0,0,NEW(H) 7-3,Arsenal,1220,Clarindo,0,0,0,20,0,0,0,29 Dec 17:30,0,0,49,0,Defender,0,0
0,-37,Santos,0,0,SWA(A) 2-0,Arsenal,1230,Clarindo,0,0,0,30,0,0,0,16 Mar 15:00,0,0,49,0,Defender,0,0
0,0,Vela,0,0,SUN(H) 0-0,Arsenal,281,Carlos Alberto,0,0,0,1,0,0,0,18 Aug 15:00,0,0,55,0,Forward,0,0
0,-77,Vela,0,0,STK(A) 0-0,Arsenal,282,Carlos Alberto,0,0,0,2,0,0,0,26 Aug 13:30,0,0,55,0,Forward,0,0
0,-55,Vela,0,0,LIV(A) 2-0,Arsenal,283,Carlos Alberto,0,0,0,3,0,0,0,02 Sep 13:30,0,0,55,0,Forward,0,0
0,-23,Vela,0,0,SOU(H) 6-1,Arsenal,284,Carlos Alberto,0,0,0,4,0,0,0,15 Sep 15:00,0,0,55,0,Forward,0,0
0,-5,Vela,0,0,MCI(A) 1-1,Arsenal,285,Carlos Alberto,0,0,0,5,0,0,0,23 Sep 16:00,0,0,55,0,Forward,0,0
0,-4,Vela,0,0,CHE(H) 1-2,Arsenal,286,Carlos Alberto,0,0,0,6,0,0,0,29 Sep 12:45,0,0,55,0,Forward,0,0
0,-4,Vela,0,0,WHU(A) 3-1,Arsenal,287,Carlos Alberto,0,0,0,7,0,0,0,06 Oct 17:30,0,0,55,0,Forward,0,0
0,-3,Vela,0,0,NOR(A) 0-1,Arsenal,288,Carlos Alberto,0,0,0,8,0,0,0,20 Oct 17:30,0,0,55,0,Forward,0,0
0,-2,Vela,0,0,QPR(H) 1-0,Arsenal,289,Carlos Alberto,0,0,0,9,0,0,0,27 Oct 15:00,0,0,55,0,Forward,0,0
0,-3,Vela,0,0,MUN(A) 1-2,Arsenal,2810,Carlos Alberto,0,0,0,10,0,0,0,03 Nov 12:45,0,0,55,0,Forward,0,0
0,1,Vela,0,0,NEW(H) 7-3,Arsenal,2820,Carlos Alberto,0,0,0,20,0,0,0,29 Dec 17:30,0,0,55,0,Forward,0,0
0,-2,Vela,0,0,SWA(A) 2-0,Arsenal,2830,Carlos Alberto,0,0,0,30,0,0,0,16 Mar 15:00,0,0,55,0,Forward,0,0
0,0,Park,0,0,SUN(H) 0-0,Arsenal,291,Chu-Young,0,0,0,1,0,0,0,18 Aug 15:00,0,0,50,0,Forward,0,0
0,-534,Park,0,0,STK(A) 0-0,Arsenal,292,Chu-Young,0,0,0,2,0,0,0,26 Aug 13:30,0,0,50,0,Forward,0,0
0,-828,Park,0,0,LIV(A) 2-0,Arsenal,293,Chu-Young,0,0,0,3,0,0,0,02 Sep 13:30,0,0,49,0,Forward,0,0
0,-1209,Park,0,0,SOU(H) 6-1,Arsenal,294,Chu-Young,0,0,0,4,0,0,0,15 Sep 15:00,0,0,49,0,Forward,0,0
0,-324,Park,0,0,MCI(A) 1-1,Arsenal,295,Chu-Young,0,0,0,5,0,0,0,23 Sep 16:00,0,0,49,0,Forward,0,0
0,-228,Park,0,0,CHE(H) 1-2,Arsenal,296,Chu-Young,0,0,0,6,0,0,0,29 Sep 12:45,0,0,49,0,Forward,0,0
0,-131,Park,0,0,WHU(A) 3-1,Arsenal,297,Chu-Young,0,0,0,7,0,0,0,06 Oct 17:30,0,0,49,0,Forward,0,0
0,-130,Park,0,0,NOR(A) 0-1,Arsenal,298,Chu-Young,0,0,0,8,0,0,0,20 Oct 17:30,0,0,49,0,Forward,0,0
0,-49,Park,0,0,QPR(H) 1-0,Arsenal,299,Chu-Young,0,0,0,9,0,0,0,27 Oct 15:00,0,0,49,0,Forward,0,0
0,-66,Park,0,0,MUN(A) 1-2,Arsenal,2910,Chu-Young,0,0,0,10,0,0,0,03 Nov 12:45,0,0,49,0,Forward,0,0
0,-10,Park,0,0,NEW(H) 7-3,Arsenal,2920,Chu-Young,0,0,0,20,0,0,0,29 Dec 17:30,0,0,49,0,Forward,0,0
0,-3,Park,0,0,SWA(A) 2-0,Arsenal,2930,Chu-Young,0,0,0,30,0,0,0,16 Mar 15:00,0,0,49,0,Forward,0,0
1,0,Clark,1,0,WHU(A) 0-1,Aston Villa,371,Ciaran,0,90,2,1,0,0,0,18 Aug 15:00,0,0,45,1,Defender,0,0
0,-623,Clark,3,0,EVE(H) 1-3,Aston Villa,372,Ciaran,0,57,2,2,0,0,0,25 Aug 15:00,0,0,45,-3,Defender,1,0
0,-4651,Clark,1,0,NEW(A) 1-1,Aston Villa,373,Ciaran,0,90,24,3,3,0,0,02 Sep 16:00,0,0,44,11,Defender,0,1
1,9079,Clark,0,0,SWA(H) 2-0,Aston Villa,374,Ciaran,0,90,23,4,2,1,0,15 Sep 15:00,0,0,44,7,Defender,0,0
0,11399,Clark,4,0,SOU(A) 1-4,Aston Villa,375,Ciaran,1,90,6,5,0,0,0,22 Sep 15:00,0,0,44,-2,Defender,0,0
0,3911,Clark,1,0,WBA(H) 1-1,Aston Villa,376,Ciaran,0,90,17,6,1,0,1,30 Sep 16:00,0,0,44,6,Defender,0,0
0,8563,Clark,2,0,TOT(A) 0-2,Aston Villa,377,Ciaran,0,90,13,7,0,0,0,07 Oct 15:00,0,0,44,1,Defender,0,0
0,3095,Clark,0,0,FUL(A) 0-1,Aston Villa,378,Ciaran,0,0,0,8,0,0,0,20 Oct 15:00,0,0,44,0,Defender,0,0
0,-4850,Clark,0,0,NOR(H) 1-1,Aston Villa,379,Ciaran,0,0,0,9,0,0,0,27 Oct 12:45,0,0,44,0,Defender,0,0
1,-5642,Clark,0,0,SUN(A) 1-0,Aston Villa,3710,Ciaran,0,90,17,10,0,1,0,03 Nov 15:00,0,0,44,5,Defender,0,0
0,61,Clark,3,0,WIG(H) 0-3,Aston Villa,3720,Ciaran,0,90,2,20,0,0,0,29 Dec 15:00,0,0,44,1,Defender,0,0
0,167,Clark,2,0,QPR(H) 3-2,Aston Villa,3730,Ciaran,0,90,21,30,0,0,0,16 Mar 15:00,0,0,44,1,Defender,0,0
0,0,Herd,0,0,WHU(A) 0-1,Aston Villa,461,Chris,0,0,0,1,0,0,0,18 Aug 15:00,0,0,45,0,Midfielder,0,0
0,-757,Herd,3,0,EVE(H) 1-3,Aston Villa,462,Chris,0,58,2,2,0,0,0,25 Aug 15:00,0,0,45,1,Midfielder,0,0
0,-492,Herd,0,0,NEW(A) 1-1,Aston Villa,463,Chris,0,0,0,3,0,0,0,02 Sep 16:00,0,0,44,0,Midfielder,0,0
0,-394,Herd,0,0,SWA(H) 2-0,Aston Villa,464,Chris,0,0,0,4,0,0,0,15 Sep 15:00,0,0,44,0,Midfielder,0,0
0,-373,Herd,0,0,SOU(A) 1-4,Aston Villa,465,Chris,0,0,0,5,0,0,0,22 Sep 15:00,0,0,44,0,Midfielder,0,0
0,-305,Herd,0,0,WBA(H) 1-1,Aston Villa,466,Chris,0,0,0,6,0,0,0,30 Sep 16:00,0,0,44,0,Midfielder,0,0
0,-102,Herd,0,0,TOT(A) 0-2,Aston Villa,467,Chris,0,0,0,7,0,0,0,07 Oct 15:00,0,0,43,0,Midfielder,0,0
0,-65,Herd,0,0,FUL(A) 0-1,Aston Villa,468,Chris,0,0,0,8,0,0,0,20 Oct 15:00,0,0,43,0,Midfielder,0,0
1,-95,Herd,1,0,NOR(H) 1-1,Aston Villa,469,Chris,0,90,5,9,0,0,0,27 Oct 12:45,0,0,43,1,Midfielder,0,0
0,-43,Herd,0,0,SUN(A) 1-0,Aston Villa,4610,Chris,0,0,0,10,0,0,0,03 Nov 15:00,0,0,43,0,Midfielder,0,0
0,9,Herd,3,0,WIG(H) 0-3,Aston Villa,4620,Chris,0,90,4,20,0,0,0,29 Dec 15:00,0,0,43,2,Midfielder,0,0
0,-12,Herd,0,0,QPR(H) 3-2,Aston Villa,4630,Chris,0,0,0,30,0,0,0,16 Mar 15:00,0,0,43,0,Midfielder,0,0
0,0,N'Zogbia,1,0,WHU(A) 0-1,Aston Villa,511,Charles,0,73,0,1,0,0,0,18 Aug 15:00,0,0,65,2,Midfielder,0,0
0,-4340,N'Zogbia,3,0,EVE(H) 1-3,Aston Villa,512,Charles,0,90,4,2,0,0,0,25 Aug 15:00,0,0,65,2,Midfielder,0,0
0,-6865,N'Zogbia,0,0,NEW(A) 1-1,Aston Villa,513,Charles,0,18,2,3,0,0,0,02 Sep 16:00,0,0,63,1,Midfielder,0,0
0,-4618,N'Zogbia,0,0,SWA(H) 2-0,Aston Villa,514,Charles,0,12,2,4,0,0,0,15 Sep 15:00,0,0,62,1,Midfielder,0,0
0,-2516,N'Zogbia,0,0,SOU(A) 1-4,Aston Villa,515,Charles,0,0,0,5,0,0,0,22 Sep 15:00,0,0,61,0,Midfielder,0,0
0,-1897,N'Zogbia,0,0,WBA(H) 1-1,Aston Villa,516,Charles,0,25,-5,6,0,0,0,30 Sep 16:00,0,0,61,1,Midfielder,0,0
0,-1369,N'Zogbia,1,0,TOT(A) 0-2,Aston Villa,517,Charles,0,25,1,7,0,0,0,07 Oct 15:00,0,0,60,1,Midfielder,0,0
0,-968,N'Zogbia,1,0,FUL(A) 0-1,Aston Villa,518,Charles,0,25,1,8,0,0,0,20 Oct 15:00,0,0,59,1,Midfielder,0,0
0,-464,N'Zogbia,0,0,NOR(H) 1-1,Aston Villa,519,Charles,0,0,0,9,0,0,0,27 Oct 12:45,0,0,59,0,Midfielder,0,0
0,-891,N'Zogbia,0,0,SUN(A) 1-0,Aston Villa,5110,Charles,0,0,0,10,0,0,0,03 Nov 15:00,0,0,59,0,Midfielder,0,0
0,-78,N'Zogbia,0,0,WIG(H) 0-3,Aston Villa,5120,Charles,0,0,0,20,0,0,0,29 Dec 15:00,0,0,58,0,Midfielder,0,0
0,-2315,N'Zogbia,1,0,QPR(H) 3-2,Aston Villa,5130,Charles,0,33,9,30,0,0,0,16 Mar 15:00,0,0,58,1,Midfielder,0,0
0,0,McAleny,0,0,MUN(H) 1-0,Everton,1141,Conor,0,0,0,1,0,0,0,20 Aug 20:00,0,0,45,0,Forward,0,0
0,36,McAleny,0,0,AVL(A) 3-1,Everton,1142,Conor,0,0,0,2,0,0,0,25 Aug 15:00,0,0,45,0,Forward,0,0
0,-43,McAleny,0,0,WBA(A) 0-2,Everton,1143,Conor,0,0,0,3,0,0,0,01 Sep 15:00,0,0,45,0,Forward,0,0
0,-41,McAleny,0,0,NEW(H) 2-2,Everton,1144,Conor,0,0,0,4,0,0,0,17 Sep 20:00,0,0,45,0,Forward,0,0
0,-50,McAleny,0,0,SWA(A) 3-0,Everton,1145,Conor,0,0,0,5,0,0,0,22 Sep 12:45,0,0,45,0,Forward,0,0
0,-69,McAleny,0,0,SOU(H) 3-1,Everton,1146,Conor,0,0,0,6,0,0,0,29 Sep 15:00,0,0,45,0,Forward,0,0
0,-42,McAleny,0,0,WIG(A) 2-2,Everton,1147,Conor,0,0,0,7,0,0,0,06 Oct 15:00,0,0,44,0,Forward,0,0
0,29,McAleny,0,0,QPR(A) 1-1,Everton,1148,Conor,0,0,0,8,0,0,0,21 Oct 16:00,0,0,44,0,Forward,0,0
0,31,McAleny,0,0,LIV(H) 2-2,Everton,1149,Conor,0,0,0,9,0,0,0,28 Oct 13:30,0,0,44,0,Forward,0,0
0,-6,McAleny,0,0,FUL(A) 2-2,Everton,11410,Conor,0,0,0,10,0,0,0,03 Nov 15:00,0,0,44,0,Forward,0,0
0,-4,McAleny,0,0,SUN(H) 2-1,Everton,11411,Conor,0,0,0,11,0,0,0,10 Nov 15:00,0,0,44,0,Forward,0,0
0,-9,McAleny,0,0,RDG(A) 1-2,Everton,11412,Conor,0,0,0,12,0,0,0,17 Nov 15:00,0,0,44,0,Forward,0,0
0,-31,McAleny,0,0,NOR(H) 1-1,Everton,11413,Conor,0,0,0,13,0,0,0,24 Nov 15:00,0,0,44,0,Forward,0,0
0,-2,McAleny,0,0,ARS(H) 1-1,Everton,11414,Conor,0,0,0,14,0,0,0,28 Nov 19:45,0,0,44,0,Forward,0,0
0,-7,McAleny,0,0,MCI(A) 1-1,Everton,11415,Conor,0,0,0,15,0,0,0,01 Dec 15:00,0,0,44,0,Forward,0,0
0,-15,McAleny,0,0,TOT(H) 2-1,Everton,11416,Conor,0,0,0,16,0,0,0,09 Dec 15:00,0,0,44,0,Forward,0,0
0,-15,McAleny,0,0,STK(A) 1-1,Everton,11417,Conor,0,0,0,17,0,0,0,15 Dec 15:00,0,0,44,0,Forward,0,0
0,-13,McAleny,0,0,WHU(A) 2-1,Everton,11418,Conor,0,0,0,18,0,0,0,22 Dec 15:00,0,0,44,0,Forward,0,0
0,-9,McAleny,0,0,WIG(H) 2-1,Everton,11419,Conor,0,0,0,19,0,0,0,26 Dec 15:00,0,0,44,0,Forward,0,0
0,-8,McAleny,0,0,CHE(H) 1-2,Everton,11420,Conor,0,0,0,20,0,0,0,30 Dec 13:30,0,0,44,0,Forward,0,0
0,-17,McAleny,0,0,NEW(A) 2-1,Everton,11421,Conor,0,0,0,21,0,0,0,02 Jan 20:00,0,0,44,0,Forward,0,0
0,-39,McAleny,0,0,SWA(H) 0-0,Everton,11422,Conor,0,0,0,22,0,0,0,12 Jan 15:00,0,0,44,0,Forward,0,0
0,-10,McAleny,0,0,SOU(A) 0-0,Everton,11423,Conor,0,0,0,23,0,0,0,21 Jan 20:00,0,0,44,0,Forward,0,0
0,-14,McAleny,0,0,WBA(H) 2-1,Everton,11424,Conor,0,0,0,24,0,0,0,30 Jan 19:45,0,0,44,0,Forward,0,0
0,0,McAleny,0,0,AVL(H) 3-3,Everton,11425,Conor,0,0,0,25,0,0,0,02 Feb 15:00,0,0,43,0,Forward,0,0
0,20,McAleny,0,0,MUN(A) 0-2,Everton,11426,Conor,0,0,0,26,0,0,0,10 Feb 16:00,0,0,43,0,Forward,0,0
0,157,McAleny,0,0,NOR(A) 1-2,Everton,11427,Conor,0,0,0,27,0,0,0,23 Feb 15:00,0,0,43,0,Forward,0,0
0,317,McAleny,0,0,RDG(H) 3-1,Everton,11428,Conor,0,0,0,28,0,0,0,02 Mar 15:00,0,0,43,0,Forward,0,0
0,39,McAleny,0,0,MCI(H) 2-0,Everton,11430,Conor,0,0,0,30,0,0,0,16 Mar 12:45,0,0,43,0,Forward,0,0
0,28,McAleny,0,0,STK(H) 1-0,Everton,11431,Conor,0,0,0,31,0,0,0,30 Mar 17:30,0,0,43,0,Forward,0,0
0,-26,McAleny,0,0,TOT(A) 2-2,Everton,11432,Conor,0,0,0,32,0,0,0,07 Apr 14:05,0,0,43,0,Forward,0,0
0,-49,McAleny,0,0,ARS(A) 0-0,Everton,11433,Conor,0,0,0,33,0,0,0,16 Apr 19:45,0,0,43,0,Forward,0,0
0,-12,McAleny,0,0,SUN(A) 0-1,Everton,11434,Conor,0,0,0,34,0,0,0,20 Apr 15:00,0,0,43,0,Forward,0,0
0,58,McAleny,0,0,FUL(H) 1-0,Everton,11435,Conor,0,0,0,35,0,0,0,27 Apr 15:00,0,0,43,0,Forward,0,0
0,27,McAleny,0,0,LIV(A) 0-0,Everton,11436,Conor,0,0,0,36,0,0,0,05 May 13:30,0,0,43,0,Forward,0,0
0,12,McAleny,0,0,WHU(H) 2-0,Everton,11437,Conor,0,0,0,37,0,0,0,12 May 15:00,0,0,43,0,Forward,0,0
0,43,McAleny,0,0,CHE(A) 1-2,Everton,11438,Conor,0,0,0,38,0,0,0,19 May 16:00,0,0,43,0,Forward,0,0
0,0,Baird,0,0,NOR(H) 5-0,Fulham,1251,Chris,0,0,0,1,0,0,0,18 Aug 15:00,0,0,45,0,Defender,0,0
0,-469,Baird,0,0,MUN(A) 2-3,Fulham,1252,Chris,0,10,0,2,0,0,0,25 Aug 15:00,0,0,45,1,Defender,0,0
0,-408,Baird,0,0,WHU(A) 0-3,Fulham,1253,Chris,0,0,0,3,0,0,0,01 Sep 12:45,0,0,45,0,Defender,0,0
0,-415,Baird,0,0,WBA(H) 3-0,Fulham,1254,Chris,0,90,20,4,0,1,0,15 Sep 15:00,0,0,44,6,Defender,0,0
1,129,Baird,1,0,WIG(A) 2-1,Fulham,1255,Chris,0,90,14,5,0,0,0,22 Sep 15:00,0,0,44,1,Defender,0,0
0,53,Baird,1,0,MCI(H) 1-2,Fulham,1256,Chris,0,80,6,6,0,0,0,29 Sep 15:00,0,0,44,2,Defender,0,0
0,586,Baird,2,0,SOU(A) 2-2,Fulham,1257,Chris,0,90,8,7,0,0,0,07 Oct 13:30,0,0,44,1,Defender,0,0
0,470,Baird,0,0,AVL(H) 1-0,Fulham,1258,Chris,0,90,34,8,3,1,0,20 Oct 15:00,0,0,44,15,Defender,0,1
1,18540,Baird,1,0,RDG(A) 3-3,Fulham,1259,Chris,0,79,14,9,0,0,0,27 Oct 15:00,0,0,44,7,Defender,0,1
1,80528,Baird,2,0,EVE(H) 2-2,Fulham,12510,Chris,0,90,10,10,0,0,0,03 Nov 15:00,0,0,46,0,Defender,0,0
1,23541,Baird,3,0,ARS(A) 3-3,Fulham,12511,Chris,0,90,7,11,0,0,0,10 Nov 15:00,0,0,46,0,Defender,0,0
0,-26511,Baird,0,0,SUN(H) 1-3,Fulham,12512,Chris,0,0,0,12,0,0,0,18 Nov 16:00,0,0,46,0,Defender,0,0
0,-5658,Baird,1,0,STK(A) 0-1,Fulham,12513,Chris,0,90,8,13,0,0,0,24 Nov 15:00,0,0,46,2,Defender,0,0
0,-4362,Baird,0,0,CHE(A) 0-0,Fulham,12514,Chris,0,27,11,14,0,0,0,28 Nov 19:45,0,0,46,1,Defender,0,0
0,-6085,Baird,0,0,TOT(H) 0-3,Fulham,12515,Chris,0,0,0,15,0,0,0,01 Dec 15:00,0,0,46,0,Defender,0,0
0,-8798,Baird,1,0,NEW(H) 2-1,Fulham,12516,Chris,0,90,10,16,0,0,0,10 Dec 20:00,0,0,45,2,Defender,0,0
0,-3993,Baird,2,0,QPR(A) 1-2,Fulham,12517,Chris,0,90,5,17,0,0,0,15 Dec 15:00,0,0,44,1,Defender,0,0
0,-2949,Baird,4,0,LIV(A) 0-4,Fulham,12518,Chris,0,90,5,18,0,0,0,22 Dec 17:30,0,0,44,0,Defender,0,0
0,166,Baird,1,0,SOU(H) 1-1,Fulham,12519,Chris,0,90,8,19,0,0,0,26 Dec 15:00,0,0,43,2,Defender,0,0
0,-323,Baird,0,0,SWA(H) 1-2,Fulham,12520,Chris,0,0,0,20,0,0,0,29 Dec 15:00,0,0,43,0,Defender,0,0
0,-3147,Baird,0,0,WBA(A) 2-1,Fulham,12521,Chris,0,0,0,21,0,0,0,01 Jan 12:45,0,0,43,0,Defender,0,0
0,-13615,Baird,0,0,WIG(H) 1-1,Fulham,12522,Chris,0,9,4,22,0,0,0,12 Jan 15:00,0,0,42,1,Defender,0,0
0,-7199,Baird,0,0,MCI(A) 0-2,Fulham,12523,Chris,0,0,0,23,0,0,0,19 Jan 15:00,0,0,42,0,Defender,0,0
0,-5364,Baird,0,0,WHU(H) 3-1,Fulham,12524,Chris,0,25,4,24,0,0,0,30 Jan 20:00,0,0,41,1,Defender,0,0
1,-3022,Baird,1,0,MUN(H) 0-1,Fulham,12525,Chris,0,90,-2,25,0,0,0,02 Feb 17:30,0,0,41,1,Defender,0,0
0,335,Baird,0,0,NOR(A) 0-0,Fulham,12526,Chris,0,0,0,26,0,0,0,09 Feb 15:00,0,0,41,0,Defender,0,0
0,-810,Baird,0,0,STK(H) 1-0,Fulham,12527,Chris,0,10,2,27,0,0,0,23 Feb 12:45,0,0,41,1,Defender,0,0
0,-548,Baird,0,0,SUN(A) 2-2,Fulham,12528,Chris,0,0,0,28,0,0,0,02 Mar 15:00,0,0,41,0,Defender,0,0
0,-536,Baird,0,0,TOT(A) 1-0,Fulham,12530,Chris,0,0,0,30,0,0,0,17 Mar 15:00,0,0,40,0,Defender,0,0
0,-566,Baird,0,0,QPR(H) 3-2,Fulham,12531,Chris,0,0,0,31,0,0,0,01 Apr 20:00,0,0,40,0,Defender,0,0
0,-424,Baird,0,0,NEW(A) 0-1,Fulham,12532,Chris,0,0,0,32,0,0,0,07 Apr 15:00,0,0,39,0,Defender,0,0
0,272,Baird,0,0,CHE(H) 0-3,Fulham,12533,Chris,0,0,0,33,0,0,0,17 Apr 20:00,0,0,39,0,Defender,0,0
0,-400,Baird,0,0,ARS(H) 0-1,Fulham,12534,Chris,0,0,0,34,0,0,0,20 Apr 15:00,0,0,39,0,Defender,0,0
0,-443,Baird,0,0,EVE(A) 0-1,Fulham,12535,Chris,0,0,0,35,0,0,0,27 Apr 15:00,0,0,39,0,Defender,0,0
0,-343,Baird,0,0,RDG(H) 2-4,Fulham,12536,Chris,0,0,0,36,0,0,0,04 May 15:00,0,0,39,0,Defender,0,0
0,-92,Baird,0,0,LIV(H) 1-3,Fulham,12537,Chris,0,0,0,37,0,0,0,12 May 15:00,0,0,39,0,Defender,0,0
0,-117,Baird,0,0,SWA(A) 3-0,Fulham,12538,Chris,0,0,0,38,0,0,0,19 May 16:00,0,0,39,0,Defender,0,0
0,0,Dempsey,0,0,NOR(H) 5-0,Tottenham,1321,Clint,0,0,0,1,0,0,0,18 Aug 15:00,0,0,95,0,Midfielder,0,0
0,-53952,Dempsey,0,0,MUN(A) 2-3,Tottenham,1322,Clint,0,0,0,2,0,0,0,25 Aug 15:00,0,0,94,0,Midfielder,0,0
0,-22731,Dempsey,0,0,NOR(H) 1-1,Tottenham,1323,Clint,0,0,0,3,0,0,0,01 Sep 15:00,0,0,93,0,Midfielder,0,0
0,-2936,Dempsey,1,0,RDG(A) 3-1,Tottenham,1324,Clint,0,13,3,4,0,0,0,16 Sep 16:00,0,0,93,1,Midfielder,0,0
0,-2872,Dempsey,1,0,QPR(H) 2-1,Tottenham,1325,Clint,0,87,15,5,0,0,0,23 Sep 16:00,0,0,93,2,Midfielder,0,0
0,-3592,Dempsey,2,0,MUN(A) 3-2,Tottenham,1326,Clint,0,68,24,6,0,0,0,29 Sep 17:30,0,0,92,7,Midfielder,0,1
0,825,Dempsey,0,0,AVL(H) 2-0,Tottenham,1327,Clint,0,81,17,7,0,1,1,07 Oct 15:00,0,0,92,6,Midfielder,0,0
0,-610,Dempsey,3,0,CHE(H) 2-4,Tottenham,1328,Clint,0,73,-6,8,0,0,0,20 Oct 12:45,0,0,92,2,Midfielder,0,0
0,-1001,Dempsey,1,0,SOU(A) 2-1,Tottenham,1329,Clint,0,90,33,9,2,0,0,28 Oct 15:00,0,0,92,9,Midfielder,0,1
1,5466,Dempsey,1,0,WIG(H) 0-1,Tottenham,13210,Clint,0,90,2,10,0,0,0,03 Nov 15:00,0,0,92,1,Midfielder,0,0
0,-4711,Dempsey,2,0,MCI(A) 1-2,Tottenham,13211,Clint,0,90,4,11,0,0,0,11 Nov 13:30,0,0,92,2,Midfielder,0,0
0,-3052,Dempsey,2,0,ARS(A) 2-5,Tottenham,13212,Clint,0,45,2,12,0,0,0,17 Nov 12:45,0,0,92,1,Midfielder,0,0
0,-2848,Dempsey,1,0,WHU(H) 3-1,Tottenham,13213,Clint,0,90,19,13,0,0,1,25 Nov 16:00,0,0,91,5,Midfielder,0,0
0,-625,Dempsey,0,0,LIV(H) 2-1,Tottenham,13214,Clint,0,62,12,14,0,1,1,28 Nov 19:45,0,0,91,6,Midfielder,0,0
0,-249,Dempsey,0,0,FUL(A) 3-0,Tottenham,13215,Clint,0,90,14,15,0,1,1,01 Dec 15:00,0,0,91,6,Midfielder,0,0
0,3474,Dempsey,2,0,EVE(A) 1-2,Tottenham,13216,Clint,0,90,28,16,2,0,0,09 Dec 15:00,0,0,91,9,Midfielder,0,1
0,12301,Dempsey,0,0,SWA(H) 1-0,Tottenham,13217,Clint,0,69,16,17,0,1,0,16 Dec 13:30,0,0,91,3,Midfielder,0,0
0,-3967,Dempsey,0,0,STK(H) 0-0,Tottenham,13218,Clint,0,0,0,18,0,0,0,22 Dec 15:00,0,0,91,0,Midfielder,0,0
0,-10649,Dempsey,0,0,AVL(A) 4-0,Tottenham,13219,Clint,0,0,0,19,0,0,0,26 Dec 17:30,0,0,91,0,Midfielder,0,0
0,-4691,Dempsey,0,0,SUN(A) 2-1,Tottenham,13220,Clint,0,16,4,20,0,0,0,29 Dec 12:45,0,0,90,1,Midfielder,0,0
0,-27,Dempsey,0,0,RDG(H) 3-1,Tottenham,13221,Clint,0,16,16,21,0,0,0,01 Jan 15:00,0,0,90,6,Midfielder,0,1
0,-897,Dempsey,0,0,QPR(A) 0-0,Tottenham,13222,Clint,0,22,2,22,0,0,0,12 Jan 12:45,0,0,90,1,Midfielder,0,0
0,-1639,Dempsey,1,0,MUN(H) 1-1,Tottenham,13223,Clint,0,90,20,23,1,0,0,20 Jan 16:00,0,0,90,8,Midfielder,0,1
0,2965,Dempsey,1,0,NOR(A) 1-1,Tottenham,13224,Clint,0,70,6,24,0,0,0,30 Jan 19:45,0,0,90,2,Midfielder,0,0
0,-650,Dempsey,0,0,WBA(A) 1-0,Tottenham,13225,Clint,0,90,9,25,0,1,0,03 Feb 13:30,0,0,90,3,Midfielder,0,0
0,-1282,Dempsey,1,0,NEW(H) 2-1,Tottenham,13226,Clint,0,90,12,26,0,0,1,09 Feb 12:45,0,0,90,5,Midfielder,0,0
0,-203,Dempsey,0,0,WHU(A) 3-2,Tottenham,13227,Clint,0,0,0,27,0,0,0,25 Feb 20:00,0,0,90,0,Midfielder,0,0
0,-2236,Dempsey,0,0,ARS(H) 2-1,Tottenham,13228,Clint,0,0,0,28,0,0,0,03 Mar 16:00,0,0,90,0,Midfielder,0,0
0,-932,Dempsey,0,0,LIV(A) 2-3,Tottenham,13229,Clint,0,0,0,29,0,0,0,10 Mar 16:00,0,0,89,0,Midfielder,0,0
1,-460,Dempsey,1,0,FUL(H) 0-1,Tottenham,13230,Clint,0,45,-3,30,0,0,0,17 Mar 15:00,0,0,89,0,Midfielder,0,0
0,-114,Dempsey,0,0,SWA(A) 2-1,Tottenham,13231,Clint,0,0,0,31,0,0,0,30 Mar 15:00,0,0,89,0,Midfielder,0,0
1,353,Dempsey,2,0,EVE(H) 2-2,Tottenham,13232,Clint,0,90,-6,32,0,0,0,07 Apr 14:05,0,0,89,1,Midfielder,0,0
0,236,Dempsey,1,0,MCI(H) 3-1,Tottenham,13234,Clint,0,90,31,34,3,0,0,21 Apr 13:30,0,0,89,10,Midfielder,0,1
0,2548,Dempsey,2,0,WIG(A) 2-2,Tottenham,13235,Clint,0,90,-3,35,0,0,0,27 Apr 15:00,0,0,89,2,Midfielder,0,0
0,2962,Dempsey,0,0,CHE(A) 2-2,Tottenham,13236,Clint,0,21,2,36,0,0,0,08 May 19:45,0,0,89,1,Midfielder,0,0
0,-880,Dempsey,1,0,STK(A) 2-1,Tottenham,13237,Clint,0,83,36,37,3,0,1,12 May 13:30,0,0,89,13,Midfielder,0,1
0,6075,Dempsey,0,0,SUN(H) 1-0,Tottenham,13238,Clint,0,72,12,38,0,1,0,19 May 16:00,0,0,89,3,Midfielder,0,0
0,0,Adam,0,0,WBA(A) 0-3,Stoke City,1631,Charlie,0,0,0,1,0,0,0,18 Aug 15:00,0,0,70,0,Midfielder,0,0
0,-8043,Adam,0,0,MCI(H) 2-2,Stoke City,1632,Charlie,0,0,0,2,0,0,0,26 Aug 16:00,0,0,69,0,Midfielder,0,0
0,-3273,Adam,1,0,WIG(A) 2-2,Stoke City,1633,Charlie,0,55,10,3,0,0,0,01 Sep 15:00,0,0,68,1,Midfielder,0,0
0,-985,Adam,1,0,MCI(H) 1-1,Stoke City,1634,Charlie,0,83,3,4,0,0,0,15 Sep 15:00,0,0,68,2,Midfielder,0,0
1,-1306,Adam,0,0,CHE(A) 0-1,Stoke City,1635,Charlie,0,63,-7,5,0,1,0,22 Sep 15:00,0,0,68,2,Midfielder,0,0
0,-1140,Adam,0,0,SWA(H) 2-0,Stoke City,1636,Charlie,0,67,18,6,1,1,0,29 Sep 15:00,0,0,67,4,Midfielder,0,0
1,-1417,Adam,0,0,LIV(A) 0-0,Stoke City,1637,Charlie,0,79,11,7,0,1,0,07 Oct 15:00,0,0,67,2,Midfielder,0,0
0,-1218,Adam,4,0,MUN(A) 2-4,Stoke City,1638,Charlie,0,90,14,8,0,0,1,20 Oct 15:00,0,0,67,5,Midfielder,0,0
0,1250,Adam,0,0,SUN(H) 0-0,Stoke City,1639,Charlie,0,78,7,9,0,1,0,27 Oct 15:00,0,0,66,3,Midfielder,0,0
1,-136,Adam,1,0,NOR(A) 0-1,Stoke City,16310,Charlie,0,90,6,10,0,0,0,03 Nov 15:00,0,0,66,1,Midfielder,0,0
0,-554,Adam,0,0,QPR(H) 1-0,Stoke City,16311,Charlie,0,76,26,11,2,1,0,10 Nov 15:00,0,0,66,10,Midfielder,0,1
0,-431,Adam,1,0,WHU(A) 1-1,Stoke City,16312,Charlie,0,90,-3,12,0,0,0,19 Nov 20:00,0,0,66,2,Midfielder,0,0
0,-24,Adam,0,0,FUL(H) 1-0,Stoke City,16313,Charlie,0,81,19,13,0,1,0,24 Nov 15:00,0,0,66,8,Midfielder,0,1
1,4716,Adam,1,0,NEW(H) 2-1,Stoke City,16314,Charlie,0,66,9,14,0,0,0,28 Nov 19:45,0,0,66,1,Midfielder,0,0
1,-258,Adam,0,0,WBA(A) 1-0,Stoke City,16315,Charlie,0,64,5,15,0,1,0,01 Dec 15:00,0,0,66,2,Midfielder,0,0
0,-4629,Adam,0,0,AVL(A) 0-0,Stoke City,16316,Charlie,0,0,0,16,0,0,0,08 Dec 15:00,0,0,66,0,Midfielder,0,0
0,-660,Adam,1,0,EVE(H) 1-1,Stoke City,16317,Charlie,0,72,13,17,1,0,0,15 Dec 15:00,0,0,66,3,Midfielder,0,0
0,-1006,Adam,0,0,TOT(A) 0-0,Stoke City,16318,Charlie,0,0,0,18,0,0,0,22 Dec 15:00,0,0,66,0,Midfielder,0,0
0,-1149,Adam,0,0,LIV(H) 3-1,Stoke City,16319,Charlie,0,0,0,19,0,0,0,26 Dec 19:45,0,0,66,0,Midfielder,0,0
0,-416,Adam,0,0,SOU(H) 3-3,Stoke City,16320,Charlie,0,0,0,20,0,0,0,29 Dec 15:00,0,0,66,0,Midfielder,0,0
0,-638,Adam,2,0,MCI(A) 0-3,Stoke City,16321,Charlie,0,67,3,21,0,0,0,01 Jan 15:00,0,0,66,2,Midfielder,0,0
0,-912,Adam,4,0,CHE(H) 0-4,Stoke City,16322,Charlie,0,78,-2,22,0,0,0,12 Jan 15:00,0,0,66,2,Midfielder,0,0
0,-391,Adam,2,0,SWA(A) 1-3,Stoke City,16323,Charlie,0,62,3,23,0,0,0,19 Jan 15:00,0,0,65,2,Midfielder,0,0
0,-252,Adam,2,0,WIG(H) 2-2,Stoke City,16324,Charlie,0,65,10,24,0,0,2,29 Jan 19:45,0,0,65,8,Midfielder,0,0
0,-33,Adam,0,0,ARS(A) 0-1,Stoke City,16325,Charlie,0,0,0,25,0,0,0,02 Feb 15:00,0,0,65,0,Midfielder,0,0
0,-178,Adam,0,0,RDG(H) 2-1,Stoke City,16326,Charlie,0,0,0,26,0,0,0,09 Feb 15:00,0,0,65,0,Midfielder,0,0
0,-240,Adam,0,0,FUL(A) 0-1,Stoke City,16327,Charlie,0,0,0,27,0,0,0,23 Feb 12:45,0,0,65,0,Midfielder,0,0
0,-154,Adam,0,0,WHU(H) 0-1,Stoke City,16328,Charlie,0,14,-1,28,0,0,0,02 Mar 15:00,0,0,65,1,Midfielder,0,0
0,-63,Adam,0,0,NEW(A) 1-2,Stoke City,16329,Charlie,0,0,0,29,0,0,0,10 Mar 15:00,0,0,65,0,Midfielder,0,0
0,-118,Adam,0,0,WBA(H) 0-0,Stoke City,16330,Charlie,0,16,-13,30,0,0,0,16 Mar 15:00,0,0,65,1,Midfielder,0,0
0,-77,Adam,0,0,EVE(A) 0-1,Stoke City,16331,Charlie,0,12,5,31,0,0,0,30 Mar 17:30,0,0,65,1,Midfielder,0,0
1,-51,Adam,2,0,AVL(H) 1-3,Stoke City,16332,Charlie,0,14,6,32,0,0,1,06 Apr 15:00,0,0,65,3,Midfielder,0,0
0,-52,Adam,2,0,MUN(H) 0-2,Stoke City,16333,Charlie,0,90,14,33,0,0,0,14 Apr 14:05,0,0,65,2,Midfielder,0,0
1,3,Adam,0,0,QPR(A) 2-0,Stoke City,16334,Charlie,0,68,1,34,0,1,0,20 Apr 15:00,0,0,65,2,Midfielder,0,0
0,-78,Adam,0,0,NOR(H) 1-0,Stoke City,16335,Charlie,0,90,17,35,0,1,0,27 Apr 15:00,0,0,65,8,Midfielder,0,1
0,34,Adam,1,0,SUN(A) 1-1,Stoke City,16336,Charlie,0,82,15,36,1,0,1,06 May 20:00,0,0,65,6,Midfielder,0,0
0,139,Adam,2,0,TOT(H) 1-2,Stoke City,16337,Charlie,0,46,0,37,0,0,1,12 May 13:30,0,0,65,1,Midfielder,1,0
0,-212,Adam,0,0,SOU(A) 1-1,Stoke City,16338,Charlie,0,0,0,38,0,0,0,19 May 16:00,0,0,65,0,Midfielder,0,0
0,0,Bellamy,0,0,WBA(A) 0-3,Liverpool,1691,Craig,0,0,0,1,0,0,0,18 Aug 15:00,0,0,65,0,Forward,0,0
0,-1474,Bellamy,0,0,MCI(H) 2-2,Liverpool,1692,Craig,0,0,0,2,0,0,0,26 Aug 16:00,0,0,65,0,Forward,0,0
0,-700,Bellamy,0,0,ARS(H) 0-2,Liverpool,1693,Craig,0,0,0,3,0,0,0,02 Sep 13:30,0,0,65,0,Forward,0,0
0,-353,Bellamy,0,0,SUN(A) 1-1,Liverpool,1694,Craig,0,0,0,4,0,0,0,15 Sep 17:30,0,0,65,0,Forward,0,0
0,-95,Bellamy,0,0,MUN(H) 1-2,Liverpool,1695,Craig,0,0,0,5,0,0,0,23 Sep 13:30,0,0,65,0,Forward,0,0
0,-79,Bellamy,0,0,NOR(A) 5-2,Liverpool,1696,Craig,0,0,0,6,0,0,0,29 Sep 15:00,0,0,65,0,Forward,0,0
0,-43,Bellamy,0,0,STK(H) 0-0,Liverpool,1697,Craig,0,0,0,7,0,0,0,07 Oct 15:00,0,0,65,0,Forward,0,0
0,-31,Bellamy,0,0,RDG(H) 1-0,Liverpool,1698,Craig,0,0,0,8,0,0,0,20 Oct 15:00,0,0,65,0,Forward,0,0
0,-21,Bellamy,0,0,EVE(A) 2-2,Liverpool,1699,Craig,0,0,0,9,0,0,0,28 Oct 13:30,0,0,65,0,Forward,0,0
0,-15,Bellamy,0,0,NEW(H) 1-1,Liverpool,16910,Craig,0,0,0,10,0,0,0,04 Nov 16:00,0,0,65,0,Forward,0,0
0,-10,Bellamy,0,0,CHE(A) 1-1,Liverpool,16911,Craig,0,0,0,11,0,0,0,11 Nov 16:00,0,0,65,0,Forward,0,0
0,-13,Bellamy,0,0,WIG(H) 3-0,Liverpool,16912,Craig,0,0,0,12,0,0,0,17 Nov 15:00,0,0,65,0,Forward,0,0
0,-6,Bellamy,0,0,SWA(A) 0-0,Liverpool,16913,Craig,0,0,0,13,0,0,0,25 Nov 13:30,0,0,65,0,Forward,0,0
0,-5,Bellamy,0,0,TOT(A) 1-2,Liverpool,16914,Craig,0,0,0,14,0,0,0,28 Nov 19:45,0,0,65,0,Forward,0,0
0,-4,Bellamy,0,0,SOU(H) 1-0,Liverpool,16915,Craig,0,0,0,15,0,0,0,01 Dec 15:00,0,0,65,0,Forward,0,0
0,-12,Bellamy,0,0,WHU(A) 3-2,Liverpool,16916,Craig,0,0,0,16,0,0,0,09 Dec 16:00,0,0,65,0,Forward,0,0
0,-8,Bellamy,0,0,AVL(H) 1-3,Liverpool,16917,Craig,0,0,0,17,0,0,0,15 Dec 15:00,0,0,65,0,Forward,0,0
0,-9,Bellamy,0,0,FUL(H) 4-0,Liverpool,16918,Craig,0,0,0,18,0,0,0,22 Dec 17:30,0,0,65,0,Forward,0,0
0,-5,Bellamy,0,0,STK(A) 1-3,Liverpool,16919,Craig,0,0,0,19,0,0,0,26 Dec 19:45,0,0,65,0,Forward,0,0
0,-3,Bellamy,0,0,QPR(A) 3-0,Liverpool,16920,Craig,0,0,0,20,0,0,0,30 Dec 16:00,0,0,65,0,Forward,0,0
0,-6,Bellamy,0,0,SUN(H) 3-0,Liverpool,16921,Craig,0,0,0,21,0,0,0,02 Jan 19:45,0,0,65,0,Forward,0,0
0,-18,Bellamy,0,0,MUN(A) 1-2,Liverpool,16922,Craig,0,0,0,22,0,0,0,13 Jan 13:30,0,0,65,0,Forward,0,0
0,-6,Bellamy,0,0,NOR(H) 5-0,Liverpool,16923,Craig,0,0,0,23,0,0,0,19 Jan 15:00,0,0,65,0,Forward,0,0
0,-8,Bellamy,0,0,ARS(A) 2-2,Liverpool,16924,Craig,0,0,0,24,0,0,0,30 Jan 19:45,0,0,65,0,Forward,0,0
0,-2,Bellamy,0,0,MCI(A) 2-2,Liverpool,16925,Craig,0,0,0,25,0,0,0,03 Feb 16:00,0,0,65,0,Forward,0,0
0,-4,Bellamy,0,0,SWA(H) 5-0,Liverpool,16926,Craig,0,0,0,26,0,0,0,17 Feb 15:00,0,0,65,0,Forward,0,0
0,-3,Bellamy,0,0,WIG(A) 4-0,Liverpool,16928,Craig,0,0,0,28,0,0,0,02 Mar 17:30,0,0,65,0,Forward,0,0
0,-2,Bellamy,0,0,TOT(H) 3-2,Liverpool,16929,Craig,0,0,0,29,0,0,0,10 Mar 16:00,0,0,65,0,Forward,0,0
0,-3,Bellamy,0,0,SOU(A) 1-3,Liverpool,16930,Craig,0,0,0,30,0,0,0,16 Mar 15:00,0,0,65,0,Forward,0,0
0,-2,Bellamy,0,0,AVL(A) 2-1,Liverpool,16931,Craig,0,0,0,31,0,0,0,31 Mar 13:30,0,0,65,0,Forward,0,0
0,0,Bellamy,0,0,WHU(H) 0-0,Liverpool,16932,Craig,0,0,0,32,0,0,0,07 Apr 13:30,0,0,65,0,Forward,0,0
0,-2,Bellamy,0,0,RDG(A) 0-0,Liverpool,16933,Craig,0,0,0,33,0,0,0,13 Apr 15:00,0,0,65,0,Forward,0,0
0,-1,Bellamy,0,0,CHE(H) 2-2,Liverpool,16934,Craig,0,0,0,34,0,0,0,21 Apr 16:00,0,0,65,0,Forward,0,0
0,-2,Bellamy,0,0,NEW(A) 6-0,Liverpool,16935,Craig,0,0,0,35,0,0,0,27 Apr 17:30,0,0,65,0,Forward,0,0
0,0,Bellamy,0,0,EVE(H) 0-0,Liverpool,16936,Craig,0,0,0,36,0,0,0,05 May 13:30,0,0,65,0,Forward,0,0
0,-1,Bellamy,0,0,FUL(A) 3-1,Liverpool,16937,Craig,0,0,0,37,0,0,0,12 May 15:00,0,0,65,0,Forward,0,0
0,0,Bellamy,0,0,QPR(H) 1-0,Liverpool,16938,Craig,0,0,0,38,0,0,0,19 May 16:00,0,0,65,0,Forward,0,0
0,0,Pantilimon,0,0,SOU(H) 3-2,Man City,1721,Costel,0,0,0,1,0,0,0,19 Aug 16:00,0,0,50,0,Goalkeeper,0,0
0,-944,Pantilimon,0,0,LIV(A) 2-2,Man City,1722,Costel,0,0,0,2,0,0,0,26 Aug 16:00,0,0,49,0,Goalkeeper,0,0
0,-729,Pantilimon,0,0,QPR(H) 3-1,Man City,1723,Costel,0,0,0,3,0,0,0,01 Sep 17:30,0,0,48,0,Goalkeeper,0,0
0,-473,Pantilimon,0,0,STK(A) 1-1,Man City,1724,Costel,0,0,0,4,0,0,0,15 Sep 15:00,0,0,48,0,Goalkeeper,0,0
0,-252,Pantilimon,0,0,ARS(H) 1-1,Man City,1725,Costel,0,0,0,5,0,0,0,23 Sep 16:00,0,0,47,0,Goalkeeper,0,0
0,-148,Pantilimon,0,0,FUL(A) 2-1,Man City,1726,Costel,0,0,0,6,0,0,0,29 Sep 15:00,0,0,47,0,Goalkeeper,0,0
0,-88,Pantilimon,0,0,SUN(H) 3-0,Man City,1727,Costel,0,0,0,7,0,0,0,06 Oct 12:45,0,0,47,0,Goalkeeper,0,0
0,-80,Pantilimon,0,0,WBA(A) 2-1,Man City,1728,Costel,0,0,0,8,0,0,0,20 Oct 15:00,0,0,46,0,Goalkeeper,0,0
0,-62,Pantilimon,0,0,SWA(H) 1-0,Man City,1729,Costel,0,0,0,9,0,0,0,27 Oct 17:30,0,0,46,0,Goalkeeper,0,0
0,-56,Pantilimon,0,0,WHU(A) 0-0,Man City,17210,Costel,0,0,0,10,0,0,0,03 Nov 17:30,0,0,46,0,Goalkeeper,0,0
0,-44,Pantilimon,0,0,TOT(H) 2-1,Man City,17211,Costel,0,0,0,11,0,0,0,11 Nov 13:30,0,0,46,0,Goalkeeper,0,0
0,-55,Pantilimon,0,0,AVL(H) 5-0,Man City,17212,Costel,0,0,0,12,0,0,0,17 Nov 15:00,0,0,46,0,Goalkeeper,0,0
0,-46,Pantilimon,0,0,CHE(A) 0-0,Man City,17213,Costel,0,0,0,13,0,0,0,25 Nov 16:00,0,0,46,0,Goalkeeper,0,0
0,-14,Pantilimon,0,0,WIG(A) 2-0,Man City,17214,Costel,0,0,0,14,0,0,0,28 Nov 20:00,0,0,46,0,Goalkeeper,0,0
0,-24,Pantilimon,0,0,EVE(H) 1-1,Man City,17215,Costel,0,0,0,15,0,0,0,01 Dec 15:00,0,0,45,0,Goalkeeper,0,0
0,-33,Pantilimon,0,0,MUN(H) 2-3,Man City,17216,Costel,0,0,0,16,0,0,0,09 Dec 13:30,0,0,45,0,Goalkeeper,0,0
0,-21,Pantilimon,0,0,NEW(A) 3-1,Man City,17217,Costel,0,0,0,17,0,0,0,15 Dec 12:45,0,0,45,0,Goalkeeper,0,0
0,-18,Pantilimon,0,0,RDG(H) 1-0,Man City,17218,Costel,0,0,0,18,0,0,0,22 Dec 15:00,0,0,45,0,Goalkeeper,0,0
0,-21,Pantilimon,0,0,SUN(A) 0-1,Man City,17219,Costel,0,0,0,19,0,0,0,26 Dec 15:00,0,0,45,0,Goalkeeper,0,0
0,-24,Pantilimon,0,0,NOR(A) 4-3,Man City,17220,Costel,0,0,0,20,0,0,0,29 Dec 15:00,0,0,45,0,Goalkeeper,0,0
0,-14,Pantilimon,0,0,STK(H) 3-0,Man City,17221,Costel,0,0,0,21,0,0,0,01 Jan 15:00,0,0,45,0,Goalkeeper,0,0
0,-43,Pantilimon,0,0,ARS(A) 2-0,Man City,17222,Costel,0,0,0,22,0,0,0,13 Jan 16:00,0,0,45,0,Goalkeeper,0,0
0,-18,Pantilimon,0,0,FUL(H) 2-0,Man City,17223,Costel,0,0,0,23,0,0,0,19 Jan 15:00,0,0,45,0,Goalkeeper,0,0
0,-2,Pantilimon,0,0,QPR(A) 0-0,Man City,17224,Costel,0,0,0,24,0,0,0,29 Jan 19:45,0,0,45,0,Goalkeeper,0,0
0,-7,Pantilimon,0,0,LIV(H) 2-2,Man City,17225,Costel,0,0,0,25,0,0,0,03 Feb 16:00,0,0,45,0,Goalkeeper,0,0
0,-19,Pantilimon,0,0,SOU(A) 1-3,Man City,17226,Costel,0,0,0,26,0,0,0,09 Feb 17:30,0,0,45,0,Goalkeeper,0,0
0,7,Pantilimon,0,0,CHE(H) 2-0,Man City,17227,Costel,0,0,0,27,0,0,0,24 Feb 13:30,0,0,45,0,Goalkeeper,0,0
0,3,Pantilimon,0,0,AVL(A) 1-0,Man City,17228,Costel,0,0,0,28,0,0,0,04 Mar 20:00,0,0,45,0,Goalkeeper,0,0
0,-3,Pantilimon,0,0,EVE(A) 0-2,Man City,17230,Costel,0,0,0,30,0,0,0,16 Mar 12:45,0,0,45,0,Goalkeeper,0,0
0,3,Pantilimon,0,0,NEW(H) 4-0,Man City,17231,Costel,0,0,0,31,0,0,0,30 Mar 15:00,0,0,45,0,Goalkeeper,0,0
0,-9,Pantilimon,0,0,MUN(A) 2-1,Man City,17232,Costel,0,0,0,32,0,0,0,08 Apr 20:00,0,0,45,0,Goalkeeper,0,0
0,-6,Pantilimon,0,0,WIG(H) 1-0,Man City,17233,Costel,0,0,0,33,0,0,0,17 Apr 19:45,0,0,45,0,Goalkeeper,0,0
0,13,Pantilimon,0,0,TOT(A) 1-3,Man City,17234,Costel,0,0,0,34,0,0,0,21 Apr 13:30,0,0,44,0,Goalkeeper,0,0
0,7,Pantilimon,0,0,WHU(H) 2-1,Man City,17235,Costel,0,0,0,35,0,0,0,27 Apr 12:45,0,0,44,0,Goalkeeper,0,0
0,33,Pantilimon,0,0,WBA(H) 1-0,Man City,17236,Costel,0,0,0,36,0,0,0,07 May 19:45,0,0,44,0,Goalkeeper,0,0
0,14,Pantilimon,0,0,RDG(A) 2-0,Man City,17237,Costel,0,0,0,37,0,0,0,14 May 20:00,0,0,44,0,Goalkeeper,0,0
0,15,Pantilimon,0,0,NOR(H) 2-3,Man City,17238,Costel,0,0,0,38,0,0,0,19 May 16:00,0,0,44,0,Goalkeeper,0,0
0,0,Tevez,2,0,SOU(H) 3-2,Man City,1901,Carlos,0,86,28,1,0,0,0,19 Aug 16:00,0,0,90,6,Forward,0,1
0,226180,Tevez,2,0,LIV(A) 2-2,Man City,1902,Carlos,0,90,28,2,3,0,1,26 Aug 16:00,0,0,93,12,Forward,0,1
0,301063,Tevez,1,0,QPR(H) 3-1,Man City,1903,Carlos,0,90,42,3,3,0,2,01 Sep 17:30,0,0,96,15,Forward,0,1
0,151391,Tevez,1,0,STK(A) 1-1,Man City,1904,Carlos,0,62,10,4,0,0,1,15 Sep 15:00,0,0,99,5,Forward,0,0
0,19752,Tevez,1,0,ARS(H) 1-1,Man City,1905,Carlos,0,23,2,5,0,0,0,23 Sep 16:00,0,0,99,1,Forward,0,0
0,-64457,Tevez,1,0,FUL(A) 2-1,Man City,1906,Carlos,0,65,23,6,2,0,0,29 Sep 15:00,0,0,99,4,Forward,0,0
0,-122648,Tevez,0,0,SUN(H) 3-0,Man City,1907,Carlos,0,85,9,7,0,1,1,06 Oct 12:45,0,0,96,5,Forward,0,0
0,-55182,Tevez,1,0,WBA(A) 2-1,Man City,1908,Carlos,0,81,22,8,2,0,1,20 Oct 15:00,0,0,95,7,Forward,0,0
0,9293,Tevez,0,0,SWA(H) 1-0,Man City,1909,Carlos,0,90,38,9,3,1,0,27 Oct 17:30,0,0,94,9,Forward,0,1
0,48782,Tevez,0,0,WHU(A) 0-0,Man City,19010,Carlos,0,83,11,10,0,1,0,03 Nov 17:30,0,0,95,2,Forward,0,0
0,-15491,Tevez,1,0,TOT(H) 2-1,Man City,19011,Carlos,0,72,12,11,0,0,0,11 Nov 13:30,0,0,95,2,Forward,0,0
0,-62926,Tevez,0,0,AVL(H) 5-0,Man City,19012,Carlos,0,90,51,12,3,1,2,17 Nov 15:00,0,0,94,19,Forward,0,2
0,33726,Tevez,0,0,CHE(A) 0-0,Man City,19013,Carlos,0,22,-3,13,0,0,0,25 Nov 16:00,0,0,94,1,Forward,0,0
0,20517,Tevez,0,0,WIG(A) 2-0,Man City,19014,Carlos,0,0,0,14,0,0,0,28 Nov 20:00,0,0,95,0,Forward,0,0
0,-51884,Tevez,1,0,EVE(H) 1-1,Man City,19015,Carlos,0,67,11,15,0,0,0,01 Dec 15:00,0,0,94,6,Forward,0,1
1,27587,Tevez,1,0,MUN(H) 2-3,Man City,19016,Carlos,0,39,14,16,0,0,2,09 Dec 13:30,0,0,94,6,Forward,0,0
0,4594,Tevez,1,0,NEW(A) 3-1,Man City,19017,Carlos,0,78,17,17,0,0,0,15 Dec 12:45,0,0,94,2,Forward,0,0
0,26242,Tevez,0,0,RDG(H) 1-0,Man City,19018,Carlos,0,73,12,18,0,1,0,22 Dec 15:00,0,0,95,2,Forward,0,0
0,-32186,Tevez,1,0,SUN(A) 0-1,Man City,19019,Carlos,0,71,4,19,0,0,0,26 Dec 15:00,0,0,95,2,Forward,0,0
0,-107417,Tevez,0,0,NOR(A) 4-3,Man City,19020,Carlos,0,0,0,20,0,0,0,29 Dec 15:00,0,0,93,0,Forward,0,0
0,-109006,Tevez,0,0,STK(H) 3-0,Man City,19021,Carlos,0,14,0,21,0,0,0,01 Jan 15:00,0,0,91,1,Forward,0,0
0,-170400,Tevez,0,0,ARS(A) 2-0,Man City,19022,Carlos,0,76,31,22,3,1,2,13 Jan 16:00,0,0,89,11,Forward,0,0
0,12707,Tevez,0,0,FUL(H) 2-0,Man City,19023,Carlos,0,80,18,23,0,1,1,19 Jan 15:00,0,0,89,5,Forward,0,0
0,-6078,Tevez,0,0,QPR(A) 0-0,Man City,19024,Carlos,0,72,10,24,0,1,0,29 Jan 19:45,0,0,89,2,Forward,0,0
0,-23287,Tevez,0,0,LIV(H) 2-2,Man City,19025,Carlos,0,0,0,25,0,0,0,03 Feb 16:00,0,0,89,0,Forward,0,0
0,-52211,Tevez,0,0,SOU(A) 1-3,Man City,19026,Carlos,0,0,0,26,0,0,0,09 Feb 17:30,0,0,88,0,Forward,0,0
0,-40583,Tevez,0,0,CHE(H) 2-0,Man City,19027,Carlos,0,37,24,27,1,0,0,24 Feb 13:30,0,0,87,6,Forward,0,1
0,8917,Tevez,0,0,AVL(A) 1-0,Man City,19028,Carlos,0,74,23,28,2,1,0,04 Mar 20:00,0,0,87,8,Forward,0,1
0,24816,Tevez,2,0,EVE(A) 0-2,Man City,19030,Carlos,0,90,4,30,0,0,0,16 Mar 12:45,0,0,86,2,Forward,0,0
0,10647,Tevez,0,0,NEW(H) 4-0,Man City,19031,Carlos,0,90,21,31,0,1,0,30 Mar 15:00,0,0,87,6,Forward,0,1
1,-21,Tevez,1,0,MUN(A) 2-1,Man City,19032,Carlos,0,90,14,32,0,0,0,08 Apr 20:00,0,0,87,1,Forward,0,0
1,-7827,Tevez,0,0,WIG(H) 1-0,Man City,19033,Carlos,0,90,28,33,3,1,0,17 Apr 19:45,0,0,87,8,Forward,0,1
0,25832,Tevez,3,0,TOT(A) 1-3,Man City,19034,Carlos,0,90,2,34,0,0,0,21 Apr 13:30,0,0,88,2,Forward,0,0
0,209272,Tevez,0,0,WHU(H) 2-1,Man City,19035,Carlos,0,83,14,35,0,1,0,27 Apr 12:45,0,0,91,2,Forward,0,0
0,56542,Tevez,0,0,WBA(H) 1-0,Man City,19036,Carlos,0,90,14,36,0,1,1,07 May 19:45,0,0,93,5,Forward,0,0
0,-24400,Tevez,0,0,RDG(A) 2-0,Man City,19037,Carlos,0,90,14,37,0,1,0,14 May 20:00,0,0,94,2,Forward,0,0
0,-26495,Tevez,1,0,NOR(H) 2-3,Man City,19038,Carlos,0,49,0,38,0,0,0,19 May 16:00,0,0,92,1,Forward,0,0
0,0,Smalling,0,0,EVE(A) 0-1,Man Utd,1981,Chris,0,0,0,1,0,0,0,20 Aug 20:00,0,0,55,0,Defender,0,0
0,-304,Smalling,0,0,FUL(H) 3-2,Man Utd,1982,Chris,0,0,0,2,0,0,0,25 Aug 15:00,0,0,55,0,Defender,0,0
0,-297,Smalling,0,0,SOU(A) 3-2,Man Utd,1983,Chris,0,0,0,3,0,0,0,02 Sep 16:00,0,0,55,0,Defender,0,0
0,-161,Smalling,0,0,WIG(H) 4-0,Man Utd,1984,Chris,0,0,0,4,0,0,0,15 Sep 15:00,0,0,54,0,Defender,0,0
0,-81,Smalling,0,0,LIV(A) 2-1,Man Utd,1985,Chris,0,0,0,5,0,0,0,23 Sep 13:30,0,0,54,0,Defender,0,0
0,-75,Smalling,0,0,TOT(H) 2-3,Man Utd,1986,Chris,0,0,0,6,0,0,0,29 Sep 17:30,0,0,54,0,Defender,0,0
0,-45,Smalling,0,0,NEW(A) 3-0,Man Utd,1987,Chris,0,0,0,7,0,0,0,07 Oct 16:00,0,0,54,0,Defender,0,0
0,3,Smalling,0,0,STK(H) 4-2,Man Utd,1988,Chris,0,0,0,8,0,0,0,20 Oct 15:00,0,0,53,0,Defender,0,0
0,20,Smalling,0,0,CHE(A) 3-2,Man Utd,1989,Chris,0,0,0,9,0,0,0,28 Oct 16:00,0,0,53,0,Defender,0,0
0,28,Smalling,0,0,ARS(H) 2-1,Man Utd,19810,Chris,0,0,0,10,0,0,0,03 Nov 12:45,0,0,53,0,Defender,0,0
0,1593,Smalling,2,0,AVL(A) 3-2,Man Utd,19811,Chris,0,90,17,11,0,0,0,10 Nov 17:30,0,0,53,1,Defender,0,0
0,3044,Smalling,1,0,NOR(A) 0-1,Man Utd,19812,Chris,0,90,0,12,0,0,0,17 Nov 17:30,0,0,53,2,Defender,0,0
0,3172,Smalling,0,0,QPR(H) 3-1,Man Utd,19813,Chris,0,0,0,13,0,0,0,24 Nov 15:00,0,0,53,0,Defender,0,0
0,-1261,Smalling,0,0,WHU(H) 1-0,Man Utd,19814,Chris,0,90,20,14,1,1,0,28 Nov 20:00,0,0,52,7,Defender,0,0
0,837,Smalling,0,0,RDG(A) 4-3,Man Utd,19815,Chris,0,60,5,15,0,1,0,01 Dec 17:30,0,0,52,6,Defender,0,0
0,320,Smalling,2,0,MCI(A) 3-2,Man Utd,19816,Chris,0,43,10,16,0,0,0,09 Dec 13:30,0,0,52,0,Defender,0,0
0,28,Smalling,1,0,SUN(H) 3-1,Man Utd,19817,Chris,0,90,15,17,0,0,0,15 Dec 15:00,0,0,52,2,Defender,0,0
0,1142,Smalling,0,0,SWA(A) 1-1,Man Utd,19818,Chris,0,0,0,18,0,0,0,23 Dec 13:30,0,0,52,0,Defender,0,0
0,-918,Smalling,3,0,NEW(H) 4-3,Man Utd,19819,Chris,0,90,14,19,0,0,0,26 Dec 15:00,0,0,52,1,Defender,0,0
0,577,Smalling,0,0,WBA(H) 2-0,Man Utd,19820,Chris,0,90,24,20,0,1,0,29 Dec 15:00,0,0,52,6,Defender,0,0
1,905,Smalling,0,0,WIG(A) 4-0,Man Utd,19821,Chris,0,23,7,21,0,0,0,01 Jan 15:00,0,0,52,0,Defender,0,0
0,-2786,Smalling,0,0,LIV(H) 2-1,Man Utd,19822,Chris,0,12,2,22,0,0,0,13 Jan 13:30,0,0,52,1,Defender,0,0
0,-1597,Smalling,0,0,TOT(A) 1-1,Man Utd,19823,Chris,0,0,0,23,0,0,0,20 Jan 16:00,0,0,52,0,Defender,0,0
0,-1057,Smalling,1,0,SOU(H) 2-1,Man Utd,19824,Chris,0,62,4,24,0,0,0,30 Jan 20:00,0,0,52,2,Defender,0,0
0,-453,Smalling,0,0,FUL(A) 1-0,Man Utd,19825,Chris,0,0,0,25,0,0,0,02 Feb 17:30,0,0,52,0,Defender,0,0
0,-486,Smalling,0,0,EVE(H) 2-0,Man Utd,19826,Chris,0,10,1,26,0,0,0,10 Feb 16:00,0,0,51,1,Defender,0,0
0,-110,Smalling,0,0,QPR(A) 2-0,Man Utd,19827,Chris,0,0,0,27,0,0,0,23 Feb 15:00,0,0,51,0,Defender,0,0
0,-122,Smalling,0,0,NOR(H) 4-0,Man Utd,19828,Chris,0,90,19,28,0,1,0,02 Mar 15:00,0,0,51,6,Defender,0,0
0,62,Smalling,0,0,RDG(H) 1-0,Man Utd,19830,Chris,0,90,19,30,0,1,0,16 Mar 17:30,0,0,50,6,Defender,0,0
0,1034,Smalling,0,0,SUN(A) 1-0,Man Utd,19831,Chris,0,90,20,31,0,1,0,30 Mar 12:45,0,0,50,6,Defender,0,0
0,5357,Smalling,0,0,MCI(H) 1-2,Man Utd,19832,Chris,0,0,0,32,0,0,0,08 Apr 20:00,0,0,50,0,Defender,0,0
0,445,Smalling,0,0,WHU(A) 2-2,Man Utd,19833,Chris,0,0,0,33,0,0,0,17 Apr 19:45,0,0,50,0,Defender,0,0
0,-1664,Smalling,0,0,AVL(H) 3-0,Man Utd,19834,Chris,0,0,0,34,0,0,0,22 Apr 20:00,0,0,49,0,Defender,0,0
0,-1221,Smalling,0,0,ARS(A) 1-1,Man Utd,19835,Chris,0,0,0,35,0,0,0,28 Apr 16:00,0,0,47,0,Defender,0,0
0,-1160,Smalling,0,0,CHE(H) 0-1,Man Utd,19836,Chris,0,0,0,36,0,0,0,05 May 16:00,0,0,45,0,Defender,0,0
0,24,Smalling,0,0,SWA(H) 2-1,Man Utd,19837,Chris,0,0,0,37,0,0,0,12 May 16:00,0,0,45,0,Defender,0,0
0,-382,Smalling,0,0,WBA(A) 5-5,Man Utd,19838,Chris,0,0,0,38,0,0,0,19 May 16:00,0,0,45,0,Defender,0,0
0,0,Tiote,1,0,TOT(H) 2-1,Newcastle,2371,Cheick,0,90,6,1,0,0,0,18 Aug 17:30,0,0,50,2,Midfielder,0,0
0,273,Tiote,0,0,CHE(A) 0-2,Newcastle,2372,Cheick,0,0,0,2,0,0,0,25 Aug 17:30,0,0,50,0,Midfielder,0,0
0,-8874,Tiote,0,0,AVL(H) 1-1,Newcastle,2373,Cheick,0,0,0,3,0,0,0,02 Sep 16:00,0,0,50,0,Midfielder,0,0
0,-5311,Tiote,0,0,EVE(A) 2-2,Newcastle,2374,Cheick,0,0,0,4,0,0,0,17 Sep 20:00,0,0,49,0,Midfielder,0,0
1,-3295,Tiote,0,0,NOR(H) 1-0,Newcastle,2375,Cheick,0,15,2,5,0,0,0,23 Sep 15:00,0,0,48,0,Midfielder,0,0
0,-670,Tiote,2,0,RDG(A) 2-2,Newcastle,2376,Cheick,0,90,11,6,0,0,1,29 Sep 15:00,0,0,48,5,Midfielder,0,0
1,496,Tiote,3,0,MUN(H) 0-3,Newcastle,2377,Cheick,0,79,10,7,0,0,0,07 Oct 16:00,0,0,48,1,Midfielder,0,0
0,-218,Tiote,1,0,SUN(A) 1-1,Newcastle,2378,Cheick,0,24,-1,8,0,0,0,21 Oct 13:30,0,0,48,-2,Midfielder,1,0
0,-2490,Tiote,0,0,WBA(H) 2-1,Newcastle,2379,Cheick,0,0,0,9,0,0,0,28 Oct 15:00,0,0,48,0,Midfielder,0,0
0,-1673,Tiote,0,0,LIV(A) 1-1,Newcastle,23710,Cheick,0,0,0,10,0,0,0,04 Nov 16:00,0,0,48,0,Midfielder,0,0
0,-990,Tiote,0,0,WHU(H) 0-1,Newcastle,23711,Cheick,0,0,0,11,0,0,0,11 Nov 15:00,0,0,48,0,Midfielder,0,0
0,-235,Tiote,2,0,SWA(H) 1-2,Newcastle,23712,Cheick,0,90,-2,12,0,0,0,17 Nov 15:00,0,0,48,2,Midfielder,0,0
1,99,Tiote,2,0,SOU(A) 0-2,Newcastle,23713,Cheick,0,90,-7,13,0,0,0,25 Nov 15:00,0,0,48,1,Midfielder,0,0
0,-173,Tiote,2,0,STK(A) 1-2,Newcastle,23714,Cheick,0,90,4,14,0,0,0,28 Nov 19:45,0,0,48,2,Midfielder,0,0
0,-52,Tiote,0,0,WIG(H) 3-0,Newcastle,23715,Cheick,0,45,-6,15,0,0,0,03 Dec 20:00,0,0,48,1,Midfielder,0,0
0,-698,Tiote,2,0,FUL(A) 1-2,Newcastle,23716,Cheick,0,85,6,16,0,0,0,10 Dec 20:00,0,0,48,2,Midfielder,0,0
0,-316,Tiote,2,0,MCI(H) 1-3,Newcastle,23717,Cheick,0,73,1,17,0,0,0,15 Dec 12:45,0,0,48,2,Midfielder,0,0
1,71,Tiote,0,0,QPR(H) 1-0,Newcastle,23718,Cheick,0,76,15,18,0,1,0,22 Dec 15:00,0,0,48,2,Midfielder,0,0
0,-690,Tiote,0,0,MUN(A) 3-4,Newcastle,23719,Cheick,0,0,0,19,0,0,0,26 Dec 15:00,0,0,48,0,Midfielder,0,0
0,-115,Tiote,7,0,ARS(A) 3-7,Newcastle,23720,Cheick,0,90,10,20,0,0,0,29 Dec 17:30,0,0,48,2,Midfielder,0,0
1,-9,Tiote,2,0,EVE(H) 1-2,Newcastle,23721,Cheick,0,78,3,21,0,0,0,02 Jan 20:00,0,0,48,1,Midfielder,0,0
0,-592,Tiote,0,0,NOR(A) 0-0,Newcastle,23722,Cheick,0,0,0,22,0,0,0,12 Jan 15:00,0,0,48,0,Midfielder,0,0
0,-798,Tiote,0,0,RDG(H) 1-2,Newcastle,23723,Cheick,0,0,0,23,0,0,0,19 Jan 15:00,0,0,48,0,Midfielder,0,0
0,-611,Tiote,0,0,AVL(A) 2-1,Newcastle,23724,Cheick,0,0,0,24,0,0,0,29 Jan 19:45,0,0,48,0,Midfielder,0,0
0,-240,Tiote,0,0,CHE(H) 3-2,Newcastle,23725,Cheick,0,0,0,25,0,0,0,02 Feb 15:00,0,0,48,0,Midfielder,0,0
0,-80,Tiote,0,0,TOT(A) 1-2,Newcastle,23726,Cheick,0,9,1,26,0,0,0,09 Feb 12:45,0,0,48,1,Midfielder,0,0
0,23,Tiote,2,0,SOU(H) 4-2,Newcastle,23727,Cheick,0,90,19,27,0,0,0,24 Feb 13:30,0,0,48,2,Midfielder,0,0
1,92,Tiote,1,0,SWA(A) 0-1,Newcastle,23728,Cheick,0,89,6,28,0,0,0,02 Mar 15:00,0,0,48,1,Midfielder,0,0
0,268,Tiote,1,0,STK(H) 2-1,Newcastle,23729,Cheick,0,72,14,29,0,0,0,10 Mar 15:00,0,0,48,2,Midfielder,0,0
0,118,Tiote,2,0,WIG(A) 1-2,Newcastle,23730,Cheick,0,90,10,30,0,0,0,17 Mar 16:00,0,0,48,2,Midfielder,0,0
0,-167,Tiote,0,0,MCI(A) 0-4,Newcastle,23731,Cheick,0,0,0,31,0,0,0,30 Mar 15:00,0,0,48,0,Midfielder,0,0
0,-290,Tiote,0,0,FUL(H) 1-0,Newcastle,23732,Cheick,0,0,0,32,0,0,0,07 Apr 15:00,0,0,48,0,Midfielder,0,0
0,-177,Tiote,3,0,SUN(H) 0-3,Newcastle,23733,Cheick,0,90,1,33,0,0,0,14 Apr 12:00,0,0,48,2,Midfielder,0,0
0,-48,Tiote,0,0,WBA(A) 1-1,Newcastle,23734,Cheick,0,0,0,34,0,0,0,20 Apr 15:00,0,0,48,0,Midfielder,0,0
0,-114,Tiote,4,0,LIV(H) 0-6,Newcastle,23735,Cheick,0,64,4,35,0,0,0,27 Apr 17:30,0,0,48,2,Midfielder,0,0
1,-31,Tiote,0,0,WHU(A) 0-0,Newcastle,23736,Cheick,0,90,11,36,0,1,0,04 May 15:00,0,0,48,2,Midfielder,0,0
0,80,Tiote,1,0,QPR(A) 2-1,Newcastle,23737,Cheick,0,51,8,37,0,0,0,12 May 15:00,0,0,48,1,Midfielder,0,0
0,15,Tiote,1,0,ARS(H) 0-1,Newcastle,23738,Cheick,0,90,8,38,0,0,0,19 May 16:00,0,0,48,2,Midfielder,0,0
0,0,Martin C,0,0,FUL(A) 0-5,Norwich,2751,Chris,0,0,0,1,0,0,0,18 Aug 15:00,0,0,45,0,Forward,0,0
0,-57,Martin C,0,0,QPR(H) 1-1,Norwich,2752,Chris,0,4,0,2,0,0,0,25 Aug 15:00,0,0,45,1,Forward,0,0
0,3739,Martin C,0,0,TOT(A) 1-1,Norwich,2753,Chris,0,0,0,3,0,0,0,01 Sep 15:00,0,0,45,0,Forward,0,0
0,1383,Martin C,0,0,WHU(H) 0-0,Norwich,2754,Chris,0,0,0,4,0,0,0,15 Sep 12:45,0,0,45,0,Forward,0,0
0,-715,Martin C,0,0,NEW(A) 0-1,Norwich,2755,Chris,0,0,0,5,0,0,0,23 Sep 15:00,0,0,45,0,Forward,0,0
0,-727,Martin C,0,0,LIV(H) 2-5,Norwich,2756,Chris,0,0,0,6,0,0,0,29 Sep 15:00,0,0,45,0,Forward,0,0
0,-546,Martin C,0,0,CHE(A) 1-4,Norwich,2757,Chris,0,0,0,7,0,0,0,06 Oct 15:00,0,0,45,0,Forward,0,0
0,-371,Martin C,0,0,ARS(H) 1-0,Norwich,2758,Chris,0,0,0,8,0,0,0,20 Oct 17:30,0,0,45,0,Forward,0,0
0,-276,Martin C,0,0,AVL(A) 1-1,Norwich,2759,Chris,0,0,0,9,0,0,0,27 Oct 12:45,0,0,45,0,Forward,0,0
0,-233,Martin C,0,0,STK(H) 1-0,Norwich,27510,Chris,0,0,0,10,0,0,0,03 Nov 15:00,0,0,45,0,Forward,0,0
0,-152,Martin C,0,0,RDG(A) 0-0,Norwich,27511,Chris,0,0,0,11,0,0,0,10 Nov 15:00,0,0,45,0,Forward,0,0
0,-337,Martin C,0,0,MUN(H) 1-0,Norwich,27512,Chris,0,0,0,12,0,0,0,17 Nov 17:30,0,0,45,0,Forward,0,0
0,-430,Martin C,0,0,EVE(A) 1-1,Norwich,27513,Chris,0,0,0,13,0,0,0,24 Nov 15:00,0,0,45,0,Forward,0,0
0,-184,Martin C,0,0,SOU(A) 1-1,Norwich,27514,Chris,0,0,0,14,0,0,0,28 Nov 19:45,0,0,45,0,Forward,0,0
0,-140,Martin C,0,0,SUN(H) 2-1,Norwich,27515,Chris,0,0,0,15,0,0,0,02 Dec 16:00,0,0,45,0,Forward,0,0
0,-217,Martin C,0,0,SWA(A) 4-3,Norwich,27516,Chris,0,0,0,16,0,0,0,08 Dec 15:00,0,0,44,0,Forward,0,0
0,-148,Martin C,0,0,WIG(H) 2-1,Norwich,27517,Chris,0,0,0,17,0,0,0,15 Dec 15:00,0,0,44,0,Forward,0,0
0,-106,Martin C,0,0,WBA(A) 1-2,Norwich,27518,Chris,0,0,0,18,0,0,0,22 Dec 15:00,0,0,44,0,Forward,0,0
0,-66,Martin C,0,0,CHE(H) 0-1,Norwich,27519,Chris,0,0,0,19,0,0,0,26 Dec 15:00,0,0,44,0,Forward,0,0
0,-74,Martin C,0,0,MCI(H) 3-4,Norwich,27520,Chris,0,0,0,20,0,0,0,29 Dec 15:00,0,0,44,0,Forward,0,0
0,-60,Martin C,0,0,WHU(A) 1-2,Norwich,27521,Chris,0,0,0,21,0,0,0,01 Jan 15:00,0,0,44,0,Forward,0,0
0,-245,Martin C,0,0,NEW(H) 0-0,Norwich,27522,Chris,0,0,0,22,0,0,0,12 Jan 15:00,0,0,44,0,Forward,0,0
0,-106,Martin C,0,0,LIV(A) 0-5,Norwich,27523,Chris,0,0,0,23,0,0,0,19 Jan 15:00,0,0,44,0,Forward,0,0
0,-83,Martin C,0,0,TOT(H) 1-1,Norwich,27524,Chris,0,0,0,24,0,0,0,30 Jan 19:45,0,0,44,0,Forward,0,0
0,-44,Martin C,0,0,QPR(A) 0-0,Norwich,27525,Chris,0,0,0,25,0,0,0,02 Feb 12:45,0,0,44,0,Forward,0,0
0,-32,Martin C,0,0,FUL(H) 0-0,Norwich,27526,Chris,0,0,0,26,0,0,0,09 Feb 15:00,0,0,44,0,Forward,0,0
0,-53,Martin C,0,0,EVE(H) 2-1,Norwich,27527,Chris,0,0,0,27,0,0,0,23 Feb 15:00,0,0,44,0,Forward,0,0
0,-16,Martin C,0,0,MUN(A) 0-4,Norwich,27528,Chris,0,0,0,28,0,0,0,02 Mar 15:00,0,0,44,0,Forward,0,0
0,-24,Martin C,0,0,SOU(H) 0-0,Norwich,27529,Chris,0,0,0,29,0,0,0,09 Mar 15:00,0,0,44,0,Forward,0,0
0,-15,Martin C,0,0,SUN(A) 1-1,Norwich,27530,Chris,0,0,0,30,0,0,0,17 Mar 13:30,0,0,44,0,Forward,0,0
0,-22,Martin C,0,0,WIG(A) 0-1,Norwich,27531,Chris,0,0,0,31,0,0,0,30 Mar 15:00,0,0,44,0,Forward,0,0
0,-13,Martin C,0,0,SWA(H) 2-2,Norwich,27532,Chris,0,0,0,32,0,0,0,06 Apr 15:00,0,0,44,0,Forward,0,0
0,-12,Martin C,0,0,ARS(A) 1-3,Norwich,27533,Chris,0,0,0,33,0,0,0,13 Apr 15:00,0,0,44,0,Forward,0,0
0,-10,Martin C,0,0,RDG(H) 2-1,Norwich,27534,Chris,0,0,0,34,0,0,0,20 Apr 15:00,0,0,44,0,Forward,0,0
0,-12,Martin C,0,0,STK(A) 0-1,Norwich,27535,Chris,0,0,0,35,0,0,0,27 Apr 15:00,0,0,44,0,Forward,0,0
0,-6,Martin C,0,0,AVL(H) 1-2,Norwich,27536,Chris,0,0,0,36,0,0,0,04 May 15:00,0,0,44,0,Forward,0,0
0,-7,Martin C,0,0,WBA(H) 4-0,Norwich,27537,Chris,0,0,0,37,0,0,0,12 May 15:00,0,0,44,0,Forward,0,0
0,-2,Martin C,0,0,MCI(A) 3-2,Norwich,27538,Chris,0,0,0,38,0,0,0,19 May 16:00,0,0,44,0,Forward,0,0
0,0,Hill,3,0,SWA(H) 0-5,QPR,2821,Clint,0,63,2,1,0,0,0,18 Aug 15:00,0,0,45,1,Defender,0,0
1,-90,Hill,1,0,NOR(A) 1-1,QPR,2822,Clint,0,45,6,2,0,0,0,25 Aug 15:00,0,0,45,0,Defender,0,0
0,-350,Hill,0,0,MCI(A) 1-3,QPR,2823,Clint,0,0,0,3,0,0,0,01 Sep 17:30,0,0,45,0,Defender,0,0
0,-255,Hill,0,0,CHE(H) 0-0,QPR,2824,Clint,0,0,0,4,0,0,0,15 Sep 15:00,0,0,44,0,Defender,0,0
0,-142,Hill,2,0,TOT(A) 1-2,QPR,2825,Clint,0,90,18,5,0,0,0,23 Sep 16:00,0,0,44,1,Defender,0,0
0,-21,Hill,2,0,WHU(H) 1-2,QPR,2826,Clint,0,90,14,6,0,0,1,01 Oct 20:00,0,0,44,4,Defender,0,0
0,5,Hill,2,0,WBA(A) 2-3,QPR,2827,Clint,0,45,2,7,0,0,0,06 Oct 15:00,0,0,44,0,Defender,0,0
0,-71,Hill,0,0,EVE(H) 1-1,QPR,2828,Clint,0,0,0,8,0,0,0,21 Oct 16:00,0,0,44,0,Defender,0,0
0,-72,Hill,0,0,ARS(A) 0-1,QPR,2829,Clint,0,0,0,9,0,0,0,27 Oct 15:00,0,0,44,0,Defender,0,0
0,-52,Hill,0,0,RDG(H) 1-1,QPR,28210,Clint,0,0,0,10,0,0,0,04 Nov 13:30,0,0,43,0,Defender,0,0
0,-64,Hill,0,0,STK(A) 0-1,QPR,28211,Clint,0,0,0,11,0,0,0,10 Nov 15:00,0,0,43,0,Defender,0,0
0,-66,Hill,0,0,SOU(H) 1-3,QPR,28212,Clint,0,0,0,12,0,0,0,17 Nov 15:00,0,0,43,0,Defender,0,0
0,-69,Hill,3,0,MUN(A) 1-3,QPR,28213,Clint,0,90,5,13,0,0,0,24 Nov 15:00,0,0,43,1,Defender,0,0
1,-10,Hill,0,0,SUN(A) 0-0,QPR,28214,Clint,0,90,8,14,0,1,0,27 Nov 19:45,0,0,43,5,Defender,0,0
0,41,Hill,1,0,AVL(H) 1-1,QPR,28215,Clint,0,90,15,15,0,0,0,01 Dec 15:00,0,0,43,2,Defender,0,0
0,-25,Hill,2,0,WIG(A) 2-2,QPR,28216,Clint,0,90,6,16,0,0,0,08 Dec 15:00,0,0,43,1,Defender,0,0
0,7,Hill,1,0,FUL(H) 2-1,QPR,28217,Clint,0,90,13,17,0,0,0,15 Dec 15:00,0,0,43,2,Defender,0,0
1,-7,Hill,1,0,NEW(A) 0-1,QPR,28218,Clint,0,90,2,18,0,0,0,22 Dec 15:00,0,0,43,1,Defender,0,0
0,5,Hill,2,0,WBA(H) 1-2,QPR,28219,Clint,0,90,8,19,0,0,0,26 Dec 15:00,0,0,43,1,Defender,0,0
0,10,Hill,3,0,LIV(H) 0-3,QPR,28220,Clint,0,90,2,20,0,0,0,30 Dec 16:00,0,0,43,1,Defender,0,0
1,-12,Hill,0,0,CHE(A) 1-0,QPR,28221,Clint,0,90,28,21,3,1,0,02 Jan 19:45,0,0,43,8,Defender,0,0
0,374,Hill,0,0,TOT(H) 0-0,QPR,28222,Clint,0,90,11,22,0,1,0,12 Jan 12:45,0,0,43,6,Defender,0,0
0,557,Hill,1,0,WHU(A) 1-1,QPR,28223,Clint,0,90,4,23,0,0,0,19 Jan 15:00,0,0,43,2,Defender,0,0
0,678,Hill,0,0,MCI(H) 0-0,QPR,28224,Clint,0,90,9,24,0,1,0,29 Jan 19:45,0,0,43,6,Defender,0,0
1,8639,Hill,0,0,NOR(H) 0-0,QPR,28225,Clint,0,90,8,25,0,1,0,02 Feb 12:45,0,0,43,5,Defender,0,0
0,3311,Hill,4,0,SWA(A) 1-4,QPR,28226,Clint,0,90,7,26,0,0,0,09 Feb 15:00,0,0,43,0,Defender,0,0
0,138,Hill,2,0,MUN(H) 0-2,QPR,28227,Clint,0,90,4,27,0,0,0,23 Feb 15:00,0,0,43,1,Defender,0,0
0,366,Hill,1,0,SOU(A) 2-1,QPR,28228,Clint,0,90,17,28,0,0,0,02 Mar 15:00,0,0,43,2,Defender,0,0
0,6084,Hill,1,0,SUN(H) 3-1,QPR,28229,Clint,0,90,18,29,0,0,0,09 Mar 15:00,0,0,43,2,Defender,0,0
0,-43,Hill,3,0,AVL(A) 2-3,QPR,28230,Clint,0,90,-2,30,0,0,0,16 Mar 15:00,0,0,43,1,Defender,0,0
1,-1075,Hill,3,0,FUL(A) 2-3,QPR,28231,Clint,1,45,0,31,0,0,0,01 Apr 20:00,0,0,43,-3,Defender,0,0
0,-1090,Hill,1,0,WIG(H) 1-1,QPR,28232,Clint,0,90,16,32,1,0,0,07 Apr 16:10,0,0,43,3,Defender,0,0
0,-1955,Hill,2,0,EVE(A) 0-2,QPR,28233,Clint,0,90,9,33,0,0,0,13 Apr 15:00,0,0,43,1,Defender,0,0
1,-379,Hill,2,0,STK(H) 0-2,QPR,28234,Clint,0,90,3,34,0,0,0,20 Apr 15:00,0,0,43,0,Defender,0,0
0,-821,Hill,0,0,RDG(A) 0-0,QPR,28235,Clint,0,90,8,35,0,1,0,28 Apr 13:30,0,0,43,6,Defender,0,0
0,-1312,Hill,1,0,ARS(H) 0-1,QPR,28236,Clint,0,90,19,36,0,0,0,04 May 17:30,0,0,43,2,Defender,0,0
0,-236,Hill,2,0,NEW(H) 1-2,QPR,28237,Clint,0,90,7,37,0,0,0,12 May 15:00,0,0,43,1,Defender,0,0
1,-488,Hill,1,0,LIV(A) 0-1,QPR,28238,Clint,0,90,6,38,0,0,0,19 May 16:00,0,0,43,1,Defender,0,0
0,0,Jerome,1,0,RDG(A) 1-1,Stoke City,3781,Cameron,0,16,1,1,0,0,0,18 Aug 15:00,0,0,55,1,Forward,0,0
0,-340,Jerome,0,0,ARS(H) 0-0,Stoke City,3782,Cameron,0,26,-2,2,0,0,0,26 Aug 13:30,0,0,55,1,Forward,0,0
0,-240,Jerome,0,0,WIG(A) 2-2,Stoke City,3783,Cameron,0,16,-3,3,0,0,0,01 Sep 15:00,0,0,54,1,Forward,0,0
0,-262,Jerome,0,0,MCI(H) 1-1,Stoke City,3784,Cameron,0,0,0,4,0,0,0,15 Sep 15:00,0,0,54,0,Forward,0,0
0,-206,Jerome,0,0,CHE(A) 0-1,Stoke City,3785,Cameron,0,0,0,5,0,0,0,22 Sep 15:00,0,0,53,0,Forward,0,0
0,-176,Jerome,0,0,SWA(H) 2-0,Stoke City,3786,Cameron,0,0,0,6,0,0,0,29 Sep 15:00,0,0,53,0,Forward,0,0
0,-128,Jerome,0,0,LIV(A) 0-0,Stoke City,3787,Cameron,0,0,0,7,0,0,0,07 Oct 15:00,0,0,52,0,Forward,0,0
0,-95,Jerome,0,0,MUN(A) 2-4,Stoke City,3788,Cameron,0,0,0,8,0,0,0,20 Oct 15:00,0,0,52,0,Forward,0,0
0,-61,Jerome,0,0,SUN(H) 0-0,Stoke City,3789,Cameron,0,0,0,9,0,0,0,27 Oct 15:00,0,0,51,0,Forward,0,0
0,-55,Jerome,0,0,NOR(A) 0-1,Stoke City,37810,Cameron,0,0,0,10,0,0,0,03 Nov 15:00,0,0,51,0,Forward,0,0
0,-50,Jerome,0,0,QPR(H) 1-0,Stoke City,37811,Cameron,0,0,0,11,0,0,0,10 Nov 15:00,0,0,51,0,Forward,0,0
0,-53,Jerome,0,0,WHU(A) 1-1,Stoke City,37812,Cameron,0,0,0,12,0,0,0,19 Nov 20:00,0,0,51,0,Forward,0,0
0,-39,Jerome,0,0,FUL(H) 1-0,Stoke City,37813,Cameron,0,0,0,13,0,0,0,24 Nov 15:00,0,0,50,0,Forward,0,0
0,-21,Jerome,0,0,NEW(H) 2-1,Stoke City,37814,Cameron,0,23,30,14,3,0,1,28 Nov 19:45,0,0,50,11,Forward,0,1
0,497,Jerome,0,0,WBA(A) 1-0,Stoke City,37815,Cameron,0,0,0,15,0,0,0,01 Dec 15:00,0,0,50,0,Forward,0,0
0,-182,Jerome,0,0,AVL(A) 0-0,Stoke City,37816,Cameron,0,23,3,16,0,0,0,08 Dec 15:00,0,0,50,1,Forward,0,0
0,-79,Jerome,0,0,EVE(H) 1-1,Stoke City,37817,Cameron,0,18,-4,17,0,0,0,15 Dec 15:00,0,0,50,1,Forward,0,0
0,-68,Jerome,0,0,TOT(A) 0-0,Stoke City,37818,Cameron,0,25,2,18,0,0,0,22 Dec 15:00,0,0,50,1,Forward,0,0
0,-21,Jerome,0,0,LIV(H) 3-1,Stoke City,37819,Cameron,0,0,0,19,0,0,0,26 Dec 19:45,0,0,50,0,Forward,0,0
1,-4,Jerome,0,0,SOU(H) 3-3,Stoke City,37820,Cameron,0,34,19,20,0,0,0,29 Dec 15:00,0,0,50,4,Forward,0,1
0,50,Jerome,3,0,MCI(A) 0-3,Stoke City,37821,Cameron,0,90,3,21,0,0,0,01 Jan 15:00,0,0,50,2,Forward,0,0
0,27,Jerome,0,0,CHE(H) 0-4,Stoke City,37822,Cameron,0,13,0,22,0,0,0,12 Jan 15:00,0,0,50,1,Forward,0,0
0,-32,Jerome,1,0,SWA(A) 1-3,Stoke City,37823,Cameron,0,28,4,23,0,0,1,19 Jan 15:00,0,0,50,4,Forward,0,0
0,56,Jerome,0,0,WIG(H) 2-2,Stoke City,37824,Cameron,0,25,-2,24,0,0,0,29 Jan 19:45,0,0,50,1,Forward,0,0
0,-52,Jerome,0,0,ARS(A) 0-1,Stoke City,37825,Cameron,0,7,2,25,0,0,0,02 Feb 15:00,0,0,50,1,Forward,0,0
0,-7,Jerome,1,0,RDG(H) 2-1,Stoke City,37826,Cameron,0,26,22,26,0,0,0,09 Feb 15:00,0,0,50,5,Forward,0,1
0,208,Jerome,0,0,FUL(A) 0-1,Stoke City,37827,Cameron,0,40,1,27,0,0,0,23 Feb 12:45,0,0,50,1,Forward,0,0
0,58,Jerome,1,0,WHU(H) 0-1,Stoke City,37828,Cameron,0,90,-6,28,0,0,0,02 Mar 15:00,0,0,50,2,Forward,0,0
0,68,Jerome,1,0,NEW(A) 1-2,Stoke City,37829,Cameron,0,86,6,29,0,0,0,10 Mar 15:00,0,0,50,2,Forward,0,0
0,-69,Jerome,0,0,WBA(H) 0-0,Stoke City,37830,Cameron,0,74,-3,30,0,1,0,16 Mar 15:00,0,0,50,2,Forward,0,0
0,-65,Jerome,1,0,EVE(A) 0-1,Stoke City,37831,Cameron,0,90,-2,31,0,0,0,30 Mar 17:30,0,0,50,2,Forward,0,0
0,-3,Jerome,2,0,AVL(H) 1-3,Stoke City,37832,Cameron,0,39,-4,32,0,0,0,06 Apr 15:00,0,0,50,1,Forward,0,0
1,-56,Jerome,0,0,MUN(H) 0-2,Stoke City,37833,Cameron,0,20,0,33,0,0,0,14 Apr 14:05,0,0,50,0,Forward,0,0
0,-28,Jerome,0,0,QPR(A) 2-0,Stoke City,37834,Cameron,0,90,21,34,0,1,1,20 Apr 15:00,0,0,50,5,Forward,0,0
1,92,Jerome,0,0,NOR(H) 1-0,Stoke City,37835,Cameron,0,78,10,35,0,1,0,27 Apr 15:00,0,0,50,1,Forward,0,0
0,-23,Jerome,1,0,SUN(A) 1-1,Stoke City,37836,Cameron,0,90,-2,36,0,0,0,06 May 20:00,0,0,50,2,Forward,0,0
0,9,Jerome,1,0,TOT(H) 1-2,Stoke City,37837,Cameron,0,34,2,37,0,0,0,12 May 13:30,0,0,50,1,Forward,0,0
0,25,Jerome,0,0,SOU(A) 1-1,Stoke City,37838,Cameron,0,22,2,38,0,0,0,19 May 16:00,0,0,50,1,Forward,0,0
0,0,Cuellar,0,0,ARS(A) 0-0,Sunderland,3891,Carlos,0,90,11,1,0,1,0,18 Aug 15:00,0,0,45,6,Defender,0,0
0,3729,Cuellar,2,0,SWA(A) 2-2,Sunderland,3893,Carlos,0,90,15,3,0,0,0,01 Sep 15:00,0,0,45,1,Defender,0,0
0,1940,Cuellar,0,0,LIV(H) 1-1,Sunderland,3894,Carlos,0,45,3,4,0,0,0,15 Sep 17:30,0,0,45,1,Defender,0,0
0,-9690,Cuellar,0,0,WHU(A) 1-1,Sunderland,3895,Carlos,0,0,0,5,0,0,0,22 Sep 15:00,0,0,45,0,Defender,0,0
0,-9699,Cuellar,0,0,WIG(H) 1-0,Sunderland,3896,Carlos,0,0,0,6,0,0,0,29 Sep 15:00,0,0,45,0,Defender,0,0
1,-5177,Cuellar,3,0,MCI(A) 0-3,Sunderland,3897,Carlos,0,90,8,7,0,0,0,06 Oct 12:45,0,0,45,0,Defender,0,0
0,-2021,Cuellar,1,0,NEW(H) 1-1,Sunderland,3898,Carlos,0,90,8,8,0,0,0,21 Oct 13:30,0,0,45,2,Defender,0,0
0,-1175,Cuellar,0,0,STK(A) 0-0,Sunderland,3899,Carlos,0,90,14,9,0,1,0,27 Oct 15:00,0,0,45,6,Defender,0,0
0,2162,Cuellar,1,0,AVL(H) 0-1,Sunderland,38910,Carlos,0,90,4,10,0,0,0,03 Nov 15:00,0,0,45,2,Defender,0,0
0,-603,Cuellar,2,0,EVE(A) 1-2,Sunderland,38911,Carlos,0,90,10,11,0,0,0,10 Nov 15:00,0,0,45,1,Defender,0,0
0,170,Cuellar,1,0,FUL(A) 3-1,Sunderland,38912,Carlos,0,90,30,12,1,0,0,18 Nov 16:00,0,0,45,9,Defender,0,1
0,10433,Cuellar,4,0,WBA(H) 2-4,Sunderland,38913,Carlos,0,90,6,13,0,0,0,24 Nov 12:45,0,0,45,0,Defender,0,0
1,4221,Cuellar,0,0,QPR(H) 0-0,Sunderland,38914,Carlos,0,90,12,14,0,1,0,27 Nov 19:45,0,0,45,5,Defender,0,0
0,7184,Cuellar,2,0,NOR(A) 1-2,Sunderland,38915,Carlos,0,90,4,15,0,0,0,02 Dec 16:00,0,0,45,1,Defender,0,0
0,18092,Cuellar,0,0,RDG(H) 3-0,Sunderland,38916,Carlos,0,90,27,16,1,1,1,11 Dec 19:45,0,0,46,10,Defender,0,0
0,-7883,Cuellar,3,0,MUN(A) 1-3,Sunderland,38917,Carlos,0,90,5,17,0,0,0,15 Dec 15:00,0,0,46,1,Defender,0,0
0,-1902,Cuellar,0,0,SOU(A) 1-0,Sunderland,38918,Carlos,0,90,19,18,0,1,0,22 Dec 15:00,0,0,46,6,Defender,0,0
0,-321,Cuellar,0,0,MCI(H) 1-0,Sunderland,38919,Carlos,0,90,26,19,2,1,1,26 Dec 15:00,0,0,46,11,Defender,0,0
1,30816,Cuellar,2,0,TOT(H) 1-2,Sunderland,38920,Carlos,1,90,-7,20,0,0,0,29 Dec 12:45,0,0,46,-2,Defender,0,0
0,7335,Cuellar,3,0,LIV(A) 0-3,Sunderland,38921,Carlos,0,90,11,21,0,0,0,02 Jan 19:45,0,0,47,1,Defender,0,0
0,-19381,Cuellar,0,0,WHU(H) 3-0,Sunderland,38922,Carlos,0,0,0,22,0,0,0,12 Jan 15:00,0,0,47,0,Defender,0,0
0,-31547,Cuellar,0,0,WIG(A) 3-2,Sunderland,38923,Carlos,0,0,0,23,0,0,0,19 Jan 15:00,0,0,46,0,Defender,0,0
0,-17905,Cuellar,0,0,SWA(H) 0-0,Sunderland,38924,Carlos,0,0,0,24,0,0,0,29 Jan 19:45,0,0,45,0,Defender,0,0
0,-5509,Cuellar,0,0,RDG(A) 1-2,Sunderland,38925,Carlos,0,0,0,25,0,0,0,02 Feb 15:00,0,0,45,0,Defender,0,0
0,-2469,Cuellar,0,0,ARS(H) 0-1,Sunderland,38926,Carlos,0,0,0,26,0,0,0,09 Feb 15:00,0,0,44,0,Defender,0,0
0,1739,Cuellar,0,0,WBA(A) 1-2,Sunderland,38927,Carlos,0,0,0,27,0,0,0,23 Feb 15:00,0,0,44,0,Defender,0,0
0,-189,Cuellar,0,0,FUL(H) 2-2,Sunderland,38928,Carlos,0,0,0,28,0,0,0,02 Mar 15:00,0,0,44,0,Defender,0,0
0,-807,Cuellar,0,0,QPR(A) 1-3,Sunderland,38929,Carlos,0,0,0,29,0,0,0,09 Mar 15:00,0,0,44,0,Defender,0,0
0,-1923,Cuellar,1,0,NOR(H) 1-1,Sunderland,38930,Carlos,0,70,5,30,0,0,0,17 Mar 13:30,0,0,44,2,Defender,0,0
0,-2709,Cuellar,0,0,MUN(H) 0-1,Sunderland,38931,Carlos,0,0,0,31,0,0,0,30 Mar 12:45,0,0,44,0,Defender,0,0
0,-2574,Cuellar,0,0,CHE(A) 1-2,Sunderland,38932,Carlos,0,0,0,32,0,0,0,07 Apr 15:00,0,0,43,0,Defender,0,0
0,-1453,Cuellar,0,0,NEW(A) 3-0,Sunderland,38933,Carlos,0,71,24,33,0,1,0,14 Apr 12:00,0,0,43,6,Defender,0,0
0,634,Cuellar,0,0,EVE(H) 1-0,Sunderland,38934,Carlos,0,90,16,34,0,1,0,20 Apr 15:00,0,0,43,6,Defender,0,0
1,2263,Cuellar,6,0,AVL(A) 1-6,Sunderland,38935,Carlos,0,90,10,35,0,0,0,29 Apr 20:00,0,0,43,-2,Defender,0,0
1,190,Cuellar,1,0,STK(H) 1-1,Sunderland,38936,Carlos,0,90,5,36,0,0,0,06 May 20:00,0,0,43,1,Defender,0,0
0,1109,Cuellar,1,0,SOU(H) 1-1,Sunderland,38937,Carlos,0,90,14,37,0,0,0,12 May 15:00,0,0,43,2,Defender,0,0
0,-453,Cuellar,1,0,TOT(A) 0-1,Sunderland,38938,Carlos,0,90,11,38,0,0,0,19 May 16:00,0,0,43,2,Defender,0,0
0,0,Gardner,0,0,ARS(A) 0-0,Sunderland,3961,Craig,0,90,7,1,0,1,0,18 Aug 15:00,0,0,50,3,Midfielder,0,0
1,-1852,Gardner,2,0,SWA(A) 2-2,Sunderland,3963,Craig,0,90,6,3,0,0,0,01 Sep 15:00,0,0,50,1,Midfielder,0,0
0,-1333,Gardner,1,0,LIV(H) 1-1,Sunderland,3964,Craig,0,90,8,4,0,0,1,15 Sep 17:30,0,0,49,5,Midfielder,0,0
1,-157,Gardner,1,0,WHU(A) 1-1,Sunderland,3965,Craig,0,90,19,5,2,0,0,22 Sep 15:00,0,0,49,3,Midfielder,0,0
0,767,Gardner,0,0,WIG(H) 1-0,Sunderland,3966,Craig,0,90,9,6,0,1,0,29 Sep 15:00,0,0,49,3,Midfielder,0,0
1,-219,Gardner,3,0,MCI(A) 0-3,Sunderland,3967,Craig,0,90,2,7,0,0,0,06 Oct 12:45,0,0,49,1,Midfielder,0,0
0,-403,Gardner,1,0,NEW(H) 1-1,Sunderland,3968,Craig,0,90,-4,8,0,0,0,21 Oct 13:30,0,0,49,2,Midfielder,0,0
1,-269,Gardner,0,0,STK(A) 0-0,Sunderland,3969,Craig,0,90,8,9,0,1,0,27 Oct 15:00,0,0,49,2,Midfielder,0,0
0,-281,Gardner,1,0,AVL(H) 0-1,Sunderland,39610,Craig,0,66,-1,10,0,0,0,03 Nov 15:00,0,0,49,2,Midfielder,0,0
1,-348,Gardner,2,0,EVE(A) 1-2,Sunderland,39611,Craig,0,90,14,11,0,0,1,10 Nov 15:00,0,0,49,4,Midfielder,0,0
0,-1114,Gardner,0,0,FUL(A) 3-1,Sunderland,39612,Craig,0,0,0,12,0,0,0,18 Nov 16:00,0,0,49,0,Midfielder,0,0
1,-184,Gardner,3,0,WBA(H) 2-4,Sunderland,39613,Craig,0,56,23,13,0,0,0,24 Nov 12:45,0,0,49,5,Midfielder,0,1
0,944,Gardner,0,0,QPR(H) 0-0,Sunderland,39614,Craig,0,77,-10,14,0,1,0,27 Nov 19:45,0,0,49,3,Midfielder,0,0
0,769,Gardner,2,0,NOR(A) 1-2,Sunderland,39615,Craig,0,90,13,15,0,0,0,02 Dec 16:00,0,0,49,7,Midfielder,0,1
0,17253,Gardner,0,0,RDG(H) 3-0,Sunderland,39616,Craig,0,90,19,16,0,1,0,11 Dec 19:45,0,0,49,3,Midfielder,0,0
0,-3597,Gardner,3,0,MUN(A) 1-3,Sunderland,39617,Craig,0,90,0,17,0,0,0,15 Dec 15:00,0,0,49,2,Midfielder,0,0
0,-1436,Gardner,0,0,SOU(A) 1-0,Sunderland,39618,Craig,0,90,16,18,0,1,0,22 Dec 15:00,0,0,49,3,Midfielder,0,0
0,-1142,Gardner,0,0,MCI(H) 1-0,Sunderland,39619,Craig,0,90,10,19,0,1,0,26 Dec 15:00,0,0,49,3,Midfielder,0,0
0,-999,Gardner,2,0,TOT(H) 1-2,Sunderland,39620,Craig,0,90,16,20,0,0,0,29 Dec 12:45,0,0,49,2,Midfielder,0,0
0,-1073,Gardner,3,0,LIV(A) 0-3,Sunderland,39621,Craig,0,90,-3,21,0,0,0,02 Jan 19:45,0,0,49,2,Midfielder,0,0
0,-3154,Gardner,0,0,WHU(H) 3-0,Sunderland,39622,Craig,0,90,6,22,0,1,0,12 Jan 15:00,0,0,49,3,Midfielder,0,0
0,-815,Gardner,2,0,WIG(A) 3-2,Sunderland,39623,Craig,0,90,29,23,2,0,0,19 Jan 15:00,0,0,49,9,Midfielder,0,1
0,6637,Gardner,0,0,SWA(H) 0-0,Sunderland,39624,Craig,0,90,1,24,0,1,0,29 Jan 19:45,0,0,49,3,Midfielder,0,0
1,3469,Gardner,2,0,RDG(A) 1-2,Sunderland,39625,Craig,0,90,21,25,1,0,0,02 Feb 15:00,0,0,49,7,Midfielder,0,1
0,4068,Gardner,1,0,ARS(H) 0-1,Sunderland,39626,Craig,0,90,6,26,0,0,0,09 Feb 15:00,0,0,49,2,Midfielder,0,0
0,4620,Gardner,2,0,WBA(A) 1-2,Sunderland,39627,Craig,0,90,10,27,0,0,0,23 Feb 15:00,0,0,49,2,Midfielder,0,0
0,1108,Gardner,2,0,FUL(H) 2-2,Sunderland,39628,Craig,0,90,11,28,0,0,0,02 Mar 15:00,0,0,49,7,Midfielder,0,1
1,13903,Gardner,3,0,QPR(A) 1-3,Sunderland,39629,Craig,0,90,6,29,0,0,0,09 Mar 15:00,0,0,50,1,Midfielder,0,0
0,6722,Gardner,1,0,NOR(H) 1-1,Sunderland,39630,Craig,0,90,26,30,3,0,0,17 Mar 13:30,0,0,50,10,Midfielder,0,1
0,10221,Gardner,1,0,MUN(H) 0-1,Sunderland,39631,Craig,0,90,-6,31,0,0,0,30 Mar 12:45,0,0,51,2,Midfielder,0,0
1,1753,Gardner,2,0,CHE(A) 1-2,Sunderland,39632,Craig,0,81,2,32,0,0,0,07 Apr 15:00,0,0,51,1,Midfielder,0,0
0,-18682,Gardner,0,0,NEW(A) 3-0,Sunderland,39633,Craig,0,0,0,33,0,0,0,14 Apr 12:00,0,0,51,0,Midfielder,0,0
0,-7273,Gardner,0,0,EVE(H) 1-0,Sunderland,39634,Craig,0,0,0,34,0,0,0,20 Apr 15:00,0,0,50,0,Midfielder,0,0
0,418,Gardner,5,0,AVL(A) 1-6,Sunderland,39635,Craig,0,85,3,35,0,0,0,29 Apr 20:00,0,0,50,2,Midfielder,0,0
0,-789,Gardner,1,0,STK(H) 1-1,Sunderland,39636,Craig,0,33,-4,36,0,0,0,06 May 20:00,0,0,50,-2,Midfielder,1,0
0,-4945,Gardner,0,0,SOU(H) 1-1,Sunderland,39637,Craig,0,0,0,37,0,0,0,12 May 15:00,0,0,50,0,Midfielder,0,0
0,-3369,Gardner,0,0,TOT(A) 0-1,Sunderland,39638,Craig,0,0,0,38,0,0,0,19 May 16:00,0,0,49,0,Midfielder,0,0
0,0,Lynch,0,0,ARS(A) 0-0,Sunderland,4001,Craig,0,0,0,1,0,0,0,18 Aug 15:00,0,0,45,0,Forward,0,0
0,-71,Lynch,0,0,SWA(A) 2-2,Sunderland,4003,Craig,0,0,0,3,0,0,0,01 Sep 15:00,0,0,45,0,Forward,0,0
0,-42,Lynch,0,0,LIV(H) 1-1,Sunderland,4004,Craig,0,0,0,4,0,0,0,15 Sep 17:30,0,0,45,0,Forward,0,0
0,3,Lynch,0,0,WHU(A) 1-1,Sunderland,4005,Craig,0,0,0,5,0,0,0,22 Sep 15:00,0,0,44,0,Forward,0,0
0,63,Lynch,0,0,WIG(H) 1-0,Sunderland,4006,Craig,0,0,0,6,0,0,0,29 Sep 15:00,0,0,44,0,Forward,0,0
0,13,Lynch,0,0,MCI(A) 0-3,Sunderland,4007,Craig,0,0,0,7,0,0,0,06 Oct 12:45,0,0,44,0,Forward,0,0
0,8,Lynch,0,0,NEW(H) 1-1,Sunderland,4008,Craig,0,0,0,8,0,0,0,21 Oct 13:30,0,0,44,0,Forward,0,0
0,-7,Lynch,0,0,STK(A) 0-0,Sunderland,4009,Craig,0,0,0,9,0,0,0,27 Oct 15:00,0,0,44,0,Forward,0,0
0,-3,Lynch,0,0,AVL(H) 0-1,Sunderland,40010,Craig,0,0,0,10,0,0,0,03 Nov 15:00,0,0,44,0,Forward,0,0
0,-23,Lynch,0,0,EVE(A) 1-2,Sunderland,40011,Craig,0,0,0,11,0,0,0,10 Nov 15:00,0,0,44,0,Forward,0,0
0,-22,Lynch,0,0,FUL(A) 3-1,Sunderland,40012,Craig,0,0,0,12,0,0,0,18 Nov 16:00,0,0,44,0,Forward,0,0
0,-24,Lynch,0,0,WBA(H) 2-4,Sunderland,40013,Craig,0,0,0,13,0,0,0,24 Nov 12:45,0,0,44,0,Forward,0,0
0,-23,Lynch,0,0,QPR(H) 0-0,Sunderland,40014,Craig,0,0,0,14,0,0,0,27 Nov 19:45,0,0,44,0,Forward,0,0
0,-16,Lynch,0,0,NOR(A) 1-2,Sunderland,40015,Craig,0,0,0,15,0,0,0,02 Dec 16:00,0,0,44,0,Forward,0,0
0,-21,Lynch,0,0,RDG(H) 3-0,Sunderland,40016,Craig,0,0,0,16,0,0,0,11 Dec 19:45,0,0,44,0,Forward,0,0
0,0,Lynch,0,0,MUN(A) 1-3,Sunderland,40017,Craig,0,0,0,17,0,0,0,15 Dec 15:00,0,0,44,0,Forward,0,0
0,-9,Lynch,0,0,SOU(A) 1-0,Sunderland,40018,Craig,0,0,0,18,0,0,0,22 Dec 15:00,0,0,44,0,Forward,0,0
0,-4,Lynch,0,0,MCI(H) 1-0,Sunderland,40019,Craig,0,0,0,19,0,0,0,26 Dec 15:00,0,0,44,0,Forward,0,0
0,-17,Lynch,0,0,TOT(H) 1-2,Sunderland,40020,Craig,0,0,0,20,0,0,0,29 Dec 12:45,0,0,44,0,Forward,0,0
0,-7,Lynch,0,0,LIV(A) 0-3,Sunderland,40021,Craig,0,0,0,21,0,0,0,02 Jan 19:45,0,0,44,0,Forward,0,0
0,-31,Lynch,0,0,WHU(H) 3-0,Sunderland,40022,Craig,0,0,0,22,0,0,0,12 Jan 15:00,0,0,44,0,Forward,0,0
0,-3,Lynch,0,0,WIG(A) 3-2,Sunderland,40023,Craig,0,0,0,23,0,0,0,19 Jan 15:00,0,0,44,0,Forward,0,0
0,-21,Lynch,0,0,SWA(H) 0-0,Sunderland,40024,Craig,0,0,0,24,0,0,0,29 Jan 19:45,0,0,44,0,Forward,0,0
0,-3,Lynch,0,0,RDG(A) 1-2,Sunderland,40025,Craig,0,0,0,25,0,0,0,02 Feb 15:00,0,0,43,0,Forward,0,0
0,61,Lynch,0,0,ARS(H) 0-1,Sunderland,40026,Craig,0,0,0,26,0,0,0,09 Feb 15:00,0,0,43,0,Forward,0,0
0,101,Lynch,0,0,WBA(A) 1-2,Sunderland,40027,Craig,0,0,0,27,0,0,0,23 Feb 15:00,0,0,43,0,Forward,0,0
0,341,Lynch,0,0,FUL(H) 2-2,Sunderland,40028,Craig,0,0,0,28,0,0,0,02 Mar 15:00,0,0,43,0,Forward,0,0
0,202,Lynch,0,0,QPR(A) 1-3,Sunderland,40029,Craig,0,0,0,29,0,0,0,09 Mar 15:00,0,0,43,0,Forward,0,0
0,-20,Lynch,0,0,NOR(H) 1-1,Sunderland,40030,Craig,0,0,0,30,0,0,0,17 Mar 13:30,0,0,43,0,Forward,0,0
0,-17,Lynch,0,0,MUN(H) 0-1,Sunderland,40031,Craig,0,0,0,31,0,0,0,30 Mar 12:45,0,0,43,0,Forward,0,0
0,-28,Lynch,0,0,CHE(A) 1-2,Sunderland,40032,Craig,0,0,0,32,0,0,0,07 Apr 15:00,0,0,43,0,Forward,0,0
0,-39,Lynch,0,0,NEW(A) 3-0,Sunderland,40033,Craig,0,0,0,33,0,0,0,14 Apr 12:00,0,0,43,0,Forward,0,0
0,-21,Lynch,0,0,EVE(H) 1-0,Sunderland,40034,Craig,0,0,0,34,0,0,0,20 Apr 15:00,0,0,43,0,Forward,0,0
0,2,Lynch,0,0,AVL(A) 1-6,Sunderland,40035,Craig,0,0,0,35,0,0,0,29 Apr 20:00,0,0,43,0,Forward,0,0
0,2,Lynch,0,0,STK(H) 1-1,Sunderland,40036,Craig,0,0,0,36,0,0,0,06 May 20:00,0,0,43,0,Forward,0,0
0,-9,Lynch,0,0,SOU(H) 1-1,Sunderland,40037,Craig,0,0,0,37,0,0,0,12 May 15:00,0,0,43,0,Forward,0,0
0,12,Lynch,0,0,TOT(A) 0-1,Sunderland,40038,Craig,0,0,0,38,0,0,0,19 May 16:00,0,0,43,0,Forward,0,0
0,0,Wickham,0,0,ARS(A) 0-0,Sunderland,4031,Connor,0,0,0,1,0,0,0,18 Aug 15:00,0,0,55,0,Forward,0,0
0,-331,Wickham,0,0,SWA(A) 2-2,Sunderland,4033,Connor,0,0,0,3,0,0,0,01 Sep 15:00,0,0,54,0,Forward,0,0
0,-240,Wickham,0,0,LIV(H) 1-1,Sunderland,4034,Connor,0,0,0,4,0,0,0,15 Sep 17:30,0,0,53,0,Forward,0,0
0,-133,Wickham,0,0,WHU(A) 1-1,Sunderland,4035,Connor,0,0,0,5,0,0,0,22 Sep 15:00,0,0,52,0,Forward,0,0
0,-98,Wickham,0,0,WIG(H) 1-0,Sunderland,4036,Connor,0,0,0,6,0,0,0,29 Sep 15:00,0,0,52,0,Forward,0,0
0,-73,Wickham,0,0,MCI(A) 0-3,Sunderland,4037,Connor,0,0,0,7,0,0,0,06 Oct 12:45,0,0,51,0,Forward,0,0
0,-50,Wickham,0,0,NEW(H) 1-1,Sunderland,4038,Connor,0,0,0,8,0,0,0,21 Oct 13:30,0,0,51,0,Forward,0,0
0,-33,Wickham,0,0,STK(A) 0-0,Sunderland,4039,Connor,0,0,0,9,0,0,0,27 Oct 15:00,0,0,51,0,Forward,0,0
0,-30,Wickham,0,0,AVL(H) 0-1,Sunderland,40310,Connor,0,0,0,10,0,0,0,03 Nov 15:00,0,0,51,0,Forward,0,0
0,-28,Wickham,0,0,EVE(A) 1-2,Sunderland,40311,Connor,0,3,0,11,0,0,0,10 Nov 15:00,0,0,51,1,Forward,0,0
0,-19,Wickham,0,0,FUL(A) 3-1,Sunderland,40312,Connor,0,0,0,12,0,0,0,18 Nov 16:00,0,0,50,0,Forward,0,0
0,-20,Wickham,0,0,WBA(H) 2-4,Sunderland,40313,Connor,0,0,0,13,0,0,0,24 Nov 12:45,0,0,50,0,Forward,0,0
0,-10,Wickham,0,0,QPR(H) 0-0,Sunderland,40314,Connor,0,0,0,14,0,0,0,27 Nov 19:45,0,0,50,0,Forward,0,0
0,-16,Wickham,0,0,NOR(A) 1-2,Sunderland,40315,Connor,0,45,2,15,0,0,0,02 Dec 16:00,0,0,50,1,Forward,0,0
0,211,Wickham,0,0,RDG(H) 3-0,Sunderland,40316,Connor,0,0,0,16,0,0,0,11 Dec 19:45,0,0,50,0,Forward,0,0
0,-95,Wickham,1,0,MUN(A) 1-3,Sunderland,40317,Connor,0,45,-8,17,0,0,0,15 Dec 15:00,0,0,50,1,Forward,0,0
0,14,Wickham,0,0,SOU(A) 1-0,Sunderland,40318,Connor,0,0,0,18,0,0,0,22 Dec 15:00,0,0,50,0,Forward,0,0
0,-29,Wickham,0,0,MCI(H) 1-0,Sunderland,40319,Connor,0,0,0,19,0,0,0,26 Dec 15:00,0,0,50,0,Forward,0,0
0,-42,Wickham,0,0,TOT(H) 1-2,Sunderland,40320,Connor,0,11,-4,20,0,0,0,29 Dec 12:45,0,0,50,1,Forward,0,0
0,-11,Wickham,0,0,LIV(A) 0-3,Sunderland,40321,Connor,0,0,0,21,0,0,0,02 Jan 19:45,0,0,50,0,Forward,0,0
0,-11,Wickham,0,0,WHU(H) 3-0,Sunderland,40322,Connor,0,12,2,22,0,0,0,12 Jan 15:00,0,0,50,1,Forward,0,0
0,-24,Wickham,0,0,WIG(A) 3-2,Sunderland,40323,Connor,0,0,0,23,0,0,0,19 Jan 15:00,0,0,50,0,Forward,0,0
0,-27,Wickham,0,0,SWA(H) 0-0,Sunderland,40324,Connor,0,7,1,24,0,0,0,29 Jan 19:45,0,0,50,1,Forward,0,0
0,-12,Wickham,0,0,RDG(A) 1-2,Sunderland,40325,Connor,0,0,0,25,0,0,0,02 Feb 15:00,0,0,50,0,Forward,0,0
0,-17,Wickham,0,0,ARS(H) 0-1,Sunderland,40326,Connor,0,0,0,26,0,0,0,09 Feb 15:00,0,0,50,0,Forward,0,0
0,-49,Wickham,0,0,WBA(A) 1-2,Sunderland,40327,Connor,0,0,0,27,0,0,0,23 Feb 15:00,0,0,50,0,Forward,0,0
0,-10,Wickham,0,0,FUL(H) 2-2,Sunderland,40328,Connor,0,0,0,28,0,0,0,02 Mar 15:00,0,0,50,0,Forward,0,0
0,-11,Wickham,0,0,QPR(A) 1-3,Sunderland,40329,Connor,0,0,0,29,0,0,0,09 Mar 15:00,0,0,50,0,Forward,0,0
0,-4,Wickham,0,0,NOR(H) 1-1,Sunderland,40330,Connor,0,7,1,30,0,0,0,17 Mar 13:30,0,0,50,1,Forward,0,0
0,21,Wickham,0,0,MUN(H) 0-1,Sunderland,40331,Connor,0,15,5,31,0,0,0,30 Mar 12:45,0,0,50,1,Forward,0,0
0,29,Wickham,2,0,CHE(A) 1-2,Sunderland,40332,Connor,0,90,-5,32,0,0,0,07 Apr 15:00,0,0,50,2,Forward,0,0
0,73,Wickham,0,0,NEW(A) 3-0,Sunderland,40333,Connor,0,0,0,33,0,0,0,14 Apr 12:00,0,0,50,0,Forward,0,0
0,-34,Wickham,0,0,EVE(H) 1-0,Sunderland,40334,Connor,0,0,0,34,0,0,0,20 Apr 15:00,0,0,50,0,Forward,0,0
0,-30,Wickham,0,0,AVL(A) 1-6,Sunderland,40335,Connor,0,0,0,35,0,0,0,29 Apr 20:00,0,0,50,0,Forward,0,0
0,-14,Wickham,0,0,STK(H) 1-1,Sunderland,40336,Connor,0,0,0,36,0,0,0,06 May 20:00,0,0,50,0,Forward,0,0
0,-7,Wickham,1,0,SOU(H) 1-1,Sunderland,40337,Connor,0,45,3,37,0,0,0,12 May 15:00,0,0,50,1,Forward,0,0
0,35,Wickham,0,0,TOT(A) 0-1,Sunderland,40338,Connor,0,73,6,38,0,1,0,19 May 16:00,0,0,50,2,Forward,0,0
0,0,Chico,0,0,QPR(A) 5-0,Swansea,4141,,0,90,22,1,0,1,0,18 Aug 15:00,0,0,50,6,Defender,0,0
1,4511,Chico,0,0,WHU(H) 3-0,Swansea,4142,,0,90,15,2,0,1,0,25 Aug 12:45,0,0,50,5,Defender,0,0
0,2975,Chico,2,0,SUN(H) 2-2,Swansea,4143,,0,70,2,3,0,0,0,01 Sep 15:00,0,0,50,-2,Defender,1,0
0,-5391,Chico,0,0,AVL(A) 0-2,Swansea,4144,,0,0,0,4,0,0,0,15 Sep 15:00,0,0,50,0,Defender,0,0
0,-1465,Chico,0,0,EVE(H) 0-3,Swansea,4145,,0,0,0,5,0,0,0,22 Sep 12:45,0,0,49,0,Defender,0,0
0,-344,Chico,2,0,STK(A) 0-2,Swansea,4146,,0,90,5,6,0,0,0,29 Sep 15:00,0,0,49,1,Defender,0,0
0,353,Chico,2,0,RDG(H) 2-2,Swansea,4147,,0,90,4,7,0,0,0,06 Oct 15:00,0,0,49,1,Defender,0,0
0,-297,Chico,1,0,WIG(H) 2-1,Swansea,4148,,0,90,10,8,0,0,0,20 Oct 15:00,0,0,49,2,Defender,0,0
0,-600,Chico,1,0,MCI(A) 0-1,Swansea,4149,,0,90,-1,9,0,0,0,27 Oct 17:30,0,0,49,2,Defender,0,0
0,-469,Chico,0,0,CHE(H) 1-1,Swansea,41410,,0,0,0,10,0,0,0,03 Nov 15:00,0,0,49,0,Defender,0,0
0,-646,Chico,0,0,SOU(A) 1-1,Swansea,41411,,0,0,0,11,0,0,0,10 Nov 15:00,0,0,48,0,Defender,0,0
0,-535,Chico,0,0,NEW(A) 2-1,Swansea,41412,,0,0,0,12,0,0,0,17 Nov 15:00,0,0,48,0,Defender,0,0
1,-398,Chico,0,0,LIV(H) 0-0,Swansea,41413,,0,90,5,13,0,1,0,25 Nov 13:30,0,0,48,5,Defender,0,0
0,46,Chico,1,0,WBA(H) 3-1,Swansea,41414,,0,90,6,14,0,0,0,28 Nov 19:45,0,0,48,2,Defender,0,0
0,-93,Chico,0,0,ARS(A) 2-0,Swansea,41415,,0,90,19,15,0,1,0,01 Dec 15:00,0,0,48,6,Defender,0,0
0,281,Chico,4,0,NOR(H) 3-4,Swansea,41416,,0,90,-2,16,0,0,0,08 Dec 15:00,0,0,48,0,Defender,0,0
1,-106,Chico,1,0,TOT(A) 0-1,Swansea,41417,,0,90,2,17,0,0,0,16 Dec 13:30,0,0,48,1,Defender,0,0
1,0,Chico,1,0,MUN(H) 1-1,Swansea,41418,,0,90,6,18,0,0,0,23 Dec 13:30,0,0,48,1,Defender,0,0
0,414,Chico,0,0,RDG(A) 0-0,Swansea,41419,,0,90,15,19,3,1,0,26 Dec 15:00,0,0,48,9,Defender,0,0
0,941,Chico,0,0,FUL(A) 2-1,Swansea,41420,,0,0,0,20,0,0,0,29 Dec 15:00,0,0,48,0,Defender,0,0
0,817,Chico,2,0,AVL(H) 2-2,Swansea,41421,,0,90,10,21,0,0,0,01 Jan 15:00,0,0,48,1,Defender,0,0
0,528,Chico,0,0,EVE(A) 0-0,Swansea,41422,,0,90,12,22,0,1,0,12 Jan 15:00,0,0,48,6,Defender,0,0
0,1052,Chico,0,0,STK(H) 3-1,Swansea,41423,,0,0,0,23,0,0,0,19 Jan 15:00,0,0,48,0,Defender,0,0
0,-168,Chico,0,0,SUN(A) 0-0,Swansea,41424,,0,90,14,24,0,1,0,29 Jan 19:45,0,0,48,6,Defender,0,0
1,1381,Chico,1,0,WHU(A) 0-1,Swansea,41425,,0,90,2,25,0,0,0,02 Feb 15:00,0,0,48,1,Defender,0,0
0,1055,Chico,0,0,LIV(A) 0-5,Swansea,41426,,0,0,0,26,0,0,0,17 Feb 15:00,0,0,48,0,Defender,0,0
0,-1232,Chico,0,0,NEW(H) 1-0,Swansea,41428,,0,0,0,28,0,0,0,02 Mar 15:00,0,0,48,0,Defender,0,0
0,-860,Chico,0,0,WBA(A) 1-2,Swansea,41429,,0,0,0,29,0,0,0,09 Mar 15:00,0,0,47,0,Defender,0,0
0,-466,Chico,0,0,ARS(H) 0-2,Swansea,41430,,0,0,0,30,0,0,0,16 Mar 15:00,0,0,47,0,Defender,0,0
0,-302,Chico,2,0,TOT(H) 1-2,Swansea,41431,,0,65,5,31,0,0,0,30 Mar 15:00,0,0,46,1,Defender,0,0
0,144,Chico,2,0,NOR(A) 2-2,Swansea,41432,,0,90,7,32,0,0,0,06 Apr 15:00,0,0,46,1,Defender,0,0
0,105,Chico,0,0,SOU(H) 0-0,Swansea,41434,,0,90,6,34,0,1,0,20 Apr 15:00,0,0,46,6,Defender,0,0
0,129,Chico,2,0,CHE(A) 0-2,Swansea,41435,,0,90,10,35,0,0,0,28 Apr 15:00,0,0,46,1,Defender,0,0
0,465,Chico,0,0,WIG(A) 3-2,Swansea,41436,,0,0,0,36,0,0,0,07 May 19:45,0,0,46,0,Defender,0,0
0,-143,Chico,2,0,MUN(A) 1-2,Swansea,41437,,0,90,7,37,0,0,0,12 May 16:00,0,0,46,1,Defender,0,0
0,399,Chico,3,0,FUL(H) 0-3,Swansea,41438,,0,90,7,38,0,0,0,19 May 16:00,0,0,46,1,Defender,0,0
0,0,Cudicini,0,0,NEW(A) 1-2,Tottenham,4321,Carlo,0,0,0,1,0,0,0,18 Aug 17:30,0,0,45,0,Goalkeeper,0,0
0,-224,Cudicini,0,0,WBA(H) 1-1,Tottenham,4322,Carlo,0,0,0,2,0,0,0,25 Aug 15:00,0,0,45,0,Goalkeeper,0,0
0,-392,Cudicini,0,0,NOR(H) 1-1,Tottenham,4323,Carlo,0,0,0,3,0,0,0,01 Sep 15:00,0,0,45,0,Goalkeeper,0,0
0,-425,Cudicini,0,0,RDG(A) 3-1,Tottenham,4324,Carlo,0,0,0,4,0,0,0,16 Sep 16:00,0,0,45,0,Goalkeeper,0,0
0,-285,Cudicini,0,0,QPR(H) 2-1,Tottenham,4325,Carlo,0,0,0,5,0,0,0,23 Sep 16:00,0,0,44,0,Goalkeeper,0,0
0,-160,Cudicini,0,0,MUN(A) 3-2,Tottenham,4326,Carlo,0,0,0,6,0,0,0,29 Sep 17:30,0,0,44,0,Goalkeeper,0,0
0,-108,Cudicini,0,0,AVL(H) 2-0,Tottenham,4327,Carlo,0,0,0,7,0,0,0,07 Oct 15:00,0,0,44,0,Goalkeeper,0,0
0,-140,Cudicini,0,0,CHE(H) 2-4,Tottenham,4328,Carlo,0,0,0,8,0,0,0,20 Oct 12:45,0,0,44,0,Goalkeeper,0,0
0,-114,Cudicini,0,0,SOU(A) 2-1,Tottenham,4329,Carlo,0,0,0,9,0,0,0,28 Oct 15:00,0,0,44,0,Goalkeeper,0,0
0,-104,Cudicini,0,0,WIG(H) 0-1,Tottenham,43210,Carlo,0,0,0,10,0,0,0,03 Nov 15:00,0,0,44,0,Goalkeeper,0,0
0,-99,Cudicini,0,0,MCI(A) 1-2,Tottenham,43211,Carlo,0,0,0,11,0,0,0,11 Nov 13:30,0,0,44,0,Goalkeeper,0,0
0,-79,Cudicini,0,0,ARS(A) 2-5,Tottenham,43212,Carlo,0,0,0,12,0,0,0,17 Nov 12:45,0,0,44,0,Goalkeeper,0,0
0,-97,Cudicini,0,0,WHU(H) 3-1,Tottenham,43213,Carlo,0,0,0,13,0,0,0,25 Nov 16:00,0,0,44,0,Goalkeeper,0,0
0,-44,Cudicini,0,0,LIV(H) 2-1,Tottenham,43214,Carlo,0,0,0,14,0,0,0,28 Nov 19:45,0,0,43,0,Goalkeeper,0,0
0,-45,Cudicini,0,0,FUL(A) 3-0,Tottenham,43215,Carlo,0,0,0,15,0,0,0,01 Dec 15:00,0,0,43,0,Goalkeeper,0,0
0,-74,Cudicini,0,0,EVE(A) 1-2,Tottenham,43216,Carlo,0,0,0,16,0,0,0,09 Dec 15:00,0,0,43,0,Goalkeeper,0,0
0,-90,Cudicini,0,0,SWA(H) 1-0,Tottenham,43217,Carlo,0,0,0,17,0,0,0,16 Dec 13:30,0,0,43,0,Goalkeeper,0,0
0,-42,Cudicini,0,0,STK(H) 0-0,Tottenham,43218,Carlo,0,0,0,18,0,0,0,22 Dec 15:00,0,0,43,0,Goalkeeper,0,0
0,-25,Cudicini,0,0,AVL(A) 4-0,Tottenham,43219,Carlo,0,0,0,19,0,0,0,26 Dec 17:30,0,0,43,0,Goalkeeper,0,0
0,-30,Cudicini,0,0,SUN(A) 2-1,Tottenham,43220,Carlo,0,0,0,20,0,0,0,29 Dec 12:45,0,0,43,0,Goalkeeper,0,0
0,-40,Cudicini,0,0,RDG(H) 3-1,Tottenham,43221,Carlo,0,0,0,21,0,0,0,01 Jan 15:00,0,0,43,0,Goalkeeper,0,0
0,-213,Cudicini,0,0,QPR(A) 0-0,Tottenham,43222,Carlo,0,0,0,22,0,0,0,12 Jan 12:45,0,0,43,0,Goalkeeper,0,0
0,-71,Cudicini,0,0,MUN(H) 1-1,Tottenham,43223,Carlo,0,0,0,23,0,0,0,20 Jan 16:00,0,0,43,0,Goalkeeper,0,0
0,-73,Cudicini,0,0,NOR(A) 1-1,Tottenham,43224,Carlo,0,0,0,24,0,0,0,30 Jan 19:45,0,0,43,0,Goalkeeper,0,0
0,-142,Cudicini,0,0,WBA(A) 1-0,Tottenham,43225,Carlo,0,0,0,25,0,0,0,03 Feb 13:30,0,0,43,0,Goalkeeper,0,0
0,-118,Cudicini,0,0,NEW(H) 2-1,Tottenham,43226,Carlo,0,0,0,26,0,0,0,09 Feb 12:45,0,0,43,0,Goalkeeper,0,0
0,-104,Cudicini,0,0,WHU(A) 3-2,Tottenham,43227,Carlo,0,0,0,27,0,0,0,25 Feb 20:00,0,0,43,0,Goalkeeper,0,0
0,-48,Cudicini,0,0,ARS(H) 2-1,Tottenham,43228,Carlo,0,0,0,28,0,0,0,03 Mar 16:00,0,0,43,0,Goalkeeper,0,0
0,-47,Cudicini,0,0,LIV(A) 2-3,Tottenham,43229,Carlo,0,0,0,29,0,0,0,10 Mar 16:00,0,0,43,0,Goalkeeper,0,0
0,-33,Cudicini,0,0,FUL(H) 0-1,Tottenham,43230,Carlo,0,0,0,30,0,0,0,17 Mar 15:00,0,0,43,0,Goalkeeper,0,0
0,-30,Cudicini,0,0,SWA(A) 2-1,Tottenham,43231,Carlo,0,0,0,31,0,0,0,30 Mar 15:00,0,0,43,0,Goalkeeper,0,0
0,-16,Cudicini,0,0,EVE(H) 2-2,Tottenham,43232,Carlo,0,0,0,32,0,0,0,07 Apr 14:05,0,0,43,0,Goalkeeper,0,0
0,-7,Cudicini,0,0,MCI(H) 3-1,Tottenham,43234,Carlo,0,0,0,34,0,0,0,21 Apr 13:30,0,0,43,0,Goalkeeper,0,0
0,-14,Cudicini,0,0,WIG(A) 2-2,Tottenham,43235,Carlo,0,0,0,35,0,0,0,27 Apr 15:00,0,0,43,0,Goalkeeper,0,0
0,-7,Cudicini,0,0,CHE(A) 2-2,Tottenham,43236,Carlo,0,0,0,36,0,0,0,08 May 19:45,0,0,43,0,Goalkeeper,0,0
0,-9,Cudicini,0,0,STK(A) 2-1,Tottenham,43237,Carlo,0,0,0,37,0,0,0,12 May 13:30,0,0,43,0,Goalkeeper,0,0
0,-3,Cudicini,0,0,SUN(H) 1-0,Tottenham,43238,Carlo,0,0,0,38,0,0,0,19 May 16:00,0,0,43,0,Goalkeeper,0,0
0,0,Lancaster,0,0,NEW(A) 1-2,Tottenham,4611,Cameron,0,0,0,1,0,0,0,18 Aug 17:30,0,0,45,0,Forward,0,0
0,-24,Lancaster,0,0,WBA(H) 1-1,Tottenham,4612,Cameron,0,0,0,2,0,0,0,25 Aug 15:00,0,0,45,0,Forward,0,0
0,-6,Lancaster,0,0,NOR(H) 1-1,Tottenham,4613,Cameron,0,0,0,3,0,0,0,01 Sep 15:00,0,0,45,0,Forward,0,0
0,-58,Lancaster,0,0,RDG(A) 3-1,Tottenham,4614,Cameron,0,0,0,4,0,0,0,16 Sep 16:00,0,0,45,0,Forward,0,0
0,-18,Lancaster,0,0,QPR(H) 2-1,Tottenham,4615,Cameron,0,0,0,5,0,0,0,23 Sep 16:00,0,0,45,0,Forward,0,0
0,-20,Lancaster,0,0,MUN(A) 3-2,Tottenham,4616,Cameron,0,0,0,6,0,0,0,29 Sep 17:30,0,0,45,0,Forward,0,0
0,-9,Lancaster,0,0,AVL(H) 2-0,Tottenham,4617,Cameron,0,0,0,7,0,0,0,07 Oct 15:00,0,0,45,0,Forward,0,0
0,15,Lancaster,0,0,CHE(H) 2-4,Tottenham,4618,Cameron,0,0,0,8,0,0,0,20 Oct 12:45,0,0,45,0,Forward,0,0
0,-14,Lancaster,0,0,SOU(A) 2-1,Tottenham,4619,Cameron,0,0,0,9,0,0,0,28 Oct 15:00,0,0,45,0,Forward,0,0
0,1,Lancaster,0,0,WIG(H) 0-1,Tottenham,46110,Cameron,0,0,0,10,0,0,0,03 Nov 15:00,0,0,45,0,Forward,0,0
0,4,Lancaster,0,0,MCI(A) 1-2,Tottenham,46111,Cameron,0,0,0,11,0,0,0,11 Nov 13:30,0,0,45,0,Forward,0,0
0,-25,Lancaster,0,0,ARS(A) 2-5,Tottenham,46112,Cameron,0,0,0,12,0,0,0,17 Nov 12:45,0,0,45,0,Forward,0,0
0,-19,Lancaster,0,0,WHU(H) 3-1,Tottenham,46113,Cameron,0,0,0,13,0,0,0,25 Nov 16:00,0,0,45,0,Forward,0,0
0,-17,Lancaster,0,0,LIV(H) 2-1,Tottenham,46114,Cameron,0,0,0,14,0,0,0,28 Nov 19:45,0,0,45,0,Forward,0,0
0,-5,Lancaster,0,0,FUL(A) 3-0,Tottenham,46115,Cameron,0,0,0,15,0,0,0,01 Dec 15:00,0,0,45,0,Forward,0,0
0,-17,Lancaster,0,0,EVE(A) 1-2,Tottenham,46116,Cameron,0,0,0,16,0,0,0,09 Dec 15:00,0,0,45,0,Forward,0,0
0,-30,Lancaster,0,0,SWA(H) 1-0,Tottenham,46117,Cameron,0,0,0,17,0,0,0,16 Dec 13:30,0,0,45,0,Forward,0,0
0,-23,Lancaster,0,0,STK(H) 0-0,Tottenham,46118,Cameron,0,0,0,18,0,0,0,22 Dec 15:00,0,0,45,0,Forward,0,0
0,0,Lancaster,0,0,AVL(A) 4-0,Tottenham,46119,Cameron,0,0,0,19,0,0,0,26 Dec 17:30,0,0,45,0,Forward,0,0
0,-3,Lancaster,0,0,SUN(A) 2-1,Tottenham,46120,Cameron,0,0,0,20,0,0,0,29 Dec 12:45,0,0,45,0,Forward,0,0
0,-1,Lancaster,0,0,RDG(H) 3-1,Tottenham,46121,Cameron,0,0,0,21,0,0,0,01 Jan 15:00,0,0,45,0,Forward,0,0
0,-30,Lancaster,0,0,QPR(A) 0-0,Tottenham,46122,Cameron,0,0,0,22,0,0,0,12 Jan 12:45,0,0,45,0,Forward,0,0
0,-30,Lancaster,0,0,MUN(H) 1-1,Tottenham,46123,Cameron,0,0,0,23,0,0,0,20 Jan 16:00,0,0,44,0,Forward,0,0
0,5,Lancaster,0,0,NOR(A) 1-1,Tottenham,46124,Cameron,0,0,0,24,0,0,0,30 Jan 19:45,0,0,44,0,Forward,0,0
0,-5,Lancaster,0,0,WBA(A) 1-0,Tottenham,46125,Cameron,0,0,0,25,0,0,0,03 Feb 13:30,0,0,44,0,Forward,0,0
0,-3,Lancaster,0,0,NEW(H) 2-1,Tottenham,46126,Cameron,0,0,0,26,0,0,0,09 Feb 12:45,0,0,44,0,Forward,0,0
0,10,Lancaster,0,0,WHU(A) 3-2,Tottenham,46127,Cameron,0,0,0,27,0,0,0,25 Feb 20:00,0,0,44,0,Forward,0,0
0,53,Lancaster,0,0,ARS(H) 2-1,Tottenham,46128,Cameron,0,0,0,28,0,0,0,03 Mar 16:00,0,0,44,0,Forward,0,0
0,39,Lancaster,0,0,LIV(A) 2-3,Tottenham,46129,Cameron,0,0,0,29,0,0,0,10 Mar 16:00,0,0,44,0,Forward,0,0
0,5,Lancaster,0,0,FUL(H) 0-1,Tottenham,46130,Cameron,0,0,0,30,0,0,0,17 Mar 15:00,0,0,44,0,Forward,0,0
0,-7,Lancaster,0,0,SWA(A) 2-1,Tottenham,46131,Cameron,0,0,0,31,0,0,0,30 Mar 15:00,0,0,44,0,Forward,0,0
0,-13,Lancaster,0,0,EVE(H) 2-2,Tottenham,46132,Cameron,0,0,0,32,0,0,0,07 Apr 14:05,0,0,44,0,Forward,0,0
0,2,Lancaster,0,0,MCI(H) 3-1,Tottenham,46134,Cameron,0,0,0,34,0,0,0,21 Apr 13:30,0,0,44,0,Forward,0,0
0,-1,Lancaster,0,0,WIG(A) 2-2,Tottenham,46135,Cameron,0,0,0,35,0,0,0,27 Apr 15:00,0,0,44,0,Forward,0,0
0,11,Lancaster,0,0,CHE(A) 2-2,Tottenham,46136,Cameron,0,0,0,36,0,0,0,08 May 19:45,0,0,44,0,Forward,0,0
0,-4,Lancaster,0,0,STK(A) 2-1,Tottenham,46137,Cameron,0,0,0,37,0,0,0,12 May 13:30,0,0,44,0,Forward,0,0
0,12,Lancaster,0,0,SUN(H) 1-0,Tottenham,46138,Cameron,0,0,0,38,0,0,0,19 May 16:00,0,0,44,0,Forward,0,0
0,0,Dawson,0,0,LIV(H) 3-0,West Brom,4711,Craig,0,0,0,1,0,0,0,18 Aug 15:00,0,0,40,0,Defender,0,0
0,-1973,Dawson,0,0,TOT(A) 1-1,West Brom,4712,Craig,0,0,0,2,0,0,0,25 Aug 15:00,0,0,40,0,Defender,0,0
0,-2928,Dawson,0,0,EVE(H) 2-0,West Brom,4713,Craig,0,0,0,3,0,0,0,01 Sep 15:00,0,0,40,0,Defender,0,0
0,-2068,Dawson,0,0,FUL(A) 0-3,West Brom,4714,Craig,0,0,0,4,0,0,0,15 Sep 15:00,0,0,40,0,Defender,0,0
0,-1115,Dawson,0,0,RDG(H) 1-0,West Brom,4715,Craig,0,0,0,5,0,0,0,22 Sep 15:00,0,0,39,0,Defender,0,0
0,-454,Dawson,0,0,AVL(A) 1-1,West Brom,4716,Craig,0,0,0,6,0,0,0,30 Sep 16:00,0,0,39,0,Defender,0,0
0,-195,Dawson,0,0,QPR(H) 3-2,West Brom,4717,Craig,0,0,0,7,0,0,0,06 Oct 15:00,0,0,39,0,Defender,0,0
0,-186,Dawson,0,0,MCI(H) 1-2,West Brom,4718,Craig,0,0,0,8,0,0,0,20 Oct 15:00,0,0,39,0,Defender,0,0
0,-333,Dawson,0,0,NEW(A) 1-2,West Brom,4719,Craig,0,0,0,9,0,0,0,28 Oct 15:00,0,0,39,0,Defender,0,0
0,-447,Dawson,0,0,SOU(H) 2-0,West Brom,47110,Craig,0,0,0,10,0,0,0,05 Nov 20:00,0,0,39,0,Defender,0,0
0,-790,Dawson,0,0,WIG(A) 2-1,West Brom,47111,Craig,0,0,0,11,0,0,0,10 Nov 15:00,0,0,39,0,Defender,0,0
0,-1158,Dawson,0,0,CHE(H) 2-1,West Brom,47112,Craig,0,0,0,12,0,0,0,17 Nov 15:00,0,0,39,0,Defender,0,0
0,-950,Dawson,0,0,SUN(A) 4-2,West Brom,47113,Craig,0,0,0,13,0,0,0,24 Nov 12:45,0,0,39,0,Defender,0,0
0,-469,Dawson,0,0,SWA(A) 1-3,West Brom,47114,Craig,0,0,0,14,0,0,0,28 Nov 19:45,0,0,39,0,Defender,0,0
0,-512,Dawson,0,0,STK(H) 0-1,West Brom,47115,Craig,0,0,0,15,0,0,0,01 Dec 15:00,0,0,39,0,Defender,0,0
0,-684,Dawson,0,0,ARS(A) 0-2,West Brom,47116,Craig,0,0,0,16,0,0,0,08 Dec 15:00,0,0,39,0,Defender,0,0
0,-550,Dawson,0,0,WHU(H) 0-0,West Brom,47117,Craig,0,0,0,17,0,0,0,16 Dec 16:00,0,0,39,0,Defender,0,0
0,-368,Dawson,0,0,NOR(H) 2-1,West Brom,47118,Craig,0,0,0,18,0,0,0,22 Dec 15:00,0,0,38,0,Defender,0,0
0,-201,Dawson,0,0,QPR(A) 2-1,West Brom,47119,Craig,0,0,0,19,0,0,0,26 Dec 15:00,0,0,38,0,Defender,0,0
0,-286,Dawson,0,0,MUN(A) 0-2,West Brom,47120,Craig,0,0,0,20,0,0,0,29 Dec 15:00,0,0,38,0,Defender,0,0
0,-157,Dawson,0,0,FUL(H) 1-2,West Brom,47121,Craig,0,0,0,21,0,0,0,01 Jan 12:45,0,0,38,0,Defender,0,0
0,224,Dawson,0,0,RDG(A) 2-3,West Brom,47122,Craig,0,0,0,22,0,0,0,12 Jan 15:00,0,0,38,0,Defender,0,0
0,764,Dawson,0,0,AVL(H) 2-2,West Brom,47123,Craig,0,0,0,23,0,0,0,19 Jan 17:30,0,0,38,0,Defender,0,0
0,101,Dawson,0,0,EVE(A) 1-2,West Brom,47124,Craig,0,0,0,24,0,0,0,30 Jan 19:45,0,0,38,0,Defender,0,0
0,-515,Dawson,0,0,TOT(H) 0-1,West Brom,47125,Craig,0,0,0,25,0,0,0,03 Feb 13:30,0,0,38,0,Defender,0,0
0,-310,Dawson,0,0,LIV(A) 2-0,West Brom,47126,Craig,0,0,0,26,0,0,0,11 Feb 20:00,0,0,38,0,Defender,0,0
0,-358,Dawson,0,0,SUN(H) 2-1,West Brom,47127,Craig,0,0,0,27,0,0,0,23 Feb 15:00,0,0,38,0,Defender,0,0
0,-165,Dawson,0,0,CHE(A) 0-1,West Brom,47128,Craig,0,0,0,28,0,0,0,02 Mar 15:00,0,0,38,0,Defender,0,0
0,-313,Dawson,0,0,SWA(H) 2-1,West Brom,47129,Craig,0,0,0,29,0,0,0,09 Mar 15:00,0,0,38,0,Defender,0,0
0,-117,Dawson,0,0,STK(A) 0-0,West Brom,47130,Craig,0,0,0,30,0,0,0,16 Mar 15:00,0,0,38,0,Defender,0,0
0,-184,Dawson,0,0,WHU(A) 1-3,West Brom,47131,Craig,0,0,0,31,0,0,0,30 Mar 15:00,0,0,38,0,Defender,0,0
0,-78,Dawson,0,0,ARS(H) 1-2,West Brom,47132,Craig,0,0,0,32,0,0,0,06 Apr 15:00,0,0,38,0,Defender,0,0
0,-49,Dawson,0,0,NEW(H) 1-1,West Brom,47134,Craig,0,0,0,34,0,0,0,20 Apr 15:00,0,0,38,0,Defender,0,0
0,-59,Dawson,0,0,SOU(A) 3-0,West Brom,47135,Craig,0,0,0,35,0,0,0,27 Apr 15:00,0,0,38,0,Defender,0,0
0,30,Dawson,1,0,MCI(A) 0-1,West Brom,47136,Craig,0,90,14,36,0,0,0,07 May 19:45,0,0,38,2,Defender,0,0
0,84,Dawson,0,0,NOR(A) 0-4,West Brom,47137,Craig,0,0,0,37,0,0,0,12 May 15:00,0,0,38,0,Defender,0,0
0,37,Dawson,0,0,MUN(H) 5-5,West Brom,47138,Craig,0,0,0,38,0,0,0,19 May 16:00,0,0,38,0,Defender,0,0
0,0,Brunt,0,0,LIV(H) 3-0,West Brom,4791,Chris,0,9,-2,1,0,0,0,18 Aug 15:00,0,0,60,1,Midfielder,0,0
0,-3209,Brunt,0,0,TOT(A) 1-1,West Brom,4792,Chris,0,16,1,2,0,0,0,25 Aug 15:00,0,0,60,1,Midfielder,0,0
0,-3585,Brunt,0,0,EVE(H) 2-0,West Brom,4793,Chris,0,16,9,3,0,0,1,01 Sep 15:00,0,0,59,4,Midfielder,0,0
0,-1608,Brunt,1,0,FUL(A) 0-3,West Brom,4794,Chris,0,45,7,4,0,0,0,15 Sep 15:00,0,0,58,1,Midfielder,0,0
0,-890,Brunt,0,0,RDG(H) 1-0,West Brom,4795,Chris,0,90,21,5,2,1,0,22 Sep 15:00,0,0,58,5,Midfielder,0,0
0,184,Brunt,0,0,AVL(A) 1-1,West Brom,4796,Chris,0,39,1,6,0,0,0,30 Sep 16:00,0,0,58,1,Midfielder,0,0
0,-1926,Brunt,0,0,QPR(H) 3-2,West Brom,4797,Chris,0,0,0,7,0,0,0,06 Oct 15:00,0,0,57,0,Midfielder,0,0
0,-1943,Brunt,0,0,MCI(H) 1-2,West Brom,4798,Chris,0,0,0,8,0,0,0,20 Oct 15:00,0,0,56,0,Midfielder,0,0
0,-846,Brunt,0,0,NEW(A) 1-2,West Brom,4799,Chris,0,0,0,9,0,0,0,28 Oct 15:00,0,0,55,0,Midfielder,0,0
0,-348,Brunt,0,0,SOU(H) 2-0,West Brom,47910,Chris,0,26,0,10,0,0,0,05 Nov 20:00,0,0,55,1,Midfielder,0,0
0,-87,Brunt,1,0,WIG(A) 2-1,West Brom,47911,Chris,0,90,23,11,2,0,1,10 Nov 15:00,0,0,55,7,Midfielder,0,0
0,383,Brunt,0,0,CHE(H) 2-1,West Brom,47912,Chris,0,21,3,12,0,0,0,17 Nov 15:00,0,0,55,1,Midfielder,0,0
0,-60,Brunt,2,0,SUN(A) 4-2,West Brom,47913,Chris,0,90,20,13,0,0,1,24 Nov 12:45,0,0,55,5,Midfielder,0,0
1,671,Brunt,3,0,SWA(A) 1-3,West Brom,47914,Chris,0,90,7,14,0,0,1,28 Nov 19:45,0,0,55,4,Midfielder,0,0
0,878,Brunt,0,0,STK(H) 0-1,West Brom,47915,Chris,0,10,-4,15,0,0,0,01 Dec 15:00,0,0,55,1,Midfielder,0,0
1,-505,Brunt,2,0,ARS(A) 0-2,West Brom,47916,Chris,0,90,1,16,0,0,0,08 Dec 15:00,0,0,55,1,Midfielder,0,0
0,70,Brunt,0,0,WHU(H) 0-0,West Brom,47917,Chris,0,90,13,17,2,1,0,16 Dec 16:00,0,0,55,5,Midfielder,0,0
0,442,Brunt,1,0,NOR(H) 2-1,West Brom,47918,Chris,0,90,14,18,0,0,0,22 Dec 15:00,0,0,55,2,Midfielder,0,0
0,-64,Brunt,1,0,QPR(A) 2-1,West Brom,47919,Chris,0,90,35,19,3,0,1,26 Dec 15:00,0,0,55,13,Midfielder,0,1
0,1160,Brunt,1,0,MUN(A) 0-2,West Brom,47920,Chris,0,74,0,20,0,0,0,29 Dec 15:00,0,0,55,2,Midfielder,0,0
0,2269,Brunt,2,0,FUL(H) 1-2,West Brom,47921,Chris,0,83,0,21,0,0,0,01 Jan 12:45,0,0,55,2,Midfielder,0,0
0,-31,Brunt,3,0,RDG(A) 2-3,West Brom,47922,Chris,0,90,5,22,0,0,0,12 Jan 15:00,0,0,55,2,Midfielder,0,0
0,-1070,Brunt,2,0,AVL(H) 2-2,West Brom,47923,Chris,0,90,24,23,1,0,0,19 Jan 17:30,0,0,55,8,Midfielder,0,1
0,943,Brunt,2,0,EVE(A) 1-2,West Brom,47924,Chris,0,90,2,24,0,0,0,30 Jan 19:45,0,0,55,2,Midfielder,0,0
0,-241,Brunt,1,0,TOT(H) 0-1,West Brom,47925,Chris,0,90,6,25,0,0,0,03 Feb 13:30,0,0,55,2,Midfielder,0,0
1,-828,Brunt,0,0,LIV(A) 2-0,West Brom,47926,Chris,0,90,20,26,0,1,1,11 Feb 20:00,0,0,55,5,Midfielder,0,0
0,2396,Brunt,1,0,SUN(H) 2-1,West Brom,47927,Chris,0,90,21,27,1,0,0,23 Feb 15:00,0,0,55,3,Midfielder,0,0
0,-394,Brunt,0,0,CHE(A) 0-1,West Brom,47928,Chris,0,0,0,28,0,0,0,02 Mar 15:00,0,0,55,0,Midfielder,0,0
0,-226,Brunt,1,0,SWA(H) 2-1,West Brom,47929,Chris,0,90,15,29,0,0,0,09 Mar 15:00,0,0,55,2,Midfielder,0,0
1,-382,Brunt,0,0,STK(A) 0-0,West Brom,47930,Chris,0,90,-5,30,0,1,0,16 Mar 15:00,0,0,55,2,Midfielder,0,0
0,50,Brunt,3,0,WHU(A) 1-3,West Brom,47931,Chris,0,90,-3,31,0,0,0,30 Mar 15:00,0,0,55,2,Midfielder,0,0
0,-418,Brunt,2,0,ARS(H) 1-2,West Brom,47932,Chris,0,90,8,32,0,0,0,06 Apr 15:00,0,0,55,2,Midfielder,0,0
0,148,Brunt,1,0,NEW(H) 1-1,West Brom,47934,Chris,0,90,11,34,0,0,0,20 Apr 15:00,0,0,54,2,Midfielder,0,0
0,-647,Brunt,0,0,SOU(A) 3-0,West Brom,47935,Chris,0,0,0,35,0,0,0,27 Apr 15:00,0,0,54,0,Midfielder,0,0
0,-1220,Brunt,0,0,MCI(A) 0-1,West Brom,47936,Chris,0,0,0,36,0,0,0,07 May 19:45,0,0,54,0,Midfielder,0,0
0,-231,Brunt,3,0,NOR(A) 0-4,West Brom,47937,Chris,0,45,-9,37,0,0,0,12 May 15:00,0,0,53,1,Midfielder,0,0
0,-107,Brunt,5,0,MUN(H) 5-5,West Brom,47938,Chris,0,90,8,38,0,0,0,19 May 16:00,0,0,53,2,Midfielder,0,0
0,0,Cole,0,0,AVL(H) 1-0,West Ham,5071,Carlton,0,80,7,1,0,1,0,18 Aug 15:00,0,0,55,2,Forward,0,0
1,-1011,Cole,2,0,SWA(A) 0-3,West Ham,5072,Carlton,0,61,-3,2,0,0,0,25 Aug 12:45,0,0,55,1,Forward,0,0
0,-3391,Cole,0,0,FUL(H) 3-0,West Ham,5073,Carlton,0,23,3,3,0,0,0,01 Sep 12:45,0,0,55,1,Forward,0,0
0,-3499,Cole,0,0,NOR(A) 0-0,West Ham,5074,Carlton,0,56,0,4,0,0,0,15 Sep 12:45,0,0,54,1,Forward,0,0
0,-2104,Cole,1,0,SUN(H) 1-1,West Ham,5075,Carlton,0,76,-5,5,0,0,0,22 Sep 15:00,0,0,53,2,Forward,0,0
1,-1462,Cole,1,0,QPR(A) 2-1,West Ham,5076,Carlton,0,71,-9,6,0,0,0,01 Oct 20:00,0,0,52,1,Forward,0,0
0,-1182,Cole,1,0,ARS(H) 1-3,West Ham,5077,Carlton,0,9,0,7,0,0,0,06 Oct 17:30,0,0,51,1,Forward,0,0
0,-375,Cole,0,0,SOU(H) 4-1,West Ham,5078,Carlton,0,0,0,8,0,0,0,20 Oct 15:00,0,0,51,0,Forward,0,0
0,-804,Cole,0,0,WIG(A) 1-2,West Ham,5079,Carlton,0,27,-1,9,0,0,0,27 Oct 15:00,0,0,50,1,Forward,0,0
0,-606,Cole,0,0,MCI(H) 0-0,West Ham,50710,Carlton,0,14,1,10,0,0,0,03 Nov 17:30,0,0,50,1,Forward,0,0
0,-349,Cole,0,0,NEW(A) 1-0,West Ham,50711,Carlton,0,0,0,11,0,0,0,11 Nov 15:00,0,0,50,0,Forward,0,0
0,-321,Cole,0,0,STK(H) 1-1,West Ham,50712,Carlton,0,6,5,12,0,0,0,19 Nov 20:00,0,0,49,1,Forward,0,0
0,-378,Cole,0,0,TOT(A) 1-3,West Ham,50713,Carlton,0,23,1,13,0,0,0,25 Nov 16:00,0,0,49,1,Forward,0,0
0,-187,Cole,0,0,MUN(A) 0-1,West Ham,50714,Carlton,0,29,6,14,0,0,0,28 Nov 20:00,0,0,49,1,Forward,0,0
0,-172,Cole,1,0,CHE(H) 3-1,West Ham,50715,Carlton,0,86,33,15,3,0,1,01 Dec 12:45,0,0,49,12,Forward,0,1
0,2928,Cole,3,0,LIV(H) 2-3,West Ham,50716,Carlton,0,90,8,16,0,0,0,09 Dec 16:00,0,0,49,2,Forward,0,0
0,2070,Cole,0,0,WBA(A) 0-0,West Ham,50717,Carlton,0,90,18,17,3,1,0,16 Dec 16:00,0,0,49,5,Forward,0,0
0,3272,Cole,2,0,EVE(H) 1-2,West Ham,50718,Carlton,0,66,16,18,0,0,0,22 Dec 15:00,0,0,49,3,Forward,1,1
0,6176,Cole,1,0,RDG(A) 0-1,West Ham,50720,Carlton,0,90,-1,20,0,0,0,29 Dec 15:00,0,0,49,2,Forward,0,0
0,4169,Cole,1,0,NOR(H) 2-1,West Ham,50721,Carlton,0,90,9,21,0,0,0,01 Jan 15:00,0,0,49,2,Forward,0,0
0,-1479,Cole,2,0,SUN(A) 0-3,West Ham,50722,Carlton,0,55,3,22,0,0,0,12 Jan 15:00,0,0,49,1,Forward,0,0
0,16435,Cole,5,0,ARS(A) 1-5,West Ham,50723,Carlton,0,90,3,23,0,0,0,23 Jan 19:45,0,0,49,2,Forward,0,0
0,-6841,Cole,1,0,FUL(A) 1-3,West Ham,50724,Carlton,0,35,-3,24,0,0,0,30 Jan 20:00,0,0,49,1,Forward,0,0
0,-7352,Cole,0,0,SWA(H) 1-0,West Ham,50725,Carlton,0,0,0,25,0,0,0,02 Feb 15:00,0,0,49,0,Forward,0,0
0,-3235,Cole,1,0,AVL(A) 1-2,West Ham,50726,Carlton,0,15,7,26,0,0,0,10 Feb 13:30,0,0,49,1,Forward,0,0
0,-2521,Cole,0,0,TOT(H) 2-3,West Ham,50727,Carlton,0,0,0,27,0,0,0,25 Feb 20:00,0,0,48,0,Forward,0,0
0,-656,Cole,0,0,STK(A) 1-0,West Ham,50728,Carlton,0,0,0,28,0,0,0,02 Mar 15:00,0,0,47,0,Forward,0,0
0,-412,Cole,0,0,CHE(A) 0-2,West Ham,50730,Carlton,0,11,0,30,0,0,0,17 Mar 16:00,0,0,46,1,Forward,0,0
0,-487,Cole,0,0,WBA(H) 3-1,West Ham,50731,Carlton,0,0,0,31,0,0,0,30 Mar 15:00,0,0,45,0,Forward,0,0
0,-512,Cole,0,0,LIV(A) 0-0,West Ham,50732,Carlton,0,90,0,32,0,1,0,07 Apr 13:30,0,0,45,2,Forward,0,0
0,557,Cole,0,0,MUN(H) 2-2,West Ham,50733,Carlton,0,0,0,33,0,0,0,17 Apr 19:45,0,0,45,0,Forward,0,0
0,-665,Cole,0,0,WIG(H) 2-0,West Ham,50734,Carlton,0,0,0,34,0,0,0,20 Apr 15:00,0,0,45,0,Forward,0,0
0,-392,Cole,1,0,MCI(A) 1-2,West Ham,50735,Carlton,0,11,0,35,0,0,0,27 Apr 12:45,0,0,45,1,Forward,0,0
0,-330,Cole,0,0,NEW(H) 0-0,West Ham,50736,Carlton,0,0,0,36,0,0,0,04 May 15:00,0,0,44,0,Forward,0,0
0,-137,Cole,1,0,EVE(A) 0-2,West Ham,50737,Carlton,0,45,1,37,0,0,0,12 May 15:00,0,0,44,1,Forward,0,0
0,78,Cole,0,0,RDG(H) 4-2,West Ham,50738,Carlton,0,0,0,38,0,0,0,19 May 16:00,0,0,44,0,Forward,0,0
0,0,Sammon,0,0,CHE(H) 0-2,Wigan,5271,Conor,0,0,0,1,0,0,0,19 Aug 13:30,0,0,45,0,Forward,0,0
0,-1345,Sammon,0,0,SOU(A) 2-0,Wigan,5272,Conor,0,0,0,2,0,0,0,25 Aug 15:00,0,0,45,0,Forward,0,0
0,-1163,Sammon,0,0,STK(H) 2-2,Wigan,5273,Conor,0,0,0,3,0,0,0,01 Sep 15:00,0,0,45,0,Forward,0,0
0,-640,Sammon,0,0,MUN(A) 0-4,Wigan,5274,Conor,0,0,0,4,0,0,0,15 Sep 15:00,0,0,45,0,Forward,0,0
0,-289,Sammon,0,0,FUL(H) 1-2,Wigan,5275,Conor,0,0,0,5,0,0,0,22 Sep 15:00,0,0,45,0,Forward,0,0
0,-224,Sammon,0,0,SUN(A) 0-1,Wigan,5276,Conor,0,0,0,6,0,0,0,29 Sep 15:00,0,0,45,0,Forward,0,0
0,-126,Sammon,0,0,EVE(H) 2-2,Wigan,5277,Conor,0,0,0,7,0,0,0,06 Oct 15:00,0,0,45,0,Forward,0,0
0,-110,Sammon,0,0,SWA(A) 1-2,Wigan,5278,Conor,0,0,0,8,0,0,0,20 Oct 15:00,0,0,45,0,Forward,0,0
0,-77,Sammon,0,0,WHU(H) 2-1,Wigan,5279,Conor,0,0,0,9,0,0,0,27 Oct 15:00,0,0,45,0,Forward,0,0
0,-58,Sammon,0,0,TOT(A) 1-0,Wigan,52710,Conor,0,0,0,10,0,0,0,03 Nov 15:00,0,0,45,0,Forward,0,0
0,-46,Sammon,0,0,WBA(H) 1-2,Wigan,52711,Conor,0,0,0,11,0,0,0,10 Nov 15:00,0,0,45,0,Forward,0,0
0,-50,Sammon,0,0,LIV(A) 0-3,Wigan,52712,Conor,0,0,0,12,0,0,0,17 Nov 15:00,0,0,45,0,Forward,0,0
0,-47,Sammon,0,0,RDG(H) 3-2,Wigan,52713,Conor,0,0,0,13,0,0,0,24 Nov 15:00,0,0,45,0,Forward,0,0
0,-30,Sammon,0,0,MCI(H) 0-2,Wigan,52714,Conor,0,0,0,14,0,0,0,28 Nov 20:00,0,0,45,0,Forward,0,0
0,-18,Sammon,0,0,NEW(A) 0-3,Wigan,52715,Conor,0,0,0,15,0,0,0,03 Dec 20:00,0,0,45,0,Forward,0,0
0,-45,Sammon,0,0,QPR(H) 2-2,Wigan,52716,Conor,0,0,0,16,0,0,0,08 Dec 15:00,0,0,45,0,Forward,0,0
0,-27,Sammon,0,0,NOR(A) 1-2,Wigan,52717,Conor,0,0,0,17,0,0,0,15 Dec 15:00,0,0,45,0,Forward,0,0
0,-24,Sammon,0,0,ARS(H) 0-1,Wigan,52718,Conor,0,0,0,18,0,0,0,22 Dec 12:45,0,0,45,0,Forward,0,0
0,-18,Sammon,0,0,EVE(A) 1-2,Wigan,52719,Conor,0,0,0,19,0,0,0,26 Dec 15:00,0,0,45,0,Forward,0,0
0,-13,Sammon,0,0,AVL(A) 3-0,Wigan,52720,Conor,0,0,0,20,0,0,0,29 Dec 15:00,0,0,45,0,Forward,0,0
0,-5,Sammon,0,0,MUN(H) 0-4,Wigan,52721,Conor,0,0,0,21,0,0,0,01 Jan 15:00,0,0,45,0,Forward,0,0
0,-46,Sammon,0,0,FUL(A) 1-1,Wigan,52722,Conor,0,0,0,22,0,0,0,12 Jan 15:00,0,0,45,0,Forward,0,0
0,-18,Sammon,0,0,SUN(H) 2-3,Wigan,52723,Conor,0,0,0,23,0,0,0,19 Jan 15:00,0,0,45,0,Forward,0,0
0,-23,Sammon,0,0,STK(A) 2-2,Wigan,52724,Conor,0,0,0,24,0,0,0,29 Jan 19:45,0,0,45,0,Forward,0,0
0,-14,Sammon,0,0,SOU(H) 2-2,Wigan,52725,Conor,0,0,0,25,0,0,0,02 Feb 15:00,0,0,45,0,Forward,0,0
0,-12,Sammon,0,0,CHE(A) 1-4,Wigan,52726,Conor,0,0,0,26,0,0,0,09 Feb 15:00,0,0,45,0,Forward,0,0
0,-12,Sammon,0,0,RDG(A) 3-0,Wigan,52727,Conor,0,0,0,27,0,0,0,23 Feb 15:00,0,0,45,0,Forward,0,0
0,-6,Sammon,0,0,LIV(H) 0-4,Wigan,52728,Conor,0,0,0,28,0,0,0,02 Mar 17:30,0,0,45,0,Forward,0,0
0,-2,Sammon,0,0,NEW(H) 2-1,Wigan,52730,Conor,0,0,0,30,0,0,0,17 Mar 16:00,0,0,45,0,Forward,0,0
0,-7,Sammon,0,0,NOR(H) 1-0,Wigan,52731,Conor,0,0,0,31,0,0,0,30 Mar 15:00,0,0,45,0,Forward,0,0
0,-2,Sammon,0,0,QPR(A) 1-1,Wigan,52732,Conor,0,0,0,32,0,0,0,07 Apr 16:10,0,0,45,0,Forward,0,0
0,-4,Sammon,0,0,MCI(A) 0-1,Wigan,52733,Conor,0,0,0,33,0,0,0,17 Apr 19:45,0,0,45,0,Forward,0,0
0,-2,Sammon,0,0,WHU(A) 0-2,Wigan,52734,Conor,0,0,0,34,0,0,0,20 Apr 15:00,0,0,45,0,Forward,0,0
0,-2,Sammon,0,0,TOT(H) 2-2,Wigan,52735,Conor,0,0,0,35,0,0,0,27 Apr 15:00,0,0,45,0,Forward,0,0
0,-1,Sammon,0,0,SWA(H) 2-3,Wigan,52736,Conor,0,0,0,36,0,0,0,07 May 19:45,0,0,45,0,Forward,0,0
0,1,Sammon,0,0,ARS(A) 1-4,Wigan,52737,Conor,0,0,0,37,0,0,0,14 May 19:45,0,0,45,0,Forward,0,0
0,0,Sammon,0,0,AVL(H) 2-2,Wigan,52738,Conor,0,0,0,38,0,0,0,19 May 16:00,0,0,45,0,Forward,0,0
0,0,McManaman,0,0,CHE(H) 0-2,Wigan,5281,Callum,0,0,0,1,0,0,0,19 Aug 13:30,0,0,45,0,Forward,0,0
0,-44,McManaman,0,0,SOU(A) 2-0,Wigan,5282,Callum,0,0,0,2,0,0,0,25 Aug 15:00,0,0,45,0,Forward,0,0
0,-120,McManaman,0,0,STK(H) 2-2,Wigan,5283,Callum,0,0,0,3,0,0,0,01 Sep 15:00,0,0,45,0,Forward,0,0
0,-181,McManaman,0,0,MUN(A) 0-4,Wigan,5284,Callum,0,0,0,4,0,0,0,15 Sep 15:00,0,0,45,0,Forward,0,0
0,-142,McManaman,0,0,FUL(H) 1-2,Wigan,5285,Callum,0,14,5,5,0,0,1,22 Sep 15:00,0,0,45,4,Forward,0,0
0,1737,McManaman,0,0,SUN(A) 0-1,Wigan,5286,Callum,0,6,1,6,0,0,0,29 Sep 15:00,0,0,45,1,Forward,0,0
0,1058,McManaman,1,0,EVE(H) 2-2,Wigan,5287,Callum,0,7,-4,7,0,0,0,06 Oct 15:00,0,0,45,1,Forward,0,0
0,-77,McManaman,0,0,SWA(A) 1-2,Wigan,5288,Callum,0,0,0,8,0,0,0,20 Oct 15:00,0,0,45,0,Forward,0,0
0,-207,McManaman,0,0,WHU(H) 2-1,Wigan,5289,Callum,0,0,0,9,0,0,0,27 Oct 15:00,0,0,45,0,Forward,0,0
0,-316,McManaman,0,0,TOT(A) 1-0,Wigan,52810,Callum,0,0,0,10,0,0,0,03 Nov 15:00,0,0,45,0,Forward,0,0
0,-189,McManaman,0,0,WBA(H) 1-2,Wigan,52811,Callum,0,0,0,11,0,0,0,10 Nov 15:00,0,0,45,0,Forward,0,0
0,-325,McManaman,0,0,LIV(A) 0-3,Wigan,52812,Callum,0,0,0,12,0,0,0,17 Nov 15:00,0,0,45,0,Forward,0,0
0,-270,McManaman,0,0,RDG(H) 3-2,Wigan,52813,Callum,0,0,0,13,0,0,0,24 Nov 15:00,0,0,45,0,Forward,0,0
0,-108,McManaman,0,0,MCI(H) 0-2,Wigan,52814,Callum,0,1,0,14,0,0,0,28 Nov 20:00,0,0,45,1,Forward,0,0
0,-138,McManaman,0,0,NEW(A) 0-3,Wigan,52815,Callum,0,8,0,15,0,0,0,03 Dec 20:00,0,0,45,1,Forward,0,0
0,-210,McManaman,0,0,QPR(H) 2-2,Wigan,52816,Callum,0,0,0,16,0,0,0,08 Dec 15:00,0,0,45,0,Forward,0,0
0,-145,McManaman,0,0,NOR(A) 1-2,Wigan,52817,Callum,0,0,0,17,0,0,0,15 Dec 15:00,0,0,45,0,Forward,0,0
0,-118,McManaman,0,0,ARS(H) 0-1,Wigan,52818,Callum,0,15,3,18,0,0,0,22 Dec 12:45,0,0,45,1,Forward,0,0
0,-55,McManaman,0,0,EVE(A) 1-2,Wigan,52819,Callum,0,0,0,19,0,0,0,26 Dec 15:00,0,0,45,0,Forward,0,0
0,-73,McManaman,0,0,AVL(A) 3-0,Wigan,52820,Callum,0,4,5,20,0,0,0,29 Dec 15:00,0,0,45,1,Forward,0,0
0,-65,McManaman,1,0,MUN(H) 0-4,Wigan,52821,Callum,0,5,1,21,0,0,0,01 Jan 15:00,0,0,45,1,Forward,0,0
0,-231,McManaman,0,0,FUL(A) 1-1,Wigan,52822,Callum,0,0,0,22,0,0,0,12 Jan 15:00,0,0,45,0,Forward,0,0
0,-91,McManaman,0,0,SUN(H) 2-3,Wigan,52823,Callum,0,0,0,23,0,0,0,19 Jan 15:00,0,0,45,0,Forward,0,0
0,-99,McManaman,0,0,STK(A) 2-2,Wigan,52824,Callum,0,8,1,24,0,0,0,29 Jan 19:45,0,0,45,1,Forward,0,0
0,-32,McManaman,1,0,SOU(H) 2-2,Wigan,52825,Callum,0,16,1,25,0,0,0,02 Feb 15:00,0,0,45,1,Forward,0,0
0,-23,McManaman,0,0,CHE(A) 1-4,Wigan,52826,Callum,0,0,0,26,0,0,0,09 Feb 15:00,0,0,45,0,Forward,0,0
0,162,McManaman,0,0,RDG(A) 3-0,Wigan,52827,Callum,0,0,0,27,0,0,0,23 Feb 15:00,0,0,45,0,Forward,0,0
0,174,McManaman,0,0,LIV(H) 0-4,Wigan,52828,Callum,0,30,2,28,0,0,0,02 Mar 17:30,0,0,45,1,Forward,0,0
0,-21,McManaman,0,0,NEW(H) 2-1,Wigan,52830,Callum,0,57,17,30,0,0,1,17 Mar 16:00,0,0,45,4,Forward,0,0
0,51,McManaman,0,0,NOR(H) 1-0,Wigan,52831,Callum,0,65,15,31,0,1,0,30 Mar 15:00,0,0,45,2,Forward,0,0
0,162,McManaman,0,0,QPR(A) 1-1,Wigan,52832,Callum,0,66,2,32,0,1,0,07 Apr 16:10,0,0,45,2,Forward,0,0
0,-28,McManaman,1,0,MCI(A) 0-1,Wigan,52833,Callum,0,23,6,33,0,0,0,17 Apr 19:45,0,0,45,1,Forward,0,0
0,149,McManaman,1,0,WHU(A) 0-2,Wigan,52834,Callum,0,45,3,34,0,0,0,20 Apr 15:00,0,0,45,1,Forward,0,0
0,414,McManaman,1,0,TOT(H) 2-2,Wigan,52835,Callum,0,62,23,35,2,0,0,27 Apr 15:00,0,0,45,8,Forward,0,1
0,5804,McManaman,2,0,SWA(H) 2-3,Wigan,52836,Callum,0,63,5,36,0,0,0,07 May 19:45,0,0,45,2,Forward,0,0
0,1481,McManaman,1,0,ARS(A) 1-4,Wigan,52837,Callum,0,56,3,37,0,0,0,14 May 19:45,0,0,45,1,Forward,0,0
0,-395,McManaman,0,0,AVL(H) 2-2,Wigan,52838,Callum,0,0,0,38,0,0,0,19 May 16:00,0,0,45,0,Forward,0,0
0,0,Gunter,4,0,CHE(A) 2-4,Reading,5331,Chris,0,90,3,1,0,0,0,22 Aug 19:45,0,0,40,0,Defender,0,0
0,-1002,Gunter,3,0,TOT(H) 1-3,Reading,5334,Chris,0,90,3,4,0,0,0,16 Sep 16:00,0,0,40,1,Defender,0,0
0,-1133,Gunter,1,0,WBA(A) 0-1,Reading,5335,Chris,0,79,4,5,0,0,0,22 Sep 15:00,0,0,40,2,Defender,0,0
0,-1298,Gunter,0,0,NEW(H) 2-2,Reading,5336,Chris,0,0,0,6,0,0,0,29 Sep 15:00,0,0,40,0,Defender,0,0
0,-1145,Gunter,0,0,SWA(A) 2-2,Reading,5337,Chris,0,0,0,7,0,0,0,06 Oct 15:00,0,0,40,0,Defender,0,0
0,-1408,Gunter,0,0,LIV(A) 0-1,Reading,5338,Chris,0,0,0,8,0,0,0,20 Oct 15:00,0,0,39,0,Defender,0,0
0,-975,Gunter,0,0,FUL(H) 3-3,Reading,5339,Chris,0,0,0,9,0,0,0,27 Oct 15:00,0,0,39,0,Defender,0,0
0,-1038,Gunter,1,0,QPR(A) 1-1,Reading,53310,Chris,0,90,6,10,0,0,0,04 Nov 13:30,0,0,39,2,Defender,0,0
0,-182,Gunter,0,0,NOR(H) 0-0,Reading,53311,Chris,0,90,9,11,0,1,0,10 Nov 15:00,0,0,39,6,Defender,0,0
0,2316,Gunter,1,0,EVE(H) 2-1,Reading,53312,Chris,0,90,13,12,0,0,0,17 Nov 15:00,0,0,39,2,Defender,0,0
0,3034,Gunter,3,0,WIG(A) 2-3,Reading,53313,Chris,0,90,3,13,0,0,0,24 Nov 15:00,0,0,39,1,Defender,0,0
0,1218,Gunter,0,0,AVL(A) 0-1,Reading,53314,Chris,0,0,0,14,0,0,0,27 Nov 20:00,0,0,39,0,Defender,0,0
0,-38,Gunter,0,0,MUN(H) 3-4,Reading,53315,Chris,0,0,0,15,0,0,0,01 Dec 17:30,0,0,39,0,Defender,0,0
0,-3087,Gunter,0,0,SUN(A) 0-3,Reading,53316,Chris,0,0,0,16,0,0,0,11 Dec 19:45,0,0,39,0,Defender,0,0
0,-1783,Gunter,0,0,ARS(H) 2-5,Reading,53317,Chris,0,0,0,17,0,0,0,17 Dec 20:00,0,0,39,0,Defender,0,0
1,-818,Gunter,1,0,MCI(A) 0-1,Reading,53318,Chris,0,90,2,18,0,0,0,22 Dec 15:00,0,0,39,1,Defender,0,0
0,-263,Gunter,0,0,SWA(H) 0-0,Reading,53319,Chris,0,90,9,19,0,1,0,26 Dec 15:00,0,0,39,6,Defender,0,0
0,1055,Gunter,0,0,WHU(H) 1-0,Reading,53320,Chris,0,90,16,20,0,1,0,29 Dec 15:00,0,0,39,6,Defender,0,0
0,1662,Gunter,3,0,TOT(A) 1-3,Reading,53321,Chris,0,90,6,21,0,0,0,01 Jan 15:00,0,0,39,1,Defender,0,0
0,2771,Gunter,2,0,WBA(H) 3-2,Reading,53322,Chris,0,90,19,22,0,0,0,12 Jan 15:00,0,0,39,1,Defender,0,0
0,-432,Gunter,0,0,NEW(A) 2-1,Reading,53323,Chris,0,0,0,23,0,0,0,19 Jan 15:00,0,0,39,0,Defender,0,0
0,-1581,Gunter,0,0,CHE(H) 2-2,Reading,53324,Chris,0,0,0,24,0,0,0,30 Jan 20:00,0,0,39,0,Defender,0,0
0,-1323,Gunter,0,0,SUN(H) 2-1,Reading,53325,Chris,0,0,0,25,0,0,0,02 Feb 15:00,0,0,39,0,Defender,0,0
0,-998,Gunter,0,0,STK(A) 1-2,Reading,53326,Chris,0,0,0,26,0,0,0,09 Feb 15:00,0,0,39,0,Defender,0,0
0,-1496,Gunter,0,0,WIG(H) 0-3,Reading,53327,Chris,0,0,0,27,0,0,0,23 Feb 15:00,0,0,39,0,Defender,0,0
0,-728,Gunter,0,0,EVE(A) 1-3,Reading,53328,Chris,0,0,0,28,0,0,0,02 Mar 15:00,0,0,39,0,Defender,0,0
0,-1015,Gunter,0,0,AVL(H) 1-2,Reading,53329,Chris,0,0,0,29,0,0,0,09 Mar 15:00,0,0,38,0,Defender,0,0
0,-329,Gunter,0,0,MUN(A) 0-1,Reading,53330,Chris,0,0,0,30,0,0,0,16 Mar 17:30,0,0,38,0,Defender,0,0
0,-307,Gunter,0,0,ARS(A) 1-4,Reading,53331,Chris,0,0,0,31,0,0,0,30 Mar 15:00,0,0,38,0,Defender,0,0
0,-242,Gunter,2,0,SOU(H) 0-2,Reading,53332,Chris,0,90,4,32,0,0,0,06 Apr 12:45,0,0,38,1,Defender,0,0
0,-87,Gunter,0,0,LIV(H) 0-0,Reading,53333,Chris,0,90,11,33,0,1,0,13 Apr 15:00,0,0,38,6,Defender,0,0
0,225,Gunter,2,0,NOR(A) 1-2,Reading,53334,Chris,0,90,4,34,0,0,0,20 Apr 15:00,0,0,38,1,Defender,0,0
0,340,Gunter,0,0,QPR(H) 0-0,Reading,53335,Chris,0,90,12,35,0,1,0,28 Apr 13:30,0,0,38,6,Defender,0,0
0,316,Gunter,2,0,FUL(A) 4-2,Reading,53336,Chris,0,90,28,36,1,0,0,04 May 15:00,0,0,38,2,Defender,0,0
0,246,Gunter,2,0,MCI(H) 0-2,Reading,53337,Chris,0,90,7,37,0,0,0,14 May 20:00,0,0,38,1,Defender,0,0
0,406,Gunter,4,0,WHU(A) 2-4,Reading,53338,Chris,0,90,5,38,0,0,0,19 May 16:00,0,0,38,0,Defender,0,0
0,0,Yacob,0,0,LIV(H) 3-0,West Brom,5381,Claudio,0,90,19,1,0,1,0,18 Aug 15:00,0,0,50,3,Midfielder,0,0
0,151,Yacob,1,0,TOT(A) 1-1,West Brom,5382,Claudio,0,90,7,2,0,0,0,25 Aug 15:00,0,0,50,2,Midfielder,0,0
0,-32,Yacob,0,0,EVE(H) 2-0,West Brom,5383,Claudio,0,90,11,3,0,1,0,01 Sep 15:00,0,0,50,3,Midfielder,0,0
0,51,Yacob,2,0,FUL(A) 0-3,West Brom,5384,Claudio,0,75,5,4,0,0,0,15 Sep 15:00,0,0,50,2,Midfielder,0,0
1,-31,Yacob,0,0,RDG(H) 1-0,West Brom,5385,Claudio,0,90,14,5,0,1,0,22 Sep 15:00,0,0,50,2,Midfielder,0,0
0,-122,Yacob,1,0,AVL(A) 1-1,West Brom,5386,Claudio,0,90,8,6,0,0,0,30 Sep 16:00,0,0,50,2,Midfielder,0,0
0,-73,Yacob,2,0,QPR(H) 3-2,West Brom,5387,Claudio,0,90,14,7,0,0,0,06 Oct 15:00,0,0,50,2,Midfielder,0,0
1,-91,Yacob,2,0,MCI(H) 1-2,West Brom,5388,Claudio,0,90,-5,8,0,0,0,20 Oct 15:00,0,0,50,1,Midfielder,0,0
0,-100,Yacob,0,0,NEW(A) 1-2,West Brom,5389,Claudio,0,0,0,9,0,0,0,28 Oct 15:00,0,0,50,0,Midfielder,0,0
0,-245,Yacob,0,0,SOU(H) 2-0,West Brom,53810,Claudio,0,90,15,10,0,1,0,05 Nov 20:00,0,0,50,3,Midfielder,0,0
1,-97,Yacob,1,0,WIG(A) 2-1,West Brom,53811,Claudio,0,90,14,11,0,0,0,10 Nov 15:00,0,0,50,1,Midfielder,0,0
0,-49,Yacob,1,0,CHE(H) 2-1,West Brom,53812,Claudio,0,90,20,12,0,0,0,17 Nov 15:00,0,0,50,2,Midfielder,0,0
0,123,Yacob,2,0,SUN(A) 4-2,West Brom,53813,Claudio,0,90,6,13,0,0,0,24 Nov 12:45,0,0,50,2,Midfielder,0,0
0,124,Yacob,3,0,SWA(A) 1-3,West Brom,53814,Claudio,0,90,3,14,0,0,0,28 Nov 19:45,0,0,50,2,Midfielder,0,0
0,62,Yacob,1,0,STK(H) 0-1,West Brom,53815,Claudio,0,80,8,15,0,0,0,01 Dec 15:00,0,0,50,2,Midfielder,0,0
0,-91,Yacob,0,0,ARS(A) 0-2,West Brom,53816,Claudio,0,0,0,16,0,0,0,08 Dec 15:00,0,0,50,0,Midfielder,0,0
0,-258,Yacob,0,0,WHU(H) 0-0,West Brom,53817,Claudio,0,0,0,17,0,0,0,16 Dec 16:00,0,0,50,0,Midfielder,0,0
0,-191,Yacob,0,0,NOR(H) 2-1,West Brom,53818,Claudio,0,0,0,18,0,0,0,22 Dec 15:00,0,0,50,0,Midfielder,0,0
0,-128,Yacob,0,0,QPR(A) 2-1,West Brom,53819,Claudio,0,0,0,19,0,0,0,26 Dec 15:00,0,0,50,0,Midfielder,0,0
0,-127,Yacob,0,0,MUN(A) 0-2,West Brom,53820,Claudio,0,0,0,20,0,0,0,29 Dec 15:00,0,0,50,0,Midfielder,0,0
0,-76,Yacob,0,0,FUL(H) 1-2,West Brom,53821,Claudio,0,0,0,21,0,0,0,01 Jan 12:45,0,0,49,0,Midfielder,0,0
0,-121,Yacob,0,0,RDG(A) 2-3,West Brom,53822,Claudio,0,0,0,22,0,0,0,12 Jan 15:00,0,0,49,0,Midfielder,0,0
0,-73,Yacob,2,0,AVL(H) 2-2,West Brom,53823,Claudio,0,34,7,23,0,0,0,19 Jan 17:30,0,0,49,1,Midfielder,0,0
1,-41,Yacob,1,0,EVE(A) 1-2,West Brom,53824,Claudio,0,48,0,24,0,0,0,30 Jan 19:45,0,0,49,0,Midfielder,0,0
0,-7,Yacob,1,0,TOT(H) 0-1,West Brom,53825,Claudio,0,81,7,25,0,0,0,03 Feb 13:30,0,0,49,2,Midfielder,0,0
0,7,Yacob,0,0,LIV(A) 2-0,West Brom,53826,Claudio,0,90,14,26,0,1,0,11 Feb 20:00,0,0,49,3,Midfielder,0,0
0,66,Yacob,1,0,SUN(H) 2-1,West Brom,53827,Claudio,0,90,18,27,0,0,0,23 Feb 15:00,0,0,49,2,Midfielder,0,0
0,-25,Yacob,1,0,CHE(A) 0-1,West Brom,53828,Claudio,0,81,7,28,0,0,0,02 Mar 15:00,0,0,49,2,Midfielder,0,0
0,60,Yacob,1,0,SWA(H) 2-1,West Brom,53829,Claudio,0,90,16,29,0,0,0,09 Mar 15:00,0,0,49,2,Midfielder,0,0
0,2,Yacob,0,0,STK(A) 0-0,West Brom,53830,Claudio,0,90,10,30,0,1,0,16 Mar 15:00,0,0,49,3,Midfielder,0,0
0,25,Yacob,2,0,WHU(A) 1-3,West Brom,53831,Claudio,0,70,0,31,0,0,0,30 Mar 15:00,0,0,49,2,Midfielder,0,0
0,4,Yacob,2,0,ARS(H) 1-2,West Brom,53832,Claudio,0,90,-6,32,0,0,0,06 Apr 15:00,0,0,49,2,Midfielder,0,0
0,25,Yacob,1,0,NEW(H) 1-1,West Brom,53834,Claudio,0,45,4,34,0,0,0,20 Apr 15:00,0,0,49,1,Midfielder,0,0
1,13,Yacob,0,0,SOU(A) 3-0,West Brom,53835,Claudio,0,90,20,35,0,1,0,27 Apr 15:00,0,0,49,2,Midfielder,0,0
1,165,Yacob,1,0,MCI(A) 0-1,West Brom,53836,Claudio,0,70,11,36,0,0,0,07 May 19:45,0,0,49,1,Midfielder,0,0
0,0,Yacob,4,0,NOR(A) 0-4,West Brom,53837,Claudio,0,90,4,37,0,0,0,12 May 15:00,0,0,49,2,Midfielder,0,0
0,-27,Yacob,5,0,MUN(H) 5-5,West Brom,53838,Claudio,0,90,7,38,0,0,0,19 May 16:00,0,0,49,2,Midfielder,0,0
0,0,Good,0,0,TOT(H) 2-1,Newcastle,5431,Curtis,0,0,0,1,0,0,0,18 Aug 17:30,0,0,40,0,Defender,0,0
0,-464,Good,0,0,CHE(A) 0-2,Newcastle,5432,Curtis,0,0,0,2,0,0,0,25 Aug 17:30,0,0,40,0,Defender,0,0
0,-838,Good,0,0,AVL(H) 1-1,Newcastle,5433,Curtis,0,0,0,3,0,0,0,02 Sep 16:00,0,0,40,0,Defender,0,0
0,-550,Good,0,0,EVE(A) 2-2,Newcastle,5434,Curtis,0,0,0,4,0,0,0,17 Sep 20:00,0,0,40,0,Defender,0,0
0,-328,Good,0,0,NOR(H) 1-0,Newcastle,5435,Curtis,0,0,0,5,0,0,0,23 Sep 15:00,0,0,40,0,Defender,0,0
0,-275,Good,0,0,RDG(A) 2-2,Newcastle,5436,Curtis,0,0,0,6,0,0,0,29 Sep 15:00,0,0,40,0,Defender,0,0
0,217,Good,0,0,MUN(H) 0-3,Newcastle,5437,Curtis,0,0,0,7,0,0,0,07 Oct 16:00,0,0,39,0,Defender,0,0
0,537,Good,0,0,SUN(A) 1-1,Newcastle,5438,Curtis,0,0,0,8,0,0,0,21 Oct 13:30,0,0,39,0,Defender,0,0
0,114,Good,0,0,WBA(H) 2-1,Newcastle,5439,Curtis,0,0,0,9,0,0,0,28 Oct 15:00,0,0,39,0,Defender,0,0
0,110,Good,0,0,LIV(A) 1-1,Newcastle,54310,Curtis,0,0,0,10,0,0,0,04 Nov 16:00,0,0,39,0,Defender,0,0
0,7,Good,0,0,WHU(H) 0-1,Newcastle,54311,Curtis,0,0,0,11,0,0,0,11 Nov 15:00,0,0,39,0,Defender,0,0
0,19,Good,0,0,SWA(H) 1-2,Newcastle,54312,Curtis,0,0,0,12,0,0,0,17 Nov 15:00,0,0,39,0,Defender,0,0
0,-116,Good,0,0,SOU(A) 0-2,Newcastle,54313,Curtis,0,0,0,13,0,0,0,25 Nov 15:00,0,0,39,0,Defender,0,0
0,-82,Good,0,0,STK(A) 1-2,Newcastle,54314,Curtis,0,0,0,14,0,0,0,28 Nov 19:45,0,0,39,0,Defender,0,0
0,-69,Good,0,0,WIG(H) 3-0,Newcastle,54315,Curtis,0,0,0,15,0,0,0,03 Dec 20:00,0,0,39,0,Defender,0,0
0,-135,Good,0,0,FUL(A) 1-2,Newcastle,54316,Curtis,0,0,0,16,0,0,0,10 Dec 20:00,0,0,39,0,Defender,0,0
0,-166,Good,0,0,MCI(H) 1-3,Newcastle,54317,Curtis,0,0,0,17,0,0,0,15 Dec 12:45,0,0,39,0,Defender,0,0
0,-89,Good,0,0,QPR(H) 1-0,Newcastle,54318,Curtis,0,0,0,18,0,0,0,22 Dec 15:00,0,0,39,0,Defender,0,0
0,-60,Good,0,0,MUN(A) 3-4,Newcastle,54319,Curtis,0,0,0,19,0,0,0,26 Dec 15:00,0,0,39,0,Defender,0,0
0,-100,Good,0,0,ARS(A) 3-7,Newcastle,54320,Curtis,0,0,0,20,0,0,0,29 Dec 17:30,0,0,39,0,Defender,0,0
0,-72,Good,0,0,EVE(H) 1-2,Newcastle,54321,Curtis,0,0,0,21,0,0,0,02 Jan 20:00,0,0,39,0,Defender,0,0
0,-447,Good,0,0,NOR(A) 0-0,Newcastle,54322,Curtis,0,0,0,22,0,0,0,12 Jan 15:00,0,0,39,0,Defender,0,0
0,-43,Good,0,0,RDG(H) 1-2,Newcastle,54323,Curtis,0,0,0,23,0,0,0,19 Jan 15:00,0,0,39,0,Defender,0,0
0,-212,Good,0,0,AVL(A) 2-1,Newcastle,54324,Curtis,0,0,0,24,0,0,0,29 Jan 19:45,0,0,39,0,Defender,0,0
0,-32,Good,0,0,CHE(H) 3-2,Newcastle,54325,Curtis,0,0,0,25,0,0,0,02 Feb 15:00,0,0,39,0,Defender,0,0
0,-61,Good,0,0,TOT(A) 1-2,Newcastle,54326,Curtis,0,0,0,26,0,0,0,09 Feb 12:45,0,0,39,0,Defender,0,0
0,-70,Good,0,0,SOU(H) 4-2,Newcastle,54327,Curtis,0,0,0,27,0,0,0,24 Feb 13:30,0,0,39,0,Defender,0,0
0,-46,Good,0,0,SWA(A) 0-1,Newcastle,54328,Curtis,0,0,0,28,0,0,0,02 Mar 15:00,0,0,39,0,Defender,0,0
0,-69,Good,0,0,STK(H) 2-1,Newcastle,54329,Curtis,0,0,0,29,0,0,0,10 Mar 15:00,0,0,39,0,Defender,0,0
0,-39,Good,0,0,WIG(A) 1-2,Newcastle,54330,Curtis,0,0,0,30,0,0,0,17 Mar 16:00,0,0,39,0,Defender,0,0
0,-24,Good,0,0,MCI(A) 0-4,Newcastle,54331,Curtis,0,0,0,31,0,0,0,30 Mar 15:00,0,0,39,0,Defender,0,0
0,-32,Good,0,0,FUL(H) 1-0,Newcastle,54332,Curtis,0,0,0,32,0,0,0,07 Apr 15:00,0,0,39,0,Defender,0,0
0,-12,Good,0,0,SUN(H) 0-3,Newcastle,54333,Curtis,0,0,0,33,0,0,0,14 Apr 12:00,0,0,39,0,Defender,0,0
0,-13,Good,0,0,WBA(A) 1-1,Newcastle,54334,Curtis,0,0,0,34,0,0,0,20 Apr 15:00,0,0,39,0,Defender,0,0
0,-20,Good,0,0,LIV(H) 0-6,Newcastle,54335,Curtis,0,0,0,35,0,0,0,27 Apr 17:30,0,0,39,0,Defender,0,0
0,-24,Good,0,0,WHU(A) 0-0,Newcastle,54336,Curtis,0,0,0,36,0,0,0,04 May 15:00,0,0,39,0,Defender,0,0
0,-8,Good,0,0,QPR(A) 2-1,Newcastle,54337,Curtis,0,0,0,37,0,0,0,12 May 15:00,0,0,39,0,Defender,0,0
0,4,Good,0,0,ARS(H) 0-1,Newcastle,54338,Curtis,0,0,0,38,0,0,0,19 May 16:00,0,0,39,0,Defender,0,0
0,293,Azpilicueta,0,0,NEW(H) 2-0,Chelsea,5742,Cesar,0,0,0,2,0,0,0,25 Aug 17:30,0,0,60,0,Defender,0,0
0,264,Azpilicueta,0,0,QPR(A) 0-0,Chelsea,5744,Cesar,0,0,0,4,0,0,0,15 Sep 15:00,0,0,60,0,Defender,0,0
0,-120,Azpilicueta,0,0,STK(H) 1-0,Chelsea,5745,Cesar,0,0,0,5,0,0,0,22 Sep 15:00,0,0,60,0,Defender,0,0
0,-232,Azpilicueta,0,0,ARS(A) 2-1,Chelsea,5746,Cesar,0,0,0,6,0,0,0,29 Sep 12:45,0,0,59,0,Defender,0,0
0,-105,Azpilicueta,0,0,NOR(H) 4-1,Chelsea,5747,Cesar,0,13,3,7,0,0,0,06 Oct 15:00,0,0,58,1,Defender,0,0
0,-90,Azpilicueta,0,0,TOT(A) 4-2,Chelsea,5748,Cesar,0,0,0,8,0,0,0,20 Oct 12:45,0,0,57,0,Defender,0,0
0,-74,Azpilicueta,1,0,MUN(H) 2-3,Chelsea,5749,Cesar,0,25,1,9,0,0,0,28 Oct 16:00,0,0,56,1,Defender,0,0
1,263,Azpilicueta,1,0,SWA(A) 1-1,Chelsea,57410,Cesar,0,90,11,10,0,0,0,03 Nov 15:00,0,0,56,1,Defender,0,0
0,-97,Azpilicueta,1,0,LIV(H) 1-1,Chelsea,57411,Cesar,0,90,13,11,0,0,0,11 Nov 16:00,0,0,56,2,Defender,0,0
0,260,Azpilicueta,2,0,WBA(A) 1-2,Chelsea,57412,Cesar,0,90,14,12,0,0,1,17 Nov 15:00,0,0,56,4,Defender,0,0
0,207,Azpilicueta,0,0,MCI(H) 0-0,Chelsea,57413,Cesar,0,90,14,13,1,1,0,25 Nov 16:00,0,0,56,7,Defender,0,0
0,4508,Azpilicueta,0,0,FUL(H) 0-0,Chelsea,57414,Cesar,0,90,11,14,0,1,0,28 Nov 19:45,0,0,56,6,Defender,0,0
0,6335,Azpilicueta,3,0,WHU(A) 1-3,Chelsea,57415,Cesar,0,90,10,15,0,0,0,01 Dec 12:45,0,0,56,1,Defender,0,0
0,796,Azpilicueta,0,0,SUN(A) 3-1,Chelsea,57416,Cesar,0,0,0,16,0,0,0,08 Dec 15:00,0,0,56,0,Defender,0,0
0,-412,Azpilicueta,0,0,AVL(H) 8-0,Chelsea,57418,Cesar,0,90,31,18,0,1,1,23 Dec 16:00,0,0,56,9,Defender,0,0
0,5204,Azpilicueta,0,0,NOR(A) 1-0,Chelsea,57419,Cesar,0,90,22,19,1,1,0,26 Dec 15:00,0,0,56,7,Defender,0,0
0,5613,Azpilicueta,1,0,EVE(A) 2-1,Chelsea,57420,Cesar,0,90,15,20,0,0,0,30 Dec 13:30,0,0,56,2,Defender,0,0
0,8902,Azpilicueta,1,0,QPR(H) 0-1,Chelsea,57421,Cesar,0,90,11,21,0,0,0,02 Jan 19:45,0,0,56,2,Defender,0,0
0,29728,Azpilicueta,2,0,SOU(H) 2-2,Chelsea,57422,Cesar,0,90,8,22,0,0,0,16 Jan 19:45,0,0,57,1,Defender,0,0
0,3726,Azpilicueta,1,0,ARS(H) 2-1,Chelsea,57423,Cesar,0,90,22,23,0,0,1,20 Jan 13:30,0,0,57,5,Defender,0,0
1,22390,Azpilicueta,2,0,RDG(A) 2-2,Chelsea,57424,Cesar,0,90,7,24,0,0,0,30 Jan 20:00,0,0,57,0,Defender,0,0
0,1491,Azpilicueta,0,0,NEW(A) 2-3,Chelsea,57425,Cesar,0,0,0,25,0,0,0,02 Feb 15:00,0,0,57,0,Defender,0,0
0,-17176,Azpilicueta,1,0,WIG(H) 4-1,Chelsea,57426,Cesar,0,90,37,26,2,0,2,09 Feb 15:00,0,0,57,10,Defender,0,0
0,5630,Azpilicueta,0,0,MCI(A) 0-2,Chelsea,57427,Cesar,0,0,0,27,0,0,0,24 Feb 13:30,0,0,57,0,Defender,0,0
0,-8184,Azpilicueta,0,0,WBA(H) 1-0,Chelsea,57428,Cesar,0,90,15,28,0,1,0,02 Mar 15:00,0,0,57,6,Defender,0,0
0,3617,Azpilicueta,0,0,WHU(H) 2-0,Chelsea,57430,Cesar,0,90,26,30,2,1,0,17 Mar 16:00,0,0,56,8,Defender,0,0
0,6292,Azpilicueta,2,0,SOU(A) 1-2,Chelsea,57431,Cesar,0,90,7,31,0,0,0,30 Mar 15:00,0,0,56,1,Defender,0,0
0,11533,Azpilicueta,1,0,SUN(H) 2-1,Chelsea,57432,Cesar,1,90,11,32,0,0,0,07 Apr 15:00,0,0,56,0,Defender,0,0
0,-5577,Azpilicueta,0,0,FUL(A) 3-0,Chelsea,57433,Cesar,0,0,0,33,0,0,0,17 Apr 20:00,0,0,56,0,Defender,0,0
1,-3704,Azpilicueta,2,0,LIV(A) 2-2,Chelsea,57434,Cesar,0,90,6,34,0,0,0,21 Apr 16:00,0,0,56,0,Defender,0,0
1,-87,Azpilicueta,0,0,SWA(H) 2-0,Chelsea,57435,Cesar,0,90,18,35,0,1,0,28 Apr 15:00,0,0,56,5,Defender,0,0
0,3472,Azpilicueta,2,0,TOT(H) 2-2,Chelsea,57436,Cesar,0,90,7,36,0,0,0,08 May 19:45,0,0,56,1,Defender,0,0
0,3125,Azpilicueta,1,0,AVL(A) 2-1,Chelsea,57437,Cesar,0,90,21,37,0,0,0,11 May 12:45,0,0,56,2,Defender,0,0
0,422,Azpilicueta,0,0,EVE(H) 2-1,Chelsea,57438,Cesar,0,9,2,38,0,0,0,19 May 16:00,0,0,56,1,Defender,0,0
0,540,Benteke,0,0,SWA(H) 2-0,Aston Villa,5864,Christian,0,20,12,4,0,0,0,15 Sep 15:00,0,0,65,5,Forward,0,1
0,2444,Benteke,4,0,SOU(A) 1-4,Aston Villa,5865,Christian,0,90,-1,5,0,0,0,22 Sep 15:00,0,0,65,2,Forward,0,0
0,130,Benteke,1,0,WBA(H) 1-1,Aston Villa,5866,Christian,0,67,-21,6,0,0,0,30 Sep 16:00,0,0,65,2,Forward,0,0
0,-980,Benteke,2,0,TOT(A) 0-2,Aston Villa,5867,Christian,0,90,8,7,0,0,0,07 Oct 15:00,0,0,65,2,Forward,0,0
0,61,Benteke,1,0,FUL(A) 0-1,Aston Villa,5868,Christian,0,16,-4,8,0,0,0,20 Oct 15:00,0,0,65,1,Forward,0,0
0,154,Benteke,0,0,NOR(H) 1-1,Aston Villa,5869,Christian,0,68,23,9,1,1,0,27 Oct 12:45,0,0,65,7,Forward,0,1
1,1894,Benteke,0,0,SUN(A) 1-0,Aston Villa,58610,Christian,0,90,22,10,1,1,1,03 Nov 15:00,0,0,65,5,Forward,0,0
0,1791,Benteke,3,0,MUN(H) 2-3,Aston Villa,58611,Christian,0,90,7,11,0,0,1,10 Nov 17:30,0,0,65,5,Forward,0,0
0,2721,Benteke,5,0,MCI(A) 0-5,Aston Villa,58612,Christian,0,82,-5,12,0,0,0,17 Nov 15:00,0,0,65,2,Forward,0,0
0,641,Benteke,0,0,ARS(H) 0-0,Aston Villa,58613,Christian,0,90,-4,13,0,1,0,24 Nov 17:30,0,0,65,2,Forward,0,0
0,5665,Benteke,0,0,RDG(H) 1-0,Aston Villa,58614,Christian,0,90,36,14,3,1,0,27 Nov 20:00,0,0,65,9,Forward,0,1
0,7826,Benteke,1,0,QPR(A) 1-1,Aston Villa,58615,Christian,0,90,3,15,0,0,0,01 Dec 15:00,0,0,65,2,Forward,0,0
0,3098,Benteke,0,0,STK(H) 0-0,Aston Villa,58616,Christian,0,90,4,16,0,1,0,08 Dec 15:00,0,0,65,2,Forward,0,0
1,-3056,Benteke,1,0,LIV(A) 3-1,Aston Villa,58617,Christian,0,90,61,17,3,0,1,15 Dec 15:00,0,0,65,15,Forward,0,2
0,43661,Benteke,8,0,CHE(A) 0-8,Aston Villa,58618,Christian,0,90,-1,18,0,0,0,23 Dec 16:00,0,0,66,2,Forward,0,0
0,17777,Benteke,4,0,TOT(H) 0-4,Aston Villa,58619,Christian,0,90,7,19,0,0,0,26 Dec 17:30,0,0,67,2,Forward,0,0
0,18043,Benteke,3,0,WIG(H) 0-3,Aston Villa,58620,Christian,0,90,-14,20,0,0,0,29 Dec 15:00,0,0,67,2,Forward,0,0
0,-21764,Benteke,2,0,SWA(A) 2-2,Aston Villa,58621,Christian,0,90,28,21,2,0,1,01 Jan 15:00,0,0,67,11,Forward,0,1
0,-2557,Benteke,1,0,SOU(H) 0-1,Aston Villa,58622,Christian,0,90,-3,22,0,0,0,12 Jan 15:00,0,0,67,2,Forward,0,0
0,-18285,Benteke,2,0,WBA(A) 2-2,Aston Villa,58623,Christian,0,90,29,23,3,0,0,19 Jan 17:30,0,0,66,9,Forward,0,1
1,21076,Benteke,2,0,NEW(H) 1-2,Aston Villa,58624,Christian,0,90,15,24,0,0,0,29 Jan 19:45,0,0,65,5,Forward,0,1
1,2888,Benteke,3,0,EVE(A) 3-3,Aston Villa,58625,Christian,0,90,32,25,1,0,0,02 Feb 15:00,0,0,65,10,Forward,0,2
0,91137,Benteke,1,0,WHU(H) 2-1,Aston Villa,58626,Christian,0,90,27,26,2,0,0,10 Feb 13:30,0,0,68,8,Forward,0,1
0,45939,Benteke,2,0,ARS(A) 1-2,Aston Villa,58627,Christian,0,90,5,27,0,0,0,23 Feb 15:00,0,0,69,2,Forward,0,0
1,-6067,Benteke,1,0,MCI(H) 0-1,Aston Villa,58628,Christian,0,90,-1,28,0,0,0,04 Mar 20:00,0,0,70,1,Forward,0,0
1,62396,Benteke,1,0,RDG(A) 2-1,Aston Villa,58629,Christian,0,90,29,29,2,0,0,09 Mar 15:00,0,0,71,7,Forward,0,1
0,20797,Benteke,2,0,QPR(H) 3-2,Aston Villa,58630,Christian,0,90,24,30,0,0,0,16 Mar 15:00,0,0,72,6,Forward,0,1
0,3014,Benteke,2,0,LIV(H) 1-2,Aston Villa,58631,Christian,0,90,21,31,0,0,0,31 Mar 13:30,0,0,72,6,Forward,0,1
0,6476,Benteke,1,0,STK(A) 3-1,Aston Villa,58632,Christian,0,90,36,32,2,0,0,06 Apr 15:00,0,0,72,8,Forward,0,1
0,7631,Benteke,1,0,FUL(H) 1-1,Aston Villa,58633,Christian,0,90,2,33,0,0,0,13 Apr 15:00,0,0,73,2,Forward,0,0
0,-7540,Benteke,3,0,MUN(A) 0-3,Aston Villa,58634,Christian,0,90,4,34,0,0,0,22 Apr 20:00,0,0,73,2,Forward,0,0
0,54769,Benteke,1,0,SUN(H) 6-1,Aston Villa,58635,Christian,0,78,56,35,3,0,0,29 Apr 20:00,0,0,75,17,Forward,0,3
1,25120,Benteke,1,0,NOR(A) 2-1,Aston Villa,58636,Christian,0,90,13,36,0,0,0,04 May 15:00,0,0,76,1,Forward,0,0
0,16173,Benteke,2,0,CHE(H) 1-2,Aston Villa,58637,Christian,0,57,16,37,0,0,0,11 May 12:45,0,0,77,2,Forward,1,1
0,-202625,Benteke,0,0,WIG(A) 2-2,Aston Villa,58638,Christian,0,0,0,38,0,0,0,19 May 16:00,0,0,74,0,Forward,0,0
0,0,Banya,0,0,STK(A) 0-1,Fulham,62613,Charles,0,0,0,13,0,0,0,24 Nov 15:00,0,0,45,0,Midfielder,0,0
0,20,Banya,0,0,CHE(A) 0-0,Fulham,62614,Charles,0,0,0,14,0,0,0,28 Nov 19:45,0,0,45,0,Midfielder,0,0
0,7,Banya,0,0,TOT(H) 0-3,Fulham,62615,Charles,0,0,0,15,0,0,0,01 Dec 15:00,0,0,45,0,Midfielder,0,0
0,7,Banya,0,0,NEW(H) 2-1,Fulham,62616,Charles,0,0,0,16,0,0,0,10 Dec 20:00,0,0,45,0,Midfielder,0,0
0,3,Banya,0,0,QPR(A) 1-2,Fulham,62617,Charles,0,0,0,17,0,0,0,15 Dec 15:00,0,0,45,0,Midfielder,0,0
0,0,Banya,0,0,LIV(A) 0-4,Fulham,62618,Charles,0,0,0,18,0,0,0,22 Dec 17:30,0,0,45,0,Midfielder,0,0
0,6,Banya,0,0,SOU(H) 1-1,Fulham,62619,Charles,0,0,0,19,0,0,0,26 Dec 15:00,0,0,45,0,Midfielder,0,0
0,5,Banya,0,0,SWA(H) 1-2,Fulham,62620,Charles,0,0,0,20,0,0,0,29 Dec 15:00,0,0,45,0,Midfielder,0,0
0,0,Banya,0,0,WBA(A) 2-1,Fulham,62621,Charles,0,0,0,21,0,0,0,01 Jan 12:45,0,0,45,0,Midfielder,0,0
0,-1,Banya,0,0,WIG(H) 1-1,Fulham,62622,Charles,0,0,0,22,0,0,0,12 Jan 15:00,0,0,45,0,Midfielder,0,0
0,2,Banya,0,0,MCI(A) 0-2,Fulham,62623,Charles,0,0,0,23,0,0,0,19 Jan 15:00,0,0,45,0,Midfielder,0,0
0,3,Banya,0,0,WHU(H) 3-1,Fulham,62624,Charles,0,0,0,24,0,0,0,30 Jan 20:00,0,0,45,0,Midfielder,0,0
0,-4,Banya,0,0,MUN(H) 0-1,Fulham,62625,Charles,0,0,0,25,0,0,0,02 Feb 17:30,0,0,45,0,Midfielder,0,0
0,-2,Banya,0,0,NOR(A) 0-0,Fulham,62626,Charles,0,0,0,26,0,0,0,09 Feb 15:00,0,0,45,0,Midfielder,0,0
0,1,Banya,0,0,STK(H) 1-0,Fulham,62627,Charles,0,0,0,27,0,0,0,23 Feb 12:45,0,0,45,0,Midfielder,0,0
0,2,Banya,0,0,SUN(A) 2-2,Fulham,62628,Charles,0,0,0,28,0,0,0,02 Mar 15:00,0,0,45,0,Midfielder,0,0
0,1,Banya,0,0,TOT(A) 1-0,Fulham,62630,Charles,0,0,0,30,0,0,0,17 Mar 15:00,0,0,45,0,Midfielder,0,0
0,5,Banya,0,0,QPR(H) 3-2,Fulham,62631,Charles,0,0,0,31,0,0,0,01 Apr 20:00,0,0,45,0,Midfielder,0,0
0,-1,Banya,0,0,NEW(A) 0-1,Fulham,62632,Charles,0,0,0,32,0,0,0,07 Apr 15:00,0,0,45,0,Midfielder,0,0
0,0,Banya,0,0,CHE(H) 0-3,Fulham,62633,Charles,0,0,0,33,0,0,0,17 Apr 20:00,0,0,45,0,Midfielder,0,0
0,3,Banya,0,0,ARS(H) 0-1,Fulham,62634,Charles,0,0,0,34,0,0,0,20 Apr 15:00,0,0,45,0,Midfielder,0,0
0,4,Banya,0,0,EVE(A) 0-1,Fulham,62635,Charles,0,0,0,35,0,0,0,27 Apr 15:00,0,0,45,0,Midfielder,0,0
0,-1,Banya,0,0,RDG(H) 2-4,Fulham,62636,Charles,0,0,0,36,0,0,0,04 May 15:00,0,0,45,0,Midfielder,0,0
0,7,Banya,0,0,LIV(H) 1-3,Fulham,62637,Charles,0,0,0,37,0,0,0,12 May 15:00,0,0,45,0,Midfielder,0,0
0,11,Banya,0,0,SWA(A) 3-0,Fulham,62638,Charles,0,0,0,38,0,0,0,19 May 16:00,0,0,45,0,Midfielder,0,0
0,0,Somogyi,0,0,WBA(A) 2-1,Fulham,64221,Csaba,0,0,0,21,0,0,0,01 Jan 12:45,0,0,40,0,Goalkeeper,0,0
0,691,Somogyi,0,0,WIG(H) 1-1,Fulham,64222,Csaba,0,0,0,22,0,0,0,12 Jan 15:00,0,0,40,0,Goalkeeper,0,0
0,357,Somogyi,0,0,MCI(A) 0-2,Fulham,64223,Csaba,0,0,0,23,0,0,0,19 Jan 15:00,0,0,40,0,Goalkeeper,0,0
0,81,Somogyi,0,0,WHU(H) 3-1,Fulham,64224,Csaba,0,0,0,24,0,0,0,30 Jan 20:00,0,0,40,0,Goalkeeper,0,0
0,28,Somogyi,0,0,MUN(H) 0-1,Fulham,64225,Csaba,0,0,0,25,0,0,0,02 Feb 17:30,0,0,40,0,Goalkeeper,0,0
0,8,Somogyi,0,0,NOR(A) 0-0,Fulham,64226,Csaba,0,0,0,26,0,0,0,09 Feb 15:00,0,0,40,0,Goalkeeper,0,0
0,3,Somogyi,0,0,STK(H) 1-0,Fulham,64227,Csaba,0,0,0,27,0,0,0,23 Feb 12:45,0,0,40,0,Goalkeeper,0,0
0,-6,Somogyi,0,0,SUN(A) 2-2,Fulham,64228,Csaba,0,0,0,28,0,0,0,02 Mar 15:00,0,0,40,0,Goalkeeper,0,0
0,-9,Somogyi,0,0,TOT(A) 1-0,Fulham,64230,Csaba,0,0,0,30,0,0,0,17 Mar 15:00,0,0,40,0,Goalkeeper,0,0
0,7,Somogyi,0,0,QPR(H) 3-2,Fulham,64231,Csaba,0,0,0,31,0,0,0,01 Apr 20:00,0,0,40,0,Goalkeeper,0,0
0,3,Somogyi,0,0,NEW(A) 0-1,Fulham,64232,Csaba,0,0,0,32,0,0,0,07 Apr 15:00,0,0,40,0,Goalkeeper,0,0
0,6,Somogyi,0,0,CHE(H) 0-3,Fulham,64233,Csaba,0,0,0,33,0,0,0,17 Apr 20:00,0,0,40,0,Goalkeeper,0,0
0,1,Somogyi,0,0,ARS(H) 0-1,Fulham,64234,Csaba,0,0,0,34,0,0,0,20 Apr 15:00,0,0,40,0,Goalkeeper,0,0
0,3,Somogyi,0,0,EVE(A) 0-1,Fulham,64235,Csaba,0,0,0,35,0,0,0,27 Apr 15:00,0,0,40,0,Goalkeeper,0,0
0,12,Somogyi,0,0,RDG(H) 2-4,Fulham,64236,Csaba,0,0,0,36,0,0,0,04 May 15:00,0,0,40,0,Goalkeeper,0,0
0,1,Somogyi,0,0,LIV(H) 1-3,Fulham,64237,Csaba,0,0,0,37,0,0,0,12 May 15:00,0,0,40,0,Goalkeeper,0,0
0,12,Somogyi,0,0,SWA(A) 3-0,Fulham,64238,Csaba,0,0,0,38,0,0,0,19 May 16:00,0,0,40,0,Goalkeeper,0,0
