yellow_cards,net_transfers,last_name,goals_conceded,saves,result,team_name_1,index,first_name,own_goals,minutes_played,EA_Spots_PPI,week,bonus,clean_sheets,assists,date,penalties_saved,penalties missed,value,points,position,red_cards,goals_scored
0,-54,Moreira,0,0,QPR(A) 0-3,Swansea,48833,Jose,0,0,0,33,0,0,0,11 April 20:00,0,0,39,0,Goalkeeper,0,0
0,-960,Roberts,0,0,EVE(H) 0-1,Blackburn,673,Jason,0,71,7,3,0,1,0,27 Aug. 15:00,0,0,60,2,Forward,0,0
0,-29,Roberts,0,0,BOL(H) 1-2,Blackburn,6717,Jason,0,0,0,17,0,0,0,20 Dec. 20:00,0,0,54,0,Forward,0,0
0,-6,Roberts,0,0,SUN(H) 2-0,Blackburn,6729,Jason,0,0,0,29,0,0,0,20 March 20:00,0,0,53,0,Forward,0,0
0,-2704,Jaaskelainen,3,3,LIV(A) 1-3,Bolton,693,Jussi,0,90,7,3,0,0,0,27 Aug. 17:30,0,0,50,2,Goalkeeper,0,0
0,-660,Jaaskelainen,1,1,BLA(A) 2-1,Bolton,6917,Jussi,0,90,16,17,0,0,0,20 Dec. 20:00,0,0,48,2,Goalkeeper,0,0
0,2017,Terry,0,0,MCI(A) 1-2,Chelsea,9429,John,0,0,0,29,0,0,0,21 March 19:45,0,0,74,0,Defender,0,0
0,-4233,Bosingwa,2,0,MCI(A) 1-2,Chelsea,9929,Jose,0,70,2,29,0,0,0,21 March 19:45,0,0,55,1,Defender,0,0
0,-158,McEachran,0,0,FUL(A) 3-0,Swansea,10129,Josh,0,0,0,29,0,0,0,17 March 15:00,0,0,45,0,Midfielder,0,0
0,252,Mucha,0,0,ARS(H) 0-1,Everton,11329,Jan,0,0,0,29,0,0,0,21 March 20:00,0,0,39,0,Goalkeeper,0,0
0,-253,Heitinga,1,0,ARS(H) 0-1,Everton,11529,Johnny,0,90,16,29,0,0,0,21 March 20:00,0,0,52,2,Defender,0,0
0,75,Rodwell,0,0,ARS(H) 0-1,Everton,12129,Jack,0,0,0,29,0,0,0,21 March 20:00,0,0,51,0,Midfielder,0,0
0,-10,Beckford,0,0,ARS(H) 0-1,Everton,13129,Jermaine,0,0,0,29,0,0,0,21 March 20:00,0,0,64,0,Forward,0,0
0,-20,Baxter,0,0,SUN(H) 4-0,Everton,13233,Jose,0,0,0,33,0,0,0,09 April 15:00,0,0,42,0,Forward,0,0
0,4078,Riise,0,0,WOL(H) 5-0,Fulham,14527,John Arne,0,90,18,27,0,1,0,04 March 14:05,0,0,57,6,Defender,0,0
0,0,Greening,0,0,WOL(H) 5-0,Fulham,14627,Jonathan,0,0,0,27,0,0,0,04 March 14:05,0,0,50,0,Midfielder,0,0
0,233,Reina,2,5,ARS(H) 1-2,Liverpool,15727,Jose,0,90,6,27,0,0,0,03 March 12:45,0,0,64,2,Goalkeeper,0,0
0,294,Robinson,0,0,QPR(A) 2-3,Liverpool,16029,Jack,0,0,0,29,0,0,0,21 March 20:00,0,0,38,0,Defender,0,0
0,-22,Flanagan,0,0,ARS(H) 1-2,Liverpool,16127,Jon,0,0,0,27,0,0,0,03 March 12:45,0,0,44,0,Defender,0,0
0,56,Carragher,2,0,ARS(H) 1-2,Liverpool,16427,Jamie,0,90,3,27,0,0,0,03 March 12:45,0,0,57,1,Defender,0,0
0,-849,Shelvey,0,0,NEW(H) 3-1,Liverpool,16819,Jonjo,0,0,0,19,0,0,0,30 Dec. 19:45,0,0,48,0,Midfielder,0,0
0,-22,Shelvey,0,0,QPR(A) 2-3,Liverpool,16829,Jonjo,0,0,0,29,0,0,0,21 March 20:00,0,0,48,0,Midfielder,0,0
0,64,Spearing,2,0,ARS(H) 1-2,Liverpool,16927,Jay,0,90,8,27,0,0,0,03 March 12:45,0,0,52,2,Midfielder,0,0
0,-2,Cole,0,0,QPR(A) 2-3,Liverpool,17229,Joe,0,0,0,29,0,0,0,21 March 20:00,0,0,59,0,Midfielder,0,0
0,-7448,Henderson,3,0,QPR(A) 2-3,Liverpool,17829,Jordan,0,45,2,29,0,0,0,21 March 20:00,0,0,61,1,Midfielder,0,0
0,537,Hart,1,1,CHE(H) 2-1,Man City,18429,Joe,0,90,13,29,0,0,0,21 March 19:45,0,0,68,2,Goalkeeper,0,0
0,0,Boateng,0,0,CHE(H) 2-1,Man City,18629,Jerome,0,0,0,29,0,0,0,21 March 19:45,0,0,55,0,Defender,0,0
0,-28415,Lescott,0,0,CHE(H) 2-1,Man City,18929,Joleon,0,0,0,29,0,0,0,21 March 19:45,0,0,64,0,Defender,0,0
0,-1879,Milner,0,0,CHE(H) 2-1,Man City,19929,James,0,0,0,29,0,0,0,21 March 19:45,0,0,69,0,Midfielder,0,0
0,0,Jo,0,0,CHE(H) 2-1,Man City,20429,Joao Alves,0,0,0,29,0,0,0,21 March 19:45,0,0,55,0,Forward,0,0
0,32510,Evans J,0,0,WOL(A) 5-0,Man Utd,21429,Jonathan,0,73,31,29,1,1,0,18 March 13:30,0,0,48,13,Defender,0,1
0,-179,Park,0,0,WOL(A) 5-0,Man Utd,21929,Ji-Sung,0,0,0,29,0,0,0,18 March 13:30,0,0,67,0,Midfielder,0,0
0,2999,Gutierrez,0,0,NOR(H) 1-0,Newcastle,24929,Jonas,0,90,28,29,2,1,1,18 March 16:00,0,0,60,8,Midfielder,0,0
0,0,Bothroyd,0,0,EVE(A) 1-0,QPR,3082,Jay,0,35,7,2,0,0,0,20 Aug. 15:00,0,0,60,1,Forward,0,0
0,-2945,Bothroyd,0,0,WIG(A) 0-2,QPR,3083,Jay,0,19,6,3,0,0,0,27 Aug. 12:30,0,0,60,1,Forward,0,0
1,0,Woodgate,1,0,NOR(A) 1-1,Stoke City,3172,Jonathan,0,76,9,2,0,0,0,21 Aug. 13:30,0,0,45,1,Defender,0,0
0,-5392,Woodgate,0,0,WBA(A) 1-0,Stoke City,3173,Jonathan,0,90,16,3,0,1,0,28 Aug. 15:00,0,0,45,6,Defender,0,0
0,0,Walters,1,0,NOR(A) 1-1,Stoke City,3202,Jonathan,0,90,-1,2,0,0,0,21 Aug. 13:30,0,1,60,0,Midfielder,0,0
0,-2769,Walters,0,0,WBA(A) 1-0,Stoke City,3203,Jonathan,0,90,14,3,0,1,1,28 Aug. 15:00,0,0,60,6,Midfielder,0,0
0,-108,O'Shea,2,0,QPR(A) 3-2,Sunderland,34017,John,0,90,13,17,0,0,0,21 Dec. 20:00,0,0,50,1,Defender,0,0
0,19,Cook,0,0,QPR(A) 3-2,Sunderland,34417,Jordan,0,0,0,17,0,0,0,21 Dec. 20:00,0,0,44,0,Midfielder,0,0
0,29,Colback,0,0,QPR(A) 3-2,Sunderland,34817,Jack,0,20,3,17,0,0,0,21 Dec. 20:00,0,0,49,1,Midfielder,0,0
0,11,Hurst,0,0,CHE(H) 1-0,West Brom,41027,James,0,0,0,27,0,0,0,03 March 15:00,0,0,40,0,Defender,0,0
0,-2,Hurst,0,0,MCI(A) 0-4,West Brom,41033,James,0,0,0,33,0,0,0,11 April 19:45,0,0,40,0,Defender,0,0
0,7708,Olsson,0,0,CHE(H) 1-0,West Brom,41427,Jonas,0,90,15,27,0,1,0,03 March 15:00,0,0,45,6,Defender,0,0
0,385,Olsson,4,0,MCI(A) 0-4,West Brom,41433,Jonas,0,90,2,33,0,0,0,11 April 19:45,0,0,46,0,Defender,0,0
0,-32,Thomas,0,0,CHE(H) 1-0,West Brom,42627,Jerome,0,63,11,27,0,1,0,03 March 15:00,0,0,54,3,Midfielder,0,0
0,-25,Thomas,0,0,MCI(A) 0-4,West Brom,42633,Jerome,0,0,0,33,0,0,0,11 April 19:45,0,0,54,0,Midfielder,0,0
0,5159,Morrison,0,0,CHE(H) 1-0,West Brom,42727,James,0,90,12,27,0,1,0,03 March 15:00,0,0,53,3,Midfielder,0,0
0,-2069,Morrison,0,0,MCI(A) 0-4,West Brom,42733,James,0,0,0,33,0,0,0,11 April 19:45,0,0,51,0,Midfielder,0,0
0,60,McArthur,0,0,MUN(H) 1-0,Wigan,44333,James,0,90,17,33,0,1,0,11 April 19:45,0,0,44,3,Midfielder,0,0
0,-14,McCarthy,0,0,MUN(H) 1-0,Wigan,44433,James,0,90,21,33,1,1,0,11 April 19:45,0,0,50,4,Midfielder,0,0
0,-241,Gomez,0,0,MUN(H) 1-0,Wigan,44533,Jordi,0,0,0,33,0,0,0,11 April 19:45,0,0,46,0,Midfielder,0,0
0,-6,Craddock,0,0,ARS(H) 0-3,Wolves,46233,Jody,0,0,0,33,0,0,0,11 April 19:45,0,0,42,0,Defender,0,0
0,-111,O'Hara,0,0,ARS(H) 0-3,Wolves,46733,Jamie,0,0,0,33,0,0,0,11 April 19:45,0,0,55,0,Midfielder,0,0
0,0,Livermore,1,0,MUN(A) 0-3,Tottenham,5362,Jake,0,73,4,2,0,0,0,22 Aug. 20:00,0,0,50,2,Midfielder,0,0
0,230,Livermore,1,0,MCI(H) 1-5,Tottenham,5363,Jake,0,25,2,3,0,0,0,28 Aug. 13:30,0,0,50,1,Midfielder,0,0
0,4392,Mata,1,0,FUL(A) 1-1,Chelsea,53833,Juan,0,21,2,33,0,0,0,09 April 20:00,0,0,96,1,Midfielder,0,0
0,0,Puncheon,0,0,EVE(H) 1-1,QPR,56927,Jason,0,0,0,27,0,0,0,03 March 15:00,0,0,48,0,Midfielder,0,0
0,-4,Puncheon,0,0,SWA(H) 3-0,QPR,56933,Jason,0,0,0,33,0,0,0,11 April 20:00,0,0,48,0,Midfielder,0,0
1,6259,McClean,1,0,NEW(A) 1-1,Sunderland,57727,James,0,90,10,27,0,0,0,04 March 12:00,0,0,49,1,Midfielder,0,0
0,2467,McClean,4,0,EVE(A) 0-4,Sunderland,57733,James,0,90,3,33,0,0,0,09 April 15:00,0,0,50,2,Midfielder,0,0
0,3,Slew,0,0,BOL(H) 1-2,Blackburn,58917,Jordan,0,0,0,17,0,0,0,20 Dec. 20:00,0,0,50,0,Forward,0,0
0,0,Blackman,0,0,FUL(A) 1-1,Chelsea,59333,Jamal,0,0,0,33,0,0,0,09 April 20:00,0,0,40,0,Goalkeeper,0,0
0,0,McFadden,0,0,ARS(H) 0-1,Everton,59429,James,0,0,0,29,0,0,0,21 March 20:00,0,0,49,0,Forward,0,0
0,0,Lingard,0,0,TOT(A) 3-1,Man Utd,62127,Jessie,0,0,0,27,0,0,0,04 March 16:10,0,0,55,0,Midfielder,0,0
0,0,Lingard,0,0,WIG(A) 0-1,Man Utd,62133,Jessie,0,0,0,33,0,0,0,11 April 19:45,0,0,55,0,Midfielder,0,0
0,-3,Mattock,0,0,WIG(A) 1-1,West Brom,62929,Joe,0,0,0,29,0,0,0,17 March 15:00,0,0,40,0,Defender,0,0
0,-196,Beausejour,1,0,WBA(H) 1-1,Wigan,63329,Jean,0,90,17,29,1,0,0,17 March 15:00,0,0,50,3,Midfielder,0,0
0,5,Howson,1,0,NEW(A) 0-1,Norwich,65829,Jonathan,0,76,-9,29,0,0,0,18 March 16:00,0,0,50,2,Midfielder,0,0
0,6,Price,0,0,ARS(H) 0-3,Wolves,66733,Jack,0,0,0,33,0,0,0,11 April 19:45,0,0,45,0,Midfielder,0,0
0,0,Djourou,0,0,SUN(H) 0-0,Arsenal,61,Johan,0,0,0,1,0,0,0,18 Aug 15:00,0,0,50,0,Defender,0,0
0,-1232,Djourou,0,0,STK(A) 0-0,Arsenal,62,Johan,0,0,0,2,0,0,0,26 Aug 13:30,0,0,50,0,Defender,0,0
0,-1249,Djourou,0,0,LIV(A) 2-0,Arsenal,63,Johan,0,0,0,3,0,0,0,02 Sep 13:30,0,0,49,0,Defender,0,0
0,-846,Djourou,0,0,SOU(H) 6-1,Arsenal,64,Johan,0,0,0,4,0,0,0,15 Sep 15:00,0,0,48,0,Defender,0,0
0,-491,Djourou,0,0,MCI(A) 1-1,Arsenal,65,Johan,0,0,0,5,0,0,0,23 Sep 16:00,0,0,48,0,Defender,0,0
0,-312,Djourou,0,0,CHE(H) 1-2,Arsenal,66,Johan,0,0,0,6,0,0,0,29 Sep 12:45,0,0,47,0,Defender,0,0
0,-224,Djourou,0,0,WHU(A) 3-1,Arsenal,67,Johan,0,0,0,7,0,0,0,06 Oct 17:30,0,0,47,0,Defender,0,0
0,-201,Djourou,0,0,NOR(A) 0-1,Arsenal,68,Johan,0,0,0,8,0,0,0,20 Oct 17:30,0,0,47,0,Defender,0,0
0,-98,Djourou,0,0,QPR(H) 1-0,Arsenal,69,Johan,0,0,0,9,0,0,0,27 Oct 15:00,0,0,46,0,Defender,0,0
0,-107,Djourou,0,0,MUN(A) 1-2,Arsenal,610,Johan,0,0,0,10,0,0,0,03 Nov 12:45,0,0,46,0,Defender,0,0
0,-29,Djourou,0,0,NEW(H) 7-3,Arsenal,620,Johan,0,0,0,20,0,0,0,29 Dec 17:30,0,0,45,0,Defender,0,0
0,-16,Djourou,0,0,SWA(A) 2-0,Arsenal,630,Johan,0,0,0,30,0,0,0,16 Mar 15:00,0,0,45,0,Defender,0,0
0,-4,Djourou,0,0,EVE(H) 0-0,Arsenal,633,Johan,0,0,0,33,0,0,0,16 Apr 19:45,0,0,45,0,Defender,0,0
0,0,Wilshere,0,0,SUN(H) 0-0,Arsenal,131,Jack,0,0,0,1,0,0,0,18 Aug 15:00,0,0,65,0,Midfielder,0,0
0,-536,Wilshere,0,0,STK(A) 0-0,Arsenal,132,Jack,0,0,0,2,0,0,0,26 Aug 13:30,0,0,65,0,Midfielder,0,0
0,-546,Wilshere,0,0,LIV(A) 2-0,Arsenal,133,Jack,0,0,0,3,0,0,0,02 Sep 13:30,0,0,65,0,Midfielder,0,0
0,-259,Wilshere,0,0,SOU(H) 6-1,Arsenal,134,Jack,0,0,0,4,0,0,0,15 Sep 15:00,0,0,64,0,Midfielder,0,0
0,-29,Wilshere,0,0,MCI(A) 1-1,Arsenal,135,Jack,0,0,0,5,0,0,0,23 Sep 16:00,0,0,64,0,Midfielder,0,0
0,32,Wilshere,0,0,CHE(H) 1-2,Arsenal,136,Jack,0,0,0,6,0,0,0,29 Sep 12:45,0,0,64,0,Midfielder,0,0
0,143,Wilshere,0,0,WHU(A) 3-1,Arsenal,137,Jack,0,0,0,7,0,0,0,06 Oct 17:30,0,0,64,0,Midfielder,0,0
0,699,Wilshere,0,0,NOR(A) 0-1,Arsenal,138,Jack,0,0,0,8,0,0,0,20 Oct 17:30,0,0,64,0,Midfielder,0,0
0,2683,Wilshere,0,0,QPR(H) 1-0,Arsenal,139,Jack,0,66,17,9,0,1,0,27 Oct 15:00,0,0,64,3,Midfielder,0,0
0,11267,Wilshere,2,0,MUN(A) 1-2,Arsenal,1310,Jack,0,68,2,10,0,0,0,03 Nov 12:45,0,0,64,-1,Midfielder,1,0
0,-150,Wilshere,3,0,NEW(H) 7-3,Arsenal,1320,Jack,0,90,34,20,0,0,2,29 Dec 17:30,0,0,64,8,Midfielder,0,0
0,-13764,Wilshere,0,0,SWA(A) 2-0,Arsenal,1330,Jack,0,0,0,30,0,0,0,16 Mar 15:00,0,0,63,0,Midfielder,0,0
0,0,Collins,0,0,AVL(H) 1-0,West Ham,381,James,0,90,25,1,3,1,0,18 Aug 15:00,0,0,50,9,Defender,0,0
1,11515,Collins,3,0,SWA(A) 0-3,West Ham,382,James,0,90,2,2,0,0,0,25 Aug 12:45,0,0,50,0,Defender,0,0
0,-4623,Collins,0,0,FUL(H) 3-0,West Ham,383,James,0,66,29,3,1,1,1,01 Sep 12:45,0,0,50,10,Defender,0,0
1,5893,Collins,0,0,NOR(A) 0-0,West Ham,384,James,0,90,12,4,0,1,0,15 Sep 12:45,0,0,50,5,Defender,0,0
0,6462,Collins,1,0,SUN(H) 1-1,West Ham,385,James,0,90,-6,5,0,0,0,22 Sep 15:00,0,0,50,2,Defender,0,0
1,3035,Collins,1,0,QPR(A) 2-1,West Ham,386,James,0,90,16,6,0,0,0,01 Oct 20:00,0,0,50,1,Defender,0,0
0,2031,Collins,3,0,ARS(H) 1-3,West Ham,387,James,0,90,10,7,0,0,0,06 Oct 17:30,0,0,50,1,Defender,0,0
0,8228,Collins,1,0,SOU(H) 4-1,West Ham,388,James,0,90,23,8,1,0,0,20 Oct 15:00,0,0,50,3,Defender,0,0
0,2329,Collins,2,0,WIG(A) 1-2,West Ham,389,James,0,90,15,9,0,0,0,27 Oct 15:00,0,0,50,1,Defender,0,0
1,-1659,Collins,0,0,MCI(H) 0-0,West Ham,3810,James,0,83,13,10,1,1,0,03 Nov 17:30,0,0,50,6,Defender,0,0
0,-42,Collins,0,0,STK(H) 1-1,West Ham,3812,James,0,0,0,12,0,0,0,19 Nov 20:00,0,0,50,0,Defender,0,0
1,206,Collins,1,0,RDG(A) 0-1,West Ham,3820,James,0,90,3,20,0,0,0,29 Dec 15:00,0,0,48,1,Defender,0,0
0,6719,Collins,1,0,SUN(A) 0-3,West Ham,3822,James,0,33,2,22,0,0,0,12 Jan 15:00,0,0,48,1,Defender,0,0
0,-104,Collins,2,0,CHE(A) 0-2,West Ham,3830,James,0,60,-1,30,0,0,0,17 Mar 16:00,0,0,46,1,Defender,0,0
0,0,Makoun,0,0,WHU(A) 0-1,Aston Villa,471,Jean,0,0,0,1,0,0,0,18 Aug 15:00,0,0,50,0,Midfielder,0,0
0,-191,Makoun,0,0,EVE(H) 1-3,Aston Villa,472,Jean,0,0,0,2,0,0,0,25 Aug 15:00,0,0,49,0,Midfielder,0,0
0,-194,Makoun,0,0,NEW(A) 1-1,Aston Villa,473,Jean,0,0,0,3,0,0,0,02 Sep 16:00,0,0,48,0,Midfielder,0,0
0,-102,Makoun,0,0,SWA(H) 2-0,Aston Villa,474,Jean,0,0,0,4,0,0,0,15 Sep 15:00,0,0,47,0,Midfielder,0,0
0,-43,Makoun,0,0,SOU(A) 1-4,Aston Villa,475,Jean,0,0,0,5,0,0,0,22 Sep 15:00,0,0,47,0,Midfielder,0,0
0,-26,Makoun,0,0,WBA(H) 1-1,Aston Villa,476,Jean,0,0,0,6,0,0,0,30 Sep 16:00,0,0,47,0,Midfielder,0,0
0,-28,Makoun,0,0,TOT(A) 0-2,Aston Villa,477,Jean,0,0,0,7,0,0,0,07 Oct 15:00,0,0,46,0,Midfielder,0,0
0,-5,Makoun,0,0,FUL(A) 0-1,Aston Villa,478,Jean,0,0,0,8,0,0,0,20 Oct 15:00,0,0,46,0,Midfielder,0,0
0,-11,Makoun,0,0,NOR(H) 1-1,Aston Villa,479,Jean,0,0,0,9,0,0,0,27 Oct 12:45,0,0,46,0,Midfielder,0,0
0,-19,Makoun,0,0,SUN(A) 1-0,Aston Villa,4710,Jean,0,0,0,10,0,0,0,03 Nov 15:00,0,0,46,0,Midfielder,0,0
0,-10,Makoun,0,0,WIG(H) 0-3,Aston Villa,4720,Jean,0,0,0,20,0,0,0,29 Dec 15:00,0,0,45,0,Midfielder,0,0
0,-9,Makoun,0,0,QPR(H) 3-2,Aston Villa,4730,Jean,0,0,0,30,0,0,0,16 Mar 15:00,0,0,45,0,Midfielder,0,0
0,0,Grealish,0,0,WHU(A) 0-1,Aston Villa,551,Jack,0,0,0,1,0,0,0,18 Aug 15:00,0,0,45,0,Midfielder,0,0
0,-33,Grealish,0,0,EVE(H) 1-3,Aston Villa,552,Jack,0,0,0,2,0,0,0,25 Aug 15:00,0,0,45,0,Midfielder,0,0
0,-56,Grealish,0,0,NEW(A) 1-1,Aston Villa,553,Jack,0,0,0,3,0,0,0,02 Sep 16:00,0,0,45,0,Midfielder,0,0
0,-24,Grealish,0,0,SWA(H) 2-0,Aston Villa,554,Jack,0,0,0,4,0,0,0,15 Sep 15:00,0,0,44,0,Midfielder,0,0
0,-15,Grealish,0,0,SOU(A) 1-4,Aston Villa,555,Jack,0,0,0,5,0,0,0,22 Sep 15:00,0,0,44,0,Midfielder,0,0
0,-23,Grealish,0,0,WBA(H) 1-1,Aston Villa,556,Jack,0,0,0,6,0,0,0,30 Sep 16:00,0,0,44,0,Midfielder,0,0
0,-5,Grealish,0,0,TOT(A) 0-2,Aston Villa,557,Jack,0,0,0,7,0,0,0,07 Oct 15:00,0,0,44,0,Midfielder,0,0
0,-2,Grealish,0,0,FUL(A) 0-1,Aston Villa,558,Jack,0,0,0,8,0,0,0,20 Oct 15:00,0,0,44,0,Midfielder,0,0
0,-5,Grealish,0,0,NOR(H) 1-1,Aston Villa,559,Jack,0,0,0,9,0,0,0,27 Oct 12:45,0,0,44,0,Midfielder,0,0
0,-4,Grealish,0,0,SUN(A) 1-0,Aston Villa,5510,Jack,0,0,0,10,0,0,0,03 Nov 15:00,0,0,44,0,Midfielder,0,0
0,-6,Grealish,0,0,WIG(H) 0-3,Aston Villa,5520,Jack,0,0,0,20,0,0,0,29 Dec 15:00,0,0,43,0,Midfielder,0,0
0,-3,Grealish,0,0,QPR(H) 3-2,Aston Villa,5530,Jack,0,0,0,30,0,0,0,16 Mar 15:00,0,0,43,0,Midfielder,0,0
0,0,Terry,2,0,RDG(H) 4-2,Chelsea,691,John,0,90,15,1,0,0,0,22 Aug 19:45,0,0,70,1,Defender,0,0
0,-26753,Terry,0,0,NEW(H) 2-0,Chelsea,692,John,0,0,0,2,0,0,0,25 Aug 17:30,0,0,70,0,Defender,0,0
0,-19784,Terry,0,0,QPR(A) 0-0,Chelsea,694,John,0,90,8,4,0,1,0,15 Sep 15:00,0,0,68,6,Defender,0,0
0,-488,Terry,0,0,STK(H) 1-0,Chelsea,695,John,0,3,0,5,0,0,0,22 Sep 15:00,0,0,68,1,Defender,0,0
0,-11307,Terry,1,0,ARS(A) 2-1,Chelsea,696,John,0,90,13,6,0,0,0,29 Sep 12:45,0,0,68,2,Defender,0,0
0,-4745,Terry,1,0,NOR(H) 4-1,Chelsea,697,John,0,90,14,7,0,0,0,06 Oct 15:00,0,0,67,2,Defender,0,0
0,-15061,Terry,0,0,TOT(A) 4-2,Chelsea,698,John,0,0,0,8,0,0,0,20 Oct 12:45,0,0,67,0,Defender,0,0
0,-11091,Terry,0,0,MUN(H) 2-3,Chelsea,699,John,0,0,0,9,0,0,0,28 Oct 16:00,0,0,66,0,Defender,0,0
0,-5283,Terry,0,0,SWA(A) 1-1,Chelsea,6910,John,0,0,0,10,0,0,0,03 Nov 15:00,0,0,66,0,Defender,0,0
0,-469,Terry,0,0,LIV(H) 1-1,Chelsea,6911,John,0,38,19,11,2,0,0,11 Nov 16:00,0,0,66,9,Defender,0,1
0,-4422,Terry,0,0,WBA(A) 1-2,Chelsea,6912,John,0,0,0,12,0,0,0,17 Nov 15:00,0,0,66,0,Defender,0,0
0,-3688,Terry,0,0,MCI(H) 0-0,Chelsea,6913,John,0,0,0,13,0,0,0,25 Nov 16:00,0,0,66,0,Defender,0,0
0,-1339,Terry,0,0,FUL(H) 0-0,Chelsea,6914,John,0,0,0,14,0,0,0,28 Nov 19:45,0,0,66,0,Defender,0,0
0,-1271,Terry,0,0,WHU(A) 1-3,Chelsea,6915,John,0,0,0,15,0,0,0,01 Dec 12:45,0,0,66,0,Defender,0,0
0,-1528,Terry,0,0,SUN(A) 3-1,Chelsea,6916,John,0,0,0,16,0,0,0,08 Dec 15:00,0,0,66,0,Defender,0,0
0,-1027,Terry,0,0,AVL(H) 8-0,Chelsea,6918,John,0,0,0,18,0,0,0,23 Dec 16:00,0,0,65,0,Defender,0,0
0,-680,Terry,0,0,NOR(A) 1-0,Chelsea,6919,John,0,0,0,19,0,0,0,26 Dec 15:00,0,0,65,0,Defender,0,0
0,-570,Terry,0,0,EVE(A) 2-1,Chelsea,6920,John,0,0,0,20,0,0,0,30 Dec 13:30,0,0,65,0,Defender,0,0
0,-520,Terry,0,0,QPR(H) 0-1,Chelsea,6921,John,0,0,0,21,0,0,0,02 Jan 19:45,0,0,65,0,Defender,0,0
0,-649,Terry,0,0,SOU(H) 2-2,Chelsea,6922,John,0,0,0,22,0,0,0,16 Jan 19:45,0,0,65,0,Defender,0,0
0,-53,Terry,0,0,ARS(H) 2-1,Chelsea,6923,John,0,0,0,23,0,0,0,20 Jan 13:30,0,0,65,0,Defender,0,0
0,-124,Terry,0,0,RDG(A) 2-2,Chelsea,6924,John,0,0,0,24,0,0,0,30 Jan 20:00,0,0,65,0,Defender,0,0
0,-216,Terry,3,0,NEW(A) 2-3,Chelsea,6925,John,0,90,5,25,0,0,0,02 Feb 15:00,0,0,65,1,Defender,0,0
0,-573,Terry,0,0,WIG(H) 4-1,Chelsea,6926,John,0,0,0,26,0,0,0,09 Feb 15:00,0,0,65,0,Defender,0,0
0,-783,Terry,0,0,MCI(A) 0-2,Chelsea,6927,John,0,0,0,27,0,0,0,24 Feb 13:30,0,0,65,0,Defender,0,0
0,-96,Terry,0,0,WBA(H) 1-0,Chelsea,6928,John,0,0,0,28,0,0,0,02 Mar 15:00,0,0,65,0,Defender,0,0
0,-67,Terry,0,0,WHU(H) 2-0,Chelsea,6930,John,0,13,2,30,0,0,0,17 Mar 16:00,0,0,65,1,Defender,0,0
0,-106,Terry,2,0,SOU(A) 1-2,Chelsea,6931,John,0,90,24,31,1,0,0,30 Mar 15:00,0,0,65,8,Defender,0,1
0,1414,Terry,0,0,SUN(H) 2-1,Chelsea,6932,John,0,0,0,32,0,0,0,07 Apr 15:00,0,0,65,0,Defender,0,0
0,-507,Terry,0,0,FUL(A) 3-0,Chelsea,6933,John,0,90,58,33,3,1,0,17 Apr 20:00,0,0,65,21,Defender,0,2
0,2109,Terry,0,0,LIV(A) 2-2,Chelsea,6934,John,0,0,0,34,0,0,0,21 Apr 16:00,0,0,65,0,Defender,0,0
0,739,Terry,0,0,SWA(H) 2-0,Chelsea,6935,John,0,90,20,35,0,1,0,28 Apr 15:00,0,0,65,6,Defender,0,0
0,1251,Terry,0,0,TOT(H) 2-2,Chelsea,6936,John,0,0,0,36,0,0,0,08 May 19:45,0,0,65,0,Defender,0,0
1,-1107,Terry,1,0,AVL(A) 2-1,Chelsea,6937,John,0,74,11,37,0,0,0,11 May 12:45,0,0,65,1,Defender,0,0
0,-1840,Terry,0,0,EVE(H) 2-1,Chelsea,6938,John,0,0,0,38,0,0,0,19 May 16:00,0,0,65,0,Defender,0,0
0,0,McEachran,0,0,RDG(H) 4-2,Chelsea,751,Josh,0,0,0,1,0,0,0,22 Aug 19:45,0,0,50,0,Midfielder,0,0
0,-304,McEachran,0,0,NEW(H) 2-0,Chelsea,752,Josh,0,0,0,2,0,0,0,25 Aug 17:30,0,0,50,0,Midfielder,0,0
0,-79,McEachran,0,0,QPR(A) 0-0,Chelsea,754,Josh,0,0,0,4,0,0,0,15 Sep 15:00,0,0,50,0,Midfielder,0,0
0,-22,McEachran,0,0,STK(H) 1-0,Chelsea,755,Josh,0,0,0,5,0,0,0,22 Sep 15:00,0,0,50,0,Midfielder,0,0
0,-24,McEachran,0,0,ARS(A) 2-1,Chelsea,756,Josh,0,0,0,6,0,0,0,29 Sep 12:45,0,0,50,0,Midfielder,0,0
0,-20,McEachran,0,0,NOR(H) 4-1,Chelsea,757,Josh,0,0,0,7,0,0,0,06 Oct 15:00,0,0,50,0,Midfielder,0,0
0,-10,McEachran,0,0,TOT(A) 4-2,Chelsea,758,Josh,0,0,0,8,0,0,0,20 Oct 12:45,0,0,50,0,Midfielder,0,0
0,-1,McEachran,0,0,MUN(H) 2-3,Chelsea,759,Josh,0,0,0,9,0,0,0,28 Oct 16:00,0,0,50,0,Midfielder,0,0
0,-5,McEachran,0,0,SWA(A) 1-1,Chelsea,7510,Josh,0,0,0,10,0,0,0,03 Nov 15:00,0,0,50,0,Midfielder,0,0
0,-7,McEachran,0,0,LIV(H) 1-1,Chelsea,7511,Josh,0,0,0,11,0,0,0,11 Nov 16:00,0,0,50,0,Midfielder,0,0
0,-2,McEachran,0,0,WBA(A) 1-2,Chelsea,7512,Josh,0,0,0,12,0,0,0,17 Nov 15:00,0,0,50,0,Midfielder,0,0
0,-3,McEachran,0,0,MCI(H) 0-0,Chelsea,7513,Josh,0,0,0,13,0,0,0,25 Nov 16:00,0,0,50,0,Midfielder,0,0
0,0,McEachran,0,0,FUL(H) 0-0,Chelsea,7514,Josh,0,0,0,14,0,0,0,28 Nov 19:45,0,0,50,0,Midfielder,0,0
0,-1,McEachran,0,0,WHU(A) 1-3,Chelsea,7515,Josh,0,0,0,15,0,0,0,01 Dec 12:45,0,0,50,0,Midfielder,0,0
0,-4,McEachran,0,0,SUN(A) 3-1,Chelsea,7516,Josh,0,0,0,16,0,0,0,08 Dec 15:00,0,0,50,0,Midfielder,0,0
0,-5,McEachran,0,0,AVL(H) 8-0,Chelsea,7518,Josh,0,0,0,18,0,0,0,23 Dec 16:00,0,0,50,0,Midfielder,0,0
0,0,McEachran,0,0,NOR(A) 1-0,Chelsea,7519,Josh,0,0,0,19,0,0,0,26 Dec 15:00,0,0,50,0,Midfielder,0,0
0,-1,McEachran,0,0,EVE(A) 2-1,Chelsea,7520,Josh,0,0,0,20,0,0,0,30 Dec 13:30,0,0,50,0,Midfielder,0,0
0,-1,McEachran,0,0,QPR(H) 0-1,Chelsea,7521,Josh,0,0,0,21,0,0,0,02 Jan 19:45,0,0,50,0,Midfielder,0,0
0,-1,McEachran,0,0,SOU(H) 2-2,Chelsea,7522,Josh,0,0,0,22,0,0,0,16 Jan 19:45,0,0,50,0,Midfielder,0,0
0,-1,McEachran,0,0,ARS(H) 2-1,Chelsea,7523,Josh,0,0,0,23,0,0,0,20 Jan 13:30,0,0,50,0,Midfielder,0,0
0,-2,McEachran,0,0,RDG(A) 2-2,Chelsea,7524,Josh,0,0,0,24,0,0,0,30 Jan 20:00,0,0,50,0,Midfielder,0,0
0,-1,McEachran,0,0,NEW(A) 2-3,Chelsea,7525,Josh,0,0,0,25,0,0,0,02 Feb 15:00,0,0,50,0,Midfielder,0,0
0,-3,McEachran,0,0,WIG(H) 4-1,Chelsea,7526,Josh,0,0,0,26,0,0,0,09 Feb 15:00,0,0,50,0,Midfielder,0,0
0,1,McEachran,0,0,MCI(A) 0-2,Chelsea,7527,Josh,0,0,0,27,0,0,0,24 Feb 13:30,0,0,50,0,Midfielder,0,0
0,0,McEachran,0,0,WBA(H) 1-0,Chelsea,7528,Josh,0,0,0,28,0,0,0,02 Mar 15:00,0,0,50,0,Midfielder,0,0
0,0,McEachran,0,0,WHU(H) 2-0,Chelsea,7530,Josh,0,0,0,30,0,0,0,17 Mar 16:00,0,0,50,0,Midfielder,0,0
0,-1,McEachran,0,0,SOU(A) 1-2,Chelsea,7531,Josh,0,0,0,31,0,0,0,30 Mar 15:00,0,0,50,0,Midfielder,0,0
0,0,McEachran,0,0,SUN(H) 2-1,Chelsea,7532,Josh,0,0,0,32,0,0,0,07 Apr 15:00,0,0,50,0,Midfielder,0,0
0,-1,McEachran,0,0,FUL(A) 3-0,Chelsea,7533,Josh,0,0,0,33,0,0,0,17 Apr 20:00,0,0,50,0,Midfielder,0,0
0,0,McEachran,0,0,LIV(A) 2-2,Chelsea,7534,Josh,0,0,0,34,0,0,0,21 Apr 16:00,0,0,50,0,Midfielder,0,0
0,0,McEachran,0,0,SWA(H) 2-0,Chelsea,7535,Josh,0,0,0,35,0,0,0,28 Apr 15:00,0,0,50,0,Midfielder,0,0
0,-2,McEachran,0,0,TOT(H) 2-2,Chelsea,7536,Josh,0,0,0,36,0,0,0,08 May 19:45,0,0,50,0,Midfielder,0,0
0,0,McEachran,0,0,AVL(A) 2-1,Chelsea,7537,Josh,0,0,0,37,0,0,0,11 May 12:45,0,0,50,0,Midfielder,0,0
0,0,McEachran,0,0,EVE(H) 2-1,Chelsea,7538,Josh,0,0,0,38,0,0,0,19 May 16:00,0,0,50,0,Midfielder,0,0
0,0,Mata,2,0,RDG(H) 4-2,Chelsea,831,Juan,0,83,6,1,0,0,0,22 Aug 19:45,0,0,95,2,Midfielder,0,0
0,-60709,Mata,0,0,NEW(H) 2-0,Chelsea,832,Juan,0,66,13,2,0,1,0,25 Aug 17:30,0,0,94,3,Midfielder,0,0
0,-21604,Mata,0,0,QPR(A) 0-0,Chelsea,834,Juan,0,0,0,4,0,0,0,15 Sep 15:00,0,0,90,0,Midfielder,0,0
0,-12925,Mata,0,0,STK(H) 1-0,Chelsea,835,Juan,0,87,19,5,0,1,1,22 Sep 15:00,0,0,89,6,Midfielder,0,0
0,-4390,Mata,1,0,ARS(A) 2-1,Chelsea,836,Juan,0,83,39,6,3,0,1,29 Sep 12:45,0,0,88,13,Midfielder,0,1
0,45496,Mata,1,0,NOR(H) 4-1,Chelsea,837,Juan,0,90,35,7,0,0,2,06 Oct 15:00,0,0,89,8,Midfielder,0,0
0,26901,Mata,2,0,TOT(A) 4-2,Chelsea,838,Juan,0,90,61,8,3,0,1,20 Oct 12:45,0,0,89,18,Midfielder,0,2
0,142321,Mata,2,0,MUN(H) 2-3,Chelsea,839,Juan,0,71,30,9,2,0,0,28 Oct 16:00,0,0,92,9,Midfielder,0,1
0,80247,Mata,0,0,SWA(A) 1-1,Chelsea,8310,Juan,0,0,0,10,0,0,0,03 Nov 15:00,0,0,94,0,Midfielder,0,0
0,16165,Mata,1,0,LIV(H) 1-1,Chelsea,8311,Juan,0,90,10,11,0,0,1,11 Nov 16:00,0,0,94,5,Midfielder,0,0
0,55926,Mata,0,0,WBA(A) 1-2,Chelsea,8312,Juan,0,29,7,12,0,0,0,17 Nov 15:00,0,0,96,1,Midfielder,0,0
0,-11461,Mata,0,0,MCI(H) 0-0,Chelsea,8313,Juan,0,90,9,13,0,1,0,25 Nov 16:00,0,0,96,3,Midfielder,0,0
0,2869,Mata,0,0,FUL(H) 0-0,Chelsea,8314,Juan,0,28,-4,14,0,0,0,28 Nov 19:45,0,0,96,1,Midfielder,0,0
0,-61622,Mata,3,0,WHU(A) 1-3,Chelsea,8315,Juan,0,90,16,15,0,0,0,01 Dec 12:45,0,0,95,7,Midfielder,0,1
1,37892,Mata,1,0,SUN(A) 3-1,Chelsea,8316,Juan,0,90,36,16,2,0,0,08 Dec 15:00,0,0,95,8,Midfielder,0,1
0,62586,Mata,0,0,AVL(H) 8-0,Chelsea,8318,Juan,0,73,18,18,0,1,1,23 Dec 16:00,0,0,95,6,Midfielder,0,0
0,24166,Mata,0,0,NOR(A) 1-0,Chelsea,8319,Juan,0,90,27,19,3,1,0,26 Dec 15:00,0,0,96,11,Midfielder,0,1
0,28345,Mata,1,0,EVE(A) 2-1,Chelsea,8320,Juan,0,84,31,20,2,0,1,30 Dec 13:30,0,0,97,7,Midfielder,0,0
0,47931,Mata,1,0,QPR(H) 0-1,Chelsea,8321,Juan,0,16,1,21,0,0,0,02 Jan 19:45,0,0,98,1,Midfielder,0,0
0,74174,Mata,2,0,SOU(H) 2-2,Chelsea,8322,Juan,0,90,12,22,0,0,0,16 Jan 19:45,0,0,99,2,Midfielder,0,0
1,-13573,Mata,1,0,ARS(H) 2-1,Chelsea,8323,Juan,0,90,36,23,3,0,0,20 Jan 13:30,0,0,100,9,Midfielder,0,1
0,71724,Mata,0,0,RDG(A) 2-2,Chelsea,8324,Juan,0,76,32,24,3,1,1,30 Jan 20:00,0,0,100,14,Midfielder,0,1
1,14515,Mata,3,0,NEW(A) 2-3,Chelsea,8325,Juan,0,90,23,25,0,0,0,02 Feb 15:00,0,0,101,6,Midfielder,0,1
0,7373,Mata,0,0,WIG(H) 4-1,Chelsea,8326,Juan,0,14,2,26,0,0,0,09 Feb 15:00,0,0,101,1,Midfielder,0,0
0,-22305,Mata,2,0,MCI(A) 0-2,Chelsea,8327,Juan,0,90,6,27,0,0,0,24 Feb 13:30,0,0,101,2,Midfielder,0,0
0,-15392,Mata,0,0,WBA(H) 1-0,Chelsea,8328,Juan,0,90,9,28,0,1,0,02 Mar 15:00,0,0,101,3,Midfielder,0,0
0,15261,Mata,0,0,WHU(H) 2-0,Chelsea,8330,Juan,0,84,21,30,0,1,1,17 Mar 16:00,0,0,97,6,Midfielder,0,0
0,19120,Mata,0,0,SOU(A) 1-2,Chelsea,8331,Juan,0,0,0,31,0,0,0,30 Mar 15:00,0,0,98,0,Midfielder,0,0
0,39087,Mata,1,0,SUN(H) 2-1,Chelsea,8332,Juan,0,88,18,32,0,0,0,07 Apr 15:00,0,0,99,2,Midfielder,0,0
0,-37937,Mata,0,0,FUL(A) 3-0,Chelsea,8333,Juan,0,79,24,33,0,1,1,17 Apr 20:00,0,0,99,6,Midfielder,0,0
0,5519,Mata,1,0,LIV(A) 2-2,Chelsea,8334,Juan,0,89,22,34,1,0,2,21 Apr 16:00,0,0,98,9,Midfielder,0,0
0,27415,Mata,0,0,SWA(H) 2-0,Chelsea,8335,Juan,0,90,15,35,0,1,1,28 Apr 15:00,0,0,99,6,Midfielder,0,0
0,34706,Mata,2,0,TOT(H) 2-2,Chelsea,8336,Juan,0,90,2,36,0,0,0,08 May 19:45,0,0,100,2,Midfielder,0,0
0,23923,Mata,1,0,AVL(A) 2-1,Chelsea,8337,Juan,0,90,13,37,0,0,0,11 May 12:45,0,0,101,2,Midfielder,0,0
0,-12053,Mata,1,0,EVE(H) 2-1,Chelsea,8338,Juan,0,81,41,38,3,0,0,19 May 16:00,0,0,102,10,Midfielder,0,1
0,0,Mucha,0,0,MUN(H) 1-0,Everton,921,Jan,0,0,0,1,0,0,0,20 Aug 20:00,0,0,45,0,Goalkeeper,0,0
0,4,Mucha,0,0,AVL(A) 3-1,Everton,922,Jan,0,0,0,2,0,0,0,25 Aug 15:00,0,0,45,0,Goalkeeper,0,0
0,-71,Mucha,0,0,WBA(A) 0-2,Everton,923,Jan,0,0,0,3,0,0,0,01 Sep 15:00,0,0,45,0,Goalkeeper,0,0
0,-51,Mucha,0,0,NEW(H) 2-2,Everton,924,Jan,0,0,0,4,0,0,0,17 Sep 20:00,0,0,45,0,Goalkeeper,0,0
0,-65,Mucha,0,0,SWA(A) 3-0,Everton,925,Jan,0,0,0,5,0,0,0,22 Sep 12:45,0,0,45,0,Goalkeeper,0,0
0,-28,Mucha,0,0,SOU(H) 3-1,Everton,926,Jan,0,0,0,6,0,0,0,29 Sep 15:00,0,0,45,0,Goalkeeper,0,0
0,-11,Mucha,0,0,WIG(A) 2-2,Everton,927,Jan,0,0,0,7,0,0,0,06 Oct 15:00,0,0,45,0,Goalkeeper,0,0
0,-22,Mucha,0,0,QPR(A) 1-1,Everton,928,Jan,0,0,0,8,0,0,0,21 Oct 16:00,0,0,45,0,Goalkeeper,0,0
0,-14,Mucha,0,0,LIV(H) 2-2,Everton,929,Jan,0,0,0,9,0,0,0,28 Oct 13:30,0,0,45,0,Goalkeeper,0,0
0,-35,Mucha,0,0,FUL(A) 2-2,Everton,9210,Jan,0,0,0,10,0,0,0,03 Nov 15:00,0,0,44,0,Goalkeeper,0,0
0,-20,Mucha,0,0,SUN(H) 2-1,Everton,9211,Jan,0,0,0,11,0,0,0,10 Nov 15:00,0,0,44,0,Goalkeeper,0,0
0,-34,Mucha,0,0,RDG(A) 1-2,Everton,9212,Jan,0,0,0,12,0,0,0,17 Nov 15:00,0,0,44,0,Goalkeeper,0,0
0,-21,Mucha,0,0,NOR(H) 1-1,Everton,9213,Jan,0,0,0,13,0,0,0,24 Nov 15:00,0,0,44,0,Goalkeeper,0,0
0,-12,Mucha,0,0,ARS(H) 1-1,Everton,9214,Jan,0,0,0,14,0,0,0,28 Nov 19:45,0,0,44,0,Goalkeeper,0,0
0,-18,Mucha,0,0,MCI(A) 1-1,Everton,9215,Jan,0,0,0,15,0,0,0,01 Dec 15:00,0,0,44,0,Goalkeeper,0,0
0,-24,Mucha,0,0,TOT(H) 2-1,Everton,9216,Jan,0,0,0,16,0,0,0,09 Dec 15:00,0,0,44,0,Goalkeeper,0,0
0,-26,Mucha,0,0,STK(A) 1-1,Everton,9217,Jan,0,0,0,17,0,0,0,15 Dec 15:00,0,0,44,0,Goalkeeper,0,0
0,-13,Mucha,0,0,WHU(A) 2-1,Everton,9218,Jan,0,0,0,18,0,0,0,22 Dec 15:00,0,0,44,0,Goalkeeper,0,0
0,-13,Mucha,0,0,WIG(H) 2-1,Everton,9219,Jan,0,0,0,19,0,0,0,26 Dec 15:00,0,0,44,0,Goalkeeper,0,0
0,-6,Mucha,0,0,CHE(H) 1-2,Everton,9220,Jan,0,0,0,20,0,0,0,30 Dec 13:30,0,0,44,0,Goalkeeper,0,0
0,3,Mucha,0,0,NEW(A) 2-1,Everton,9221,Jan,0,0,0,21,0,0,0,02 Jan 20:00,0,0,44,0,Goalkeeper,0,0
0,-52,Mucha,0,0,SWA(H) 0-0,Everton,9222,Jan,0,0,0,22,0,0,0,12 Jan 15:00,0,0,44,0,Goalkeeper,0,0
0,-30,Mucha,0,0,SOU(A) 0-0,Everton,9223,Jan,0,0,0,23,0,0,0,21 Jan 20:00,0,0,44,0,Goalkeeper,0,0
0,-3,Mucha,0,0,WBA(H) 2-1,Everton,9224,Jan,0,0,0,24,0,0,0,30 Jan 19:45,0,0,44,0,Goalkeeper,0,0
0,-12,Mucha,0,0,AVL(H) 3-3,Everton,9225,Jan,0,0,0,25,0,0,0,02 Feb 15:00,0,0,44,0,Goalkeeper,0,0
0,-16,Mucha,0,0,MUN(A) 0-2,Everton,9226,Jan,0,0,0,26,0,0,0,10 Feb 16:00,0,0,43,0,Goalkeeper,0,0
0,-17,Mucha,0,0,NOR(A) 1-2,Everton,9227,Jan,0,0,0,27,0,0,0,23 Feb 15:00,0,0,43,0,Goalkeeper,0,0
0,29,Mucha,1,5,RDG(H) 3-1,Everton,9228,Jan,0,90,17,28,0,0,0,02 Mar 15:00,0,0,43,3,Goalkeeper,0,0
0,650,Mucha,0,8,MCI(H) 2-0,Everton,9230,Jan,0,90,24,30,1,1,0,16 Mar 12:45,0,0,43,9,Goalkeeper,0,0
0,6877,Mucha,0,0,STK(H) 1-0,Everton,9231,Jan,0,0,0,31,0,0,0,30 Mar 17:30,0,0,43,0,Goalkeeper,0,0
0,-2195,Mucha,0,0,TOT(A) 2-2,Everton,9232,Jan,0,0,0,32,0,0,0,07 Apr 14:05,0,0,43,0,Goalkeeper,0,0
0,-1653,Mucha,0,0,ARS(A) 0-0,Everton,9233,Jan,0,0,0,33,0,0,0,16 Apr 19:45,0,0,43,0,Goalkeeper,0,0
0,-453,Mucha,0,0,SUN(A) 0-1,Everton,9234,Jan,0,0,0,34,0,0,0,20 Apr 15:00,0,0,43,0,Goalkeeper,0,0
0,-265,Mucha,0,0,FUL(H) 1-0,Everton,9235,Jan,0,0,0,35,0,0,0,27 Apr 15:00,0,0,43,0,Goalkeeper,0,0
0,-207,Mucha,0,0,LIV(A) 0-0,Everton,9236,Jan,0,0,0,36,0,0,0,05 May 13:30,0,0,43,0,Goalkeeper,0,0
0,-94,Mucha,0,0,WHU(H) 2-0,Everton,9237,Jan,0,0,0,37,0,0,0,12 May 15:00,0,0,43,0,Goalkeeper,0,0
0,-117,Mucha,0,0,CHE(A) 1-2,Everton,9238,Jan,0,0,0,38,0,0,0,19 May 16:00,0,0,43,0,Goalkeeper,0,0
0,0,Heitinga,0,0,MUN(H) 1-0,Everton,941,Johnny,0,1,0,1,0,0,0,20 Aug 20:00,0,0,55,1,Defender,0,0
0,-8577,Heitinga,0,0,AVL(A) 3-1,Everton,942,Johnny,0,4,0,2,0,0,0,25 Aug 15:00,0,0,55,1,Defender,0,0
0,-12798,Heitinga,0,0,WBA(A) 0-2,Everton,943,Johnny,0,0,0,3,0,0,0,01 Sep 15:00,0,0,54,0,Defender,0,0
0,-10287,Heitinga,0,0,NEW(H) 2-2,Everton,944,Johnny,0,0,0,4,0,0,0,17 Sep 20:00,0,0,53,0,Defender,0,0
0,-5191,Heitinga,0,0,SWA(A) 3-0,Everton,945,Johnny,0,90,20,5,0,1,0,22 Sep 12:45,0,0,53,6,Defender,0,0
0,-131,Heitinga,1,0,SOU(H) 3-1,Everton,946,Johnny,0,90,14,6,0,0,0,29 Sep 15:00,0,0,53,2,Defender,0,0
0,-114,Heitinga,2,0,WIG(A) 2-2,Everton,947,Johnny,0,45,3,7,0,0,0,06 Oct 15:00,0,0,53,0,Defender,0,0
0,-2909,Heitinga,0,0,QPR(A) 1-1,Everton,948,Johnny,0,8,1,8,0,0,0,21 Oct 16:00,0,0,53,1,Defender,0,0
0,-2349,Heitinga,0,0,LIV(H) 2-2,Everton,949,Johnny,0,0,0,9,0,0,0,28 Oct 13:30,0,0,52,0,Defender,0,0
0,-2823,Heitinga,2,0,FUL(A) 2-2,Everton,9410,Johnny,0,90,8,10,0,0,0,03 Nov 15:00,0,0,52,1,Defender,0,0
1,-1006,Heitinga,1,0,SUN(H) 2-1,Everton,9411,Johnny,0,90,0,11,0,0,0,10 Nov 15:00,0,0,52,1,Defender,0,0
0,-843,Heitinga,2,0,RDG(A) 1-2,Everton,9412,Johnny,0,90,-2,12,0,0,0,17 Nov 15:00,0,0,51,1,Defender,0,0
1,-289,Heitinga,1,0,NOR(H) 1-1,Everton,9413,Johnny,0,90,4,13,0,0,0,24 Nov 15:00,0,0,51,1,Defender,0,0
0,-776,Heitinga,0,0,ARS(H) 1-1,Everton,9414,Johnny,0,0,0,14,0,0,0,28 Nov 19:45,0,0,51,0,Defender,0,0
0,-1422,Heitinga,0,0,MCI(A) 1-1,Everton,9415,Johnny,0,1,0,15,0,0,0,01 Dec 15:00,0,0,51,1,Defender,0,0
0,-1268,Heitinga,0,0,TOT(H) 2-1,Everton,9416,Johnny,0,1,0,16,0,0,0,09 Dec 15:00,0,0,51,1,Defender,0,0
0,-1262,Heitinga,0,0,STK(A) 1-1,Everton,9417,Johnny,0,0,0,17,0,0,0,15 Dec 15:00,0,0,51,0,Defender,0,0
0,-1131,Heitinga,1,0,WHU(A) 2-1,Everton,9418,Johnny,0,90,22,18,2,0,0,22 Dec 15:00,0,0,50,4,Defender,0,0
0,478,Heitinga,1,0,WIG(H) 2-1,Everton,9419,Johnny,0,21,3,19,0,0,0,26 Dec 15:00,0,0,50,1,Defender,0,0
0,-725,Heitinga,2,0,CHE(H) 1-2,Everton,9420,Johnny,0,90,3,20,0,0,0,30 Dec 13:30,0,0,50,1,Defender,0,0
1,-328,Heitinga,1,0,NEW(A) 2-1,Everton,9421,Johnny,0,90,21,21,1,0,0,02 Jan 20:00,0,0,50,2,Defender,0,0
0,-418,Heitinga,0,0,SWA(H) 0-0,Everton,9422,Johnny,0,0,0,22,0,0,0,12 Jan 15:00,0,0,50,0,Defender,0,0
0,-1365,Heitinga,0,0,SOU(A) 0-0,Everton,9423,Johnny,0,0,0,23,0,0,0,21 Jan 20:00,0,0,50,0,Defender,0,0
0,-1128,Heitinga,1,0,WBA(H) 2-1,Everton,9424,Johnny,0,90,22,24,2,0,0,30 Jan 19:45,0,0,50,4,Defender,0,0
0,533,Heitinga,3,0,AVL(H) 3-3,Everton,9425,Johnny,0,64,13,25,0,0,0,02 Feb 15:00,0,0,50,1,Defender,0,0
0,-753,Heitinga,2,0,MUN(A) 0-2,Everton,9426,Johnny,0,90,3,26,0,0,0,10 Feb 16:00,0,0,50,1,Defender,0,0
0,-123,Heitinga,0,0,NOR(A) 1-2,Everton,9427,Johnny,0,0,0,27,0,0,0,23 Feb 15:00,0,0,50,0,Defender,0,0
0,-341,Heitinga,1,0,RDG(H) 3-1,Everton,9428,Johnny,0,86,13,28,0,0,0,02 Mar 15:00,0,0,50,2,Defender,0,0
0,-290,Heitinga,0,0,MCI(H) 2-0,Everton,9430,Johnny,0,90,15,30,0,1,0,16 Mar 12:45,0,0,50,6,Defender,0,0
0,466,Heitinga,0,0,STK(H) 1-0,Everton,9431,Johnny,0,90,12,31,0,1,0,30 Mar 17:30,0,0,50,6,Defender,0,0
0,707,Heitinga,2,0,TOT(A) 2-2,Everton,9432,Johnny,0,90,9,32,0,0,0,07 Apr 14:05,0,0,50,1,Defender,0,0
0,3723,Heitinga,0,0,ARS(A) 0-0,Everton,9433,Johnny,0,0,0,33,0,0,0,16 Apr 19:45,0,0,50,0,Defender,0,0
1,-1102,Heitinga,1,0,SUN(A) 0-1,Everton,9434,Johnny,0,90,2,34,0,0,0,20 Apr 15:00,0,0,50,1,Defender,0,0
0,-423,Heitinga,0,0,FUL(H) 1-0,Everton,9435,Johnny,0,0,0,35,0,0,0,27 Apr 15:00,0,0,50,0,Defender,0,0
0,-1323,Heitinga,0,0,LIV(A) 0-0,Everton,9436,Johnny,0,0,0,36,0,0,0,05 May 13:30,0,0,50,0,Defender,0,0
0,-385,Heitinga,0,0,WHU(H) 2-0,Everton,9437,Johnny,0,0,0,37,0,0,0,12 May 15:00,0,0,50,0,Defender,0,0
1,-375,Heitinga,1,0,CHE(A) 1-2,Everton,9438,Johnny,0,25,-4,38,0,0,0,19 May 16:00,0,0,50,0,Defender,0,0
0,0,Rodwell,2,0,SOU(H) 3-2,Man City,1021,Jack,0,90,20,1,0,0,0,19 Aug 16:00,0,0,50,2,Midfielder,0,0
0,286,Rodwell,1,0,LIV(A) 2-2,Man City,1022,Jack,0,32,7,2,0,0,0,26 Aug 16:00,0,0,50,1,Midfielder,0,0
1,-2022,Rodwell,1,0,QPR(H) 3-1,Man City,1023,Jack,0,90,13,3,0,0,0,01 Sep 17:30,0,0,50,1,Midfielder,0,0
0,-2075,Rodwell,0,0,STK(A) 1-1,Man City,1024,Jack,0,0,0,4,0,0,0,15 Sep 15:00,0,0,50,0,Midfielder,0,0
0,-2224,Rodwell,1,0,ARS(H) 1-1,Man City,1025,Jack,0,45,3,5,0,0,0,23 Sep 16:00,0,0,49,1,Midfielder,0,0
0,-2028,Rodwell,0,0,FUL(A) 2-1,Man City,1026,Jack,0,0,0,6,0,0,0,29 Sep 15:00,0,0,48,0,Midfielder,0,0
0,-1496,Rodwell,0,0,SUN(H) 3-0,Man City,1027,Jack,0,1,0,7,0,0,0,06 Oct 12:45,0,0,48,1,Midfielder,0,0
0,-1220,Rodwell,0,0,WBA(A) 2-1,Man City,1028,Jack,0,0,0,8,0,0,0,20 Oct 15:00,0,0,48,0,Midfielder,0,0
0,-1352,Rodwell,0,0,SWA(H) 1-0,Man City,1029,Jack,0,0,0,9,0,0,0,27 Oct 17:30,0,0,48,0,Midfielder,0,0
0,-900,Rodwell,0,0,WHU(A) 0-0,Man City,10210,Jack,0,0,0,10,0,0,0,03 Nov 17:30,0,0,48,0,Midfielder,0,0
0,-595,Rodwell,0,0,TOT(H) 2-1,Man City,10211,Jack,0,0,0,11,0,0,0,11 Nov 13:30,0,0,47,0,Midfielder,0,0
0,-498,Rodwell,0,0,AVL(H) 5-0,Man City,10212,Jack,0,0,0,12,0,0,0,17 Nov 15:00,0,0,47,0,Midfielder,0,0
0,-425,Rodwell,0,0,CHE(A) 0-0,Man City,10213,Jack,0,0,0,13,0,0,0,25 Nov 16:00,0,0,47,0,Midfielder,0,0
0,-178,Rodwell,0,0,WIG(A) 2-0,Man City,10214,Jack,0,0,0,14,0,0,0,28 Nov 20:00,0,0,47,0,Midfielder,0,0
0,-206,Rodwell,0,0,EVE(H) 1-1,Man City,10215,Jack,0,0,0,15,0,0,0,01 Dec 15:00,0,0,47,0,Midfielder,0,0
0,-245,Rodwell,0,0,MUN(H) 2-3,Man City,10216,Jack,0,0,0,16,0,0,0,09 Dec 13:30,0,0,46,0,Midfielder,0,0
0,-156,Rodwell,0,0,NEW(A) 3-1,Man City,10217,Jack,0,0,0,17,0,0,0,15 Dec 12:45,0,0,46,0,Midfielder,0,0
0,-186,Rodwell,0,0,RDG(H) 1-0,Man City,10218,Jack,0,0,0,18,0,0,0,22 Dec 15:00,0,0,46,0,Midfielder,0,0
0,-111,Rodwell,0,0,SUN(A) 0-1,Man City,10219,Jack,0,0,0,19,0,0,0,26 Dec 15:00,0,0,46,0,Midfielder,0,0
0,-116,Rodwell,0,0,NOR(A) 4-3,Man City,10220,Jack,0,0,0,20,0,0,0,29 Dec 15:00,0,0,46,0,Midfielder,0,0
0,-84,Rodwell,0,0,STK(H) 3-0,Man City,10221,Jack,0,0,0,21,0,0,0,01 Jan 15:00,0,0,46,0,Midfielder,0,0
0,-249,Rodwell,0,0,ARS(A) 2-0,Man City,10222,Jack,0,0,0,22,0,0,0,13 Jan 16:00,0,0,46,0,Midfielder,0,0
0,-74,Rodwell,0,0,FUL(H) 2-0,Man City,10223,Jack,0,0,0,23,0,0,0,19 Jan 15:00,0,0,46,0,Midfielder,0,0
0,-16,Rodwell,0,0,QPR(A) 0-0,Man City,10224,Jack,0,18,2,24,0,0,0,29 Jan 19:45,0,0,46,1,Midfielder,0,0
0,-4,Rodwell,0,0,LIV(H) 2-2,Man City,10225,Jack,0,0,0,25,0,0,0,03 Feb 16:00,0,0,46,0,Midfielder,0,0
0,-29,Rodwell,0,0,SOU(A) 1-3,Man City,10226,Jack,0,0,0,26,0,0,0,09 Feb 17:30,0,0,46,0,Midfielder,0,0
1,-26,Rodwell,0,0,CHE(H) 2-0,Man City,10227,Jack,0,53,3,27,0,0,0,24 Feb 13:30,0,0,46,0,Midfielder,0,0
0,267,Rodwell,0,0,AVL(A) 1-0,Man City,10228,Jack,0,24,4,28,0,0,0,04 Mar 20:00,0,0,46,1,Midfielder,0,0
0,-103,Rodwell,0,0,EVE(A) 0-2,Man City,10230,Jack,0,0,0,30,0,0,0,16 Mar 12:45,0,0,46,0,Midfielder,0,0
0,-79,Rodwell,0,0,NEW(H) 4-0,Man City,10231,Jack,0,0,0,31,0,0,0,30 Mar 15:00,0,0,46,0,Midfielder,0,0
0,-47,Rodwell,0,0,MUN(A) 2-1,Man City,10232,Jack,0,0,0,32,0,0,0,08 Apr 20:00,0,0,46,0,Midfielder,0,0
0,-27,Rodwell,0,0,WIG(H) 1-0,Man City,10233,Jack,0,0,0,33,0,0,0,17 Apr 19:45,0,0,46,0,Midfielder,0,0
0,-11,Rodwell,0,0,TOT(A) 1-3,Man City,10234,Jack,0,0,0,34,0,0,0,21 Apr 13:30,0,0,46,0,Midfielder,0,0
0,-5,Rodwell,0,0,WHU(H) 2-1,Man City,10235,Jack,0,0,0,35,0,0,0,27 Apr 12:45,0,0,46,0,Midfielder,0,0
0,-24,Rodwell,0,0,WBA(H) 1-0,Man City,10236,Jack,0,75,4,36,0,1,0,07 May 19:45,0,0,46,3,Midfielder,0,0
0,74,Rodwell,0,0,RDG(A) 2-0,Man City,10237,Jack,0,0,0,37,0,0,0,14 May 20:00,0,0,46,0,Midfielder,0,0
0,18,Rodwell,3,0,NOR(H) 2-3,Man City,10238,Jack,0,64,38,38,3,0,0,19 May 16:00,0,0,46,15,Midfielder,0,2
0,0,Baxter,0,0,MUN(H) 1-0,Everton,1121,Jose,0,0,0,1,0,0,0,20 Aug 20:00,0,0,45,0,Forward,0,0
0,-231,Baxter,0,0,AVL(A) 3-1,Everton,1122,Jose,0,0,0,2,0,0,0,25 Aug 15:00,0,0,45,0,Forward,0,0
0,-468,Baxter,0,0,WBA(A) 0-2,Everton,1123,Jose,0,0,0,3,0,0,0,01 Sep 15:00,0,0,45,0,Forward,0,0
0,-225,Baxter,0,0,NEW(H) 2-2,Everton,1124,Jose,0,0,0,4,0,0,0,17 Sep 20:00,0,0,45,0,Forward,0,0
0,-89,Baxter,0,0,SWA(A) 3-0,Everton,1125,Jose,0,0,0,5,0,0,0,22 Sep 12:45,0,0,45,0,Forward,0,0
0,-79,Baxter,0,0,SOU(H) 3-1,Everton,1126,Jose,0,0,0,6,0,0,0,29 Sep 15:00,0,0,45,0,Forward,0,0
0,-67,Baxter,0,0,WIG(A) 2-2,Everton,1127,Jose,0,0,0,7,0,0,0,06 Oct 15:00,0,0,45,0,Forward,0,0
0,-39,Baxter,0,0,QPR(A) 1-1,Everton,1128,Jose,0,0,0,8,0,0,0,21 Oct 16:00,0,0,45,0,Forward,0,0
0,-19,Baxter,0,0,LIV(H) 2-2,Everton,1129,Jose,0,0,0,9,0,0,0,28 Oct 13:30,0,0,45,0,Forward,0,0
0,-20,Baxter,0,0,FUL(A) 2-2,Everton,11210,Jose,0,0,0,10,0,0,0,03 Nov 15:00,0,0,45,0,Forward,0,0
0,-20,Baxter,0,0,SUN(H) 2-1,Everton,11211,Jose,0,0,0,11,0,0,0,10 Nov 15:00,0,0,45,0,Forward,0,0
0,-25,Baxter,0,0,RDG(A) 1-2,Everton,11212,Jose,0,0,0,12,0,0,0,17 Nov 15:00,0,0,45,0,Forward,0,0
0,-14,Baxter,0,0,NOR(H) 1-1,Everton,11213,Jose,0,0,0,13,0,0,0,24 Nov 15:00,0,0,45,0,Forward,0,0
0,-8,Baxter,0,0,ARS(H) 1-1,Everton,11214,Jose,0,0,0,14,0,0,0,28 Nov 19:45,0,0,45,0,Forward,0,0
0,-17,Baxter,0,0,MCI(A) 1-1,Everton,11215,Jose,0,0,0,15,0,0,0,01 Dec 15:00,0,0,45,0,Forward,0,0
0,-16,Baxter,0,0,TOT(H) 2-1,Everton,11216,Jose,0,0,0,16,0,0,0,09 Dec 15:00,0,0,45,0,Forward,0,0
0,-8,Baxter,0,0,STK(A) 1-1,Everton,11217,Jose,0,0,0,17,0,0,0,15 Dec 15:00,0,0,45,0,Forward,0,0
0,-2,Baxter,0,0,WHU(A) 2-1,Everton,11218,Jose,0,0,0,18,0,0,0,22 Dec 15:00,0,0,45,0,Forward,0,0
0,-5,Baxter,0,0,WIG(H) 2-1,Everton,11219,Jose,0,0,0,19,0,0,0,26 Dec 15:00,0,0,45,0,Forward,0,0
0,-6,Baxter,0,0,CHE(H) 1-2,Everton,11220,Jose,0,0,0,20,0,0,0,30 Dec 13:30,0,0,45,0,Forward,0,0
0,-8,Baxter,0,0,NEW(A) 2-1,Everton,11221,Jose,0,0,0,21,0,0,0,02 Jan 20:00,0,0,45,0,Forward,0,0
0,-13,Baxter,0,0,SWA(H) 0-0,Everton,11222,Jose,0,0,0,22,0,0,0,12 Jan 15:00,0,0,45,0,Forward,0,0
0,-4,Baxter,0,0,SOU(A) 0-0,Everton,11223,Jose,0,0,0,23,0,0,0,21 Jan 20:00,0,0,45,0,Forward,0,0
0,-10,Baxter,0,0,WBA(H) 2-1,Everton,11224,Jose,0,0,0,24,0,0,0,30 Jan 19:45,0,0,45,0,Forward,0,0
0,-5,Baxter,0,0,AVL(H) 3-3,Everton,11225,Jose,0,0,0,25,0,0,0,02 Feb 15:00,0,0,45,0,Forward,0,0
0,-5,Baxter,0,0,MUN(A) 0-2,Everton,11226,Jose,0,0,0,26,0,0,0,10 Feb 16:00,0,0,45,0,Forward,0,0
0,-4,Baxter,0,0,NOR(A) 1-2,Everton,11227,Jose,0,0,0,27,0,0,0,23 Feb 15:00,0,0,45,0,Forward,0,0
0,-2,Baxter,0,0,RDG(H) 3-1,Everton,11228,Jose,0,0,0,28,0,0,0,02 Mar 15:00,0,0,45,0,Forward,0,0
0,0,Baxter,0,0,MCI(H) 2-0,Everton,11230,Jose,0,0,0,30,0,0,0,16 Mar 12:45,0,0,45,0,Forward,0,0
0,-3,Baxter,0,0,STK(H) 1-0,Everton,11231,Jose,0,0,0,31,0,0,0,30 Mar 17:30,0,0,45,0,Forward,0,0
0,-4,Baxter,0,0,TOT(A) 2-2,Everton,11232,Jose,0,0,0,32,0,0,0,07 Apr 14:05,0,0,45,0,Forward,0,0
0,-2,Baxter,0,0,ARS(A) 0-0,Everton,11233,Jose,0,0,0,33,0,0,0,16 Apr 19:45,0,0,45,0,Forward,0,0
0,0,Baxter,0,0,SUN(A) 0-1,Everton,11234,Jose,0,0,0,34,0,0,0,20 Apr 15:00,0,0,45,0,Forward,0,0
0,-2,Baxter,0,0,FUL(H) 1-0,Everton,11235,Jose,0,0,0,35,0,0,0,27 Apr 15:00,0,0,45,0,Forward,0,0
0,-1,Baxter,0,0,LIV(A) 0-0,Everton,11236,Jose,0,0,0,36,0,0,0,05 May 13:30,0,0,45,0,Forward,0,0
0,0,Baxter,0,0,WHU(H) 2-0,Everton,11237,Jose,0,0,0,37,0,0,0,12 May 15:00,0,0,45,0,Forward,0,0
0,-2,Baxter,0,0,CHE(A) 1-2,Everton,11238,Jose,0,0,0,38,0,0,0,19 May 16:00,0,0,45,0,Forward,0,0
0,0,Riise,0,0,NOR(H) 5-0,Fulham,1271,John Arne,0,90,28,1,0,1,1,18 Aug 15:00,0,0,55,9,Defender,0,0
0,29563,Riise,0,0,MUN(A) 2-3,Fulham,1272,John Arne,0,0,0,2,0,0,0,25 Aug 15:00,0,0,55,0,Defender,0,0
0,-23817,Riise,3,0,WHU(A) 0-3,Fulham,1273,John Arne,0,90,7,3,0,0,0,01 Sep 12:45,0,0,55,1,Defender,0,0
0,-10850,Riise,0,0,WBA(H) 3-0,Fulham,1274,John Arne,0,90,15,4,0,1,0,15 Sep 15:00,0,0,55,6,Defender,0,0
0,152,Riise,1,0,WIG(A) 2-1,Fulham,1275,John Arne,0,90,19,5,0,0,0,22 Sep 15:00,0,0,55,2,Defender,0,0
0,-5510,Riise,2,0,MCI(H) 1-2,Fulham,1276,John Arne,0,90,29,6,3,0,1,29 Sep 15:00,0,0,55,7,Defender,0,0
0,7610,Riise,2,0,SOU(A) 2-2,Fulham,1277,John Arne,0,90,15,7,0,0,1,07 Oct 13:30,0,0,55,4,Defender,0,0
1,20610,Riise,0,0,AVL(H) 1-0,Fulham,1278,John Arne,0,90,24,8,2,1,1,20 Oct 15:00,0,0,55,10,Defender,0,0
0,68997,Riise,3,0,RDG(A) 3-3,Fulham,1279,John Arne,0,90,10,9,0,0,0,27 Oct 15:00,0,0,56,1,Defender,0,0
1,32312,Riise,1,0,EVE(H) 2-2,Fulham,12710,John Arne,0,58,8,10,0,0,0,03 Nov 15:00,0,0,57,0,Defender,0,0
0,-2558,Riise,3,0,ARS(A) 3-3,Fulham,12711,John Arne,0,90,7,11,0,0,0,10 Nov 15:00,0,0,57,1,Defender,0,0
0,952,Riise,3,0,SUN(H) 1-3,Fulham,12712,John Arne,0,90,-4,12,0,0,0,18 Nov 16:00,0,0,57,1,Defender,0,0
0,-10202,Riise,1,0,STK(A) 0-1,Fulham,12713,John Arne,0,90,8,13,0,0,0,24 Nov 15:00,0,0,57,2,Defender,0,0
0,-16447,Riise,0,0,CHE(A) 0-0,Fulham,12714,John Arne,0,90,21,14,2,1,0,28 Nov 19:45,0,0,57,8,Defender,0,0
0,-714,Riise,3,0,TOT(H) 0-3,Fulham,12715,John Arne,0,90,3,15,0,0,0,01 Dec 15:00,0,0,57,1,Defender,0,0
0,-5552,Riise,1,0,NEW(H) 2-1,Fulham,12716,John Arne,0,90,13,16,0,0,0,10 Dec 20:00,0,0,57,2,Defender,0,0
0,-8005,Riise,2,0,QPR(A) 1-2,Fulham,12717,John Arne,0,90,5,17,0,0,0,15 Dec 15:00,0,0,57,1,Defender,0,0
0,-13576,Riise,4,0,LIV(A) 0-4,Fulham,12718,John Arne,0,90,4,18,0,0,0,22 Dec 17:30,0,0,56,0,Defender,0,0
1,-8523,Riise,1,0,SOU(H) 1-1,Fulham,12719,John Arne,0,90,12,19,0,0,0,26 Dec 15:00,0,0,56,1,Defender,0,0
0,-9357,Riise,0,0,SWA(H) 1-2,Fulham,12720,John Arne,0,0,0,20,0,0,0,29 Dec 15:00,0,0,56,0,Defender,0,0
0,-12574,Riise,0,0,WBA(A) 2-1,Fulham,12721,John Arne,0,0,0,21,0,0,0,01 Jan 12:45,0,0,55,0,Defender,0,0
0,-40094,Riise,0,0,WIG(H) 1-1,Fulham,12722,John Arne,0,0,0,22,0,0,0,12 Jan 15:00,0,0,54,0,Defender,0,0
0,-18856,Riise,0,0,MCI(A) 0-2,Fulham,12723,John Arne,0,0,0,23,0,0,0,19 Jan 15:00,0,0,54,0,Defender,0,0
0,-13667,Riise,1,0,WHU(H) 3-1,Fulham,12724,John Arne,0,90,10,24,0,0,0,30 Jan 20:00,0,0,53,2,Defender,0,0
0,-5843,Riise,1,0,MUN(H) 0-1,Fulham,12725,John Arne,0,90,12,25,0,0,0,02 Feb 17:30,0,0,53,2,Defender,0,0
0,-2988,Riise,0,0,NOR(A) 0-0,Fulham,12726,John Arne,0,90,11,26,0,1,0,09 Feb 15:00,0,0,53,6,Defender,0,0
0,-127,Riise,0,0,STK(H) 1-0,Fulham,12727,John Arne,0,90,15,27,0,1,0,23 Feb 12:45,0,0,53,6,Defender,0,0
0,-67,Riise,2,0,SUN(A) 2-2,Fulham,12728,John Arne,0,90,2,28,0,0,0,02 Mar 15:00,0,0,53,1,Defender,0,0
0,-1147,Riise,0,0,TOT(A) 1-0,Fulham,12730,John Arne,0,90,17,30,0,1,0,17 Mar 15:00,0,0,52,6,Defender,0,0
0,93,Riise,2,0,QPR(H) 3-2,Fulham,12731,John Arne,0,90,16,31,0,0,1,01 Apr 20:00,0,0,52,4,Defender,0,0
1,1041,Riise,1,0,NEW(A) 0-1,Fulham,12732,John Arne,0,90,-2,32,0,0,0,07 Apr 15:00,0,0,52,1,Defender,0,0
0,5433,Riise,2,0,CHE(H) 0-3,Fulham,12733,John Arne,0,66,8,33,0,0,0,17 Apr 20:00,0,0,52,1,Defender,0,0
0,-1263,Riise,0,0,ARS(H) 0-1,Fulham,12734,John Arne,0,0,0,34,0,0,0,20 Apr 15:00,0,0,52,0,Defender,0,0
0,-2166,Riise,0,0,EVE(A) 0-1,Fulham,12735,John Arne,0,0,0,35,0,0,0,27 Apr 15:00,0,0,52,0,Defender,0,0
0,-2451,Riise,1,0,RDG(H) 2-4,Fulham,12736,John Arne,0,55,3,36,0,0,0,04 May 15:00,0,0,52,1,Defender,0,0
0,-934,Riise,1,0,LIV(H) 1-3,Fulham,12737,John Arne,0,9,5,37,0,0,0,12 May 15:00,0,0,52,1,Defender,0,0
0,-844,Riise,0,0,SWA(A) 3-0,Fulham,12738,John Arne,0,90,10,38,0,1,0,19 May 16:00,0,0,52,6,Defender,0,0
0,0,Reina,3,2,WBA(A) 0-3,Liverpool,1441,Jose,0,90,4,1,0,0,0,18 Aug 15:00,1,0,60,6,Goalkeeper,0,0
0,-5040,Reina,2,1,MCI(H) 2-2,Liverpool,1442,Jose,0,90,6,2,0,0,0,26 Aug 16:00,0,0,60,1,Goalkeeper,0,0
0,-6014,Reina,2,4,ARS(H) 0-2,Liverpool,1443,Jose,0,90,4,3,0,0,0,02 Sep 13:30,0,0,60,2,Goalkeeper,0,0
0,-9781,Reina,1,0,SUN(A) 1-1,Liverpool,1444,Jose,0,90,5,4,0,0,0,15 Sep 17:30,0,0,60,2,Goalkeeper,0,0
1,-5763,Reina,2,1,MUN(H) 1-2,Liverpool,1445,Jose,0,90,1,5,0,0,0,23 Sep 13:30,0,0,59,0,Goalkeeper,0,0
0,-2429,Reina,2,2,NOR(A) 5-2,Liverpool,1446,Jose,0,90,14,6,0,0,0,29 Sep 15:00,0,0,59,1,Goalkeeper,0,0
0,-2958,Reina,0,2,STK(H) 0-0,Liverpool,1447,Jose,0,90,11,7,0,1,0,07 Oct 15:00,0,0,59,6,Goalkeeper,0,0
0,-4615,Reina,0,0,RDG(H) 1-0,Liverpool,1448,Jose,0,0,0,8,0,0,0,20 Oct 15:00,0,0,59,0,Goalkeeper,0,0
0,-6385,Reina,0,0,EVE(A) 2-2,Liverpool,1449,Jose,0,0,0,9,0,0,0,28 Oct 13:30,0,0,58,0,Goalkeeper,0,0
0,-3096,Reina,0,0,NEW(H) 1-1,Liverpool,14410,Jose,0,0,0,10,0,0,0,04 Nov 16:00,0,0,58,0,Goalkeeper,0,0
0,-4183,Reina,0,0,CHE(A) 1-1,Liverpool,14411,Jose,0,0,0,11,0,0,0,11 Nov 16:00,0,0,58,0,Goalkeeper,0,0
0,-3502,Reina,0,2,WIG(H) 3-0,Liverpool,14412,Jose,0,90,19,12,0,1,0,17 Nov 15:00,0,0,58,6,Goalkeeper,0,0
0,-225,Reina,0,3,SWA(A) 0-0,Liverpool,14413,Jose,0,90,12,13,0,1,0,25 Nov 13:30,0,0,58,7,Goalkeeper,0,0
0,279,Reina,2,4,TOT(A) 1-2,Liverpool,14414,Jose,0,90,5,14,0,0,0,28 Nov 19:45,0,0,58,2,Goalkeeper,0,0
0,2570,Reina,0,2,SOU(H) 1-0,Liverpool,14415,Jose,0,90,18,15,0,1,0,01 Dec 15:00,0,0,58,6,Goalkeeper,0,0
0,380,Reina,2,4,WHU(A) 3-2,Liverpool,14416,Jose,0,90,16,16,0,0,0,09 Dec 16:00,0,0,58,2,Goalkeeper,0,0
0,4613,Reina,3,3,AVL(H) 1-3,Liverpool,14417,Jose,0,90,4,17,0,0,0,15 Dec 15:00,0,0,58,2,Goalkeeper,0,0
0,-1446,Reina,0,4,FUL(H) 4-0,Liverpool,14418,Jose,0,90,20,18,0,1,0,22 Dec 17:30,0,0,58,7,Goalkeeper,0,0
0,-162,Reina,3,2,STK(A) 1-3,Liverpool,14419,Jose,0,90,5,19,0,0,0,26 Dec 19:45,0,0,58,1,Goalkeeper,0,0
0,-1407,Reina,0,6,QPR(A) 3-0,Liverpool,14420,Jose,0,90,20,20,0,1,0,30 Dec 16:00,0,0,58,8,Goalkeeper,0,0
0,1271,Reina,0,2,SUN(H) 3-0,Liverpool,14421,Jose,0,90,21,21,0,1,0,02 Jan 19:45,0,0,58,6,Goalkeeper,0,0
0,-1725,Reina,2,2,MUN(A) 1-2,Liverpool,14422,Jose,0,90,4,22,0,0,0,13 Jan 13:30,0,0,58,1,Goalkeeper,0,0
0,-843,Reina,0,0,NOR(H) 5-0,Liverpool,14423,Jose,0,0,0,23,0,0,0,19 Jan 15:00,0,0,58,0,Goalkeeper,0,0
0,-6592,Reina,2,5,ARS(A) 2-2,Liverpool,14424,Jose,0,90,8,24,0,0,0,30 Jan 19:45,0,0,58,2,Goalkeeper,0,0
0,106,Reina,2,1,MCI(A) 2-2,Liverpool,14425,Jose,0,90,6,25,0,0,0,03 Feb 16:00,0,0,58,1,Goalkeeper,0,0
0,9743,Reina,0,2,SWA(H) 5-0,Liverpool,14426,Jose,0,90,19,26,0,1,0,17 Feb 15:00,0,0,58,6,Goalkeeper,0,0
0,-614,Reina,0,8,WIG(A) 4-0,Liverpool,14428,Jose,0,90,21,28,0,1,0,02 Mar 17:30,0,0,58,8,Goalkeeper,0,0
0,2603,Reina,0,0,TOT(H) 3-2,Liverpool,14429,Jose,0,0,0,29,0,0,0,10 Mar 16:00,0,0,58,0,Goalkeeper,0,0
0,-3537,Reina,0,0,SOU(A) 1-3,Liverpool,14430,Jose,0,0,0,30,0,0,0,16 Mar 15:00,0,0,58,0,Goalkeeper,0,0
0,-1589,Reina,1,2,AVL(A) 2-1,Liverpool,14431,Jose,0,90,14,31,0,0,0,31 Mar 13:30,0,0,58,2,Goalkeeper,0,0
0,543,Reina,0,0,WHU(H) 0-0,Liverpool,14432,Jose,0,90,11,32,0,1,0,07 Apr 13:30,0,0,58,6,Goalkeeper,0,0
0,-1021,Reina,0,3,RDG(A) 0-0,Liverpool,14433,Jose,0,90,11,33,0,1,0,13 Apr 15:00,0,0,58,7,Goalkeeper,0,0
0,-138,Reina,2,3,CHE(H) 2-2,Liverpool,14434,Jose,0,90,8,34,0,0,0,21 Apr 16:00,0,0,58,2,Goalkeeper,0,0
0,-366,Reina,0,1,NEW(A) 6-0,Liverpool,14435,Jose,0,90,19,35,0,1,0,27 Apr 17:30,0,0,58,6,Goalkeeper,0,0
0,-610,Reina,0,2,EVE(H) 0-0,Liverpool,14436,Jose,0,90,18,36,3,1,0,05 May 13:30,0,0,58,9,Goalkeeper,0,0
0,2678,Reina,1,5,FUL(A) 3-1,Liverpool,14437,Jose,0,90,16,37,0,0,0,12 May 15:00,0,0,58,3,Goalkeeper,0,0
0,8179,Reina,0,2,QPR(H) 1-0,Liverpool,14438,Jose,0,90,17,38,0,1,0,19 May 16:00,0,0,58,6,Goalkeeper,0,0
0,0,Robinson,0,0,WBA(A) 0-3,Liverpool,1481,Jack,0,0,0,1,0,0,0,18 Aug 15:00,0,0,45,0,Defender,0,0
0,-177,Robinson,0,0,MCI(H) 2-2,Liverpool,1482,Jack,0,0,0,2,0,0,0,26 Aug 16:00,0,0,45,0,Defender,0,0
0,-173,Robinson,0,0,ARS(H) 0-2,Liverpool,1483,Jack,0,0,0,3,0,0,0,02 Sep 13:30,0,0,45,0,Defender,0,0
0,-157,Robinson,0,0,SUN(A) 1-1,Liverpool,1484,Jack,0,0,0,4,0,0,0,15 Sep 17:30,0,0,44,0,Defender,0,0
0,-55,Robinson,0,0,MUN(H) 1-2,Liverpool,1485,Jack,0,0,0,5,0,0,0,23 Sep 13:30,0,0,44,0,Defender,0,0
0,-25,Robinson,0,0,NOR(A) 5-2,Liverpool,1486,Jack,0,0,0,6,0,0,0,29 Sep 15:00,0,0,44,0,Defender,0,0
0,-51,Robinson,0,0,STK(H) 0-0,Liverpool,1487,Jack,0,0,0,7,0,0,0,07 Oct 15:00,0,0,44,0,Defender,0,0
0,-35,Robinson,0,0,RDG(H) 1-0,Liverpool,1488,Jack,0,0,0,8,0,0,0,20 Oct 15:00,0,0,43,0,Defender,0,0
0,-19,Robinson,0,0,EVE(A) 2-2,Liverpool,1489,Jack,0,0,0,9,0,0,0,28 Oct 13:30,0,0,43,0,Defender,0,0
0,-32,Robinson,0,0,NEW(H) 1-1,Liverpool,14810,Jack,0,0,0,10,0,0,0,04 Nov 16:00,0,0,43,0,Defender,0,0
0,-40,Robinson,0,0,CHE(A) 1-1,Liverpool,14811,Jack,0,0,0,11,0,0,0,11 Nov 16:00,0,0,43,0,Defender,0,0
0,-35,Robinson,0,0,WIG(H) 3-0,Liverpool,14812,Jack,0,0,0,12,0,0,0,17 Nov 15:00,0,0,43,0,Defender,0,0
0,-28,Robinson,0,0,SWA(A) 0-0,Liverpool,14813,Jack,0,0,0,13,0,0,0,25 Nov 13:30,0,0,43,0,Defender,0,0
0,-20,Robinson,0,0,TOT(A) 1-2,Liverpool,14814,Jack,0,0,0,14,0,0,0,28 Nov 19:45,0,0,43,0,Defender,0,0
0,-17,Robinson,0,0,SOU(H) 1-0,Liverpool,14815,Jack,0,0,0,15,0,0,0,01 Dec 15:00,0,0,43,0,Defender,0,0
0,-23,Robinson,0,0,WHU(A) 3-2,Liverpool,14816,Jack,0,0,0,16,0,0,0,09 Dec 16:00,0,0,42,0,Defender,0,0
0,-17,Robinson,0,0,AVL(H) 1-3,Liverpool,14817,Jack,0,0,0,17,0,0,0,15 Dec 15:00,0,0,42,0,Defender,0,0
0,-14,Robinson,0,0,FUL(H) 4-0,Liverpool,14818,Jack,0,0,0,18,0,0,0,22 Dec 17:30,0,0,42,0,Defender,0,0
0,-6,Robinson,0,0,STK(A) 1-3,Liverpool,14819,Jack,0,0,0,19,0,0,0,26 Dec 19:45,0,0,42,0,Defender,0,0
0,-7,Robinson,0,0,QPR(A) 3-0,Liverpool,14820,Jack,0,0,0,20,0,0,0,30 Dec 16:00,0,0,42,0,Defender,0,0
0,-2,Robinson,0,0,SUN(H) 3-0,Liverpool,14821,Jack,0,0,0,21,0,0,0,02 Jan 19:45,0,0,42,0,Defender,0,0
0,-13,Robinson,0,0,MUN(A) 1-2,Liverpool,14822,Jack,0,0,0,22,0,0,0,13 Jan 13:30,0,0,42,0,Defender,0,0
0,-14,Robinson,0,0,NOR(H) 5-0,Liverpool,14823,Jack,0,0,0,23,0,0,0,19 Jan 15:00,0,0,42,0,Defender,0,0
0,-9,Robinson,0,0,ARS(A) 2-2,Liverpool,14824,Jack,0,0,0,24,0,0,0,30 Jan 19:45,0,0,42,0,Defender,0,0
0,-6,Robinson,0,0,MCI(A) 2-2,Liverpool,14825,Jack,0,0,0,25,0,0,0,03 Feb 16:00,0,0,42,0,Defender,0,0
0,-5,Robinson,0,0,SWA(H) 5-0,Liverpool,14826,Jack,0,0,0,26,0,0,0,17 Feb 15:00,0,0,42,0,Defender,0,0
0,-31,Robinson,0,0,WIG(A) 4-0,Liverpool,14828,Jack,0,0,0,28,0,0,0,02 Mar 17:30,0,0,42,0,Defender,0,0
0,-21,Robinson,0,0,TOT(H) 3-2,Liverpool,14829,Jack,0,0,0,29,0,0,0,10 Mar 16:00,0,0,42,0,Defender,0,0
0,-11,Robinson,0,0,SOU(A) 1-3,Liverpool,14830,Jack,0,0,0,30,0,0,0,16 Mar 15:00,0,0,42,0,Defender,0,0
0,-12,Robinson,0,0,AVL(A) 2-1,Liverpool,14831,Jack,0,0,0,31,0,0,0,31 Mar 13:30,0,0,42,0,Defender,0,0
0,-4,Robinson,0,0,WHU(H) 0-0,Liverpool,14832,Jack,0,0,0,32,0,0,0,07 Apr 13:30,0,0,42,0,Defender,0,0
0,-6,Robinson,0,0,RDG(A) 0-0,Liverpool,14833,Jack,0,0,0,33,0,0,0,13 Apr 15:00,0,0,42,0,Defender,0,0
0,-3,Robinson,0,0,CHE(H) 2-2,Liverpool,14834,Jack,0,0,0,34,0,0,0,21 Apr 16:00,0,0,42,0,Defender,0,0
0,-8,Robinson,0,0,NEW(A) 6-0,Liverpool,14835,Jack,0,0,0,35,0,0,0,27 Apr 17:30,0,0,42,0,Defender,0,0
0,-3,Robinson,0,0,EVE(H) 0-0,Liverpool,14836,Jack,0,0,0,36,0,0,0,05 May 13:30,0,0,42,0,Defender,0,0
0,0,Robinson,0,0,FUL(A) 3-1,Liverpool,14837,Jack,0,0,0,37,0,0,0,12 May 15:00,0,0,42,0,Defender,0,0
0,0,Robinson,0,0,QPR(H) 1-0,Liverpool,14838,Jack,0,0,0,38,0,0,0,19 May 16:00,0,0,42,0,Defender,0,0
0,0,Flanagan,0,0,WBA(A) 0-3,Liverpool,1491,Jon,0,0,0,1,0,0,0,18 Aug 15:00,0,0,45,0,Defender,0,0
0,-181,Flanagan,0,0,MCI(H) 2-2,Liverpool,1492,Jon,0,0,0,2,0,0,0,26 Aug 16:00,0,0,45,0,Defender,0,0
0,-245,Flanagan,0,0,ARS(H) 0-2,Liverpool,1493,Jon,0,0,0,3,0,0,0,02 Sep 13:30,0,0,44,0,Defender,0,0
0,-140,Flanagan,0,0,SUN(A) 1-1,Liverpool,1494,Jon,0,0,0,4,0,0,0,15 Sep 17:30,0,0,44,0,Defender,0,0
0,-65,Flanagan,0,0,MUN(H) 1-2,Liverpool,1495,Jon,0,0,0,5,0,0,0,23 Sep 13:30,0,0,44,0,Defender,0,0
0,-104,Flanagan,0,0,NOR(A) 5-2,Liverpool,1496,Jon,0,0,0,6,0,0,0,29 Sep 15:00,0,0,44,0,Defender,0,0
0,-98,Flanagan,0,0,STK(H) 0-0,Liverpool,1497,Jon,0,0,0,7,0,0,0,07 Oct 15:00,0,0,44,0,Defender,0,0
0,-103,Flanagan,0,0,RDG(H) 1-0,Liverpool,1498,Jon,0,0,0,8,0,0,0,20 Oct 15:00,0,0,44,0,Defender,0,0
0,-39,Flanagan,0,0,EVE(A) 2-2,Liverpool,1499,Jon,0,0,0,9,0,0,0,28 Oct 13:30,0,0,43,0,Defender,0,0
0,-53,Flanagan,0,0,NEW(H) 1-1,Liverpool,14910,Jon,0,0,0,10,0,0,0,04 Nov 16:00,0,0,43,0,Defender,0,0
0,-34,Flanagan,0,0,CHE(A) 1-1,Liverpool,14911,Jon,0,0,0,11,0,0,0,11 Nov 16:00,0,0,43,0,Defender,0,0
0,-13,Flanagan,0,0,WIG(H) 3-0,Liverpool,14912,Jon,0,0,0,12,0,0,0,17 Nov 15:00,0,0,43,0,Defender,0,0
0,-11,Flanagan,0,0,SWA(A) 0-0,Liverpool,14913,Jon,0,0,0,13,0,0,0,25 Nov 13:30,0,0,43,0,Defender,0,0
0,-2,Flanagan,0,0,TOT(A) 1-2,Liverpool,14914,Jon,0,0,0,14,0,0,0,28 Nov 19:45,0,0,43,0,Defender,0,0
0,-12,Flanagan,0,0,SOU(H) 1-0,Liverpool,14915,Jon,0,0,0,15,0,0,0,01 Dec 15:00,0,0,43,0,Defender,0,0
0,-25,Flanagan,0,0,WHU(A) 3-2,Liverpool,14916,Jon,0,0,0,16,0,0,0,09 Dec 16:00,0,0,43,0,Defender,0,0
0,-13,Flanagan,0,0,AVL(H) 1-3,Liverpool,14917,Jon,0,0,0,17,0,0,0,15 Dec 15:00,0,0,43,0,Defender,0,0
0,-18,Flanagan,0,0,FUL(H) 4-0,Liverpool,14918,Jon,0,0,0,18,0,0,0,22 Dec 17:30,0,0,43,0,Defender,0,0
0,-8,Flanagan,0,0,STK(A) 1-3,Liverpool,14919,Jon,0,0,0,19,0,0,0,26 Dec 19:45,0,0,43,0,Defender,0,0
0,-13,Flanagan,0,0,QPR(A) 3-0,Liverpool,14920,Jon,0,0,0,20,0,0,0,30 Dec 16:00,0,0,43,0,Defender,0,0
0,0,Flanagan,0,0,SUN(H) 3-0,Liverpool,14921,Jon,0,0,0,21,0,0,0,02 Jan 19:45,0,0,43,0,Defender,0,0
0,-28,Flanagan,0,0,MUN(A) 1-2,Liverpool,14922,Jon,0,0,0,22,0,0,0,13 Jan 13:30,0,0,43,0,Defender,0,0
0,-13,Flanagan,0,0,NOR(H) 5-0,Liverpool,14923,Jon,0,0,0,23,0,0,0,19 Jan 15:00,0,0,43,0,Defender,0,0
0,-28,Flanagan,0,0,ARS(A) 2-2,Liverpool,14924,Jon,0,0,0,24,0,0,0,30 Jan 19:45,0,0,43,0,Defender,0,0
0,-16,Flanagan,0,0,MCI(A) 2-2,Liverpool,14925,Jon,0,0,0,25,0,0,0,03 Feb 16:00,0,0,43,0,Defender,0,0
0,-23,Flanagan,0,0,SWA(H) 5-0,Liverpool,14926,Jon,0,0,0,26,0,0,0,17 Feb 15:00,0,0,43,0,Defender,0,0
0,-9,Flanagan,0,0,WIG(A) 4-0,Liverpool,14928,Jon,0,0,0,28,0,0,0,02 Mar 17:30,0,0,43,0,Defender,0,0
0,-9,Flanagan,0,0,TOT(H) 3-2,Liverpool,14929,Jon,0,0,0,29,0,0,0,10 Mar 16:00,0,0,43,0,Defender,0,0
0,2,Flanagan,0,0,SOU(A) 1-3,Liverpool,14930,Jon,0,0,0,30,0,0,0,16 Mar 15:00,0,0,43,0,Defender,0,0
0,2,Flanagan,0,0,AVL(A) 2-1,Liverpool,14931,Jon,0,0,0,31,0,0,0,31 Mar 13:30,0,0,43,0,Defender,0,0
0,-4,Flanagan,0,0,WHU(H) 0-0,Liverpool,14932,Jon,0,0,0,32,0,0,0,07 Apr 13:30,0,0,43,0,Defender,0,0
0,-2,Flanagan,0,0,RDG(A) 0-0,Liverpool,14933,Jon,0,0,0,33,0,0,0,13 Apr 15:00,0,0,43,0,Defender,0,0
0,0,Flanagan,0,0,CHE(H) 2-2,Liverpool,14934,Jon,0,0,0,34,0,0,0,21 Apr 16:00,0,0,43,0,Defender,0,0
0,0,Flanagan,0,0,NEW(A) 6-0,Liverpool,14935,Jon,0,0,0,35,0,0,0,27 Apr 17:30,0,0,43,0,Defender,0,0
0,-3,Flanagan,0,0,EVE(H) 0-0,Liverpool,14936,Jon,0,0,0,36,0,0,0,05 May 13:30,0,0,43,0,Defender,0,0
0,2,Flanagan,0,0,FUL(A) 3-1,Liverpool,14937,Jon,0,0,0,37,0,0,0,12 May 15:00,0,0,43,0,Defender,0,0
0,2,Flanagan,0,0,QPR(H) 1-0,Liverpool,14938,Jon,0,0,0,38,0,0,0,19 May 16:00,0,0,43,0,Defender,0,0
0,0,Carragher,2,0,WBA(A) 0-3,Liverpool,1521,Jamie,0,31,9,1,0,0,0,18 Aug 15:00,0,0,55,0,Defender,0,0
0,-1481,Carragher,0,0,MCI(H) 2-2,Liverpool,1522,Jamie,0,0,0,2,0,0,0,26 Aug 16:00,0,0,55,0,Defender,0,0
0,-1805,Carragher,0,0,ARS(H) 0-2,Liverpool,1523,Jamie,0,0,0,3,0,0,0,02 Sep 13:30,0,0,54,0,Defender,0,0
0,-1487,Carragher,0,0,SUN(A) 1-1,Liverpool,1524,Jamie,0,0,0,4,0,0,0,15 Sep 17:30,0,0,53,0,Defender,0,0
0,-817,Carragher,1,0,MUN(H) 1-2,Liverpool,1525,Jamie,0,11,0,5,0,0,0,23 Sep 13:30,0,0,53,1,Defender,0,0
0,-481,Carragher,1,0,NOR(A) 5-2,Liverpool,1526,Jamie,0,17,3,6,0,0,0,29 Sep 15:00,0,0,52,1,Defender,0,0
0,-348,Carragher,0,0,STK(H) 0-0,Liverpool,1527,Jamie,0,0,0,7,0,0,0,07 Oct 15:00,0,0,52,0,Defender,0,0
0,-370,Carragher,0,0,RDG(H) 1-0,Liverpool,1528,Jamie,0,0,0,8,0,0,0,20 Oct 15:00,0,0,52,0,Defender,0,0
0,-291,Carragher,0,0,EVE(A) 2-2,Liverpool,1529,Jamie,0,0,0,9,0,0,0,28 Oct 13:30,0,0,52,0,Defender,0,0
0,-251,Carragher,0,0,NEW(H) 1-1,Liverpool,15210,Jamie,0,0,0,10,0,0,0,04 Nov 16:00,0,0,51,0,Defender,0,0
0,-228,Carragher,1,0,CHE(A) 1-1,Liverpool,15211,Jamie,0,90,12,11,0,0,1,11 Nov 16:00,0,0,51,5,Defender,0,0
0,93,Carragher,0,0,WIG(H) 3-0,Liverpool,15212,Jamie,0,9,1,12,0,0,0,17 Nov 15:00,0,0,51,1,Defender,0,0
0,-164,Carragher,0,0,SWA(A) 0-0,Liverpool,15213,Jamie,0,0,0,13,0,0,0,25 Nov 13:30,0,0,51,0,Defender,0,0
0,-109,Carragher,0,0,TOT(A) 1-2,Liverpool,15214,Jamie,0,0,0,14,0,0,0,28 Nov 19:45,0,0,51,0,Defender,0,0
1,-117,Carragher,0,0,SOU(H) 1-0,Liverpool,15215,Jamie,0,3,-1,15,0,0,0,01 Dec 15:00,0,0,51,0,Defender,0,0
0,-164,Carragher,0,0,WHU(A) 3-2,Liverpool,15216,Jamie,0,0,0,16,0,0,0,09 Dec 16:00,0,0,51,0,Defender,0,0
0,-163,Carragher,0,0,AVL(H) 1-3,Liverpool,15217,Jamie,0,0,0,17,0,0,0,15 Dec 15:00,0,0,51,0,Defender,0,0
0,-125,Carragher,0,0,FUL(H) 4-0,Liverpool,15218,Jamie,0,8,1,18,0,0,0,22 Dec 17:30,0,0,50,1,Defender,0,0
0,-60,Carragher,0,0,STK(A) 1-3,Liverpool,15219,Jamie,0,0,0,19,0,0,0,26 Dec 19:45,0,0,50,0,Defender,0,0
0,-65,Carragher,0,0,QPR(A) 3-0,Liverpool,15220,Jamie,0,4,0,20,0,0,0,30 Dec 16:00,0,0,50,1,Defender,0,0
0,-41,Carragher,0,0,SUN(H) 3-0,Liverpool,15221,Jamie,0,18,3,21,0,0,0,02 Jan 19:45,0,0,50,1,Defender,0,0
0,-126,Carragher,0,0,MUN(A) 1-2,Liverpool,15222,Jamie,0,0,0,22,0,0,0,13 Jan 13:30,0,0,50,0,Defender,0,0
0,-65,Carragher,0,0,NOR(H) 5-0,Liverpool,15223,Jamie,0,90,21,23,0,1,0,19 Jan 15:00,0,0,50,6,Defender,0,0
0,43,Carragher,2,0,ARS(A) 2-2,Liverpool,15224,Jamie,0,90,12,24,0,0,0,30 Jan 19:45,0,0,50,1,Defender,0,0
1,164,Carragher,2,0,MCI(A) 2-2,Liverpool,15225,Jamie,0,90,5,25,0,0,0,03 Feb 16:00,0,0,50,0,Defender,0,0
0,4720,Carragher,0,0,SWA(H) 5-0,Liverpool,15226,Jamie,0,90,14,26,0,1,0,17 Feb 15:00,0,0,50,6,Defender,0,0
0,430,Carragher,0,0,WIG(A) 4-0,Liverpool,15228,Jamie,0,90,14,28,0,1,0,02 Mar 17:30,0,0,50,6,Defender,0,0
1,1463,Carragher,2,0,TOT(H) 3-2,Liverpool,15229,Jamie,0,90,19,29,0,0,0,10 Mar 16:00,0,0,50,0,Defender,0,0
0,697,Carragher,0,0,SOU(A) 1-3,Liverpool,15230,Jamie,0,0,0,30,0,0,0,16 Mar 15:00,0,0,50,0,Defender,0,0
0,-938,Carragher,1,0,AVL(A) 2-1,Liverpool,15231,Jamie,0,90,17,31,0,0,0,31 Mar 13:30,0,0,50,2,Defender,0,0
0,286,Carragher,0,0,WHU(H) 0-0,Liverpool,15232,Jamie,0,90,15,32,0,1,0,07 Apr 13:30,0,0,50,6,Defender,0,0
0,38,Carragher,0,0,RDG(A) 0-0,Liverpool,15233,Jamie,0,90,11,33,0,1,0,13 Apr 15:00,0,0,50,6,Defender,0,0
1,213,Carragher,2,0,CHE(H) 2-2,Liverpool,15234,Jamie,0,90,9,34,0,0,0,21 Apr 16:00,0,0,50,0,Defender,0,0
0,14,Carragher,0,0,NEW(A) 6-0,Liverpool,15235,Jamie,0,90,16,35,0,1,0,27 Apr 17:30,0,0,50,6,Defender,0,0
0,229,Carragher,0,0,EVE(H) 0-0,Liverpool,15236,Jamie,0,90,9,36,0,1,0,05 May 13:30,0,0,50,6,Defender,0,0
0,2366,Carragher,1,0,FUL(A) 3-1,Liverpool,15237,Jamie,0,90,14,37,0,0,0,12 May 15:00,0,0,50,2,Defender,0,0
0,11836,Carragher,0,0,QPR(H) 1-0,Liverpool,15238,Jamie,0,84,16,38,0,1,0,19 May 16:00,0,0,50,6,Defender,0,0
0,0,Shelvey,0,0,WBA(A) 0-3,Liverpool,1581,Jonjo,0,0,0,1,0,0,0,18 Aug 15:00,0,0,55,0,Midfielder,0,0
0,-516,Shelvey,2,0,MCI(H) 2-2,Liverpool,1582,Jonjo,0,86,0,2,0,0,0,26 Aug 16:00,0,0,54,2,Midfielder,0,0
1,-110,Shelvey,1,0,ARS(H) 0-2,Liverpool,1583,Jonjo,0,24,5,3,0,0,0,02 Sep 13:30,0,0,54,0,Midfielder,0,0
0,-129,Shelvey,1,0,SUN(A) 1-1,Liverpool,1584,Jonjo,0,90,3,4,0,0,0,15 Sep 17:30,0,0,54,2,Midfielder,0,0
0,567,Shelvey,2,0,MUN(H) 1-2,Liverpool,1585,Jonjo,0,38,-2,5,0,0,0,23 Sep 13:30,0,0,53,-2,Midfielder,1,0
0,-569,Shelvey,0,0,NOR(A) 5-2,Liverpool,1586,Jonjo,0,0,0,6,0,0,0,29 Sep 15:00,0,0,53,0,Midfielder,0,0
0,-322,Shelvey,0,0,STK(H) 0-0,Liverpool,1587,Jonjo,0,0,0,7,0,0,0,07 Oct 15:00,0,0,53,0,Midfielder,0,0
0,1118,Shelvey,0,0,RDG(H) 1-0,Liverpool,1588,Jonjo,0,28,6,8,0,0,0,20 Oct 15:00,0,0,53,1,Midfielder,0,0
0,165,Shelvey,0,0,EVE(A) 2-2,Liverpool,1589,Jonjo,0,45,-1,9,0,0,0,28 Oct 13:30,0,0,53,1,Midfielder,0,0
0,-62,Shelvey,0,0,NEW(H) 1-1,Liverpool,15810,Jonjo,0,25,13,10,0,0,0,04 Nov 16:00,0,0,53,1,Midfielder,0,0
0,-197,Shelvey,0,0,CHE(A) 1-1,Liverpool,15811,Jonjo,0,0,0,11,0,0,0,11 Nov 16:00,0,0,53,0,Midfielder,0,0
0,-320,Shelvey,0,0,WIG(H) 3-0,Liverpool,15812,Jonjo,0,4,5,12,0,0,0,17 Nov 15:00,0,0,53,1,Midfielder,0,0
0,-118,Shelvey,0,0,SWA(A) 0-0,Liverpool,15813,Jonjo,0,14,6,13,0,0,0,25 Nov 13:30,0,0,53,1,Midfielder,0,0
0,-90,Shelvey,0,0,TOT(A) 1-2,Liverpool,15814,Jonjo,0,28,1,14,0,0,0,28 Nov 19:45,0,0,53,1,Midfielder,0,0
0,-53,Shelvey,0,0,SOU(H) 1-0,Liverpool,15815,Jonjo,0,90,23,15,0,1,0,01 Dec 15:00,0,0,52,3,Midfielder,0,0
1,1042,Shelvey,2,0,WHU(A) 3-2,Liverpool,15816,Jonjo,0,90,1,16,0,0,0,09 Dec 16:00,0,0,52,1,Midfielder,0,0
0,900,Shelvey,2,0,AVL(H) 1-3,Liverpool,15817,Jonjo,0,45,9,17,0,0,0,15 Dec 15:00,0,0,52,1,Midfielder,0,0
0,-65,Shelvey,0,0,FUL(H) 4-0,Liverpool,15818,Jonjo,0,73,5,18,0,1,0,22 Dec 17:30,0,0,52,3,Midfielder,0,0
0,-64,Shelvey,3,0,STK(A) 1-3,Liverpool,15819,Jonjo,0,90,9,19,0,0,0,26 Dec 19:45,0,0,52,2,Midfielder,0,0
0,-53,Shelvey,0,0,QPR(A) 3-0,Liverpool,15820,Jonjo,0,0,0,20,0,0,0,30 Dec 16:00,0,0,52,0,Midfielder,0,0
0,-369,Shelvey,0,0,SUN(H) 3-0,Liverpool,15821,Jonjo,0,0,0,21,0,0,0,02 Jan 19:45,0,0,52,0,Midfielder,0,0
0,-839,Shelvey,0,0,MUN(A) 1-2,Liverpool,15822,Jonjo,0,0,0,22,0,0,0,13 Jan 13:30,0,0,52,0,Midfielder,0,0
0,-419,Shelvey,0,0,NOR(H) 5-0,Liverpool,15823,Jonjo,0,0,0,23,0,0,0,19 Jan 15:00,0,0,52,0,Midfielder,0,0
0,-362,Shelvey,0,0,ARS(A) 2-2,Liverpool,15824,Jonjo,0,0,0,24,0,0,0,30 Jan 19:45,0,0,52,0,Midfielder,0,0
0,-180,Shelvey,0,0,MCI(A) 2-2,Liverpool,15825,Jonjo,0,0,0,25,0,0,0,03 Feb 16:00,0,0,52,0,Midfielder,0,0
0,-7,Shelvey,0,0,SWA(H) 5-0,Liverpool,15826,Jonjo,0,0,0,26,0,0,0,17 Feb 15:00,0,0,52,0,Midfielder,0,0
0,-62,Shelvey,0,0,WIG(A) 4-0,Liverpool,15828,Jonjo,0,0,0,28,0,0,0,02 Mar 17:30,0,0,52,0,Midfielder,0,0
0,-39,Shelvey,0,0,TOT(H) 3-2,Liverpool,15829,Jonjo,0,0,0,29,0,0,0,10 Mar 16:00,0,0,52,0,Midfielder,0,0
0,-62,Shelvey,0,0,SOU(A) 1-3,Liverpool,15830,Jonjo,0,0,0,30,0,0,0,16 Mar 15:00,0,0,52,0,Midfielder,0,0
0,-40,Shelvey,0,0,AVL(A) 2-1,Liverpool,15831,Jonjo,0,0,0,31,0,0,0,31 Mar 13:30,0,0,52,0,Midfielder,0,0
0,-8,Shelvey,0,0,WHU(H) 0-0,Liverpool,15832,Jonjo,0,0,0,32,0,0,0,07 Apr 13:30,0,0,52,0,Midfielder,0,0
0,-8,Shelvey,0,0,RDG(A) 0-0,Liverpool,15833,Jonjo,0,0,0,33,0,0,0,13 Apr 15:00,0,0,52,0,Midfielder,0,0
1,-31,Shelvey,0,0,CHE(H) 2-2,Liverpool,15834,Jonjo,0,11,-12,34,0,0,0,21 Apr 16:00,0,0,52,0,Midfielder,0,0
0,1,Shelvey,0,0,NEW(A) 6-0,Liverpool,15835,Jonjo,0,7,1,35,0,0,0,27 Apr 17:30,0,0,52,1,Midfielder,0,0
0,-9,Shelvey,0,0,EVE(H) 0-0,Liverpool,15836,Jonjo,0,0,0,36,0,0,0,05 May 13:30,0,0,52,0,Midfielder,0,0
0,348,Shelvey,1,0,FUL(A) 3-1,Liverpool,15837,Jonjo,0,76,14,37,0,0,0,12 May 15:00,0,0,51,2,Midfielder,0,0
0,122,Shelvey,0,0,QPR(H) 1-0,Liverpool,15838,Jonjo,0,0,0,38,0,0,0,19 May 16:00,0,0,51,0,Midfielder,0,0
0,0,Spearing,0,0,WBA(A) 0-3,Liverpool,1591,Jay,0,0,0,1,0,0,0,18 Aug 15:00,0,0,55,0,Midfielder,0,0
0,-424,Spearing,0,0,MCI(H) 2-2,Liverpool,1592,Jay,0,0,0,2,0,0,0,26 Aug 16:00,0,0,54,0,Midfielder,0,0
0,-475,Spearing,0,0,ARS(H) 0-2,Liverpool,1593,Jay,0,0,0,3,0,0,0,02 Sep 13:30,0,0,54,0,Midfielder,0,0
0,-599,Spearing,0,0,SUN(A) 1-1,Liverpool,1594,Jay,0,0,0,4,0,0,0,15 Sep 17:30,0,0,54,0,Midfielder,0,0
0,-141,Spearing,0,0,MUN(H) 1-2,Liverpool,1595,Jay,0,0,0,5,0,0,0,23 Sep 13:30,0,0,54,0,Midfielder,0,0
0,-131,Spearing,0,0,NOR(A) 5-2,Liverpool,1596,Jay,0,0,0,6,0,0,0,29 Sep 15:00,0,0,54,0,Midfielder,0,0
0,-56,Spearing,0,0,STK(H) 0-0,Liverpool,1597,Jay,0,0,0,7,0,0,0,07 Oct 15:00,0,0,54,0,Midfielder,0,0
0,-38,Spearing,0,0,RDG(H) 1-0,Liverpool,1598,Jay,0,0,0,8,0,0,0,20 Oct 15:00,0,0,54,0,Midfielder,0,0
0,-26,Spearing,0,0,EVE(A) 2-2,Liverpool,1599,Jay,0,0,0,9,0,0,0,28 Oct 13:30,0,0,54,0,Midfielder,0,0
0,-21,Spearing,0,0,NEW(H) 1-1,Liverpool,15910,Jay,0,0,0,10,0,0,0,04 Nov 16:00,0,0,54,0,Midfielder,0,0
0,-14,Spearing,0,0,CHE(A) 1-1,Liverpool,15911,Jay,0,0,0,11,0,0,0,11 Nov 16:00,0,0,54,0,Midfielder,0,0
0,-12,Spearing,0,0,WIG(H) 3-0,Liverpool,15912,Jay,0,0,0,12,0,0,0,17 Nov 15:00,0,0,54,0,Midfielder,0,0
0,-17,Spearing,0,0,SWA(A) 0-0,Liverpool,15913,Jay,0,0,0,13,0,0,0,25 Nov 13:30,0,0,54,0,Midfielder,0,0
0,-9,Spearing,0,0,TOT(A) 1-2,Liverpool,15914,Jay,0,0,0,14,0,0,0,28 Nov 19:45,0,0,54,0,Midfielder,0,0
0,-8,Spearing,0,0,SOU(H) 1-0,Liverpool,15915,Jay,0,0,0,15,0,0,0,01 Dec 15:00,0,0,54,0,Midfielder,0,0
0,-8,Spearing,0,0,WHU(A) 3-2,Liverpool,15916,Jay,0,0,0,16,0,0,0,09 Dec 16:00,0,0,54,0,Midfielder,0,0
0,-6,Spearing,0,0,AVL(H) 1-3,Liverpool,15917,Jay,0,0,0,17,0,0,0,15 Dec 15:00,0,0,54,0,Midfielder,0,0
0,-8,Spearing,0,0,FUL(H) 4-0,Liverpool,15918,Jay,0,0,0,18,0,0,0,22 Dec 17:30,0,0,54,0,Midfielder,0,0
0,-3,Spearing,0,0,STK(A) 1-3,Liverpool,15919,Jay,0,0,0,19,0,0,0,26 Dec 19:45,0,0,54,0,Midfielder,0,0
0,-4,Spearing,0,0,QPR(A) 3-0,Liverpool,15920,Jay,0,0,0,20,0,0,0,30 Dec 16:00,0,0,54,0,Midfielder,0,0
0,-1,Spearing,0,0,SUN(H) 3-0,Liverpool,15921,Jay,0,0,0,21,0,0,0,02 Jan 19:45,0,0,54,0,Midfielder,0,0
0,-12,Spearing,0,0,MUN(A) 1-2,Liverpool,15922,Jay,0,0,0,22,0,0,0,13 Jan 13:30,0,0,54,0,Midfielder,0,0
0,-2,Spearing,0,0,NOR(H) 5-0,Liverpool,15923,Jay,0,0,0,23,0,0,0,19 Jan 15:00,0,0,54,0,Midfielder,0,0
0,-3,Spearing,0,0,ARS(A) 2-2,Liverpool,15924,Jay,0,0,0,24,0,0,0,30 Jan 19:45,0,0,54,0,Midfielder,0,0
0,-2,Spearing,0,0,MCI(A) 2-2,Liverpool,15925,Jay,0,0,0,25,0,0,0,03 Feb 16:00,0,0,54,0,Midfielder,0,0
0,-2,Spearing,0,0,SWA(H) 5-0,Liverpool,15926,Jay,0,0,0,26,0,0,0,17 Feb 15:00,0,0,54,0,Midfielder,0,0
0,0,Spearing,0,0,WIG(A) 4-0,Liverpool,15928,Jay,0,0,0,28,0,0,0,02 Mar 17:30,0,0,54,0,Midfielder,0,0
0,0,Spearing,0,0,TOT(H) 3-2,Liverpool,15929,Jay,0,0,0,29,0,0,0,10 Mar 16:00,0,0,54,0,Midfielder,0,0
0,-5,Spearing,0,0,SOU(A) 1-3,Liverpool,15930,Jay,0,0,0,30,0,0,0,16 Mar 15:00,0,0,54,0,Midfielder,0,0
0,-2,Spearing,0,0,AVL(A) 2-1,Liverpool,15931,Jay,0,0,0,31,0,0,0,31 Mar 13:30,0,0,54,0,Midfielder,0,0
0,-1,Spearing,0,0,WHU(H) 0-0,Liverpool,15932,Jay,0,0,0,32,0,0,0,07 Apr 13:30,0,0,54,0,Midfielder,0,0
0,-1,Spearing,0,0,RDG(A) 0-0,Liverpool,15933,Jay,0,0,0,33,0,0,0,13 Apr 15:00,0,0,54,0,Midfielder,0,0
0,-1,Spearing,0,0,CHE(H) 2-2,Liverpool,15934,Jay,0,0,0,34,0,0,0,21 Apr 16:00,0,0,54,0,Midfielder,0,0
0,1,Spearing,0,0,NEW(A) 6-0,Liverpool,15935,Jay,0,0,0,35,0,0,0,27 Apr 17:30,0,0,54,0,Midfielder,0,0
0,-2,Spearing,0,0,EVE(H) 0-0,Liverpool,15936,Jay,0,0,0,36,0,0,0,05 May 13:30,0,0,54,0,Midfielder,0,0
0,2,Spearing,0,0,FUL(A) 3-1,Liverpool,15937,Jay,0,0,0,37,0,0,0,12 May 15:00,0,0,54,0,Midfielder,0,0
0,0,Spearing,0,0,QPR(H) 1-0,Liverpool,15938,Jay,0,0,0,38,0,0,0,19 May 16:00,0,0,54,0,Midfielder,0,0
0,0,Cole,1,0,WBA(A) 0-3,West Ham,1601,Joe,0,11,-3,1,0,0,0,18 Aug 15:00,0,0,60,1,Midfielder,0,0
0,-2933,Cole,0,0,MCI(H) 2-2,West Ham,1602,Joe,0,0,0,2,0,0,0,26 Aug 16:00,0,0,59,0,Midfielder,0,0
0,-2340,Cole,0,0,ARS(H) 0-2,West Ham,1603,Joe,0,0,0,3,0,0,0,02 Sep 13:30,0,0,58,0,Midfielder,0,0
0,-1209,Cole,0,0,SUN(A) 1-1,West Ham,1604,Joe,0,0,0,4,0,0,0,15 Sep 17:30,0,0,57,0,Midfielder,0,0
0,-405,Cole,0,0,MUN(H) 1-2,West Ham,1605,Joe,0,0,0,5,0,0,0,23 Sep 13:30,0,0,57,0,Midfielder,0,0
0,-308,Cole,0,0,NOR(A) 5-2,West Ham,1606,Joe,0,0,0,6,0,0,0,29 Sep 15:00,0,0,56,0,Midfielder,0,0
0,-95,Cole,0,0,STK(H) 0-0,West Ham,1607,Joe,0,24,3,7,0,0,0,07 Oct 15:00,0,0,56,1,Midfielder,0,0
0,-42,Cole,0,0,RDG(H) 1-0,West Ham,1608,Joe,0,0,0,8,0,0,0,20 Oct 15:00,0,0,56,0,Midfielder,0,0
0,-78,Cole,0,0,EVE(A) 2-2,West Ham,1609,Joe,0,0,0,9,0,0,0,28 Oct 13:30,0,0,56,0,Midfielder,0,0
0,-60,Cole,0,0,NEW(H) 1-1,West Ham,16010,Joe,0,0,0,10,0,0,0,04 Nov 16:00,0,0,56,0,Midfielder,0,0
0,-51,Cole,0,0,CHE(A) 1-1,West Ham,16011,Joe,0,0,0,11,0,0,0,11 Nov 16:00,0,0,56,0,Midfielder,0,0
0,-49,Cole,0,0,WIG(H) 3-0,West Ham,16012,Joe,0,0,0,12,0,0,0,17 Nov 15:00,0,0,56,0,Midfielder,0,0
0,15,Cole,0,0,SWA(A) 0-0,West Ham,16013,Joe,0,14,3,13,0,0,0,25 Nov 13:30,0,0,56,1,Midfielder,0,0
0,-2,Cole,0,0,TOT(A) 1-2,West Ham,16014,Joe,0,0,0,14,0,0,0,28 Nov 19:45,0,0,56,0,Midfielder,0,0
0,-32,Cole,0,0,SOU(H) 1-0,West Ham,16015,Joe,0,0,0,15,0,0,0,01 Dec 15:00,0,0,56,0,Midfielder,0,0
0,-51,Cole,2,0,WHU(A) 3-2,West Ham,16016,Joe,0,64,23,16,2,0,0,09 Dec 16:00,0,0,56,9,Midfielder,0,1
0,342,Cole,1,0,AVL(H) 1-3,West Ham,16017,Joe,0,45,-2,17,0,0,0,15 Dec 15:00,0,0,56,1,Midfielder,0,0
0,-64,Cole,0,0,FUL(H) 4-0,West Ham,16018,Joe,0,0,0,18,0,0,0,22 Dec 17:30,0,0,56,0,Midfielder,0,0
0,-136,Cole,0,0,STK(A) 1-3,West Ham,16019,Joe,0,14,1,19,0,0,0,26 Dec 19:45,0,0,56,1,Midfielder,0,0
0,-74,Cole,0,0,QPR(A) 3-0,West Ham,16020,Joe,0,0,0,20,0,0,0,30 Dec 16:00,0,0,56,0,Midfielder,0,0
0,-62,Cole,0,0,SUN(H) 3-0,West Ham,16021,Joe,0,0,0,21,0,0,0,02 Jan 19:45,0,0,56,0,Midfielder,0,0
0,23660,Cole,3,0,SUN(A) 0-3,West Ham,16022,Joe,0,90,5,22,0,0,0,12 Jan 15:00,0,0,56,2,Midfielder,0,0
0,16165,Cole,0,0,ARS(A) 1-5,West Ham,16023,Joe,0,0,0,23,0,0,0,23 Jan 19:45,0,0,56,0,Midfielder,0,0
0,3054,Cole,2,0,FUL(A) 1-3,West Ham,16024,Joe,0,75,5,24,0,0,0,30 Jan 20:00,0,0,56,2,Midfielder,0,0
0,-3953,Cole,0,0,SWA(H) 1-0,West Ham,16025,Joe,0,29,3,25,0,0,0,02 Feb 15:00,0,0,56,1,Midfielder,0,0
0,-10769,Cole,2,0,AVL(A) 1-2,West Ham,16026,Joe,0,90,16,26,0,0,1,10 Feb 13:30,0,0,56,5,Midfielder,0,0
1,-2514,Cole,3,0,TOT(H) 2-3,West Ham,16027,Joe,0,90,20,27,0,0,0,25 Feb 20:00,0,0,56,6,Midfielder,0,1
0,-1471,Cole,0,0,STK(A) 1-0,West Ham,16028,Joe,0,10,2,28,0,0,0,02 Mar 15:00,0,0,56,1,Midfielder,0,0
0,-3255,Cole,0,0,CHE(A) 0-2,West Ham,16030,Joe,0,0,0,30,0,0,0,17 Mar 16:00,0,0,54,0,Midfielder,0,0
0,-1244,Cole,0,0,WBA(H) 3-1,West Ham,16031,Joe,0,0,0,31,0,0,0,30 Mar 15:00,0,0,53,0,Midfielder,0,0
0,-1425,Cole,0,0,LIV(A) 0-0,West Ham,16032,Joe,0,0,0,32,0,0,0,07 Apr 13:30,0,0,53,0,Midfielder,0,0
0,-2131,Cole,0,0,MUN(H) 2-2,West Ham,16033,Joe,0,0,0,33,0,0,0,17 Apr 19:45,0,0,52,0,Midfielder,0,0
1,-1032,Cole,0,0,WIG(H) 2-0,West Ham,16034,Joe,0,30,4,34,0,0,0,20 Apr 15:00,0,0,52,0,Midfielder,0,0
0,-429,Cole,0,0,MCI(A) 1-2,West Ham,16035,Joe,0,0,0,35,0,0,0,27 Apr 12:45,0,0,52,0,Midfielder,0,0
0,-461,Cole,0,0,NEW(H) 0-0,West Ham,16036,Joe,0,7,2,36,0,0,0,04 May 15:00,0,0,52,1,Midfielder,0,0
0,-115,Cole,1,0,EVE(A) 0-2,West Ham,16037,Joe,0,36,5,37,0,0,0,12 May 15:00,0,0,52,1,Midfielder,0,0
0,-111,Cole,2,0,RDG(H) 4-2,West Ham,16038,Joe,0,73,-3,38,0,0,0,19 May 16:00,0,0,51,2,Midfielder,0,0
0,0,Henderson,0,0,WBA(A) 0-3,Liverpool,1641,Jordan,0,0,0,1,0,0,0,18 Aug 15:00,0,0,60,0,Midfielder,0,0
0,-2345,Henderson,0,0,MCI(H) 2-2,Liverpool,1642,Jordan,0,0,0,2,0,0,0,26 Aug 16:00,0,0,59,0,Midfielder,0,0
0,-2071,Henderson,0,0,ARS(H) 0-2,Liverpool,1643,Jordan,0,0,0,3,0,0,0,02 Sep 13:30,0,0,58,0,Midfielder,0,0
0,-1252,Henderson,0,0,SUN(A) 1-1,Liverpool,1644,Jordan,0,0,0,4,0,0,0,15 Sep 17:30,0,0,57,0,Midfielder,0,0
0,-595,Henderson,1,0,MUN(H) 1-2,Liverpool,1645,Jordan,0,25,1,5,0,0,0,23 Sep 13:30,0,0,56,1,Midfielder,0,0
0,-349,Henderson,1,0,NOR(A) 5-2,Liverpool,1646,Jordan,0,25,4,6,0,0,0,29 Sep 15:00,0,0,55,1,Midfielder,0,0
0,-274,Henderson,0,0,STK(H) 0-0,Liverpool,1647,Jordan,0,0,0,7,0,0,0,07 Oct 15:00,0,0,55,0,Midfielder,0,0
0,-239,Henderson,0,0,RDG(H) 1-0,Liverpool,1648,Jordan,0,7,1,8,0,0,0,20 Oct 15:00,0,0,55,1,Midfielder,0,0
0,-120,Henderson,0,0,EVE(A) 2-2,Liverpool,1649,Jordan,0,21,6,9,0,0,0,28 Oct 13:30,0,0,54,1,Midfielder,0,0
0,-114,Henderson,0,0,NEW(H) 1-1,Liverpool,16410,Jordan,0,0,0,10,0,0,0,04 Nov 16:00,0,0,54,0,Midfielder,0,0
0,-110,Henderson,0,0,CHE(A) 1-1,Liverpool,16411,Jordan,0,0,0,11,0,0,0,11 Nov 16:00,0,0,54,0,Midfielder,0,0
0,-108,Henderson,0,0,WIG(H) 3-0,Liverpool,16412,Jordan,0,55,1,12,0,0,0,17 Nov 15:00,0,0,54,1,Midfielder,0,0
0,-96,Henderson,0,0,SWA(A) 0-0,Liverpool,16413,Jordan,0,76,5,13,0,1,0,25 Nov 13:30,0,0,54,3,Midfielder,0,0
0,-26,Henderson,2,0,TOT(A) 1-2,Liverpool,16414,Jordan,0,62,-2,14,0,0,0,28 Nov 19:45,0,0,53,2,Midfielder,0,0
0,-14,Henderson,0,0,SOU(H) 1-0,Liverpool,16415,Jordan,0,22,4,15,0,0,0,01 Dec 15:00,0,0,53,1,Midfielder,0,0
0,-42,Henderson,0,0,WHU(A) 3-2,Liverpool,16416,Jordan,0,20,12,16,0,0,1,09 Dec 16:00,0,0,53,4,Midfielder,0,0
0,-5,Henderson,0,0,AVL(H) 1-3,Liverpool,16417,Jordan,0,31,-1,17,0,0,0,15 Dec 15:00,0,0,53,1,Midfielder,0,0
0,-34,Henderson,0,0,FUL(H) 4-0,Liverpool,16418,Jordan,0,0,0,18,0,0,0,22 Dec 17:30,0,0,53,0,Midfielder,0,0
0,-59,Henderson,0,0,STK(A) 1-3,Liverpool,16419,Jordan,0,32,2,19,0,0,0,26 Dec 19:45,0,0,53,1,Midfielder,0,0
0,-37,Henderson,0,0,QPR(A) 3-0,Liverpool,16420,Jordan,0,63,10,20,0,1,1,30 Dec 16:00,0,0,53,6,Midfielder,0,0
0,30,Henderson,0,0,SUN(H) 3-0,Liverpool,16421,Jordan,0,66,22,21,0,1,0,02 Jan 19:45,0,0,53,3,Midfielder,0,0
0,-26,Henderson,0,0,MUN(A) 1-2,Liverpool,16422,Jordan,0,11,1,22,0,0,0,13 Jan 13:30,0,0,53,1,Midfielder,0,0
0,-31,Henderson,0,0,NOR(H) 5-0,Liverpool,16423,Jordan,0,76,35,23,2,1,0,19 Jan 15:00,0,0,53,10,Midfielder,0,1
0,668,Henderson,2,0,ARS(A) 2-2,Liverpool,16424,Jordan,0,90,27,24,2,0,1,30 Jan 19:45,0,0,53,12,Midfielder,0,1
1,13853,Henderson,2,0,MCI(A) 2-2,Liverpool,16425,Jordan,0,90,5,25,0,0,0,03 Feb 16:00,0,0,53,1,Midfielder,0,0
0,41092,Henderson,0,0,SWA(H) 5-0,Liverpool,16426,Jordan,0,31,6,26,0,0,0,17 Feb 15:00,0,0,54,1,Midfielder,0,0
0,-4958,Henderson,0,0,WIG(A) 4-0,Liverpool,16428,Jordan,0,21,-1,28,0,0,0,02 Mar 17:30,0,0,51,1,Midfielder,0,0
0,-2422,Henderson,0,0,TOT(H) 3-2,Liverpool,16429,Jordan,0,3,0,29,0,0,0,10 Mar 16:00,0,0,50,1,Midfielder,0,0
0,-3010,Henderson,0,0,SOU(A) 1-3,Liverpool,16430,Jordan,0,8,1,30,0,0,0,16 Mar 15:00,0,0,48,1,Midfielder,0,0
0,-1839,Henderson,1,0,AVL(A) 2-1,Liverpool,16431,Jordan,0,90,33,31,2,0,0,31 Mar 13:30,0,0,47,9,Midfielder,0,1
0,3640,Henderson,0,0,WHU(H) 0-0,Liverpool,16432,Jordan,0,70,5,32,0,1,0,07 Apr 13:30,0,0,46,3,Midfielder,0,0
0,2538,Henderson,0,0,RDG(A) 0-0,Liverpool,16433,Jordan,0,56,13,33,0,0,0,13 Apr 15:00,0,0,46,1,Midfielder,0,0
1,39,Henderson,2,0,CHE(H) 2-2,Liverpool,16434,Jordan,0,90,-6,34,0,0,0,21 Apr 16:00,0,0,46,1,Midfielder,0,0
0,-108,Henderson,0,0,NEW(A) 6-0,Liverpool,16435,Jordan,0,90,60,35,3,1,1,27 Apr 17:30,0,0,46,19,Midfielder,0,2
0,13218,Henderson,0,0,EVE(H) 0-0,Liverpool,16436,Jordan,0,65,6,36,0,1,0,05 May 13:30,0,0,46,3,Midfielder,0,0
0,17268,Henderson,1,0,FUL(A) 3-1,Liverpool,16437,Jordan,0,90,17,37,0,0,0,12 May 15:00,0,0,47,2,Midfielder,0,0
1,9504,Henderson,0,0,QPR(H) 1-0,Liverpool,16438,Jordan,0,90,11,38,0,1,0,19 May 16:00,0,0,48,2,Midfielder,0,0
0,0,Hart,2,0,SOU(H) 3-2,Man City,1711,Joe,0,90,12,1,0,0,0,19 Aug 16:00,0,0,70,1,Goalkeeper,0,0
0,-7783,Hart,2,1,LIV(A) 2-2,Man City,1712,Joe,0,90,6,2,0,0,0,26 Aug 16:00,0,0,70,1,Goalkeeper,0,0
0,-9188,Hart,1,3,QPR(H) 3-1,Man City,1713,Joe,0,90,15,3,0,0,0,01 Sep 17:30,0,0,70,3,Goalkeeper,0,0
0,-12827,Hart,1,0,STK(A) 1-1,Man City,1714,Joe,0,90,5,4,0,0,0,15 Sep 15:00,0,0,70,2,Goalkeeper,0,0
0,-9222,Hart,1,3,ARS(H) 1-1,Man City,1715,Joe,0,90,8,5,0,0,0,23 Sep 16:00,0,0,70,3,Goalkeeper,0,0
0,-6338,Hart,1,2,FUL(A) 2-1,Man City,1716,Joe,0,90,14,6,0,0,0,29 Sep 15:00,0,0,70,2,Goalkeeper,0,0
0,-6913,Hart,0,4,SUN(H) 3-0,Man City,1717,Joe,0,90,19,7,0,1,0,06 Oct 12:45,0,0,69,7,Goalkeeper,0,0
0,902,Hart,1,2,WBA(A) 2-1,Man City,1718,Joe,0,90,15,8,0,0,0,20 Oct 15:00,0,0,69,2,Goalkeeper,0,0
0,-1117,Hart,0,2,SWA(H) 1-0,Man City,1719,Joe,0,90,17,9,0,1,0,27 Oct 17:30,0,0,69,6,Goalkeeper,0,0
0,-1800,Hart,0,0,WHU(A) 0-0,Man City,17110,Joe,0,90,9,10,0,1,0,03 Nov 17:30,0,0,69,6,Goalkeeper,0,0
0,-2883,Hart,1,1,TOT(H) 2-1,Man City,17111,Joe,0,90,13,11,0,0,0,11 Nov 13:30,0,0,69,2,Goalkeeper,0,0
0,-3952,Hart,0,2,AVL(H) 5-0,Man City,17112,Joe,0,90,19,12,0,1,0,17 Nov 15:00,0,0,69,6,Goalkeeper,0,0
0,-3051,Hart,0,1,CHE(A) 0-0,Man City,17113,Joe,0,90,10,13,0,1,0,25 Nov 16:00,0,0,69,6,Goalkeeper,0,0
0,709,Hart,0,1,WIG(A) 2-0,Man City,17114,Joe,0,90,19,14,0,1,0,28 Nov 20:00,0,0,69,6,Goalkeeper,0,0
0,810,Hart,1,3,EVE(H) 1-1,Man City,17115,Joe,0,90,8,15,0,0,0,01 Dec 15:00,0,0,69,3,Goalkeeper,0,0
0,-2696,Hart,3,0,MUN(H) 2-3,Man City,17116,Joe,0,90,2,16,0,0,0,09 Dec 13:30,0,0,69,1,Goalkeeper,0,0
0,-2624,Hart,1,4,NEW(A) 3-1,Man City,17117,Joe,0,90,17,17,0,0,0,15 Dec 12:45,0,0,69,3,Goalkeeper,0,0
0,-734,Hart,0,0,RDG(H) 1-0,Man City,17118,Joe,0,90,16,18,0,1,0,22 Dec 15:00,0,0,69,6,Goalkeeper,0,0
0,-1506,Hart,1,3,SUN(A) 0-1,Man City,17119,Joe,0,90,4,19,0,0,0,26 Dec 15:00,0,0,69,3,Goalkeeper,0,0
0,-3581,Hart,3,1,NOR(A) 4-3,Man City,17120,Joe,0,90,16,20,0,0,0,29 Dec 15:00,0,0,69,1,Goalkeeper,0,0
0,-2227,Hart,0,1,STK(H) 3-0,Man City,17121,Joe,0,90,17,21,0,1,0,01 Jan 15:00,0,0,69,6,Goalkeeper,0,0
0,-6450,Hart,0,2,ARS(A) 2-0,Man City,17122,Joe,0,90,19,22,0,1,0,13 Jan 16:00,0,0,69,6,Goalkeeper,0,0
0,-2059,Hart,0,0,FUL(H) 2-0,Man City,17123,Joe,0,90,15,23,0,1,0,19 Jan 15:00,0,0,69,6,Goalkeeper,0,0
0,453,Hart,0,1,QPR(A) 0-0,Man City,17124,Joe,0,90,10,24,0,1,0,29 Jan 19:45,0,0,69,6,Goalkeeper,0,0
0,582,Hart,2,2,LIV(H) 2-2,Man City,17125,Joe,0,90,8,25,0,0,0,03 Feb 16:00,0,0,69,1,Goalkeeper,0,0
0,-1818,Hart,3,3,SOU(A) 1-3,Man City,17126,Joe,0,90,5,26,0,0,0,09 Feb 17:30,0,0,69,2,Goalkeeper,0,0
0,-4350,Hart,0,1,CHE(H) 2-0,Man City,17127,Joe,0,90,16,27,0,1,0,24 Feb 13:30,1,0,68,11,Goalkeeper,0,0
0,2047,Hart,0,1,AVL(A) 1-0,Man City,17128,Joe,0,90,18,28,0,1,0,04 Mar 20:00,0,0,68,6,Goalkeeper,0,0
0,2699,Hart,2,1,EVE(A) 0-2,Man City,17130,Joe,0,90,3,30,0,0,0,16 Mar 12:45,0,0,68,1,Goalkeeper,0,0
0,-347,Hart,0,1,NEW(H) 4-0,Man City,17131,Joe,0,90,16,31,0,1,0,30 Mar 15:00,0,0,68,6,Goalkeeper,0,0
0,-133,Hart,1,5,MUN(A) 2-1,Man City,17132,Joe,0,90,19,32,0,0,0,08 Apr 20:00,0,0,68,3,Goalkeeper,0,0
0,495,Hart,0,3,WIG(H) 1-0,Man City,17133,Joe,0,90,18,33,0,1,0,17 Apr 19:45,0,0,68,7,Goalkeeper,0,0
1,1817,Hart,3,3,TOT(A) 1-3,Man City,17134,Joe,0,90,3,34,0,0,0,21 Apr 13:30,0,0,68,1,Goalkeeper,0,0
0,6905,Hart,1,2,WHU(H) 2-1,Man City,17135,Joe,0,90,15,35,0,0,0,27 Apr 12:45,0,0,68,2,Goalkeeper,0,0
0,19363,Hart,0,7,WBA(H) 1-0,Man City,17136,Joe,0,90,22,36,1,1,0,07 May 19:45,0,0,69,9,Goalkeeper,0,0
0,4034,Hart,0,5,RDG(A) 2-0,Man City,17137,Joe,0,90,20,37,0,1,0,14 May 20:00,0,0,69,7,Goalkeeper,0,0
0,3776,Hart,3,3,NOR(H) 2-3,Man City,17138,Joe,0,90,4,38,0,0,0,19 May 16:00,0,0,69,2,Goalkeeper,0,0
0,0,Lescott,2,0,SOU(H) 3-2,Man City,1761,Joleon,0,90,22,1,0,0,0,19 Aug 16:00,0,0,65,1,Defender,0,0
0,-9936,Lescott,0,0,LIV(A) 2-2,Man City,1762,Joleon,0,0,0,2,0,0,0,26 Aug 16:00,0,0,65,0,Defender,0,0
0,-36871,Lescott,1,0,QPR(H) 3-1,Man City,1763,Joleon,0,90,19,3,0,0,0,01 Sep 17:30,0,0,65,2,Defender,0,0
0,-28364,Lescott,1,0,STK(A) 1-1,Man City,1764,Joleon,0,90,8,4,0,0,0,15 Sep 15:00,0,0,65,2,Defender,0,0
0,-16075,Lescott,1,0,ARS(H) 1-1,Man City,1765,Joleon,0,90,27,5,3,0,0,23 Sep 16:00,0,0,64,11,Defender,0,1
0,1347,Lescott,0,0,FUL(A) 2-1,Man City,1766,Joleon,0,0,0,6,0,0,0,29 Sep 15:00,0,0,64,0,Defender,0,0
0,-16434,Lescott,0,0,SUN(H) 3-0,Man City,1767,Joleon,0,90,24,7,0,1,0,06 Oct 12:45,0,0,64,6,Defender,0,0
0,-3973,Lescott,1,0,WBA(A) 2-1,Man City,1768,Joleon,0,90,21,8,1,0,0,20 Oct 15:00,0,0,64,3,Defender,0,0
0,-65,Lescott,0,0,SWA(H) 1-0,Man City,1769,Joleon,0,1,0,9,0,0,0,27 Oct 17:30,0,0,63,1,Defender,0,0
0,-13055,Lescott,0,0,WHU(A) 0-0,Man City,17610,Joleon,0,0,0,10,0,0,0,03 Nov 17:30,0,0,63,0,Defender,0,0
0,-33128,Lescott,0,0,TOT(H) 2-1,Man City,17611,Joleon,0,0,0,11,0,0,0,11 Nov 13:30,0,0,62,0,Defender,0,0
0,-17117,Lescott,0,0,AVL(H) 5-0,Man City,17612,Joleon,0,0,0,12,0,0,0,17 Nov 15:00,0,0,62,0,Defender,0,0
0,-14020,Lescott,0,0,CHE(A) 0-0,Man City,17613,Joleon,0,0,0,13,0,0,0,25 Nov 16:00,0,0,62,0,Defender,0,0
0,-7575,Lescott,0,0,WIG(A) 2-0,Man City,17614,Joleon,0,0,0,14,0,0,0,28 Nov 20:00,0,0,61,0,Defender,0,0
1,-8457,Lescott,1,0,EVE(H) 1-1,Man City,17615,Joleon,0,90,10,15,0,0,0,01 Dec 15:00,0,0,60,1,Defender,0,0
0,-4296,Lescott,0,0,MUN(H) 2-3,Man City,17616,Joleon,0,0,0,16,0,0,0,09 Dec 13:30,0,0,60,0,Defender,0,0
0,-5854,Lescott,0,0,NEW(A) 3-1,Man City,17617,Joleon,0,12,5,17,0,0,0,15 Dec 12:45,0,0,60,1,Defender,0,0
0,-3817,Lescott,0,0,RDG(H) 1-0,Man City,17618,Joleon,0,0,0,18,0,0,0,22 Dec 15:00,0,0,59,0,Defender,0,0
0,-3082,Lescott,0,0,SUN(A) 0-1,Man City,17619,Joleon,0,2,5,19,0,0,0,26 Dec 15:00,0,0,59,1,Defender,0,0
0,-2146,Lescott,0,0,NOR(A) 4-3,Man City,17620,Joleon,0,10,1,20,0,0,0,29 Dec 15:00,0,0,59,1,Defender,0,0
1,-1792,Lescott,0,0,STK(H) 3-0,Man City,17621,Joleon,0,90,19,21,0,1,0,01 Jan 15:00,0,0,59,5,Defender,0,0
0,-3602,Lescott,0,0,ARS(A) 2-0,Man City,17622,Joleon,0,14,2,22,0,0,0,13 Jan 16:00,0,0,58,1,Defender,0,0
0,-1789,Lescott,0,0,FUL(H) 2-0,Man City,17623,Joleon,0,3,1,23,0,0,0,19 Jan 15:00,0,0,58,1,Defender,0,0
0,-1488,Lescott,0,0,QPR(A) 0-0,Man City,17624,Joleon,0,90,6,24,0,1,0,29 Jan 19:45,0,0,58,6,Defender,0,0
0,-306,Lescott,2,0,LIV(H) 2-2,Man City,17625,Joleon,0,90,13,25,0,0,0,03 Feb 16:00,0,0,58,1,Defender,0,0
0,-731,Lescott,3,0,SOU(A) 1-3,Man City,17626,Joleon,0,65,6,26,0,0,0,09 Feb 17:30,0,0,58,1,Defender,0,0
0,-1061,Lescott,0,0,CHE(H) 2-0,Man City,17627,Joleon,0,1,0,27,0,0,0,24 Feb 13:30,0,0,58,1,Defender,0,0
0,-806,Lescott,0,0,AVL(A) 1-0,Man City,17628,Joleon,0,0,0,28,0,0,0,04 Mar 20:00,0,0,58,0,Defender,0,0
0,-497,Lescott,0,0,EVE(A) 0-2,Man City,17630,Joleon,0,0,0,30,0,0,0,16 Mar 12:45,0,0,58,0,Defender,0,0
0,-519,Lescott,0,0,NEW(H) 4-0,Man City,17631,Joleon,0,90,16,31,0,1,0,30 Mar 15:00,0,0,58,6,Defender,0,0
0,-153,Lescott,0,0,MUN(A) 2-1,Man City,17632,Joleon,0,2,0,32,0,0,0,08 Apr 20:00,0,0,58,1,Defender,0,0
0,-215,Lescott,0,0,WIG(H) 1-0,Man City,17633,Joleon,0,90,21,33,1,1,0,17 Apr 19:45,0,0,58,7,Defender,0,0
0,85,Lescott,0,0,TOT(A) 1-3,Man City,17634,Joleon,0,1,0,34,0,0,0,21 Apr 13:30,0,0,58,1,Defender,0,0
0,-89,Lescott,1,0,WHU(H) 2-1,Man City,17635,Joleon,0,90,17,35,0,0,0,27 Apr 12:45,0,0,58,2,Defender,0,0
0,888,Lescott,0,0,WBA(H) 1-0,Man City,17636,Joleon,0,90,24,36,2,1,0,07 May 19:45,0,0,58,8,Defender,0,0
0,-53,Lescott,0,0,RDG(A) 2-0,Man City,17637,Joleon,0,90,20,37,0,1,0,14 May 20:00,0,0,58,6,Defender,0,0
1,480,Lescott,3,0,NOR(H) 2-3,Man City,17638,Joleon,0,90,7,38,0,0,0,19 May 16:00,0,0,58,0,Defender,0,0
0,0,Milner,0,0,SOU(H) 3-2,Man City,1871,James,0,0,0,1,0,0,0,19 Aug 16:00,0,0,65,0,Midfielder,0,0
0,-4996,Milner,2,0,LIV(A) 2-2,Man City,1872,James,0,75,5,2,0,0,0,26 Aug 16:00,0,0,64,2,Midfielder,0,0
0,-3080,Milner,0,0,QPR(H) 3-1,Man City,1873,James,0,10,2,3,0,0,0,01 Sep 17:30,0,0,64,1,Midfielder,0,0
0,-2945,Milner,0,0,STK(A) 1-1,Man City,1874,James,0,0,0,4,0,0,0,15 Sep 15:00,0,0,63,0,Midfielder,0,0
0,-1662,Milner,0,0,ARS(H) 1-1,Man City,1875,James,0,0,0,5,0,0,0,23 Sep 16:00,0,0,62,0,Midfielder,0,0
0,-1566,Milner,0,0,FUL(A) 2-1,Man City,1876,James,0,0,0,6,0,0,0,29 Sep 15:00,0,0,62,0,Midfielder,0,0
0,-1070,Milner,0,0,SUN(H) 3-0,Man City,1877,James,0,90,38,7,3,1,0,06 Oct 12:45,0,0,61,11,Midfielder,0,1
0,1359,Milner,1,0,WBA(A) 2-1,Man City,1878,James,0,22,0,8,0,0,0,20 Oct 15:00,0,0,61,-2,Midfielder,1,0
0,-1926,Milner,0,0,SWA(H) 1-0,Man City,1879,James,0,0,0,9,0,0,0,27 Oct 17:30,0,0,61,0,Midfielder,0,0
0,-51,Milner,0,0,WHU(A) 0-0,Man City,18710,James,0,0,0,10,0,0,0,03 Nov 17:30,0,0,61,0,Midfielder,0,0
0,-870,Milner,0,0,TOT(H) 2-1,Man City,18711,James,0,0,0,11,0,0,0,11 Nov 13:30,0,0,61,0,Midfielder,0,0
0,-516,Milner,0,0,AVL(H) 5-0,Man City,18712,James,0,0,0,12,0,0,0,17 Nov 15:00,0,0,61,0,Midfielder,0,0
0,-250,Milner,0,0,CHE(A) 0-0,Man City,18713,James,0,90,5,13,0,1,0,25 Nov 16:00,0,0,61,3,Midfielder,0,0
0,66,Milner,0,0,WIG(A) 2-0,Man City,18714,James,0,22,21,14,0,0,0,28 Nov 20:00,0,0,61,6,Midfielder,0,1
0,-76,Milner,0,0,EVE(H) 1-1,Man City,18715,James,0,0,0,15,0,0,0,01 Dec 15:00,0,0,61,0,Midfielder,0,0
0,-473,Milner,0,0,MUN(H) 2-3,Man City,18716,James,0,0,0,16,0,0,0,09 Dec 13:30,0,0,61,0,Midfielder,0,0
0,-251,Milner,0,0,NEW(A) 3-1,Man City,18717,James,0,0,0,17,0,0,0,15 Dec 12:45,0,0,61,0,Midfielder,0,0
0,-15,Milner,0,0,RDG(H) 1-0,Man City,18718,James,0,7,1,18,0,0,0,22 Dec 15:00,0,0,61,1,Midfielder,0,0
0,-34,Milner,1,0,SUN(A) 0-1,Man City,18719,James,0,90,-11,19,0,0,0,26 Dec 15:00,0,0,61,2,Midfielder,0,0
0,-31,Milner,2,0,NOR(A) 4-3,Man City,18720,James,0,35,6,20,0,0,0,29 Dec 15:00,0,0,61,1,Midfielder,0,0
0,-38,Milner,0,0,STK(H) 3-0,Man City,18721,James,0,90,32,21,1,1,1,01 Jan 15:00,0,0,61,7,Midfielder,0,0
1,326,Milner,0,0,ARS(A) 2-0,Man City,18722,James,0,90,30,22,2,1,0,13 Jan 16:00,0,0,61,9,Midfielder,0,1
0,4853,Milner,0,0,FUL(H) 2-0,Man City,18723,James,0,90,14,23,0,1,0,19 Jan 15:00,0,0,61,3,Midfielder,0,0
0,3190,Milner,0,0,QPR(A) 0-0,Man City,18724,James,0,85,18,24,3,1,0,29 Jan 19:45,0,0,61,6,Midfielder,0,0
0,1361,Milner,2,0,LIV(H) 2-2,Man City,18725,James,0,90,22,25,1,0,1,03 Feb 16:00,0,0,61,6,Midfielder,0,0
0,469,Milner,0,0,SOU(A) 1-3,Man City,18726,James,0,36,5,26,0,0,0,09 Feb 17:30,0,0,61,1,Midfielder,0,0
0,-1471,Milner,0,0,CHE(H) 2-0,Man City,18727,James,0,90,18,27,0,1,0,24 Feb 13:30,0,0,61,3,Midfielder,0,0
0,-304,Milner,0,0,AVL(A) 1-0,Man City,18728,James,0,90,16,28,0,1,0,04 Mar 20:00,0,0,61,3,Midfielder,0,0
0,-125,Milner,1,0,EVE(A) 0-2,Man City,18730,James,0,82,6,30,0,0,0,16 Mar 12:45,0,0,61,2,Midfielder,0,0
0,855,Milner,0,0,NEW(H) 4-0,Man City,18731,James,0,0,0,31,0,0,0,30 Mar 15:00,0,0,61,0,Midfielder,0,0
0,-1052,Milner,1,0,MUN(A) 2-1,Man City,18732,James,0,90,35,32,3,0,0,08 Apr 20:00,0,0,61,10,Midfielder,0,1
0,1381,Milner,0,0,WIG(H) 1-0,Man City,18733,James,0,32,7,33,0,0,0,17 Apr 19:45,0,0,61,1,Midfielder,0,0
0,895,Milner,0,0,TOT(A) 1-3,Man City,18734,James,0,45,5,34,0,0,1,21 Apr 13:30,0,0,61,4,Midfielder,0,0
0,2305,Milner,1,0,WHU(H) 2-1,Man City,18735,James,0,13,2,35,0,0,0,27 Apr 12:45,0,0,61,1,Midfielder,0,0
0,3090,Milner,0,0,WBA(H) 1-0,Man City,18736,James,0,90,11,36,0,1,0,07 May 19:45,0,0,61,3,Midfielder,0,0
0,465,Milner,0,0,RDG(A) 2-0,Man City,18737,James,0,90,25,37,1,1,1,14 May 20:00,0,0,61,7,Midfielder,0,0
0,1096,Milner,3,0,NOR(H) 2-3,Man City,18738,James,0,90,2,38,0,0,0,19 May 16:00,0,0,61,2,Midfielder,0,0
0,0,Evans J,0,0,EVE(A) 0-1,Man Utd,2041,Jonny,0,0,0,1,0,0,0,20 Aug 20:00,0,0,60,0,Defender,0,0
0,-453,Evans J,0,0,FUL(H) 3-2,Man Utd,2042,Jonny,0,0,0,2,0,0,0,25 Aug 15:00,0,0,60,0,Defender,0,0
0,1161,Evans J,0,0,SOU(A) 3-2,Man Utd,2043,Jonny,0,0,0,3,0,0,0,02 Sep 16:00,0,0,60,0,Defender,0,0
0,-596,Evans J,0,0,WIG(H) 4-0,Man Utd,2044,Jonny,0,14,10,4,0,0,0,15 Sep 15:00,0,0,60,1,Defender,0,0
0,-579,Evans J,1,0,LIV(A) 2-1,Man Utd,2045,Jonny,0,90,18,5,0,0,0,23 Sep 13:30,0,0,59,2,Defender,0,0
0,2273,Evans J,3,0,TOT(H) 2-3,Man Utd,2046,Jonny,0,90,10,6,0,0,0,29 Sep 17:30,0,0,58,1,Defender,0,0
0,-87,Evans J,0,0,NEW(A) 3-0,Man Utd,2047,Jonny,0,90,40,7,2,1,0,07 Oct 16:00,0,0,58,14,Defender,0,1
0,6292,Evans J,2,0,STK(H) 4-2,Man Utd,2048,Jonny,0,90,19,8,0,0,0,20 Oct 15:00,0,0,58,1,Defender,0,0
0,971,Evans J,2,0,CHE(A) 3-2,Man Utd,2049,Jonny,0,90,13,9,0,0,0,28 Oct 16:00,0,0,58,1,Defender,0,0
0,3058,Evans J,1,0,ARS(H) 2-1,Man Utd,20410,Jonny,0,90,14,10,0,0,0,03 Nov 12:45,0,0,58,2,Defender,0,0
0,1759,Evans J,0,0,AVL(A) 3-2,Man Utd,20411,Jonny,0,0,0,11,0,0,0,10 Nov 17:30,0,0,58,0,Defender,0,0
0,-4286,Evans J,0,0,NOR(A) 0-1,Man Utd,20412,Jonny,0,0,0,12,0,0,0,17 Nov 17:30,0,0,58,0,Defender,0,0
0,-3552,Evans J,1,0,QPR(H) 3-1,Man Utd,20413,Jonny,0,90,40,13,3,0,0,24 Nov 15:00,0,0,58,11,Defender,0,1
0,6409,Evans J,0,0,WHU(H) 1-0,Man Utd,20414,Jonny,0,90,17,14,0,1,0,28 Nov 20:00,0,0,58,6,Defender,0,0
0,8493,Evans J,3,0,RDG(A) 4-3,Man Utd,20415,Jonny,0,90,20,15,0,0,1,01 Dec 17:30,0,0,58,4,Defender,0,0
0,1791,Evans J,0,0,MCI(A) 3-2,Man Utd,20416,Jonny,0,47,7,16,0,0,0,09 Dec 13:30,0,0,58,1,Defender,0,0
0,-6481,Evans J,0,0,SUN(H) 3-1,Man Utd,20417,Jonny,0,0,0,17,0,0,0,15 Dec 15:00,0,0,58,0,Defender,0,0
0,-5851,Evans J,1,0,SWA(A) 1-1,Man Utd,20418,Jonny,0,90,9,18,0,0,0,23 Dec 13:30,0,0,58,2,Defender,0,0
1,2172,Evans J,3,0,NEW(H) 4-3,Man Utd,20419,Jonny,1,90,33,19,1,0,0,26 Dec 15:00,0,0,58,5,Defender,0,1
0,6890,Evans J,0,0,WBA(H) 2-0,Man Utd,20420,Jonny,0,90,27,20,2,1,0,29 Dec 15:00,0,0,58,8,Defender,0,0
0,6110,Evans J,0,0,WIG(A) 4-0,Man Utd,20421,Jonny,0,90,26,21,0,1,0,01 Jan 15:00,0,0,58,6,Defender,0,0
0,12453,Evans J,0,0,LIV(H) 2-1,Man Utd,20422,Jonny,0,0,0,22,0,0,0,13 Jan 13:30,0,0,58,0,Defender,0,0
0,-16111,Evans J,0,0,TOT(A) 1-1,Man Utd,20423,Jonny,0,0,0,23,0,0,0,20 Jan 16:00,0,0,58,0,Defender,0,0
0,-10692,Evans J,0,0,SOU(H) 2-1,Man Utd,20424,Jonny,0,0,0,24,0,0,0,30 Jan 20:00,0,0,57,0,Defender,0,0
0,-3083,Evans J,0,0,FUL(A) 1-0,Man Utd,20425,Jonny,0,90,23,25,1,1,1,02 Feb 17:30,0,0,56,10,Defender,0,0
0,4176,Evans J,0,0,EVE(H) 2-0,Man Utd,20426,Jonny,0,80,24,26,0,1,0,10 Feb 16:00,0,0,56,6,Defender,0,0
0,21617,Evans J,0,0,QPR(A) 2-0,Man Utd,20427,Jonny,0,0,0,27,0,0,0,23 Feb 15:00,0,0,56,0,Defender,0,0
0,798,Evans J,0,0,NOR(H) 4-0,Man Utd,20428,Jonny,0,90,16,28,0,1,0,02 Mar 15:00,0,0,56,6,Defender,0,0
0,4637,Evans J,0,0,RDG(H) 1-0,Man Utd,20430,Jonny,0,0,0,30,0,0,0,16 Mar 17:30,0,0,56,0,Defender,0,0
0,-2614,Evans J,0,0,SUN(A) 1-0,Man Utd,20431,Jonny,0,59,10,31,0,0,0,30 Mar 12:45,0,0,56,1,Defender,0,0
0,-5923,Evans J,0,0,MCI(H) 1-2,Man Utd,20432,Jonny,0,0,0,32,0,0,0,08 Apr 20:00,0,0,56,0,Defender,0,0
0,-4087,Evans J,0,0,WHU(A) 2-2,Man Utd,20433,Jonny,0,0,0,33,0,0,0,17 Apr 19:45,0,0,55,0,Defender,0,0
0,-1914,Evans J,0,0,AVL(H) 3-0,Man Utd,20434,Jonny,0,90,12,34,0,1,0,22 Apr 20:00,0,0,54,6,Defender,0,0
1,-896,Evans J,1,0,ARS(A) 1-1,Man Utd,20435,Jonny,0,90,17,35,2,0,0,28 Apr 16:00,0,0,53,3,Defender,0,0
0,-916,Evans J,1,0,CHE(H) 0-1,Man Utd,20436,Jonny,0,90,4,36,0,0,0,05 May 16:00,0,0,53,2,Defender,0,0
0,4220,Evans J,0,0,SWA(H) 2-1,Man Utd,20437,Jonny,0,0,0,37,0,0,0,12 May 16:00,0,0,53,0,Defender,0,0
0,700,Evans J,4,0,WBA(A) 5-5,Man Utd,20438,Jonny,0,82,12,38,0,0,0,19 May 16:00,0,0,53,0,Defender,0,0
0,0,Lingard,0,0,EVE(A) 0-1,Man Utd,2151,Jesse,0,0,0,1,0,0,0,20 Aug 20:00,0,0,45,0,Midfielder,0,0
0,-100,Lingard,0,0,FUL(H) 3-2,Man Utd,2152,Jesse,0,0,0,2,0,0,0,25 Aug 15:00,0,0,45,0,Midfielder,0,0
0,-26,Lingard,0,0,SOU(A) 3-2,Man Utd,2153,Jesse,0,0,0,3,0,0,0,02 Sep 16:00,0,0,44,0,Midfielder,0,0
0,-65,Lingard,0,0,WIG(H) 4-0,Man Utd,2154,Jesse,0,0,0,4,0,0,0,15 Sep 15:00,0,0,44,0,Midfielder,0,0
0,-29,Lingard,0,0,LIV(A) 2-1,Man Utd,2155,Jesse,0,0,0,5,0,0,0,23 Sep 13:30,0,0,44,0,Midfielder,0,0
0,-6,Lingard,0,0,TOT(H) 2-3,Man Utd,2156,Jesse,0,0,0,6,0,0,0,29 Sep 17:30,0,0,43,0,Midfielder,0,0
0,57,Lingard,0,0,NEW(A) 3-0,Man Utd,2157,Jesse,0,0,0,7,0,0,0,07 Oct 16:00,0,0,43,0,Midfielder,0,0
0,12,Lingard,0,0,STK(H) 4-2,Man Utd,2158,Jesse,0,0,0,8,0,0,0,20 Oct 15:00,0,0,43,0,Midfielder,0,0
0,-2,Lingard,0,0,CHE(A) 3-2,Man Utd,2159,Jesse,0,0,0,9,0,0,0,28 Oct 16:00,0,0,43,0,Midfielder,0,0
0,-10,Lingard,0,0,ARS(H) 2-1,Man Utd,21510,Jesse,0,0,0,10,0,0,0,03 Nov 12:45,0,0,43,0,Midfielder,0,0
0,-18,Lingard,0,0,AVL(A) 3-2,Man Utd,21511,Jesse,0,0,0,11,0,0,0,10 Nov 17:30,0,0,43,0,Midfielder,0,0
0,-33,Lingard,0,0,NOR(A) 0-1,Man Utd,21512,Jesse,0,0,0,12,0,0,0,17 Nov 17:30,0,0,43,0,Midfielder,0,0
0,-27,Lingard,0,0,QPR(H) 3-1,Man Utd,21513,Jesse,0,0,0,13,0,0,0,24 Nov 15:00,0,0,43,0,Midfielder,0,0
0,-4,Lingard,0,0,WHU(H) 1-0,Man Utd,21514,Jesse,0,0,0,14,0,0,0,28 Nov 20:00,0,0,43,0,Midfielder,0,0
0,-17,Lingard,0,0,RDG(A) 4-3,Man Utd,21515,Jesse,0,0,0,15,0,0,0,01 Dec 17:30,0,0,43,0,Midfielder,0,0
0,-18,Lingard,0,0,MCI(A) 3-2,Man Utd,21516,Jesse,0,0,0,16,0,0,0,09 Dec 13:30,0,0,43,0,Midfielder,0,0
0,-24,Lingard,0,0,SUN(H) 3-1,Man Utd,21517,Jesse,0,0,0,17,0,0,0,15 Dec 15:00,0,0,43,0,Midfielder,0,0
0,-9,Lingard,0,0,SWA(A) 1-1,Man Utd,21518,Jesse,0,0,0,18,0,0,0,23 Dec 13:30,0,0,43,0,Midfielder,0,0
0,-8,Lingard,0,0,NEW(H) 4-3,Man Utd,21519,Jesse,0,0,0,19,0,0,0,26 Dec 15:00,0,0,43,0,Midfielder,0,0
0,-8,Lingard,0,0,WBA(H) 2-0,Man Utd,21520,Jesse,0,0,0,20,0,0,0,29 Dec 15:00,0,0,43,0,Midfielder,0,0
0,-8,Lingard,0,0,WIG(A) 4-0,Man Utd,21521,Jesse,0,0,0,21,0,0,0,01 Jan 15:00,0,0,43,0,Midfielder,0,0
0,-13,Lingard,0,0,LIV(H) 2-1,Man Utd,21522,Jesse,0,0,0,22,0,0,0,13 Jan 13:30,0,0,43,0,Midfielder,0,0
0,-7,Lingard,0,0,TOT(A) 1-1,Man Utd,21523,Jesse,0,0,0,23,0,0,0,20 Jan 16:00,0,0,43,0,Midfielder,0,0
0,6,Lingard,0,0,SOU(H) 2-1,Man Utd,21524,Jesse,0,0,0,24,0,0,0,30 Jan 20:00,0,0,43,0,Midfielder,0,0
0,3,Lingard,0,0,FUL(A) 1-0,Man Utd,21525,Jesse,0,0,0,25,0,0,0,02 Feb 17:30,0,0,43,0,Midfielder,0,0
0,1,Lingard,0,0,EVE(H) 2-0,Man Utd,21526,Jesse,0,0,0,26,0,0,0,10 Feb 16:00,0,0,43,0,Midfielder,0,0
0,-3,Lingard,0,0,QPR(A) 2-0,Man Utd,21527,Jesse,0,0,0,27,0,0,0,23 Feb 15:00,0,0,43,0,Midfielder,0,0
0,-5,Lingard,0,0,NOR(H) 4-0,Man Utd,21528,Jesse,0,0,0,28,0,0,0,02 Mar 15:00,0,0,43,0,Midfielder,0,0
0,-1,Lingard,0,0,RDG(H) 1-0,Man Utd,21530,Jesse,0,0,0,30,0,0,0,16 Mar 17:30,0,0,43,0,Midfielder,0,0
0,-1,Lingard,0,0,SUN(A) 1-0,Man Utd,21531,Jesse,0,0,0,31,0,0,0,30 Mar 12:45,0,0,43,0,Midfielder,0,0
0,-1,Lingard,0,0,MCI(H) 1-2,Man Utd,21532,Jesse,0,0,0,32,0,0,0,08 Apr 20:00,0,0,43,0,Midfielder,0,0
0,2,Lingard,0,0,WHU(A) 2-2,Man Utd,21533,Jesse,0,0,0,33,0,0,0,17 Apr 19:45,0,0,43,0,Midfielder,0,0
0,3,Lingard,0,0,AVL(H) 3-0,Man Utd,21534,Jesse,0,0,0,34,0,0,0,22 Apr 20:00,0,0,43,0,Midfielder,0,0
0,13,Lingard,0,0,ARS(A) 1-1,Man Utd,21535,Jesse,0,0,0,35,0,0,0,28 Apr 16:00,0,0,43,0,Midfielder,0,0
0,3,Lingard,0,0,CHE(H) 0-1,Man Utd,21536,Jesse,0,0,0,36,0,0,0,05 May 16:00,0,0,43,0,Midfielder,0,0
0,0,Lingard,0,0,SWA(H) 2-1,Man Utd,21537,Jesse,0,0,0,37,0,0,0,12 May 16:00,0,0,43,0,Midfielder,0,0
0,2,Lingard,0,0,WBA(A) 5-5,Man Utd,21538,Jesse,0,0,0,38,0,0,0,19 May 16:00,0,0,43,0,Midfielder,0,0
0,0,Hernandez,0,0,EVE(A) 0-1,Man Utd,2201,Javier,0,0,0,1,0,0,0,20 Aug 20:00,0,0,80,0,Forward,0,0
0,-6319,Hernandez,0,0,FUL(H) 3-2,Man Utd,2202,Javier,0,0,0,2,0,0,0,25 Aug 15:00,0,0,79,0,Forward,0,0
0,-5111,Hernandez,0,0,SOU(A) 3-2,Man Utd,2203,Javier,0,20,-5,3,0,0,0,02 Sep 16:00,0,0,78,1,Forward,0,0
0,-2657,Hernandez,0,0,WIG(H) 4-0,Man Utd,2204,Javier,0,90,38,4,2,1,1,15 Sep 15:00,0,1,77,9,Forward,0,1
0,-100,Hernandez,0,0,LIV(A) 2-1,Man Utd,2205,Javier,0,10,6,5,0,0,0,23 Sep 13:30,0,0,77,1,Forward,0,0
0,-1228,Hernandez,0,0,TOT(H) 2-3,Man Utd,2206,Javier,0,1,0,6,0,0,0,29 Sep 17:30,0,0,77,1,Forward,0,0
0,-1248,Hernandez,0,0,NEW(A) 3-0,Man Utd,2207,Javier,0,0,0,7,0,0,0,07 Oct 16:00,0,0,76,0,Forward,0,0
0,-946,Hernandez,0,0,STK(H) 4-2,Man Utd,2208,Javier,0,13,2,8,0,0,0,20 Oct 15:00,0,0,76,1,Forward,0,0
0,-105,Hernandez,0,0,CHE(A) 3-2,Man Utd,2209,Javier,0,26,20,9,0,0,0,28 Oct 16:00,0,0,75,5,Forward,0,1
0,1753,Hernandez,0,0,ARS(H) 2-1,Man Utd,22010,Javier,0,0,0,10,0,0,0,03 Nov 12:45,0,0,75,0,Forward,0,0
0,475,Hernandez,1,0,AVL(A) 3-2,Man Utd,22011,Javier,0,45,46,11,3,0,1,10 Nov 17:30,0,0,75,15,Forward,0,2
0,82276,Hernandez,1,0,NOR(A) 0-1,Man Utd,22012,Javier,0,68,3,12,0,0,0,17 Nov 17:30,0,0,77,2,Forward,0,0
0,-22052,Hernandez,0,0,QPR(H) 3-1,Man Utd,22013,Javier,0,32,21,13,0,0,0,24 Nov 15:00,0,0,77,5,Forward,0,1
0,2850,Hernandez,0,0,WHU(H) 1-0,Man Utd,22014,Javier,0,90,16,14,0,1,0,28 Nov 20:00,0,0,76,2,Forward,0,0
0,-4252,Hernandez,0,0,RDG(A) 4-3,Man Utd,22015,Javier,0,0,0,15,0,0,0,01 Dec 17:30,0,0,76,0,Forward,0,0
0,-20487,Hernandez,0,0,MCI(A) 3-2,Man Utd,22016,Javier,0,0,0,16,0,0,0,09 Dec 13:30,0,0,74,0,Forward,0,0
0,-13205,Hernandez,0,0,SUN(H) 3-1,Man Utd,22017,Javier,0,0,0,17,0,0,0,15 Dec 15:00,0,0,72,0,Forward,0,0
0,-10491,Hernandez,0,0,SWA(A) 1-1,Man Utd,22018,Javier,0,30,2,18,0,0,0,23 Dec 13:30,0,0,70,1,Forward,0,0
1,-1596,Hernandez,3,0,NEW(H) 4-3,Man Utd,22019,Javier,0,90,38,19,2,0,1,26 Dec 15:00,0,0,69,10,Forward,0,1
0,56090,Hernandez,0,0,WBA(H) 2-0,Man Utd,22020,Javier,0,0,0,20,0,0,0,29 Dec 15:00,0,0,70,0,Forward,0,0
0,-9123,Hernandez,0,0,WIG(A) 4-0,Man Utd,22021,Javier,0,90,49,21,2,1,1,01 Jan 15:00,0,0,70,15,Forward,0,2
0,9102,Hernandez,0,0,LIV(H) 2-1,Man Utd,22022,Javier,0,0,0,22,0,0,0,13 Jan 13:30,0,0,70,0,Forward,0,0
0,-28755,Hernandez,0,0,TOT(A) 1-1,Man Utd,22023,Javier,0,0,0,23,0,0,0,20 Jan 16:00,0,0,70,0,Forward,0,0
0,-12387,Hernandez,0,0,SOU(H) 2-1,Man Utd,22024,Javier,0,0,0,24,0,0,0,30 Jan 20:00,0,0,68,0,Forward,0,0
0,-8600,Hernandez,0,0,FUL(A) 1-0,Man Utd,22025,Javier,0,25,4,25,0,0,0,02 Feb 17:30,0,0,67,1,Forward,0,0
0,-3805,Hernandez,0,0,EVE(H) 2-0,Man Utd,22026,Javier,0,0,0,26,0,0,0,10 Feb 16:00,0,0,67,0,Forward,0,0
0,5656,Hernandez,0,0,QPR(A) 2-0,Man Utd,22027,Javier,0,60,20,27,0,1,0,23 Feb 15:00,0,0,66,2,Forward,0,0
0,12330,Hernandez,0,0,NOR(H) 4-0,Man Utd,22028,Javier,0,0,0,28,0,0,0,02 Mar 15:00,0,0,66,0,Forward,0,0
0,-1979,Hernandez,0,0,RDG(H) 1-0,Man Utd,22030,Javier,0,0,0,30,0,0,0,16 Mar 17:30,0,0,66,0,Forward,0,0
0,-1581,Hernandez,0,0,SUN(A) 1-0,Man Utd,22031,Javier,0,0,0,31,0,0,0,30 Mar 12:45,0,0,66,0,Forward,0,0
0,-1955,Hernandez,0,0,MCI(H) 1-2,Man Utd,22032,Javier,0,6,0,32,0,0,0,08 Apr 20:00,0,0,65,1,Forward,0,0
0,3427,Hernandez,0,0,WHU(A) 2-2,Man Utd,22033,Javier,0,12,1,33,0,0,0,17 Apr 19:45,0,0,65,1,Forward,0,0
0,-1101,Hernandez,0,0,AVL(H) 3-0,Man Utd,22034,Javier,0,0,0,34,0,0,0,22 Apr 20:00,0,0,65,0,Forward,0,0
0,-874,Hernandez,0,0,ARS(A) 1-1,Man Utd,22035,Javier,0,3,0,35,0,0,0,28 Apr 16:00,0,0,65,1,Forward,0,0
0,-1719,Hernandez,0,0,CHE(H) 0-1,Man Utd,22036,Javier,0,1,0,36,0,0,0,05 May 16:00,0,0,65,1,Forward,0,0
0,949,Hernandez,1,0,SWA(H) 2-1,Man Utd,22037,Javier,0,75,15,37,0,0,0,12 May 16:00,0,0,65,6,Forward,0,1
0,8647,Hernandez,5,0,WBA(A) 5-5,Man Utd,22038,Javier,0,90,14,38,0,0,1,19 May 16:00,0,0,65,9,Forward,0,1
0,0,Perch,1,0,TOT(H) 2-1,Newcastle,2281,James,0,90,17,1,0,0,0,18 Aug 17:30,0,0,45,2,Defender,0,0
0,1009,Perch,0,0,CHE(A) 0-2,Newcastle,2282,James,0,14,1,2,0,0,0,25 Aug 17:30,0,0,45,1,Defender,0,0
0,-124,Perch,0,0,AVL(H) 1-1,Newcastle,2283,James,0,0,0,3,0,0,0,02 Sep 16:00,0,0,45,0,Defender,0,0
1,-1290,Perch,2,0,EVE(A) 2-2,Newcastle,2284,James,0,90,6,4,0,0,0,17 Sep 20:00,0,0,45,0,Defender,0,0
0,442,Perch,0,0,NOR(H) 1-0,Newcastle,2285,James,0,90,12,5,0,1,0,23 Sep 15:00,0,0,45,6,Defender,0,0
1,794,Perch,2,0,RDG(A) 2-2,Newcastle,2286,James,0,90,12,6,0,0,0,29 Sep 15:00,0,0,45,0,Defender,0,0
1,25,Perch,3,0,MUN(H) 0-3,Newcastle,2287,James,0,90,1,7,0,0,0,07 Oct 16:00,0,0,45,0,Defender,0,0
0,-60,Perch,1,0,SUN(A) 1-1,Newcastle,2288,James,0,53,7,8,0,0,0,21 Oct 13:30,0,0,45,1,Defender,0,0
1,-156,Perch,1,0,WBA(H) 2-1,Newcastle,2289,James,0,90,12,9,0,0,0,28 Oct 15:00,0,0,45,1,Defender,0,0
0,-213,Perch,0,0,LIV(A) 1-1,Newcastle,22810,James,0,25,1,10,0,0,0,04 Nov 16:00,0,0,45,1,Defender,0,0
0,-791,Perch,0,0,WHU(H) 0-1,Newcastle,22811,James,0,0,0,11,0,0,0,11 Nov 15:00,0,0,45,0,Defender,0,0
0,-928,Perch,0,0,SWA(H) 1-2,Newcastle,22812,James,0,0,0,12,0,0,0,17 Nov 15:00,0,0,45,0,Defender,0,0
0,-610,Perch,0,0,SOU(A) 0-2,Newcastle,22813,James,0,1,0,13,0,0,0,25 Nov 15:00,0,0,44,1,Defender,0,0
0,-130,Perch,2,0,STK(A) 1-2,Newcastle,22814,James,0,90,-2,14,0,0,0,28 Nov 19:45,0,0,44,1,Defender,0,0
0,-295,Perch,0,0,WIG(H) 3-0,Newcastle,22815,James,0,0,0,15,0,0,0,03 Dec 20:00,0,0,44,0,Defender,0,0
0,-171,Perch,0,0,FUL(A) 1-2,Newcastle,22816,James,0,0,0,16,0,0,0,10 Dec 20:00,0,0,44,0,Defender,0,0
1,-121,Perch,3,0,MCI(H) 1-3,Newcastle,22817,James,0,90,4,17,0,0,0,15 Dec 12:45,0,0,44,0,Defender,0,0
1,-79,Perch,0,0,QPR(H) 1-0,Newcastle,22818,James,0,90,13,18,0,1,0,22 Dec 15:00,0,0,44,5,Defender,0,0
0,-24,Perch,4,0,MUN(A) 3-4,Newcastle,22819,James,0,90,23,19,0,0,0,26 Dec 15:00,0,0,44,6,Defender,0,1
0,577,Perch,7,0,ARS(A) 3-7,Newcastle,22820,James,0,90,11,20,0,0,0,29 Dec 17:30,0,0,44,-1,Defender,0,0
0,223,Perch,2,0,EVE(H) 1-2,Newcastle,22821,James,0,86,0,21,0,0,0,02 Jan 20:00,0,0,44,1,Defender,0,0
0,-178,Perch,0,0,NOR(A) 0-0,Newcastle,22822,James,0,90,9,22,0,1,0,12 Jan 15:00,0,0,44,6,Defender,0,0
0,626,Perch,2,0,RDG(H) 1-2,Newcastle,22823,James,0,26,2,23,0,0,0,19 Jan 15:00,0,0,44,0,Defender,0,0
0,-276,Perch,1,0,AVL(A) 2-1,Newcastle,22824,James,0,68,11,24,0,0,0,29 Jan 19:45,0,0,44,2,Defender,0,0
1,-100,Perch,2,0,CHE(H) 3-2,Newcastle,22825,James,0,90,18,25,0,0,0,02 Feb 15:00,0,0,44,0,Defender,0,0
0,-17,Perch,2,0,TOT(A) 1-2,Newcastle,22826,James,0,81,-2,26,0,0,0,09 Feb 12:45,0,0,44,1,Defender,0,0
0,767,Perch,0,0,SOU(H) 4-2,Newcastle,22827,James,0,14,2,27,0,0,0,24 Feb 13:30,0,0,44,1,Defender,0,0
0,-103,Perch,0,0,SWA(A) 0-1,Newcastle,22828,James,0,0,0,28,0,0,0,02 Mar 15:00,0,0,44,0,Defender,0,0
0,207,Perch,0,0,STK(H) 2-1,Newcastle,22829,James,0,0,0,29,0,0,0,10 Mar 15:00,0,0,44,0,Defender,0,0
1,-274,Perch,1,0,WIG(A) 1-2,Newcastle,22830,James,0,64,3,30,0,0,0,17 Mar 16:00,0,0,44,1,Defender,0,0
0,-167,Perch,2,0,MCI(A) 0-4,Newcastle,22831,James,1,45,2,31,0,0,0,30 Mar 15:00,0,0,44,-2,Defender,0,0
0,-76,Perch,0,0,FUL(H) 1-0,Newcastle,22832,James,0,0,0,32,0,0,0,07 Apr 15:00,0,0,44,0,Defender,0,0
0,-164,Perch,0,0,SUN(H) 0-3,Newcastle,22833,James,0,0,0,33,0,0,0,14 Apr 12:00,0,0,44,0,Defender,0,0
0,-135,Perch,1,0,WBA(A) 1-1,Newcastle,22834,James,0,90,6,34,0,0,0,20 Apr 15:00,0,0,44,2,Defender,0,0
0,-69,Perch,2,0,LIV(H) 0-6,Newcastle,22835,James,0,45,3,35,0,0,0,27 Apr 17:30,0,0,44,0,Defender,0,0
0,-117,Perch,0,0,WHU(A) 0-0,Newcastle,22836,James,0,0,0,36,0,0,0,04 May 15:00,0,0,44,0,Defender,0,0
0,-37,Perch,0,0,QPR(A) 2-1,Newcastle,22837,James,0,39,6,37,0,0,0,12 May 15:00,0,0,44,1,Defender,0,0
0,-29,Perch,0,0,ARS(H) 0-1,Newcastle,22838,James,0,0,0,38,0,0,0,19 May 16:00,0,0,44,0,Defender,0,0
0,0,Tavernier,0,0,TOT(H) 2-1,Newcastle,2351,James,0,0,0,1,0,0,0,18 Aug 17:30,0,0,40,0,Defender,0,0
0,-203,Tavernier,0,0,CHE(A) 0-2,Newcastle,2352,James,0,0,0,2,0,0,0,25 Aug 17:30,0,0,40,0,Defender,0,0
0,-288,Tavernier,0,0,AVL(H) 1-1,Newcastle,2353,James,0,0,0,3,0,0,0,02 Sep 16:00,0,0,40,0,Defender,0,0
0,-202,Tavernier,0,0,EVE(A) 2-2,Newcastle,2354,James,0,0,0,4,0,0,0,17 Sep 20:00,0,0,40,0,Defender,0,0
0,-121,Tavernier,0,0,NOR(H) 1-0,Newcastle,2355,James,0,0,0,5,0,0,0,23 Sep 15:00,0,0,40,0,Defender,0,0
0,-8,Tavernier,2,0,RDG(A) 2-2,Newcastle,2356,James,0,35,2,6,0,0,0,29 Sep 15:00,0,0,39,0,Defender,0,0
0,199,Tavernier,0,0,MUN(H) 0-3,Newcastle,2357,James,0,0,0,7,0,0,0,07 Oct 16:00,0,0,39,0,Defender,0,0
0,175,Tavernier,0,0,SUN(A) 1-1,Newcastle,2358,James,0,0,0,8,0,0,0,21 Oct 13:30,0,0,39,0,Defender,0,0
0,2,Tavernier,0,0,WBA(H) 2-1,Newcastle,2359,James,0,0,0,9,0,0,0,28 Oct 15:00,0,0,39,0,Defender,0,0
0,-14,Tavernier,0,0,LIV(A) 1-1,Newcastle,23510,James,0,0,0,10,0,0,0,04 Nov 16:00,0,0,39,0,Defender,0,0
0,-1,Tavernier,0,0,WHU(H) 0-1,Newcastle,23511,James,0,0,0,11,0,0,0,11 Nov 15:00,0,0,39,0,Defender,0,0
0,-30,Tavernier,0,0,SWA(H) 1-2,Newcastle,23512,James,0,0,0,12,0,0,0,17 Nov 15:00,0,0,39,0,Defender,0,0
0,-37,Tavernier,0,0,SOU(A) 0-2,Newcastle,23513,James,0,0,0,13,0,0,0,25 Nov 15:00,0,0,39,0,Defender,0,0
0,-35,Tavernier,0,0,STK(A) 1-2,Newcastle,23514,James,0,0,0,14,0,0,0,28 Nov 19:45,0,0,39,0,Defender,0,0
0,-28,Tavernier,0,0,WIG(H) 3-0,Newcastle,23515,James,0,0,0,15,0,0,0,03 Dec 20:00,0,0,39,0,Defender,0,0
0,-40,Tavernier,0,0,FUL(A) 1-2,Newcastle,23516,James,0,0,0,16,0,0,0,10 Dec 20:00,0,0,39,0,Defender,0,0
0,-53,Tavernier,0,0,MCI(H) 1-3,Newcastle,23517,James,0,0,0,17,0,0,0,15 Dec 12:45,0,0,39,0,Defender,0,0
0,9,Tavernier,0,0,QPR(H) 1-0,Newcastle,23518,James,0,0,0,18,0,0,0,22 Dec 15:00,0,0,39,0,Defender,0,0
0,0,Tavernier,0,0,MUN(A) 3-4,Newcastle,23519,James,0,0,0,19,0,0,0,26 Dec 15:00,0,0,39,0,Defender,0,0
0,-38,Tavernier,1,0,ARS(A) 3-7,Newcastle,23520,James,0,3,0,20,0,0,0,29 Dec 17:30,0,0,39,1,Defender,0,0
0,-15,Tavernier,0,0,EVE(H) 1-2,Newcastle,23521,James,0,0,0,21,0,0,0,02 Jan 20:00,0,0,39,0,Defender,0,0
0,-82,Tavernier,0,0,NOR(A) 0-0,Newcastle,23522,James,0,0,0,22,0,0,0,12 Jan 15:00,0,0,39,0,Defender,0,0
0,-14,Tavernier,0,0,RDG(H) 1-2,Newcastle,23523,James,0,0,0,23,0,0,0,19 Jan 15:00,0,0,39,0,Defender,0,0
0,-61,Tavernier,0,0,AVL(A) 2-1,Newcastle,23524,James,0,0,0,24,0,0,0,29 Jan 19:45,0,0,39,0,Defender,0,0
0,-22,Tavernier,0,0,CHE(H) 3-2,Newcastle,23525,James,0,0,0,25,0,0,0,02 Feb 15:00,0,0,39,0,Defender,0,0
0,10,Tavernier,0,0,TOT(A) 1-2,Newcastle,23526,James,0,0,0,26,0,0,0,09 Feb 12:45,0,0,39,0,Defender,0,0
0,11,Tavernier,0,0,SOU(H) 4-2,Newcastle,23527,James,0,0,0,27,0,0,0,24 Feb 13:30,0,0,39,0,Defender,0,0
0,-19,Tavernier,0,0,SWA(A) 0-1,Newcastle,23528,James,0,0,0,28,0,0,0,02 Mar 15:00,0,0,39,0,Defender,0,0
0,-2,Tavernier,0,0,STK(H) 2-1,Newcastle,23529,James,0,0,0,29,0,0,0,10 Mar 15:00,0,0,39,0,Defender,0,0
0,4,Tavernier,0,0,WIG(A) 1-2,Newcastle,23530,James,0,0,0,30,0,0,0,17 Mar 16:00,0,0,39,0,Defender,0,0
0,-10,Tavernier,0,0,MCI(A) 0-4,Newcastle,23531,James,0,0,0,31,0,0,0,30 Mar 15:00,0,0,39,0,Defender,0,0
0,-4,Tavernier,0,0,FUL(H) 1-0,Newcastle,23532,James,0,0,0,32,0,0,0,07 Apr 15:00,0,0,39,0,Defender,0,0
0,-10,Tavernier,0,0,SUN(H) 0-3,Newcastle,23533,James,0,0,0,33,0,0,0,14 Apr 12:00,0,0,39,0,Defender,0,0
0,-2,Tavernier,0,0,WBA(A) 1-1,Newcastle,23534,James,0,0,0,34,0,0,0,20 Apr 15:00,0,0,39,0,Defender,0,0
0,-16,Tavernier,0,0,LIV(H) 0-6,Newcastle,23535,James,0,0,0,35,0,0,0,27 Apr 17:30,0,0,39,0,Defender,0,0
0,4,Tavernier,0,0,WHU(A) 0-0,Newcastle,23536,James,0,0,0,36,0,0,0,04 May 15:00,0,0,39,0,Defender,0,0
0,2,Tavernier,0,0,QPR(A) 2-1,Newcastle,23537,James,0,0,0,37,0,0,0,12 May 15:00,0,0,39,0,Defender,0,0
0,8,Tavernier,0,0,ARS(H) 0-1,Newcastle,23538,James,0,0,0,38,0,0,0,19 May 16:00,0,0,39,0,Defender,0,0
0,0,Gutierrez,1,0,TOT(H) 2-1,Newcastle,2411,Jonas,0,90,22,1,1,0,0,18 Aug 17:30,0,0,60,3,Midfielder,0,0
0,-7049,Gutierrez,2,0,CHE(A) 0-2,Newcastle,2412,Jonas,0,90,1,2,0,0,0,25 Aug 17:30,0,0,60,2,Midfielder,0,0
1,-9704,Gutierrez,1,0,AVL(H) 1-1,Newcastle,2413,Jonas,0,85,8,3,0,0,0,02 Sep 16:00,0,0,60,1,Midfielder,0,0
0,-11435,Gutierrez,2,0,EVE(A) 2-2,Newcastle,2414,Jonas,0,90,7,4,0,0,0,17 Sep 20:00,0,0,59,2,Midfielder,0,0
0,-4954,Gutierrez,0,0,NOR(H) 1-0,Newcastle,2415,Jonas,0,90,18,5,0,1,0,23 Sep 15:00,0,0,59,3,Midfielder,0,0
1,-4248,Gutierrez,2,0,RDG(A) 2-2,Newcastle,2416,Jonas,0,90,3,6,0,0,0,29 Sep 15:00,0,0,58,1,Midfielder,0,0
1,-5152,Gutierrez,3,0,MUN(H) 0-3,Newcastle,2417,Jonas,0,90,-3,7,0,0,0,07 Oct 16:00,0,0,58,1,Midfielder,0,0
0,-4066,Gutierrez,1,0,SUN(A) 1-1,Newcastle,2418,Jonas,0,90,12,8,0,0,0,21 Oct 13:30,0,0,57,2,Midfielder,0,0
1,-1942,Gutierrez,1,0,WBA(H) 2-1,Newcastle,2419,Jonas,0,90,13,9,0,0,0,28 Oct 15:00,0,0,57,1,Midfielder,0,0
0,-2573,Gutierrez,1,0,LIV(A) 1-1,Newcastle,24110,Jonas,0,90,9,10,0,0,0,04 Nov 16:00,0,0,56,2,Midfielder,0,0
0,-1391,Gutierrez,0,0,WHU(H) 0-1,Newcastle,24111,Jonas,0,23,1,11,0,0,0,11 Nov 15:00,0,0,56,1,Midfielder,0,0
0,-4878,Gutierrez,0,0,SWA(H) 1-2,Newcastle,24112,Jonas,0,0,0,12,0,0,0,17 Nov 15:00,0,0,56,0,Midfielder,0,0
0,-4372,Gutierrez,2,0,SOU(A) 0-2,Newcastle,24113,Jonas,0,90,4,13,0,0,0,25 Nov 15:00,0,0,55,2,Midfielder,0,0
0,-698,Gutierrez,2,0,STK(A) 1-2,Newcastle,24114,Jonas,0,90,4,14,0,0,0,28 Nov 19:45,0,0,55,2,Midfielder,0,0
0,-371,Gutierrez,0,0,WIG(H) 3-0,Newcastle,24115,Jonas,0,74,14,15,0,1,0,03 Dec 20:00,0,0,55,3,Midfielder,0,0
0,-1283,Gutierrez,2,0,FUL(A) 1-2,Newcastle,24116,Jonas,0,90,10,16,0,0,0,10 Dec 20:00,0,0,55,2,Midfielder,0,0
0,-987,Gutierrez,3,0,MCI(H) 1-3,Newcastle,24117,Jonas,0,90,5,17,0,0,0,15 Dec 12:45,0,0,55,2,Midfielder,0,0
0,101,Gutierrez,0,0,QPR(H) 1-0,Newcastle,24118,Jonas,0,59,11,18,0,0,0,22 Dec 15:00,0,0,55,1,Midfielder,0,0
0,-652,Gutierrez,0,0,MUN(A) 3-4,Newcastle,24119,Jonas,0,0,0,19,0,0,0,26 Dec 15:00,0,0,55,0,Midfielder,0,0
0,-1642,Gutierrez,0,0,ARS(A) 3-7,Newcastle,24120,Jonas,0,0,0,20,0,0,0,29 Dec 17:30,0,0,55,0,Midfielder,0,0
0,-1150,Gutierrez,0,0,EVE(H) 1-2,Newcastle,24121,Jonas,0,0,0,21,0,0,0,02 Jan 20:00,0,0,55,0,Midfielder,0,0
0,-1852,Gutierrez,0,0,NOR(A) 0-0,Newcastle,24122,Jonas,0,90,4,22,0,1,0,12 Jan 15:00,0,0,55,3,Midfielder,0,0
0,-311,Gutierrez,2,0,RDG(H) 1-2,Newcastle,24123,Jonas,0,90,5,23,0,0,0,19 Jan 15:00,0,0,55,2,Midfielder,0,0
1,-395,Gutierrez,1,0,AVL(A) 2-1,Newcastle,24124,Jonas,0,90,14,24,0,0,1,29 Jan 19:45,0,0,55,4,Midfielder,0,0
0,-96,Gutierrez,2,0,CHE(H) 3-2,Newcastle,24125,Jonas,0,90,33,25,2,0,0,02 Feb 15:00,0,0,55,9,Midfielder,0,1
0,447,Gutierrez,2,0,TOT(A) 1-2,Newcastle,24126,Jonas,0,85,4,26,0,0,0,09 Feb 12:45,0,0,55,2,Midfielder,0,0
0,1914,Gutierrez,2,0,SOU(H) 4-2,Newcastle,24127,Jonas,0,90,8,27,0,0,0,24 Feb 13:30,0,0,55,2,Midfielder,0,0
0,-86,Gutierrez,1,0,SWA(A) 0-1,Newcastle,24128,Jonas,0,89,4,28,0,0,0,02 Mar 15:00,0,0,55,2,Midfielder,0,0
0,1046,Gutierrez,1,0,STK(H) 2-1,Newcastle,24129,Jonas,0,90,9,29,0,0,0,10 Mar 15:00,0,0,55,2,Midfielder,0,0
1,-221,Gutierrez,2,0,WIG(A) 1-2,Newcastle,24130,Jonas,0,90,7,30,0,0,0,17 Mar 16:00,0,0,55,1,Midfielder,0,0
0,-520,Gutierrez,4,0,MCI(A) 0-4,Newcastle,24131,Jonas,0,90,4,31,0,0,0,30 Mar 15:00,0,0,55,2,Midfielder,0,0
0,-120,Gutierrez,0,0,FUL(H) 1-0,Newcastle,24132,Jonas,0,90,17,32,0,1,0,07 Apr 15:00,0,0,55,3,Midfielder,0,0
0,-238,Gutierrez,3,0,SUN(H) 0-3,Newcastle,24133,Jonas,0,90,-4,33,0,0,0,14 Apr 12:00,0,0,55,2,Midfielder,0,0
0,-212,Gutierrez,1,0,WBA(A) 1-1,Newcastle,24134,Jonas,0,90,6,34,0,0,0,20 Apr 15:00,0,0,55,2,Midfielder,0,0
1,-257,Gutierrez,2,0,LIV(H) 0-6,Newcastle,24135,Jonas,0,45,-3,35,0,0,0,27 Apr 17:30,0,0,55,0,Midfielder,0,0
0,-595,Gutierrez,0,0,WHU(A) 0-0,Newcastle,24136,Jonas,0,90,4,36,0,1,0,04 May 15:00,0,0,55,3,Midfielder,0,0
0,203,Gutierrez,1,0,QPR(A) 2-1,Newcastle,24137,Jonas,0,90,11,37,0,0,1,12 May 15:00,0,0,55,5,Midfielder,0,0
1,9,Gutierrez,1,0,ARS(H) 0-1,Newcastle,24138,Jonas,0,90,-1,38,0,0,0,19 May 16:00,0,0,55,1,Midfielder,0,0
0,0,Ruddy,5,4,FUL(A) 0-5,Norwich,2521,John,0,90,7,1,0,0,0,18 Aug 15:00,0,0,45,1,Goalkeeper,0,0
0,-9724,Ruddy,1,1,QPR(H) 1-1,Norwich,2522,John,0,90,7,2,0,0,0,25 Aug 15:00,1,0,45,7,Goalkeeper,0,0
0,6599,Ruddy,1,5,TOT(A) 1-1,Norwich,2523,John,0,90,9,3,0,0,0,01 Sep 15:00,0,0,45,3,Goalkeeper,0,0
0,303,Ruddy,0,2,WHU(H) 0-0,Norwich,2524,John,0,90,12,4,0,1,0,15 Sep 12:45,0,0,45,6,Goalkeeper,0,0
0,3937,Ruddy,1,5,NEW(A) 0-1,Norwich,2525,John,0,90,5,5,0,0,0,23 Sep 15:00,0,0,45,3,Goalkeeper,0,0
0,3413,Ruddy,5,1,LIV(H) 2-5,Norwich,2526,John,0,90,3,6,0,0,0,29 Sep 15:00,0,0,45,0,Goalkeeper,0,0
0,-8185,Ruddy,4,6,CHE(A) 1-4,Norwich,2527,John,0,90,6,7,0,0,0,06 Oct 15:00,0,0,45,2,Goalkeeper,0,0
0,-6633,Ruddy,0,5,ARS(H) 1-0,Norwich,2528,John,0,90,20,8,0,1,0,20 Oct 17:30,0,0,45,7,Goalkeeper,0,0
0,1446,Ruddy,1,3,AVL(A) 1-1,Norwich,2529,John,0,90,9,9,0,0,0,27 Oct 12:45,0,0,45,3,Goalkeeper,0,0
0,5985,Ruddy,0,3,STK(H) 1-0,Norwich,25210,John,0,90,18,10,0,1,0,03 Nov 15:00,0,0,45,7,Goalkeeper,0,0
0,15139,Ruddy,0,2,RDG(A) 0-0,Norwich,25211,John,0,90,10,11,0,1,0,10 Nov 15:00,0,0,45,6,Goalkeeper,0,0
0,17409,Ruddy,0,6,MUN(H) 1-0,Norwich,25212,John,0,90,24,12,2,1,0,17 Nov 17:30,0,0,45,10,Goalkeeper,0,0
0,62775,Ruddy,1,6,EVE(A) 1-1,Norwich,25213,John,0,81,9,13,0,0,0,24 Nov 15:00,0,0,47,4,Goalkeeper,0,0
0,11067,Ruddy,0,0,SOU(A) 1-1,Norwich,25214,John,0,0,0,14,0,0,0,28 Nov 19:45,0,0,47,0,Goalkeeper,0,0
0,-50639,Ruddy,0,0,SUN(H) 2-1,Norwich,25215,John,0,0,0,15,0,0,0,02 Dec 16:00,0,0,48,0,Goalkeeper,0,0
0,-33848,Ruddy,0,0,SWA(A) 4-3,Norwich,25216,John,0,0,0,16,0,0,0,08 Dec 15:00,0,0,47,0,Goalkeeper,0,0
0,-24608,Ruddy,0,0,WIG(H) 2-1,Norwich,25217,John,0,0,0,17,0,0,0,15 Dec 15:00,0,0,47,0,Goalkeeper,0,0
0,-16651,Ruddy,0,0,WBA(A) 1-2,Norwich,25218,John,0,0,0,18,0,0,0,22 Dec 15:00,0,0,47,0,Goalkeeper,0,0
0,-19397,Ruddy,0,0,CHE(H) 0-1,Norwich,25219,John,0,0,0,19,0,0,0,26 Dec 15:00,0,0,47,0,Goalkeeper,0,0
0,-9112,Ruddy,0,0,MCI(H) 3-4,Norwich,25220,John,0,0,0,20,0,0,0,29 Dec 15:00,0,0,46,0,Goalkeeper,0,0
0,-8217,Ruddy,0,0,WHU(A) 1-2,Norwich,25221,John,0,0,0,21,0,0,0,01 Jan 15:00,0,0,46,0,Goalkeeper,0,0
0,-35274,Ruddy,0,0,NEW(H) 0-0,Norwich,25222,John,0,0,0,22,0,0,0,12 Jan 15:00,0,0,46,0,Goalkeeper,0,0
0,-15032,Ruddy,0,0,LIV(A) 0-5,Norwich,25223,John,0,0,0,23,0,0,0,19 Jan 15:00,0,0,46,0,Goalkeeper,0,0
0,-14828,Ruddy,0,0,TOT(H) 1-1,Norwich,25224,John,0,0,0,24,0,0,0,30 Jan 19:45,0,0,46,0,Goalkeeper,0,0
0,-9319,Ruddy,0,0,QPR(A) 0-0,Norwich,25225,John,0,0,0,25,0,0,0,02 Feb 12:45,0,0,46,0,Goalkeeper,0,0
0,-4915,Ruddy,0,0,FUL(H) 0-0,Norwich,25226,John,0,0,0,26,0,0,0,09 Feb 15:00,0,0,45,0,Goalkeeper,0,0
0,-4263,Ruddy,0,0,EVE(H) 2-1,Norwich,25227,John,0,0,0,27,0,0,0,23 Feb 15:00,0,0,45,0,Goalkeeper,0,0
0,-2749,Ruddy,0,0,MUN(A) 0-4,Norwich,25228,John,0,0,0,28,0,0,0,02 Mar 15:00,0,0,45,0,Goalkeeper,0,0
0,-3550,Ruddy,0,0,SOU(H) 0-0,Norwich,25229,John,0,0,0,29,0,0,0,09 Mar 15:00,0,0,45,0,Goalkeeper,0,0
0,-2080,Ruddy,0,0,SUN(A) 1-1,Norwich,25230,John,0,0,0,30,0,0,0,17 Mar 13:30,0,0,45,0,Goalkeeper,0,0
0,-1766,Ruddy,0,0,WIG(A) 0-1,Norwich,25231,John,0,0,0,31,0,0,0,30 Mar 15:00,0,0,45,0,Goalkeeper,0,0
0,-825,Ruddy,0,0,SWA(H) 2-2,Norwich,25232,John,0,0,0,32,0,0,0,06 Apr 15:00,0,0,45,0,Goalkeeper,0,0
0,-1184,Ruddy,0,0,ARS(A) 1-3,Norwich,25233,John,0,0,0,33,0,0,0,13 Apr 15:00,0,0,45,0,Goalkeeper,0,0
0,-442,Ruddy,0,0,RDG(H) 2-1,Norwich,25234,John,0,0,0,34,0,0,0,20 Apr 15:00,0,0,44,0,Goalkeeper,0,0
0,-522,Ruddy,0,0,STK(A) 0-1,Norwich,25235,John,0,0,0,35,0,0,0,27 Apr 15:00,0,0,44,0,Goalkeeper,0,0
0,-361,Ruddy,0,0,AVL(H) 1-2,Norwich,25236,John,0,0,0,36,0,0,0,04 May 15:00,0,0,44,0,Goalkeeper,0,0
0,-50,Ruddy,0,4,WBA(H) 4-0,Norwich,25237,John,0,90,20,37,0,1,0,12 May 15:00,0,0,44,7,Goalkeeper,0,0
0,779,Ruddy,2,1,MCI(A) 3-2,Norwich,25238,John,0,90,13,38,0,0,0,19 May 16:00,0,0,44,1,Goalkeeper,0,0
0,0,Steer,0,0,FUL(A) 0-5,Norwich,2541,Jed,0,0,0,1,0,0,0,18 Aug 15:00,0,0,40,0,Goalkeeper,0,0
0,26,Steer,0,0,QPR(H) 1-1,Norwich,2542,Jed,0,0,0,2,0,0,0,25 Aug 15:00,0,0,40,0,Goalkeeper,0,0
0,6,Steer,0,0,TOT(A) 1-1,Norwich,2543,Jed,0,0,0,3,0,0,0,01 Sep 15:00,0,0,40,0,Goalkeeper,0,0
0,178,Steer,0,0,WHU(H) 0-0,Norwich,2544,Jed,0,0,0,4,0,0,0,15 Sep 12:45,0,0,40,0,Goalkeeper,0,0
0,-51,Steer,0,0,NEW(A) 0-1,Norwich,2545,Jed,0,0,0,5,0,0,0,23 Sep 15:00,0,0,40,0,Goalkeeper,0,0
0,-113,Steer,0,0,LIV(H) 2-5,Norwich,2546,Jed,0,0,0,6,0,0,0,29 Sep 15:00,0,0,40,0,Goalkeeper,0,0
0,-65,Steer,0,0,CHE(A) 1-4,Norwich,2547,Jed,0,0,0,7,0,0,0,06 Oct 15:00,0,0,40,0,Goalkeeper,0,0
0,-32,Steer,0,0,ARS(H) 1-0,Norwich,2548,Jed,0,0,0,8,0,0,0,20 Oct 17:30,0,0,40,0,Goalkeeper,0,0
0,-54,Steer,0,0,AVL(A) 1-1,Norwich,2549,Jed,0,0,0,9,0,0,0,27 Oct 12:45,0,0,40,0,Goalkeeper,0,0
0,-118,Steer,0,0,STK(H) 1-0,Norwich,25410,Jed,0,0,0,10,0,0,0,03 Nov 15:00,0,0,40,0,Goalkeeper,0,0
0,-87,Steer,0,0,RDG(A) 0-0,Norwich,25411,Jed,0,0,0,11,0,0,0,10 Nov 15:00,0,0,40,0,Goalkeeper,0,0
0,-95,Steer,0,0,MUN(H) 1-0,Norwich,25412,Jed,0,0,0,12,0,0,0,17 Nov 17:30,0,0,40,0,Goalkeeper,0,0
0,-84,Steer,0,0,EVE(A) 1-1,Norwich,25413,Jed,0,0,0,13,0,0,0,24 Nov 15:00,0,0,40,0,Goalkeeper,0,0
0,-69,Steer,0,0,SOU(A) 1-1,Norwich,25414,Jed,0,0,0,14,0,0,0,28 Nov 19:45,0,0,40,0,Goalkeeper,0,0
0,-56,Steer,0,0,SUN(H) 2-1,Norwich,25415,Jed,0,0,0,15,0,0,0,02 Dec 16:00,0,0,40,0,Goalkeeper,0,0
0,-64,Steer,0,0,SWA(A) 4-3,Norwich,25416,Jed,0,0,0,16,0,0,0,08 Dec 15:00,0,0,40,0,Goalkeeper,0,0
0,-65,Steer,0,0,WIG(H) 2-1,Norwich,25417,Jed,0,0,0,17,0,0,0,15 Dec 15:00,0,0,40,0,Goalkeeper,0,0
0,-57,Steer,0,0,WBA(A) 1-2,Norwich,25418,Jed,0,0,0,18,0,0,0,22 Dec 15:00,0,0,40,0,Goalkeeper,0,0
0,-63,Steer,0,0,CHE(H) 0-1,Norwich,25419,Jed,0,0,0,19,0,0,0,26 Dec 15:00,0,0,40,0,Goalkeeper,0,0
0,-23,Steer,0,0,MCI(H) 3-4,Norwich,25420,Jed,0,0,0,20,0,0,0,29 Dec 15:00,0,0,40,0,Goalkeeper,0,0
0,-23,Steer,0,0,WHU(A) 1-2,Norwich,25421,Jed,0,0,0,21,0,0,0,01 Jan 15:00,0,0,40,0,Goalkeeper,0,0
0,-272,Steer,0,0,NEW(H) 0-0,Norwich,25422,Jed,0,0,0,22,0,0,0,12 Jan 15:00,0,0,40,0,Goalkeeper,0,0
0,-81,Steer,0,0,LIV(A) 0-5,Norwich,25423,Jed,0,0,0,23,0,0,0,19 Jan 15:00,0,0,40,0,Goalkeeper,0,0
0,721,Steer,0,0,TOT(H) 1-1,Norwich,25424,Jed,0,0,0,24,0,0,0,30 Jan 19:45,0,0,39,0,Goalkeeper,0,0
0,5272,Steer,0,0,QPR(A) 0-0,Norwich,25425,Jed,0,0,0,25,0,0,0,02 Feb 12:45,0,0,39,0,Goalkeeper,0,0
0,4365,Steer,0,0,FUL(H) 0-0,Norwich,25426,Jed,0,0,0,26,0,0,0,09 Feb 15:00,0,0,39,0,Goalkeeper,0,0
0,5238,Steer,0,0,EVE(H) 2-1,Norwich,25427,Jed,0,0,0,27,0,0,0,23 Feb 15:00,0,0,39,0,Goalkeeper,0,0
0,2285,Steer,0,0,MUN(A) 0-4,Norwich,25428,Jed,0,0,0,28,0,0,0,02 Mar 15:00,0,0,39,0,Goalkeeper,0,0
0,1207,Steer,0,0,SOU(H) 0-0,Norwich,25429,Jed,0,0,0,29,0,0,0,09 Mar 15:00,0,0,39,0,Goalkeeper,0,0
0,1226,Steer,0,0,SUN(A) 1-1,Norwich,25430,Jed,0,0,0,30,0,0,0,17 Mar 13:30,0,0,39,0,Goalkeeper,0,0
0,503,Steer,0,0,WIG(A) 0-1,Norwich,25431,Jed,0,0,0,31,0,0,0,30 Mar 15:00,0,0,39,0,Goalkeeper,0,0
0,333,Steer,0,0,SWA(H) 2-2,Norwich,25432,Jed,0,0,0,32,0,0,0,06 Apr 15:00,0,0,39,0,Goalkeeper,0,0
0,110,Steer,0,0,ARS(A) 1-3,Norwich,25433,Jed,0,0,0,33,0,0,0,13 Apr 15:00,0,0,39,0,Goalkeeper,0,0
0,-93,Steer,0,0,RDG(H) 2-1,Norwich,25434,Jed,0,0,0,34,0,0,0,20 Apr 15:00,0,0,39,0,Goalkeeper,0,0
0,88,Steer,0,0,STK(A) 0-1,Norwich,25435,Jed,0,0,0,35,0,0,0,27 Apr 15:00,0,0,39,0,Goalkeeper,0,0
0,52,Steer,0,0,AVL(H) 1-2,Norwich,25436,Jed,0,0,0,36,0,0,0,04 May 15:00,0,0,39,0,Goalkeeper,0,0
0,-33,Steer,0,0,WBA(H) 4-0,Norwich,25437,Jed,0,0,0,37,0,0,0,12 May 15:00,0,0,39,0,Goalkeeper,0,0
0,332,Steer,0,0,MCI(A) 3-2,Norwich,25438,Jed,0,0,0,38,0,0,0,19 May 16:00,0,0,39,0,Goalkeeper,0,0
0,0,Howson,5,0,FUL(A) 0-5,Norwich,2711,Jonathan,0,90,4,1,0,0,0,18 Aug 15:00,0,0,50,2,Midfielder,0,0
0,-257,Howson,1,0,QPR(H) 1-1,Norwich,2712,Jonathan,0,90,13,2,0,0,0,25 Aug 15:00,0,0,50,2,Midfielder,0,0
0,-524,Howson,1,0,TOT(A) 1-1,Norwich,2713,Jonathan,0,90,8,3,0,0,0,01 Sep 15:00,0,0,50,2,Midfielder,0,0
0,-324,Howson,0,0,WHU(H) 0-0,Norwich,2714,Jonathan,0,90,8,4,0,1,0,15 Sep 12:45,0,0,49,3,Midfielder,0,0
1,-237,Howson,1,0,NEW(A) 0-1,Norwich,2715,Jonathan,0,90,10,5,0,0,0,23 Sep 15:00,0,0,49,1,Midfielder,0,0
0,-237,Howson,5,0,LIV(H) 2-5,Norwich,2716,Jonathan,0,90,11,6,0,0,1,29 Sep 15:00,0,0,49,5,Midfielder,0,0
0,-70,Howson,4,0,CHE(A) 1-4,Norwich,2717,Jonathan,0,90,0,7,0,0,0,06 Oct 15:00,0,0,48,2,Midfielder,0,0
0,-90,Howson,0,0,ARS(H) 1-0,Norwich,2718,Jonathan,0,0,0,8,0,0,0,20 Oct 17:30,0,0,48,0,Midfielder,0,0
0,-202,Howson,0,0,AVL(A) 1-1,Norwich,2719,Jonathan,0,0,0,9,0,0,0,27 Oct 12:45,0,0,48,0,Midfielder,0,0
0,-194,Howson,0,0,STK(H) 1-0,Norwich,27110,Jonathan,0,0,0,10,0,0,0,03 Nov 15:00,0,0,47,0,Midfielder,0,0
0,-154,Howson,0,0,RDG(A) 0-0,Norwich,27111,Jonathan,0,0,0,11,0,0,0,10 Nov 15:00,0,0,47,0,Midfielder,0,0
0,-153,Howson,0,0,MUN(H) 1-0,Norwich,27112,Jonathan,0,8,-3,12,0,0,0,17 Nov 17:30,0,0,46,1,Midfielder,0,0
0,-78,Howson,0,0,EVE(A) 1-1,Norwich,27113,Jonathan,0,0,0,13,0,0,0,24 Nov 15:00,0,0,46,0,Midfielder,0,0
0,-76,Howson,0,0,SOU(A) 1-1,Norwich,27114,Jonathan,0,1,0,14,0,0,0,28 Nov 19:45,0,0,46,1,Midfielder,0,0
0,-69,Howson,0,0,SUN(H) 2-1,Norwich,27115,Jonathan,0,3,0,15,0,0,0,02 Dec 16:00,0,0,46,1,Midfielder,0,0
0,-83,Howson,3,0,SWA(A) 4-3,Norwich,27116,Jonathan,0,90,10,16,0,0,0,08 Dec 15:00,0,0,45,2,Midfielder,0,0
0,73,Howson,0,0,WIG(H) 2-1,Norwich,27117,Jonathan,0,7,2,17,0,0,0,15 Dec 15:00,0,0,45,1,Midfielder,0,0
0,-28,Howson,1,0,WBA(A) 1-2,Norwich,27118,Jonathan,0,18,2,18,0,0,0,22 Dec 15:00,0,0,45,1,Midfielder,0,0
0,-40,Howson,0,0,CHE(H) 0-1,Norwich,27119,Jonathan,0,9,1,19,0,0,0,26 Dec 15:00,0,0,45,1,Midfielder,0,0
0,-44,Howson,1,0,MCI(H) 3-4,Norwich,27120,Jonathan,0,34,6,20,0,0,0,29 Dec 15:00,0,0,45,1,Midfielder,0,0
0,-21,Howson,2,0,WHU(A) 1-2,Norwich,27121,Jonathan,0,82,3,21,0,0,0,01 Jan 15:00,0,0,45,2,Midfielder,0,0
0,-100,Howson,0,0,NEW(H) 0-0,Norwich,27122,Jonathan,0,0,0,22,0,0,0,12 Jan 15:00,0,0,45,0,Midfielder,0,0
0,-46,Howson,5,0,LIV(A) 0-5,Norwich,27123,Jonathan,0,90,6,23,0,0,0,19 Jan 15:00,0,0,45,2,Midfielder,0,0
0,-6,Howson,0,0,TOT(H) 1-1,Norwich,27124,Jonathan,0,10,1,24,0,0,0,30 Jan 19:45,0,0,45,1,Midfielder,0,0
0,-41,Howson,0,0,QPR(A) 0-0,Norwich,27125,Jonathan,0,0,0,25,0,0,0,02 Feb 12:45,0,0,45,0,Midfielder,0,0
0,-32,Howson,0,0,FUL(H) 0-0,Norwich,27126,Jonathan,0,0,0,26,0,0,0,09 Feb 15:00,0,0,45,0,Midfielder,0,0
0,-33,Howson,1,0,EVE(H) 2-1,Norwich,27127,Jonathan,0,90,5,27,0,0,0,23 Feb 15:00,0,0,45,2,Midfielder,0,0
0,-4,Howson,4,0,MUN(A) 0-4,Norwich,27128,Jonathan,0,90,-1,28,0,0,0,02 Mar 15:00,0,0,45,2,Midfielder,0,0
0,69,Howson,0,0,SOU(H) 0-0,Norwich,27129,Jonathan,0,90,4,29,0,1,0,09 Mar 15:00,0,0,45,3,Midfielder,0,0
0,47,Howson,1,0,SUN(A) 1-1,Norwich,27130,Jonathan,0,90,4,30,0,0,0,17 Mar 13:30,0,0,45,2,Midfielder,0,0
0,16,Howson,1,0,WIG(A) 0-1,Norwich,27131,Jonathan,0,84,9,31,0,0,0,30 Mar 15:00,0,0,45,2,Midfielder,0,0
0,-7,Howson,2,0,SWA(H) 2-2,Norwich,27132,Jonathan,0,80,7,32,0,0,0,06 Apr 15:00,0,0,45,2,Midfielder,0,0
0,-7,Howson,3,0,ARS(A) 1-3,Norwich,27133,Jonathan,0,90,8,33,0,0,0,13 Apr 15:00,0,0,45,2,Midfielder,0,0
0,60,Howson,1,0,RDG(H) 2-1,Norwich,27134,Jonathan,0,90,13,34,0,0,0,20 Apr 15:00,0,0,45,2,Midfielder,0,0
0,-4,Howson,1,0,STK(A) 0-1,Norwich,27135,Jonathan,0,90,4,35,0,0,0,27 Apr 15:00,0,0,45,2,Midfielder,0,0
0,-12,Howson,2,0,AVL(H) 1-2,Norwich,27136,Jonathan,0,90,6,36,0,0,0,04 May 15:00,0,0,45,2,Midfielder,0,0
1,-1,Howson,0,0,WBA(H) 4-0,Norwich,27137,Jonathan,0,90,34,37,3,1,0,12 May 15:00,0,0,45,10,Midfielder,0,1
0,220,Howson,2,0,MCI(A) 3-2,Norwich,27138,Jonathan,0,90,32,38,1,0,0,19 May 16:00,0,0,45,8,Midfielder,0,1
0,0,Butterfield,0,0,FUL(A) 0-5,Norwich,2721,Jacob,0,0,0,1,0,0,0,18 Aug 15:00,0,0,50,0,Midfielder,0,0
0,-57,Butterfield,0,0,QPR(H) 1-1,Norwich,2722,Jacob,0,0,0,2,0,0,0,25 Aug 15:00,0,0,50,0,Midfielder,0,0
0,-64,Butterfield,0,0,TOT(A) 1-1,Norwich,2723,Jacob,0,0,0,3,0,0,0,01 Sep 15:00,0,0,50,0,Midfielder,0,0
0,-38,Butterfield,0,0,WHU(H) 0-0,Norwich,2724,Jacob,0,0,0,4,0,0,0,15 Sep 12:45,0,0,49,0,Midfielder,0,0
0,-15,Butterfield,0,0,NEW(A) 0-1,Norwich,2725,Jacob,0,0,0,5,0,0,0,23 Sep 15:00,0,0,49,0,Midfielder,0,0
0,-2,Butterfield,0,0,LIV(H) 2-5,Norwich,2726,Jacob,0,0,0,6,0,0,0,29 Sep 15:00,0,0,49,0,Midfielder,0,0
0,-12,Butterfield,0,0,CHE(A) 1-4,Norwich,2727,Jacob,0,0,0,7,0,0,0,06 Oct 15:00,0,0,49,0,Midfielder,0,0
0,-6,Butterfield,0,0,ARS(H) 1-0,Norwich,2728,Jacob,0,0,0,8,0,0,0,20 Oct 17:30,0,0,49,0,Midfielder,0,0
0,-10,Butterfield,0,0,AVL(A) 1-1,Norwich,2729,Jacob,0,0,0,9,0,0,0,27 Oct 12:45,0,0,49,0,Midfielder,0,0
0,-6,Butterfield,0,0,STK(H) 1-0,Norwich,27210,Jacob,0,0,0,10,0,0,0,03 Nov 15:00,0,0,49,0,Midfielder,0,0
0,-1,Butterfield,0,0,RDG(A) 0-0,Norwich,27211,Jacob,0,0,0,11,0,0,0,10 Nov 15:00,0,0,49,0,Midfielder,0,0
0,-8,Butterfield,0,0,MUN(H) 1-0,Norwich,27212,Jacob,0,0,0,12,0,0,0,17 Nov 17:30,0,0,49,0,Midfielder,0,0
0,-13,Butterfield,0,0,EVE(A) 1-1,Norwich,27213,Jacob,0,0,0,13,0,0,0,24 Nov 15:00,0,0,49,0,Midfielder,0,0
0,-3,Butterfield,0,0,SOU(A) 1-1,Norwich,27214,Jacob,0,0,0,14,0,0,0,28 Nov 19:45,0,0,49,0,Midfielder,0,0
0,-1,Butterfield,0,0,SUN(H) 2-1,Norwich,27215,Jacob,0,0,0,15,0,0,0,02 Dec 16:00,0,0,49,0,Midfielder,0,0
0,1,Butterfield,0,0,SWA(A) 4-3,Norwich,27216,Jacob,0,0,0,16,0,0,0,08 Dec 15:00,0,0,49,0,Midfielder,0,0
0,0,Butterfield,0,0,WIG(H) 2-1,Norwich,27217,Jacob,0,0,0,17,0,0,0,15 Dec 15:00,0,0,49,0,Midfielder,0,0
0,-3,Butterfield,0,0,WBA(A) 1-2,Norwich,27218,Jacob,0,0,0,18,0,0,0,22 Dec 15:00,0,0,49,0,Midfielder,0,0
0,-4,Butterfield,0,0,CHE(H) 0-1,Norwich,27219,Jacob,0,0,0,19,0,0,0,26 Dec 15:00,0,0,49,0,Midfielder,0,0
0,-1,Butterfield,0,0,MCI(H) 3-4,Norwich,27220,Jacob,0,0,0,20,0,0,0,29 Dec 15:00,0,0,49,0,Midfielder,0,0
0,-1,Butterfield,0,0,WHU(A) 1-2,Norwich,27221,Jacob,0,0,0,21,0,0,0,01 Jan 15:00,0,0,49,0,Midfielder,0,0
0,6,Butterfield,0,0,NEW(H) 0-0,Norwich,27222,Jacob,0,0,0,22,0,0,0,12 Jan 15:00,0,0,49,0,Midfielder,0,0
0,-1,Butterfield,0,0,LIV(A) 0-5,Norwich,27223,Jacob,0,0,0,23,0,0,0,19 Jan 15:00,0,0,49,0,Midfielder,0,0
0,2,Butterfield,0,0,TOT(H) 1-1,Norwich,27224,Jacob,0,0,0,24,0,0,0,30 Jan 19:45,0,0,49,0,Midfielder,0,0
0,0,Butterfield,0,0,QPR(A) 0-0,Norwich,27225,Jacob,0,0,0,25,0,0,0,02 Feb 12:45,0,0,49,0,Midfielder,0,0
0,-2,Butterfield,0,0,FUL(H) 0-0,Norwich,27226,Jacob,0,0,0,26,0,0,0,09 Feb 15:00,0,0,49,0,Midfielder,0,0
0,5,Butterfield,0,0,EVE(H) 2-1,Norwich,27227,Jacob,0,0,0,27,0,0,0,23 Feb 15:00,0,0,49,0,Midfielder,0,0
0,2,Butterfield,0,0,MUN(A) 0-4,Norwich,27228,Jacob,0,0,0,28,0,0,0,02 Mar 15:00,0,0,49,0,Midfielder,0,0
0,-5,Butterfield,0,0,SOU(H) 0-0,Norwich,27229,Jacob,0,0,0,29,0,0,0,09 Mar 15:00,0,0,49,0,Midfielder,0,0
0,1,Butterfield,0,0,SUN(A) 1-1,Norwich,27230,Jacob,0,0,0,30,0,0,0,17 Mar 13:30,0,0,49,0,Midfielder,0,0
0,1,Butterfield,0,0,WIG(A) 0-1,Norwich,27231,Jacob,0,0,0,31,0,0,0,30 Mar 15:00,0,0,49,0,Midfielder,0,0
0,0,Butterfield,0,0,SWA(H) 2-2,Norwich,27232,Jacob,0,0,0,32,0,0,0,06 Apr 15:00,0,0,49,0,Midfielder,0,0
0,0,Butterfield,0,0,ARS(A) 1-3,Norwich,27233,Jacob,0,0,0,33,0,0,0,13 Apr 15:00,0,0,49,0,Midfielder,0,0
0,0,Butterfield,0,0,RDG(H) 2-1,Norwich,27234,Jacob,0,0,0,34,0,0,0,20 Apr 15:00,0,0,49,0,Midfielder,0,0
0,0,Butterfield,0,0,STK(A) 0-1,Norwich,27235,Jacob,0,0,0,35,0,0,0,27 Apr 15:00,0,0,49,0,Midfielder,0,0
0,0,Butterfield,0,0,AVL(H) 1-2,Norwich,27236,Jacob,0,0,0,36,0,0,0,04 May 15:00,0,0,49,0,Midfielder,0,0
0,0,Butterfield,0,0,WBA(H) 4-0,Norwich,27237,Jacob,0,0,0,37,0,0,0,12 May 15:00,0,0,49,0,Midfielder,0,0
0,1,Butterfield,0,0,MCI(A) 3-2,Norwich,27238,Jacob,0,0,0,38,0,0,0,19 May 16:00,0,0,49,0,Midfielder,0,0
0,0,Vaughan,0,0,FUL(A) 0-5,Norwich,2771,James,0,0,0,1,0,0,0,18 Aug 15:00,0,0,45,0,Forward,0,0
0,-746,Vaughan,0,0,QPR(H) 1-1,Norwich,2772,James,0,0,0,2,0,0,0,25 Aug 15:00,0,0,45,0,Forward,0,0
0,-2345,Vaughan,0,0,TOT(A) 1-1,Norwich,2773,James,0,0,0,3,0,0,0,01 Sep 15:00,0,0,45,0,Forward,0,0
0,-1130,Vaughan,0,0,WHU(H) 0-0,Norwich,2774,James,0,0,0,4,0,0,0,15 Sep 12:45,0,0,45,0,Forward,0,0
0,-456,Vaughan,0,0,NEW(A) 0-1,Norwich,2775,James,0,0,0,5,0,0,0,23 Sep 15:00,0,0,45,0,Forward,0,0
0,-397,Vaughan,0,0,LIV(H) 2-5,Norwich,2776,James,0,0,0,6,0,0,0,29 Sep 15:00,0,0,45,0,Forward,0,0
0,-227,Vaughan,0,0,CHE(A) 1-4,Norwich,2777,James,0,0,0,7,0,0,0,06 Oct 15:00,0,0,45,0,Forward,0,0
0,-222,Vaughan,0,0,ARS(H) 1-0,Norwich,2778,James,0,0,0,8,0,0,0,20 Oct 17:30,0,0,45,0,Forward,0,0
0,-123,Vaughan,0,0,AVL(A) 1-1,Norwich,2779,James,0,0,0,9,0,0,0,27 Oct 12:45,0,0,45,0,Forward,0,0
0,-115,Vaughan,0,0,STK(H) 1-0,Norwich,27710,James,0,0,0,10,0,0,0,03 Nov 15:00,0,0,45,0,Forward,0,0
0,-89,Vaughan,0,0,RDG(A) 0-0,Norwich,27711,James,0,0,0,11,0,0,0,10 Nov 15:00,0,0,45,0,Forward,0,0
0,-73,Vaughan,0,0,MUN(H) 1-0,Norwich,27712,James,0,0,0,12,0,0,0,17 Nov 17:30,0,0,45,0,Forward,0,0
0,-77,Vaughan,0,0,EVE(A) 1-1,Norwich,27713,James,0,0,0,13,0,0,0,24 Nov 15:00,0,0,45,0,Forward,0,0
0,-42,Vaughan,0,0,SOU(A) 1-1,Norwich,27714,James,0,0,0,14,0,0,0,28 Nov 19:45,0,0,45,0,Forward,0,0
0,-35,Vaughan,0,0,SUN(H) 2-1,Norwich,27715,James,0,0,0,15,0,0,0,02 Dec 16:00,0,0,45,0,Forward,0,0
0,-54,Vaughan,0,0,SWA(A) 4-3,Norwich,27716,James,0,0,0,16,0,0,0,08 Dec 15:00,0,0,45,0,Forward,0,0
0,-50,Vaughan,0,0,WIG(H) 2-1,Norwich,27717,James,0,0,0,17,0,0,0,15 Dec 15:00,0,0,45,0,Forward,0,0
0,-50,Vaughan,0,0,WBA(A) 1-2,Norwich,27718,James,0,0,0,18,0,0,0,22 Dec 15:00,0,0,45,0,Forward,0,0
0,-16,Vaughan,0,0,CHE(H) 0-1,Norwich,27719,James,0,0,0,19,0,0,0,26 Dec 15:00,0,0,45,0,Forward,0,0
0,-24,Vaughan,0,0,MCI(H) 3-4,Norwich,27720,James,0,0,0,20,0,0,0,29 Dec 15:00,0,0,45,0,Forward,0,0
0,-26,Vaughan,0,0,WHU(A) 1-2,Norwich,27721,James,0,0,0,21,0,0,0,01 Jan 15:00,0,0,45,0,Forward,0,0
0,-68,Vaughan,0,0,NEW(H) 0-0,Norwich,27722,James,0,0,0,22,0,0,0,12 Jan 15:00,0,0,45,0,Forward,0,0
0,-49,Vaughan,0,0,LIV(A) 0-5,Norwich,27723,James,0,0,0,23,0,0,0,19 Jan 15:00,0,0,45,0,Forward,0,0
0,-44,Vaughan,0,0,TOT(H) 1-1,Norwich,27724,James,0,0,0,24,0,0,0,30 Jan 19:45,0,0,45,0,Forward,0,0
0,-19,Vaughan,0,0,QPR(A) 0-0,Norwich,27725,James,0,0,0,25,0,0,0,02 Feb 12:45,0,0,45,0,Forward,0,0
0,-19,Vaughan,0,0,FUL(H) 0-0,Norwich,27726,James,0,0,0,26,0,0,0,09 Feb 15:00,0,0,45,0,Forward,0,0
0,-19,Vaughan,0,0,EVE(H) 2-1,Norwich,27727,James,0,0,0,27,0,0,0,23 Feb 15:00,0,0,45,0,Forward,0,0
0,-9,Vaughan,0,0,MUN(A) 0-4,Norwich,27728,James,0,0,0,28,0,0,0,02 Mar 15:00,0,0,45,0,Forward,0,0
0,-11,Vaughan,0,0,SOU(H) 0-0,Norwich,27729,James,0,0,0,29,0,0,0,09 Mar 15:00,0,0,45,0,Forward,0,0
0,-4,Vaughan,0,0,SUN(A) 1-1,Norwich,27730,James,0,0,0,30,0,0,0,17 Mar 13:30,0,0,45,0,Forward,0,0
0,-5,Vaughan,0,0,WIG(A) 0-1,Norwich,27731,James,0,0,0,31,0,0,0,30 Mar 15:00,0,0,45,0,Forward,0,0
0,-5,Vaughan,0,0,SWA(H) 2-2,Norwich,27732,James,0,0,0,32,0,0,0,06 Apr 15:00,0,0,45,0,Forward,0,0
0,-7,Vaughan,0,0,ARS(A) 1-3,Norwich,27733,James,0,0,0,33,0,0,0,13 Apr 15:00,0,0,45,0,Forward,0,0
0,-2,Vaughan,0,0,RDG(H) 2-1,Norwich,27734,James,0,0,0,34,0,0,0,20 Apr 15:00,0,0,45,0,Forward,0,0
0,-3,Vaughan,0,0,STK(A) 0-1,Norwich,27735,James,0,0,0,35,0,0,0,27 Apr 15:00,0,0,45,0,Forward,0,0
0,-7,Vaughan,0,0,AVL(H) 1-2,Norwich,27736,James,0,0,0,36,0,0,0,04 May 15:00,0,0,45,0,Forward,0,0
0,-3,Vaughan,0,0,WBA(H) 4-0,Norwich,27737,James,0,0,0,37,0,0,0,12 May 15:00,0,0,45,0,Forward,0,0
0,0,Vaughan,0,0,MCI(A) 3-2,Norwich,27738,James,0,0,0,38,0,0,0,19 May 16:00,0,0,45,0,Forward,0,0
0,0,Barton,0,0,SWA(H) 0-5,QPR,2901,Joey,0,0,0,1,0,0,0,18 Aug 15:00,0,0,55,0,Midfielder,0,0
0,-182,Barton,0,0,NOR(A) 1-1,QPR,2902,Joey,0,0,0,2,0,0,0,25 Aug 15:00,0,0,55,0,Midfielder,0,0
0,-140,Barton,0,0,MCI(A) 1-3,QPR,2903,Joey,0,0,0,3,0,0,0,01 Sep 17:30,0,0,54,0,Midfielder,0,0
0,-106,Barton,0,0,CHE(H) 0-0,QPR,2904,Joey,0,0,0,4,0,0,0,15 Sep 15:00,0,0,54,0,Midfielder,0,0
0,-26,Barton,0,0,TOT(A) 1-2,QPR,2905,Joey,0,0,0,5,0,0,0,23 Sep 16:00,0,0,54,0,Midfielder,0,0
0,-24,Barton,0,0,WHU(H) 1-2,QPR,2906,Joey,0,0,0,6,0,0,0,01 Oct 20:00,0,0,54,0,Midfielder,0,0
0,-24,Barton,0,0,WBA(A) 2-3,QPR,2907,Joey,0,0,0,7,0,0,0,06 Oct 15:00,0,0,54,0,Midfielder,0,0
0,-8,Barton,0,0,EVE(H) 1-1,QPR,2908,Joey,0,0,0,8,0,0,0,21 Oct 16:00,0,0,54,0,Midfielder,0,0
0,-8,Barton,0,0,ARS(A) 0-1,QPR,2909,Joey,0,0,0,9,0,0,0,27 Oct 15:00,0,0,54,0,Midfielder,0,0
0,-8,Barton,0,0,RDG(H) 1-1,QPR,29010,Joey,0,0,0,10,0,0,0,04 Nov 13:30,0,0,54,0,Midfielder,0,0
0,-9,Barton,0,0,STK(A) 0-1,QPR,29011,Joey,0,0,0,11,0,0,0,10 Nov 15:00,0,0,54,0,Midfielder,0,0
0,-5,Barton,0,0,SOU(H) 1-3,QPR,29012,Joey,0,0,0,12,0,0,0,17 Nov 15:00,0,0,54,0,Midfielder,0,0
0,-5,Barton,0,0,MUN(A) 1-3,QPR,29013,Joey,0,0,0,13,0,0,0,24 Nov 15:00,0,0,54,0,Midfielder,0,0
0,-2,Barton,0,0,SUN(A) 0-0,QPR,29014,Joey,0,0,0,14,0,0,0,27 Nov 19:45,0,0,54,0,Midfielder,0,0
0,-1,Barton,0,0,AVL(H) 1-1,QPR,29015,Joey,0,0,0,15,0,0,0,01 Dec 15:00,0,0,54,0,Midfielder,0,0
0,-2,Barton,0,0,WIG(A) 2-2,QPR,29016,Joey,0,0,0,16,0,0,0,08 Dec 15:00,0,0,54,0,Midfielder,0,0
0,-5,Barton,0,0,FUL(H) 2-1,QPR,29017,Joey,0,0,0,17,0,0,0,15 Dec 15:00,0,0,54,0,Midfielder,0,0
0,-2,Barton,0,0,NEW(A) 0-1,QPR,29018,Joey,0,0,0,18,0,0,0,22 Dec 15:00,0,0,54,0,Midfielder,0,0
0,-2,Barton,0,0,WBA(H) 1-2,QPR,29019,Joey,0,0,0,19,0,0,0,26 Dec 15:00,0,0,54,0,Midfielder,0,0
0,0,Barton,0,0,LIV(H) 0-3,QPR,29020,Joey,0,0,0,20,0,0,0,30 Dec 16:00,0,0,54,0,Midfielder,0,0
0,-1,Barton,0,0,CHE(A) 1-0,QPR,29021,Joey,0,0,0,21,0,0,0,02 Jan 19:45,0,0,54,0,Midfielder,0,0
0,-2,Barton,0,0,TOT(H) 0-0,QPR,29022,Joey,0,0,0,22,0,0,0,12 Jan 12:45,0,0,54,0,Midfielder,0,0
0,-4,Barton,0,0,WHU(A) 1-1,QPR,29023,Joey,0,0,0,23,0,0,0,19 Jan 15:00,0,0,54,0,Midfielder,0,0
0,-3,Barton,0,0,MCI(H) 0-0,QPR,29024,Joey,0,0,0,24,0,0,0,29 Jan 19:45,0,0,54,0,Midfielder,0,0
0,0,Barton,0,0,NOR(H) 0-0,QPR,29025,Joey,0,0,0,25,0,0,0,02 Feb 12:45,0,0,54,0,Midfielder,0,0
0,-4,Barton,0,0,SWA(A) 1-4,QPR,29026,Joey,0,0,0,26,0,0,0,09 Feb 15:00,0,0,54,0,Midfielder,0,0
0,-2,Barton,0,0,MUN(H) 0-2,QPR,29027,Joey,0,0,0,27,0,0,0,23 Feb 15:00,0,0,54,0,Midfielder,0,0
0,-1,Barton,0,0,SOU(A) 2-1,QPR,29028,Joey,0,0,0,28,0,0,0,02 Mar 15:00,0,0,54,0,Midfielder,0,0
0,-1,Barton,0,0,SUN(H) 3-1,QPR,29029,Joey,0,0,0,29,0,0,0,09 Mar 15:00,0,0,54,0,Midfielder,0,0
0,-1,Barton,0,0,AVL(A) 2-3,QPR,29030,Joey,0,0,0,30,0,0,0,16 Mar 15:00,0,0,54,0,Midfielder,0,0
0,-1,Barton,0,0,FUL(A) 2-3,QPR,29031,Joey,0,0,0,31,0,0,0,01 Apr 20:00,0,0,54,0,Midfielder,0,0
0,0,Barton,0,0,WIG(H) 1-1,QPR,29032,Joey,0,0,0,32,0,0,0,07 Apr 16:10,0,0,54,0,Midfielder,0,0
0,0,Barton,0,0,EVE(A) 0-2,QPR,29033,Joey,0,0,0,33,0,0,0,13 Apr 15:00,0,0,54,0,Midfielder,0,0
0,-1,Barton,0,0,STK(H) 0-2,QPR,29034,Joey,0,0,0,34,0,0,0,20 Apr 15:00,0,0,54,0,Midfielder,0,0
0,1,Barton,0,0,RDG(A) 0-0,QPR,29035,Joey,0,0,0,35,0,0,0,28 Apr 13:30,0,0,54,0,Midfielder,0,0
0,-3,Barton,0,0,ARS(H) 0-1,QPR,29036,Joey,0,0,0,36,0,0,0,04 May 17:30,0,0,54,0,Midfielder,0,0
0,0,Barton,0,0,NEW(H) 1-2,QPR,29037,Joey,0,0,0,37,0,0,0,12 May 15:00,0,0,54,0,Midfielder,0,0
0,2,Barton,0,0,LIV(A) 0-1,QPR,29038,Joey,0,0,0,38,0,0,0,19 May 16:00,0,0,54,0,Midfielder,0,0
0,0,Park,5,0,SWA(H) 0-5,QPR,2981,Ji-Sung,0,90,3,1,0,0,0,18 Aug 15:00,0,0,60,2,Midfielder,0,0
0,-15080,Park,1,0,NOR(A) 1-1,QPR,2982,Ji-Sung,0,90,11,2,0,0,0,25 Aug 15:00,0,0,60,2,Midfielder,0,0
0,-24580,Park,3,0,MCI(A) 1-3,QPR,2983,Ji-Sung,0,90,5,3,0,0,0,01 Sep 17:30,0,0,59,2,Midfielder,0,0
0,-15094,Park,0,0,CHE(H) 0-0,QPR,2984,Ji-Sung,0,90,9,4,0,1,0,15 Sep 15:00,0,0,58,3,Midfielder,0,0
0,-5214,Park,2,0,TOT(A) 1-2,QPR,2985,Ji-Sung,0,90,5,5,0,0,0,23 Sep 16:00,0,0,57,2,Midfielder,0,0
0,-4101,Park,2,0,WHU(H) 1-2,QPR,2986,Ji-Sung,0,54,2,6,0,0,0,01 Oct 20:00,0,0,57,1,Midfielder,0,0
1,-5313,Park,3,0,WBA(A) 2-3,QPR,2987,Ji-Sung,0,90,16,7,0,0,1,06 Oct 15:00,0,0,56,4,Midfielder,0,0
0,-3904,Park,1,0,EVE(H) 1-1,QPR,2988,Ji-Sung,0,90,4,8,0,0,0,21 Oct 16:00,0,0,55,2,Midfielder,0,0
0,-3807,Park,0,0,ARS(A) 0-1,QPR,2989,Ji-Sung,0,0,0,9,0,0,0,27 Oct 15:00,0,0,55,0,Midfielder,0,0
0,-5475,Park,0,0,RDG(H) 1-1,QPR,29810,Ji-Sung,0,0,0,10,0,0,0,04 Nov 13:30,0,0,54,0,Midfielder,0,0
0,-3653,Park,0,0,STK(A) 0-1,QPR,29811,Ji-Sung,0,0,0,11,0,0,0,10 Nov 15:00,0,0,54,0,Midfielder,0,0
0,-3095,Park,0,0,SOU(H) 1-3,QPR,29812,Ji-Sung,0,0,0,12,0,0,0,17 Nov 15:00,0,0,53,0,Midfielder,0,0
0,-1933,Park,0,0,MUN(A) 1-3,QPR,29813,Ji-Sung,0,0,0,13,0,0,0,24 Nov 15:00,0,0,53,0,Midfielder,0,0
0,-360,Park,0,0,SUN(A) 0-0,QPR,29814,Ji-Sung,0,26,2,14,0,0,0,27 Nov 19:45,0,0,53,1,Midfielder,0,0
0,-405,Park,0,0,AVL(H) 1-1,QPR,29815,Ji-Sung,0,45,5,15,0,0,0,01 Dec 15:00,0,0,53,1,Midfielder,0,0
0,-710,Park,0,0,WIG(A) 2-2,QPR,29816,Ji-Sung,0,0,0,16,0,0,0,08 Dec 15:00,0,0,53,0,Midfielder,0,0
0,-988,Park,0,0,FUL(H) 2-1,QPR,29817,Ji-Sung,0,0,0,17,0,0,0,15 Dec 15:00,0,0,53,0,Midfielder,0,0
0,-1226,Park,0,0,NEW(A) 0-1,QPR,29818,Ji-Sung,0,0,0,18,0,0,0,22 Dec 15:00,0,0,53,0,Midfielder,0,0
0,-640,Park,0,0,WBA(H) 1-2,QPR,29819,Ji-Sung,0,0,0,19,0,0,0,26 Dec 15:00,0,0,53,0,Midfielder,0,0
0,-518,Park,0,0,LIV(H) 0-3,QPR,29820,Ji-Sung,0,0,0,20,0,0,0,30 Dec 16:00,0,0,53,0,Midfielder,0,0
0,-344,Park,0,0,CHE(A) 1-0,QPR,29821,Ji-Sung,0,1,0,21,0,0,0,02 Jan 19:45,0,0,52,1,Midfielder,0,0
0,-651,Park,0,0,TOT(H) 0-0,QPR,29822,Ji-Sung,0,90,7,22,0,1,0,12 Jan 12:45,0,0,52,3,Midfielder,0,0
0,-140,Park,0,0,WHU(A) 1-1,QPR,29823,Ji-Sung,0,9,1,23,0,0,0,19 Jan 15:00,0,0,52,1,Midfielder,0,0
0,-299,Park,0,0,MCI(H) 0-0,QPR,29824,Ji-Sung,0,2,0,24,0,0,0,29 Jan 19:45,0,0,52,1,Midfielder,0,0
0,-156,Park,0,0,NOR(H) 0-0,QPR,29825,Ji-Sung,0,0,0,25,0,0,0,02 Feb 12:45,0,0,52,0,Midfielder,0,0
0,-195,Park,0,0,SWA(A) 1-4,QPR,29826,Ji-Sung,0,0,0,26,0,0,0,09 Feb 15:00,0,0,52,0,Midfielder,0,0
0,-228,Park,0,0,MUN(H) 0-2,QPR,29827,Ji-Sung,0,0,0,27,0,0,0,23 Feb 15:00,0,0,52,0,Midfielder,0,0
0,-102,Park,1,0,SOU(A) 2-1,QPR,29828,Ji-Sung,0,90,23,28,0,0,1,02 Mar 15:00,0,0,52,5,Midfielder,0,0
0,736,Park,1,0,SUN(H) 3-1,QPR,29829,Ji-Sung,0,90,23,29,0,0,0,09 Mar 15:00,0,0,52,2,Midfielder,0,0
0,40,Park,3,0,AVL(A) 2-3,QPR,29830,Ji-Sung,0,86,11,30,0,0,1,16 Mar 15:00,0,0,52,5,Midfielder,0,0
0,114,Park,0,0,FUL(A) 2-3,QPR,29831,Ji-Sung,0,0,0,31,0,0,0,01 Apr 20:00,0,0,52,0,Midfielder,0,0
0,-179,Park,0,0,WIG(H) 1-1,QPR,29832,Ji-Sung,0,0,0,32,0,0,0,07 Apr 16:10,0,0,52,0,Midfielder,0,0
0,-270,Park,2,0,EVE(A) 0-2,QPR,29833,Ji-Sung,0,61,4,33,0,0,0,13 Apr 15:00,0,0,52,2,Midfielder,0,0
0,-92,Park,0,0,STK(H) 0-2,QPR,29834,Ji-Sung,0,0,0,34,0,0,0,20 Apr 15:00,0,0,52,0,Midfielder,0,0
0,-162,Park,0,0,RDG(A) 0-0,QPR,29835,Ji-Sung,0,0,0,35,0,0,0,28 Apr 13:30,0,0,52,0,Midfielder,0,0
0,-122,Park,1,0,ARS(H) 0-1,QPR,29836,Ji-Sung,0,78,0,36,0,0,0,04 May 17:30,0,0,52,2,Midfielder,0,0
0,-35,Park,0,0,NEW(H) 1-2,QPR,29837,Ji-Sung,0,0,0,37,0,0,0,12 May 15:00,0,0,52,0,Midfielder,0,0
0,-46,Park,1,0,LIV(A) 0-1,QPR,29838,Ji-Sung,0,79,-1,38,0,0,0,19 May 16:00,0,0,52,2,Midfielder,0,0
0,0,Mackie,5,0,SWA(H) 0-5,QPR,3011,Jamie,0,90,5,1,0,0,0,18 Aug 15:00,0,0,55,2,Forward,0,0
0,-539,Mackie,1,0,NOR(A) 1-1,QPR,3012,Jamie,0,90,10,2,0,0,0,25 Aug 15:00,0,0,55,2,Forward,0,0
0,-1088,Mackie,0,0,MCI(A) 1-3,QPR,3013,Jamie,0,0,0,3,0,0,0,01 Sep 17:30,0,0,55,0,Forward,0,0
0,-1342,Mackie,0,0,CHE(H) 0-0,QPR,3014,Jamie,0,59,5,4,0,0,0,15 Sep 15:00,0,0,54,1,Forward,0,0
0,-602,Mackie,0,0,TOT(A) 1-2,QPR,3015,Jamie,0,14,1,5,0,0,0,23 Sep 16:00,0,0,53,1,Forward,0,0
0,-560,Mackie,0,0,WHU(H) 1-2,QPR,3016,Jamie,0,0,0,6,0,0,0,01 Oct 20:00,0,0,52,0,Forward,0,0
1,-406,Mackie,1,0,WBA(A) 2-3,QPR,3017,Jamie,0,33,1,7,0,0,0,06 Oct 15:00,0,0,52,0,Forward,0,0
0,-357,Mackie,0,0,EVE(H) 1-1,QPR,3018,Jamie,0,0,0,8,0,0,0,21 Oct 16:00,0,0,51,0,Forward,0,0
0,-204,Mackie,1,0,ARS(A) 0-1,QPR,3019,Jamie,0,12,5,9,0,0,0,27 Oct 15:00,0,0,51,1,Forward,0,0
0,-114,Mackie,1,0,RDG(H) 1-1,QPR,30110,Jamie,0,80,7,10,0,0,0,04 Nov 13:30,0,0,51,2,Forward,0,0
0,-101,Mackie,0,0,STK(A) 0-1,QPR,30111,Jamie,0,0,0,11,0,0,0,10 Nov 15:00,0,0,51,0,Forward,0,0
0,-250,Mackie,1,0,SOU(H) 1-3,QPR,30112,Jamie,0,45,-3,12,0,0,0,17 Nov 15:00,0,0,51,1,Forward,0,0
0,-136,Mackie,3,0,MUN(A) 1-3,QPR,30113,Jamie,0,90,18,13,0,0,0,24 Nov 15:00,0,0,51,6,Forward,0,1
1,644,Mackie,0,0,SUN(A) 0-0,QPR,30114,Jamie,0,90,11,14,0,1,0,27 Nov 19:45,0,0,51,1,Forward,0,0
0,1187,Mackie,1,0,AVL(H) 1-1,QPR,30115,Jamie,0,90,21,15,2,0,0,01 Dec 15:00,0,0,51,8,Forward,0,1
0,2503,Mackie,2,0,WIG(A) 2-2,QPR,30116,Jamie,0,90,-2,16,0,0,0,08 Dec 15:00,0,0,51,2,Forward,0,0
0,1005,Mackie,1,0,FUL(H) 2-1,QPR,30117,Jamie,0,90,9,17,0,0,1,15 Dec 15:00,0,0,51,5,Forward,0,0
0,2326,Mackie,1,0,NEW(A) 0-1,QPR,30118,Jamie,0,90,4,18,0,0,0,22 Dec 15:00,0,0,51,2,Forward,0,0
0,1668,Mackie,2,0,WBA(H) 1-2,QPR,30119,Jamie,0,90,-6,19,0,0,0,26 Dec 15:00,0,0,51,2,Forward,0,0
0,-644,Mackie,3,0,LIV(H) 0-3,QPR,30120,Jamie,0,90,3,20,0,0,0,30 Dec 16:00,0,0,51,2,Forward,0,0
0,-1488,Mackie,0,0,CHE(A) 1-0,QPR,30121,Jamie,0,90,13,21,0,1,0,02 Jan 19:45,0,0,51,2,Forward,0,0
0,-2494,Mackie,0,0,TOT(H) 0-0,QPR,30122,Jamie,0,90,7,22,0,1,0,12 Jan 12:45,0,0,51,2,Forward,0,0
0,-952,Mackie,0,0,WHU(A) 1-1,QPR,30123,Jamie,0,66,0,23,0,1,0,19 Jan 15:00,0,0,51,2,Forward,0,0
0,-944,Mackie,0,0,MCI(H) 0-0,QPR,30124,Jamie,0,0,0,24,0,0,0,29 Jan 19:45,0,0,51,0,Forward,0,0
0,-993,Mackie,0,0,NOR(H) 0-0,QPR,30125,Jamie,0,90,7,25,0,1,0,02 Feb 12:45,0,0,51,2,Forward,0,0
0,-97,Mackie,2,0,SWA(A) 1-4,QPR,30126,Jamie,0,45,2,26,0,0,0,09 Feb 15:00,0,0,51,1,Forward,0,0
0,-269,Mackie,2,0,MUN(H) 0-2,QPR,30127,Jamie,0,90,-1,27,0,0,0,23 Feb 15:00,0,0,51,2,Forward,0,0
0,148,Mackie,0,0,SOU(A) 2-1,QPR,30128,Jamie,0,0,0,28,0,0,0,02 Mar 15:00,0,0,51,0,Forward,0,0
0,99,Mackie,0,0,SUN(H) 3-1,QPR,30129,Jamie,0,18,8,29,0,0,0,09 Mar 15:00,0,0,51,1,Forward,0,0
0,-167,Mackie,0,0,AVL(A) 2-3,QPR,30130,Jamie,0,4,0,30,0,0,0,16 Mar 15:00,0,0,51,1,Forward,0,0
0,-227,Mackie,0,0,FUL(A) 2-3,QPR,30131,Jamie,0,8,1,31,0,0,0,01 Apr 20:00,0,0,51,1,Forward,0,0
0,-148,Mackie,1,0,WIG(H) 1-1,QPR,30132,Jamie,0,3,0,32,0,0,0,07 Apr 16:10,0,0,50,1,Forward,0,0
0,-147,Mackie,0,0,EVE(A) 0-2,QPR,30133,Jamie,0,0,0,33,0,0,0,13 Apr 15:00,0,0,50,0,Forward,0,0
0,-59,Mackie,1,0,STK(H) 0-2,QPR,30134,Jamie,0,45,2,34,0,0,0,20 Apr 15:00,0,0,50,1,Forward,0,0
0,-45,Mackie,0,0,RDG(A) 0-0,QPR,30135,Jamie,0,2,-4,35,0,0,0,28 Apr 13:30,0,0,50,1,Forward,0,0
0,-87,Mackie,0,0,ARS(H) 0-1,QPR,30136,Jamie,0,0,0,36,0,0,0,04 May 17:30,0,0,50,0,Forward,0,0
0,-24,Mackie,0,0,NEW(H) 1-2,QPR,30137,Jamie,0,0,0,37,0,0,0,12 May 15:00,0,0,50,0,Forward,0,0
0,-32,Mackie,0,0,LIV(A) 0-1,QPR,30138,Jamie,0,19,-3,38,0,0,0,19 May 16:00,0,0,50,1,Forward,0,0
0,0,Bothroyd,0,0,SWA(H) 0-5,QPR,3031,Jay,0,0,0,1,0,0,0,18 Aug 15:00,0,0,50,0,Forward,0,0
0,-476,Bothroyd,0,0,NOR(A) 1-1,QPR,3032,Jay,0,0,0,2,0,0,0,25 Aug 15:00,0,0,50,0,Forward,0,0
0,-660,Bothroyd,0,0,MCI(A) 1-3,QPR,3033,Jay,0,0,0,3,0,0,0,01 Sep 17:30,0,0,49,0,Forward,0,0
0,-932,Bothroyd,0,0,CHE(H) 0-0,QPR,3034,Jay,0,0,0,4,0,0,0,15 Sep 15:00,0,0,48,0,Forward,0,0
0,-281,Bothroyd,0,0,TOT(A) 1-2,QPR,3035,Jay,0,0,0,5,0,0,0,23 Sep 16:00,0,0,48,0,Forward,0,0
0,-183,Bothroyd,0,0,WHU(H) 1-2,QPR,3036,Jay,0,0,0,6,0,0,0,01 Oct 20:00,0,0,48,0,Forward,0,0
0,-136,Bothroyd,0,0,WBA(A) 2-3,QPR,3037,Jay,0,0,0,7,0,0,0,06 Oct 15:00,0,0,47,0,Forward,0,0
0,-93,Bothroyd,0,0,EVE(H) 1-1,QPR,3038,Jay,0,0,0,8,0,0,0,21 Oct 16:00,0,0,47,0,Forward,0,0
0,-56,Bothroyd,0,0,ARS(A) 0-1,QPR,3039,Jay,0,0,0,9,0,0,0,27 Oct 15:00,0,0,47,0,Forward,0,0
0,-37,Bothroyd,0,0,RDG(H) 1-1,QPR,30310,Jay,0,0,0,10,0,0,0,04 Nov 13:30,0,0,47,0,Forward,0,0
0,-39,Bothroyd,0,0,STK(A) 0-1,QPR,30311,Jay,0,0,0,11,0,0,0,10 Nov 15:00,0,0,47,0,Forward,0,0
0,-48,Bothroyd,0,0,SOU(H) 1-3,QPR,30312,Jay,0,0,0,12,0,0,0,17 Nov 15:00,0,0,47,0,Forward,0,0
0,-34,Bothroyd,0,0,MUN(A) 1-3,QPR,30313,Jay,0,0,0,13,0,0,0,24 Nov 15:00,0,0,47,0,Forward,0,0
0,-19,Bothroyd,0,0,SUN(A) 0-0,QPR,30314,Jay,0,0,0,14,0,0,0,27 Nov 19:45,0,0,47,0,Forward,0,0
0,-7,Bothroyd,0,0,AVL(H) 1-1,QPR,30315,Jay,0,0,0,15,0,0,0,01 Dec 15:00,0,0,47,0,Forward,0,0
0,-24,Bothroyd,0,0,WIG(A) 2-2,QPR,30316,Jay,0,0,0,16,0,0,0,08 Dec 15:00,0,0,47,0,Forward,0,0
0,-20,Bothroyd,0,0,FUL(H) 2-1,QPR,30317,Jay,0,0,0,17,0,0,0,15 Dec 15:00,0,0,47,0,Forward,0,0
0,-21,Bothroyd,0,0,NEW(A) 0-1,QPR,30318,Jay,0,0,0,18,0,0,0,22 Dec 15:00,0,0,47,0,Forward,0,0
0,-10,Bothroyd,0,0,WBA(H) 1-2,QPR,30319,Jay,0,0,0,19,0,0,0,26 Dec 15:00,0,0,47,0,Forward,0,0
0,-6,Bothroyd,0,0,LIV(H) 0-3,QPR,30320,Jay,0,0,0,20,0,0,0,30 Dec 16:00,0,0,47,0,Forward,0,0
0,-14,Bothroyd,0,0,CHE(A) 1-0,QPR,30321,Jay,0,0,0,21,0,0,0,02 Jan 19:45,0,0,47,0,Forward,0,0
0,-15,Bothroyd,0,0,TOT(H) 0-0,QPR,30322,Jay,0,0,0,22,0,0,0,12 Jan 12:45,0,0,47,0,Forward,0,0
0,19,Bothroyd,1,0,WHU(A) 1-1,QPR,30323,Jay,0,24,-3,23,0,0,0,19 Jan 15:00,0,0,47,1,Forward,0,0
0,2,Bothroyd,0,0,MCI(H) 0-0,QPR,30324,Jay,0,0,0,24,0,0,0,29 Jan 19:45,0,0,47,0,Forward,0,0
0,-4,Bothroyd,0,0,NOR(H) 0-0,QPR,30325,Jay,0,0,0,25,0,0,0,02 Feb 12:45,0,0,47,0,Forward,0,0
0,8,Bothroyd,0,0,SWA(A) 1-4,QPR,30326,Jay,0,0,0,26,0,0,0,09 Feb 15:00,0,0,47,0,Forward,0,0
0,1,Bothroyd,0,0,MUN(H) 0-2,QPR,30327,Jay,0,0,0,27,0,0,0,23 Feb 15:00,0,0,47,0,Forward,0,0
1,14,Bothroyd,1,0,SOU(A) 2-1,QPR,30328,Jay,0,89,28,28,2,0,0,02 Mar 15:00,0,0,47,7,Forward,0,1
0,1286,Bothroyd,0,0,SUN(H) 3-1,QPR,30329,Jay,0,0,0,29,0,0,0,09 Mar 15:00,0,0,47,0,Forward,0,0
0,-60,Bothroyd,0,0,AVL(A) 2-3,QPR,30330,Jay,0,0,0,30,0,0,0,16 Mar 15:00,0,0,47,0,Forward,0,0
0,-292,Bothroyd,0,0,FUL(A) 2-3,QPR,30331,Jay,0,0,0,31,0,0,0,01 Apr 20:00,0,0,47,0,Forward,0,0
0,-202,Bothroyd,0,0,WIG(H) 1-1,QPR,30332,Jay,0,0,0,32,0,0,0,07 Apr 16:10,0,0,47,0,Forward,0,0
0,-147,Bothroyd,0,0,EVE(A) 0-2,QPR,30333,Jay,0,0,0,33,0,0,0,13 Apr 15:00,0,0,47,0,Forward,0,0
0,-62,Bothroyd,1,0,STK(H) 0-2,QPR,30334,Jay,0,35,-7,34,0,0,0,20 Apr 15:00,0,0,47,1,Forward,0,0
0,-34,Bothroyd,0,0,RDG(A) 0-0,QPR,30335,Jay,0,90,13,35,1,1,0,28 Apr 13:30,0,0,47,3,Forward,0,0
0,-4,Bothroyd,0,0,ARS(H) 0-1,QPR,30336,Jay,0,0,0,36,0,0,0,04 May 17:30,0,0,47,0,Forward,0,0
0,-18,Bothroyd,0,0,NEW(H) 1-2,QPR,30337,Jay,0,0,0,37,0,0,0,12 May 15:00,0,0,47,0,Forward,0,0
0,-3,Bothroyd,0,0,LIV(A) 0-1,QPR,30338,Jay,0,0,0,38,0,0,0,19 May 16:00,0,0,47,0,Forward,0,0
0,0,Mills,0,0,CHE(A) 2-4,Reading,3111,Joseph,0,0,0,1,0,0,0,22 Aug 19:45,0,0,40,0,Defender,0,0
0,-7,Mills,0,0,TOT(H) 1-3,Reading,3114,Joseph,0,0,0,4,0,0,0,16 Sep 16:00,0,0,40,0,Defender,0,0
0,0,Mills,0,0,WBA(A) 0-1,Reading,3115,Joseph,0,0,0,5,0,0,0,22 Sep 15:00,0,0,40,0,Defender,0,0
0,-2,Mills,0,0,NEW(H) 2-2,Reading,3116,Joseph,0,0,0,6,0,0,0,29 Sep 15:00,0,0,40,0,Defender,0,0
0,-1,Mills,0,0,SWA(A) 2-2,Reading,3117,Joseph,0,0,0,7,0,0,0,06 Oct 15:00,0,0,40,0,Defender,0,0
0,-2,Mills,0,0,LIV(A) 0-1,Reading,3118,Joseph,0,0,0,8,0,0,0,20 Oct 15:00,0,0,40,0,Defender,0,0
0,-4,Mills,0,0,FUL(H) 3-3,Reading,3119,Joseph,0,0,0,9,0,0,0,27 Oct 15:00,0,0,40,0,Defender,0,0
0,-2,Mills,0,0,QPR(A) 1-1,Reading,31110,Joseph,0,0,0,10,0,0,0,04 Nov 13:30,0,0,40,0,Defender,0,0
0,-1,Mills,0,0,NOR(H) 0-0,Reading,31111,Joseph,0,0,0,11,0,0,0,10 Nov 15:00,0,0,40,0,Defender,0,0
0,-2,Mills,0,0,EVE(H) 2-1,Reading,31112,Joseph,0,0,0,12,0,0,0,17 Nov 15:00,0,0,40,0,Defender,0,0
0,-4,Mills,0,0,WIG(A) 2-3,Reading,31113,Joseph,0,0,0,13,0,0,0,24 Nov 15:00,0,0,40,0,Defender,0,0
0,-2,Mills,0,0,AVL(A) 0-1,Reading,31114,Joseph,0,0,0,14,0,0,0,27 Nov 20:00,0,0,40,0,Defender,0,0
0,0,Mills,0,0,MUN(H) 3-4,Reading,31115,Joseph,0,0,0,15,0,0,0,01 Dec 17:30,0,0,40,0,Defender,0,0
0,0,Mills,0,0,SUN(A) 0-3,Reading,31116,Joseph,0,0,0,16,0,0,0,11 Dec 19:45,0,0,40,0,Defender,0,0
0,-2,Mills,0,0,ARS(H) 2-5,Reading,31117,Joseph,0,0,0,17,0,0,0,17 Dec 20:00,0,0,40,0,Defender,0,0
0,-1,Mills,0,0,MCI(A) 0-1,Reading,31118,Joseph,0,0,0,18,0,0,0,22 Dec 15:00,0,0,40,0,Defender,0,0
0,0,Mills,0,0,SWA(H) 0-0,Reading,31119,Joseph,0,0,0,19,0,0,0,26 Dec 15:00,0,0,40,0,Defender,0,0
0,-1,Mills,0,0,WHU(H) 1-0,Reading,31120,Joseph,0,0,0,20,0,0,0,29 Dec 15:00,0,0,40,0,Defender,0,0
0,0,Mills,0,0,TOT(A) 1-3,Reading,31121,Joseph,0,0,0,21,0,0,0,01 Jan 15:00,0,0,40,0,Defender,0,0
0,-3,Mills,0,0,WBA(H) 3-2,Reading,31122,Joseph,0,0,0,22,0,0,0,12 Jan 15:00,0,0,40,0,Defender,0,0
0,-2,Mills,0,0,NEW(A) 2-1,Reading,31123,Joseph,0,0,0,23,0,0,0,19 Jan 15:00,0,0,40,0,Defender,0,0
0,0,Mills,0,0,CHE(H) 2-2,Reading,31124,Joseph,0,0,0,24,0,0,0,30 Jan 20:00,0,0,40,0,Defender,0,0
0,-1,Mills,0,0,SUN(H) 2-1,Reading,31125,Joseph,0,0,0,25,0,0,0,02 Feb 15:00,0,0,40,0,Defender,0,0
0,0,Mills,0,0,STK(A) 1-2,Reading,31126,Joseph,0,0,0,26,0,0,0,09 Feb 15:00,0,0,40,0,Defender,0,0
0,-1,Mills,0,0,WIG(H) 0-3,Reading,31127,Joseph,0,0,0,27,0,0,0,23 Feb 15:00,0,0,40,0,Defender,0,0
0,-2,Mills,0,0,EVE(A) 1-3,Reading,31128,Joseph,0,0,0,28,0,0,0,02 Mar 15:00,0,0,40,0,Defender,0,0
0,0,Mills,0,0,AVL(H) 1-2,Reading,31129,Joseph,0,0,0,29,0,0,0,09 Mar 15:00,0,0,40,0,Defender,0,0
0,0,Mills,0,0,MUN(A) 0-1,Reading,31130,Joseph,0,0,0,30,0,0,0,16 Mar 17:30,0,0,40,0,Defender,0,0
0,0,Mills,0,0,ARS(A) 1-4,Reading,31131,Joseph,0,0,0,31,0,0,0,30 Mar 15:00,0,0,40,0,Defender,0,0
0,-1,Mills,0,0,SOU(H) 0-2,Reading,31132,Joseph,0,0,0,32,0,0,0,06 Apr 12:45,0,0,40,0,Defender,0,0
0,0,Mills,0,0,LIV(H) 0-0,Reading,31133,Joseph,0,0,0,33,0,0,0,13 Apr 15:00,0,0,40,0,Defender,0,0
0,0,Mills,0,0,NOR(A) 1-2,Reading,31134,Joseph,0,0,0,34,0,0,0,20 Apr 15:00,0,0,40,0,Defender,0,0
0,0,Mills,0,0,QPR(H) 0-0,Reading,31135,Joseph,0,0,0,35,0,0,0,28 Apr 13:30,0,0,40,0,Defender,0,0
0,0,Mills,0,0,FUL(A) 4-2,Reading,31136,Joseph,0,0,0,36,0,0,0,04 May 15:00,0,0,40,0,Defender,0,0
0,0,Mills,0,0,MCI(H) 0-2,Reading,31137,Joseph,0,0,0,37,0,0,0,14 May 20:00,0,0,40,0,Defender,0,0
0,0,Mills,0,0,WHU(A) 2-4,Reading,31138,Joseph,0,0,0,38,0,0,0,19 May 16:00,0,0,40,0,Defender,0,0
0,0,Mills,0,0,CHE(A) 2-4,Reading,3151,Jack,0,0,0,1,0,0,0,22 Aug 19:45,0,0,40,0,Defender,0,0
0,-1344,Mills,0,0,TOT(H) 1-3,Reading,3154,Jack,0,0,0,4,0,0,0,16 Sep 16:00,0,0,40,0,Defender,0,0
0,-569,Mills,0,0,WBA(A) 0-1,Reading,3155,Jack,0,0,0,5,0,0,0,22 Sep 15:00,0,0,40,0,Defender,0,0
0,-445,Mills,0,0,NEW(H) 2-2,Reading,3156,Jack,0,0,0,6,0,0,0,29 Sep 15:00,0,0,40,0,Defender,0,0
0,-299,Mills,0,0,SWA(A) 2-2,Reading,3157,Jack,0,0,0,7,0,0,0,06 Oct 15:00,0,0,40,0,Defender,0,0
0,-254,Mills,0,0,LIV(A) 0-1,Reading,3158,Jack,0,0,0,8,0,0,0,20 Oct 15:00,0,0,40,0,Defender,0,0
0,-174,Mills,0,0,FUL(H) 3-3,Reading,3159,Jack,0,0,0,9,0,0,0,27 Oct 15:00,0,0,40,0,Defender,0,0
0,-156,Mills,0,0,QPR(A) 1-1,Reading,31510,Jack,0,0,0,10,0,0,0,04 Nov 13:30,0,0,40,0,Defender,0,0
0,-134,Mills,0,0,NOR(H) 0-0,Reading,31511,Jack,0,0,0,11,0,0,0,10 Nov 15:00,0,0,40,0,Defender,0,0
0,-137,Mills,0,0,EVE(H) 2-1,Reading,31512,Jack,0,0,0,12,0,0,0,17 Nov 15:00,0,0,40,0,Defender,0,0
0,-114,Mills,0,0,WIG(A) 2-3,Reading,31513,Jack,0,0,0,13,0,0,0,24 Nov 15:00,0,0,40,0,Defender,0,0
0,-50,Mills,0,0,AVL(A) 0-1,Reading,31514,Jack,0,0,0,14,0,0,0,27 Nov 20:00,0,0,40,0,Defender,0,0
0,-84,Mills,0,0,MUN(H) 3-4,Reading,31515,Jack,0,0,0,15,0,0,0,01 Dec 17:30,0,0,40,0,Defender,0,0
0,-89,Mills,0,0,SUN(A) 0-3,Reading,31516,Jack,0,0,0,16,0,0,0,11 Dec 19:45,0,0,40,0,Defender,0,0
0,-83,Mills,0,0,ARS(H) 2-5,Reading,31517,Jack,0,0,0,17,0,0,0,17 Dec 20:00,0,0,40,0,Defender,0,0
0,-64,Mills,0,0,MCI(A) 0-1,Reading,31518,Jack,0,0,0,18,0,0,0,22 Dec 15:00,0,0,40,0,Defender,0,0
0,-52,Mills,0,0,SWA(H) 0-0,Reading,31519,Jack,0,0,0,19,0,0,0,26 Dec 15:00,0,0,40,0,Defender,0,0
0,-45,Mills,0,0,WHU(H) 1-0,Reading,31520,Jack,0,0,0,20,0,0,0,29 Dec 15:00,0,0,40,0,Defender,0,0
0,-34,Mills,0,0,TOT(A) 1-3,Reading,31521,Jack,0,0,0,21,0,0,0,01 Jan 15:00,0,0,40,0,Defender,0,0
0,-161,Mills,0,0,WBA(H) 3-2,Reading,31522,Jack,0,0,0,22,0,0,0,12 Jan 15:00,0,0,40,0,Defender,0,0
0,-76,Mills,0,0,NEW(A) 2-1,Reading,31523,Jack,0,0,0,23,0,0,0,19 Jan 15:00,0,0,40,0,Defender,0,0
0,-75,Mills,0,0,CHE(H) 2-2,Reading,31524,Jack,0,0,0,24,0,0,0,30 Jan 20:00,0,0,40,0,Defender,0,0
0,-42,Mills,0,0,SUN(H) 2-1,Reading,31525,Jack,0,0,0,25,0,0,0,02 Feb 15:00,0,0,40,0,Defender,0,0
0,-29,Mills,0,0,STK(A) 1-2,Reading,31526,Jack,0,0,0,26,0,0,0,09 Feb 15:00,0,0,40,0,Defender,0,0
0,-32,Mills,0,0,WIG(H) 0-3,Reading,31527,Jack,0,0,0,27,0,0,0,23 Feb 15:00,0,0,40,0,Defender,0,0
0,-14,Mills,0,0,EVE(A) 1-3,Reading,31528,Jack,0,0,0,28,0,0,0,02 Mar 15:00,0,0,40,0,Defender,0,0
0,-15,Mills,0,0,AVL(H) 1-2,Reading,31529,Jack,0,0,0,29,0,0,0,09 Mar 15:00,0,0,40,0,Defender,0,0
0,-13,Mills,0,0,MUN(A) 0-1,Reading,31530,Jack,0,0,0,30,0,0,0,16 Mar 17:30,0,0,40,0,Defender,0,0
0,-11,Mills,0,0,ARS(A) 1-4,Reading,31531,Jack,0,0,0,31,0,0,0,30 Mar 15:00,0,0,40,0,Defender,0,0
0,-10,Mills,0,0,SOU(H) 0-2,Reading,31532,Jack,0,0,0,32,0,0,0,06 Apr 12:45,0,0,40,0,Defender,0,0
0,-6,Mills,0,0,LIV(H) 0-0,Reading,31533,Jack,0,0,0,33,0,0,0,13 Apr 15:00,0,0,40,0,Defender,0,0
0,-2,Mills,0,0,NOR(A) 1-2,Reading,31534,Jack,0,0,0,34,0,0,0,20 Apr 15:00,0,0,40,0,Defender,0,0
0,-6,Mills,0,0,QPR(H) 0-0,Reading,31535,Jack,0,0,0,35,0,0,0,28 Apr 13:30,0,0,40,0,Defender,0,0
0,-2,Mills,0,0,FUL(A) 4-2,Reading,31536,Jack,0,0,0,36,0,0,0,04 May 15:00,0,0,40,0,Defender,0,0
0,-4,Mills,0,0,MCI(H) 0-2,Reading,31537,Jack,0,0,0,37,0,0,0,14 May 20:00,0,0,40,0,Defender,0,0
0,-2,Mills,0,0,WHU(A) 2-4,Reading,31538,Jack,0,0,0,38,0,0,0,19 May 16:00,0,0,40,0,Defender,0,0
0,0,McAnuff,4,0,CHE(A) 2-4,Reading,3171,Jobi,0,90,20,1,0,0,1,22 Aug 19:45,0,0,55,5,Midfielder,0,0
0,-2943,McAnuff,3,0,TOT(H) 1-3,Reading,3174,Jobi,0,90,-6,4,0,0,0,16 Sep 16:00,0,0,52,2,Midfielder,0,0
0,-1848,McAnuff,1,0,WBA(A) 0-1,Reading,3175,Jobi,0,90,2,5,0,0,0,22 Sep 15:00,0,0,51,2,Midfielder,0,0
0,-1622,McAnuff,2,0,NEW(H) 2-2,Reading,3176,Jobi,0,90,12,6,0,0,2,29 Sep 15:00,0,0,51,8,Midfielder,0,0
0,928,McAnuff,2,0,SWA(A) 2-2,Reading,3177,Jobi,0,90,11,7,0,0,1,06 Oct 15:00,0,0,51,5,Midfielder,0,0
0,3646,McAnuff,1,0,LIV(A) 0-1,Reading,3178,Jobi,0,90,6,8,0,0,0,20 Oct 15:00,0,0,51,2,Midfielder,0,0
0,2825,McAnuff,3,0,FUL(H) 3-3,Reading,3179,Jobi,0,90,4,9,0,0,1,27 Oct 15:00,0,0,51,5,Midfielder,0,0
0,7486,McAnuff,1,0,QPR(A) 1-1,Reading,31710,Jobi,0,78,9,10,0,0,0,04 Nov 13:30,0,0,51,2,Midfielder,0,0
0,2532,McAnuff,0,0,NOR(H) 0-0,Reading,31711,Jobi,0,90,8,11,0,1,0,10 Nov 15:00,0,0,51,3,Midfielder,0,0
0,-301,McAnuff,1,0,EVE(H) 2-1,Reading,31712,Jobi,0,90,17,12,0,0,0,17 Nov 15:00,0,0,51,2,Midfielder,0,0
0,-450,McAnuff,3,0,WIG(A) 2-3,Reading,31713,Jobi,0,90,4,13,0,0,0,24 Nov 15:00,0,0,51,2,Midfielder,0,0
0,-996,McAnuff,1,0,AVL(A) 0-1,Reading,31714,Jobi,0,90,-1,14,0,0,0,27 Nov 20:00,0,0,51,2,Midfielder,0,0
0,-1264,McAnuff,4,0,MUN(H) 3-4,Reading,31715,Jobi,0,78,6,15,0,0,1,01 Dec 17:30,0,0,51,5,Midfielder,0,0
0,22639,McAnuff,3,0,SUN(A) 0-3,Reading,31716,Jobi,0,90,-6,16,0,0,0,11 Dec 19:45,0,0,52,2,Midfielder,0,0
1,-8244,McAnuff,5,0,ARS(H) 2-5,Reading,31717,Jobi,0,90,-2,17,0,0,0,17 Dec 20:00,0,0,52,1,Midfielder,0,0
0,-6235,McAnuff,1,0,MCI(A) 0-1,Reading,31718,Jobi,0,90,0,18,0,0,0,22 Dec 15:00,0,0,50,2,Midfielder,0,0
0,-2306,McAnuff,0,0,SWA(H) 0-0,Reading,31719,Jobi,0,60,0,19,0,1,0,26 Dec 15:00,0,0,49,3,Midfielder,0,0
0,-2100,McAnuff,0,0,WHU(H) 1-0,Reading,31720,Jobi,0,90,15,20,0,1,0,29 Dec 15:00,0,0,49,3,Midfielder,0,0
0,-1724,McAnuff,2,0,TOT(A) 1-3,Reading,31721,Jobi,0,72,-2,21,0,0,0,01 Jan 15:00,0,0,48,2,Midfielder,0,0
0,-5117,McAnuff,2,0,WBA(H) 3-2,Reading,31722,Jobi,0,90,21,22,0,0,0,12 Jan 15:00,0,0,47,2,Midfielder,0,0
0,-184,McAnuff,1,0,NEW(A) 2-1,Reading,31723,Jobi,0,90,15,23,0,0,0,19 Jan 15:00,0,0,47,2,Midfielder,0,0
1,-297,McAnuff,2,0,CHE(H) 2-2,Reading,31724,Jobi,0,65,5,24,0,0,0,30 Jan 20:00,0,0,47,1,Midfielder,0,0
1,-571,McAnuff,1,0,SUN(H) 2-1,Reading,31725,Jobi,0,90,19,25,0,0,1,02 Feb 15:00,0,0,47,4,Midfielder,0,0
0,-557,McAnuff,1,0,STK(A) 1-2,Reading,31726,Jobi,0,73,3,26,0,0,0,09 Feb 15:00,0,0,47,2,Midfielder,0,0
0,3121,McAnuff,3,0,WIG(H) 0-3,Reading,31727,Jobi,0,90,-2,27,0,0,0,23 Feb 15:00,0,0,47,2,Midfielder,0,0
0,-983,McAnuff,3,0,EVE(A) 1-3,Reading,31728,Jobi,0,90,11,28,0,0,0,02 Mar 15:00,0,0,47,2,Midfielder,0,0
1,1955,McAnuff,2,0,AVL(H) 1-2,Reading,31729,Jobi,0,90,8,29,0,0,0,09 Mar 15:00,0,0,47,1,Midfielder,0,0
0,-1283,McAnuff,1,0,MUN(A) 0-1,Reading,31730,Jobi,0,90,-5,30,0,0,0,16 Mar 17:30,0,0,47,2,Midfielder,0,0
0,-1000,McAnuff,4,0,ARS(A) 1-4,Reading,31731,Jobi,0,90,10,31,0,0,1,30 Mar 15:00,0,0,47,5,Midfielder,0,0
0,755,McAnuff,2,0,SOU(H) 0-2,Reading,31732,Jobi,0,90,-1,32,0,0,0,06 Apr 12:45,0,0,47,2,Midfielder,0,0
0,-403,McAnuff,0,0,LIV(H) 0-0,Reading,31733,Jobi,0,90,17,33,1,1,0,13 Apr 15:00,0,0,47,4,Midfielder,0,0
0,883,McAnuff,2,0,NOR(A) 1-2,Reading,31734,Jobi,0,90,-5,34,0,0,0,20 Apr 15:00,0,0,47,2,Midfielder,0,0
0,529,McAnuff,0,0,QPR(H) 0-0,Reading,31735,Jobi,0,90,13,35,1,1,0,28 Apr 13:30,0,0,47,4,Midfielder,0,0
0,-1083,McAnuff,1,0,FUL(A) 4-2,Reading,31736,Jobi,0,72,17,36,0,0,0,04 May 15:00,0,0,47,2,Midfielder,0,0
0,-227,McAnuff,1,0,MCI(H) 0-2,Reading,31737,Jobi,0,68,3,37,0,0,0,14 May 20:00,0,0,47,2,Midfielder,0,0
1,-498,McAnuff,4,0,WHU(A) 2-4,Reading,31738,Jobi,0,90,4,38,0,0,1,19 May 16:00,0,0,47,4,Midfielder,0,0
0,0,Kebe,0,0,CHE(A) 2-4,Reading,3181,Jimmy,0,0,0,1,0,0,0,22 Aug 19:45,0,0,50,0,Midfielder,0,0
0,-159,Kebe,0,0,TOT(H) 1-3,Reading,3184,Jimmy,0,0,0,4,0,0,0,16 Sep 16:00,0,0,48,0,Midfielder,0,0
0,-67,Kebe,0,0,WBA(A) 0-1,Reading,3185,Jimmy,0,0,0,5,0,0,0,22 Sep 15:00,0,0,48,0,Midfielder,0,0
0,-23,Kebe,1,0,NEW(H) 2-2,Reading,3186,Jimmy,0,69,24,6,1,0,0,29 Sep 15:00,0,0,48,8,Midfielder,0,1
0,447,Kebe,2,0,SWA(A) 2-2,Reading,3187,Jimmy,0,90,2,7,0,0,0,06 Oct 15:00,0,0,48,2,Midfielder,0,0
0,109,Kebe,1,0,LIV(A) 0-1,Reading,3188,Jimmy,0,90,5,8,0,0,0,20 Oct 15:00,0,0,48,2,Midfielder,0,0
0,216,Kebe,2,0,FUL(H) 3-3,Reading,3189,Jimmy,0,77,16,9,0,0,0,27 Oct 15:00,0,0,48,2,Midfielder,0,0
0,53,Kebe,1,0,QPR(A) 1-1,Reading,31810,Jimmy,0,29,-6,10,0,0,0,04 Nov 13:30,0,0,48,1,Midfielder,0,0
0,-29,Kebe,0,0,NOR(H) 0-0,Reading,31811,Jimmy,0,31,8,11,0,0,0,10 Nov 15:00,0,0,48,1,Midfielder,0,0
0,-207,Kebe,0,0,EVE(H) 2-1,Reading,31812,Jimmy,0,0,0,12,0,0,0,17 Nov 15:00,0,0,48,0,Midfielder,0,0
0,-184,Kebe,0,0,WIG(A) 2-3,Reading,31813,Jimmy,0,0,0,13,0,0,0,24 Nov 15:00,0,0,48,0,Midfielder,0,0
0,-133,Kebe,0,0,AVL(A) 0-1,Reading,31814,Jimmy,0,0,0,14,0,0,0,27 Nov 20:00,0,0,48,0,Midfielder,0,0
0,-110,Kebe,0,0,MUN(H) 3-4,Reading,31815,Jimmy,0,0,0,15,0,0,0,01 Dec 17:30,0,0,47,0,Midfielder,0,0
0,-127,Kebe,0,0,SUN(A) 0-3,Reading,31816,Jimmy,0,0,0,16,0,0,0,11 Dec 19:45,0,0,46,0,Midfielder,0,0
0,-51,Kebe,4,0,ARS(H) 2-5,Reading,31817,Jimmy,0,71,17,17,0,0,0,17 Dec 20:00,0,0,46,7,Midfielder,0,1
0,95,Kebe,1,0,MCI(A) 0-1,Reading,31818,Jimmy,0,90,4,18,0,0,0,22 Dec 15:00,0,0,46,2,Midfielder,0,0
0,236,Kebe,0,0,SWA(H) 0-0,Reading,31819,Jimmy,0,90,3,19,0,1,0,26 Dec 15:00,0,0,46,3,Midfielder,0,0
0,191,Kebe,0,0,WHU(H) 1-0,Reading,31820,Jimmy,0,75,11,20,0,1,0,29 Dec 15:00,0,0,46,3,Midfielder,0,0
0,43,Kebe,3,0,TOT(A) 1-3,Reading,31821,Jimmy,0,90,1,21,0,0,0,01 Jan 15:00,0,0,46,2,Midfielder,0,0
0,83,Kebe,2,0,WBA(H) 3-2,Reading,31822,Jimmy,0,90,39,22,3,0,1,12 Jan 15:00,0,0,46,13,Midfielder,0,1
1,5950,Kebe,1,0,NEW(A) 2-1,Reading,31823,Jimmy,0,90,19,23,0,0,1,19 Jan 15:00,0,0,46,4,Midfielder,0,0
0,5098,Kebe,2,0,CHE(H) 2-2,Reading,31824,Jimmy,0,90,8,24,0,0,0,30 Jan 20:00,0,0,46,2,Midfielder,0,0
0,5615,Kebe,1,0,SUN(H) 2-1,Reading,31825,Jimmy,0,90,46,25,3,0,0,02 Feb 15:00,0,0,46,15,Midfielder,0,2
0,14796,Kebe,2,0,STK(A) 1-2,Reading,31826,Jimmy,0,90,4,26,0,0,0,09 Feb 15:00,0,0,46,2,Midfielder,0,0
0,6214,Kebe,3,0,WIG(H) 0-3,Reading,31827,Jimmy,0,62,0,27,0,0,0,23 Feb 15:00,0,0,47,2,Midfielder,0,0
0,-755,Kebe,0,0,EVE(A) 1-3,Reading,31828,Jimmy,0,18,-4,28,0,0,0,02 Mar 15:00,0,0,47,1,Midfielder,0,0
0,-6453,Kebe,0,0,AVL(H) 1-2,Reading,31829,Jimmy,0,0,0,29,0,0,0,09 Mar 15:00,0,0,46,0,Midfielder,0,0
0,-5945,Kebe,0,0,MUN(A) 0-1,Reading,31830,Jimmy,0,0,0,30,0,0,0,16 Mar 17:30,0,0,45,0,Midfielder,0,0
0,-4367,Kebe,0,0,ARS(A) 1-4,Reading,31831,Jimmy,0,0,0,31,0,0,0,30 Mar 15:00,0,0,44,0,Midfielder,0,0
0,-2427,Kebe,0,0,SOU(H) 0-2,Reading,31832,Jimmy,0,0,0,32,0,0,0,06 Apr 12:45,0,0,43,0,Midfielder,0,0
0,-2365,Kebe,0,0,LIV(H) 0-0,Reading,31833,Jimmy,0,0,0,33,0,0,0,13 Apr 15:00,0,0,42,0,Midfielder,0,0
0,-694,Kebe,0,0,NOR(A) 1-2,Reading,31834,Jimmy,0,0,0,34,0,0,0,20 Apr 15:00,0,0,42,0,Midfielder,0,0
0,-778,Kebe,0,0,QPR(H) 0-0,Reading,31835,Jimmy,0,0,0,35,0,0,0,28 Apr 13:30,0,0,42,0,Midfielder,0,0
0,-1165,Kebe,0,0,FUL(A) 4-2,Reading,31836,Jimmy,0,0,0,36,0,0,0,04 May 15:00,0,0,42,0,Midfielder,0,0
0,-398,Kebe,0,0,MCI(H) 0-2,Reading,31837,Jimmy,0,0,0,37,0,0,0,14 May 20:00,0,0,41,0,Midfielder,0,0
0,-259,Kebe,0,0,WHU(A) 2-4,Reading,31838,Jimmy,0,0,0,38,0,0,0,19 May 16:00,0,0,41,0,Midfielder,0,0
0,0,Obita,0,0,CHE(A) 2-4,Reading,3211,Jordan,0,0,0,1,0,0,0,22 Aug 19:45,0,0,45,0,Midfielder,0,0
0,-37,Obita,0,0,TOT(H) 1-3,Reading,3214,Jordan,0,0,0,4,0,0,0,16 Sep 16:00,0,0,43,0,Midfielder,0,0
0,97,Obita,0,0,WBA(A) 0-1,Reading,3215,Jordan,0,0,0,5,0,0,0,22 Sep 15:00,0,0,43,0,Midfielder,0,0
0,10,Obita,0,0,NEW(H) 2-2,Reading,3216,Jordan,0,0,0,6,0,0,0,29 Sep 15:00,0,0,43,0,Midfielder,0,0
0,-33,Obita,0,0,SWA(A) 2-2,Reading,3217,Jordan,0,0,0,7,0,0,0,06 Oct 15:00,0,0,43,0,Midfielder,0,0
0,-4,Obita,0,0,LIV(A) 0-1,Reading,3218,Jordan,0,0,0,8,0,0,0,20 Oct 15:00,0,0,43,0,Midfielder,0,0
0,-21,Obita,0,0,FUL(H) 3-3,Reading,3219,Jordan,0,0,0,9,0,0,0,27 Oct 15:00,0,0,43,0,Midfielder,0,0
0,-7,Obita,0,0,QPR(A) 1-1,Reading,32110,Jordan,0,0,0,10,0,0,0,04 Nov 13:30,0,0,43,0,Midfielder,0,0
0,-33,Obita,0,0,NOR(H) 0-0,Reading,32111,Jordan,0,0,0,11,0,0,0,10 Nov 15:00,0,0,43,0,Midfielder,0,0
0,-56,Obita,0,0,EVE(H) 2-1,Reading,32112,Jordan,0,0,0,12,0,0,0,17 Nov 15:00,0,0,43,0,Midfielder,0,0
0,-42,Obita,0,0,WIG(A) 2-3,Reading,32113,Jordan,0,0,0,13,0,0,0,24 Nov 15:00,0,0,43,0,Midfielder,0,0
0,-21,Obita,0,0,AVL(A) 0-1,Reading,32114,Jordan,0,0,0,14,0,0,0,27 Nov 20:00,0,0,43,0,Midfielder,0,0
0,-21,Obita,0,0,MUN(H) 3-4,Reading,32115,Jordan,0,0,0,15,0,0,0,01 Dec 17:30,0,0,43,0,Midfielder,0,0
0,13,Obita,0,0,SUN(A) 0-3,Reading,32116,Jordan,0,0,0,16,0,0,0,11 Dec 19:45,0,0,42,0,Midfielder,0,0
0,16,Obita,0,0,ARS(H) 2-5,Reading,32117,Jordan,0,0,0,17,0,0,0,17 Dec 20:00,0,0,42,0,Midfielder,0,0
0,88,Obita,0,0,MCI(A) 0-1,Reading,32118,Jordan,0,0,0,18,0,0,0,22 Dec 15:00,0,0,42,0,Midfielder,0,0
0,73,Obita,0,0,SWA(H) 0-0,Reading,32119,Jordan,0,0,0,19,0,0,0,26 Dec 15:00,0,0,42,0,Midfielder,0,0
0,46,Obita,0,0,WHU(H) 1-0,Reading,32120,Jordan,0,0,0,20,0,0,0,29 Dec 15:00,0,0,42,0,Midfielder,0,0
0,-7,Obita,0,0,TOT(A) 1-3,Reading,32121,Jordan,0,0,0,21,0,0,0,01 Jan 15:00,0,0,42,0,Midfielder,0,0
0,208,Obita,0,0,WBA(H) 3-2,Reading,32122,Jordan,0,0,0,22,0,0,0,12 Jan 15:00,0,0,42,0,Midfielder,0,0
0,63,Obita,0,0,NEW(A) 2-1,Reading,32123,Jordan,0,0,0,23,0,0,0,19 Jan 15:00,0,0,42,0,Midfielder,0,0
0,124,Obita,0,0,CHE(H) 2-2,Reading,32124,Jordan,0,0,0,24,0,0,0,30 Jan 20:00,0,0,42,0,Midfielder,0,0
0,-2,Obita,0,0,SUN(H) 2-1,Reading,32125,Jordan,0,0,0,25,0,0,0,02 Feb 15:00,0,0,42,0,Midfielder,0,0
0,7,Obita,0,0,STK(A) 1-2,Reading,32126,Jordan,0,0,0,26,0,0,0,09 Feb 15:00,0,0,42,0,Midfielder,0,0
0,62,Obita,0,0,WIG(H) 0-3,Reading,32127,Jordan,0,0,0,27,0,0,0,23 Feb 15:00,0,0,42,0,Midfielder,0,0
0,25,Obita,0,0,EVE(A) 1-3,Reading,32128,Jordan,0,0,0,28,0,0,0,02 Mar 15:00,0,0,42,0,Midfielder,0,0
0,-25,Obita,0,0,AVL(H) 1-2,Reading,32129,Jordan,0,0,0,29,0,0,0,09 Mar 15:00,0,0,42,0,Midfielder,0,0
0,22,Obita,0,0,MUN(A) 0-1,Reading,32130,Jordan,0,0,0,30,0,0,0,16 Mar 17:30,0,0,42,0,Midfielder,0,0
0,16,Obita,0,0,ARS(A) 1-4,Reading,32131,Jordan,0,0,0,31,0,0,0,30 Mar 15:00,0,0,42,0,Midfielder,0,0
0,7,Obita,0,0,SOU(H) 0-2,Reading,32132,Jordan,0,0,0,32,0,0,0,06 Apr 12:45,0,0,42,0,Midfielder,0,0
0,-22,Obita,0,0,LIV(H) 0-0,Reading,32133,Jordan,0,0,0,33,0,0,0,13 Apr 15:00,0,0,42,0,Midfielder,0,0
0,-13,Obita,0,0,NOR(A) 1-2,Reading,32134,Jordan,0,0,0,34,0,0,0,20 Apr 15:00,0,0,42,0,Midfielder,0,0
0,30,Obita,0,0,QPR(H) 0-0,Reading,32135,Jordan,0,0,0,35,0,0,0,28 Apr 13:30,0,0,42,0,Midfielder,0,0
0,19,Obita,0,0,FUL(A) 4-2,Reading,32136,Jordan,0,0,0,36,0,0,0,04 May 15:00,0,0,42,0,Midfielder,0,0
0,42,Obita,0,0,MCI(H) 0-2,Reading,32137,Jordan,0,0,0,37,0,0,0,14 May 20:00,0,0,42,0,Midfielder,0,0
0,-12,Obita,0,0,WHU(A) 2-4,Reading,32138,Jordan,0,0,0,38,0,0,0,19 May 16:00,0,0,42,0,Midfielder,0,0
1,0,Karacan,2,0,CHE(A) 2-4,Reading,3221,Jem,0,70,4,1,0,0,0,22 Aug 19:45,0,0,45,1,Midfielder,0,0
0,2351,Karacan,1,0,TOT(H) 1-3,Reading,3224,Jem,0,45,2,4,0,0,0,16 Sep 16:00,0,0,43,1,Midfielder,0,0
0,52,Karacan,0,0,WBA(A) 0-1,Reading,3225,Jem,0,0,0,5,0,0,0,22 Sep 15:00,0,0,43,0,Midfielder,0,0
0,-288,Karacan,2,0,NEW(H) 2-2,Reading,3226,Jem,0,90,4,6,0,0,0,29 Sep 15:00,0,0,43,2,Midfielder,0,0
0,91,Karacan,2,0,SWA(A) 2-2,Reading,3227,Jem,0,90,7,7,0,0,0,06 Oct 15:00,0,0,43,2,Midfielder,0,0
0,9,Karacan,0,0,LIV(A) 0-1,Reading,3228,Jem,0,24,1,8,0,0,0,20 Oct 15:00,0,0,43,1,Midfielder,0,0
0,-591,Karacan,0,0,FUL(H) 3-3,Reading,3229,Jem,0,0,0,9,0,0,0,27 Oct 15:00,0,0,43,0,Midfielder,0,0
0,-631,Karacan,0,0,QPR(A) 1-1,Reading,32210,Jem,0,0,0,10,0,0,0,04 Nov 13:30,0,0,43,0,Midfielder,0,0
0,-392,Karacan,0,0,NOR(H) 0-0,Reading,32211,Jem,0,0,0,11,0,0,0,10 Nov 15:00,0,0,43,0,Midfielder,0,0
0,-319,Karacan,0,0,EVE(H) 2-1,Reading,32212,Jem,0,0,0,12,0,0,0,17 Nov 15:00,0,0,43,0,Midfielder,0,0
0,-371,Karacan,0,0,WIG(A) 2-3,Reading,32213,Jem,0,0,0,13,0,0,0,24 Nov 15:00,0,0,43,0,Midfielder,0,0
0,-169,Karacan,0,0,AVL(A) 0-1,Reading,32214,Jem,0,0,0,14,0,0,0,27 Nov 20:00,0,0,43,0,Midfielder,0,0
0,-168,Karacan,0,0,MUN(H) 3-4,Reading,32215,Jem,0,0,0,15,0,0,0,01 Dec 17:30,0,0,43,0,Midfielder,0,0
0,-308,Karacan,0,0,SUN(A) 0-3,Reading,32216,Jem,0,0,0,16,0,0,0,11 Dec 19:45,0,0,42,0,Midfielder,0,0
0,-176,Karacan,0,0,ARS(H) 2-5,Reading,32217,Jem,0,0,0,17,0,0,0,17 Dec 20:00,0,0,42,0,Midfielder,0,0
0,-108,Karacan,0,0,MCI(A) 0-1,Reading,32218,Jem,0,70,1,18,0,1,0,22 Dec 15:00,0,0,42,3,Midfielder,0,0
0,107,Karacan,0,0,SWA(H) 0-0,Reading,32219,Jem,0,90,8,19,0,1,0,26 Dec 15:00,0,0,42,3,Midfielder,0,0
0,47,Karacan,0,0,WHU(H) 1-0,Reading,32220,Jem,0,90,21,20,2,1,0,29 Dec 15:00,0,0,42,5,Midfielder,0,0
0,38,Karacan,2,0,TOT(A) 1-3,Reading,32221,Jem,0,56,6,21,0,0,0,01 Jan 15:00,0,0,42,1,Midfielder,0,0
0,31,Karacan,1,0,WBA(H) 3-2,Reading,32222,Jem,0,64,14,22,0,0,0,12 Jan 15:00,0,0,42,2,Midfielder,0,0
0,41,Karacan,0,0,NEW(A) 2-1,Reading,32223,Jem,0,0,0,23,0,0,0,19 Jan 15:00,0,0,42,0,Midfielder,0,0
0,-85,Karacan,2,0,CHE(H) 2-2,Reading,32224,Jem,0,76,6,24,0,0,0,30 Jan 20:00,0,0,42,2,Midfielder,0,0
0,-53,Karacan,0,0,SUN(H) 2-1,Reading,32225,Jem,0,0,0,25,0,0,0,02 Feb 15:00,0,0,42,0,Midfielder,0,0
0,-110,Karacan,0,0,STK(A) 1-2,Reading,32226,Jem,0,0,0,26,0,0,0,09 Feb 15:00,0,0,42,0,Midfielder,0,0
0,-125,Karacan,3,0,WIG(H) 0-3,Reading,32227,Jem,0,70,5,27,0,0,0,23 Feb 15:00,0,0,42,2,Midfielder,0,0
0,-5,Karacan,0,0,EVE(A) 1-3,Reading,32228,Jem,0,0,0,28,0,0,0,02 Mar 15:00,0,0,42,0,Midfielder,0,0
0,-78,Karacan,0,0,AVL(H) 1-2,Reading,32229,Jem,0,0,0,29,0,0,0,09 Mar 15:00,0,0,42,0,Midfielder,0,0
0,-51,Karacan,1,0,MUN(A) 0-1,Reading,32230,Jem,0,90,7,30,0,0,0,16 Mar 17:30,0,0,42,2,Midfielder,0,0
0,-16,Karacan,3,0,ARS(A) 1-4,Reading,32231,Jem,0,75,3,31,0,0,0,30 Mar 15:00,0,0,42,2,Midfielder,0,0
0,-31,Karacan,2,0,SOU(H) 0-2,Reading,32232,Jem,0,90,4,32,0,0,0,06 Apr 12:45,0,0,42,2,Midfielder,0,0
0,-29,Karacan,0,0,LIV(H) 0-0,Reading,32233,Jem,0,56,6,33,0,0,0,13 Apr 15:00,0,0,42,1,Midfielder,0,0
1,0,Karacan,2,0,NOR(A) 1-2,Reading,32234,Jem,0,90,8,34,0,0,0,20 Apr 15:00,0,0,42,1,Midfielder,0,0
0,-28,Karacan,0,0,QPR(H) 0-0,Reading,32235,Jem,0,90,9,35,0,1,0,28 Apr 13:30,0,0,42,3,Midfielder,0,0
0,-4,Karacan,2,0,FUL(A) 4-2,Reading,32236,Jem,0,90,44,36,3,0,1,04 May 15:00,0,0,42,13,Midfielder,0,1
0,703,Karacan,2,0,MCI(H) 0-2,Reading,32237,Jem,0,90,9,37,0,0,0,14 May 20:00,0,0,42,2,Midfielder,0,0
0,684,Karacan,4,0,WHU(A) 2-4,Reading,32238,Jem,0,90,2,38,0,0,0,19 May 16:00,0,0,42,2,Midfielder,0,0
0,0,Tabb,0,0,CHE(A) 2-4,Reading,3241,Jay,0,0,0,1,0,0,0,22 Aug 19:45,0,0,45,0,Midfielder,0,0
0,-78,Tabb,0,0,TOT(H) 1-3,Reading,3244,Jay,0,0,0,4,0,0,0,16 Sep 16:00,0,0,44,0,Midfielder,0,0
0,-53,Tabb,0,0,WBA(A) 0-1,Reading,3245,Jay,0,0,0,5,0,0,0,22 Sep 15:00,0,0,44,0,Midfielder,0,0
0,-2,Tabb,0,0,NEW(H) 2-2,Reading,3246,Jay,0,0,0,6,0,0,0,29 Sep 15:00,0,0,43,0,Midfielder,0,0
1,-17,Tabb,2,0,SWA(A) 2-2,Reading,3247,Jay,0,88,6,7,0,0,0,06 Oct 15:00,0,0,43,1,Midfielder,0,0
0,10,Tabb,0,0,LIV(A) 0-1,Reading,3248,Jay,0,0,0,8,0,0,0,20 Oct 15:00,0,0,43,0,Midfielder,0,0
0,5,Tabb,1,0,FUL(H) 3-3,Reading,3249,Jay,0,68,11,9,0,0,0,27 Oct 15:00,0,0,43,2,Midfielder,0,0
0,33,Tabb,1,0,QPR(A) 1-1,Reading,32410,Jay,0,90,11,10,0,0,0,04 Nov 13:30,0,0,43,2,Midfielder,0,0
0,146,Tabb,0,0,NOR(H) 0-0,Reading,32411,Jay,0,90,9,11,0,1,0,10 Nov 15:00,0,0,43,3,Midfielder,0,0
0,156,Tabb,1,0,EVE(H) 2-1,Reading,32412,Jay,0,90,5,12,0,0,0,17 Nov 15:00,0,0,43,2,Midfielder,0,0
0,158,Tabb,2,0,WIG(A) 2-3,Reading,32413,Jay,0,72,-2,13,0,0,0,24 Nov 15:00,0,0,43,2,Midfielder,0,0
0,80,Tabb,1,0,AVL(A) 0-1,Reading,32414,Jay,0,90,4,14,0,0,0,27 Nov 20:00,0,0,43,2,Midfielder,0,0
1,147,Tabb,4,0,MUN(H) 3-4,Reading,32415,Jay,0,90,2,15,0,0,0,01 Dec 17:30,0,0,43,1,Midfielder,0,0
0,22,Tabb,3,0,SUN(A) 0-3,Reading,32416,Jay,0,90,1,16,0,0,0,11 Dec 19:45,0,0,43,2,Midfielder,0,0
0,100,Tabb,5,0,ARS(H) 2-5,Reading,32417,Jay,0,90,6,17,0,0,1,17 Dec 20:00,0,0,43,5,Midfielder,0,0
0,457,Tabb,1,0,MCI(A) 0-1,Reading,32418,Jay,0,90,3,18,0,0,0,22 Dec 15:00,0,0,43,2,Midfielder,0,0
0,201,Tabb,0,0,SWA(H) 0-0,Reading,32419,Jay,0,0,0,19,0,0,0,26 Dec 15:00,0,0,43,0,Midfielder,0,0
0,-73,Tabb,0,0,WHU(H) 1-0,Reading,32420,Jay,0,0,0,20,0,0,0,29 Dec 15:00,0,0,43,0,Midfielder,0,0
0,-130,Tabb,0,0,TOT(A) 1-3,Reading,32421,Jay,0,0,0,21,0,0,0,01 Jan 15:00,0,0,43,0,Midfielder,0,0
0,-313,Tabb,0,0,WBA(H) 3-2,Reading,32422,Jay,0,0,0,22,0,0,0,12 Jan 15:00,0,0,43,0,Midfielder,0,0
0,-193,Tabb,0,0,NEW(A) 2-1,Reading,32423,Jay,0,0,0,23,0,0,0,19 Jan 15:00,0,0,43,0,Midfielder,0,0
0,-135,Tabb,0,0,CHE(H) 2-2,Reading,32424,Jay,0,0,0,24,0,0,0,30 Jan 20:00,0,0,43,0,Midfielder,0,0
0,-76,Tabb,0,0,SUN(H) 2-1,Reading,32425,Jay,0,0,0,25,0,0,0,02 Feb 15:00,0,0,43,0,Midfielder,0,0
0,-55,Tabb,0,0,STK(A) 1-2,Reading,32426,Jay,0,0,0,26,0,0,0,09 Feb 15:00,0,0,43,0,Midfielder,0,0
0,-54,Tabb,0,0,WIG(H) 0-3,Reading,32427,Jay,0,0,0,27,0,0,0,23 Feb 15:00,0,0,43,0,Midfielder,0,0
0,-38,Tabb,0,0,EVE(A) 1-3,Reading,32428,Jay,0,0,0,28,0,0,0,02 Mar 15:00,0,0,43,0,Midfielder,0,0
0,-58,Tabb,0,0,AVL(H) 1-2,Reading,32429,Jay,0,0,0,29,0,0,0,09 Mar 15:00,0,0,43,0,Midfielder,0,0
0,-77,Tabb,0,0,MUN(A) 0-1,Reading,32430,Jay,0,0,0,30,0,0,0,16 Mar 17:30,0,0,43,0,Midfielder,0,0
0,-51,Tabb,0,0,ARS(A) 1-4,Reading,32431,Jay,0,0,0,31,0,0,0,30 Mar 15:00,0,0,43,0,Midfielder,0,0
0,-29,Tabb,0,0,SOU(H) 0-2,Reading,32432,Jay,0,0,0,32,0,0,0,06 Apr 12:45,0,0,43,0,Midfielder,0,0
0,-28,Tabb,0,0,LIV(H) 0-0,Reading,32433,Jay,0,0,0,33,0,0,0,13 Apr 15:00,0,0,43,0,Midfielder,0,0
0,-16,Tabb,0,0,NOR(A) 1-2,Reading,32434,Jay,0,0,0,34,0,0,0,20 Apr 15:00,0,0,43,0,Midfielder,0,0
0,-16,Tabb,0,0,QPR(H) 0-0,Reading,32435,Jay,0,0,0,35,0,0,0,28 Apr 13:30,0,0,43,0,Midfielder,0,0
0,-14,Tabb,0,0,FUL(A) 4-2,Reading,32436,Jay,0,0,0,36,0,0,0,04 May 15:00,0,0,43,0,Midfielder,0,0
0,-7,Tabb,0,0,MCI(H) 0-2,Reading,32437,Jay,0,0,0,37,0,0,0,14 May 20:00,0,0,43,0,Midfielder,0,0
0,-10,Tabb,0,0,WHU(A) 2-4,Reading,32438,Jay,0,0,0,38,0,0,0,19 May 16:00,0,0,43,0,Midfielder,0,0
0,0,Roberts,0,0,CHE(A) 2-4,Reading,3301,Jason,0,0,0,1,0,0,0,22 Aug 19:45,0,0,45,0,Forward,0,0
0,-110,Roberts,0,0,TOT(H) 1-3,Reading,3304,Jason,0,0,0,4,0,0,0,16 Sep 16:00,0,0,45,0,Forward,0,0
0,-179,Roberts,0,0,WBA(A) 0-1,Reading,3305,Jason,0,0,0,5,0,0,0,22 Sep 15:00,0,0,45,0,Forward,0,0
0,-176,Roberts,1,0,NEW(H) 2-2,Reading,3306,Jason,0,14,-4,6,0,0,0,29 Sep 15:00,0,0,45,1,Forward,0,0
1,108,Roberts,1,0,SWA(A) 2-2,Reading,3307,Jason,0,18,1,7,0,0,0,06 Oct 15:00,0,0,45,0,Forward,0,0
0,13,Roberts,0,0,LIV(A) 0-1,Reading,3308,Jason,0,10,1,8,0,0,0,20 Oct 15:00,0,0,45,1,Forward,0,0
0,90,Roberts,3,0,FUL(H) 3-3,Reading,3309,Jason,0,90,17,9,0,0,1,27 Oct 15:00,0,0,45,5,Forward,0,0
0,1395,Roberts,1,0,QPR(A) 1-1,Reading,33010,Jason,0,87,-3,10,0,0,0,04 Nov 13:30,0,0,45,2,Forward,0,0
0,3849,Roberts,0,0,NOR(H) 0-0,Reading,33011,Jason,0,77,6,11,0,1,0,10 Nov 15:00,0,0,45,2,Forward,0,0
1,1583,Roberts,1,0,EVE(H) 2-1,Reading,33012,Jason,0,90,9,12,0,0,0,17 Nov 15:00,0,0,45,1,Forward,0,0
0,-17,Roberts,2,0,WIG(A) 2-3,Reading,33013,Jason,0,83,-1,13,0,0,0,24 Nov 15:00,0,0,45,2,Forward,0,0
0,-189,Roberts,0,0,AVL(A) 0-1,Reading,33014,Jason,0,78,7,14,0,1,0,27 Nov 20:00,0,0,45,2,Forward,0,0
0,121,Roberts,4,0,MUN(H) 3-4,Reading,33015,Jason,0,68,3,15,0,0,0,01 Dec 17:30,0,0,45,2,Forward,0,0
0,372,Roberts,0,0,SUN(A) 0-3,Reading,33016,Jason,0,0,0,16,0,0,0,11 Dec 19:45,0,0,45,0,Forward,0,0
0,-233,Roberts,0,0,ARS(H) 2-5,Reading,33017,Jason,0,0,0,17,0,0,0,17 Dec 20:00,0,0,45,0,Forward,0,0
0,-1354,Roberts,0,0,MCI(A) 0-1,Reading,33018,Jason,0,0,0,18,0,0,0,22 Dec 15:00,0,0,45,0,Forward,0,0
0,-888,Roberts,0,0,SWA(H) 0-0,Reading,33019,Jason,0,0,0,19,0,0,0,26 Dec 15:00,0,0,45,0,Forward,0,0
0,-780,Roberts,0,0,WHU(H) 1-0,Reading,33020,Jason,0,0,0,20,0,0,0,29 Dec 15:00,0,0,45,0,Forward,0,0
0,-486,Roberts,0,0,TOT(A) 1-3,Reading,33021,Jason,0,0,0,21,0,0,0,01 Jan 15:00,0,0,45,0,Forward,0,0
0,-1150,Roberts,0,0,WBA(H) 3-2,Reading,33022,Jason,0,0,0,22,0,0,0,12 Jan 15:00,0,0,45,0,Forward,0,0
0,-488,Roberts,0,0,NEW(A) 2-1,Reading,33023,Jason,0,0,0,23,0,0,0,19 Jan 15:00,0,0,45,0,Forward,0,0
0,-427,Roberts,0,0,CHE(H) 2-2,Reading,33024,Jason,0,0,0,24,0,0,0,30 Jan 20:00,0,0,45,0,Forward,0,0
0,-223,Roberts,0,0,SUN(H) 2-1,Reading,33025,Jason,0,0,0,25,0,0,0,02 Feb 15:00,0,0,45,0,Forward,0,0
0,-140,Roberts,0,0,STK(A) 1-2,Reading,33026,Jason,0,0,0,26,0,0,0,09 Feb 15:00,0,0,45,0,Forward,0,0
0,-170,Roberts,0,0,WIG(H) 0-3,Reading,33027,Jason,0,0,0,27,0,0,0,23 Feb 15:00,0,0,45,0,Forward,0,0
0,-46,Roberts,0,0,EVE(A) 1-3,Reading,33028,Jason,0,0,0,28,0,0,0,02 Mar 15:00,0,0,45,0,Forward,0,0
0,-77,Roberts,0,0,AVL(H) 1-2,Reading,33029,Jason,0,0,0,29,0,0,0,09 Mar 15:00,0,0,45,0,Forward,0,0
0,-45,Roberts,0,0,MUN(A) 0-1,Reading,33030,Jason,0,0,0,30,0,0,0,16 Mar 17:30,0,0,45,0,Forward,0,0
0,-67,Roberts,0,0,ARS(A) 1-4,Reading,33031,Jason,0,0,0,31,0,0,0,30 Mar 15:00,0,0,45,0,Forward,0,0
0,-33,Roberts,0,0,SOU(H) 0-2,Reading,33032,Jason,0,0,0,32,0,0,0,06 Apr 12:45,0,0,45,0,Forward,0,0
0,-33,Roberts,0,0,LIV(H) 0-0,Reading,33033,Jason,0,0,0,33,0,0,0,13 Apr 15:00,0,0,45,0,Forward,0,0
0,-20,Roberts,0,0,NOR(A) 1-2,Reading,33034,Jason,0,0,0,34,0,0,0,20 Apr 15:00,0,0,45,0,Forward,0,0
0,-32,Roberts,0,0,QPR(H) 0-0,Reading,33035,Jason,0,0,0,35,0,0,0,28 Apr 13:30,0,0,45,0,Forward,0,0
0,-29,Roberts,0,0,FUL(A) 4-2,Reading,33036,Jason,0,0,0,36,0,0,0,04 May 15:00,0,0,45,0,Forward,0,0
0,-4,Roberts,0,0,MCI(H) 0-2,Reading,33037,Jason,0,0,0,37,0,0,0,14 May 20:00,0,0,45,0,Forward,0,0
0,4,Roberts,0,0,WHU(A) 2-4,Reading,33038,Jason,0,0,0,38,0,0,0,19 May 16:00,0,0,45,0,Forward,0,0
0,0,Hooiveld,3,0,MCI(A) 2-3,Southampton,3381,Jos,0,90,9,1,0,0,0,19 Aug 16:00,0,0,45,1,Defender,0,0
0,568,Hooiveld,2,0,WIG(H) 0-2,Southampton,3382,Jos,0,90,-1,2,0,0,0,25 Aug 15:00,0,0,45,1,Defender,0,0
1,-1335,Hooiveld,3,0,MUN(H) 2-3,Southampton,3383,Jos,0,90,6,3,0,0,0,02 Sep 16:00,0,0,45,0,Defender,0,0
0,-1084,Hooiveld,1,0,ARS(A) 1-6,Southampton,3384,Jos,1,27,1,4,0,0,0,15 Sep 15:00,0,0,45,-1,Defender,0,0
0,-1298,Hooiveld,0,0,AVL(H) 4-1,Southampton,3385,Jos,0,0,0,5,0,0,0,22 Sep 15:00,0,0,45,0,Defender,0,0
0,-839,Hooiveld,0,0,EVE(A) 1-3,Southampton,3386,Jos,0,0,0,6,0,0,0,29 Sep 15:00,0,0,44,0,Defender,0,0
1,-514,Hooiveld,2,0,FUL(H) 2-2,Southampton,3387,Jos,1,83,4,7,0,0,0,07 Oct 13:30,0,0,44,-2,Defender,0,0
1,-564,Hooiveld,4,0,WHU(A) 1-4,Southampton,3388,Jos,0,90,7,8,0,0,0,20 Oct 15:00,0,0,43,-1,Defender,0,0
0,-368,Hooiveld,0,0,TOT(H) 1-2,Southampton,3389,Jos,0,0,0,9,0,0,0,28 Oct 15:00,0,0,42,0,Defender,0,0
0,-307,Hooiveld,0,0,WBA(A) 0-2,Southampton,33810,Jos,0,0,0,10,0,0,0,05 Nov 20:00,0,0,42,0,Defender,0,0
0,-184,Hooiveld,0,0,SWA(H) 1-1,Southampton,33811,Jos,0,0,0,11,0,0,0,10 Nov 15:00,0,0,42,0,Defender,0,0
0,-186,Hooiveld,0,0,QPR(A) 3-1,Southampton,33812,Jos,0,0,0,12,0,0,0,17 Nov 15:00,0,0,41,0,Defender,0,0
0,-86,Hooiveld,0,0,NEW(H) 2-0,Southampton,33813,Jos,0,1,0,13,0,0,0,25 Nov 15:00,0,0,41,1,Defender,0,0
0,-96,Hooiveld,0,0,NOR(H) 1-1,Southampton,33814,Jos,0,0,0,14,0,0,0,28 Nov 19:45,0,0,41,0,Defender,0,0
0,-138,Hooiveld,0,0,LIV(A) 0-1,Southampton,33815,Jos,0,0,0,15,0,0,0,01 Dec 15:00,0,0,41,0,Defender,0,0
0,-99,Hooiveld,0,0,RDG(H) 1-0,Southampton,33816,Jos,0,0,0,16,0,0,0,08 Dec 15:00,0,0,41,0,Defender,0,0
0,-17,Hooiveld,0,0,SUN(H) 0-1,Southampton,33818,Jos,0,0,0,18,0,0,0,22 Dec 15:00,0,0,40,0,Defender,0,0
0,-37,Hooiveld,0,0,FUL(A) 1-1,Southampton,33819,Jos,0,0,0,19,0,0,0,26 Dec 15:00,0,0,40,0,Defender,0,0
0,-15,Hooiveld,3,0,STK(A) 3-3,Southampton,33820,Jos,0,90,11,20,0,0,0,29 Dec 15:00,0,0,40,1,Defender,0,0
0,-38,Hooiveld,0,0,ARS(H) 1-1,Southampton,33821,Jos,0,0,0,21,0,0,0,01 Jan 17:30,0,0,40,0,Defender,0,0
0,-132,Hooiveld,2,0,CHE(A) 2-2,Southampton,33822,Jos,0,90,11,22,0,0,0,16 Jan 19:45,0,0,40,1,Defender,0,0
1,38,Hooiveld,0,0,EVE(H) 0-0,Southampton,33823,Jos,0,90,16,23,0,1,0,21 Jan 20:00,0,0,40,5,Defender,0,0
0,99,Hooiveld,2,0,MUN(A) 1-2,Southampton,33824,Jos,0,90,2,24,0,0,0,30 Jan 20:00,0,0,40,1,Defender,0,0
0,450,Hooiveld,2,0,WIG(A) 2-2,Southampton,33825,Jos,0,90,3,25,0,0,0,02 Feb 15:00,0,0,40,1,Defender,0,0
0,529,Hooiveld,1,0,MCI(H) 3-1,Southampton,33826,Jos,0,90,13,26,0,0,0,09 Feb 17:30,0,0,40,2,Defender,0,0
0,300,Hooiveld,4,0,NEW(A) 2-4,Southampton,33827,Jos,1,90,3,27,0,0,0,24 Feb 13:30,0,0,40,-2,Defender,0,0
0,136,Hooiveld,0,0,QPR(H) 1-2,Southampton,33828,Jos,0,0,0,28,0,0,0,02 Mar 15:00,0,0,40,0,Defender,0,0
0,-112,Hooiveld,0,0,NOR(A) 0-0,Southampton,33829,Jos,0,90,11,29,0,1,0,09 Mar 15:00,0,0,40,6,Defender,0,0
0,24,Hooiveld,0,0,LIV(H) 3-1,Southampton,33830,Jos,0,30,5,30,0,0,0,16 Mar 15:00,0,0,40,1,Defender,0,0
0,-70,Hooiveld,1,0,CHE(H) 2-1,Southampton,33831,Jos,0,90,7,31,0,0,0,30 Mar 15:00,0,0,40,2,Defender,0,0
0,88,Hooiveld,0,0,RDG(A) 2-0,Southampton,33832,Jos,0,90,17,32,0,1,0,06 Apr 12:45,0,0,40,6,Defender,0,0
0,483,Hooiveld,1,0,WHU(H) 1-1,Southampton,33833,Jos,0,90,10,33,0,0,0,13 Apr 15:00,0,0,40,2,Defender,0,0
0,267,Hooiveld,0,0,SWA(A) 0-0,Southampton,33834,Jos,0,90,17,34,2,1,0,20 Apr 15:00,0,0,40,8,Defender,0,0
1,1845,Hooiveld,3,0,WBA(H) 0-3,Southampton,33835,Jos,0,90,1,35,0,0,0,27 Apr 15:00,0,0,40,0,Defender,0,0
0,44,Hooiveld,1,0,TOT(A) 0-1,Southampton,33836,Jos,0,90,2,36,0,0,0,04 May 15:00,0,0,40,2,Defender,0,0
0,115,Hooiveld,1,0,SUN(A) 1-1,Southampton,33837,Jos,0,90,17,37,0,0,0,12 May 15:00,0,0,40,2,Defender,0,0
0,186,Hooiveld,1,0,STK(H) 1-1,Southampton,33838,Jos,0,90,6,38,0,0,0,19 May 16:00,0,0,40,2,Defender,0,0
0,0,Fonte,3,0,MCI(A) 2-3,Southampton,3411,Jose,0,90,5,1,0,0,0,19 Aug 16:00,0,0,40,1,Defender,0,0
0,4423,Fonte,2,0,WIG(H) 0-2,Southampton,3412,Jose,0,90,-2,2,0,0,0,25 Aug 15:00,0,0,40,1,Defender,0,0
0,-471,Fonte,3,0,MUN(H) 2-3,Southampton,3413,Jose,0,90,3,3,0,0,0,02 Sep 16:00,0,0,40,1,Defender,0,0
0,1316,Fonte,6,0,ARS(A) 1-6,Southampton,3414,Jose,0,90,10,4,0,0,0,15 Sep 15:00,0,0,40,-1,Defender,0,0
0,-1077,Fonte,1,0,AVL(H) 4-1,Southampton,3415,Jose,0,90,13,5,0,0,0,22 Sep 15:00,0,0,40,2,Defender,0,0
0,-1236,Fonte,3,0,EVE(A) 1-3,Southampton,3416,Jose,0,90,3,6,0,0,0,29 Sep 15:00,0,0,40,1,Defender,0,0
1,-437,Fonte,2,0,FUL(H) 2-2,Southampton,3417,Jose,0,90,47,7,3,0,0,07 Oct 13:30,0,0,40,15,Defender,0,2
0,26884,Fonte,4,0,WHU(A) 1-4,Southampton,3418,Jose,0,90,19,8,0,0,0,20 Oct 15:00,0,0,40,0,Defender,0,0
0,13610,Fonte,2,0,TOT(H) 1-2,Southampton,3419,Jose,0,90,7,9,0,0,1,28 Oct 15:00,0,0,40,4,Defender,0,0
0,13512,Fonte,2,0,WBA(A) 0-2,Southampton,34110,Jose,0,90,10,10,0,0,0,05 Nov 20:00,0,0,41,1,Defender,0,0
0,5967,Fonte,1,0,SWA(H) 1-1,Southampton,34111,Jose,0,90,6,11,0,0,0,10 Nov 15:00,0,0,41,2,Defender,0,0
0,455,Fonte,1,0,QPR(A) 3-1,Southampton,34112,Jose,0,90,8,12,0,0,0,17 Nov 15:00,0,0,41,2,Defender,0,0
1,52,Fonte,0,0,NEW(H) 2-0,Southampton,34113,Jose,0,90,14,13,0,1,0,25 Nov 15:00,0,0,41,5,Defender,0,0
0,2819,Fonte,1,0,NOR(H) 1-1,Southampton,34114,Jose,0,90,18,14,1,0,1,28 Nov 19:45,0,0,41,6,Defender,0,0
0,5789,Fonte,1,0,LIV(A) 0-1,Southampton,34115,Jose,0,90,7,15,0,0,0,01 Dec 15:00,0,0,41,2,Defender,0,0
0,2917,Fonte,0,0,RDG(H) 1-0,Southampton,34116,Jose,0,90,18,16,0,1,0,08 Dec 15:00,0,0,41,6,Defender,0,0
0,10754,Fonte,1,0,SUN(H) 0-1,Southampton,34118,Jose,0,90,0,18,0,0,0,22 Dec 15:00,0,0,42,2,Defender,0,0
0,5734,Fonte,1,0,FUL(A) 1-1,Southampton,34119,Jose,0,90,6,19,0,0,0,26 Dec 15:00,0,0,42,2,Defender,0,0
1,2601,Fonte,3,0,STK(A) 3-3,Southampton,34120,Jose,0,90,10,20,0,0,0,29 Dec 15:00,0,0,42,0,Defender,0,0
0,492,Fonte,1,0,ARS(H) 1-1,Southampton,34121,Jose,0,90,10,21,0,0,0,01 Jan 17:30,0,0,42,2,Defender,0,0
0,-24859,Fonte,0,0,CHE(A) 2-2,Southampton,34122,Jose,0,0,0,22,0,0,0,16 Jan 19:45,0,0,42,0,Defender,0,0
0,-23084,Fonte,0,0,EVE(H) 0-0,Southampton,34123,Jose,0,0,0,23,0,0,0,21 Jan 20:00,0,0,42,0,Defender,0,0
0,-16742,Fonte,0,0,MUN(A) 1-2,Southampton,34124,Jose,0,0,0,24,0,0,0,30 Jan 20:00,0,0,42,0,Defender,0,0
0,-7621,Fonte,0,0,WIG(A) 2-2,Southampton,34125,Jose,0,0,0,25,0,0,0,02 Feb 15:00,0,0,41,0,Defender,0,0
0,-4022,Fonte,0,0,MCI(H) 3-1,Southampton,34126,Jose,0,0,0,26,0,0,0,09 Feb 17:30,0,0,41,0,Defender,0,0
0,-3059,Fonte,0,0,NEW(A) 2-4,Southampton,34127,Jose,0,0,0,27,0,0,0,24 Feb 13:30,0,0,40,0,Defender,0,0
1,1668,Fonte,2,0,QPR(H) 1-2,Southampton,34128,Jose,0,90,3,28,0,0,0,02 Mar 15:00,0,0,40,0,Defender,0,0
1,3573,Fonte,0,0,NOR(A) 0-0,Southampton,34129,Jose,0,90,10,29,0,1,0,09 Mar 15:00,0,0,40,5,Defender,0,0
0,4527,Fonte,1,0,LIV(H) 3-1,Southampton,34130,Jose,0,60,15,30,0,0,0,16 Mar 15:00,0,0,40,2,Defender,0,0
0,3491,Fonte,0,0,CHE(H) 2-1,Southampton,34131,Jose,0,0,0,31,0,0,0,30 Mar 15:00,0,0,40,0,Defender,0,0
0,658,Fonte,0,0,RDG(A) 2-0,Southampton,34132,Jose,0,0,0,32,0,0,0,06 Apr 12:45,0,0,40,0,Defender,0,0
0,-1191,Fonte,0,0,WHU(H) 1-1,Southampton,34133,Jose,0,0,0,33,0,0,0,13 Apr 15:00,0,0,40,0,Defender,0,0
0,-871,Fonte,0,0,SWA(A) 0-0,Southampton,34134,Jose,0,0,0,34,0,0,0,20 Apr 15:00,0,0,40,0,Defender,0,0
0,-719,Fonte,0,0,WBA(H) 0-3,Southampton,34135,Jose,0,6,0,35,0,0,0,27 Apr 15:00,0,0,40,1,Defender,0,0
0,-596,Fonte,1,0,TOT(A) 0-1,Southampton,34136,Jose,0,90,2,36,0,0,0,04 May 15:00,0,0,40,2,Defender,0,0
0,364,Fonte,1,0,SUN(A) 1-1,Southampton,34137,Jose,0,90,12,37,0,0,0,12 May 15:00,0,0,40,2,Defender,0,0
0,971,Fonte,1,0,STK(H) 1-1,Southampton,34138,Jose,0,90,8,38,0,0,0,19 May 16:00,0,0,40,2,Defender,0,0
0,0,Cork,0,0,MCI(A) 2-3,Southampton,3421,Jack,0,0,0,1,0,0,0,19 Aug 16:00,0,0,45,0,Midfielder,0,0
0,-1758,Cork,0,0,WIG(H) 0-2,Southampton,3422,Jack,0,0,0,2,0,0,0,25 Aug 15:00,0,0,45,0,Midfielder,0,0
0,-2823,Cork,0,0,MUN(H) 2-3,Southampton,3423,Jack,0,0,0,3,0,0,0,02 Sep 16:00,0,0,44,0,Midfielder,0,0
0,-1319,Cork,0,0,ARS(A) 1-6,Southampton,3424,Jack,0,0,0,4,0,0,0,15 Sep 15:00,0,0,44,0,Midfielder,0,0
0,-575,Cork,0,0,AVL(H) 4-1,Southampton,3425,Jack,0,0,0,5,0,0,0,22 Sep 15:00,0,0,44,0,Midfielder,0,0
0,-460,Cork,0,0,EVE(A) 1-3,Southampton,3426,Jack,0,0,0,6,0,0,0,29 Sep 15:00,0,0,44,0,Midfielder,0,0
0,-412,Cork,0,0,FUL(H) 2-2,Southampton,3427,Jack,0,0,0,7,0,0,0,07 Oct 13:30,0,0,44,0,Midfielder,0,0
0,-323,Cork,0,0,WHU(A) 1-4,Southampton,3428,Jack,0,0,0,8,0,0,0,20 Oct 15:00,0,0,44,0,Midfielder,0,0
0,-234,Cork,0,0,TOT(H) 1-2,Southampton,3429,Jack,0,0,0,9,0,0,0,28 Oct 15:00,0,0,44,0,Midfielder,0,0
0,-189,Cork,0,0,WBA(A) 0-2,Southampton,34210,Jack,0,0,0,10,0,0,0,05 Nov 20:00,0,0,44,0,Midfielder,0,0
0,-99,Cork,1,0,SWA(H) 1-1,Southampton,34211,Jack,0,90,2,11,0,0,0,10 Nov 15:00,0,0,44,2,Midfielder,0,0
0,-31,Cork,1,0,QPR(A) 3-1,Southampton,34212,Jack,0,90,20,12,0,0,0,17 Nov 15:00,0,0,44,2,Midfielder,0,0
0,18,Cork,0,0,NEW(H) 2-0,Southampton,34213,Jack,0,90,16,13,0,1,0,25 Nov 15:00,0,0,44,3,Midfielder,0,0
0,41,Cork,1,0,NOR(H) 1-1,Southampton,34214,Jack,0,90,10,14,0,0,0,28 Nov 19:45,0,0,44,2,Midfielder,0,0
0,0,Cork,1,0,LIV(A) 0-1,Southampton,34215,Jack,0,69,4,15,0,0,0,01 Dec 15:00,0,0,44,2,Midfielder,0,0
0,-71,Cork,0,0,RDG(H) 1-0,Southampton,34216,Jack,0,90,14,16,0,1,0,08 Dec 15:00,0,0,44,3,Midfielder,0,0
0,52,Cork,1,0,SUN(H) 0-1,Southampton,34218,Jack,0,90,8,18,0,0,0,22 Dec 15:00,0,0,44,2,Midfielder,0,0
0,-11,Cork,1,0,FUL(A) 1-1,Southampton,34219,Jack,0,90,12,19,0,0,0,26 Dec 15:00,0,0,44,2,Midfielder,0,0
0,1,Cork,3,0,STK(A) 3-3,Southampton,34220,Jack,0,90,13,20,0,0,0,29 Dec 15:00,0,0,44,2,Midfielder,0,0
0,18,Cork,1,0,ARS(H) 1-1,Southampton,34221,Jack,0,90,11,21,0,0,0,01 Jan 17:30,0,0,44,2,Midfielder,0,0
0,507,Cork,2,0,CHE(A) 2-2,Southampton,34222,Jack,0,90,8,22,0,0,0,16 Jan 19:45,0,0,44,2,Midfielder,0,0
0,-40,Cork,0,0,EVE(H) 0-0,Southampton,34223,Jack,0,90,11,23,0,1,0,21 Jan 20:00,0,0,44,3,Midfielder,0,0
0,10,Cork,2,0,MUN(A) 1-2,Southampton,34224,Jack,0,90,1,24,0,0,0,30 Jan 20:00,0,0,44,2,Midfielder,0,0
1,7,Cork,2,0,WIG(A) 2-2,Southampton,34225,Jack,0,90,17,25,0,0,0,02 Feb 15:00,0,0,44,1,Midfielder,0,0
0,-65,Cork,1,0,MCI(H) 3-1,Southampton,34226,Jack,0,90,10,26,0,0,0,09 Feb 17:30,0,0,44,2,Midfielder,0,0
0,108,Cork,4,0,NEW(A) 2-4,Southampton,34227,Jack,0,90,-1,27,0,0,0,24 Feb 13:30,0,0,44,2,Midfielder,0,0
0,132,Cork,2,0,QPR(H) 1-2,Southampton,34228,Jack,0,90,3,28,0,0,0,02 Mar 15:00,0,0,44,2,Midfielder,0,0
0,270,Cork,0,0,NOR(A) 0-0,Southampton,34229,Jack,0,90,10,29,0,1,0,09 Mar 15:00,0,0,44,3,Midfielder,0,0
0,99,Cork,1,0,LIV(H) 3-1,Southampton,34230,Jack,0,90,28,30,0,0,1,16 Mar 15:00,0,0,44,5,Midfielder,0,0
0,314,Cork,1,0,CHE(H) 2-1,Southampton,34231,Jack,0,90,12,31,0,0,0,30 Mar 15:00,0,0,44,2,Midfielder,0,0
0,123,Cork,0,0,RDG(A) 2-0,Southampton,34232,Jack,0,90,17,32,0,1,0,06 Apr 12:45,0,0,44,3,Midfielder,0,0
0,259,Cork,1,0,WHU(H) 1-1,Southampton,34233,Jack,0,90,12,33,0,0,0,13 Apr 15:00,0,0,44,2,Midfielder,0,0
0,135,Cork,0,0,SWA(A) 0-0,Southampton,34234,Jack,0,90,18,34,3,1,0,20 Apr 15:00,0,0,44,6,Midfielder,0,0
0,728,Cork,1,0,WBA(H) 0-3,Southampton,34235,Jack,0,45,2,35,0,0,0,27 Apr 15:00,0,0,44,1,Midfielder,0,0
0,-116,Cork,1,0,TOT(A) 0-1,Southampton,34236,Jack,0,90,3,36,0,0,0,04 May 15:00,0,0,44,2,Midfielder,0,0
0,170,Cork,1,0,SUN(A) 1-1,Southampton,34237,Jack,0,72,4,37,0,0,0,12 May 15:00,0,0,44,2,Midfielder,0,0
0,36,Cork,1,0,STK(H) 1-1,Southampton,34238,Jack,0,80,9,38,0,0,0,19 May 16:00,0,0,44,2,Midfielder,0,0
0,0,Puncheon,3,0,MCI(A) 2-3,Southampton,3481,Jason,0,85,7,1,0,0,0,19 Aug 16:00,0,0,45,2,Midfielder,0,0
0,-231,Puncheon,0,0,WIG(H) 0-2,Southampton,3482,Jason,0,0,0,2,0,0,0,25 Aug 15:00,0,0,45,0,Midfielder,0,0
0,-3339,Puncheon,1,0,MUN(H) 2-3,Southampton,3483,Jason,0,73,7,3,0,0,1,02 Sep 16:00,0,0,45,5,Midfielder,0,0
0,3102,Puncheon,6,0,ARS(A) 1-6,Southampton,3484,Jason,0,90,8,4,0,0,1,15 Sep 15:00,0,0,44,5,Midfielder,0,0
0,2439,Puncheon,1,0,AVL(H) 4-1,Southampton,3485,Jason,0,73,11,5,0,0,1,22 Sep 15:00,0,0,44,5,Midfielder,0,0
0,16881,Puncheon,0,0,EVE(A) 1-3,Southampton,3486,Jason,0,0,0,6,0,0,0,29 Sep 15:00,0,0,44,0,Midfielder,0,0
0,3450,Puncheon,0,0,FUL(H) 2-2,Southampton,3487,Jason,0,60,-1,7,0,1,0,07 Oct 13:30,0,0,44,3,Midfielder,0,0
0,5791,Puncheon,2,0,WHU(A) 1-4,Southampton,3488,Jason,0,64,3,8,0,0,0,20 Oct 15:00,0,0,44,2,Midfielder,0,0
0,1870,Puncheon,2,0,TOT(H) 1-2,Southampton,3489,Jason,0,57,-1,9,0,0,0,28 Oct 15:00,0,0,44,1,Midfielder,0,0
0,2614,Puncheon,0,0,WBA(A) 0-2,Southampton,34810,Jason,0,0,0,10,0,0,0,05 Nov 20:00,0,0,44,0,Midfielder,0,0
0,-767,Puncheon,1,0,SWA(H) 1-1,Southampton,34811,Jason,0,90,3,11,0,0,0,10 Nov 15:00,0,0,44,2,Midfielder,0,0
0,-2216,Puncheon,1,0,QPR(A) 3-1,Southampton,34812,Jason,0,90,36,12,2,0,1,17 Nov 15:00,0,0,44,12,Midfielder,0,1
0,30068,Puncheon,0,0,NEW(H) 2-0,Southampton,34813,Jason,0,90,28,13,1,1,1,25 Nov 15:00,0,0,45,7,Midfielder,0,0
0,33732,Puncheon,1,0,NOR(H) 1-1,Southampton,34814,Jason,0,87,7,14,0,0,0,28 Nov 19:45,0,0,46,2,Midfielder,0,0
0,14732,Puncheon,1,0,LIV(A) 0-1,Southampton,34815,Jason,0,77,-1,15,0,0,0,01 Dec 15:00,0,0,46,2,Midfielder,0,0
0,1231,Puncheon,0,0,RDG(H) 1-0,Southampton,34816,Jason,0,90,34,16,3,1,0,08 Dec 15:00,0,0,46,11,Midfielder,0,1
0,44681,Puncheon,1,0,SUN(H) 0-1,Southampton,34818,Jason,0,79,-1,18,0,0,0,22 Dec 15:00,0,0,48,2,Midfielder,0,0
0,8214,Puncheon,1,0,FUL(A) 1-1,Southampton,34819,Jason,0,90,6,19,0,0,0,26 Dec 15:00,0,0,48,2,Midfielder,0,0
0,1010,Puncheon,2,0,STK(A) 3-3,Southampton,34820,Jason,0,84,9,20,0,0,0,29 Dec 15:00,0,0,48,2,Midfielder,0,0
0,-1438,Puncheon,1,0,ARS(H) 1-1,Southampton,34821,Jason,0,90,15,21,0,0,1,01 Jan 17:30,0,0,48,5,Midfielder,0,0
0,74572,Puncheon,2,0,CHE(A) 2-2,Southampton,34822,Jason,0,90,24,22,2,0,0,16 Jan 19:45,0,0,49,9,Midfielder,0,1
0,11627,Puncheon,0,0,EVE(H) 0-0,Southampton,34823,Jason,0,86,7,23,0,1,0,21 Jan 20:00,0,0,50,3,Midfielder,0,0
0,12977,Puncheon,2,0,MUN(A) 1-2,Southampton,34824,Jason,0,45,2,24,0,0,0,30 Jan 20:00,0,0,50,1,Midfielder,0,0
0,6081,Puncheon,1,0,WIG(A) 2-2,Southampton,34825,Jason,0,80,0,25,0,0,0,02 Feb 15:00,0,0,50,2,Midfielder,0,0
0,-18584,Puncheon,1,0,MCI(H) 3-1,Southampton,34826,Jason,0,60,15,26,0,0,0,09 Feb 17:30,0,0,50,7,Midfielder,0,1
0,45735,Puncheon,0,0,NEW(A) 2-4,Southampton,34827,Jason,0,10,1,27,0,0,0,24 Feb 13:30,0,0,51,1,Midfielder,0,0
0,6656,Puncheon,2,0,QPR(H) 1-2,Southampton,34828,Jason,0,90,8,28,0,0,0,02 Mar 15:00,0,0,51,2,Midfielder,0,0
1,7352,Puncheon,0,0,NOR(A) 0-0,Southampton,34829,Jason,0,1,-1,29,0,0,0,09 Mar 15:00,0,0,51,0,Midfielder,0,0
0,-19264,Puncheon,0,0,LIV(H) 3-1,Southampton,34830,Jason,0,0,0,30,0,0,0,16 Mar 15:00,0,0,51,0,Midfielder,0,0
0,-26057,Puncheon,1,0,CHE(H) 2-1,Southampton,34831,Jason,0,61,12,31,0,0,0,30 Mar 15:00,0,0,50,2,Midfielder,0,0
0,-4268,Puncheon,0,0,RDG(A) 2-0,Southampton,34832,Jason,0,0,0,32,0,0,0,06 Apr 12:45,0,0,50,0,Midfielder,0,0
0,-34407,Puncheon,0,0,WHU(H) 1-1,Southampton,34833,Jason,0,13,0,33,0,0,0,13 Apr 15:00,0,0,49,1,Midfielder,0,0
0,-9199,Puncheon,0,0,SWA(A) 0-0,Southampton,34834,Jason,0,14,1,34,0,0,0,20 Apr 15:00,0,0,49,1,Midfielder,0,0
0,-12790,Puncheon,0,0,WBA(H) 0-3,Southampton,34835,Jason,0,0,0,35,0,0,0,27 Apr 15:00,0,0,48,0,Midfielder,0,0
0,-16664,Puncheon,1,0,TOT(A) 0-1,Southampton,34836,Jason,0,11,0,36,0,0,0,04 May 15:00,0,0,47,1,Midfielder,0,0
0,-2416,Puncheon,0,0,SUN(A) 1-1,Southampton,34837,Jason,0,19,21,37,0,0,0,12 May 15:00,0,0,47,6,Midfielder,0,1
0,1386,Puncheon,0,0,STK(H) 1-1,Southampton,34838,Jason,0,27,8,38,0,0,0,19 May 16:00,0,0,47,1,Midfielder,0,0
0,0,Rodriguez,1,0,MCI(A) 2-3,Southampton,3541,Jay,0,54,2,1,0,0,0,19 Aug 16:00,0,0,55,1,Forward,0,0
0,-425,Rodriguez,1,0,WIG(H) 0-2,Southampton,3542,Jay,0,75,5,2,0,0,0,25 Aug 15:00,0,0,55,2,Forward,0,0
0,-1309,Rodriguez,2,0,MUN(H) 2-3,Southampton,3543,Jay,0,12,-4,3,0,0,0,02 Sep 16:00,0,0,55,1,Forward,0,0
0,-1219,Rodriguez,1,0,ARS(A) 1-6,Southampton,3544,Jay,0,15,1,4,0,0,0,15 Sep 15:00,0,0,54,1,Forward,0,0
0,-753,Rodriguez,0,0,AVL(H) 4-1,Southampton,3545,Jay,0,0,0,5,0,0,0,22 Sep 15:00,0,0,53,0,Forward,0,0
0,-634,Rodriguez,3,0,EVE(A) 1-3,Southampton,3546,Jay,0,80,14,6,0,0,0,29 Sep 15:00,0,0,52,2,Forward,0,0
0,-124,Rodriguez,2,0,FUL(H) 2-2,Southampton,3547,Jay,0,90,3,7,0,0,0,07 Oct 13:30,0,0,52,2,Forward,0,0
0,-61,Rodriguez,2,0,WHU(A) 1-4,Southampton,3548,Jay,0,64,-1,8,0,0,1,20 Oct 15:00,0,0,52,5,Forward,0,0
0,78,Rodriguez,2,0,TOT(H) 1-2,Southampton,3549,Jay,0,90,7,9,0,0,0,28 Oct 15:00,0,0,52,6,Forward,0,1
0,2153,Rodriguez,2,0,WBA(A) 0-2,Southampton,35410,Jay,0,75,3,10,0,0,0,05 Nov 20:00,0,0,52,2,Forward,0,0
0,1538,Rodriguez,0,0,SWA(H) 1-1,Southampton,35411,Jay,0,0,0,11,0,0,0,10 Nov 15:00,0,0,52,0,Forward,0,0
0,-873,Rodriguez,0,0,QPR(A) 3-1,Southampton,35412,Jay,0,1,0,12,0,0,0,17 Nov 15:00,0,0,52,1,Forward,0,0
0,-927,Rodriguez,0,0,NEW(H) 2-0,Southampton,35413,Jay,0,15,2,13,0,0,0,25 Nov 15:00,0,0,52,1,Forward,0,0
0,-226,Rodriguez,0,0,NOR(H) 1-1,Southampton,35414,Jay,0,3,0,14,0,0,0,28 Nov 19:45,0,0,52,1,Forward,0,0
0,-405,Rodriguez,0,0,LIV(A) 0-1,Southampton,35415,Jay,0,13,1,15,0,0,0,01 Dec 15:00,0,0,52,1,Forward,0,0
0,-420,Rodriguez,0,0,RDG(H) 1-0,Southampton,35416,Jay,0,77,-1,16,0,1,0,08 Dec 15:00,0,0,52,2,Forward,0,0
0,-146,Rodriguez,0,0,SUN(H) 0-1,Southampton,35418,Jay,0,0,0,18,0,0,0,22 Dec 15:00,0,0,52,0,Forward,0,0
0,-178,Rodriguez,0,0,FUL(A) 1-1,Southampton,35419,Jay,0,13,1,19,0,0,0,26 Dec 15:00,0,0,52,1,Forward,0,0
1,-155,Rodriguez,3,0,STK(A) 3-3,Southampton,35420,Jay,0,90,24,20,1,0,0,29 Dec 15:00,0,0,51,6,Forward,0,1
0,41,Rodriguez,0,0,ARS(H) 1-1,Southampton,35421,Jay,0,17,6,21,0,0,0,01 Jan 17:30,0,0,51,1,Forward,0,0
0,772,Rodriguez,2,0,CHE(A) 2-2,Southampton,35422,Jay,0,54,0,22,0,0,0,16 Jan 19:45,0,0,51,1,Forward,0,0
0,-222,Rodriguez,0,0,EVE(H) 0-0,Southampton,35423,Jay,0,29,3,23,0,0,0,21 Jan 20:00,0,0,51,1,Forward,0,0
0,-401,Rodriguez,2,0,MUN(A) 1-2,Southampton,35424,Jay,0,90,6,24,0,0,0,30 Jan 20:00,0,0,51,6,Forward,0,1
1,367,Rodriguez,2,0,WIG(A) 2-2,Southampton,35425,Jay,0,90,2,25,0,0,2,02 Feb 15:00,0,0,51,7,Forward,0,0
0,705,Rodriguez,1,0,MCI(H) 3-1,Southampton,35426,Jay,0,90,17,26,0,0,1,09 Feb 17:30,0,0,51,5,Forward,0,0
1,4992,Rodriguez,4,0,NEW(A) 2-4,Southampton,35427,Jay,0,80,2,27,0,0,0,24 Feb 13:30,0,0,51,1,Forward,0,0
0,4403,Rodriguez,1,0,QPR(H) 1-2,Southampton,35428,Jay,0,48,8,28,0,0,1,02 Mar 15:00,0,0,51,4,Forward,0,0
0,2215,Rodriguez,0,0,NOR(A) 0-0,Southampton,35429,Jay,0,89,-6,29,0,1,0,09 Mar 15:00,0,0,51,2,Forward,0,0
0,-2277,Rodriguez,1,0,LIV(H) 3-1,Southampton,35430,Jay,0,90,29,30,0,0,1,16 Mar 15:00,0,0,51,9,Forward,0,1
0,1986,Rodriguez,1,0,CHE(H) 2-1,Southampton,35431,Jay,0,90,38,31,3,0,0,30 Mar 15:00,0,0,51,9,Forward,0,1
0,12049,Rodriguez,0,0,RDG(A) 2-0,Southampton,35432,Jay,0,90,38,32,3,1,1,06 Apr 12:45,0,0,52,12,Forward,0,1
0,10909,Rodriguez,0,0,WHU(H) 1-1,Southampton,35433,Jay,0,19,2,33,0,0,0,13 Apr 15:00,0,0,52,1,Forward,0,0
0,7556,Rodriguez,0,0,SWA(A) 0-0,Southampton,35434,Jay,0,87,8,34,0,1,0,20 Apr 15:00,0,0,52,2,Forward,0,0
0,19170,Rodriguez,3,0,WBA(H) 0-3,Southampton,35435,Jay,0,90,-3,35,0,0,0,27 Apr 15:00,0,0,53,2,Forward,0,0
0,-10795,Rodriguez,1,0,TOT(A) 0-1,Southampton,35436,Jay,0,90,-2,36,0,0,0,04 May 15:00,0,0,52,2,Forward,0,0
1,-1069,Rodriguez,1,0,SUN(A) 1-1,Southampton,35437,Jay,0,90,11,37,0,0,0,12 May 15:00,0,0,52,1,Forward,0,0
0,2966,Rodriguez,1,0,STK(H) 1-1,Southampton,35438,Jay,0,90,14,38,0,0,0,19 May 16:00,0,0,52,2,Forward,0,0
0,0,Ness,0,0,RDG(A) 1-1,Stoke City,3631,Jamie,0,0,0,1,0,0,0,18 Aug 15:00,0,0,40,0,Defender,0,0
0,-440,Ness,0,0,ARS(H) 0-0,Stoke City,3632,Jamie,0,0,0,2,0,0,0,26 Aug 13:30,0,0,40,0,Defender,0,0
0,-1042,Ness,0,0,WIG(A) 2-2,Stoke City,3633,Jamie,0,0,0,3,0,0,0,01 Sep 15:00,0,0,40,0,Defender,0,0
0,-965,Ness,0,0,MCI(H) 1-1,Stoke City,3634,Jamie,0,0,0,4,0,0,0,15 Sep 15:00,0,0,40,0,Defender,0,0
0,-366,Ness,0,0,CHE(A) 0-1,Stoke City,3635,Jamie,0,0,0,5,0,0,0,22 Sep 15:00,0,0,40,0,Defender,0,0
0,-187,Ness,0,0,SWA(H) 2-0,Stoke City,3636,Jamie,0,0,0,6,0,0,0,29 Sep 15:00,0,0,40,0,Defender,0,0
0,-137,Ness,0,0,LIV(A) 0-0,Stoke City,3637,Jamie,0,0,0,7,0,0,0,07 Oct 15:00,0,0,40,0,Defender,0,0
0,-70,Ness,0,0,MUN(A) 2-4,Stoke City,3638,Jamie,0,0,0,8,0,0,0,20 Oct 15:00,0,0,40,0,Defender,0,0
0,-94,Ness,0,0,SUN(H) 0-0,Stoke City,3639,Jamie,0,0,0,9,0,0,0,27 Oct 15:00,0,0,40,0,Defender,0,0
0,-124,Ness,0,0,NOR(A) 0-1,Stoke City,36310,Jamie,0,0,0,10,0,0,0,03 Nov 15:00,0,0,40,0,Defender,0,0
0,-88,Ness,0,0,QPR(H) 1-0,Stoke City,36311,Jamie,0,0,0,11,0,0,0,10 Nov 15:00,0,0,40,0,Defender,0,0
0,-136,Ness,0,0,WHU(A) 1-1,Stoke City,36312,Jamie,0,0,0,12,0,0,0,19 Nov 20:00,0,0,40,0,Defender,0,0
0,-100,Ness,0,0,FUL(H) 1-0,Stoke City,36313,Jamie,0,0,0,13,0,0,0,24 Nov 15:00,0,0,40,0,Defender,0,0
0,-37,Ness,0,0,NEW(H) 2-1,Stoke City,36314,Jamie,0,0,0,14,0,0,0,28 Nov 19:45,0,0,39,0,Defender,0,0
0,-37,Ness,0,0,WBA(A) 1-0,Stoke City,36315,Jamie,0,0,0,15,0,0,0,01 Dec 15:00,0,0,39,0,Defender,0,0
0,-83,Ness,0,0,AVL(A) 0-0,Stoke City,36316,Jamie,0,0,0,16,0,0,0,08 Dec 15:00,0,0,39,0,Defender,0,0
0,-56,Ness,0,0,EVE(H) 1-1,Stoke City,36317,Jamie,0,0,0,17,0,0,0,15 Dec 15:00,0,0,39,0,Defender,0,0
0,-32,Ness,0,0,TOT(A) 0-0,Stoke City,36318,Jamie,0,0,0,18,0,0,0,22 Dec 15:00,0,0,39,0,Defender,0,0
0,-26,Ness,0,0,LIV(H) 3-1,Stoke City,36319,Jamie,0,0,0,19,0,0,0,26 Dec 19:45,0,0,39,0,Defender,0,0
0,35,Ness,0,0,SOU(H) 3-3,Stoke City,36320,Jamie,0,0,0,20,0,0,0,29 Dec 15:00,0,0,39,0,Defender,0,0
0,-33,Ness,0,0,MCI(A) 0-3,Stoke City,36321,Jamie,0,0,0,21,0,0,0,01 Jan 15:00,0,0,39,0,Defender,0,0
0,-107,Ness,0,0,CHE(H) 0-4,Stoke City,36322,Jamie,0,0,0,22,0,0,0,12 Jan 15:00,0,0,39,0,Defender,0,0
0,63,Ness,0,0,SWA(A) 1-3,Stoke City,36323,Jamie,0,0,0,23,0,0,0,19 Jan 15:00,0,0,39,0,Defender,0,0
0,203,Ness,0,0,WIG(H) 2-2,Stoke City,36324,Jamie,0,0,0,24,0,0,0,29 Jan 19:45,0,0,39,0,Defender,0,0
0,-23,Ness,0,0,ARS(A) 0-1,Stoke City,36325,Jamie,0,0,0,25,0,0,0,02 Feb 15:00,0,0,39,0,Defender,0,0
0,-52,Ness,0,0,RDG(H) 2-1,Stoke City,36326,Jamie,0,0,0,26,0,0,0,09 Feb 15:00,0,0,39,0,Defender,0,0
0,-41,Ness,0,0,FUL(A) 0-1,Stoke City,36327,Jamie,0,0,0,27,0,0,0,23 Feb 12:45,0,0,39,0,Defender,0,0
0,-26,Ness,0,0,WHU(H) 0-1,Stoke City,36328,Jamie,0,0,0,28,0,0,0,02 Mar 15:00,0,0,39,0,Defender,0,0
0,-41,Ness,0,0,NEW(A) 1-2,Stoke City,36329,Jamie,0,0,0,29,0,0,0,10 Mar 15:00,0,0,39,0,Defender,0,0
0,-10,Ness,0,0,WBA(H) 0-0,Stoke City,36330,Jamie,0,0,0,30,0,0,0,16 Mar 15:00,0,0,39,0,Defender,0,0
0,-23,Ness,0,0,EVE(A) 0-1,Stoke City,36331,Jamie,0,0,0,31,0,0,0,30 Mar 17:30,0,0,39,0,Defender,0,0
0,-14,Ness,0,0,AVL(H) 1-3,Stoke City,36332,Jamie,0,0,0,32,0,0,0,06 Apr 15:00,0,0,39,0,Defender,0,0
0,-32,Ness,0,0,MUN(H) 0-2,Stoke City,36333,Jamie,0,0,0,33,0,0,0,14 Apr 14:05,0,0,39,0,Defender,0,0
0,-7,Ness,0,0,QPR(A) 2-0,Stoke City,36334,Jamie,0,0,0,34,0,0,0,20 Apr 15:00,0,0,39,0,Defender,0,0
0,35,Ness,0,0,NOR(H) 1-0,Stoke City,36335,Jamie,0,0,0,35,0,0,0,27 Apr 15:00,0,0,38,0,Defender,0,0
0,35,Ness,0,0,SUN(A) 1-1,Stoke City,36336,Jamie,0,0,0,36,0,0,0,06 May 20:00,0,0,38,0,Defender,0,0
0,27,Ness,0,0,TOT(H) 1-2,Stoke City,36337,Jamie,0,0,0,37,0,0,0,12 May 13:30,0,0,38,0,Defender,0,0
0,101,Ness,0,0,SOU(A) 1-1,Stoke City,36338,Jamie,0,0,0,38,0,0,0,19 May 16:00,0,0,38,0,Defender,0,0
0,0,Pennant,0,0,RDG(A) 1-1,Stoke City,3661,Jermaine,0,0,0,1,0,0,0,18 Aug 15:00,0,0,55,0,Midfielder,0,0
0,-1750,Pennant,0,0,ARS(H) 0-0,Stoke City,3662,Jermaine,0,64,8,2,0,1,0,26 Aug 13:30,0,0,54,3,Midfielder,0,0
0,-546,Pennant,0,0,WIG(A) 2-2,Stoke City,3663,Jermaine,0,0,0,3,0,0,0,01 Sep 15:00,0,0,54,0,Midfielder,0,0
0,-721,Pennant,0,0,MCI(H) 1-1,Stoke City,3664,Jermaine,0,0,0,4,0,0,0,15 Sep 15:00,0,0,54,0,Midfielder,0,0
0,-401,Pennant,0,0,CHE(A) 0-1,Stoke City,3665,Jermaine,0,0,0,5,0,0,0,22 Sep 15:00,0,0,53,0,Midfielder,0,0
0,-407,Pennant,0,0,SWA(H) 2-0,Stoke City,3666,Jermaine,0,0,0,6,0,0,0,29 Sep 15:00,0,0,53,0,Midfielder,0,0
0,-306,Pennant,0,0,LIV(A) 0-0,Stoke City,3667,Jermaine,0,0,0,7,0,0,0,07 Oct 15:00,0,0,52,0,Midfielder,0,0
0,-572,Pennant,0,0,MUN(A) 2-4,Stoke City,3668,Jermaine,0,0,0,8,0,0,0,20 Oct 15:00,0,0,52,0,Midfielder,0,0
0,-420,Pennant,0,0,SUN(H) 0-0,Stoke City,3669,Jermaine,0,0,0,9,0,0,0,27 Oct 15:00,0,0,52,0,Midfielder,0,0
0,-270,Pennant,0,0,NOR(A) 0-1,Stoke City,36610,Jermaine,0,0,0,10,0,0,0,03 Nov 15:00,0,0,51,0,Midfielder,0,0
0,-165,Pennant,0,0,QPR(H) 1-0,Stoke City,36611,Jermaine,0,0,0,11,0,0,0,10 Nov 15:00,0,0,51,0,Midfielder,0,0
0,-129,Pennant,0,0,WHU(A) 1-1,Stoke City,36612,Jermaine,0,0,0,12,0,0,0,19 Nov 20:00,0,0,51,0,Midfielder,0,0
0,-119,Pennant,0,0,FUL(H) 1-0,Stoke City,36613,Jermaine,0,0,0,13,0,0,0,24 Nov 15:00,0,0,51,0,Midfielder,0,0
0,-45,Pennant,0,0,NEW(H) 2-1,Stoke City,36614,Jermaine,0,0,0,14,0,0,0,28 Nov 19:45,0,0,51,0,Midfielder,0,0
0,-55,Pennant,0,0,WBA(A) 1-0,Stoke City,36615,Jermaine,0,0,0,15,0,0,0,01 Dec 15:00,0,0,51,0,Midfielder,0,0
0,-69,Pennant,0,0,AVL(A) 0-0,Stoke City,36616,Jermaine,0,0,0,16,0,0,0,08 Dec 15:00,0,0,51,0,Midfielder,0,0
0,-35,Pennant,0,0,EVE(H) 1-1,Stoke City,36617,Jermaine,0,0,0,17,0,0,0,15 Dec 15:00,0,0,51,0,Midfielder,0,0
0,-30,Pennant,0,0,TOT(A) 0-0,Stoke City,36618,Jermaine,0,0,0,18,0,0,0,22 Dec 15:00,0,0,51,0,Midfielder,0,0
0,-21,Pennant,0,0,LIV(H) 3-1,Stoke City,36619,Jermaine,0,0,0,19,0,0,0,26 Dec 19:45,0,0,51,0,Midfielder,0,0
0,-26,Pennant,0,0,SOU(H) 3-3,Stoke City,36620,Jermaine,0,0,0,20,0,0,0,29 Dec 15:00,0,0,50,0,Midfielder,0,0
0,-28,Pennant,0,0,MCI(A) 0-3,Stoke City,36621,Jermaine,0,0,0,21,0,0,0,01 Jan 15:00,0,0,50,0,Midfielder,0,0
0,-49,Pennant,0,0,CHE(H) 0-4,Stoke City,36622,Jermaine,0,0,0,22,0,0,0,12 Jan 15:00,0,0,50,0,Midfielder,0,0
0,-14,Pennant,0,0,SWA(A) 1-3,Stoke City,36623,Jermaine,0,0,0,23,0,0,0,19 Jan 15:00,0,0,50,0,Midfielder,0,0
0,-9,Pennant,0,0,WIG(H) 2-2,Stoke City,36624,Jermaine,0,0,0,24,0,0,0,29 Jan 19:45,0,0,50,0,Midfielder,0,0
0,-6,Pennant,0,0,ARS(A) 0-1,Stoke City,36625,Jermaine,0,0,0,25,0,0,0,02 Feb 15:00,0,0,50,0,Midfielder,0,0
0,-10,Pennant,0,0,RDG(H) 2-1,Stoke City,36626,Jermaine,0,0,0,26,0,0,0,09 Feb 15:00,0,0,50,0,Midfielder,0,0
0,1,Pennant,0,0,FUL(A) 0-1,Stoke City,36627,Jermaine,0,0,0,27,0,0,0,23 Feb 12:45,0,0,50,0,Midfielder,0,0
0,-10,Pennant,0,0,WHU(H) 0-1,Stoke City,36628,Jermaine,0,0,0,28,0,0,0,02 Mar 15:00,0,0,50,0,Midfielder,0,0
0,-2,Pennant,0,0,NEW(A) 1-2,Stoke City,36629,Jermaine,0,0,0,29,0,0,0,10 Mar 15:00,0,0,50,0,Midfielder,0,0
0,2,Pennant,0,0,WBA(H) 0-0,Stoke City,36630,Jermaine,0,0,0,30,0,0,0,16 Mar 15:00,0,0,50,0,Midfielder,0,0
0,-6,Pennant,0,0,EVE(A) 0-1,Stoke City,36631,Jermaine,0,0,0,31,0,0,0,30 Mar 17:30,0,0,50,0,Midfielder,0,0
0,-10,Pennant,0,0,AVL(H) 1-3,Stoke City,36632,Jermaine,0,0,0,32,0,0,0,06 Apr 15:00,0,0,50,0,Midfielder,0,0
0,-4,Pennant,0,0,MUN(H) 0-2,Stoke City,36633,Jermaine,0,0,0,33,0,0,0,14 Apr 14:05,0,0,50,0,Midfielder,0,0
0,1,Pennant,0,0,QPR(A) 2-0,Stoke City,36634,Jermaine,0,0,0,34,0,0,0,20 Apr 15:00,0,0,50,0,Midfielder,0,0
0,-2,Pennant,0,0,NOR(H) 1-0,Stoke City,36635,Jermaine,0,0,0,35,0,0,0,27 Apr 15:00,0,0,50,0,Midfielder,0,0
0,-3,Pennant,0,0,SUN(A) 1-1,Stoke City,36636,Jermaine,0,0,0,36,0,0,0,06 May 20:00,0,0,50,0,Midfielder,0,0
0,5,Pennant,0,0,TOT(H) 1-2,Stoke City,36637,Jermaine,0,0,0,37,0,0,0,12 May 13:30,0,0,50,0,Midfielder,0,0
0,5,Pennant,0,0,SOU(A) 1-1,Stoke City,36638,Jermaine,0,0,0,38,0,0,0,19 May 16:00,0,0,50,0,Midfielder,0,0
0,0,Walters,1,0,RDG(A) 1-1,Stoke City,3741,Jonathan,0,90,2,1,0,0,0,18 Aug 15:00,0,0,65,2,Midfielder,0,0
0,-24668,Walters,0,0,ARS(H) 0-0,Stoke City,3742,Jonathan,0,90,12,2,0,1,0,26 Aug 13:30,0,0,65,3,Midfielder,0,0
0,-23243,Walters,2,0,WIG(A) 2-2,Stoke City,3743,Jonathan,0,90,23,3,2,0,1,01 Sep 15:00,0,0,64,12,Midfielder,0,1
0,-4772,Walters,1,0,MCI(H) 1-1,Stoke City,3744,Jonathan,0,90,14,4,0,0,1,15 Sep 15:00,0,0,64,5,Midfielder,0,0
0,-261,Walters,1,0,CHE(A) 0-1,Stoke City,3745,Jonathan,0,90,-4,5,0,0,0,22 Sep 15:00,0,0,64,2,Midfielder,0,0
1,3801,Walters,0,0,SWA(H) 2-0,Stoke City,3746,Jonathan,0,90,18,6,1,1,1,29 Sep 15:00,0,0,64,6,Midfielder,0,0
1,-653,Walters,0,0,LIV(A) 0-0,Stoke City,3747,Jonathan,0,90,5,7,0,1,0,07 Oct 15:00,0,0,64,2,Midfielder,0,0
0,-7034,Walters,4,0,MUN(A) 2-4,Stoke City,3748,Jonathan,0,69,8,8,0,0,0,20 Oct 15:00,0,0,64,2,Midfielder,0,0
0,5443,Walters,0,0,SUN(H) 0-0,Stoke City,3749,Jonathan,0,71,6,9,0,1,0,27 Oct 15:00,0,0,64,3,Midfielder,0,0
0,-1087,Walters,1,0,NOR(A) 0-1,Stoke City,37410,Jonathan,0,68,2,10,0,0,0,03 Nov 15:00,0,0,64,2,Midfielder,0,0
0,-4402,Walters,0,0,QPR(H) 1-0,Stoke City,37411,Jonathan,0,90,6,11,0,1,0,10 Nov 15:00,0,0,64,3,Midfielder,0,0
0,-16341,Walters,1,0,WHU(A) 1-1,Stoke City,37412,Jonathan,0,90,25,12,2,0,0,19 Nov 20:00,0,0,63,9,Midfielder,0,1
0,7707,Walters,0,0,FUL(H) 1-0,Stoke City,37413,Jonathan,0,90,18,13,0,1,0,24 Nov 15:00,0,0,63,3,Midfielder,0,0
0,4638,Walters,1,0,NEW(H) 2-1,Stoke City,37414,Jonathan,0,90,27,14,2,0,0,28 Nov 19:45,0,0,63,9,Midfielder,0,1
0,9863,Walters,0,0,WBA(A) 1-0,Stoke City,37415,Jonathan,0,90,14,15,0,1,0,01 Dec 15:00,0,0,63,3,Midfielder,0,0
0,10203,Walters,0,0,AVL(A) 0-0,Stoke City,37416,Jonathan,0,90,3,16,0,1,0,08 Dec 15:00,0,0,64,3,Midfielder,0,0
0,2703,Walters,1,0,EVE(H) 1-1,Stoke City,37417,Jonathan,0,90,8,17,0,0,0,15 Dec 15:00,0,0,64,2,Midfielder,0,0
1,-808,Walters,0,0,TOT(A) 0-0,Stoke City,37418,Jonathan,0,90,8,18,0,1,0,22 Dec 15:00,0,0,64,2,Midfielder,0,0
0,-2931,Walters,1,0,LIV(H) 3-1,Stoke City,37419,Jonathan,0,90,50,19,3,0,0,26 Dec 19:45,0,0,64,15,Midfielder,0,2
0,69921,Walters,3,0,SOU(H) 3-3,Stoke City,37420,Jonathan,0,90,6,20,0,0,0,29 Dec 15:00,0,0,66,2,Midfielder,0,0
0,-310,Walters,3,0,MCI(A) 0-3,Stoke City,37421,Jonathan,0,90,-3,21,0,0,0,01 Jan 15:00,0,0,66,2,Midfielder,0,0
0,-20196,Walters,4,0,CHE(H) 0-4,Stoke City,37422,Jonathan,2,90,-1,22,0,0,0,12 Jan 15:00,0,1,66,-4,Midfielder,0,0
0,-27714,Walters,3,0,SWA(A) 1-3,Stoke City,37423,Jonathan,0,90,4,23,0,0,0,19 Jan 15:00,0,0,66,2,Midfielder,0,0
0,-5802,Walters,2,0,WIG(H) 2-2,Stoke City,37424,Jonathan,0,90,2,24,0,0,0,29 Jan 19:45,0,0,66,2,Midfielder,0,0
0,-13925,Walters,1,0,ARS(A) 0-1,Stoke City,37425,Jonathan,0,83,11,25,0,0,0,02 Feb 15:00,0,0,65,2,Midfielder,0,0
0,-10328,Walters,1,0,RDG(H) 2-1,Stoke City,37426,Jonathan,0,90,13,26,0,0,0,09 Feb 15:00,0,0,64,2,Midfielder,0,0
0,-5380,Walters,1,0,FUL(A) 0-1,Stoke City,37427,Jonathan,0,90,3,27,0,0,0,23 Feb 12:45,0,1,64,0,Midfielder,0,0
0,-5890,Walters,1,0,WHU(H) 0-1,Stoke City,37428,Jonathan,0,73,-6,28,0,0,0,02 Mar 15:00,0,0,63,2,Midfielder,0,0
0,-2318,Walters,2,0,NEW(A) 1-2,Stoke City,37429,Jonathan,0,90,18,29,1,0,0,10 Mar 15:00,0,0,63,8,Midfielder,0,1
0,2376,Walters,0,0,WBA(H) 0-0,Stoke City,37430,Jonathan,0,90,5,30,0,1,0,16 Mar 15:00,0,0,63,3,Midfielder,0,0
0,3021,Walters,1,0,EVE(A) 0-1,Stoke City,37431,Jonathan,0,90,3,31,0,0,0,30 Mar 17:30,0,0,63,2,Midfielder,0,0
0,5226,Walters,3,0,AVL(H) 1-3,Stoke City,37432,Jonathan,0,90,4,32,0,0,0,06 Apr 15:00,0,0,63,2,Midfielder,0,0
0,-8330,Walters,2,0,MUN(H) 0-2,Stoke City,37433,Jonathan,0,76,-7,33,0,0,0,14 Apr 14:05,0,0,63,2,Midfielder,0,0
0,-2412,Walters,0,0,QPR(A) 2-0,Stoke City,37434,Jonathan,0,90,38,34,2,1,0,20 Apr 15:00,0,0,63,10,Midfielder,0,1
1,5686,Walters,0,0,NOR(H) 1-0,Stoke City,37435,Jonathan,0,90,19,35,2,1,0,27 Apr 15:00,0,0,63,4,Midfielder,0,0
0,-4636,Walters,1,0,SUN(A) 1-1,Stoke City,37436,Jonathan,0,90,15,36,1,0,0,06 May 20:00,0,0,63,8,Midfielder,0,1
0,12326,Walters,2,0,TOT(H) 1-2,Stoke City,37437,Jonathan,0,90,3,37,0,0,0,12 May 13:30,0,0,63,2,Midfielder,0,0
0,1165,Walters,1,0,SOU(A) 1-1,Stoke City,37438,Jonathan,0,73,11,38,0,0,0,19 May 16:00,0,0,63,2,Midfielder,0,0
0,0,O'Shea,0,0,ARS(A) 0-0,Sunderland,3851,John,0,90,8,1,0,1,0,18 Aug 15:00,0,0,50,6,Defender,0,0
0,-3382,O'Shea,2,0,SWA(A) 2-2,Sunderland,3853,John,0,90,10,3,0,0,0,01 Sep 15:00,0,0,50,1,Defender,0,0
0,-2831,O'Shea,1,0,LIV(H) 1-1,Sunderland,3854,John,0,90,5,4,0,0,0,15 Sep 17:30,0,0,50,2,Defender,0,0
0,-1233,O'Shea,1,0,WHU(A) 1-1,Sunderland,3855,John,0,90,7,5,0,0,0,22 Sep 15:00,0,0,50,2,Defender,0,0
0,978,O'Shea,0,0,WIG(H) 1-0,Sunderland,3856,John,0,90,12,6,0,1,0,29 Sep 15:00,0,0,50,6,Defender,0,0
0,-321,O'Shea,3,0,MCI(A) 0-3,Sunderland,3857,John,0,90,10,7,0,0,0,06 Oct 12:45,0,0,50,1,Defender,0,0
0,-1114,O'Shea,1,0,NEW(H) 1-1,Sunderland,3858,John,0,90,17,8,2,0,1,21 Oct 13:30,0,0,50,7,Defender,0,0
0,1671,O'Shea,0,0,STK(A) 0-0,Sunderland,3859,John,0,90,9,9,0,1,0,27 Oct 15:00,0,0,50,6,Defender,0,0
0,15575,O'Shea,1,0,AVL(H) 0-1,Sunderland,38510,John,0,90,6,10,0,0,0,03 Nov 15:00,0,0,50,2,Defender,0,0
0,2207,O'Shea,2,0,EVE(A) 1-2,Sunderland,38511,John,0,90,11,11,0,0,0,10 Nov 15:00,0,0,50,1,Defender,0,0
1,-99,O'Shea,1,0,FUL(A) 3-1,Sunderland,38512,John,0,90,13,12,0,0,0,18 Nov 16:00,0,0,50,1,Defender,0,0
1,388,O'Shea,2,0,WBA(H) 2-4,Sunderland,38513,John,0,45,-4,13,0,0,0,24 Nov 12:45,0,0,50,-1,Defender,0,0
0,-9733,O'Shea,0,0,QPR(H) 0-0,Sunderland,38514,John,0,0,0,14,0,0,0,27 Nov 19:45,0,0,50,0,Defender,0,0
0,-10295,O'Shea,0,0,NOR(A) 1-2,Sunderland,38515,John,0,0,0,15,0,0,0,02 Dec 16:00,0,0,50,0,Defender,0,0
0,-6620,O'Shea,0,0,RDG(H) 3-0,Sunderland,38516,John,0,90,19,16,0,1,0,11 Dec 19:45,0,0,50,6,Defender,0,0
0,-2445,O'Shea,3,0,MUN(A) 1-3,Sunderland,38517,John,0,90,4,17,0,0,0,15 Dec 15:00,0,0,50,1,Defender,0,0
0,-1195,O'Shea,0,0,SOU(A) 1-0,Sunderland,38518,John,0,90,23,18,0,1,0,22 Dec 15:00,0,0,50,6,Defender,0,0
0,-587,O'Shea,0,0,MCI(H) 1-0,Sunderland,38519,John,0,0,0,19,0,0,0,26 Dec 15:00,0,0,50,0,Defender,0,0
0,-2465,O'Shea,2,0,TOT(H) 1-2,Sunderland,38520,John,0,67,19,20,0,0,0,29 Dec 12:45,0,0,50,7,Defender,0,1
0,-1798,O'Shea,0,0,LIV(A) 0-3,Sunderland,38521,John,0,0,0,21,0,0,0,02 Jan 19:45,0,0,50,0,Defender,0,0
0,-6013,O'Shea,0,0,WHU(H) 3-0,Sunderland,38522,John,0,90,16,22,0,1,0,12 Jan 15:00,0,0,50,6,Defender,0,0
0,949,O'Shea,2,0,WIG(A) 3-2,Sunderland,38523,John,0,90,8,23,0,0,0,19 Jan 15:00,0,0,50,1,Defender,0,0
0,2857,O'Shea,0,0,SWA(H) 0-0,Sunderland,38524,John,0,90,15,24,1,1,0,29 Jan 19:45,0,0,50,7,Defender,0,0
0,8381,O'Shea,2,0,RDG(A) 1-2,Sunderland,38525,John,0,90,9,25,0,0,1,02 Feb 15:00,0,0,50,4,Defender,0,0
0,1018,O'Shea,1,0,ARS(H) 0-1,Sunderland,38526,John,0,90,6,26,0,0,0,09 Feb 15:00,0,0,50,2,Defender,0,0
0,4465,O'Shea,2,0,WBA(A) 1-2,Sunderland,38527,John,0,90,3,27,0,0,0,23 Feb 15:00,0,0,50,1,Defender,0,0
0,3112,O'Shea,2,0,FUL(H) 2-2,Sunderland,38528,John,0,90,1,28,0,0,0,02 Mar 15:00,0,0,50,1,Defender,0,0
0,4473,O'Shea,3,0,QPR(A) 1-3,Sunderland,38529,John,0,90,14,29,0,0,0,09 Mar 15:00,0,0,50,1,Defender,0,0
0,-1695,O'Shea,1,0,NOR(H) 1-1,Sunderland,38530,John,0,90,6,30,0,0,1,17 Mar 13:30,0,0,50,5,Defender,0,0
1,-3551,O'Shea,1,0,MUN(H) 0-1,Sunderland,38531,John,0,90,2,31,0,0,0,30 Mar 12:45,0,0,50,1,Defender,0,0
0,-1927,O'Shea,2,0,CHE(A) 1-2,Sunderland,38532,John,0,90,19,32,0,0,1,07 Apr 15:00,0,0,50,4,Defender,0,0
0,-765,O'Shea,0,0,NEW(A) 3-0,Sunderland,38533,John,0,90,15,33,0,1,0,14 Apr 12:00,0,0,50,6,Defender,0,0
0,2180,O'Shea,0,0,EVE(H) 1-0,Sunderland,38534,John,0,90,20,34,1,1,0,20 Apr 15:00,0,0,50,7,Defender,0,0
0,4694,O'Shea,6,0,AVL(A) 1-6,Sunderland,38535,John,0,90,11,35,0,0,0,29 Apr 20:00,0,0,50,-1,Defender,0,0
0,-813,O'Shea,1,0,STK(H) 1-1,Sunderland,38536,John,0,90,32,36,3,0,0,06 May 20:00,0,0,50,11,Defender,0,1
0,3634,O'Shea,1,0,SOU(H) 1-1,Sunderland,38537,John,0,90,11,37,0,0,0,12 May 15:00,0,0,50,2,Defender,0,0
0,-468,O'Shea,1,0,TOT(A) 0-1,Sunderland,38538,John,0,90,2,38,0,0,0,19 May 16:00,0,0,51,2,Defender,0,0
0,0,Colback,0,0,ARS(A) 0-0,Sunderland,3931,Jack,0,90,7,1,0,1,0,18 Aug 15:00,0,0,50,3,Midfielder,0,0
0,-6832,Colback,2,0,SWA(A) 2-2,Sunderland,3933,Jack,0,90,11,3,0,0,0,01 Sep 15:00,0,0,49,2,Midfielder,0,0
0,-4039,Colback,1,0,LIV(H) 1-1,Sunderland,3934,Jack,0,90,2,4,0,0,0,15 Sep 17:30,0,0,49,2,Midfielder,0,0
0,-2038,Colback,1,0,WHU(A) 1-1,Sunderland,3935,Jack,0,90,16,5,1,0,0,22 Sep 15:00,0,0,48,3,Midfielder,0,0
0,-1585,Colback,0,0,WIG(H) 1-0,Sunderland,3936,Jack,0,90,16,6,0,1,0,29 Sep 15:00,0,0,48,3,Midfielder,0,0
1,-1282,Colback,3,0,MCI(A) 0-3,Sunderland,3937,Jack,0,90,4,7,0,0,0,06 Oct 12:45,0,0,48,1,Midfielder,0,0
0,-1349,Colback,1,0,NEW(H) 1-1,Sunderland,3938,Jack,0,90,9,8,0,0,0,21 Oct 13:30,0,0,47,2,Midfielder,0,0
0,-866,Colback,0,0,STK(A) 0-0,Sunderland,3939,Jack,0,90,4,9,0,1,0,27 Oct 15:00,0,0,47,3,Midfielder,0,0
0,-388,Colback,1,0,AVL(H) 0-1,Sunderland,39310,Jack,0,90,7,10,0,0,0,03 Nov 15:00,0,0,47,2,Midfielder,0,0
0,-710,Colback,2,0,EVE(A) 1-2,Sunderland,39311,Jack,0,87,7,11,0,0,0,10 Nov 15:00,0,0,47,2,Midfielder,0,0
0,-715,Colback,1,0,FUL(A) 3-1,Sunderland,39312,Jack,0,78,12,12,0,0,0,18 Nov 16:00,0,0,47,2,Midfielder,0,0
0,-449,Colback,2,0,WBA(H) 2-4,Sunderland,39313,Jack,0,72,3,13,0,0,0,24 Nov 12:45,0,0,46,2,Midfielder,0,0
0,-195,Colback,0,0,QPR(H) 0-0,Sunderland,39314,Jack,0,85,4,14,0,1,0,27 Nov 19:45,0,0,46,3,Midfielder,0,0
0,-164,Colback,0,0,NOR(A) 1-2,Sunderland,39315,Jack,0,0,0,15,0,0,0,02 Dec 16:00,0,0,46,0,Midfielder,0,0
0,-666,Colback,0,0,RDG(H) 3-0,Sunderland,39316,Jack,0,90,15,16,0,1,0,11 Dec 19:45,0,0,46,3,Midfielder,0,0
0,-758,Colback,3,0,MUN(A) 1-3,Sunderland,39317,Jack,0,84,4,17,0,0,0,15 Dec 15:00,0,0,46,2,Midfielder,0,0
0,-231,Colback,0,0,SOU(A) 1-0,Sunderland,39318,Jack,0,90,24,18,0,1,0,22 Dec 15:00,0,0,46,3,Midfielder,0,0
1,-189,Colback,0,0,MCI(H) 1-0,Sunderland,39319,Jack,0,90,17,19,0,1,0,26 Dec 15:00,0,0,46,2,Midfielder,0,0
0,-184,Colback,2,0,TOT(H) 1-2,Sunderland,39320,Jack,0,90,7,20,0,0,0,29 Dec 12:45,0,0,46,2,Midfielder,0,0
0,-97,Colback,3,0,LIV(A) 0-3,Sunderland,39321,Jack,0,90,8,21,0,0,0,02 Jan 19:45,0,0,46,2,Midfielder,0,0
0,-501,Colback,0,0,WHU(H) 3-0,Sunderland,39322,Jack,0,90,20,22,0,1,0,12 Jan 15:00,0,0,45,3,Midfielder,0,0
1,595,Colback,2,0,WIG(A) 3-2,Sunderland,39323,Jack,0,90,13,23,0,0,0,19 Jan 15:00,0,0,45,1,Midfielder,0,0
0,154,Colback,0,0,SWA(H) 0-0,Sunderland,39324,Jack,0,90,7,24,0,1,0,29 Jan 19:45,0,0,45,3,Midfielder,0,0
0,317,Colback,2,0,RDG(A) 1-2,Sunderland,39325,Jack,0,90,4,25,0,0,0,02 Feb 15:00,0,0,45,2,Midfielder,0,0
1,-278,Colback,1,0,ARS(H) 0-1,Sunderland,39326,Jack,0,90,4,26,0,0,0,09 Feb 15:00,0,0,45,1,Midfielder,0,0
0,-1,Colback,2,0,WBA(A) 1-2,Sunderland,39327,Jack,0,90,5,27,0,0,0,23 Feb 15:00,0,0,45,2,Midfielder,0,0
0,-6,Colback,2,0,FUL(H) 2-2,Sunderland,39328,Jack,0,90,8,28,0,0,0,02 Mar 15:00,0,0,45,2,Midfielder,0,0
0,566,Colback,2,0,QPR(A) 1-3,Sunderland,39329,Jack,0,80,5,29,0,0,0,09 Mar 15:00,0,0,45,2,Midfielder,0,0
0,507,Colback,0,0,NOR(H) 1-1,Sunderland,39330,Jack,0,0,0,30,0,0,0,17 Mar 13:30,0,0,45,0,Midfielder,0,0
0,-71,Colback,0,0,MUN(H) 0-1,Sunderland,39331,Jack,0,6,1,31,0,0,0,30 Mar 12:45,0,0,45,1,Midfielder,0,0
0,-287,Colback,0,0,CHE(A) 1-2,Sunderland,39332,Jack,0,9,4,32,0,0,0,07 Apr 15:00,0,0,45,1,Midfielder,0,0
0,-321,Colback,0,0,NEW(A) 3-0,Sunderland,39333,Jack,0,37,10,33,0,0,0,14 Apr 12:00,0,0,45,1,Midfielder,0,0
0,40,Colback,0,0,EVE(H) 1-0,Sunderland,39334,Jack,0,90,15,34,0,1,0,20 Apr 15:00,0,0,45,3,Midfielder,0,0
0,533,Colback,0,0,AVL(A) 1-6,Sunderland,39335,Jack,0,0,0,35,0,0,0,29 Apr 20:00,0,0,45,0,Midfielder,0,0
0,-192,Colback,1,0,STK(H) 1-1,Sunderland,39336,Jack,0,90,11,36,0,0,0,06 May 20:00,0,0,45,2,Midfielder,0,0
0,85,Colback,1,0,SOU(H) 1-1,Sunderland,39337,Jack,0,90,8,37,0,0,0,12 May 15:00,0,0,45,2,Midfielder,0,0
0,8,Colback,1,0,TOT(A) 0-1,Sunderland,39338,Jack,0,90,12,38,0,0,0,19 May 16:00,0,0,45,2,Midfielder,0,0
0,0,McClean,0,0,ARS(A) 0-0,Sunderland,3981,James,0,90,14,1,3,1,0,18 Aug 15:00,0,0,65,6,Midfielder,0,0
0,-7263,McClean,2,0,SWA(A) 2-2,Sunderland,3983,James,0,90,4,3,0,0,0,01 Sep 15:00,0,0,65,2,Midfielder,0,0
0,-7851,McClean,1,0,LIV(H) 1-1,Sunderland,3984,James,0,90,7,4,0,0,0,15 Sep 17:30,0,0,65,2,Midfielder,0,0
0,-5527,McClean,1,0,WHU(A) 1-1,Sunderland,3985,James,0,90,-4,5,0,0,0,22 Sep 15:00,0,0,64,2,Midfielder,0,0
1,-4973,McClean,0,0,WIG(H) 1-0,Sunderland,3986,James,0,90,19,6,0,1,1,29 Sep 15:00,0,0,64,5,Midfielder,0,0
0,-4197,McClean,3,0,MCI(A) 0-3,Sunderland,3987,James,0,90,8,7,0,0,0,06 Oct 12:45,0,0,63,2,Midfielder,0,0
0,-4205,McClean,1,0,NEW(H) 1-1,Sunderland,3988,James,0,90,-2,8,0,0,0,21 Oct 13:30,0,0,63,2,Midfielder,0,0
0,-3427,McClean,0,0,STK(A) 0-0,Sunderland,3989,James,0,90,9,9,0,1,0,27 Oct 15:00,0,0,62,3,Midfielder,0,0
0,-1909,McClean,0,0,AVL(H) 0-1,Sunderland,39810,James,0,24,4,10,0,0,0,03 Nov 15:00,0,0,62,1,Midfielder,0,0
0,-4802,McClean,2,0,EVE(A) 1-2,Sunderland,39811,James,0,90,14,11,0,0,0,10 Nov 15:00,0,0,61,2,Midfielder,0,0
0,-2869,McClean,0,0,FUL(A) 3-1,Sunderland,39812,James,0,21,4,12,0,0,0,18 Nov 16:00,0,0,60,1,Midfielder,0,0
0,-2555,McClean,2,0,WBA(H) 2-4,Sunderland,39813,James,0,45,-5,13,0,0,0,24 Nov 12:45,0,0,59,1,Midfielder,0,0
0,-1614,McClean,0,0,QPR(H) 0-0,Sunderland,39814,James,0,21,5,14,0,0,0,27 Nov 19:45,0,0,59,1,Midfielder,0,0
0,-1862,McClean,2,0,NOR(A) 1-2,Sunderland,39815,James,0,84,0,15,0,0,0,02 Dec 16:00,0,0,58,2,Midfielder,0,0
0,-749,McClean,0,0,RDG(H) 3-0,Sunderland,39816,James,0,90,38,16,3,1,0,11 Dec 19:45,0,0,58,11,Midfielder,0,1
0,-485,McClean,3,0,MUN(A) 1-3,Sunderland,39817,James,0,90,14,17,0,0,0,15 Dec 15:00,0,0,58,2,Midfielder,0,0
0,-174,McClean,0,0,SOU(A) 1-0,Sunderland,39818,James,0,90,26,18,1,1,0,22 Dec 15:00,0,0,58,4,Midfielder,0,0
0,-333,McClean,0,0,MCI(H) 1-0,Sunderland,39819,James,0,90,13,19,0,1,0,26 Dec 15:00,0,0,58,3,Midfielder,0,0
0,-206,McClean,2,0,TOT(H) 1-2,Sunderland,39820,James,0,90,4,20,0,0,0,29 Dec 12:45,0,0,58,2,Midfielder,0,0
1,-446,McClean,3,0,LIV(A) 0-3,Sunderland,39821,James,0,90,-3,21,0,0,0,02 Jan 19:45,0,0,57,1,Midfielder,0,0
0,-1259,McClean,0,0,WHU(H) 3-0,Sunderland,39822,James,0,90,47,22,3,1,0,12 Jan 15:00,0,0,57,11,Midfielder,0,1
0,1799,McClean,1,0,WIG(A) 3-2,Sunderland,39823,James,0,16,4,23,0,0,0,19 Jan 15:00,0,0,57,1,Midfielder,0,0
1,-349,McClean,0,0,SWA(H) 0-0,Sunderland,39824,James,0,25,-3,24,0,0,0,29 Jan 19:45,0,0,57,0,Midfielder,0,0
0,-1125,McClean,1,0,RDG(A) 1-2,Sunderland,39825,James,0,29,2,25,0,0,0,02 Feb 15:00,0,0,57,1,Midfielder,0,0
0,-1383,McClean,0,0,ARS(H) 0-1,Sunderland,39826,James,0,0,0,26,0,0,0,09 Feb 15:00,0,0,57,0,Midfielder,0,0
0,-1322,McClean,0,0,WBA(A) 1-2,Sunderland,39827,James,0,15,5,27,0,0,1,23 Feb 15:00,0,0,56,4,Midfielder,0,0
0,-171,McClean,0,0,FUL(H) 2-2,Sunderland,39828,James,0,15,2,28,0,0,0,02 Mar 15:00,0,0,56,1,Midfielder,0,0
0,-98,McClean,0,0,QPR(A) 1-3,Sunderland,39829,James,0,0,0,29,0,0,0,09 Mar 15:00,0,0,56,0,Midfielder,0,0
0,-348,McClean,0,0,NOR(H) 1-1,Sunderland,39830,James,0,16,1,30,0,0,0,17 Mar 13:30,0,0,56,1,Midfielder,0,0
0,-160,McClean,1,0,MUN(H) 0-1,Sunderland,39831,James,0,90,5,31,0,0,0,30 Mar 12:45,0,0,56,2,Midfielder,0,0
0,-56,McClean,0,0,CHE(A) 1-2,Sunderland,39832,James,0,20,1,32,0,0,0,07 Apr 15:00,0,0,56,1,Midfielder,0,0
0,-89,McClean,0,0,NEW(A) 3-0,Sunderland,39833,James,0,64,16,33,0,1,1,14 Apr 12:00,0,0,56,6,Midfielder,0,0
0,220,McClean,0,0,EVE(H) 1-0,Sunderland,39834,James,0,90,16,34,0,1,0,20 Apr 15:00,0,0,56,3,Midfielder,0,0
0,184,McClean,2,0,AVL(A) 1-6,Sunderland,39835,James,0,30,2,35,0,0,0,29 Apr 20:00,0,0,56,1,Midfielder,0,0
0,-170,McClean,1,0,STK(H) 1-1,Sunderland,39836,James,0,90,-6,36,0,0,0,06 May 20:00,0,0,56,2,Midfielder,0,0
0,229,McClean,0,0,SOU(H) 1-1,Sunderland,39837,James,0,45,4,37,0,0,0,12 May 15:00,0,0,56,1,Midfielder,0,0
1,-115,McClean,0,0,TOT(A) 0-1,Sunderland,39838,James,0,73,2,38,0,1,0,19 May 16:00,0,0,56,2,Midfielder,0,0
0,0,Allen,3,0,WBA(A) 0-3,Liverpool,4191,Joe,0,90,6,1,0,0,0,18 Aug 15:00,0,0,55,2,Midfielder,0,0
0,-69431,Allen,2,0,MCI(H) 2-2,Liverpool,4192,Joe,0,90,3,2,0,0,0,26 Aug 16:00,0,0,55,2,Midfielder,0,0
0,-53326,Allen,2,0,ARS(H) 0-2,Liverpool,4193,Joe,0,90,7,3,0,0,0,02 Sep 13:30,0,0,54,2,Midfielder,0,0
0,-59287,Allen,1,0,SUN(A) 1-1,Liverpool,4194,Joe,0,90,10,4,0,0,0,15 Sep 17:30,0,0,54,2,Midfielder,0,0
0,-41052,Allen,2,0,MUN(H) 1-2,Liverpool,4195,Joe,0,90,6,5,0,0,0,23 Sep 13:30,0,0,53,2,Midfielder,0,0
0,-31191,Allen,2,0,NOR(A) 5-2,Liverpool,4196,Joe,0,90,18,6,0,0,0,29 Sep 15:00,0,0,52,2,Midfielder,0,0
0,-25325,Allen,0,0,STK(H) 0-0,Liverpool,4197,Joe,0,90,10,7,0,1,0,07 Oct 15:00,0,0,51,3,Midfielder,0,0
0,-18793,Allen,0,0,RDG(H) 1-0,Liverpool,4198,Joe,0,90,19,8,0,1,0,20 Oct 15:00,0,0,51,3,Midfielder,0,0
0,-16843,Allen,2,0,EVE(A) 2-2,Liverpool,4199,Joe,0,90,7,9,0,0,0,28 Oct 13:30,0,0,50,2,Midfielder,0,0
0,-12442,Allen,1,0,NEW(H) 1-1,Liverpool,41910,Joe,0,90,8,10,0,0,0,04 Nov 16:00,0,0,50,2,Midfielder,0,0
1,-10856,Allen,1,0,CHE(A) 1-1,Liverpool,41911,Joe,0,90,2,11,0,0,0,11 Nov 16:00,0,0,49,1,Midfielder,0,0
0,-10014,Allen,0,0,WIG(H) 3-0,Liverpool,41912,Joe,0,90,16,12,0,1,0,17 Nov 15:00,0,0,49,3,Midfielder,0,0
0,-9006,Allen,0,0,SWA(A) 0-0,Liverpool,41913,Joe,0,90,6,13,0,1,0,25 Nov 13:30,0,0,49,3,Midfielder,0,0
0,-4201,Allen,2,0,TOT(A) 1-2,Liverpool,41914,Joe,0,90,10,14,0,0,0,28 Nov 19:45,0,0,48,2,Midfielder,0,0
0,-4397,Allen,0,0,SOU(H) 1-0,Liverpool,41915,Joe,0,68,13,15,0,1,0,01 Dec 15:00,0,0,48,3,Midfielder,0,0
0,-6479,Allen,2,0,WHU(A) 3-2,Liverpool,41916,Joe,0,85,15,16,0,0,0,09 Dec 16:00,0,0,48,2,Midfielder,0,0
0,-4581,Allen,3,0,AVL(H) 1-3,Liverpool,41917,Joe,0,90,-1,17,0,0,0,15 Dec 15:00,0,0,48,2,Midfielder,0,0
0,-3561,Allen,0,0,FUL(H) 4-0,Liverpool,41918,Joe,0,17,3,18,0,0,0,22 Dec 17:30,0,0,47,1,Midfielder,0,0
0,-3283,Allen,0,0,STK(A) 1-3,Liverpool,41919,Joe,0,0,0,19,0,0,0,26 Dec 19:45,0,0,47,0,Midfielder,0,0
0,-4246,Allen,0,0,QPR(A) 3-0,Liverpool,41920,Joe,0,86,15,20,0,1,0,30 Dec 16:00,0,0,47,3,Midfielder,0,0
0,-2013,Allen,0,0,SUN(H) 3-0,Liverpool,41921,Joe,0,34,-2,21,0,0,0,02 Jan 19:45,0,0,47,1,Midfielder,0,0
0,-8449,Allen,2,0,MUN(A) 1-2,Liverpool,41922,Joe,0,79,4,22,0,0,0,13 Jan 13:30,0,0,46,2,Midfielder,0,0
0,-2816,Allen,0,0,NOR(H) 5-0,Liverpool,41923,Joe,0,14,4,23,0,0,0,19 Jan 15:00,0,0,46,1,Midfielder,0,0
0,-4077,Allen,0,0,ARS(A) 2-2,Liverpool,41924,Joe,0,0,0,24,0,0,0,30 Jan 19:45,0,0,46,0,Midfielder,0,0
0,-2168,Allen,0,0,MCI(A) 2-2,Liverpool,41925,Joe,0,1,0,25,0,0,0,03 Feb 16:00,0,0,46,1,Midfielder,0,0
0,-1536,Allen,0,0,SWA(H) 5-0,Liverpool,41926,Joe,0,19,3,26,0,0,0,17 Feb 15:00,0,0,46,1,Midfielder,0,0
1,-1484,Allen,0,0,WIG(A) 4-0,Liverpool,41928,Joe,0,90,14,28,0,1,0,02 Mar 17:30,0,0,46,2,Midfielder,0,0
0,-401,Allen,0,0,TOT(H) 3-2,Liverpool,41929,Joe,0,32,5,29,0,0,0,10 Mar 16:00,0,0,45,1,Midfielder,0,0
0,-535,Allen,2,0,SOU(A) 1-3,Liverpool,41930,Joe,0,45,2,30,0,0,0,16 Mar 15:00,0,0,45,1,Midfielder,0,0
0,-3737,Allen,0,0,AVL(A) 2-1,Liverpool,41931,Joe,0,0,0,31,0,0,0,31 Mar 13:30,0,0,45,0,Midfielder,0,0
0,-2331,Allen,0,0,WHU(H) 0-0,Liverpool,41932,Joe,0,0,0,32,0,0,0,07 Apr 13:30,0,0,45,0,Midfielder,0,0
0,-1574,Allen,0,0,RDG(A) 0-0,Liverpool,41933,Joe,0,0,0,33,0,0,0,13 Apr 15:00,0,0,45,0,Midfielder,0,0
0,-883,Allen,0,0,CHE(H) 2-2,Liverpool,41934,Joe,0,0,0,34,0,0,0,21 Apr 16:00,0,0,45,0,Midfielder,0,0
0,-1146,Allen,0,0,NEW(A) 6-0,Liverpool,41935,Joe,0,0,0,35,0,0,0,27 Apr 17:30,0,0,45,0,Midfielder,0,0
0,-914,Allen,0,0,EVE(H) 0-0,Liverpool,41936,Joe,0,0,0,36,0,0,0,05 May 13:30,0,0,45,0,Midfielder,0,0
0,-477,Allen,0,0,FUL(A) 3-1,Liverpool,41937,Joe,0,0,0,37,0,0,0,12 May 15:00,0,0,45,0,Midfielder,0,0
0,-436,Allen,0,0,QPR(H) 1-0,Liverpool,41938,Joe,0,0,0,38,0,0,0,19 May 16:00,0,0,45,0,Midfielder,0,0
1,0,De Guzman,0,0,QPR(A) 5-0,Swansea,4271,Jonathan,0,69,16,1,0,1,0,18 Aug 15:00,0,0,60,2,Midfielder,0,0
0,-355,De Guzman,0,0,WHU(H) 3-0,Swansea,4272,Jonathan,0,74,15,2,0,1,0,25 Aug 12:45,0,0,60,3,Midfielder,0,0
0,-931,De Guzman,2,0,SUN(H) 2-2,Swansea,4273,Jonathan,0,90,18,3,0,0,1,01 Sep 15:00,0,0,60,5,Midfielder,0,0
0,-288,De Guzman,2,0,AVL(A) 0-2,Swansea,4274,Jonathan,0,90,6,4,0,0,0,15 Sep 15:00,0,0,60,2,Midfielder,0,0
0,-702,De Guzman,3,0,EVE(H) 0-3,Swansea,4275,Jonathan,0,90,-3,5,0,0,0,22 Sep 12:45,0,0,59,2,Midfielder,0,0
0,-547,De Guzman,0,0,STK(A) 0-2,Swansea,4276,Jonathan,0,0,0,6,0,0,0,29 Sep 15:00,0,0,59,0,Midfielder,0,0
0,-553,De Guzman,0,0,RDG(H) 2-2,Swansea,4277,Jonathan,0,5,-7,7,0,0,0,06 Oct 15:00,0,0,58,1,Midfielder,0,0
0,-483,De Guzman,1,0,WIG(H) 2-1,Swansea,4278,Jonathan,0,82,34,8,3,0,2,20 Oct 15:00,0,0,57,11,Midfielder,0,0
0,338,De Guzman,1,0,MCI(A) 0-1,Swansea,4279,Jonathan,0,90,0,9,0,0,0,27 Oct 17:30,0,0,57,2,Midfielder,0,0
1,394,De Guzman,1,0,CHE(H) 1-1,Swansea,42710,Jonathan,0,90,9,10,0,0,0,03 Nov 15:00,0,0,57,1,Midfielder,0,0
0,589,De Guzman,1,0,SOU(A) 1-1,Swansea,42711,Jonathan,0,85,7,11,0,0,0,10 Nov 15:00,0,0,57,2,Midfielder,0,0
0,-115,De Guzman,1,0,NEW(A) 2-1,Swansea,42712,Jonathan,0,90,32,12,2,0,0,17 Nov 15:00,0,0,57,9,Midfielder,0,1
0,2005,De Guzman,0,0,LIV(H) 0-0,Swansea,42713,Jonathan,0,83,5,13,0,1,0,25 Nov 13:30,0,0,57,3,Midfielder,0,0
0,595,De Guzman,0,0,WBA(H) 3-1,Swansea,42714,Jonathan,0,17,3,14,0,0,0,28 Nov 19:45,0,0,57,1,Midfielder,0,0
0,-595,De Guzman,0,0,ARS(A) 2-0,Swansea,42715,Jonathan,0,73,4,15,0,1,0,01 Dec 15:00,0,0,57,3,Midfielder,0,0
0,48,De Guzman,4,0,NOR(H) 3-4,Swansea,42716,Jonathan,0,90,28,16,0,0,1,08 Dec 15:00,0,0,57,10,Midfielder,0,1
1,2081,De Guzman,0,0,TOT(A) 0-1,Swansea,42717,Jonathan,0,59,-2,17,0,0,0,16 Dec 13:30,0,0,57,0,Midfielder,0,0
0,64,De Guzman,1,0,MUN(H) 1-1,Swansea,42718,Jonathan,0,69,17,18,0,0,1,23 Dec 13:30,0,0,57,5,Midfielder,0,0
0,4934,De Guzman,0,0,RDG(A) 0-0,Swansea,42719,Jonathan,0,23,2,19,0,0,0,26 Dec 15:00,0,0,57,1,Midfielder,0,0
0,262,De Guzman,1,0,FUL(A) 2-1,Swansea,42720,Jonathan,0,90,29,20,2,0,0,29 Dec 15:00,0,0,57,9,Midfielder,0,1
0,13500,De Guzman,1,0,AVL(H) 2-2,Swansea,42721,Jonathan,0,61,5,21,0,0,0,01 Jan 15:00,0,0,57,2,Midfielder,0,0
0,-3761,De Guzman,0,0,EVE(A) 0-0,Swansea,42722,Jonathan,0,33,2,22,0,0,0,12 Jan 15:00,0,0,57,1,Midfielder,0,0
0,-3097,De Guzman,1,0,STK(H) 3-1,Swansea,42723,Jonathan,0,90,48,23,3,0,0,19 Jan 15:00,0,0,57,15,Midfielder,0,2
0,44040,De Guzman,0,0,SUN(A) 0-0,Swansea,42724,Jonathan,0,90,6,24,0,1,0,29 Jan 19:45,0,0,58,3,Midfielder,0,0
0,23383,De Guzman,1,0,WHU(A) 0-1,Swansea,42725,Jonathan,0,90,0,25,0,0,0,02 Feb 15:00,0,0,59,2,Midfielder,0,0
0,43497,De Guzman,5,0,LIV(A) 0-5,Swansea,42726,Jonathan,0,90,11,26,0,0,0,17 Feb 15:00,0,0,60,2,Midfielder,0,0
0,7967,De Guzman,0,0,NEW(H) 1-0,Swansea,42728,Jonathan,0,90,26,28,3,1,0,02 Mar 15:00,0,0,57,6,Midfielder,0,0
0,17339,De Guzman,2,0,WBA(A) 1-2,Swansea,42729,Jonathan,1,90,6,29,0,0,1,09 Mar 15:00,0,0,57,3,Midfielder,0,0
1,3971,De Guzman,2,0,ARS(H) 0-2,Swansea,42730,Jonathan,0,90,3,30,0,0,0,16 Mar 15:00,0,0,58,1,Midfielder,0,0
0,4806,De Guzman,2,0,TOT(H) 1-2,Swansea,42731,Jonathan,0,56,0,31,0,0,0,30 Mar 15:00,0,0,58,1,Midfielder,0,0
1,-2119,De Guzman,2,0,NOR(A) 2-2,Swansea,42732,Jonathan,0,90,26,32,0,0,1,06 Apr 15:00,0,0,58,4,Midfielder,0,0
0,6276,De Guzman,0,0,SOU(H) 0-0,Swansea,42734,Jonathan,0,90,8,34,0,1,0,20 Apr 15:00,0,0,57,3,Midfielder,0,0
0,-1885,De Guzman,2,0,CHE(A) 0-2,Swansea,42735,Jonathan,0,90,10,35,0,0,0,28 Apr 15:00,0,0,57,2,Midfielder,0,0
1,9507,De Guzman,2,0,WIG(A) 3-2,Swansea,42736,Jonathan,0,90,13,36,0,0,0,07 May 19:45,0,0,57,1,Midfielder,0,0
0,-2904,De Guzman,2,0,MUN(A) 1-2,Swansea,42737,Jonathan,0,90,6,37,0,0,0,12 May 16:00,0,0,57,2,Midfielder,0,0
0,-1776,De Guzman,2,0,FUL(H) 0-3,Swansea,42738,Jonathan,0,79,8,38,0,0,0,19 May 16:00,0,0,57,2,Midfielder,0,0
0,0,Vertonghen,0,0,NEW(A) 1-2,Tottenham,4431,Jan,0,0,0,1,0,0,0,18 Aug 17:30,0,0,65,0,Defender,0,0
1,-5859,Vertonghen,1,0,WBA(H) 1-1,Tottenham,4432,Jan,0,90,2,2,0,0,0,25 Aug 15:00,0,0,65,1,Defender,0,0
0,-2277,Vertonghen,1,0,NOR(H) 1-1,Tottenham,4433,Jan,0,90,7,3,0,0,0,01 Sep 15:00,0,0,65,2,Defender,0,0
0,-6288,Vertonghen,1,0,RDG(A) 3-1,Tottenham,4434,Jan,0,90,18,4,0,0,0,16 Sep 16:00,0,0,65,2,Defender,0,0
0,-194,Vertonghen,1,0,QPR(H) 2-1,Tottenham,4435,Jan,0,90,10,5,0,0,0,23 Sep 16:00,0,0,64,2,Defender,0,0
0,-3017,Vertonghen,2,0,MUN(A) 3-2,Tottenham,4436,Jan,0,90,28,6,2,0,0,29 Sep 17:30,0,0,64,9,Defender,0,1
0,14871,Vertonghen,0,0,AVL(H) 2-0,Tottenham,4437,Jan,0,90,9,7,0,1,0,07 Oct 15:00,0,0,64,6,Defender,0,0
0,4782,Vertonghen,4,0,CHE(H) 2-4,Tottenham,4438,Jan,0,90,16,8,0,0,1,20 Oct 12:45,0,0,64,3,Defender,0,0
1,10866,Vertonghen,1,0,SOU(A) 2-1,Tottenham,4439,Jan,0,90,16,9,0,0,0,28 Oct 15:00,0,0,64,1,Defender,0,0
0,6834,Vertonghen,1,0,WIG(H) 0-1,Tottenham,44310,Jan,0,90,2,10,0,0,0,03 Nov 15:00,0,0,65,2,Defender,0,0
0,-5480,Vertonghen,2,0,MCI(A) 1-2,Tottenham,44311,Jan,0,90,6,11,0,0,0,11 Nov 13:30,0,0,65,1,Defender,0,0
0,-4745,Vertonghen,5,0,ARS(A) 2-5,Tottenham,44312,Jan,0,90,4,12,0,0,0,17 Nov 12:45,0,0,65,0,Defender,0,0
0,-4253,Vertonghen,1,0,WHU(H) 3-1,Tottenham,44313,Jan,0,90,16,13,0,0,0,25 Nov 16:00,0,0,64,2,Defender,0,0
0,-3257,Vertonghen,1,0,LIV(H) 2-1,Tottenham,44314,Jan,0,90,11,14,0,0,0,28 Nov 19:45,0,0,64,2,Defender,0,0
0,-3308,Vertonghen,0,0,FUL(A) 3-0,Tottenham,44315,Jan,0,90,19,15,0,1,0,01 Dec 15:00,0,0,63,6,Defender,0,0
1,-806,Vertonghen,2,0,EVE(A) 1-2,Tottenham,44316,Jan,0,90,17,16,0,0,0,09 Dec 15:00,0,0,63,0,Defender,0,0
0,-1647,Vertonghen,0,0,SWA(H) 1-0,Tottenham,44317,Jan,0,90,28,17,3,1,0,16 Dec 13:30,0,0,63,15,Defender,0,1
1,13274,Vertonghen,0,0,STK(H) 0-0,Tottenham,44318,Jan,0,90,11,18,0,1,0,22 Dec 15:00,0,0,63,5,Defender,0,0
0,7210,Vertonghen,0,0,AVL(A) 4-0,Tottenham,44319,Jan,0,90,11,19,0,1,0,26 Dec 17:30,0,0,63,6,Defender,0,0
0,13515,Vertonghen,0,0,SUN(A) 2-1,Tottenham,44320,Jan,0,0,0,20,0,0,0,29 Dec 12:45,0,0,64,0,Defender,0,0
0,1517,Vertonghen,1,0,RDG(H) 3-1,Tottenham,44321,Jan,0,90,15,21,0,0,0,01 Jan 15:00,0,0,64,2,Defender,0,0
0,-9343,Vertonghen,0,0,QPR(A) 0-0,Tottenham,44322,Jan,0,90,9,22,0,1,0,12 Jan 12:45,0,0,64,6,Defender,0,0
0,-6474,Vertonghen,0,0,MUN(H) 1-1,Tottenham,44323,Jan,0,0,0,23,0,0,0,20 Jan 16:00,0,0,64,0,Defender,0,0
0,-7104,Vertonghen,1,0,NOR(A) 1-1,Tottenham,44324,Jan,0,90,10,24,0,0,0,30 Jan 19:45,0,0,64,2,Defender,0,0
0,-4110,Vertonghen,0,0,WBA(A) 1-0,Tottenham,44325,Jan,0,90,12,25,0,1,0,03 Feb 13:30,0,0,64,6,Defender,0,0
0,-2198,Vertonghen,0,0,NEW(H) 2-1,Tottenham,44326,Jan,0,0,0,26,0,0,0,09 Feb 12:45,0,0,64,0,Defender,0,0
0,-3733,Vertonghen,2,0,WHU(A) 3-2,Tottenham,44327,Jan,0,90,10,27,0,0,0,25 Feb 20:00,0,0,63,1,Defender,0,0
1,-2810,Vertonghen,1,0,ARS(H) 2-1,Tottenham,44328,Jan,0,90,13,28,0,0,0,03 Mar 16:00,0,0,63,1,Defender,0,0
1,4648,Vertonghen,3,0,LIV(A) 2-3,Tottenham,44329,Jan,0,90,36,29,2,0,0,10 Mar 16:00,0,0,63,14,Defender,0,2
0,15772,Vertonghen,1,0,FUL(H) 0-1,Tottenham,44330,Jan,0,90,6,30,0,0,0,17 Mar 15:00,0,0,63,2,Defender,0,0
0,3525,Vertonghen,1,0,SWA(A) 2-1,Tottenham,44331,Jan,0,90,38,31,2,0,1,30 Mar 15:00,0,0,63,13,Defender,0,1
0,53465,Vertonghen,2,0,EVE(H) 2-2,Tottenham,44332,Jan,0,90,11,32,0,0,1,07 Apr 14:05,0,0,65,4,Defender,0,0
0,8656,Vertonghen,1,0,MCI(H) 3-1,Tottenham,44334,Jan,0,90,18,34,0,0,0,21 Apr 13:30,0,0,66,2,Defender,0,0
0,23972,Vertonghen,2,0,WIG(A) 2-2,Tottenham,44335,Jan,0,90,9,35,0,0,0,27 Apr 15:00,0,0,66,1,Defender,0,0
1,33330,Vertonghen,2,0,CHE(A) 2-2,Tottenham,44336,Jan,0,90,10,36,0,0,0,08 May 19:45,0,0,68,0,Defender,0,0
0,4486,Vertonghen,1,0,STK(A) 2-1,Tottenham,44337,Jan,0,90,9,37,0,0,0,12 May 13:30,0,0,68,2,Defender,0,0
0,8809,Vertonghen,0,0,SUN(H) 1-0,Tottenham,44338,Jan,0,90,22,38,2,1,0,19 May 16:00,0,0,68,8,Defender,0,0
1,0,Livermore,2,0,NEW(A) 1-2,Tottenham,4511,Jake,0,90,3,1,0,0,0,18 Aug 17:30,0,0,45,1,Midfielder,0,0
0,-584,Livermore,1,0,WBA(H) 1-1,Tottenham,4512,Jake,0,90,7,2,0,0,0,25 Aug 15:00,0,0,45,2,Midfielder,0,0
0,-1166,Livermore,1,0,NOR(H) 1-1,Tottenham,4513,Jake,0,90,8,3,0,0,0,01 Sep 15:00,0,0,45,2,Midfielder,0,0
0,-913,Livermore,0,0,RDG(A) 3-1,Tottenham,4514,Jake,0,0,0,4,0,0,0,16 Sep 16:00,0,0,45,0,Midfielder,0,0
0,-1524,Livermore,0,0,QPR(H) 2-1,Tottenham,4515,Jake,0,0,0,5,0,0,0,23 Sep 16:00,0,0,44,0,Midfielder,0,0
0,-1461,Livermore,0,0,MUN(A) 3-2,Tottenham,4516,Jake,0,0,0,6,0,0,0,29 Sep 17:30,0,0,44,0,Midfielder,0,0
0,-1479,Livermore,0,0,AVL(H) 2-0,Tottenham,4517,Jake,0,0,0,7,0,0,0,07 Oct 15:00,0,0,44,0,Midfielder,0,0
0,-1321,Livermore,2,0,CHE(H) 2-4,Tottenham,4518,Jake,0,24,1,8,0,0,0,20 Oct 12:45,0,0,43,1,Midfielder,0,0
1,25,Livermore,1,0,SOU(A) 2-1,Tottenham,4519,Jake,0,28,4,9,0,0,0,28 Oct 15:00,0,0,43,0,Midfielder,0,0
0,-410,Livermore,0,0,WIG(H) 0-1,Tottenham,45110,Jake,0,0,0,10,0,0,0,03 Nov 15:00,0,0,43,0,Midfielder,0,0
0,-483,Livermore,0,0,MCI(A) 1-2,Tottenham,45111,Jake,0,0,0,11,0,0,0,11 Nov 13:30,0,0,43,0,Midfielder,0,0
0,-298,Livermore,0,0,ARS(A) 2-5,Tottenham,45112,Jake,0,0,0,12,0,0,0,17 Nov 12:45,0,0,43,0,Midfielder,0,0
0,-305,Livermore,0,0,WHU(H) 3-1,Tottenham,45113,Jake,0,5,1,13,0,0,0,25 Nov 16:00,0,0,43,1,Midfielder,0,0
0,-149,Livermore,0,0,LIV(H) 2-1,Tottenham,45114,Jake,0,0,0,14,0,0,0,28 Nov 19:45,0,0,43,0,Midfielder,0,0
0,-201,Livermore,0,0,FUL(A) 3-0,Tottenham,45115,Jake,0,0,0,15,0,0,0,01 Dec 15:00,0,0,43,0,Midfielder,0,0
0,-387,Livermore,0,0,EVE(A) 1-2,Tottenham,45116,Jake,0,0,0,16,0,0,0,09 Dec 15:00,0,0,43,0,Midfielder,0,0
1,-81,Livermore,0,0,SWA(H) 1-0,Tottenham,45117,Jake,0,0,-1,17,0,0,0,16 Dec 13:30,0,0,42,-1,Midfielder,0,0
0,149,Livermore,0,0,STK(H) 0-0,Tottenham,45118,Jake,0,0,0,18,0,0,0,22 Dec 15:00,0,0,42,0,Midfielder,0,0
0,-71,Livermore,0,0,AVL(A) 4-0,Tottenham,45119,Jake,0,0,0,19,0,0,0,26 Dec 17:30,0,0,42,0,Midfielder,0,0
0,-199,Livermore,0,0,SUN(A) 2-1,Tottenham,45120,Jake,0,0,0,20,0,0,0,29 Dec 12:45,0,0,42,0,Midfielder,0,0
0,-124,Livermore,0,0,RDG(H) 3-1,Tottenham,45121,Jake,0,3,0,21,0,0,0,01 Jan 15:00,0,0,42,1,Midfielder,0,0
0,-96,Livermore,0,0,QPR(A) 0-0,Tottenham,45122,Jake,0,0,0,22,0,0,0,12 Jan 12:45,0,0,42,0,Midfielder,0,0
0,147,Livermore,0,0,MUN(H) 1-1,Tottenham,45123,Jake,0,0,0,23,0,0,0,20 Jan 16:00,0,0,42,0,Midfielder,0,0
0,-33,Livermore,0,0,NOR(A) 1-1,Tottenham,45124,Jake,0,0,0,24,0,0,0,30 Jan 19:45,0,0,42,0,Midfielder,0,0
0,-100,Livermore,0,0,WBA(A) 1-0,Tottenham,45125,Jake,0,0,0,25,0,0,0,03 Feb 13:30,0,0,42,0,Midfielder,0,0
0,-167,Livermore,0,0,NEW(H) 2-1,Tottenham,45126,Jake,0,1,-4,26,0,0,0,09 Feb 12:45,0,0,42,1,Midfielder,0,0
0,-169,Livermore,0,0,WHU(A) 3-2,Tottenham,45127,Jake,0,3,1,27,0,0,0,25 Feb 20:00,0,0,42,1,Midfielder,0,0
0,-52,Livermore,0,0,ARS(H) 2-1,Tottenham,45128,Jake,0,4,0,28,0,0,0,03 Mar 16:00,0,0,42,1,Midfielder,0,0
0,-28,Livermore,3,0,LIV(A) 2-3,Tottenham,45129,Jake,0,83,5,29,0,0,0,10 Mar 16:00,0,0,42,2,Midfielder,0,0
0,161,Livermore,0,0,FUL(H) 0-1,Tottenham,45130,Jake,0,0,0,30,0,0,0,17 Mar 15:00,0,0,42,0,Midfielder,0,0
0,34,Livermore,0,0,SWA(A) 2-1,Tottenham,45131,Jake,0,0,0,31,0,0,0,30 Mar 15:00,0,0,42,0,Midfielder,0,0
0,-40,Livermore,0,0,EVE(H) 2-2,Tottenham,45132,Jake,0,0,0,32,0,0,0,07 Apr 14:05,0,0,42,0,Midfielder,0,0
0,-24,Livermore,0,0,MCI(H) 3-1,Tottenham,45134,Jake,0,0,0,34,0,0,0,21 Apr 13:30,0,0,42,0,Midfielder,0,0
0,-41,Livermore,0,0,WIG(A) 2-2,Tottenham,45135,Jake,0,0,0,35,0,0,0,27 Apr 15:00,0,0,42,0,Midfielder,0,0
0,249,Livermore,0,0,CHE(A) 2-2,Tottenham,45136,Jake,0,0,0,36,0,0,0,08 May 19:45,0,0,41,0,Midfielder,0,0
0,183,Livermore,0,0,STK(A) 2-1,Tottenham,45137,Jake,0,0,0,37,0,0,0,12 May 13:30,0,0,41,0,Midfielder,0,0
0,128,Livermore,0,0,SUN(H) 1-0,Tottenham,45138,Jake,0,0,0,38,0,0,0,19 May 16:00,0,0,41,0,Midfielder,0,0
0,0,Jenas,0,0,NEW(A) 1-2,QPR,4551,Jermaine,0,0,0,1,0,0,0,18 Aug 17:30,0,0,45,0,Midfielder,0,0
0,-856,Jenas,1,0,WBA(H) 1-1,QPR,4552,Jermaine,0,15,1,2,0,0,0,25 Aug 15:00,0,0,45,1,Midfielder,0,0
0,-1165,Jenas,0,0,NOR(H) 1-1,QPR,4553,Jermaine,0,0,0,3,0,0,0,01 Sep 15:00,0,0,45,0,Midfielder,0,0
0,-641,Jenas,0,0,RDG(A) 3-1,QPR,4554,Jermaine,0,0,0,4,0,0,0,16 Sep 16:00,0,0,44,0,Midfielder,0,0
0,-496,Jenas,0,0,QPR(H) 2-1,QPR,4555,Jermaine,0,0,0,5,0,0,0,23 Sep 16:00,0,0,44,0,Midfielder,0,0
0,-737,Jenas,0,0,MUN(A) 3-2,QPR,4556,Jermaine,0,0,0,6,0,0,0,29 Sep 17:30,0,0,44,0,Midfielder,0,0
0,-816,Jenas,0,0,AVL(H) 2-0,QPR,4557,Jermaine,0,0,0,7,0,0,0,07 Oct 15:00,0,0,44,0,Midfielder,0,0
0,-481,Jenas,0,0,CHE(H) 2-4,QPR,4558,Jermaine,0,0,0,8,0,0,0,20 Oct 12:45,0,0,43,0,Midfielder,0,0
0,-301,Jenas,0,0,SOU(A) 2-1,QPR,4559,Jermaine,0,0,0,9,0,0,0,28 Oct 15:00,0,0,43,0,Midfielder,0,0
0,-298,Jenas,0,0,WIG(H) 0-1,QPR,45510,Jermaine,0,0,0,10,0,0,0,03 Nov 15:00,0,0,43,0,Midfielder,0,0
0,-203,Jenas,0,0,MCI(A) 1-2,QPR,45511,Jermaine,0,0,0,11,0,0,0,11 Nov 13:30,0,0,43,0,Midfielder,0,0
0,-185,Jenas,0,0,ARS(A) 2-5,QPR,45512,Jermaine,0,0,0,12,0,0,0,17 Nov 12:45,0,0,43,0,Midfielder,0,0
0,-168,Jenas,0,0,WHU(H) 3-1,QPR,45513,Jermaine,0,0,0,13,0,0,0,25 Nov 16:00,0,0,43,0,Midfielder,0,0
0,-73,Jenas,0,0,LIV(H) 2-1,QPR,45514,Jermaine,0,0,0,14,0,0,0,28 Nov 19:45,0,0,43,0,Midfielder,0,0
0,-81,Jenas,0,0,FUL(A) 3-0,QPR,45515,Jermaine,0,0,0,15,0,0,0,01 Dec 15:00,0,0,43,0,Midfielder,0,0
0,-76,Jenas,0,0,EVE(A) 1-2,QPR,45516,Jermaine,0,0,0,16,0,0,0,09 Dec 15:00,0,0,42,0,Midfielder,0,0
0,-70,Jenas,0,0,SWA(H) 1-0,QPR,45517,Jermaine,0,0,0,17,0,0,0,16 Dec 13:30,0,0,42,0,Midfielder,0,0
0,-42,Jenas,0,0,STK(H) 0-0,QPR,45518,Jermaine,0,0,0,18,0,0,0,22 Dec 15:00,0,0,42,0,Midfielder,0,0
0,-30,Jenas,0,0,AVL(A) 4-0,QPR,45519,Jermaine,0,0,0,19,0,0,0,26 Dec 17:30,0,0,42,0,Midfielder,0,0
0,-47,Jenas,0,0,SUN(A) 2-1,QPR,45520,Jermaine,0,0,0,20,0,0,0,29 Dec 12:45,0,0,42,0,Midfielder,0,0
0,-40,Jenas,0,0,RDG(H) 3-1,QPR,45521,Jermaine,0,0,0,21,0,0,0,01 Jan 15:00,0,0,42,0,Midfielder,0,0
0,-27,Jenas,0,0,QPR(A) 0-0,QPR,45522,Jermaine,0,0,0,22,0,0,0,12 Jan 12:45,0,0,42,0,Midfielder,0,0
0,74,Jenas,0,0,MUN(H) 1-1,QPR,45523,Jermaine,0,0,0,23,0,0,0,20 Jan 16:00,0,0,42,0,Midfielder,0,0
0,78,Jenas,0,0,NOR(A) 1-1,QPR,45524,Jermaine,0,0,0,24,0,0,0,30 Jan 19:45,0,0,42,0,Midfielder,0,0
0,2054,Jenas,0,0,NOR(H) 0-0,QPR,45525,Jermaine,0,22,-2,25,0,0,0,02 Feb 12:45,0,0,42,1,Midfielder,0,0
0,955,Jenas,4,0,SWA(A) 1-4,QPR,45526,Jermaine,0,67,2,26,0,0,0,09 Feb 15:00,0,0,42,2,Midfielder,0,0
0,373,Jenas,1,0,MUN(H) 0-2,QPR,45527,Jermaine,0,45,3,27,0,0,0,23 Feb 15:00,0,0,42,1,Midfielder,0,0
0,244,Jenas,0,0,SOU(A) 2-1,QPR,45528,Jermaine,0,38,9,28,0,0,0,02 Mar 15:00,0,0,42,1,Midfielder,0,0
0,74,Jenas,0,0,SUN(H) 3-1,QPR,45529,Jermaine,0,11,20,29,0,0,0,09 Mar 15:00,0,0,42,6,Midfielder,0,1
0,2481,Jenas,3,0,AVL(A) 2-3,QPR,45530,Jermaine,0,90,26,30,1,0,0,16 Mar 15:00,0,0,42,8,Midfielder,0,1
0,7253,Jenas,3,0,FUL(A) 2-3,QPR,45531,Jermaine,0,90,-7,31,0,0,0,01 Apr 20:00,0,0,42,2,Midfielder,0,0
0,1380,Jenas,1,0,WIG(H) 1-1,QPR,45532,Jermaine,0,90,7,32,0,0,0,07 Apr 16:10,0,0,42,2,Midfielder,0,0
0,-81,Jenas,2,0,EVE(A) 0-2,QPR,45533,Jermaine,0,90,4,33,0,0,0,13 Apr 15:00,0,0,42,2,Midfielder,0,0
0,360,Jenas,0,0,STK(H) 0-2,QPR,45534,Jermaine,0,0,0,34,0,0,0,20 Apr 15:00,0,0,42,0,Midfielder,0,0
0,-1071,Jenas,0,0,RDG(A) 0-0,QPR,45535,Jermaine,0,90,-3,35,0,1,0,28 Apr 13:30,0,0,42,3,Midfielder,0,0
1,-966,Jenas,1,0,ARS(H) 0-1,QPR,45536,Jermaine,0,90,-1,36,0,0,0,04 May 17:30,0,0,42,1,Midfielder,0,0
0,-289,Jenas,2,0,NEW(H) 1-2,QPR,45537,Jermaine,0,90,5,37,0,0,0,12 May 15:00,0,0,42,2,Midfielder,0,0
0,-450,Jenas,0,0,LIV(A) 0-1,QPR,45538,Jermaine,0,0,0,38,0,0,0,19 May 16:00,0,0,42,0,Midfielder,0,0
0,0,Defoe,2,0,NEW(A) 1-2,Tottenham,4581,Jermain,0,90,14,1,0,0,0,18 Aug 17:30,0,0,75,6,Forward,0,1
0,44388,Defoe,0,0,WBA(H) 1-1,Tottenham,4582,Jermain,0,75,6,2,0,1,0,25 Aug 15:00,0,0,75,2,Forward,0,0
0,-2652,Defoe,0,0,NOR(H) 1-1,Tottenham,4583,Jermain,0,80,-3,3,0,1,1,01 Sep 15:00,0,0,76,5,Forward,0,0
1,-23433,Defoe,1,0,RDG(A) 3-1,Tottenham,4584,Jermain,0,90,18,4,0,0,0,16 Sep 16:00,0,0,76,9,Forward,0,2
0,91791,Defoe,1,0,QPR(H) 2-1,Tottenham,4585,Jermain,0,90,26,5,2,0,0,23 Sep 16:00,0,0,77,8,Forward,0,1
0,11241,Defoe,2,0,MUN(A) 3-2,Tottenham,4586,Jermain,0,90,8,6,0,0,0,29 Sep 17:30,0,0,77,2,Forward,0,0
0,30004,Defoe,0,0,AVL(H) 2-0,Tottenham,4587,Jermain,0,67,5,7,0,1,1,07 Oct 15:00,0,0,78,5,Forward,0,0
0,-21434,Defoe,4,0,CHE(H) 2-4,Tottenham,4588,Jermain,0,90,21,8,0,0,0,20 Oct 12:45,0,0,78,6,Forward,0,1
0,51253,Defoe,1,0,SOU(A) 2-1,Tottenham,4589,Jermain,0,77,4,9,0,0,1,28 Oct 15:00,0,0,79,5,Forward,0,0
0,83566,Defoe,1,0,WIG(H) 0-1,Tottenham,45810,Jermain,0,56,1,10,0,0,0,03 Nov 15:00,0,0,81,1,Forward,0,0
0,-46110,Defoe,1,0,MCI(A) 1-2,Tottenham,45811,Jermain,0,11,0,11,0,0,0,11 Nov 13:30,0,0,81,1,Forward,0,0
0,-121902,Defoe,5,0,ARS(A) 2-5,Tottenham,45812,Jermain,0,90,13,12,0,0,1,17 Nov 12:45,0,0,78,5,Forward,0,0
1,-7782,Defoe,1,0,WHU(H) 3-1,Tottenham,45813,Jermain,0,90,48,13,3,0,0,25 Nov 16:00,0,0,78,12,Forward,0,2
0,37843,Defoe,1,0,LIV(H) 2-1,Tottenham,45814,Jermain,0,90,9,14,0,0,0,28 Nov 19:45,0,0,78,2,Forward,0,0
0,38768,Defoe,0,0,FUL(A) 3-0,Tottenham,45815,Jermain,0,90,54,15,3,1,0,01 Dec 15:00,0,0,80,13,Forward,0,2
1,177459,Defoe,0,0,EVE(A) 1-2,Tottenham,45816,Jermain,0,84,-1,16,0,1,0,09 Dec 15:00,0,0,83,1,Forward,0,0
1,47551,Defoe,0,0,SWA(H) 1-0,Tottenham,45817,Jermain,0,90,6,17,0,1,0,16 Dec 13:30,0,0,84,1,Forward,0,0
0,-31701,Defoe,0,0,STK(H) 0-0,Tottenham,45818,Jermain,0,90,-3,18,0,1,0,22 Dec 15:00,0,0,84,2,Forward,0,0
0,-7314,Defoe,0,0,AVL(A) 4-0,Tottenham,45819,Jermain,0,90,27,19,1,1,0,26 Dec 17:30,0,0,84,7,Forward,0,1
0,34794,Defoe,1,0,SUN(A) 2-1,Tottenham,45820,Jermain,0,74,4,20,0,0,0,29 Dec 12:45,0,0,84,2,Forward,0,0
0,18045,Defoe,1,0,RDG(H) 3-1,Tottenham,45821,Jermain,0,90,12,21,0,0,0,01 Jan 15:00,0,0,85,2,Forward,0,0
0,-111834,Defoe,0,0,QPR(A) 0-0,Tottenham,45822,Jermain,0,90,13,22,0,1,0,12 Jan 12:45,0,0,85,2,Forward,0,0
0,-88839,Defoe,1,0,MUN(H) 1-1,Tottenham,45823,Jermain,0,90,2,23,0,0,0,20 Jan 16:00,0,0,83,2,Forward,0,0
0,-58649,Defoe,1,0,NOR(A) 1-1,Tottenham,45824,Jermain,0,90,3,24,0,0,1,30 Jan 19:45,0,0,82,5,Forward,0,0
0,-18318,Defoe,0,0,WBA(A) 1-0,Tottenham,45825,Jermain,0,38,6,25,0,0,0,03 Feb 13:30,0,0,82,1,Forward,0,0
0,-101141,Defoe,0,0,NEW(H) 2-1,Tottenham,45826,Jermain,0,0,0,26,0,0,0,09 Feb 12:45,0,0,81,0,Forward,0,0
0,-32537,Defoe,0,0,WHU(A) 3-2,Tottenham,45827,Jermain,0,0,0,27,0,0,0,25 Feb 20:00,0,0,79,0,Forward,0,0
0,-7537,Defoe,0,0,ARS(H) 2-1,Tottenham,45828,Jermain,0,25,-1,28,0,0,0,03 Mar 16:00,0,0,79,1,Forward,0,0
0,12987,Defoe,3,0,LIV(A) 2-3,Tottenham,45829,Jermain,0,90,2,29,0,0,0,10 Mar 16:00,0,0,79,2,Forward,0,0
0,1525,Defoe,0,0,FUL(H) 0-1,Tottenham,45830,Jermain,0,29,11,30,0,0,0,17 Mar 15:00,0,0,79,1,Forward,0,0
0,-4616,Defoe,1,0,SWA(A) 2-1,Tottenham,45831,Jermain,0,30,9,31,0,0,0,30 Mar 15:00,0,0,79,1,Forward,0,0
0,-14151,Defoe,0,0,EVE(H) 2-2,Tottenham,45832,Jermain,0,0,0,32,0,0,0,07 Apr 14:05,0,0,79,0,Forward,0,0
0,-1898,Defoe,0,0,MCI(H) 3-1,Tottenham,45834,Jermain,0,20,20,34,1,0,0,21 Apr 13:30,0,0,79,6,Forward,0,1
0,73859,Defoe,2,0,WIG(A) 2-2,Tottenham,45835,Jermain,0,90,3,35,0,0,0,27 Apr 15:00,0,0,79,2,Forward,0,0
0,44088,Defoe,0,0,CHE(A) 2-2,Tottenham,45836,Jermain,0,0,0,36,0,0,0,08 May 19:45,0,0,80,0,Forward,0,0
0,-26183,Defoe,0,0,STK(A) 2-1,Tottenham,45837,Jermain,0,17,2,37,0,0,0,12 May 13:30,0,0,80,1,Forward,0,0
0,-20690,Defoe,0,0,SUN(H) 1-0,Tottenham,45838,Jermain,0,18,-1,38,0,0,0,19 May 16:00,0,0,79,1,Forward,0,0
0,0,Hurst,0,0,LIV(H) 3-0,West Brom,4661,James,0,0,0,1,0,0,0,18 Aug 15:00,0,0,40,0,Defender,0,0
0,-205,Hurst,0,0,TOT(A) 1-1,West Brom,4662,James,0,0,0,2,0,0,0,25 Aug 15:00,0,0,40,0,Defender,0,0
0,-357,Hurst,0,0,EVE(H) 2-0,West Brom,4663,James,0,0,0,3,0,0,0,01 Sep 15:00,0,0,40,0,Defender,0,0
0,-230,Hurst,0,0,FUL(A) 0-3,West Brom,4664,James,0,0,0,4,0,0,0,15 Sep 15:00,0,0,40,0,Defender,0,0
0,-151,Hurst,0,0,RDG(H) 1-0,West Brom,4665,James,0,0,0,5,0,0,0,22 Sep 15:00,0,0,40,0,Defender,0,0
0,-145,Hurst,0,0,AVL(A) 1-1,West Brom,4666,James,0,0,0,6,0,0,0,30 Sep 16:00,0,0,40,0,Defender,0,0
0,-273,Hurst,0,0,QPR(H) 3-2,West Brom,4667,James,0,0,0,7,0,0,0,06 Oct 15:00,0,0,40,0,Defender,0,0
0,-289,Hurst,0,0,MCI(H) 1-2,West Brom,4668,James,0,0,0,8,0,0,0,20 Oct 15:00,0,0,40,0,Defender,0,0
0,-154,Hurst,0,0,NEW(A) 1-2,West Brom,4669,James,0,0,0,9,0,0,0,28 Oct 15:00,0,0,40,0,Defender,0,0
0,-118,Hurst,0,0,SOU(H) 2-0,West Brom,46610,James,0,0,0,10,0,0,0,05 Nov 20:00,0,0,39,0,Defender,0,0
0,-52,Hurst,0,0,WIG(A) 2-1,West Brom,46611,James,0,0,0,11,0,0,0,10 Nov 15:00,0,0,39,0,Defender,0,0
0,-99,Hurst,0,0,CHE(H) 2-1,West Brom,46612,James,0,0,0,12,0,0,0,17 Nov 15:00,0,0,39,0,Defender,0,0
0,-90,Hurst,0,0,SUN(A) 4-2,West Brom,46613,James,0,0,0,13,0,0,0,24 Nov 12:45,0,0,39,0,Defender,0,0
0,-37,Hurst,0,0,SWA(A) 1-3,West Brom,46614,James,0,0,0,14,0,0,0,28 Nov 19:45,0,0,39,0,Defender,0,0
0,-49,Hurst,0,0,STK(H) 0-1,West Brom,46615,James,0,0,0,15,0,0,0,01 Dec 15:00,0,0,39,0,Defender,0,0
0,-76,Hurst,0,0,ARS(A) 0-2,West Brom,46616,James,0,0,0,16,0,0,0,08 Dec 15:00,0,0,39,0,Defender,0,0
0,-30,Hurst,0,0,WHU(H) 0-0,West Brom,46617,James,0,0,0,17,0,0,0,16 Dec 16:00,0,0,39,0,Defender,0,0
0,19,Hurst,0,0,NOR(H) 2-1,West Brom,46618,James,0,0,0,18,0,0,0,22 Dec 15:00,0,0,39,0,Defender,0,0
0,11,Hurst,0,0,QPR(A) 2-1,West Brom,46619,James,0,0,0,19,0,0,0,26 Dec 15:00,0,0,39,0,Defender,0,0
0,0,Hurst,0,0,MUN(A) 0-2,West Brom,46620,James,0,0,0,20,0,0,0,29 Dec 15:00,0,0,39,0,Defender,0,0
0,2,Hurst,0,0,FUL(H) 1-2,West Brom,46621,James,0,0,0,21,0,0,0,01 Jan 12:45,0,0,39,0,Defender,0,0
0,27,Hurst,0,0,RDG(A) 2-3,West Brom,46622,James,0,0,0,22,0,0,0,12 Jan 15:00,0,0,39,0,Defender,0,0
0,-32,Hurst,0,0,AVL(H) 2-2,West Brom,46623,James,0,0,0,23,0,0,0,19 Jan 17:30,0,0,39,0,Defender,0,0
0,-28,Hurst,0,0,EVE(A) 1-2,West Brom,46624,James,0,0,0,24,0,0,0,30 Jan 19:45,0,0,39,0,Defender,0,0
0,4,Hurst,0,0,TOT(H) 0-1,West Brom,46625,James,0,0,0,25,0,0,0,03 Feb 13:30,0,0,39,0,Defender,0,0
0,-3,Hurst,0,0,LIV(A) 2-0,West Brom,46626,James,0,0,0,26,0,0,0,11 Feb 20:00,0,0,39,0,Defender,0,0
0,-12,Hurst,0,0,SUN(H) 2-1,West Brom,46627,James,0,0,0,27,0,0,0,23 Feb 15:00,0,0,39,0,Defender,0,0
0,5,Hurst,0,0,CHE(A) 0-1,West Brom,46628,James,0,0,0,28,0,0,0,02 Mar 15:00,0,0,39,0,Defender,0,0
0,-8,Hurst,0,0,SWA(H) 2-1,West Brom,46629,James,0,0,0,29,0,0,0,09 Mar 15:00,0,0,39,0,Defender,0,0
0,77,Hurst,0,0,STK(A) 0-0,West Brom,46630,James,0,0,0,30,0,0,0,16 Mar 15:00,0,0,39,0,Defender,0,0
0,57,Hurst,0,0,WHU(A) 1-3,West Brom,46631,James,0,0,0,31,0,0,0,30 Mar 15:00,0,0,39,0,Defender,0,0
0,28,Hurst,0,0,ARS(H) 1-2,West Brom,46632,James,0,0,0,32,0,0,0,06 Apr 15:00,0,0,39,0,Defender,0,0
0,2,Hurst,0,0,NEW(H) 1-1,West Brom,46634,James,0,0,0,34,0,0,0,20 Apr 15:00,0,0,39,0,Defender,0,0
0,-7,Hurst,0,0,SOU(A) 3-0,West Brom,46635,James,0,0,0,35,0,0,0,27 Apr 15:00,0,0,39,0,Defender,0,0
0,19,Hurst,0,0,MCI(A) 0-1,West Brom,46636,James,0,0,0,36,0,0,0,07 May 19:45,0,0,39,0,Defender,0,0
0,-7,Hurst,0,0,NOR(A) 0-4,West Brom,46637,James,0,0,0,37,0,0,0,12 May 15:00,0,0,39,0,Defender,0,0
0,-1,Hurst,0,0,MUN(H) 5-5,West Brom,46638,James,0,0,0,38,0,0,0,19 May 16:00,0,0,39,0,Defender,0,0
0,0,Olsson,0,0,LIV(H) 3-0,West Brom,4681,Jonas,0,90,11,1,0,1,0,18 Aug 15:00,0,0,50,6,Defender,0,0
0,151,Olsson,1,0,TOT(A) 1-1,West Brom,4682,Jonas,0,90,10,2,0,0,0,25 Aug 15:00,0,0,50,2,Defender,0,0
0,-250,Olsson,0,0,EVE(H) 2-0,West Brom,4683,Jonas,0,90,22,3,0,1,0,01 Sep 15:00,0,0,50,6,Defender,0,0
0,3153,Olsson,3,0,FUL(A) 0-3,West Brom,4684,Jonas,0,90,14,4,0,0,0,15 Sep 15:00,0,0,50,1,Defender,0,0
0,1476,Olsson,0,0,RDG(H) 1-0,West Brom,4685,Jonas,0,90,7,5,0,1,0,22 Sep 15:00,0,0,50,6,Defender,0,0
0,4077,Olsson,1,0,AVL(A) 1-1,West Brom,4686,Jonas,0,90,19,6,3,0,0,30 Sep 16:00,0,0,50,5,Defender,0,0
0,16141,Olsson,2,0,QPR(H) 3-2,West Brom,4687,Jonas,0,90,16,7,0,0,0,06 Oct 15:00,0,0,50,1,Defender,0,0
0,4305,Olsson,2,0,MCI(H) 1-2,West Brom,4688,Jonas,0,90,5,8,0,0,0,20 Oct 15:00,0,0,50,1,Defender,0,0
0,2291,Olsson,2,0,NEW(A) 1-2,West Brom,4689,Jonas,0,90,3,9,0,0,0,28 Oct 15:00,0,0,50,1,Defender,0,0
0,4111,Olsson,0,0,SOU(H) 2-0,West Brom,46810,Jonas,0,90,15,10,0,1,0,05 Nov 20:00,0,0,50,6,Defender,0,0
0,7257,Olsson,1,0,WIG(A) 2-1,West Brom,46811,Jonas,0,90,14,11,0,0,0,10 Nov 15:00,0,0,51,2,Defender,0,0
0,2930,Olsson,1,0,CHE(H) 2-1,West Brom,46812,Jonas,0,90,19,12,0,0,0,17 Nov 15:00,0,0,51,2,Defender,0,0
0,7413,Olsson,2,0,SUN(A) 4-2,West Brom,46813,Jonas,0,90,17,13,0,0,0,24 Nov 12:45,0,0,51,1,Defender,0,0
1,-1412,Olsson,3,0,SWA(A) 1-3,West Brom,46814,Jonas,0,90,9,14,0,0,0,28 Nov 19:45,0,0,51,0,Defender,0,0
0,-2391,Olsson,1,0,STK(H) 0-1,West Brom,46815,Jonas,0,90,8,15,0,0,0,01 Dec 15:00,0,0,51,2,Defender,0,0
1,-2717,Olsson,2,0,ARS(A) 0-2,West Brom,46816,Jonas,0,90,14,16,0,0,0,08 Dec 15:00,0,0,51,0,Defender,0,0
1,-2627,Olsson,0,0,WHU(H) 0-0,West Brom,46817,Jonas,0,90,8,17,0,1,0,16 Dec 16:00,0,0,51,5,Defender,0,0
0,615,Olsson,1,0,NOR(H) 2-1,West Brom,46818,Jonas,0,90,30,18,1,0,1,22 Dec 15:00,0,0,51,6,Defender,0,0
0,2598,Olsson,1,0,QPR(A) 2-1,West Brom,46819,Jonas,0,90,17,19,0,0,0,26 Dec 15:00,0,0,51,2,Defender,0,0
0,-7345,Olsson,0,0,MUN(A) 0-2,West Brom,46820,Jonas,0,0,0,20,0,0,0,29 Dec 15:00,0,0,51,0,Defender,0,0
0,-6855,Olsson,0,0,FUL(H) 1-2,West Brom,46821,Jonas,0,0,0,21,0,0,0,01 Jan 12:45,0,0,50,0,Defender,0,0
0,-13608,Olsson,3,0,RDG(A) 2-3,West Brom,46822,Jonas,0,90,4,22,0,0,0,12 Jan 15:00,0,0,49,1,Defender,0,0
1,-4207,Olsson,2,0,AVL(H) 2-2,West Brom,46823,Jonas,0,90,5,23,0,0,0,19 Jan 17:30,0,0,49,0,Defender,0,0
0,-3103,Olsson,2,0,EVE(A) 1-2,West Brom,46824,Jonas,0,90,2,24,0,0,0,30 Jan 19:45,0,0,49,1,Defender,0,0
0,-2053,Olsson,1,0,TOT(H) 0-1,West Brom,46825,Jonas,0,90,5,25,0,0,0,03 Feb 13:30,0,0,49,2,Defender,0,0
0,-1237,Olsson,0,0,LIV(A) 2-0,West Brom,46826,Jonas,0,90,16,26,0,1,0,11 Feb 20:00,0,0,49,6,Defender,0,0
0,3105,Olsson,1,0,SUN(H) 2-1,West Brom,46827,Jonas,0,90,8,27,0,0,0,23 Feb 15:00,0,0,49,2,Defender,0,0
0,-450,Olsson,1,0,CHE(A) 0-1,West Brom,46828,Jonas,0,90,8,28,0,0,0,02 Mar 15:00,0,0,49,2,Defender,0,0
0,2144,Olsson,1,0,SWA(H) 2-1,West Brom,46829,Jonas,0,90,13,29,0,0,0,09 Mar 15:00,0,0,49,2,Defender,0,0
0,-511,Olsson,0,0,STK(A) 0-0,West Brom,46830,Jonas,0,90,9,30,0,1,0,16 Mar 15:00,0,0,49,6,Defender,0,0
0,-314,Olsson,3,0,WHU(A) 1-3,West Brom,46831,Jonas,0,90,10,31,0,0,0,30 Mar 15:00,0,0,49,1,Defender,0,0
0,-771,Olsson,2,0,ARS(H) 1-2,West Brom,46832,Jonas,0,90,4,32,0,0,0,06 Apr 15:00,0,0,49,1,Defender,0,0
0,119,Olsson,1,0,NEW(H) 1-1,West Brom,46834,Jonas,0,90,1,34,0,0,0,20 Apr 15:00,0,0,49,2,Defender,0,0
0,148,Olsson,0,0,SOU(A) 3-0,West Brom,46835,Jonas,0,90,11,35,0,1,0,27 Apr 15:00,0,0,49,6,Defender,0,0
0,2575,Olsson,1,0,MCI(A) 0-1,West Brom,46836,Jonas,0,90,8,36,0,0,0,07 May 19:45,0,0,49,2,Defender,0,0
1,-208,Olsson,4,0,NOR(A) 0-4,West Brom,46837,Jonas,0,90,1,37,0,0,0,12 May 15:00,0,0,49,-1,Defender,0,0
0,-1032,Olsson,5,0,MUN(H) 5-5,West Brom,46838,Jonas,1,90,12,38,0,0,0,19 May 16:00,0,0,49,-2,Defender,0,0
0,0,Thomas,0,0,LIV(H) 3-0,West Brom,4761,Jerome,0,0,0,1,0,0,0,18 Aug 15:00,0,0,55,0,Midfielder,0,0
0,-234,Thomas,0,0,TOT(A) 1-1,West Brom,4762,Jerome,0,0,0,2,0,0,0,25 Aug 15:00,0,0,55,0,Midfielder,0,0
0,-343,Thomas,0,0,EVE(H) 2-0,West Brom,4763,Jerome,0,0,0,3,0,0,0,01 Sep 15:00,0,0,54,0,Midfielder,0,0
0,-234,Thomas,0,0,FUL(A) 0-3,West Brom,4764,Jerome,0,0,0,4,0,0,0,15 Sep 15:00,0,0,53,0,Midfielder,0,0
0,-101,Thomas,0,0,RDG(H) 1-0,West Brom,4765,Jerome,0,0,0,5,0,0,0,22 Sep 15:00,0,0,53,0,Midfielder,0,0
0,-66,Thomas,0,0,AVL(A) 1-1,West Brom,4766,Jerome,0,0,0,6,0,0,0,30 Sep 16:00,0,0,52,0,Midfielder,0,0
0,-42,Thomas,0,0,QPR(H) 3-2,West Brom,4767,Jerome,0,0,0,7,0,0,0,06 Oct 15:00,0,0,52,0,Midfielder,0,0
0,-30,Thomas,0,0,MCI(H) 1-2,West Brom,4768,Jerome,0,0,0,8,0,0,0,20 Oct 15:00,0,0,52,0,Midfielder,0,0
0,-25,Thomas,0,0,NEW(A) 1-2,West Brom,4769,Jerome,0,0,0,9,0,0,0,28 Oct 15:00,0,0,51,0,Midfielder,0,0
0,-13,Thomas,0,0,SOU(H) 2-0,West Brom,47610,Jerome,0,0,0,10,0,0,0,05 Nov 20:00,0,0,51,0,Midfielder,0,0
0,-15,Thomas,0,0,WIG(A) 2-1,West Brom,47611,Jerome,0,0,0,11,0,0,0,10 Nov 15:00,0,0,51,0,Midfielder,0,0
0,-12,Thomas,0,0,CHE(H) 2-1,West Brom,47612,Jerome,0,0,0,12,0,0,0,17 Nov 15:00,0,0,51,0,Midfielder,0,0
0,-19,Thomas,0,0,SUN(A) 4-2,West Brom,47613,Jerome,0,0,0,13,0,0,0,24 Nov 12:45,0,0,51,0,Midfielder,0,0
0,-9,Thomas,0,0,SWA(A) 1-3,West Brom,47614,Jerome,0,0,0,14,0,0,0,28 Nov 19:45,0,0,51,0,Midfielder,0,0
0,-9,Thomas,0,0,STK(H) 0-1,West Brom,47615,Jerome,0,0,0,15,0,0,0,01 Dec 15:00,0,0,51,0,Midfielder,0,0
0,-12,Thomas,0,0,ARS(A) 0-2,West Brom,47616,Jerome,0,0,0,16,0,0,0,08 Dec 15:00,0,0,51,0,Midfielder,0,0
0,-7,Thomas,0,0,WHU(H) 0-0,West Brom,47617,Jerome,0,0,0,17,0,0,0,16 Dec 16:00,0,0,51,0,Midfielder,0,0
0,-1,Thomas,0,0,NOR(H) 2-1,West Brom,47618,Jerome,0,0,0,18,0,0,0,22 Dec 15:00,0,0,51,0,Midfielder,0,0
0,-3,Thomas,0,0,QPR(A) 2-1,West Brom,47619,Jerome,0,0,0,19,0,0,0,26 Dec 15:00,0,0,51,0,Midfielder,0,0
0,-4,Thomas,0,0,MUN(A) 0-2,West Brom,47620,Jerome,0,0,0,20,0,0,0,29 Dec 15:00,0,0,51,0,Midfielder,0,0
0,2,Thomas,0,0,FUL(H) 1-2,West Brom,47621,Jerome,0,0,0,21,0,0,0,01 Jan 12:45,0,0,51,0,Midfielder,0,0
0,-8,Thomas,3,0,RDG(A) 2-3,West Brom,47622,Jerome,0,90,7,22,0,0,0,12 Jan 15:00,0,0,51,2,Midfielder,0,0
0,10,Thomas,0,0,AVL(H) 2-2,West Brom,47623,Jerome,0,56,5,23,0,0,0,19 Jan 17:30,0,0,51,1,Midfielder,0,0
0,-1,Thomas,2,0,EVE(A) 1-2,West Brom,47624,Jerome,0,76,1,24,0,0,0,30 Jan 19:45,0,0,51,2,Midfielder,0,0
0,7,Thomas,0,0,TOT(H) 0-1,West Brom,47625,Jerome,0,0,0,25,0,0,0,03 Feb 13:30,0,0,51,0,Midfielder,0,0
0,-8,Thomas,0,0,LIV(A) 2-0,West Brom,47626,Jerome,0,0,0,26,0,0,0,11 Feb 20:00,0,0,51,0,Midfielder,0,0
0,-5,Thomas,0,0,SUN(H) 2-1,West Brom,47627,Jerome,0,0,0,27,0,0,0,23 Feb 15:00,0,0,51,0,Midfielder,0,0
0,-5,Thomas,0,0,CHE(A) 0-1,West Brom,47628,Jerome,0,20,3,28,0,0,0,02 Mar 15:00,0,0,51,1,Midfielder,0,0
0,6,Thomas,0,0,SWA(H) 2-1,West Brom,47629,Jerome,0,4,1,29,0,0,0,09 Mar 15:00,0,0,51,1,Midfielder,0,0
0,-3,Thomas,0,0,STK(A) 0-0,West Brom,47630,Jerome,0,66,6,30,0,1,0,16 Mar 15:00,0,0,51,3,Midfielder,0,0
0,0,Thomas,0,0,WHU(A) 1-3,West Brom,47631,Jerome,0,0,0,31,0,0,0,30 Mar 15:00,0,0,51,0,Midfielder,0,0
0,1,Thomas,2,0,ARS(H) 1-2,West Brom,47632,Jerome,0,61,0,32,0,0,0,06 Apr 15:00,0,0,51,2,Midfielder,0,0
0,1,Thomas,0,0,NEW(H) 1-1,West Brom,47634,Jerome,0,1,0,34,0,0,0,20 Apr 15:00,0,0,51,1,Midfielder,0,0
0,4,Thomas,0,0,SOU(A) 3-0,West Brom,47635,Jerome,0,6,1,35,0,0,0,27 Apr 15:00,0,0,51,1,Midfielder,0,0
0,7,Thomas,0,0,MCI(A) 0-1,West Brom,47636,Jerome,0,0,0,36,0,0,0,07 May 19:45,0,0,51,0,Midfielder,0,0
0,-2,Thomas,0,0,NOR(A) 0-4,West Brom,47637,Jerome,0,0,0,37,0,0,0,12 May 15:00,0,0,51,0,Midfielder,0,0
0,1,Thomas,0,0,MUN(H) 5-5,West Brom,47638,Jerome,0,0,0,38,0,0,0,19 May 16:00,0,0,51,0,Midfielder,0,0
0,0,Morrison,0,0,LIV(H) 3-0,West Brom,4771,James,0,81,19,1,0,1,1,18 Aug 15:00,0,0,60,6,Midfielder,0,0
0,506,Morrison,1,0,TOT(A) 1-1,West Brom,4772,James,0,90,23,2,2,0,0,25 Aug 15:00,0,0,60,9,Midfielder,0,1
0,9346,Morrison,0,0,EVE(H) 2-0,West Brom,4773,James,0,90,19,3,0,1,0,01 Sep 15:00,0,0,60,3,Midfielder,0,0
0,6566,Morrison,3,0,FUL(A) 0-3,West Brom,4774,James,0,90,10,4,0,0,0,15 Sep 15:00,0,0,60,2,Midfielder,0,0
0,8914,Morrison,0,0,RDG(H) 1-0,West Brom,4775,James,0,64,16,5,0,1,0,22 Sep 15:00,0,0,60,3,Midfielder,0,0
0,-3065,Morrison,1,0,AVL(A) 1-1,West Brom,4776,James,0,90,15,6,0,0,1,30 Sep 16:00,0,0,60,5,Midfielder,0,0
0,5088,Morrison,2,0,QPR(H) 3-2,West Brom,4777,James,0,90,37,7,2,0,1,06 Oct 15:00,0,0,60,12,Midfielder,0,1
0,36290,Morrison,0,0,MCI(H) 1-2,West Brom,4778,James,0,71,-3,8,0,1,0,20 Oct 15:00,0,0,60,3,Midfielder,0,0
0,30374,Morrison,2,0,NEW(A) 1-2,West Brom,4779,James,0,90,-1,9,0,0,0,28 Oct 15:00,0,0,61,2,Midfielder,0,0
0,47516,Morrison,0,0,SOU(H) 2-0,West Brom,47710,James,0,0,0,10,0,0,0,05 Nov 20:00,0,0,62,0,Midfielder,0,0
0,-25527,Morrison,1,0,WIG(A) 2-1,West Brom,47711,James,0,67,29,11,3,0,0,10 Nov 15:00,0,0,62,10,Midfielder,0,1
0,2857,Morrison,1,0,CHE(H) 2-1,West Brom,47712,James,0,69,21,12,0,0,1,17 Nov 15:00,0,0,62,5,Midfielder,0,0
1,63322,Morrison,2,0,SUN(A) 4-2,West Brom,47713,James,0,90,16,13,0,0,0,24 Nov 12:45,0,0,63,1,Midfielder,0,0
0,19106,Morrison,3,0,SWA(A) 1-3,West Brom,47714,James,0,90,7,14,0,0,0,28 Nov 19:45,0,0,64,2,Midfielder,0,0
0,3078,Morrison,0,0,STK(H) 0-1,West Brom,47715,James,0,0,0,15,0,0,0,01 Dec 15:00,0,0,64,0,Midfielder,0,0
0,-28875,Morrison,2,0,ARS(A) 0-2,West Brom,47716,James,0,90,5,16,0,0,0,08 Dec 15:00,0,0,64,2,Midfielder,0,0
0,-10048,Morrison,0,0,WHU(H) 0-0,West Brom,47717,James,0,90,-13,17,0,1,0,16 Dec 16:00,0,0,63,3,Midfielder,0,0
0,-5089,Morrison,1,0,NOR(H) 2-1,West Brom,47718,James,0,90,16,18,0,0,0,22 Dec 15:00,0,0,63,2,Midfielder,0,0
0,-10534,Morrison,1,0,QPR(A) 2-1,West Brom,47719,James,0,85,-5,19,0,0,0,26 Dec 15:00,0,0,62,2,Midfielder,0,0
0,-18071,Morrison,1,0,MUN(A) 0-2,West Brom,47720,James,0,16,2,20,0,0,0,29 Dec 15:00,0,0,61,1,Midfielder,0,0
0,-11180,Morrison,2,0,FUL(H) 1-2,West Brom,47721,James,0,90,7,21,0,0,0,01 Jan 12:45,0,0,60,2,Midfielder,0,0
0,-26581,Morrison,3,0,RDG(A) 2-3,West Brom,47722,James,0,90,22,22,0,0,2,12 Jan 15:00,0,0,59,8,Midfielder,0,0
0,3182,Morrison,2,0,AVL(H) 2-2,West Brom,47723,James,0,90,-1,23,0,0,0,19 Jan 17:30,0,0,59,2,Midfielder,0,0
0,-11272,Morrison,2,0,EVE(A) 1-2,West Brom,47724,James,0,61,1,24,0,0,0,30 Jan 19:45,0,0,59,2,Midfielder,0,0
0,-7917,Morrison,1,0,TOT(H) 0-1,West Brom,47725,James,0,90,5,25,0,0,0,03 Feb 13:30,0,0,59,2,Midfielder,0,0
1,-8664,Morrison,0,0,LIV(A) 2-0,West Brom,47726,James,0,90,22,26,0,1,1,11 Feb 20:00,0,0,58,5,Midfielder,0,0
1,9210,Morrison,1,0,SUN(H) 2-1,West Brom,47727,James,0,83,10,27,0,0,0,23 Feb 15:00,0,0,57,1,Midfielder,0,0
0,-4076,Morrison,1,0,CHE(A) 0-1,West Brom,47728,James,0,90,7,28,0,0,0,02 Mar 15:00,0,0,57,2,Midfielder,0,0
0,4127,Morrison,1,0,SWA(H) 2-1,West Brom,47729,James,0,86,25,29,3,0,0,09 Mar 15:00,0,0,57,5,Midfielder,0,0
1,980,Morrison,0,0,STK(A) 0-0,West Brom,47730,James,0,83,9,30,0,1,0,16 Mar 15:00,0,0,57,2,Midfielder,0,0
0,-9421,Morrison,0,0,WHU(A) 1-3,West Brom,47731,James,0,0,0,31,0,0,0,30 Mar 15:00,0,0,57,0,Midfielder,0,0
0,-6146,Morrison,2,0,ARS(H) 1-2,West Brom,47732,James,0,90,16,32,0,0,0,06 Apr 15:00,0,0,57,7,Midfielder,0,1
0,6268,Morrison,1,0,NEW(H) 1-1,West Brom,47734,James,0,90,12,34,0,0,0,20 Apr 15:00,0,0,57,2,Midfielder,0,0
0,2857,Morrison,0,0,SOU(A) 3-0,West Brom,47735,James,0,77,9,35,0,1,0,27 Apr 15:00,0,0,57,3,Midfielder,0,0
0,13521,Morrison,1,0,MCI(A) 0-1,West Brom,47736,James,0,90,18,36,0,0,0,07 May 19:45,0,0,57,2,Midfielder,0,0
0,-4757,Morrison,4,0,NOR(A) 0-4,West Brom,47737,James,0,90,12,37,0,0,0,12 May 15:00,0,0,57,2,Midfielder,0,0
0,-5495,Morrison,5,0,MUN(H) 5-5,West Brom,47738,James,0,78,37,38,2,0,1,19 May 16:00,0,0,57,12,Midfielder,0,1
0,0,Jaaskelainen,0,2,AVL(H) 1-0,West Ham,4891,Jussi,0,90,19,1,0,1,0,18 Aug 15:00,0,0,45,6,Goalkeeper,0,0
0,11058,Jaaskelainen,3,2,SWA(A) 0-3,West Ham,4892,Jussi,0,90,3,2,0,0,0,25 Aug 12:45,0,0,45,1,Goalkeeper,0,0
0,205,Jaaskelainen,0,8,FUL(H) 3-0,West Ham,4893,Jussi,0,90,23,3,0,1,0,01 Sep 12:45,0,0,45,8,Goalkeeper,0,0
0,50496,Jaaskelainen,0,6,NOR(A) 0-0,West Ham,4894,Jussi,0,90,14,4,2,1,0,15 Sep 12:45,0,0,45,10,Goalkeeper,0,0
1,107407,Jaaskelainen,1,0,SUN(H) 1-1,West Ham,4895,Jussi,0,90,4,5,0,0,0,22 Sep 15:00,0,0,47,1,Goalkeeper,0,0
1,27735,Jaaskelainen,1,6,QPR(A) 2-1,West Ham,4896,Jussi,0,90,15,6,0,0,0,01 Oct 20:00,0,0,48,3,Goalkeeper,0,0
0,14052,Jaaskelainen,3,4,ARS(H) 1-3,West Ham,4897,Jussi,0,90,4,7,0,0,0,06 Oct 17:30,0,0,48,2,Goalkeeper,0,0
0,28877,Jaaskelainen,1,2,SOU(H) 4-1,West Ham,4898,Jussi,0,90,13,8,0,0,0,20 Oct 15:00,0,0,49,2,Goalkeeper,0,0
0,12647,Jaaskelainen,2,6,WIG(A) 1-2,West Ham,4899,Jussi,0,90,7,9,0,0,0,27 Oct 15:00,0,0,49,3,Goalkeeper,0,0
0,-5088,Jaaskelainen,0,4,MCI(H) 0-0,West Ham,48910,Jussi,0,90,11,10,0,1,0,03 Nov 17:30,0,0,49,7,Goalkeeper,0,0
0,32192,Jaaskelainen,0,8,NEW(A) 1-0,West Ham,48911,Jussi,0,90,23,11,0,1,0,11 Nov 15:00,0,0,50,8,Goalkeeper,0,0
0,50094,Jaaskelainen,1,3,STK(H) 1-1,West Ham,48912,Jussi,0,90,7,12,0,0,0,19 Nov 20:00,0,0,51,3,Goalkeeper,0,0
0,5833,Jaaskelainen,3,6,TOT(A) 1-3,West Ham,48913,Jussi,0,90,6,13,0,0,0,25 Nov 16:00,0,0,52,3,Goalkeeper,0,0
0,-1089,Jaaskelainen,1,6,MUN(A) 0-1,West Ham,48914,Jussi,0,90,6,14,0,0,0,28 Nov 20:00,0,0,52,4,Goalkeeper,0,0
0,19658,Jaaskelainen,1,5,CHE(H) 3-1,West Ham,48915,Jussi,0,90,16,15,0,0,0,01 Dec 12:45,0,0,52,3,Goalkeeper,0,0
0,10101,Jaaskelainen,3,1,LIV(H) 2-3,West Ham,48916,Jussi,0,90,3,16,0,0,0,09 Dec 16:00,0,0,52,1,Goalkeeper,0,0
0,3102,Jaaskelainen,0,4,WBA(A) 0-0,West Ham,48917,Jussi,0,90,12,17,0,1,0,16 Dec 16:00,0,0,53,7,Goalkeeper,0,0
0,5324,Jaaskelainen,2,5,EVE(H) 1-2,West Ham,48918,Jussi,0,90,5,18,0,0,0,22 Dec 15:00,0,0,53,2,Goalkeeper,0,0
0,-4075,Jaaskelainen,1,1,RDG(A) 0-1,West Ham,48920,Jussi,0,90,4,20,0,0,0,29 Dec 15:00,0,0,53,2,Goalkeeper,0,0
0,-896,Jaaskelainen,1,1,NOR(H) 2-1,West Ham,48921,Jussi,0,90,13,21,0,0,0,01 Jan 15:00,0,0,53,2,Goalkeeper,0,0
0,-18885,Jaaskelainen,3,4,SUN(A) 0-3,West Ham,48922,Jussi,0,90,5,22,0,0,0,12 Jan 15:00,0,0,53,2,Goalkeeper,0,0
0,-3582,Jaaskelainen,5,4,ARS(A) 1-5,West Ham,48923,Jussi,0,90,5,23,0,0,0,23 Jan 19:45,0,0,53,1,Goalkeeper,0,0
0,-30770,Jaaskelainen,3,3,FUL(A) 1-3,West Ham,48924,Jussi,0,90,4,24,0,0,0,30 Jan 20:00,0,0,53,2,Goalkeeper,0,0
0,-25951,Jaaskelainen,0,4,SWA(H) 1-0,West Ham,48925,Jussi,0,90,19,25,0,1,0,02 Feb 15:00,0,0,52,7,Goalkeeper,0,0
0,-5593,Jaaskelainen,2,1,AVL(A) 1-2,West Ham,48926,Jussi,0,90,4,26,0,0,0,10 Feb 13:30,0,0,52,1,Goalkeeper,0,0
0,-8197,Jaaskelainen,3,10,TOT(H) 2-3,West Ham,48927,Jussi,0,90,9,27,0,0,0,25 Feb 20:00,0,0,52,4,Goalkeeper,0,0
0,-3368,Jaaskelainen,0,2,STK(A) 1-0,West Ham,48928,Jussi,0,90,20,28,2,1,0,02 Mar 15:00,0,0,52,8,Goalkeeper,0,0
0,-943,Jaaskelainen,2,9,CHE(A) 0-2,West Ham,48930,Jussi,0,90,9,30,0,0,0,17 Mar 16:00,0,0,51,4,Goalkeeper,0,0
0,3845,Jaaskelainen,1,5,WBA(H) 3-1,West Ham,48931,Jussi,0,90,17,31,0,0,0,30 Mar 15:00,0,0,51,3,Goalkeeper,0,0
0,-1159,Jaaskelainen,0,7,LIV(A) 0-0,West Ham,48932,Jussi,0,90,13,32,0,1,0,07 Apr 13:30,0,0,51,8,Goalkeeper,0,0
0,13540,Jaaskelainen,2,2,MUN(H) 2-2,West Ham,48933,Jussi,0,90,6,33,0,0,0,17 Apr 19:45,0,0,51,1,Goalkeeper,0,0
0,6777,Jaaskelainen,0,8,WIG(H) 2-0,West Ham,48934,Jussi,0,90,20,34,0,1,0,20 Apr 15:00,0,0,51,8,Goalkeeper,0,0
0,1897,Jaaskelainen,2,5,MCI(A) 1-2,West Ham,48935,Jussi,0,90,4,35,0,0,0,27 Apr 12:45,0,0,52,2,Goalkeeper,0,0
0,-4673,Jaaskelainen,0,2,NEW(H) 0-0,West Ham,48936,Jussi,0,90,10,36,0,1,0,04 May 15:00,0,0,52,6,Goalkeeper,0,0
0,3066,Jaaskelainen,2,3,EVE(A) 0-2,West Ham,48937,Jussi,0,90,4,37,0,0,0,12 May 15:00,0,0,52,2,Goalkeeper,0,0
0,10623,Jaaskelainen,2,3,RDG(H) 4-2,West Ham,48938,Jussi,0,90,14,38,0,0,0,19 May 16:00,0,0,52,2,Goalkeeper,0,0
0,0,O'Brien,0,0,AVL(H) 1-0,West Ham,4911,Joey,0,20,8,1,0,0,0,18 Aug 15:00,0,0,40,1,Defender,0,0
0,-2744,O'Brien,0,0,SWA(A) 0-3,West Ham,4912,Joey,0,0,0,2,0,0,0,25 Aug 12:45,0,0,40,0,Defender,0,0
0,-5396,O'Brien,0,0,FUL(H) 3-0,West Ham,4913,Joey,0,90,22,3,0,1,0,01 Sep 12:45,0,0,40,6,Defender,0,0
0,11297,O'Brien,0,0,NOR(A) 0-0,West Ham,4914,Joey,0,90,10,4,0,1,0,15 Sep 12:45,0,0,40,6,Defender,0,0
0,10526,O'Brien,1,0,SUN(H) 1-1,West Ham,4915,Joey,0,90,15,5,0,0,0,22 Sep 15:00,0,0,40,2,Defender,0,0
0,10678,O'Brien,0,0,QPR(A) 2-1,West Ham,4916,Joey,0,34,5,6,0,0,0,01 Oct 20:00,0,0,40,1,Defender,0,0
0,2180,O'Brien,0,0,ARS(H) 1-3,West Ham,4917,Joey,0,0,0,7,0,0,0,06 Oct 17:30,0,0,40,0,Defender,0,0
0,-5314,O'Brien,0,0,SOU(H) 4-1,West Ham,4918,Joey,0,0,0,8,0,0,0,20 Oct 15:00,0,0,40,0,Defender,0,0
0,-2048,O'Brien,0,0,WIG(A) 1-2,West Ham,4919,Joey,0,0,0,9,0,0,0,27 Oct 15:00,0,0,40,0,Defender,0,0
0,-1817,O'Brien,0,0,MCI(H) 0-0,West Ham,49110,Joey,0,90,9,10,0,1,0,03 Nov 17:30,0,0,40,6,Defender,0,0
1,1905,O'Brien,0,0,NEW(A) 1-0,West Ham,49111,Joey,0,90,24,11,1,1,1,11 Nov 15:00,0,0,40,9,Defender,0,0
0,22329,O'Brien,1,0,STK(H) 1-1,West Ham,49112,Joey,0,76,32,12,3,0,0,19 Nov 20:00,0,0,40,11,Defender,0,1
1,34859,O'Brien,3,0,TOT(A) 1-3,West Ham,49113,Joey,0,90,14,13,0,0,1,25 Nov 16:00,0,0,41,3,Defender,0,0
0,13841,O'Brien,1,0,MUN(A) 0-1,West Ham,49114,Joey,0,90,4,14,0,0,0,28 Nov 20:00,0,0,41,2,Defender,0,0
0,15165,O'Brien,1,0,CHE(H) 3-1,West Ham,49115,Joey,0,90,21,15,1,0,0,01 Dec 12:45,0,0,42,3,Defender,0,0
0,14495,O'Brien,3,0,LIV(H) 2-3,West Ham,49116,Joey,0,90,8,16,0,0,0,09 Dec 16:00,0,0,42,1,Defender,0,0
1,9936,O'Brien,0,0,WBA(A) 0-0,West Ham,49117,Joey,0,90,8,17,0,1,0,16 Dec 16:00,0,0,42,5,Defender,0,0
0,14260,O'Brien,2,0,EVE(H) 1-2,West Ham,49118,Joey,0,80,2,18,0,0,0,22 Dec 15:00,0,0,43,1,Defender,0,0
0,22053,O'Brien,1,0,RDG(A) 0-1,West Ham,49120,Joey,0,90,6,20,0,0,0,29 Dec 15:00,0,0,44,2,Defender,0,0
0,12981,O'Brien,0,0,NOR(H) 2-1,West Ham,49121,Joey,0,70,28,21,3,1,0,01 Jan 15:00,0,0,44,15,Defender,0,1
0,58310,O'Brien,0,0,SUN(A) 0-3,West Ham,49122,Joey,0,0,0,22,0,0,0,12 Jan 15:00,0,0,45,0,Defender,0,0
0,16561,O'Brien,5,0,ARS(A) 1-5,West Ham,49123,Joey,0,90,9,23,0,0,0,23 Jan 19:45,0,0,45,0,Defender,0,0
0,31246,O'Brien,3,0,FUL(A) 1-3,West Ham,49124,Joey,1,90,6,24,0,0,0,30 Jan 20:00,0,0,46,-1,Defender,0,0
0,-786,O'Brien,0,0,SWA(H) 1-0,West Ham,49125,Joey,0,90,18,25,0,1,0,02 Feb 15:00,0,0,46,6,Defender,0,0
0,9435,O'Brien,0,0,AVL(A) 1-2,West Ham,49126,Joey,0,23,1,26,0,0,0,10 Feb 13:30,0,0,46,1,Defender,0,0
0,-17687,O'Brien,3,0,TOT(H) 2-3,West Ham,49127,Joey,0,90,14,27,0,0,1,25 Feb 20:00,0,0,46,4,Defender,0,0
0,-941,O'Brien,0,0,STK(A) 1-0,West Ham,49128,Joey,0,90,20,28,2,1,0,02 Mar 15:00,0,0,46,8,Defender,0,0
0,4743,O'Brien,2,0,CHE(A) 0-2,West Ham,49130,Joey,0,90,10,30,0,0,0,17 Mar 16:00,0,0,46,1,Defender,0,0
0,5964,O'Brien,1,0,WBA(H) 3-1,West Ham,49131,Joey,0,90,12,31,0,0,0,30 Mar 15:00,0,0,46,2,Defender,0,0
1,3564,O'Brien,0,0,LIV(A) 0-0,West Ham,49132,Joey,0,90,11,32,0,1,0,07 Apr 13:30,0,0,46,5,Defender,0,0
0,31120,O'Brien,2,0,MUN(H) 2-2,West Ham,49133,Joey,0,90,6,33,0,0,0,17 Apr 19:45,0,0,47,1,Defender,0,0
0,7023,O'Brien,0,0,WIG(H) 2-0,West Ham,49134,Joey,0,90,23,34,1,1,1,20 Apr 15:00,0,0,47,10,Defender,0,0
1,2693,O'Brien,1,0,MCI(A) 1-2,West Ham,49135,Joey,0,79,9,35,0,0,0,27 Apr 12:45,0,0,48,1,Defender,0,0
1,-4774,O'Brien,0,0,NEW(H) 0-0,West Ham,49136,Joey,0,90,9,36,0,1,0,04 May 15:00,0,0,48,5,Defender,0,0
0,1873,O'Brien,2,0,EVE(A) 0-2,West Ham,49137,Joey,0,90,0,37,0,0,0,12 May 15:00,0,0,48,1,Defender,0,0
0,6994,O'Brien,2,0,RDG(H) 4-2,West Ham,49138,Joey,0,85,13,38,0,0,0,19 May 16:00,0,0,48,1,Defender,0,0
0,0,Tomkins,0,0,AVL(H) 1-0,West Ham,4951,James,0,18,3,1,0,0,0,18 Aug 15:00,0,0,45,1,Defender,0,0
0,-4370,Tomkins,2,0,SWA(A) 0-3,West Ham,4952,James,0,45,6,2,0,0,0,25 Aug 12:45,0,0,45,0,Defender,0,0
0,-7063,Tomkins,0,0,FUL(H) 3-0,West Ham,4953,James,0,24,4,3,0,0,0,01 Sep 12:45,0,0,45,1,Defender,0,0
0,-6031,Tomkins,0,0,NOR(A) 0-0,West Ham,4954,James,0,0,0,4,0,0,0,15 Sep 12:45,0,0,44,0,Defender,0,0
0,-4349,Tomkins,0,0,SUN(H) 1-1,West Ham,4955,James,0,0,0,5,0,0,0,22 Sep 15:00,0,0,43,0,Defender,0,0
1,-2985,Tomkins,1,0,QPR(A) 2-1,West Ham,4956,James,0,68,19,6,0,0,1,01 Oct 20:00,0,0,43,4,Defender,0,0
0,-1220,Tomkins,2,0,ARS(H) 1-3,West Ham,4957,James,0,18,4,7,0,0,0,06 Oct 17:30,0,0,42,0,Defender,0,0
0,-1053,Tomkins,1,0,SOU(H) 4-1,West Ham,4958,James,0,87,8,8,0,0,0,20 Oct 15:00,0,0,42,2,Defender,0,0
0,-414,Tomkins,2,0,WIG(A) 1-2,West Ham,4959,James,0,90,18,9,0,0,0,27 Oct 15:00,0,0,42,7,Defender,0,1
0,623,Tomkins,0,0,MCI(H) 0-0,West Ham,49510,James,0,0,0,10,0,0,0,03 Nov 17:30,0,0,42,0,Defender,0,0
0,-1332,Tomkins,0,0,NEW(A) 1-0,West Ham,49511,James,0,90,18,11,0,1,0,11 Nov 15:00,0,0,42,6,Defender,0,0
0,108,Tomkins,1,0,STK(H) 1-1,West Ham,49512,James,0,90,7,12,0,0,0,19 Nov 20:00,0,0,42,2,Defender,0,0
0,-121,Tomkins,3,0,TOT(A) 1-3,West Ham,49513,James,0,90,17,13,0,0,0,25 Nov 16:00,0,0,42,1,Defender,0,0
0,-265,Tomkins,1,0,MUN(A) 0-1,West Ham,49514,James,0,90,3,14,0,0,0,28 Nov 20:00,0,0,42,2,Defender,0,0
0,-216,Tomkins,1,0,CHE(H) 3-1,West Ham,49515,James,0,45,7,15,0,0,0,01 Dec 12:45,0,0,42,1,Defender,0,0
0,-469,Tomkins,2,0,LIV(H) 2-3,West Ham,49516,James,0,18,1,16,0,0,0,09 Dec 16:00,0,0,42,0,Defender,0,0
1,-558,Tomkins,0,0,WBA(A) 0-0,West Ham,49517,James,0,10,0,17,0,0,0,16 Dec 16:00,0,0,42,0,Defender,0,0
0,-586,Tomkins,2,0,EVE(H) 1-2,West Ham,49518,James,0,90,3,18,0,0,0,22 Dec 15:00,0,0,42,1,Defender,0,0
1,-232,Tomkins,1,0,RDG(A) 0-1,West Ham,49520,James,0,90,-1,20,0,0,0,29 Dec 15:00,0,0,42,1,Defender,0,0
0,161,Tomkins,1,0,NOR(H) 2-1,West Ham,49521,James,0,90,8,21,0,0,0,01 Jan 15:00,0,0,42,2,Defender,0,0
1,3055,Tomkins,2,0,SUN(A) 0-3,West Ham,49522,James,0,57,13,22,0,0,0,12 Jan 15:00,0,0,42,-1,Defender,0,0
0,2696,Tomkins,5,0,ARS(A) 1-5,West Ham,49523,James,0,90,17,23,0,0,0,23 Jan 19:45,0,0,42,0,Defender,0,0
0,-1263,Tomkins,3,0,FUL(A) 1-3,West Ham,49524,James,0,90,9,24,0,0,0,30 Jan 20:00,0,0,42,1,Defender,0,0
0,-953,Tomkins,0,0,SWA(H) 1-0,West Ham,49525,James,0,90,15,25,0,1,0,02 Feb 15:00,0,0,42,6,Defender,0,0
0,-3,Tomkins,2,0,AVL(A) 1-2,West Ham,49526,James,0,90,-1,26,0,0,0,10 Feb 13:30,0,0,42,1,Defender,0,0
0,-24,Tomkins,0,0,TOT(H) 2-3,West Ham,49527,James,0,0,0,27,0,0,0,25 Feb 20:00,0,0,42,0,Defender,0,0
0,-1576,Tomkins,0,0,STK(A) 1-0,West Ham,49528,James,0,0,0,28,0,0,0,02 Mar 15:00,0,0,42,0,Defender,0,0
0,-719,Tomkins,0,0,CHE(A) 0-2,West Ham,49530,James,0,30,1,30,0,0,0,17 Mar 16:00,0,0,41,1,Defender,0,0
0,-212,Tomkins,0,0,WBA(H) 3-1,West Ham,49531,James,0,0,0,31,0,0,0,30 Mar 15:00,0,0,41,0,Defender,0,0
0,-270,Tomkins,0,0,LIV(A) 0-0,West Ham,49532,James,0,82,16,32,1,1,0,07 Apr 13:30,0,0,41,7,Defender,0,0
0,1248,Tomkins,0,0,MUN(H) 2-2,West Ham,49533,James,0,0,0,33,0,0,0,17 Apr 19:45,0,0,41,0,Defender,0,0
0,-230,Tomkins,0,0,WIG(H) 2-0,West Ham,49534,James,0,0,0,34,0,0,0,20 Apr 15:00,0,0,41,0,Defender,0,0
0,-784,Tomkins,0,0,MCI(A) 1-2,West Ham,49535,James,0,0,0,35,0,0,0,27 Apr 12:45,0,0,41,0,Defender,0,0
0,-752,Tomkins,0,0,NEW(H) 0-0,West Ham,49536,James,0,0,0,36,0,0,0,04 May 15:00,0,0,41,0,Defender,0,0
0,-289,Tomkins,0,0,EVE(A) 0-2,West Ham,49537,James,0,0,0,37,0,0,0,12 May 15:00,0,0,41,0,Defender,0,0
0,-259,Tomkins,0,0,RDG(H) 4-2,West Ham,49538,James,0,0,0,38,0,0,0,19 May 16:00,0,0,41,0,Defender,0,0
0,0,Collison,0,0,AVL(H) 1-0,West Ham,4971,Jack,0,0,0,1,0,0,0,18 Aug 15:00,0,0,50,0,Midfielder,0,0
0,-617,Collison,0,0,SWA(A) 0-3,West Ham,4972,Jack,0,0,0,2,0,0,0,25 Aug 12:45,0,0,49,0,Midfielder,0,0
0,-506,Collison,0,0,FUL(H) 3-0,West Ham,4973,Jack,0,0,0,3,0,0,0,01 Sep 12:45,0,0,48,0,Midfielder,0,0
0,-263,Collison,0,0,NOR(A) 0-0,West Ham,4974,Jack,0,0,0,4,0,0,0,15 Sep 12:45,0,0,48,0,Midfielder,0,0
0,-110,Collison,0,0,SUN(H) 1-1,West Ham,4975,Jack,0,0,0,5,0,0,0,22 Sep 15:00,0,0,47,0,Midfielder,0,0
0,-94,Collison,0,0,QPR(A) 2-1,West Ham,4976,Jack,0,0,0,6,0,0,0,01 Oct 20:00,0,0,47,0,Midfielder,0,0
0,-50,Collison,0,0,ARS(H) 1-3,West Ham,4977,Jack,0,0,0,7,0,0,0,06 Oct 17:30,0,0,47,0,Midfielder,0,0
0,-47,Collison,0,0,SOU(H) 4-1,West Ham,4978,Jack,0,0,0,8,0,0,0,20 Oct 15:00,0,0,47,0,Midfielder,0,0
0,-44,Collison,0,0,WIG(A) 1-2,West Ham,4979,Jack,0,0,0,9,0,0,0,27 Oct 15:00,0,0,46,0,Midfielder,0,0
0,-20,Collison,0,0,MCI(H) 0-0,West Ham,49710,Jack,0,0,0,10,0,0,0,03 Nov 17:30,0,0,46,0,Midfielder,0,0
0,-17,Collison,0,0,NEW(A) 1-0,West Ham,49711,Jack,0,0,0,11,0,0,0,11 Nov 15:00,0,0,46,0,Midfielder,0,0
0,-22,Collison,0,0,STK(H) 1-1,West Ham,49712,Jack,0,0,0,12,0,0,0,19 Nov 20:00,0,0,46,0,Midfielder,0,0
0,-17,Collison,0,0,TOT(A) 1-3,West Ham,49713,Jack,0,0,0,13,0,0,0,25 Nov 16:00,0,0,46,0,Midfielder,0,0
0,-6,Collison,0,0,MUN(A) 0-1,West Ham,49714,Jack,0,0,0,14,0,0,0,28 Nov 20:00,0,0,46,0,Midfielder,0,0
0,-6,Collison,0,0,CHE(H) 3-1,West Ham,49715,Jack,0,0,0,15,0,0,0,01 Dec 12:45,0,0,46,0,Midfielder,0,0
0,-10,Collison,0,0,LIV(H) 2-3,West Ham,49716,Jack,0,0,0,16,0,0,0,09 Dec 16:00,0,0,46,0,Midfielder,0,0
0,-3,Collison,0,0,WBA(A) 0-0,West Ham,49717,Jack,0,0,0,17,0,0,0,16 Dec 16:00,0,0,46,0,Midfielder,0,0
0,-2,Collison,0,0,EVE(H) 1-2,West Ham,49718,Jack,0,3,1,18,0,0,0,22 Dec 15:00,0,0,46,1,Midfielder,0,0
0,11,Collison,0,0,RDG(A) 0-1,West Ham,49720,Jack,0,37,2,20,0,0,0,29 Dec 15:00,0,0,46,1,Midfielder,0,0
0,46,Collison,1,0,NOR(H) 2-1,West Ham,49721,Jack,0,90,21,21,0,0,0,01 Jan 15:00,0,0,46,2,Midfielder,0,0
0,136,Collison,1,0,SUN(A) 0-3,West Ham,49722,Jack,0,45,4,22,0,0,0,12 Jan 15:00,0,0,46,1,Midfielder,0,0
0,139,Collison,5,0,ARS(A) 1-5,West Ham,49723,Jack,0,61,19,23,0,0,0,23 Jan 19:45,0,0,46,7,Midfielder,0,1
0,52,Collison,0,0,FUL(A) 1-3,West Ham,49724,Jack,0,0,0,24,0,0,0,30 Jan 20:00,0,0,46,0,Midfielder,0,0
0,-34,Collison,0,0,SWA(H) 1-0,West Ham,49725,Jack,0,0,0,25,0,0,0,02 Feb 15:00,0,0,46,0,Midfielder,0,0
0,-66,Collison,0,0,AVL(A) 1-2,West Ham,49726,Jack,0,0,0,26,0,0,0,10 Feb 13:30,0,0,46,0,Midfielder,0,0
0,-50,Collison,1,0,TOT(H) 2-3,West Ham,49727,Jack,0,7,0,27,0,0,0,25 Feb 20:00,0,0,46,1,Midfielder,0,0
0,-23,Collison,0,0,STK(A) 1-0,West Ham,49728,Jack,0,81,36,28,3,1,0,02 Mar 15:00,0,0,46,11,Midfielder,0,1
0,1047,Collison,2,0,CHE(A) 0-2,West Ham,49730,Jack,0,90,3,30,0,0,0,17 Mar 16:00,0,0,46,2,Midfielder,0,0
0,471,Collison,1,0,WBA(H) 3-1,West Ham,49731,Jack,0,9,2,31,0,0,0,30 Mar 15:00,0,0,46,1,Midfielder,0,0
0,-164,Collison,0,0,LIV(A) 0-0,West Ham,49732,Jack,0,29,-2,32,0,0,0,07 Apr 13:30,0,0,46,1,Midfielder,0,0
0,-70,Collison,0,0,MUN(H) 2-2,West Ham,49733,Jack,0,9,1,33,0,0,0,17 Apr 19:45,0,0,46,1,Midfielder,0,0
0,-152,Collison,0,0,WIG(H) 2-0,West Ham,49734,Jack,0,16,3,34,0,0,0,20 Apr 15:00,0,0,46,1,Midfielder,0,0
1,-170,Collison,1,0,MCI(A) 1-2,West Ham,49735,Jack,0,25,0,35,0,0,0,27 Apr 12:45,0,0,46,0,Midfielder,0,0
0,-150,Collison,0,0,NEW(H) 0-0,West Ham,49736,Jack,0,33,3,36,0,0,0,04 May 15:00,0,0,46,1,Midfielder,0,0
0,-41,Collison,1,0,EVE(A) 0-2,West Ham,49737,Jack,0,54,3,37,0,0,0,12 May 15:00,0,0,46,1,Midfielder,0,0
1,-34,Collison,0,0,RDG(H) 4-2,West Ham,49738,Jack,0,17,2,38,0,0,0,19 May 16:00,0,0,46,0,Midfielder,0,0
1,0,McArthur,2,0,CHE(H) 0-2,Wigan,5171,James,0,79,4,1,0,0,0,19 Aug 13:30,0,0,55,1,Midfielder,0,0
0,-80,McArthur,0,0,SOU(A) 2-0,Wigan,5172,James,0,90,17,2,0,1,0,25 Aug 15:00,0,0,55,3,Midfielder,0,0
1,-18,McArthur,2,0,STK(H) 2-2,Wigan,5173,James,0,76,8,3,0,0,0,01 Sep 15:00,0,0,55,1,Midfielder,0,0
1,-63,McArthur,4,0,MUN(A) 0-4,Wigan,5174,James,0,90,4,4,0,0,0,15 Sep 15:00,0,0,55,1,Midfielder,0,0
0,-31,McArthur,0,0,FUL(H) 1-2,Wigan,5175,James,0,0,0,5,0,0,0,22 Sep 15:00,0,0,55,0,Midfielder,0,0
1,-64,McArthur,1,0,SUN(A) 0-1,Wigan,5176,James,0,84,4,6,0,0,0,29 Sep 15:00,0,0,55,1,Midfielder,0,0
0,-42,McArthur,2,0,EVE(H) 2-2,Wigan,5177,James,0,90,10,7,0,0,0,06 Oct 15:00,0,0,54,2,Midfielder,0,0
0,-43,McArthur,2,0,SWA(A) 1-2,Wigan,5178,James,0,82,13,8,0,0,0,20 Oct 15:00,0,0,54,2,Midfielder,0,0
1,-1,McArthur,1,0,WHU(H) 2-1,Wigan,5179,James,0,90,28,9,3,0,0,27 Oct 15:00,0,0,54,9,Midfielder,0,1
0,142,McArthur,0,0,TOT(A) 1-0,Wigan,51710,James,0,0,0,10,0,0,0,03 Nov 15:00,0,0,54,0,Midfielder,0,0
0,-60,McArthur,0,0,WBA(H) 1-2,Wigan,51711,James,0,0,0,11,0,0,0,10 Nov 15:00,0,0,54,0,Midfielder,0,0
0,-107,McArthur,0,0,LIV(A) 0-3,Wigan,51712,James,0,0,0,12,0,0,0,17 Nov 15:00,0,0,54,0,Midfielder,0,0
0,-73,McArthur,0,0,RDG(H) 3-2,Wigan,51713,James,0,8,1,13,0,0,0,24 Nov 15:00,0,0,54,1,Midfielder,0,0
0,-5,McArthur,0,0,MCI(H) 0-2,Wigan,51714,James,0,17,2,14,0,0,0,28 Nov 20:00,0,0,54,1,Midfielder,0,0
0,-25,McArthur,1,0,NEW(A) 0-3,Wigan,51715,James,0,68,4,15,0,0,0,03 Dec 20:00,0,0,54,2,Midfielder,0,0
0,-2,McArthur,2,0,QPR(H) 2-2,Wigan,51716,James,0,90,8,16,0,0,0,08 Dec 15:00,0,0,54,2,Midfielder,0,0
0,-6,McArthur,2,0,NOR(A) 1-2,Wigan,51717,James,0,90,17,17,0,0,0,15 Dec 15:00,0,0,54,2,Midfielder,0,0
0,12,McArthur,1,0,ARS(H) 0-1,Wigan,51718,James,0,90,3,18,0,0,0,22 Dec 12:45,0,0,54,2,Midfielder,0,0
0,7,McArthur,2,0,EVE(A) 1-2,Wigan,51719,James,0,90,6,19,0,0,0,26 Dec 15:00,0,0,54,2,Midfielder,0,0
0,4,McArthur,0,0,AVL(A) 3-0,Wigan,51720,James,0,26,4,20,0,0,0,29 Dec 15:00,0,0,54,1,Midfielder,0,0
0,-16,McArthur,4,0,MUN(H) 0-4,Wigan,51721,James,0,90,9,21,0,0,0,01 Jan 15:00,0,0,54,2,Midfielder,0,0
1,4,McArthur,1,0,FUL(A) 1-1,Wigan,51722,James,0,90,10,22,0,0,0,12 Jan 15:00,0,0,54,1,Midfielder,0,0
0,-1,McArthur,3,0,SUN(H) 2-3,Wigan,51723,James,0,90,5,23,0,0,0,19 Jan 15:00,0,0,54,2,Midfielder,0,0
0,-12,McArthur,2,0,STK(A) 2-2,Wigan,51724,James,0,90,33,24,3,0,1,29 Jan 19:45,0,0,54,13,Midfielder,0,1
0,766,McArthur,2,0,SOU(H) 2-2,Wigan,51725,James,0,90,14,25,0,0,0,02 Feb 15:00,0,0,54,2,Midfielder,0,0
0,-222,McArthur,4,0,CHE(A) 1-4,Wigan,51726,James,0,90,16,26,0,0,1,09 Feb 15:00,0,0,54,5,Midfielder,0,0
0,1336,McArthur,0,0,RDG(A) 3-0,Wigan,51727,James,0,90,18,27,0,1,0,23 Feb 15:00,0,0,54,3,Midfielder,0,0
1,168,McArthur,4,0,LIV(H) 0-4,Wigan,51728,James,0,90,6,28,0,0,0,02 Mar 17:30,0,0,54,1,Midfielder,0,0
0,-89,McArthur,1,0,NEW(H) 2-1,Wigan,51730,James,0,33,-2,30,0,0,0,17 Mar 16:00,0,0,54,1,Midfielder,0,0
0,-70,McArthur,0,0,NOR(H) 1-0,Wigan,51731,James,0,25,5,31,0,0,0,30 Mar 15:00,0,0,54,1,Midfielder,0,0
0,-108,McArthur,1,0,QPR(A) 1-1,Wigan,51732,James,0,30,3,32,0,0,0,07 Apr 16:10,0,0,54,1,Midfielder,0,0
0,-130,McArthur,0,0,MCI(A) 0-1,Wigan,51733,James,0,6,1,33,0,0,0,17 Apr 19:45,0,0,54,1,Midfielder,0,0
0,-67,McArthur,1,0,WHU(A) 0-2,Wigan,51734,James,0,45,11,34,0,0,0,20 Apr 15:00,0,0,54,1,Midfielder,0,0
0,-79,McArthur,2,0,TOT(H) 2-2,Wigan,51735,James,0,90,11,35,0,0,0,27 Apr 15:00,0,0,54,2,Midfielder,0,0
0,90,McArthur,3,0,SWA(H) 2-3,Wigan,51736,James,0,90,4,36,0,0,0,07 May 19:45,0,0,54,2,Midfielder,0,0
0,95,McArthur,4,0,ARS(A) 1-4,Wigan,51737,James,0,90,5,37,0,0,0,14 May 19:45,0,0,54,2,Midfielder,0,0
0,11,McArthur,2,0,AVL(H) 2-2,Wigan,51738,James,0,90,8,38,0,0,0,19 May 16:00,0,0,54,2,Midfielder,0,0
0,0,McCarthy,2,0,CHE(H) 0-2,Wigan,5181,James,0,90,5,1,0,0,0,19 Aug 13:30,0,0,50,2,Midfielder,0,0
0,-2277,McCarthy,0,0,SOU(A) 2-0,Wigan,5182,James,0,90,19,2,0,1,0,25 Aug 15:00,0,0,50,3,Midfielder,0,0
0,-2648,McCarthy,2,0,STK(H) 2-2,Wigan,5183,James,0,90,5,3,0,0,1,01 Sep 15:00,0,0,50,5,Midfielder,0,0
0,-1643,McCarthy,4,0,MUN(A) 0-4,Wigan,5184,James,0,90,6,4,0,0,0,15 Sep 15:00,0,0,50,2,Midfielder,0,0
0,-1000,McCarthy,2,0,FUL(H) 1-2,Wigan,5185,James,0,90,10,5,0,0,0,22 Sep 15:00,0,0,49,2,Midfielder,0,0
1,-1184,McCarthy,1,0,SUN(A) 0-1,Wigan,5186,James,0,90,4,6,0,0,0,29 Sep 15:00,0,0,49,1,Midfielder,0,0
1,-1013,McCarthy,2,0,EVE(H) 2-2,Wigan,5187,James,0,90,7,7,0,0,0,06 Oct 15:00,0,0,49,1,Midfielder,0,0
0,-1018,McCarthy,2,0,SWA(A) 1-2,Wigan,5188,James,0,90,10,8,0,0,1,20 Oct 15:00,0,0,48,5,Midfielder,0,0
0,13,McCarthy,1,0,WHU(H) 2-1,Wigan,5189,James,0,90,28,9,3,0,0,27 Oct 15:00,0,0,48,5,Midfielder,0,0
0,2426,McCarthy,0,0,TOT(A) 1-0,Wigan,51810,James,0,90,15,10,0,1,0,03 Nov 15:00,0,0,48,3,Midfielder,0,0
1,2847,McCarthy,2,0,WBA(H) 1-2,Wigan,51811,James,0,90,-1,11,0,0,0,10 Nov 15:00,0,0,48,1,Midfielder,0,0
0,-539,McCarthy,3,0,LIV(A) 0-3,Wigan,51812,James,0,90,1,12,0,0,0,17 Nov 15:00,0,0,48,2,Midfielder,0,0
1,156,McCarthy,2,0,RDG(H) 3-2,Wigan,51813,James,0,90,15,13,0,0,0,24 Nov 15:00,0,0,48,1,Midfielder,0,0
0,-938,McCarthy,2,0,MCI(H) 0-2,Wigan,51814,James,0,90,4,14,0,0,0,28 Nov 20:00,0,0,48,2,Midfielder,0,0
0,-758,McCarthy,3,0,NEW(A) 0-3,Wigan,51815,James,0,90,3,15,0,0,0,03 Dec 20:00,0,0,48,2,Midfielder,0,0
0,-1240,McCarthy,2,0,QPR(H) 2-2,Wigan,51816,James,0,90,44,16,3,0,0,08 Dec 15:00,0,0,48,15,Midfielder,0,2
0,8540,McCarthy,1,0,NOR(A) 1-2,Wigan,51817,James,0,45,-2,17,0,0,0,15 Dec 15:00,0,0,48,1,Midfielder,0,0
0,-2426,McCarthy,1,0,ARS(H) 0-1,Wigan,51818,James,0,90,6,18,0,0,0,22 Dec 12:45,0,0,48,2,Midfielder,0,0
0,-139,McCarthy,2,0,EVE(A) 1-2,Wigan,51819,James,0,90,-1,19,0,0,0,26 Dec 15:00,0,0,48,2,Midfielder,0,0
0,2071,McCarthy,0,0,AVL(A) 3-0,Wigan,51820,James,0,90,16,20,0,1,0,29 Dec 15:00,0,0,48,3,Midfielder,0,0
0,795,McCarthy,4,0,MUN(H) 0-4,Wigan,51821,James,0,90,7,21,0,0,0,01 Jan 15:00,0,0,48,2,Midfielder,0,0
0,1072,McCarthy,1,0,FUL(A) 1-1,Wigan,51822,James,0,90,8,22,0,0,0,12 Jan 15:00,0,0,48,2,Midfielder,0,0
0,1557,McCarthy,3,0,SUN(H) 2-3,Wigan,51823,James,0,90,7,23,0,0,0,19 Jan 15:00,0,0,48,2,Midfielder,0,0
0,-388,McCarthy,2,0,STK(A) 2-2,Wigan,51824,James,0,90,11,24,0,0,0,29 Jan 19:45,0,0,48,2,Midfielder,0,0
0,1392,McCarthy,2,0,SOU(H) 2-2,Wigan,51825,James,0,89,9,25,0,0,0,02 Feb 15:00,0,0,48,2,Midfielder,0,0
0,-1858,McCarthy,4,0,CHE(A) 1-4,Wigan,51826,James,0,90,6,26,0,0,0,09 Feb 15:00,0,0,48,2,Midfielder,0,0
0,-635,McCarthy,0,0,RDG(A) 3-0,Wigan,51827,James,0,90,17,27,0,1,0,23 Feb 15:00,0,0,48,3,Midfielder,0,0
0,-605,McCarthy,4,0,LIV(H) 0-4,Wigan,51828,James,0,90,3,28,0,0,0,02 Mar 17:30,0,0,48,2,Midfielder,0,0
0,438,McCarthy,1,0,NEW(H) 2-1,Wigan,51830,James,0,90,10,30,0,0,0,17 Mar 16:00,0,0,48,2,Midfielder,0,0
0,666,McCarthy,0,0,NOR(H) 1-0,Wigan,51831,James,0,90,12,31,0,1,0,30 Mar 15:00,0,0,48,3,Midfielder,0,0
1,155,McCarthy,1,0,QPR(A) 1-1,Wigan,51832,James,0,90,10,32,0,0,0,07 Apr 16:10,0,0,48,1,Midfielder,0,0
1,-483,McCarthy,1,0,MCI(A) 0-1,Wigan,51833,James,0,90,9,33,0,0,0,17 Apr 19:45,0,0,48,1,Midfielder,0,0
0,82,McCarthy,2,0,WHU(A) 0-2,Wigan,51834,James,0,90,-2,34,0,0,0,20 Apr 15:00,0,0,48,2,Midfielder,0,0
0,2,McCarthy,2,0,TOT(H) 2-2,Wigan,51835,James,0,90,17,35,0,0,1,27 Apr 15:00,0,0,48,5,Midfielder,0,0
0,6106,McCarthy,3,0,SWA(H) 2-3,Wigan,51836,James,0,90,18,36,0,0,0,07 May 19:45,0,0,48,7,Midfielder,0,1
0,2878,McCarthy,4,0,ARS(A) 1-4,Wigan,51837,James,0,90,5,37,0,0,0,14 May 19:45,0,0,48,2,Midfielder,0,0
1,370,McCarthy,2,0,AVL(H) 2-2,Wigan,51838,James,0,90,8,38,0,0,0,19 May 16:00,0,0,48,1,Midfielder,0,0
0,0,Gomez,0,0,CHE(H) 0-2,Wigan,5191,Jordi,0,43,-5,1,0,0,0,19 Aug 13:30,0,0,55,1,Midfielder,0,0
0,-1482,Gomez,0,0,SOU(A) 2-0,Wigan,5192,Jordi,0,24,10,2,0,0,0,25 Aug 15:00,0,0,55,1,Midfielder,0,0
0,-2324,Gomez,0,0,STK(H) 2-2,Wigan,5193,Jordi,0,0,0,3,0,0,0,01 Sep 15:00,0,0,54,0,Midfielder,0,0
0,-2169,Gomez,3,0,MUN(A) 0-4,Wigan,5194,Jordi,0,32,2,4,0,0,0,15 Sep 15:00,0,0,54,1,Midfielder,0,0
0,-988,Gomez,1,0,FUL(H) 1-2,Wigan,5195,Jordi,0,61,-2,5,0,0,0,22 Sep 15:00,0,0,53,2,Midfielder,0,0
0,-770,Gomez,1,0,SUN(A) 0-1,Wigan,5196,Jordi,0,47,-5,6,0,0,0,29 Sep 15:00,0,0,53,-2,Midfielder,1,0
0,-1191,Gomez,0,0,EVE(H) 2-2,Wigan,5197,Jordi,0,0,0,7,0,0,0,06 Oct 15:00,0,0,53,0,Midfielder,0,0
1,-594,Gomez,0,0,SWA(A) 1-2,Wigan,5198,Jordi,0,8,0,8,0,0,0,20 Oct 15:00,0,0,53,0,Midfielder,0,0
0,-423,Gomez,0,0,WHU(H) 2-1,Wigan,5199,Jordi,0,0,0,9,0,0,0,27 Oct 15:00,0,0,53,0,Midfielder,0,0
0,-407,Gomez,0,0,TOT(A) 1-0,Wigan,51910,Jordi,0,22,-1,10,0,0,0,03 Nov 15:00,0,0,52,1,Midfielder,0,0
0,-221,Gomez,0,0,WBA(H) 1-2,Wigan,51911,Jordi,0,6,0,11,0,0,0,10 Nov 15:00,0,0,52,1,Midfielder,0,0
0,-234,Gomez,0,0,LIV(A) 0-3,Wigan,51912,Jordi,0,22,-7,12,0,0,0,17 Nov 15:00,0,0,52,1,Midfielder,0,0
0,-234,Gomez,2,0,RDG(H) 3-2,Wigan,51913,Jordi,0,90,66,13,3,0,0,24 Nov 15:00,0,0,52,20,Midfielder,0,3
1,5541,Gomez,2,0,MCI(H) 0-2,Wigan,51914,Jordi,0,90,-10,14,0,0,0,28 Nov 20:00,0,0,52,1,Midfielder,0,0
0,2635,Gomez,2,0,NEW(A) 0-3,Wigan,51915,Jordi,0,22,-3,15,0,0,0,03 Dec 20:00,0,0,52,1,Midfielder,0,0
0,755,Gomez,2,0,QPR(H) 2-2,Wigan,51916,Jordi,0,90,-1,16,0,0,0,08 Dec 15:00,0,0,52,2,Midfielder,0,0
0,-624,Gomez,1,0,NOR(A) 1-2,Wigan,51917,Jordi,0,45,-3,17,0,0,0,15 Dec 15:00,0,0,52,1,Midfielder,0,0
0,-1218,Gomez,0,0,ARS(H) 0-1,Wigan,51918,Jordi,0,2,-7,18,0,0,0,22 Dec 12:45,0,0,52,1,Midfielder,0,0
0,-1105,Gomez,0,0,EVE(A) 1-2,Wigan,51919,Jordi,0,12,-4,19,0,0,0,26 Dec 15:00,0,0,52,1,Midfielder,0,0
0,-1003,Gomez,0,0,AVL(A) 3-0,Wigan,51920,Jordi,0,12,3,20,0,0,0,29 Dec 15:00,0,0,52,1,Midfielder,0,0
0,-905,Gomez,1,0,MUN(H) 0-4,Wigan,51921,Jordi,0,21,-6,21,0,0,0,01 Jan 15:00,0,0,52,1,Midfielder,0,0
0,-1553,Gomez,0,0,FUL(A) 1-1,Wigan,51922,Jordi,0,26,-2,22,0,0,0,12 Jan 15:00,0,0,52,1,Midfielder,0,0
0,-732,Gomez,3,0,SUN(H) 2-3,Wigan,51923,Jordi,0,90,-4,23,0,0,0,19 Jan 15:00,0,0,52,2,Midfielder,0,0
0,-455,Gomez,0,0,STK(A) 2-2,Wigan,51924,Jordi,0,0,0,24,0,0,0,29 Jan 19:45,0,0,52,0,Midfielder,0,0
0,-292,Gomez,2,0,SOU(H) 2-2,Wigan,51925,Jordi,0,35,3,25,0,0,0,02 Feb 15:00,0,0,52,1,Midfielder,0,0
0,-341,Gomez,0,0,CHE(A) 1-4,Wigan,51926,Jordi,0,0,0,26,0,0,0,09 Feb 15:00,0,0,52,0,Midfielder,0,0
0,-228,Gomez,0,0,RDG(A) 3-0,Wigan,51927,Jordi,0,16,7,27,0,0,0,23 Feb 15:00,0,0,52,1,Midfielder,0,0
0,-150,Gomez,0,0,LIV(H) 0-4,Wigan,51928,Jordi,0,0,0,28,0,0,0,02 Mar 17:30,0,0,52,0,Midfielder,0,0
0,137,Gomez,1,0,NEW(H) 2-1,Wigan,51930,Jordi,0,90,12,30,0,0,0,17 Mar 16:00,0,0,52,2,Midfielder,0,0
0,154,Gomez,0,0,NOR(H) 1-0,Wigan,51931,Jordi,0,90,11,31,0,1,1,30 Mar 15:00,0,0,52,6,Midfielder,0,0
0,147,Gomez,1,0,QPR(A) 1-1,Wigan,51932,Jordi,0,90,13,32,0,0,0,07 Apr 16:10,0,0,52,2,Midfielder,0,0
0,-88,Gomez,1,0,MCI(A) 0-1,Wigan,51933,Jordi,0,84,9,33,0,0,0,17 Apr 19:45,0,0,52,2,Midfielder,0,0
0,61,Gomez,2,0,WHU(A) 0-2,Wigan,51934,Jordi,0,85,15,34,0,0,0,20 Apr 15:00,0,0,52,2,Midfielder,0,0
1,20,Gomez,1,0,TOT(H) 2-2,Wigan,51935,Jordi,0,78,6,35,0,0,0,27 Apr 15:00,0,0,52,1,Midfielder,0,0
1,562,Gomez,0,0,SWA(H) 2-3,Wigan,51936,Jordi,0,5,0,36,0,0,0,07 May 19:45,0,0,52,0,Midfielder,0,0
0,-159,Gomez,2,0,ARS(A) 1-4,Wigan,51937,Jordi,0,63,-5,37,0,0,0,14 May 19:45,0,0,52,2,Midfielder,0,0
0,-138,Gomez,2,0,AVL(H) 2-2,Wigan,51938,Jordi,0,67,-2,38,0,0,0,19 May 16:00,0,0,52,2,Midfielder,0,0
0,0,Beausejour,0,0,CHE(H) 0-2,Wigan,5251,Jean,0,0,0,1,0,0,0,19 Aug 13:30,0,0,55,0,Midfielder,0,0
0,-789,Beausejour,0,0,SOU(A) 2-0,Wigan,5252,Jean,0,16,3,2,0,0,0,25 Aug 15:00,0,0,55,1,Midfielder,0,0
0,-513,Beausejour,0,0,STK(H) 2-2,Wigan,5253,Jean,0,27,3,3,0,0,0,01 Sep 15:00,0,0,55,1,Midfielder,0,0
0,-528,Beausejour,3,0,MUN(A) 0-4,Wigan,5254,Jean,0,68,10,4,0,0,0,15 Sep 15:00,0,0,54,2,Midfielder,0,0
0,-173,Beausejour,2,0,FUL(H) 1-2,Wigan,5255,Jean,0,90,14,5,0,0,0,22 Sep 15:00,0,0,54,2,Midfielder,0,0
0,-148,Beausejour,1,0,SUN(A) 0-1,Wigan,5256,Jean,0,90,6,6,0,0,0,29 Sep 15:00,0,0,54,2,Midfielder,0,0
0,-100,Beausejour,2,0,EVE(H) 2-2,Wigan,5257,Jean,0,90,11,7,0,0,0,06 Oct 15:00,0,0,53,2,Midfielder,0,0
1,-92,Beausejour,2,0,SWA(A) 1-2,Wigan,5258,Jean,0,90,5,8,0,0,0,20 Oct 15:00,0,0,53,1,Midfielder,0,0
0,-60,Beausejour,1,0,WHU(H) 2-1,Wigan,5259,Jean,0,90,26,9,1,0,1,27 Oct 15:00,0,0,53,6,Midfielder,0,0
0,-9,Beausejour,0,0,TOT(A) 1-0,Wigan,52510,Jean,0,90,17,10,0,1,0,03 Nov 15:00,0,0,53,3,Midfielder,0,0
0,42,Beausejour,2,0,WBA(H) 1-2,Wigan,52511,Jean,0,90,13,11,0,0,1,10 Nov 15:00,0,0,53,5,Midfielder,0,0
0,144,Beausejour,3,0,LIV(A) 0-3,Wigan,52512,Jean,0,90,7,12,0,0,0,17 Nov 15:00,0,0,53,2,Midfielder,0,0
0,201,Beausejour,2,0,RDG(H) 3-2,Wigan,52513,Jean,0,90,34,13,2,0,1,24 Nov 15:00,0,0,53,7,Midfielder,0,0
0,486,Beausejour,2,0,MCI(H) 0-2,Wigan,52514,Jean,0,90,0,14,0,0,0,28 Nov 20:00,0,0,53,2,Midfielder,0,0
1,198,Beausejour,3,0,NEW(A) 0-3,Wigan,52515,Jean,0,90,7,15,0,0,0,03 Dec 20:00,0,0,53,1,Midfielder,0,0
0,79,Beausejour,2,0,QPR(H) 2-2,Wigan,52516,Jean,0,90,22,16,1,0,2,08 Dec 15:00,0,0,53,9,Midfielder,0,0
0,405,Beausejour,2,0,NOR(A) 1-2,Wigan,52517,Jean,0,90,8,17,0,0,0,15 Dec 15:00,0,0,53,2,Midfielder,0,0
0,38,Beausejour,1,0,ARS(H) 0-1,Wigan,52518,Jean,0,90,8,18,0,0,0,22 Dec 12:45,0,0,53,2,Midfielder,0,0
1,-91,Beausejour,2,0,EVE(A) 1-2,Wigan,52519,Jean,0,90,8,19,0,0,0,26 Dec 15:00,0,0,53,1,Midfielder,0,0
0,-31,Beausejour,0,0,AVL(A) 3-0,Wigan,52520,Jean,0,78,29,20,0,1,1,29 Dec 15:00,0,0,53,6,Midfielder,0,0
0,134,Beausejour,4,0,MUN(H) 0-4,Wigan,52521,Jean,0,90,13,21,0,0,0,01 Jan 15:00,0,0,53,2,Midfielder,0,0
0,-113,Beausejour,1,0,FUL(A) 1-1,Wigan,52522,Jean,0,90,8,22,0,0,0,12 Jan 15:00,0,0,53,2,Midfielder,0,0
1,-26,Beausejour,3,0,SUN(H) 2-3,Wigan,52523,Jean,0,90,6,23,0,0,0,19 Jan 15:00,0,0,53,1,Midfielder,0,0
0,-244,Beausejour,2,0,STK(A) 2-2,Wigan,52524,Jean,0,82,4,24,0,0,0,29 Jan 19:45,0,0,53,2,Midfielder,0,0
0,-98,Beausejour,2,0,SOU(H) 2-2,Wigan,52525,Jean,0,90,21,25,0,0,1,02 Feb 15:00,0,0,53,5,Midfielder,0,0
0,-134,Beausejour,4,0,CHE(A) 1-4,Wigan,52526,Jean,0,90,6,26,0,0,0,09 Feb 15:00,0,0,53,2,Midfielder,0,0
0,177,Beausejour,0,0,RDG(A) 3-0,Wigan,52527,Jean,0,90,23,27,1,1,1,23 Feb 15:00,0,0,53,7,Midfielder,0,0
0,470,Beausejour,4,0,LIV(H) 0-4,Wigan,52528,Jean,0,60,7,28,0,0,0,02 Mar 17:30,0,0,53,2,Midfielder,0,0
0,706,Beausejour,1,0,NEW(H) 2-1,Wigan,52530,Jean,0,78,31,30,2,0,0,17 Mar 16:00,0,0,53,9,Midfielder,0,1
0,7146,Beausejour,0,0,NOR(H) 1-0,Wigan,52531,Jean,0,90,18,31,2,1,0,30 Mar 15:00,0,0,53,5,Midfielder,0,0
0,4041,Beausejour,0,0,QPR(A) 1-1,Wigan,52532,Jean,0,60,6,32,0,1,0,07 Apr 16:10,0,0,53,3,Midfielder,0,0
0,328,Beausejour,1,0,MCI(A) 0-1,Wigan,52533,Jean,0,90,5,33,0,0,0,17 Apr 19:45,0,0,53,2,Midfielder,0,0
0,191,Beausejour,2,0,WHU(A) 0-2,Wigan,52534,Jean,0,75,13,34,0,0,0,20 Apr 15:00,0,0,53,2,Midfielder,0,0
0,-683,Beausejour,2,0,TOT(H) 2-2,Wigan,52535,Jean,0,90,9,35,0,0,0,27 Apr 15:00,0,0,53,2,Midfielder,0,0
0,1854,Beausejour,0,0,SWA(H) 2-3,Wigan,52536,Jean,0,0,0,36,0,0,0,07 May 19:45,0,0,53,0,Midfielder,0,0
0,-3703,Beausejour,0,0,ARS(A) 1-4,Wigan,52537,Jean,0,0,0,37,0,0,0,14 May 19:45,0,0,53,0,Midfielder,0,0
0,-2295,Beausejour,0,0,AVL(H) 2-2,Wigan,52538,Jean,0,0,0,38,0,0,0,19 May 16:00,0,0,53,0,Midfielder,0,0
0,0,Garrido,0,0,FUL(A) 0-5,Norwich,5561,Javier,0,0,0,1,0,0,0,18 Aug 15:00,0,0,45,0,Defender,0,0
0,-106,Garrido,1,0,QPR(H) 1-1,Norwich,5562,Javier,0,90,9,2,0,0,0,25 Aug 15:00,0,0,45,2,Defender,0,0
0,28,Garrido,1,0,TOT(A) 1-1,Norwich,5563,Javier,0,90,7,3,0,0,0,01 Sep 15:00,0,0,45,2,Defender,0,0
0,154,Garrido,0,0,WHU(H) 0-0,Norwich,5564,Javier,0,90,4,4,0,1,0,15 Sep 12:45,0,0,45,6,Defender,0,0
0,93,Garrido,1,0,NEW(A) 0-1,Norwich,5565,Javier,0,90,6,5,0,0,0,23 Sep 15:00,0,0,45,2,Defender,0,0
0,130,Garrido,5,0,LIV(H) 2-5,Norwich,5566,Javier,0,90,10,6,0,0,0,29 Sep 15:00,0,0,45,0,Defender,0,0
0,-28,Garrido,4,0,CHE(A) 1-4,Norwich,5567,Javier,0,90,6,7,0,0,0,06 Oct 15:00,0,0,45,0,Defender,0,0
0,-123,Garrido,0,0,ARS(H) 1-0,Norwich,5568,Javier,0,90,17,8,0,1,0,20 Oct 17:30,0,0,45,6,Defender,0,0
0,90,Garrido,1,0,AVL(A) 1-1,Norwich,5569,Javier,0,90,8,9,0,0,0,27 Oct 12:45,0,0,45,2,Defender,0,0
0,271,Garrido,0,0,STK(H) 1-0,Norwich,55610,Javier,0,68,12,10,0,1,0,03 Nov 15:00,0,0,45,6,Defender,0,0
0,170,Garrido,0,0,RDG(A) 0-0,Norwich,55611,Javier,0,90,17,11,3,1,0,10 Nov 15:00,0,0,45,9,Defender,0,0
0,6931,Garrido,0,0,MUN(H) 1-0,Norwich,55612,Javier,0,90,24,12,2,1,1,17 Nov 17:30,0,0,45,11,Defender,0,0
1,69782,Garrido,1,0,EVE(A) 1-1,Norwich,55613,Javier,0,90,14,13,0,0,1,24 Nov 15:00,0,0,46,4,Defender,0,0
0,32336,Garrido,1,0,SOU(A) 1-1,Norwich,55614,Javier,0,90,7,14,0,0,0,28 Nov 19:45,0,0,47,2,Defender,0,0
0,28539,Garrido,1,0,SUN(H) 2-1,Norwich,55615,Javier,0,90,16,15,0,0,0,02 Dec 16:00,0,0,48,2,Defender,0,0
0,638,Garrido,3,0,SWA(A) 4-3,Norwich,55616,Javier,0,90,19,16,0,0,0,08 Dec 15:00,0,0,48,1,Defender,0,0
0,-6029,Garrido,1,0,WIG(H) 2-1,Norwich,55617,Javier,0,90,17,17,0,0,0,15 Dec 15:00,0,0,48,2,Defender,0,0
0,-2102,Garrido,2,0,WBA(A) 1-2,Norwich,55618,Javier,0,90,4,18,0,0,0,22 Dec 15:00,0,0,48,1,Defender,0,0
0,-6591,Garrido,1,0,CHE(H) 0-1,Norwich,55619,Javier,0,90,3,19,0,0,0,26 Dec 15:00,0,0,48,2,Defender,0,0
0,-4520,Garrido,4,0,MCI(H) 3-4,Norwich,55620,Javier,0,90,6,20,0,0,0,29 Dec 15:00,0,0,48,0,Defender,0,0
0,-3134,Garrido,0,0,WHU(A) 1-2,Norwich,55621,Javier,0,0,0,21,0,0,0,01 Jan 15:00,0,0,48,0,Defender,0,0
0,-20413,Garrido,0,0,NEW(H) 0-0,Norwich,55622,Javier,0,90,10,22,0,1,0,12 Jan 15:00,0,0,48,6,Defender,0,0
0,-5179,Garrido,5,0,LIV(A) 0-5,Norwich,55623,Javier,0,90,4,23,0,0,0,19 Jan 15:00,0,0,48,0,Defender,0,0
1,-8851,Garrido,1,0,TOT(H) 1-1,Norwich,55624,Javier,0,90,5,24,0,0,0,30 Jan 19:45,0,0,47,1,Defender,0,0
1,-5638,Garrido,0,0,QPR(A) 0-0,Norwich,55625,Javier,0,90,8,25,0,1,0,02 Feb 12:45,0,0,47,5,Defender,0,0
0,-637,Garrido,0,0,FUL(H) 0-0,Norwich,55626,Javier,0,90,17,26,2,1,0,09 Feb 15:00,0,0,47,8,Defender,0,0
0,12437,Garrido,1,0,EVE(H) 2-1,Norwich,55627,Javier,0,90,14,27,0,0,0,23 Feb 15:00,0,0,47,2,Defender,0,0
1,1590,Garrido,4,0,MUN(A) 0-4,Norwich,55628,Javier,0,90,3,28,0,0,0,02 Mar 15:00,0,0,47,-1,Defender,0,0
0,6002,Garrido,0,0,SOU(H) 0-0,Norwich,55629,Javier,0,90,10,29,0,1,0,09 Mar 15:00,0,0,47,6,Defender,0,0
0,1568,Garrido,1,0,SUN(A) 1-1,Norwich,55630,Javier,0,90,7,30,0,0,0,17 Mar 13:30,0,0,47,2,Defender,0,0
0,-176,Garrido,1,0,WIG(A) 0-1,Norwich,55631,Javier,0,90,15,31,0,0,0,30 Mar 15:00,0,0,47,2,Defender,0,0
0,262,Garrido,2,0,SWA(H) 2-2,Norwich,55632,Javier,0,90,7,32,0,0,0,06 Apr 15:00,0,0,47,1,Defender,0,0
0,-3498,Garrido,0,0,ARS(A) 1-3,Norwich,55633,Javier,0,0,0,33,0,0,0,13 Apr 15:00,0,0,47,0,Defender,0,0
0,-705,Garrido,1,0,RDG(H) 2-1,Norwich,55634,Javier,0,90,23,34,1,0,0,20 Apr 15:00,0,0,47,3,Defender,0,0
0,-710,Garrido,0,0,STK(A) 0-1,Norwich,55635,Javier,0,0,0,35,0,0,0,27 Apr 15:00,0,0,47,0,Defender,0,0
0,-4185,Garrido,2,0,AVL(H) 1-2,Norwich,55636,Javier,0,90,7,36,0,0,0,04 May 15:00,0,0,47,1,Defender,0,0
0,-986,Garrido,0,0,WBA(H) 4-0,Norwich,55637,Javier,0,90,16,37,0,1,0,12 May 15:00,0,0,47,6,Defender,0,0
0,-1478,Garrido,2,0,MCI(A) 3-2,Norwich,55638,Javier,0,90,18,38,0,0,0,19 May 16:00,0,0,47,1,Defender,0,0
0,0,Bosingwa,0,0,SWA(H) 0-5,QPR,5581,Jose,0,0,0,1,0,0,0,18 Aug 15:00,0,0,50,0,Defender,0,0
0,-1725,Bosingwa,0,0,NOR(A) 1-1,QPR,5582,Jose,0,20,1,2,0,0,0,25 Aug 15:00,0,0,50,1,Defender,0,0
0,-4158,Bosingwa,3,0,MCI(A) 1-3,QPR,5583,Jose,0,90,12,3,0,0,0,01 Sep 17:30,0,0,50,1,Defender,0,0
0,-2451,Bosingwa,0,0,CHE(H) 0-0,QPR,5584,Jose,0,90,10,4,0,1,0,15 Sep 15:00,0,0,50,6,Defender,0,0
0,50,Bosingwa,0,0,TOT(A) 1-2,QPR,5585,Jose,0,2,0,5,0,0,0,23 Sep 16:00,0,0,50,1,Defender,0,0
0,-1942,Bosingwa,0,0,WHU(H) 1-2,QPR,5586,Jose,0,0,0,6,0,0,0,01 Oct 20:00,0,0,50,0,Defender,0,0
0,-3919,Bosingwa,3,0,WBA(A) 2-3,QPR,5587,Jose,0,90,-3,7,0,0,0,06 Oct 15:00,0,0,49,1,Defender,0,0
0,-870,Bosingwa,1,0,EVE(H) 1-1,QPR,5588,Jose,0,90,11,8,0,0,0,21 Oct 16:00,0,0,49,2,Defender,0,0
0,-518,Bosingwa,1,0,ARS(A) 0-1,QPR,5589,Jose,0,90,3,9,0,0,0,27 Oct 15:00,0,0,49,2,Defender,0,0
0,538,Bosingwa,1,0,RDG(H) 1-1,QPR,55810,Jose,0,90,8,10,0,0,1,04 Nov 13:30,0,0,49,5,Defender,0,0
0,-18,Bosingwa,1,0,STK(A) 0-1,QPR,55811,Jose,0,90,-8,11,0,0,0,10 Nov 15:00,0,0,49,2,Defender,0,0
1,245,Bosingwa,2,0,SOU(H) 1-3,QPR,55812,Jose,0,72,5,12,0,0,0,17 Nov 15:00,0,0,49,0,Defender,0,0
0,-1779,Bosingwa,0,0,MUN(A) 1-3,QPR,55813,Jose,0,0,0,13,0,0,0,24 Nov 15:00,0,0,49,0,Defender,0,0
0,-1025,Bosingwa,0,0,SUN(A) 0-0,QPR,55814,Jose,0,90,14,14,0,1,0,27 Nov 19:45,0,0,49,6,Defender,0,0
0,623,Bosingwa,1,0,AVL(H) 1-1,QPR,55815,Jose,0,90,12,15,0,0,0,01 Dec 15:00,0,0,49,2,Defender,0,0
0,-209,Bosingwa,2,0,WIG(A) 2-2,QPR,55816,Jose,0,83,7,16,0,0,0,08 Dec 15:00,0,0,49,1,Defender,0,0
0,-444,Bosingwa,0,0,FUL(H) 2-1,QPR,55817,Jose,0,0,0,17,0,0,0,15 Dec 15:00,0,0,49,0,Defender,0,0
0,-1019,Bosingwa,0,0,NEW(A) 0-1,QPR,55818,Jose,0,0,0,18,0,0,0,22 Dec 15:00,0,0,49,0,Defender,0,0
0,-1324,Bosingwa,0,0,WBA(H) 1-2,QPR,55819,Jose,0,0,0,19,0,0,0,26 Dec 15:00,0,0,49,0,Defender,0,0
0,-961,Bosingwa,0,0,LIV(H) 0-3,QPR,55820,Jose,0,0,0,20,0,0,0,30 Dec 16:00,0,0,49,0,Defender,0,0
0,-507,Bosingwa,0,0,CHE(A) 1-0,QPR,55821,Jose,0,0,0,21,0,0,0,02 Jan 19:45,0,0,49,0,Defender,0,0
0,-1143,Bosingwa,0,0,TOT(H) 0-0,QPR,55822,Jose,0,0,0,22,0,0,0,12 Jan 12:45,0,0,48,0,Defender,0,0
0,-466,Bosingwa,0,0,WHU(A) 1-1,QPR,55823,Jose,0,0,0,23,0,0,0,19 Jan 15:00,0,0,48,0,Defender,0,0
0,-384,Bosingwa,0,0,MCI(H) 0-0,QPR,55824,Jose,0,0,0,24,0,0,0,29 Jan 19:45,0,0,48,0,Defender,0,0
0,-146,Bosingwa,0,0,NOR(H) 0-0,QPR,55825,Jose,0,0,0,25,0,0,0,02 Feb 12:45,0,0,48,0,Defender,0,0
0,-95,Bosingwa,0,0,SWA(A) 1-4,QPR,55826,Jose,0,0,0,26,0,0,0,09 Feb 15:00,0,0,48,0,Defender,0,0
0,-96,Bosingwa,2,0,MUN(H) 0-2,QPR,55827,Jose,0,90,5,27,0,0,0,23 Feb 15:00,0,0,48,1,Defender,0,0
0,-4,Bosingwa,1,0,SOU(A) 2-1,QPR,55828,Jose,0,90,12,28,0,0,0,02 Mar 15:00,0,0,48,2,Defender,0,0
0,590,Bosingwa,1,0,SUN(H) 3-1,QPR,55829,Jose,0,90,13,29,0,0,0,09 Mar 15:00,0,0,48,2,Defender,0,0
0,57,Bosingwa,3,0,AVL(A) 2-3,QPR,55830,Jose,0,90,6,30,0,0,0,16 Mar 15:00,0,0,48,1,Defender,0,0
0,-28,Bosingwa,3,0,FUL(A) 2-3,QPR,55831,Jose,0,90,10,31,0,0,0,01 Apr 20:00,0,0,48,1,Defender,0,0
0,3,Bosingwa,1,0,WIG(H) 1-1,QPR,55832,Jose,0,90,8,32,0,0,0,07 Apr 16:10,0,0,48,2,Defender,0,0
1,-122,Bosingwa,2,0,EVE(A) 0-2,QPR,55833,Jose,0,90,3,33,0,0,0,13 Apr 15:00,0,0,48,0,Defender,0,0
0,-16,Bosingwa,2,0,STK(H) 0-2,QPR,55834,Jose,0,90,16,34,0,0,0,20 Apr 15:00,0,0,48,1,Defender,0,0
0,-39,Bosingwa,0,0,RDG(A) 0-0,QPR,55835,Jose,0,72,9,35,0,1,0,28 Apr 13:30,0,0,48,6,Defender,0,0
0,-90,Bosingwa,0,0,ARS(H) 0-1,QPR,55836,Jose,0,0,0,36,0,0,0,04 May 17:30,0,0,48,0,Defender,0,0
0,-76,Bosingwa,2,0,NEW(H) 1-2,QPR,55837,Jose,0,45,7,37,0,0,0,12 May 15:00,0,0,48,0,Defender,0,0
0,-37,Bosingwa,0,0,LIV(A) 0-1,QPR,55838,Jose,0,0,0,38,0,0,0,19 May 16:00,0,0,48,0,Defender,0,0
0,0,Ward-Prowse,1,0,MCI(A) 2-3,Southampton,5591,James,0,64,-6,1,0,0,0,19 Aug 16:00,0,0,45,2,Midfielder,0,0
0,265,Ward-Prowse,1,0,WIG(H) 0-2,Southampton,5592,James,0,16,2,2,0,0,0,25 Aug 15:00,0,0,45,1,Midfielder,0,0
0,24,Ward-Prowse,3,0,MUN(H) 2-3,Southampton,5593,James,0,90,-4,3,0,0,0,02 Sep 16:00,0,0,45,2,Midfielder,0,0
0,128,Ward-Prowse,6,0,ARS(A) 1-6,Southampton,5594,James,0,90,3,4,0,0,0,15 Sep 15:00,0,0,45,2,Midfielder,0,0
0,5,Ward-Prowse,0,0,AVL(H) 4-1,Southampton,5595,James,0,12,1,5,0,0,0,22 Sep 15:00,0,0,45,1,Midfielder,0,0
0,-46,Ward-Prowse,3,0,EVE(A) 1-3,Southampton,5596,James,0,90,11,6,0,0,0,29 Sep 15:00,0,0,45,2,Midfielder,0,0
0,31,Ward-Prowse,0,0,FUL(H) 2-2,Southampton,5597,James,0,0,0,7,0,0,0,07 Oct 13:30,0,0,45,0,Midfielder,0,0
0,-30,Ward-Prowse,0,0,WHU(A) 1-4,Southampton,5598,James,0,2,0,8,0,0,0,20 Oct 15:00,0,0,45,1,Midfielder,0,0
0,-45,Ward-Prowse,0,0,TOT(H) 1-2,Southampton,5599,James,0,0,0,9,0,0,0,28 Oct 15:00,0,0,45,0,Midfielder,0,0
0,-37,Ward-Prowse,0,0,WBA(A) 0-2,Southampton,55910,James,0,0,0,10,0,0,0,05 Nov 20:00,0,0,45,0,Midfielder,0,0
0,-24,Ward-Prowse,0,0,SWA(H) 1-1,Southampton,55911,James,0,0,0,11,0,0,0,10 Nov 15:00,0,0,45,0,Midfielder,0,0
0,-11,Ward-Prowse,0,0,QPR(A) 3-1,Southampton,55912,James,0,0,0,12,0,0,0,17 Nov 15:00,0,0,44,0,Midfielder,0,0
0,-27,Ward-Prowse,0,0,NEW(H) 2-0,Southampton,55913,James,0,0,0,13,0,0,0,25 Nov 15:00,0,0,44,0,Midfielder,0,0
0,-16,Ward-Prowse,0,0,NOR(H) 1-1,Southampton,55914,James,0,0,0,14,0,0,0,28 Nov 19:45,0,0,44,0,Midfielder,0,0
0,-13,Ward-Prowse,0,0,LIV(A) 0-1,Southampton,55915,James,0,0,0,15,0,0,0,01 Dec 15:00,0,0,44,0,Midfielder,0,0
0,-27,Ward-Prowse,0,0,RDG(H) 1-0,Southampton,55916,James,0,0,0,16,0,0,0,08 Dec 15:00,0,0,44,0,Midfielder,0,0
0,-3,Ward-Prowse,0,0,SUN(H) 0-1,Southampton,55918,James,0,0,0,18,0,0,0,22 Dec 15:00,0,0,43,0,Midfielder,0,0
0,-9,Ward-Prowse,0,0,FUL(A) 1-1,Southampton,55919,James,0,0,0,19,0,0,0,26 Dec 15:00,0,0,43,0,Midfielder,0,0
0,-5,Ward-Prowse,0,0,STK(A) 3-3,Southampton,55920,James,0,0,0,20,0,0,0,29 Dec 15:00,0,0,43,0,Midfielder,0,0
0,8,Ward-Prowse,0,0,ARS(H) 1-1,Southampton,55921,James,0,14,2,21,0,0,0,01 Jan 17:30,0,0,43,1,Midfielder,0,0
0,38,Ward-Prowse,0,0,CHE(A) 2-2,Southampton,55922,James,0,0,0,22,0,0,0,16 Jan 19:45,0,0,43,0,Midfielder,0,0
0,23,Ward-Prowse,0,0,EVE(H) 0-0,Southampton,55923,James,0,0,0,23,0,0,0,21 Jan 20:00,0,0,43,0,Midfielder,0,0
0,20,Ward-Prowse,0,0,MUN(A) 1-2,Southampton,55924,James,0,0,0,24,0,0,0,30 Jan 20:00,0,0,43,0,Midfielder,0,0
0,1,Ward-Prowse,1,0,WIG(A) 2-2,Southampton,55925,James,0,10,1,25,0,0,0,02 Feb 15:00,0,0,43,1,Midfielder,0,0
0,6,Ward-Prowse,0,0,MCI(H) 3-1,Southampton,55926,James,0,11,2,26,0,0,0,09 Feb 17:30,0,0,43,1,Midfielder,0,0
0,-3,Ward-Prowse,0,0,NEW(A) 2-4,Southampton,55927,James,0,0,0,27,0,0,0,24 Feb 13:30,0,0,43,0,Midfielder,0,0
0,4,Ward-Prowse,1,0,QPR(H) 1-2,Southampton,55928,James,0,17,2,28,0,0,0,02 Mar 15:00,0,0,43,1,Midfielder,0,0
0,7,Ward-Prowse,0,0,NOR(A) 0-0,Southampton,55929,James,0,13,1,29,0,0,0,09 Mar 15:00,0,0,43,1,Midfielder,0,0
0,9,Ward-Prowse,0,0,LIV(H) 3-1,Southampton,55930,James,0,0,0,30,0,0,0,16 Mar 15:00,0,0,43,0,Midfielder,0,0
0,6,Ward-Prowse,0,0,CHE(H) 2-1,Southampton,55931,James,0,29,5,31,0,0,0,30 Mar 15:00,0,0,43,1,Midfielder,0,0
0,11,Ward-Prowse,0,0,RDG(A) 2-0,Southampton,55932,James,0,0,0,32,0,0,0,06 Apr 12:45,0,0,43,0,Midfielder,0,0
0,4,Ward-Prowse,0,0,WHU(H) 1-1,Southampton,55933,James,0,0,0,33,0,0,0,13 Apr 15:00,0,0,43,0,Midfielder,0,0
0,-1,Ward-Prowse,0,0,SWA(A) 0-0,Southampton,55934,James,0,0,0,34,0,0,0,20 Apr 15:00,0,0,43,0,Midfielder,0,0
0,-18,Ward-Prowse,0,0,WBA(H) 0-3,Southampton,55935,James,0,0,0,35,0,0,0,27 Apr 15:00,0,0,43,0,Midfielder,0,0
0,-20,Ward-Prowse,0,0,TOT(A) 0-1,Southampton,55936,James,0,0,0,36,0,0,0,04 May 15:00,0,0,43,0,Midfielder,0,0
0,3,Ward-Prowse,0,0,SUN(A) 1-1,Southampton,55937,James,0,18,6,37,0,0,1,12 May 15:00,0,0,43,4,Midfielder,0,0
0,15,Ward-Prowse,0,0,STK(H) 1-1,Southampton,55938,James,0,17,2,38,0,0,0,19 May 16:00,0,0,43,1,Midfielder,0,0
0,235,Proctor,0,0,WHU(H) 3-0,Swansea,5692,Jamie,0,0,0,2,0,0,0,25 Aug 12:45,0,0,45,0,Forward,0,0
0,371,Proctor,0,0,SUN(H) 2-2,Swansea,5693,Jamie,0,0,0,3,0,0,0,01 Sep 15:00,0,0,45,0,Forward,0,0
0,52,Proctor,0,0,AVL(A) 0-2,Swansea,5694,Jamie,0,0,0,4,0,0,0,15 Sep 15:00,0,0,45,0,Forward,0,0
0,-49,Proctor,0,0,EVE(H) 0-3,Swansea,5695,Jamie,0,0,0,5,0,0,0,22 Sep 12:45,0,0,45,0,Forward,0,0
0,-46,Proctor,0,0,STK(A) 0-2,Swansea,5696,Jamie,0,0,0,6,0,0,0,29 Sep 15:00,0,0,45,0,Forward,0,0
0,-24,Proctor,0,0,RDG(H) 2-2,Swansea,5697,Jamie,0,0,0,7,0,0,0,06 Oct 15:00,0,0,45,0,Forward,0,0
0,-22,Proctor,0,0,WIG(H) 2-1,Swansea,5698,Jamie,0,0,0,8,0,0,0,20 Oct 15:00,0,0,45,0,Forward,0,0
0,-28,Proctor,0,0,MCI(A) 0-1,Swansea,5699,Jamie,0,0,0,9,0,0,0,27 Oct 17:30,0,0,45,0,Forward,0,0
0,-64,Proctor,0,0,CHE(H) 1-1,Swansea,56910,Jamie,0,0,0,10,0,0,0,03 Nov 15:00,0,0,45,0,Forward,0,0
0,-39,Proctor,0,0,SOU(A) 1-1,Swansea,56911,Jamie,0,0,0,11,0,0,0,10 Nov 15:00,0,0,45,0,Forward,0,0
0,-40,Proctor,0,0,NEW(A) 2-1,Swansea,56912,Jamie,0,0,0,12,0,0,0,17 Nov 15:00,0,0,45,0,Forward,0,0
0,-50,Proctor,0,0,LIV(H) 0-0,Swansea,56913,Jamie,0,0,0,13,0,0,0,25 Nov 13:30,0,0,44,0,Forward,0,0
0,-19,Proctor,0,0,WBA(H) 3-1,Swansea,56914,Jamie,0,0,0,14,0,0,0,28 Nov 19:45,0,0,44,0,Forward,0,0
0,-15,Proctor,0,0,ARS(A) 2-0,Swansea,56915,Jamie,0,0,0,15,0,0,0,01 Dec 15:00,0,0,44,0,Forward,0,0
0,-19,Proctor,0,0,NOR(H) 3-4,Swansea,56916,Jamie,0,0,0,16,0,0,0,08 Dec 15:00,0,0,44,0,Forward,0,0
0,-19,Proctor,0,0,TOT(A) 0-1,Swansea,56917,Jamie,0,0,0,17,0,0,0,16 Dec 13:30,0,0,44,0,Forward,0,0
0,14,Proctor,0,0,MUN(H) 1-1,Swansea,56918,Jamie,0,0,0,18,0,0,0,23 Dec 13:30,0,0,44,0,Forward,0,0
0,9,Proctor,0,0,RDG(A) 0-0,Swansea,56919,Jamie,0,0,0,19,0,0,0,26 Dec 15:00,0,0,44,0,Forward,0,0
0,2,Proctor,0,0,FUL(A) 2-1,Swansea,56920,Jamie,0,0,0,20,0,0,0,29 Dec 15:00,0,0,44,0,Forward,0,0
0,-4,Proctor,0,0,AVL(H) 2-2,Swansea,56921,Jamie,0,0,0,21,0,0,0,01 Jan 15:00,0,0,44,0,Forward,0,0
0,-36,Proctor,0,0,EVE(A) 0-0,Swansea,56922,Jamie,0,0,0,22,0,0,0,12 Jan 15:00,0,0,44,0,Forward,0,0
0,-21,Proctor,0,0,STK(H) 3-1,Swansea,56923,Jamie,0,0,0,23,0,0,0,19 Jan 15:00,0,0,44,0,Forward,0,0
0,-31,Proctor,0,0,SUN(A) 0-0,Swansea,56924,Jamie,0,0,0,24,0,0,0,29 Jan 19:45,0,0,44,0,Forward,0,0
0,-15,Proctor,0,0,WHU(A) 0-1,Swansea,56925,Jamie,0,0,0,25,0,0,0,02 Feb 15:00,0,0,44,0,Forward,0,0
0,-12,Proctor,0,0,LIV(A) 0-5,Swansea,56926,Jamie,0,0,0,26,0,0,0,17 Feb 15:00,0,0,44,0,Forward,0,0
0,-5,Proctor,0,0,NEW(H) 1-0,Swansea,56928,Jamie,0,0,0,28,0,0,0,02 Mar 15:00,0,0,44,0,Forward,0,0
0,-3,Proctor,0,0,WBA(A) 1-2,Swansea,56929,Jamie,0,0,0,29,0,0,0,09 Mar 15:00,0,0,44,0,Forward,0,0
0,-6,Proctor,0,0,ARS(H) 0-2,Swansea,56930,Jamie,0,0,0,30,0,0,0,16 Mar 15:00,0,0,44,0,Forward,0,0
0,-2,Proctor,0,0,TOT(H) 1-2,Swansea,56931,Jamie,0,0,0,31,0,0,0,30 Mar 15:00,0,0,44,0,Forward,0,0
0,-6,Proctor,0,0,NOR(A) 2-2,Swansea,56932,Jamie,0,0,0,32,0,0,0,06 Apr 15:00,0,0,44,0,Forward,0,0
0,-1,Proctor,0,0,SOU(H) 0-0,Swansea,56934,Jamie,0,0,0,34,0,0,0,20 Apr 15:00,0,0,44,0,Forward,0,0
0,-5,Proctor,0,0,CHE(A) 0-2,Swansea,56935,Jamie,0,0,0,35,0,0,0,28 Apr 15:00,0,0,44,0,Forward,0,0
0,2,Proctor,0,0,WIG(A) 3-2,Swansea,56936,Jamie,0,0,0,36,0,0,0,07 May 19:45,0,0,44,0,Forward,0,0
0,-3,Proctor,0,0,MUN(A) 1-2,Swansea,56937,Jamie,0,0,0,37,0,0,0,12 May 16:00,0,0,44,0,Forward,0,0
0,-1,Proctor,0,0,FUL(H) 0-3,Swansea,56938,Jamie,0,0,0,38,0,0,0,19 May 16:00,0,0,44,0,Forward,0,0
0,65,Bennett,0,0,NEW(A) 1-1,Aston Villa,5803,Joe,0,0,0,3,0,0,0,02 Sep 16:00,0,0,45,0,Defender,0,0
0,77,Bennett,0,0,SWA(H) 2-0,Aston Villa,5804,Joe,0,0,0,4,0,0,0,15 Sep 15:00,0,0,45,0,Defender,0,0
0,-4,Bennett,2,0,SOU(A) 1-4,Aston Villa,5805,Joe,0,23,1,5,0,0,0,22 Sep 15:00,0,0,45,0,Defender,0,0
0,12,Bennett,1,0,WBA(H) 1-1,Aston Villa,5806,Joe,0,90,6,6,0,0,0,30 Sep 16:00,0,0,45,2,Defender,0,0
1,29,Bennett,2,0,TOT(A) 0-2,Aston Villa,5807,Joe,0,90,2,7,0,0,0,07 Oct 15:00,0,0,45,0,Defender,0,0
0,-17,Bennett,1,0,FUL(A) 0-1,Aston Villa,5808,Joe,0,90,3,8,0,0,0,20 Oct 15:00,0,0,45,2,Defender,0,0
0,25,Bennett,1,0,NOR(H) 1-1,Aston Villa,5809,Joe,0,51,3,9,0,0,0,27 Oct 12:45,0,0,45,-2,Defender,1,0
0,-9,Bennett,0,0,SUN(A) 1-0,Aston Villa,58010,Joe,0,10,2,10,0,0,0,03 Nov 15:00,0,0,45,1,Defender,0,0
0,-6,Bennett,0,0,MUN(H) 2-3,Aston Villa,58011,Joe,0,0,0,11,0,0,0,10 Nov 17:30,0,0,45,0,Defender,0,0
0,-25,Bennett,0,0,MCI(A) 0-5,Aston Villa,58012,Joe,0,0,0,12,0,0,0,17 Nov 15:00,0,0,45,0,Defender,0,0
0,-24,Bennett,0,0,ARS(H) 0-0,Aston Villa,58013,Joe,0,0,0,13,0,0,0,24 Nov 17:30,0,0,45,0,Defender,0,0
0,-15,Bennett,0,0,RDG(H) 1-0,Aston Villa,58014,Joe,0,0,0,14,0,0,0,27 Nov 20:00,0,0,45,0,Defender,0,0
0,-18,Bennett,0,0,QPR(A) 1-1,Aston Villa,58015,Joe,0,0,0,15,0,0,0,01 Dec 15:00,0,0,45,0,Defender,0,0
0,-18,Bennett,0,0,STK(H) 0-0,Aston Villa,58016,Joe,0,0,0,16,0,0,0,08 Dec 15:00,0,0,44,0,Defender,0,0
0,-19,Bennett,0,0,LIV(A) 3-1,Aston Villa,58017,Joe,0,0,0,17,0,0,0,15 Dec 15:00,0,0,44,0,Defender,0,0
0,-3,Bennett,5,0,CHE(A) 0-8,Aston Villa,58018,Joe,0,35,1,18,0,0,0,23 Dec 16:00,0,0,44,-1,Defender,0,0
0,-2,Bennett,4,0,TOT(H) 0-4,Aston Villa,58019,Joe,0,90,3,19,0,0,0,26 Dec 17:30,0,0,44,0,Defender,0,0
0,16,Bennett,3,0,WIG(H) 0-3,Aston Villa,58020,Joe,0,90,1,20,0,0,0,29 Dec 15:00,0,0,44,1,Defender,0,0
0,7,Bennett,2,0,SWA(A) 2-2,Aston Villa,58021,Joe,0,90,8,21,0,0,0,01 Jan 15:00,0,0,44,1,Defender,0,0
0,25,Bennett,0,0,SOU(H) 0-1,Aston Villa,58022,Joe,0,0,0,22,0,0,0,12 Jan 15:00,0,0,44,0,Defender,0,0
0,-3,Bennett,2,0,WBA(A) 2-2,Aston Villa,58023,Joe,0,90,9,23,0,0,0,19 Jan 17:30,0,0,44,1,Defender,0,0
0,25,Bennett,2,0,NEW(H) 1-2,Aston Villa,58024,Joe,0,45,6,24,0,0,0,29 Jan 19:45,0,0,44,0,Defender,0,0
0,2,Bennett,3,0,EVE(A) 3-3,Aston Villa,58025,Joe,0,90,7,25,0,0,0,02 Feb 15:00,0,0,44,1,Defender,0,0
0,0,Bennett,0,0,WHU(H) 2-1,Aston Villa,58026,Joe,0,0,0,26,0,0,0,10 Feb 13:30,0,0,44,0,Defender,0,0
0,-2,Bennett,2,0,ARS(A) 1-2,Aston Villa,58027,Joe,0,90,4,27,0,0,0,23 Feb 15:00,0,0,44,1,Defender,0,0
0,0,Bennett,1,0,MCI(H) 0-1,Aston Villa,58028,Joe,0,90,9,28,0,0,0,04 Mar 20:00,0,0,44,2,Defender,0,0
0,22,Bennett,0,0,RDG(A) 2-1,Aston Villa,58029,Joe,0,12,2,29,0,0,0,09 Mar 15:00,0,0,44,1,Defender,0,0
0,-4,Bennett,2,0,QPR(H) 3-2,Aston Villa,58030,Joe,0,71,20,30,0,0,1,16 Mar 15:00,0,0,44,4,Defender,0,0
0,5,Bennett,2,0,LIV(H) 1-2,Aston Villa,58031,Joe,0,90,4,31,0,0,0,31 Mar 13:30,0,0,44,1,Defender,0,0
0,10,Bennett,1,0,STK(A) 3-1,Aston Villa,58032,Joe,0,90,14,32,0,0,0,06 Apr 15:00,0,0,44,2,Defender,0,0
0,16,Bennett,1,0,FUL(H) 1-1,Aston Villa,58033,Joe,0,90,10,33,0,0,0,13 Apr 15:00,0,0,44,2,Defender,0,0
0,2,Bennett,3,0,MUN(A) 0-3,Aston Villa,58034,Joe,0,79,6,34,0,0,0,22 Apr 20:00,0,0,44,1,Defender,0,0
0,-6,Bennett,1,0,SUN(H) 6-1,Aston Villa,58035,Joe,0,90,14,35,0,0,0,29 Apr 20:00,0,0,44,2,Defender,0,0
1,-3,Bennett,1,0,NOR(A) 2-1,Aston Villa,58036,Joe,0,90,16,36,0,0,0,04 May 15:00,0,0,44,1,Defender,0,0
0,19,Bennett,2,0,CHE(H) 1-2,Aston Villa,58037,Joe,0,90,-5,37,0,0,0,11 May 12:45,0,0,44,1,Defender,0,0
0,19,Bennett,2,0,WIG(A) 2-2,Aston Villa,58038,Joe,0,90,17,38,0,0,1,19 May 16:00,0,0,44,4,Defender,0,0
0,0,Bowery,0,0,NEW(A) 1-1,Aston Villa,5843,Jordan,0,0,0,3,0,0,0,02 Sep 16:00,0,0,45,0,Forward,0,0
0,279,Bowery,0,0,SWA(H) 2-0,Aston Villa,5844,Jordan,0,0,0,4,0,0,0,15 Sep 15:00,0,0,45,0,Forward,0,0
0,66,Bowery,0,0,SOU(A) 1-4,Aston Villa,5845,Jordan,0,0,0,5,0,0,0,22 Sep 15:00,0,0,45,0,Forward,0,0
0,35,Bowery,0,0,WBA(H) 1-1,Aston Villa,5846,Jordan,0,0,0,6,0,0,0,30 Sep 16:00,0,0,45,0,Forward,0,0
0,5,Bowery,0,0,TOT(A) 0-2,Aston Villa,5847,Jordan,0,0,0,7,0,0,0,07 Oct 15:00,0,0,45,0,Forward,0,0
0,4,Bowery,0,0,FUL(A) 0-1,Aston Villa,5848,Jordan,0,0,0,8,0,0,0,20 Oct 15:00,0,0,45,0,Forward,0,0
0,0,Bowery,0,0,NOR(H) 1-1,Aston Villa,5849,Jordan,0,0,0,9,0,0,0,27 Oct 12:45,0,0,45,0,Forward,0,0
0,19,Bowery,0,0,SUN(A) 1-0,Aston Villa,58410,Jordan,0,0,0,10,0,0,0,03 Nov 15:00,0,0,45,0,Forward,0,0
0,37,Bowery,0,0,MUN(H) 2-3,Aston Villa,58411,Jordan,0,0,0,11,0,0,0,10 Nov 17:30,0,0,45,0,Forward,0,0
0,9,Bowery,0,0,MCI(A) 0-5,Aston Villa,58412,Jordan,0,8,0,12,0,0,0,17 Nov 15:00,0,0,45,1,Forward,0,0
0,-42,Bowery,0,0,ARS(H) 0-0,Aston Villa,58413,Jordan,0,0,0,13,0,0,0,24 Nov 17:30,0,0,45,0,Forward,0,0
0,-13,Bowery,0,0,RDG(H) 1-0,Aston Villa,58414,Jordan,0,0,0,14,0,0,0,27 Nov 20:00,0,0,45,0,Forward,0,0
0,-16,Bowery,0,0,QPR(A) 1-1,Aston Villa,58415,Jordan,0,0,0,15,0,0,0,01 Dec 15:00,0,0,45,0,Forward,0,0
0,-36,Bowery,0,0,STK(H) 0-0,Aston Villa,58416,Jordan,0,0,0,16,0,0,0,08 Dec 15:00,0,0,45,0,Forward,0,0
0,-20,Bowery,0,0,LIV(A) 3-1,Aston Villa,58417,Jordan,0,0,0,17,0,0,0,15 Dec 15:00,0,0,45,0,Forward,0,0
0,-10,Bowery,2,0,CHE(A) 0-8,Aston Villa,58418,Jordan,0,12,0,18,0,0,0,23 Dec 16:00,0,0,45,1,Forward,0,0
0,-4,Bowery,0,0,TOT(H) 0-4,Aston Villa,58419,Jordan,0,0,0,19,0,0,0,26 Dec 17:30,0,0,45,0,Forward,0,0
0,0,Bowery,0,0,WIG(H) 0-3,Aston Villa,58420,Jordan,0,28,5,20,0,0,0,29 Dec 15:00,0,0,45,1,Forward,0,0
0,-1,Bowery,1,0,SWA(A) 2-2,Aston Villa,58421,Jordan,0,6,1,21,0,0,0,01 Jan 15:00,0,0,45,1,Forward,0,0
0,-31,Bowery,0,0,SOU(H) 0-1,Aston Villa,58422,Jordan,0,13,-4,22,0,0,0,12 Jan 15:00,0,0,45,1,Forward,0,0
0,-16,Bowery,0,0,WBA(A) 2-2,Aston Villa,58423,Jordan,0,0,0,23,0,0,0,19 Jan 17:30,0,0,45,0,Forward,0,0
0,-11,Bowery,0,0,NEW(H) 1-2,Aston Villa,58424,Jordan,0,0,0,24,0,0,0,29 Jan 19:45,0,0,45,0,Forward,0,0
0,-5,Bowery,0,0,EVE(A) 3-3,Aston Villa,58425,Jordan,0,0,0,25,0,0,0,02 Feb 15:00,0,0,45,0,Forward,0,0
0,-4,Bowery,0,0,WHU(H) 2-1,Aston Villa,58426,Jordan,0,62,10,26,0,1,0,10 Feb 13:30,0,0,45,2,Forward,0,0
0,29,Bowery,0,0,ARS(A) 1-2,Aston Villa,58427,Jordan,0,0,0,27,0,0,0,23 Feb 15:00,0,0,45,0,Forward,0,0
0,46,Bowery,0,0,MCI(H) 0-1,Aston Villa,58428,Jordan,0,0,0,28,0,0,0,04 Mar 20:00,0,0,45,0,Forward,0,0
0,-7,Bowery,0,0,RDG(A) 2-1,Aston Villa,58429,Jordan,0,0,0,29,0,0,0,09 Mar 15:00,0,0,45,0,Forward,0,0
0,-2,Bowery,0,0,QPR(H) 3-2,Aston Villa,58430,Jordan,0,7,1,30,0,0,0,16 Mar 15:00,0,0,45,1,Forward,0,0
0,1,Bowery,0,0,LIV(H) 1-2,Aston Villa,58431,Jordan,0,0,0,31,0,0,0,31 Mar 13:30,0,0,45,0,Forward,0,0
0,-5,Bowery,1,0,STK(A) 3-1,Aston Villa,58432,Jordan,0,81,19,32,0,0,0,06 Apr 15:00,0,0,45,2,Forward,0,0
0,7,Bowery,1,0,FUL(H) 1-1,Aston Villa,58433,Jordan,0,68,6,33,0,0,0,13 Apr 15:00,0,0,45,2,Forward,0,0
0,2,Bowery,0,0,MUN(A) 0-3,Aston Villa,58434,Jordan,0,0,0,34,0,0,0,22 Apr 20:00,0,0,45,0,Forward,0,0
0,17,Bowery,0,0,SUN(H) 6-1,Aston Villa,58435,Jordan,0,0,0,35,0,0,0,29 Apr 20:00,0,0,45,0,Forward,0,0
0,-10,Bowery,0,0,NOR(A) 2-1,Aston Villa,58436,Jordan,0,0,0,36,0,0,0,04 May 15:00,0,0,45,0,Forward,0,0
0,1,Bowery,0,0,CHE(H) 1-2,Aston Villa,58437,Jordan,0,0,0,37,0,0,0,11 May 12:45,0,0,45,0,Forward,0,0
0,7,Bowery,0,0,WIG(A) 2-2,Aston Villa,58438,Jordan,0,17,1,38,0,0,0,19 May 16:00,0,0,45,1,Forward,0,0
0,0,Alnwick,0,0,MUN(H) 0-3,Newcastle,6127,Jak,0,0,0,7,0,0,0,07 Oct 16:00,0,0,45,0,Goalkeeper,0,0
0,16,Alnwick,0,0,SUN(A) 1-1,Newcastle,6128,Jak,0,0,0,8,0,0,0,21 Oct 13:30,0,0,45,0,Goalkeeper,0,0
0,4,Alnwick,0,0,WBA(H) 2-1,Newcastle,6129,Jak,0,0,0,9,0,0,0,28 Oct 15:00,0,0,45,0,Goalkeeper,0,0
0,5,Alnwick,0,0,LIV(A) 1-1,Newcastle,61210,Jak,0,0,0,10,0,0,0,04 Nov 16:00,0,0,45,0,Goalkeeper,0,0
0,-4,Alnwick,0,0,WHU(H) 0-1,Newcastle,61211,Jak,0,0,0,11,0,0,0,11 Nov 15:00,0,0,45,0,Goalkeeper,0,0
0,1,Alnwick,0,0,SWA(H) 1-2,Newcastle,61212,Jak,0,0,0,12,0,0,0,17 Nov 15:00,0,0,45,0,Goalkeeper,0,0
0,2,Alnwick,0,0,SOU(A) 0-2,Newcastle,61213,Jak,0,0,0,13,0,0,0,25 Nov 15:00,0,0,45,0,Goalkeeper,0,0
0,-3,Alnwick,0,0,STK(A) 1-2,Newcastle,61214,Jak,0,0,0,14,0,0,0,28 Nov 19:45,0,0,45,0,Goalkeeper,0,0
0,1,Alnwick,0,0,WIG(H) 3-0,Newcastle,61215,Jak,0,0,0,15,0,0,0,03 Dec 20:00,0,0,45,0,Goalkeeper,0,0
0,2,Alnwick,0,0,FUL(A) 1-2,Newcastle,61216,Jak,0,0,0,16,0,0,0,10 Dec 20:00,0,0,45,0,Goalkeeper,0,0
0,-3,Alnwick,0,0,MCI(H) 1-3,Newcastle,61217,Jak,0,0,0,17,0,0,0,15 Dec 12:45,0,0,45,0,Goalkeeper,0,0
0,-1,Alnwick,0,0,QPR(H) 1-0,Newcastle,61218,Jak,0,0,0,18,0,0,0,22 Dec 15:00,0,0,45,0,Goalkeeper,0,0
0,2,Alnwick,0,0,MUN(A) 3-4,Newcastle,61219,Jak,0,0,0,19,0,0,0,26 Dec 15:00,0,0,45,0,Goalkeeper,0,0
0,0,Alnwick,0,0,ARS(A) 3-7,Newcastle,61220,Jak,0,0,0,20,0,0,0,29 Dec 17:30,0,0,45,0,Goalkeeper,0,0
0,0,Alnwick,0,0,EVE(H) 1-2,Newcastle,61221,Jak,0,0,0,21,0,0,0,02 Jan 20:00,0,0,45,0,Goalkeeper,0,0
0,-1,Alnwick,0,0,NOR(A) 0-0,Newcastle,61222,Jak,0,0,0,22,0,0,0,12 Jan 15:00,0,0,45,0,Goalkeeper,0,0
0,0,Alnwick,0,0,RDG(H) 1-2,Newcastle,61223,Jak,0,0,0,23,0,0,0,19 Jan 15:00,0,0,45,0,Goalkeeper,0,0
0,0,Alnwick,0,0,AVL(A) 2-1,Newcastle,61224,Jak,0,0,0,24,0,0,0,29 Jan 19:45,0,0,45,0,Goalkeeper,0,0
0,-2,Alnwick,0,0,CHE(H) 3-2,Newcastle,61225,Jak,0,0,0,25,0,0,0,02 Feb 15:00,0,0,45,0,Goalkeeper,0,0
0,0,Alnwick,0,0,TOT(A) 1-2,Newcastle,61226,Jak,0,0,0,26,0,0,0,09 Feb 12:45,0,0,45,0,Goalkeeper,0,0
0,0,Alnwick,0,0,SOU(H) 4-2,Newcastle,61227,Jak,0,0,0,27,0,0,0,24 Feb 13:30,0,0,45,0,Goalkeeper,0,0
0,4,Alnwick,0,0,SWA(A) 0-1,Newcastle,61228,Jak,0,0,0,28,0,0,0,02 Mar 15:00,0,0,45,0,Goalkeeper,0,0
0,8,Alnwick,0,0,STK(H) 2-1,Newcastle,61229,Jak,0,0,0,29,0,0,0,10 Mar 15:00,0,0,45,0,Goalkeeper,0,0
0,4,Alnwick,0,0,WIG(A) 1-2,Newcastle,61230,Jak,0,0,0,30,0,0,0,17 Mar 16:00,0,0,45,0,Goalkeeper,0,0
0,2,Alnwick,0,0,MCI(A) 0-4,Newcastle,61231,Jak,0,0,0,31,0,0,0,30 Mar 15:00,0,0,45,0,Goalkeeper,0,0
0,0,Alnwick,0,0,FUL(H) 1-0,Newcastle,61232,Jak,0,0,0,32,0,0,0,07 Apr 15:00,0,0,45,0,Goalkeeper,0,0
0,6,Alnwick,0,0,SUN(H) 0-3,Newcastle,61233,Jak,0,0,0,33,0,0,0,14 Apr 12:00,0,0,45,0,Goalkeeper,0,0
0,-2,Alnwick,0,0,WBA(A) 1-1,Newcastle,61234,Jak,0,0,0,34,0,0,0,20 Apr 15:00,0,0,45,0,Goalkeeper,0,0
0,0,Alnwick,0,0,LIV(H) 0-6,Newcastle,61235,Jak,0,0,0,35,0,0,0,27 Apr 17:30,0,0,45,0,Goalkeeper,0,0
0,-1,Alnwick,0,0,WHU(A) 0-0,Newcastle,61236,Jak,0,0,0,36,0,0,0,04 May 15:00,0,0,45,0,Goalkeeper,0,0
0,0,Alnwick,0,0,QPR(A) 2-1,Newcastle,61237,Jak,0,0,0,37,0,0,0,12 May 15:00,0,0,45,0,Goalkeeper,0,0
0,4,Alnwick,0,0,ARS(H) 0-1,Newcastle,61238,Jak,0,0,0,38,0,0,0,19 May 16:00,0,0,45,0,Goalkeeper,0,0
0,0,Spence,0,0,SOU(H) 4-1,West Ham,6178,Jordan,0,3,1,8,0,0,0,20 Oct 15:00,0,0,40,1,Defender,0,0
0,25,Spence,0,0,WIG(A) 1-2,West Ham,6179,Jordan,0,0,0,9,0,0,0,27 Oct 15:00,0,0,40,0,Defender,0,0
0,24,Spence,0,0,MCI(H) 0-0,West Ham,61710,Jordan,0,7,1,10,0,0,0,03 Nov 17:30,0,0,40,1,Defender,0,0
0,23,Spence,0,0,NEW(A) 1-0,West Ham,61711,Jordan,0,0,0,11,0,0,0,11 Nov 15:00,0,0,40,0,Defender,0,0
0,13,Spence,0,0,STK(H) 1-1,West Ham,61712,Jordan,0,0,0,12,0,0,0,19 Nov 20:00,0,0,40,0,Defender,0,0
0,16,Spence,0,0,TOT(A) 1-3,West Ham,61713,Jordan,0,0,0,13,0,0,0,25 Nov 16:00,0,0,40,0,Defender,0,0
0,-3,Spence,0,0,MUN(A) 0-1,West Ham,61714,Jordan,0,0,0,14,0,0,0,28 Nov 20:00,0,0,40,0,Defender,0,0
0,2,Spence,0,0,CHE(H) 3-1,West Ham,61715,Jordan,0,0,0,15,0,0,0,01 Dec 12:45,0,0,40,0,Defender,0,0
0,12,Spence,0,0,LIV(H) 2-3,West Ham,61716,Jordan,0,0,0,16,0,0,0,09 Dec 16:00,0,0,40,0,Defender,0,0
0,0,Spence,0,0,WBA(A) 0-0,West Ham,61717,Jordan,0,0,0,17,0,0,0,16 Dec 16:00,0,0,40,0,Defender,0,0
0,11,Spence,0,0,EVE(H) 1-2,West Ham,61718,Jordan,0,10,1,18,0,0,0,22 Dec 15:00,0,0,40,1,Defender,0,0
0,15,Spence,0,0,RDG(A) 0-1,West Ham,61720,Jordan,0,0,0,20,0,0,0,29 Dec 15:00,0,0,40,0,Defender,0,0
0,2,Spence,1,0,NOR(H) 2-1,West Ham,61721,Jordan,0,6,1,21,0,0,0,01 Jan 15:00,0,0,40,1,Defender,0,0
0,53,Spence,0,0,SUN(A) 0-3,West Ham,61722,Jordan,0,0,0,22,0,0,0,12 Jan 15:00,0,0,40,0,Defender,0,0
0,109,Spence,0,0,ARS(A) 1-5,West Ham,61723,Jordan,0,0,0,23,0,0,0,23 Jan 19:45,0,0,40,0,Defender,0,0
0,-7,Spence,0,0,FUL(A) 1-3,West Ham,61724,Jordan,0,0,0,24,0,0,0,30 Jan 20:00,0,0,40,0,Defender,0,0
0,-3,Spence,0,0,SWA(H) 1-0,West Ham,61725,Jordan,0,0,0,25,0,0,0,02 Feb 15:00,0,0,40,0,Defender,0,0
0,-5,Spence,0,0,AVL(A) 1-2,West Ham,61726,Jordan,0,0,0,26,0,0,0,10 Feb 13:30,0,0,40,0,Defender,0,0
0,0,Spence,0,0,TOT(H) 2-3,West Ham,61727,Jordan,0,0,0,27,0,0,0,25 Feb 20:00,0,0,40,0,Defender,0,0
0,-9,Spence,0,0,STK(A) 1-0,West Ham,61728,Jordan,0,0,0,28,0,0,0,02 Mar 15:00,0,0,40,0,Defender,0,0
0,-5,Spence,0,0,CHE(A) 0-2,West Ham,61730,Jordan,0,0,0,30,0,0,0,17 Mar 16:00,0,0,40,0,Defender,0,0
0,-2,Spence,0,0,WBA(H) 3-1,West Ham,61731,Jordan,0,0,0,31,0,0,0,30 Mar 15:00,0,0,40,0,Defender,0,0
0,-1,Spence,0,0,LIV(A) 0-0,West Ham,61732,Jordan,0,0,0,32,0,0,0,07 Apr 13:30,0,0,40,0,Defender,0,0
0,2,Spence,0,0,MUN(H) 2-2,West Ham,61733,Jordan,0,0,0,33,0,0,0,17 Apr 19:45,0,0,40,0,Defender,0,0
0,1,Spence,0,0,WIG(H) 2-0,West Ham,61734,Jordan,0,0,0,34,0,0,0,20 Apr 15:00,0,0,40,0,Defender,0,0
0,-1,Spence,0,0,MCI(A) 1-2,West Ham,61735,Jordan,0,0,0,35,0,0,0,27 Apr 12:45,0,0,40,0,Defender,0,0
0,0,Spence,0,0,NEW(H) 0-0,West Ham,61736,Jordan,0,0,0,36,0,0,0,04 May 15:00,0,0,40,0,Defender,0,0
0,1,Spence,0,0,EVE(A) 0-2,West Ham,61737,Jordan,0,0,0,37,0,0,0,12 May 15:00,0,0,40,0,Defender,0,0
0,4,Spence,0,0,RDG(H) 4-2,West Ham,61738,Jordan,0,0,0,38,0,0,0,19 May 16:00,0,0,40,0,Defender,0,0
0,0,McFadden,0,0,EVE(A) 1-2,Sunderland,62311,James,0,0,0,11,0,0,0,10 Nov 15:00,0,0,50,0,Forward,0,0
0,28,McFadden,0,0,FUL(A) 3-1,Sunderland,62312,James,0,0,0,12,0,0,0,18 Nov 16:00,0,0,50,0,Forward,0,0
0,10,McFadden,0,0,WBA(H) 2-4,Sunderland,62313,James,0,0,0,13,0,0,0,24 Nov 12:45,0,0,50,0,Forward,0,0
0,6,McFadden,0,0,QPR(H) 0-0,Sunderland,62314,James,0,0,0,14,0,0,0,27 Nov 19:45,0,0,50,0,Forward,0,0
0,-2,McFadden,0,0,NOR(A) 1-2,Sunderland,62315,James,0,0,0,15,0,0,0,02 Dec 16:00,0,0,50,0,Forward,0,0
0,44,McFadden,0,0,RDG(H) 3-0,Sunderland,62316,James,0,0,0,16,0,0,0,11 Dec 19:45,0,0,50,0,Forward,0,0
0,13,McFadden,0,0,MUN(A) 1-3,Sunderland,62317,James,0,6,1,17,0,0,0,15 Dec 15:00,0,0,50,1,Forward,0,0
0,1,McFadden,0,0,SOU(A) 1-0,Sunderland,62318,James,0,0,0,18,0,0,0,22 Dec 15:00,0,0,50,0,Forward,0,0
0,1,McFadden,0,0,MCI(H) 1-0,Sunderland,62319,James,0,0,0,19,0,0,0,26 Dec 15:00,0,0,50,0,Forward,0,0
0,2,McFadden,0,0,TOT(H) 1-2,Sunderland,62320,James,0,0,0,20,0,0,0,29 Dec 12:45,0,0,50,0,Forward,0,0
0,-4,McFadden,0,0,LIV(A) 0-3,Sunderland,62321,James,0,29,2,21,0,0,0,02 Jan 19:45,0,0,50,1,Forward,0,0
0,-5,McFadden,0,0,WHU(H) 3-0,Sunderland,62322,James,0,3,0,22,0,0,0,12 Jan 15:00,0,0,50,1,Forward,0,0
0,-5,McFadden,0,0,WIG(A) 3-2,Sunderland,62323,James,0,0,0,23,0,0,0,19 Jan 15:00,0,0,50,0,Forward,0,0
0,-5,McFadden,0,0,SWA(H) 0-0,Sunderland,62324,James,0,0,0,24,0,0,0,29 Jan 19:45,0,0,50,0,Forward,0,0
0,-5,McFadden,0,0,RDG(A) 1-2,Sunderland,62325,James,0,0,0,25,0,0,0,02 Feb 15:00,0,0,50,0,Forward,0,0
0,-3,McFadden,0,0,ARS(H) 0-1,Sunderland,62326,James,0,0,0,26,0,0,0,09 Feb 15:00,0,0,50,0,Forward,0,0
0,1,McFadden,0,0,WBA(A) 1-2,Sunderland,62327,James,0,0,0,27,0,0,0,23 Feb 15:00,0,0,50,0,Forward,0,0
0,2,McFadden,0,0,FUL(H) 2-2,Sunderland,62328,James,0,0,0,28,0,0,0,02 Mar 15:00,0,0,50,0,Forward,0,0
0,-12,McFadden,0,0,QPR(A) 1-3,Sunderland,62329,James,0,0,0,29,0,0,0,09 Mar 15:00,0,0,50,0,Forward,0,0
0,-5,McFadden,0,0,NOR(H) 1-1,Sunderland,62330,James,0,0,0,30,0,0,0,17 Mar 13:30,0,0,50,0,Forward,0,0
0,-4,McFadden,0,0,MUN(H) 0-1,Sunderland,62331,James,0,0,0,31,0,0,0,30 Mar 12:45,0,0,50,0,Forward,0,0
0,-3,McFadden,0,0,CHE(A) 1-2,Sunderland,62332,James,0,0,0,32,0,0,0,07 Apr 15:00,0,0,50,0,Forward,0,0
0,-4,McFadden,0,0,NEW(A) 3-0,Sunderland,62333,James,0,0,0,33,0,0,0,14 Apr 12:00,0,0,50,0,Forward,0,0
0,1,McFadden,0,0,EVE(H) 1-0,Sunderland,62334,James,0,0,0,34,0,0,0,20 Apr 15:00,0,0,50,0,Forward,0,0
0,-1,McFadden,0,0,AVL(A) 1-6,Sunderland,62335,James,0,0,0,35,0,0,0,29 Apr 20:00,0,0,50,0,Forward,0,0
0,-4,McFadden,0,0,STK(H) 1-1,Sunderland,62336,James,0,0,0,36,0,0,0,06 May 20:00,0,0,50,0,Forward,0,0
0,0,McFadden,0,0,SOU(H) 1-1,Sunderland,62337,James,0,0,0,37,0,0,0,12 May 15:00,0,0,50,0,Forward,0,0
0,0,McFadden,0,0,TOT(A) 0-1,Sunderland,62338,James,0,0,0,38,0,0,0,19 May 16:00,0,0,50,0,Forward,0,0
0,0,Robles,0,0,SUN(H) 2-3,Wigan,65723,Joel,0,0,0,23,0,0,0,19 Jan 15:00,0,0,40,0,Goalkeeper,0,0
0,459,Robles,0,0,STK(A) 2-2,Wigan,65724,Joel,0,0,0,24,0,0,0,29 Jan 19:45,0,0,40,0,Goalkeeper,0,0
0,109,Robles,0,0,SOU(H) 2-2,Wigan,65725,Joel,0,0,0,25,0,0,0,02 Feb 15:00,0,0,40,0,Goalkeeper,0,0
0,60,Robles,0,0,CHE(A) 1-4,Wigan,65726,Joel,0,0,0,26,0,0,0,09 Feb 15:00,0,0,40,0,Goalkeeper,0,0
0,22,Robles,0,0,RDG(A) 3-0,Wigan,65727,Joel,0,0,0,27,0,0,0,23 Feb 15:00,0,0,40,0,Goalkeeper,0,0
0,17,Robles,0,0,LIV(H) 0-4,Wigan,65728,Joel,0,0,0,28,0,0,0,02 Mar 17:30,0,0,40,0,Goalkeeper,0,0
0,7,Robles,1,2,NEW(H) 2-1,Wigan,65730,Joel,0,90,15,30,0,0,0,17 Mar 16:00,0,0,40,2,Goalkeeper,0,0
0,411,Robles,0,2,NOR(H) 1-0,Wigan,65731,Joel,0,90,18,31,2,1,0,30 Mar 15:00,0,0,40,8,Goalkeeper,0,0
0,1831,Robles,1,0,QPR(A) 1-1,Wigan,65732,Joel,0,90,8,32,0,0,0,07 Apr 16:10,0,0,40,2,Goalkeeper,0,0
0,3828,Robles,1,1,MCI(A) 0-1,Wigan,65733,Joel,0,90,5,33,0,0,0,17 Apr 19:45,0,0,40,2,Goalkeeper,0,0
0,2001,Robles,2,6,WHU(A) 0-2,Wigan,65734,Joel,0,90,7,34,0,0,0,20 Apr 15:00,0,0,40,3,Goalkeeper,0,0
0,2131,Robles,2,1,TOT(H) 2-2,Wigan,65735,Joel,0,90,7,35,0,0,0,27 Apr 15:00,0,0,40,1,Goalkeeper,0,0
0,5197,Robles,3,2,SWA(H) 2-3,Wigan,65736,Joel,0,90,5,36,0,0,0,07 May 19:45,0,0,40,1,Goalkeeper,0,0
0,75,Robles,4,4,ARS(A) 1-4,Wigan,65737,Joel,0,90,5,37,0,0,0,14 May 19:45,0,0,40,1,Goalkeeper,0,0
0,426,Robles,0,0,AVL(H) 2-2,Wigan,65738,Joel,0,0,0,38,0,0,0,19 May 16:00,0,0,40,0,Goalkeeper,0,0
0,0,Mustoe,0,0,STK(A) 2-2,Wigan,66424,Jordan,0,0,0,24,0,0,0,29 Jan 19:45,0,0,40,0,Defender,0,0
0,97,Mustoe,0,0,SOU(H) 2-2,Wigan,66425,Jordan,0,0,0,25,0,0,0,02 Feb 15:00,0,0,40,0,Defender,0,0
0,20,Mustoe,0,0,CHE(A) 1-4,Wigan,66426,Jordan,0,0,0,26,0,0,0,09 Feb 15:00,0,0,40,0,Defender,0,0
0,28,Mustoe,0,0,RDG(A) 3-0,Wigan,66427,Jordan,0,0,0,27,0,0,0,23 Feb 15:00,0,0,40,0,Defender,0,0
0,0,Mustoe,0,0,LIV(H) 0-4,Wigan,66428,Jordan,0,0,0,28,0,0,0,02 Mar 17:30,0,0,40,0,Defender,0,0
0,6,Mustoe,0,0,NEW(H) 2-1,Wigan,66430,Jordan,0,0,0,30,0,0,0,17 Mar 16:00,0,0,40,0,Defender,0,0
0,5,Mustoe,0,0,NOR(H) 1-0,Wigan,66431,Jordan,0,0,0,31,0,0,0,30 Mar 15:00,0,0,40,0,Defender,0,0
0,0,Mustoe,0,0,QPR(A) 1-1,Wigan,66432,Jordan,0,0,0,32,0,0,0,07 Apr 16:10,0,0,40,0,Defender,0,0
0,-1,Mustoe,0,0,MCI(A) 0-1,Wigan,66433,Jordan,0,0,0,33,0,0,0,17 Apr 19:45,0,0,40,0,Defender,0,0
0,9,Mustoe,0,0,WHU(A) 0-2,Wigan,66434,Jordan,0,0,0,34,0,0,0,20 Apr 15:00,0,0,40,0,Defender,0,0
0,-1,Mustoe,0,0,TOT(H) 2-2,Wigan,66435,Jordan,0,0,0,35,0,0,0,27 Apr 15:00,0,0,40,0,Defender,0,0
0,6,Mustoe,0,0,SWA(H) 2-3,Wigan,66436,Jordan,0,0,0,36,0,0,0,07 May 19:45,0,0,40,0,Defender,0,0
0,-3,Mustoe,0,0,ARS(A) 1-4,Wigan,66437,Jordan,0,0,0,37,0,0,0,14 May 19:45,0,0,40,0,Defender,0,0
0,15,Mustoe,0,0,AVL(H) 2-2,Wigan,66438,Jordan,0,0,0,38,0,0,0,19 May 16:00,0,0,40,0,Defender,0,0
0,114,Stones,0,0,AVL(H) 3-3,Everton,67125,John,0,0,0,25,0,0,0,02 Feb 15:00,0,0,45,0,Defender,0,0
0,14,Stones,0,0,MUN(A) 0-2,Everton,67126,John,0,0,0,26,0,0,0,10 Feb 16:00,0,0,45,0,Defender,0,0
0,5,Stones,0,0,NOR(A) 1-2,Everton,67127,John,0,0,0,27,0,0,0,23 Feb 15:00,0,0,45,0,Defender,0,0
0,2,Stones,0,0,RDG(H) 3-1,Everton,67128,John,0,0,0,28,0,0,0,02 Mar 15:00,0,0,45,0,Defender,0,0
0,11,Stones,0,0,MCI(H) 2-0,Everton,67130,John,0,0,0,30,0,0,0,16 Mar 12:45,0,0,45,0,Defender,0,0
0,4,Stones,0,0,STK(H) 1-0,Everton,67131,John,0,0,0,31,0,0,0,30 Mar 17:30,0,0,45,0,Defender,0,0
0,-1,Stones,0,0,TOT(A) 2-2,Everton,67132,John,0,0,0,32,0,0,0,07 Apr 14:05,0,0,45,0,Defender,0,0
0,-2,Stones,0,0,ARS(A) 0-0,Everton,67133,John,0,0,0,33,0,0,0,16 Apr 19:45,0,0,45,0,Defender,0,0
0,0,Stones,0,0,SUN(A) 0-1,Everton,67134,John,0,0,0,34,0,0,0,20 Apr 15:00,0,0,45,0,Defender,0,0
0,-7,Stones,0,0,FUL(H) 1-0,Everton,67135,John,0,0,0,35,0,0,0,27 Apr 15:00,0,0,45,0,Defender,0,0
0,1,Stones,0,0,LIV(A) 0-0,Everton,67136,John,0,0,0,36,0,0,0,05 May 13:30,0,0,45,0,Defender,0,0
0,1,Stones,0,0,WHU(H) 2-0,Everton,67137,John,0,0,0,37,0,0,0,12 May 15:00,0,0,45,0,Defender,0,0
0,16,Stones,0,0,CHE(A) 1-2,Everton,67138,John,0,0,0,38,0,0,0,19 May 16:00,0,0,45,0,Defender,0,0
