yellow_cards,net_transfers,last_name,goals_conceded,saves,result,team_name_1,index,first_name,own_goals,minutes_played,EA_Spots_PPI,week,bonus,clean_sheets,assists,date,penalties_saved,penalties missed,value,points,position,red_cards,goals_scored
0,-7,Gamst Pedersen,2,0,BOL(H) 1-2,Blackburn,6317,Morten Gamst,0,90,12,17,0,0,0,20 Dec. 20:00,0,0,62,2,Midfielder,0,0
0,1083,Gamst Pedersen,0,0,SUN(H) 2-0,Blackburn,6329,Morten Gamst,0,90,24,29,2,1,1,20 March 20:00,0,0,62,8,Midfielder,0,0
0,213,Alonso,0,0,BLA(A) 2-1,Bolton,7117,Marcos,0,56,9,17,0,0,0,20 Dec. 20:00,0,0,39,1,Defender,0,0
0,20669,Petrov,3,0,LIV(A) 1-3,Bolton,783,Martin,0,90,11,3,0,0,1,27 Aug. 17:30,0,0,55,5,Midfielder,0,0
0,-5796,Petrov,1,0,BLA(A) 2-1,Bolton,7817,Martin,0,90,27,17,1,0,1,20 Dec. 20:00,0,0,52,6,Midfielder,0,0
0,0,Taylor,0,0,BLA(A) 2-1,Bolton,8317,Matthew,0,0,0,17,0,0,0,20 Dec. 20:00,0,0,55,0,Midfielder,0,0
0,-159,Davies M,2,0,LIV(A) 1-3,Bolton,843,Mark,0,65,9,3,0,0,0,27 Aug. 17:30,0,0,50,2,Midfielder,0,0
0,43,Davies M,1,0,BLA(A) 2-1,Bolton,8417,Mark,0,90,34,17,3,0,0,20 Dec. 20:00,0,0,48,10,Midfielder,0,1
0,-368,Essien,2,0,MCI(A) 1-2,Chelsea,10429,Michael,0,33,8,29,0,0,0,21 March 19:45,0,0,69,1,Midfielder,0,0
0,140,Mikel,2,0,MCI(A) 1-2,Chelsea,10729,,0,90,8,29,0,0,0,21 March 19:45,0,0,44,2,Midfielder,0,0
0,-1734,Fellaini,1,0,ARS(H) 0-1,Everton,12429,Marouane,0,90,6,29,0,0,0,21 March 20:00,0,0,61,2,Midfielder,0,0
0,287,Arteta,0,0,EVE(A) 1-0,Arsenal,12729,Mikel,0,90,19,29,1,1,0,21 March 20:00,0,0,79,4,Midfielder,0,0
0,3,Gueye,0,0,ARS(H) 0-1,Everton,13029,Magaye,0,13,0,29,0,0,0,21 March 20:00,0,0,46,1,Forward,0,0
0,997,Schwarzer,3,2,SWA(H) 0-3,Fulham,13629,Mark,0,90,6,29,0,0,0,17 March 15:00,0,0,48,1,Goalkeeper,0,0
0,4,Briggs,0,0,SWA(H) 0-3,Fulham,13729,Matthew,0,0,0,29,0,0,0,17 March 15:00,0,0,39,0,Defender,0,0
0,1151,Dembele,0,0,WOL(H) 5-0,Fulham,15527,Moussa,0,90,15,27,0,1,0,04 March 14:05,0,0,52,2,Forward,0,0
0,-33,Kelly,2,0,ARS(H) 1-2,Liverpool,16227,Martin,0,90,-2,27,0,0,0,03 March 12:45,0,0,52,1,Defender,0,0
0,4626,Skrtel,2,0,ARS(H) 1-2,Liverpool,16527,Martin,0,90,-2,27,0,0,0,03 March 12:45,0,0,62,1,Defender,0,0
0,0,Jovanovic,0,0,QPR(A) 2-3,Liverpool,18229,Milan,0,0,0,29,0,0,0,21 March 20:00,0,0,60,0,Forward,0,0
0,-1690,Richards,1,0,CHE(H) 2-1,Man City,18729,Micah,0,90,13,29,0,0,0,21 March 19:45,0,0,62,2,Defender,0,0
0,1491,Balotelli,0,0,CHE(H) 2-1,Man City,20229,Mario,0,45,11,29,0,0,0,21 March 19:45,0,0,81,1,Forward,0,0
0,825,Carrick,0,0,WOL(A) 5-0,Man Utd,22329,Michael,0,57,8,29,0,0,1,18 March 13:30,0,0,62,4,Midfielder,0,0
0,0,Tonge,0,0,NOR(A) 1-1,Stoke City,3192,Michael,0,0,0,2,0,0,0,21 Aug. 13:30,0,0,45,0,Midfielder,0,0
0,-2,Tonge,0,0,WBA(A) 1-0,Stoke City,3193,Michael,0,0,0,3,0,0,0,28 Aug. 15:00,0,0,45,0,Midfielder,0,0
0,0,Etherington,1,0,NOR(A) 1-1,Stoke City,3242,Matthew,0,90,19,2,2,0,0,21 Aug. 13:30,0,0,65,4,Midfielder,0,0
0,-443,Etherington,0,0,WBA(A) 1-0,Stoke City,3243,Matthew,0,66,15,3,0,1,0,28 Aug. 15:00,0,0,65,3,Midfielder,0,0
0,0,Sidibe,0,0,NOR(A) 1-1,Stoke City,3302,Mamady,0,0,0,2,0,0,0,21 Aug. 13:30,0,0,50,0,Forward,0,0
0,-51,Sidibe,0,0,WBA(A) 1-0,Stoke City,3303,Mamady,0,0,0,3,0,0,0,28 Aug. 15:00,0,0,50,0,Forward,0,0
0,12,Angeleri,0,0,QPR(A) 3-2,Sunderland,33617,Marcos,0,0,0,17,0,0,0,21 Dec. 20:00,0,0,39,0,Defender,0,0
0,-1509,Turner,0,0,QPR(A) 3-2,Sunderland,33717,Michael,0,0,0,17,0,0,0,21 Dec. 20:00,0,0,43,0,Defender,0,0
1,0,Dawson,3,0,MUN(A) 0-3,Tottenham,3872,Michael,0,90,4,2,0,0,0,22 Aug. 20:00,0,0,55,0,Defender,0,0
0,-19,Cech,0,0,CHE(H) 1-0,West Brom,41327,Marek,0,0,0,27,0,0,0,03 March 15:00,0,0,40,0,Defender,0,0
0,-8,Cech,0,0,MCI(A) 0-4,West Brom,41333,Marek,0,0,0,33,0,0,0,11 April 19:45,0,0,40,0,Defender,0,0
0,45,Fortune,0,0,MCI(A) 0-4,West Brom,43233,Marc-Antoine,0,23,-2,33,0,0,0,11 April 19:45,0,0,52,1,Forward,0,0
0,-148,Figueroa,0,0,MUN(H) 1-0,Wigan,43833,Maynor,0,90,13,33,0,1,0,11 April 19:45,0,0,43,6,Defender,0,0
0,53,Diame,0,0,MUN(H) 1-0,Wigan,45033,Mohamed,0,21,3,33,0,0,0,11 April 19:45,0,0,48,1,Midfielder,0,0
1,91,Kightly,3,0,ARS(H) 0-3,Wolves,47033,Michael,0,90,-3,33,0,0,0,11 April 19:45,0,0,54,1,Midfielder,0,0
0,-413,Jarvis,3,0,ARS(H) 0-3,Wolves,47133,Matthew,0,90,-1,33,0,0,0,11 April 19:45,0,0,57,2,Midfielder,0,0
0,6,Gecov,0,0,CHE(H) 1-1,Fulham,48233,Marcel,0,0,0,33,0,0,0,09 April 20:00,0,0,43,0,Midfielder,0,0
0,-1401,Formica,2,0,MUN(A) 3-2,Blackburn,49319,Mauro,0,84,8,19,0,0,0,31 Dec. 12:45,0,0,50,2,Midfielder,0,0
0,103,Formica,0,0,SUN(H) 2-0,Blackburn,49329,Mauro,0,78,16,29,0,1,0,20 March 20:00,0,0,49,3,Midfielder,0,0
0,-153,Upson,0,0,TOT(A) 1-1,Stoke City,51129,Matthew,0,0,0,29,0,0,0,21 March 19:45,0,0,42,0,Defender,0,0
0,-47,Fulop,0,0,WIG(A) 1-1,West Brom,51229,Marton,0,0,0,29,0,0,0,17 March 15:00,0,0,40,0,Goalkeeper,0,0
0,1405,Vorm,0,5,FUL(A) 3-0,Swansea,51429,Michel,0,90,21,29,0,1,0,17 March 15:00,0,0,53,7,Goalkeeper,0,0
0,0,Anderson,0,0,SUN(H) 2-0,Blackburn,51729,Myles,0,0,0,29,0,0,0,20 March 20:00,0,0,40,0,Defender,0,0
0,1,Pollitt,0,0,WBA(H) 1-1,Wigan,52629,Michael,0,0,0,29,0,0,0,17 March 15:00,0,0,45,0,Goalkeeper,0,0
0,3,Doherty,0,0,NOR(H) 2-2,Wolves,58517,Matt,0,0,0,17,0,0,0,20 Dec. 19:45,0,0,40,0,Defender,0,0
0,-2,Abeid,0,0,BOL(H) 2-0,Newcastle,60833,Mehdi,0,0,0,33,0,0,0,09 April 15:00,0,0,45,0,Midfielder,0,0
0,11,Trotta,0,0,SWA(H) 0-3,Fulham,64629,Marcello,0,0,0,29,0,0,0,17 March 15:00,0,0,50,0,Forward,0,0
0,-2,Marcus Olsson,3,0,LIV(H) 2-3,Blackburn,64833,Marcus,0,90,-1,33,0,0,0,10 April 20:00,0,0,50,2,Midfielder,0,0
0,11,Luongo,0,0,STO(H) 1-1,Tottenham,65529,Massimo,0,0,0,29,0,0,0,21 March 19:45,0,0,50,0,Midfielder,0,0
0,0,Arteta,0,0,SUN(H) 0-0,Arsenal,201,Mikel,0,90,9,1,0,1,0,18 Aug 15:00,0,0,80,3,Midfielder,0,0
0,-8229,Arteta,0,0,STK(A) 0-0,Arsenal,202,Mikel,0,90,4,2,0,1,0,26 Aug 13:30,0,0,80,3,Midfielder,0,0
1,-13064,Arteta,0,0,LIV(A) 2-0,Arsenal,203,Mikel,0,90,17,3,0,1,0,02 Sep 13:30,0,0,79,2,Midfielder,0,0
0,-11170,Arteta,1,0,SOU(H) 6-1,Arsenal,204,Mikel,0,90,21,4,0,0,1,15 Sep 15:00,0,0,79,5,Midfielder,0,0
0,-3876,Arteta,1,0,MCI(A) 1-1,Arsenal,205,Mikel,0,90,19,5,0,0,0,23 Sep 16:00,0,0,78,2,Midfielder,0,0
0,-4468,Arteta,2,0,CHE(H) 1-2,Arsenal,206,Mikel,0,90,6,6,0,0,0,29 Sep 12:45,0,0,78,2,Midfielder,0,0
0,-4625,Arteta,1,0,WHU(A) 3-1,Arsenal,207,Mikel,0,90,19,7,0,0,0,06 Oct 17:30,0,0,77,2,Midfielder,0,0
0,-3191,Arteta,1,0,NOR(A) 0-1,Arsenal,208,Mikel,0,90,12,8,0,0,0,20 Oct 17:30,0,0,77,2,Midfielder,0,0
0,-1378,Arteta,0,0,QPR(H) 1-0,Arsenal,209,Mikel,0,90,30,9,3,1,0,27 Oct 15:00,0,0,77,11,Midfielder,0,1
1,1762,Arteta,2,0,MUN(A) 1-2,Arsenal,2010,Mikel,0,90,8,10,0,0,0,03 Nov 12:45,0,0,77,1,Midfielder,0,0
0,14435,Arteta,3,0,NEW(H) 7-3,Arsenal,2020,Mikel,0,90,15,20,0,0,0,29 Dec 17:30,0,0,77,2,Midfielder,0,0
1,269,Arteta,0,0,SWA(A) 2-0,Arsenal,2030,Mikel,0,90,15,30,0,1,0,16 Mar 15:00,0,0,75,2,Midfielder,0,0
0,0,Chamakh,0,0,SUN(H) 0-0,West Ham,271,Marouane,0,0,0,1,0,0,0,18 Aug 15:00,0,0,60,0,Forward,0,0
0,-644,Chamakh,0,0,STK(A) 0-0,West Ham,272,Marouane,0,0,0,2,0,0,0,26 Aug 13:30,0,0,59,0,Forward,0,0
0,-685,Chamakh,0,0,LIV(A) 2-0,West Ham,273,Marouane,0,0,0,3,0,0,0,02 Sep 13:30,0,0,58,0,Forward,0,0
0,-435,Chamakh,0,0,SOU(H) 6-1,West Ham,274,Marouane,0,0,0,4,0,0,0,15 Sep 15:00,0,0,57,0,Forward,0,0
0,-228,Chamakh,0,0,MCI(A) 1-1,West Ham,275,Marouane,0,0,0,5,0,0,0,23 Sep 16:00,0,0,57,0,Forward,0,0
0,-165,Chamakh,0,0,CHE(H) 1-2,West Ham,276,Marouane,0,0,0,6,0,0,0,29 Sep 12:45,0,0,56,0,Forward,0,0
0,-122,Chamakh,0,0,WHU(A) 3-1,West Ham,277,Marouane,0,0,0,7,0,0,0,06 Oct 17:30,0,0,56,0,Forward,0,0
0,-90,Chamakh,0,0,NOR(A) 0-1,West Ham,278,Marouane,0,0,0,8,0,0,0,20 Oct 17:30,0,0,56,0,Forward,0,0
0,-56,Chamakh,0,0,QPR(H) 1-0,West Ham,279,Marouane,0,0,0,9,0,0,0,27 Oct 15:00,0,0,55,0,Forward,0,0
0,9,Chamakh,0,0,MUN(A) 1-2,West Ham,2710,Marouane,0,0,0,10,0,0,0,03 Nov 12:45,0,0,55,0,Forward,0,0
0,-23,Chamakh,0,0,NEW(H) 7-3,West Ham,2720,Marouane,0,0,0,20,0,0,0,29 Dec 17:30,0,0,54,0,Forward,0,0
0,-108,Chamakh,0,0,CHE(A) 0-2,West Ham,2730,Marouane,0,0,0,30,0,0,0,17 Mar 16:00,0,0,51,0,Forward,0,0
0,0,Lowton,1,0,WHU(A) 0-1,Aston Villa,441,Matthew,0,90,5,1,0,0,0,18 Aug 15:00,0,0,45,2,Defender,0,0
0,138,Lowton,3,0,EVE(H) 1-3,Aston Villa,442,Matthew,0,90,5,2,0,0,0,25 Aug 15:00,0,0,45,1,Defender,0,0
0,-709,Lowton,1,0,NEW(A) 1-1,Aston Villa,443,Matthew,0,90,8,3,0,0,0,02 Sep 16:00,0,0,45,2,Defender,0,0
1,-355,Lowton,0,0,SWA(H) 2-0,Aston Villa,444,Matthew,0,90,40,4,3,1,0,15 Sep 15:00,0,0,45,14,Defender,0,1
0,12779,Lowton,4,0,SOU(A) 1-4,Aston Villa,445,Matthew,0,90,3,5,0,0,0,22 Sep 15:00,0,0,45,0,Defender,0,0
0,4777,Lowton,1,0,WBA(H) 1-1,Aston Villa,446,Matthew,0,90,8,6,0,0,0,30 Sep 16:00,0,0,45,2,Defender,0,0
0,3896,Lowton,2,0,TOT(A) 0-2,Aston Villa,447,Matthew,0,90,0,7,0,0,0,07 Oct 15:00,0,0,45,1,Defender,0,0
0,2223,Lowton,1,0,FUL(A) 0-1,Aston Villa,448,Matthew,0,90,3,8,0,0,0,20 Oct 15:00,0,0,45,2,Defender,0,0
0,1877,Lowton,1,0,NOR(H) 1-1,Aston Villa,449,Matthew,0,90,11,9,0,0,0,27 Oct 12:45,0,0,45,2,Defender,0,0
0,-296,Lowton,0,0,SUN(A) 1-0,Aston Villa,4410,Matthew,0,90,16,10,0,1,0,03 Nov 15:00,0,0,45,6,Defender,0,0
1,-273,Lowton,3,0,WIG(H) 0-3,Aston Villa,4420,Matthew,0,90,5,20,0,0,0,29 Dec 15:00,0,0,46,0,Defender,0,0
0,-141,Lowton,2,0,QPR(H) 3-2,Aston Villa,4430,Matthew,0,90,21,30,0,0,1,16 Mar 15:00,0,0,45,4,Defender,0,0
0,0,Albrighton,0,0,WHU(A) 0-1,Aston Villa,491,Marc,0,0,0,1,0,0,0,18 Aug 15:00,0,0,55,0,Midfielder,0,0
0,-511,Albrighton,0,0,EVE(H) 1-3,Aston Villa,492,Marc,0,0,0,2,0,0,0,25 Aug 15:00,0,0,55,0,Midfielder,0,0
0,-390,Albrighton,0,0,NEW(A) 1-1,Aston Villa,493,Marc,0,0,0,3,0,0,0,02 Sep 16:00,0,0,54,0,Midfielder,0,0
0,-208,Albrighton,0,0,SWA(H) 2-0,Aston Villa,494,Marc,0,0,0,4,0,0,0,15 Sep 15:00,0,0,53,0,Midfielder,0,0
0,-67,Albrighton,0,0,SOU(A) 1-4,Aston Villa,495,Marc,0,0,0,5,0,0,0,22 Sep 15:00,0,0,53,0,Midfielder,0,0
0,-10,Albrighton,1,0,WBA(H) 1-1,Aston Villa,496,Marc,0,65,8,6,0,0,0,30 Sep 16:00,0,0,53,2,Midfielder,0,0
0,40,Albrighton,1,0,TOT(A) 0-2,Aston Villa,497,Marc,0,65,3,7,0,0,0,07 Oct 15:00,0,0,53,2,Midfielder,0,0
0,9,Albrighton,0,0,FUL(A) 0-1,Aston Villa,498,Marc,0,0,0,8,0,0,0,20 Oct 15:00,0,0,53,0,Midfielder,0,0
0,-5,Albrighton,1,0,NOR(H) 1-1,Aston Villa,499,Marc,0,90,11,9,0,0,0,27 Oct 12:45,0,0,53,2,Midfielder,0,0
0,8,Albrighton,0,0,SUN(A) 1-0,Aston Villa,4910,Marc,0,0,0,10,0,0,0,03 Nov 15:00,0,0,53,0,Midfielder,0,0
0,0,Albrighton,0,0,WIG(H) 0-3,Aston Villa,4920,Marc,0,27,3,20,0,0,0,29 Dec 15:00,0,0,52,1,Midfielder,0,0
0,-4,Albrighton,0,0,QPR(H) 3-2,Aston Villa,4930,Marc,0,0,0,30,0,0,0,16 Mar 15:00,0,0,52,0,Midfielder,0,0
0,0,Essien,0,0,RDG(H) 4-2,Chelsea,781,Michael,0,0,0,1,0,0,0,22 Aug 19:45,0,0,65,0,Midfielder,0,0
0,-1799,Essien,0,0,NEW(H) 2-0,Chelsea,782,Michael,0,0,0,2,0,0,0,25 Aug 17:30,0,0,64,0,Midfielder,0,0
0,-1771,Essien,0,0,QPR(A) 0-0,Chelsea,784,Michael,0,0,0,4,0,0,0,15 Sep 15:00,0,0,63,0,Midfielder,0,0
0,-337,Essien,0,0,STK(H) 1-0,Chelsea,785,Michael,0,0,0,5,0,0,0,22 Sep 15:00,0,0,63,0,Midfielder,0,0
0,-181,Essien,0,0,ARS(A) 2-1,Chelsea,786,Michael,0,0,0,6,0,0,0,29 Sep 12:45,0,0,63,0,Midfielder,0,0
0,-116,Essien,0,0,NOR(H) 4-1,Chelsea,787,Michael,0,0,0,7,0,0,0,06 Oct 15:00,0,0,63,0,Midfielder,0,0
0,-94,Essien,0,0,TOT(A) 4-2,Chelsea,788,Michael,0,0,0,8,0,0,0,20 Oct 12:45,0,0,63,0,Midfielder,0,0
0,-42,Essien,0,0,MUN(H) 2-3,Chelsea,789,Michael,0,0,0,9,0,0,0,28 Oct 16:00,0,0,63,0,Midfielder,0,0
0,-35,Essien,0,0,SWA(A) 1-1,Chelsea,7810,Michael,0,0,0,10,0,0,0,03 Nov 15:00,0,0,63,0,Midfielder,0,0
0,-28,Essien,0,0,LIV(H) 1-1,Chelsea,7811,Michael,0,0,0,11,0,0,0,11 Nov 16:00,0,0,63,0,Midfielder,0,0
0,-32,Essien,0,0,WBA(A) 1-2,Chelsea,7812,Michael,0,0,0,12,0,0,0,17 Nov 15:00,0,0,63,0,Midfielder,0,0
0,-24,Essien,0,0,MCI(H) 0-0,Chelsea,7813,Michael,0,0,0,13,0,0,0,25 Nov 16:00,0,0,63,0,Midfielder,0,0
0,-12,Essien,0,0,FUL(H) 0-0,Chelsea,7814,Michael,0,0,0,14,0,0,0,28 Nov 19:45,0,0,63,0,Midfielder,0,0
0,-7,Essien,0,0,WHU(A) 1-3,Chelsea,7815,Michael,0,0,0,15,0,0,0,01 Dec 12:45,0,0,63,0,Midfielder,0,0
0,-18,Essien,0,0,SUN(A) 3-1,Chelsea,7816,Michael,0,0,0,16,0,0,0,08 Dec 15:00,0,0,63,0,Midfielder,0,0
0,-4,Essien,0,0,AVL(H) 8-0,Chelsea,7818,Michael,0,0,0,18,0,0,0,23 Dec 16:00,0,0,63,0,Midfielder,0,0
0,-10,Essien,0,0,NOR(A) 1-0,Chelsea,7819,Michael,0,0,0,19,0,0,0,26 Dec 15:00,0,0,63,0,Midfielder,0,0
0,-7,Essien,0,0,EVE(A) 2-1,Chelsea,7820,Michael,0,0,0,20,0,0,0,30 Dec 13:30,0,0,63,0,Midfielder,0,0
0,-9,Essien,0,0,QPR(H) 0-1,Chelsea,7821,Michael,0,0,0,21,0,0,0,02 Jan 19:45,0,0,63,0,Midfielder,0,0
0,-14,Essien,0,0,SOU(H) 2-2,Chelsea,7822,Michael,0,0,0,22,0,0,0,16 Jan 19:45,0,0,63,0,Midfielder,0,0
0,-8,Essien,0,0,ARS(H) 2-1,Chelsea,7823,Michael,0,0,0,23,0,0,0,20 Jan 13:30,0,0,63,0,Midfielder,0,0
0,-12,Essien,0,0,RDG(A) 2-2,Chelsea,7824,Michael,0,0,0,24,0,0,0,30 Jan 20:00,0,0,63,0,Midfielder,0,0
0,-3,Essien,0,0,NEW(A) 2-3,Chelsea,7825,Michael,0,0,0,25,0,0,0,02 Feb 15:00,0,0,63,0,Midfielder,0,0
0,-7,Essien,0,0,WIG(H) 4-1,Chelsea,7826,Michael,0,0,0,26,0,0,0,09 Feb 15:00,0,0,63,0,Midfielder,0,0
0,-6,Essien,0,0,MCI(A) 0-2,Chelsea,7827,Michael,0,0,0,27,0,0,0,24 Feb 13:30,0,0,63,0,Midfielder,0,0
0,-4,Essien,0,0,WBA(H) 1-0,Chelsea,7828,Michael,0,0,0,28,0,0,0,02 Mar 15:00,0,0,63,0,Midfielder,0,0
0,-3,Essien,0,0,WHU(H) 2-0,Chelsea,7830,Michael,0,0,0,30,0,0,0,17 Mar 16:00,0,0,63,0,Midfielder,0,0
0,-1,Essien,0,0,SOU(A) 1-2,Chelsea,7831,Michael,0,0,0,31,0,0,0,30 Mar 15:00,0,0,63,0,Midfielder,0,0
0,-2,Essien,0,0,SUN(H) 2-1,Chelsea,7832,Michael,0,0,0,32,0,0,0,07 Apr 15:00,0,0,63,0,Midfielder,0,0
0,-3,Essien,0,0,FUL(A) 3-0,Chelsea,7833,Michael,0,0,0,33,0,0,0,17 Apr 20:00,0,0,63,0,Midfielder,0,0
0,0,Essien,0,0,LIV(A) 2-2,Chelsea,7834,Michael,0,0,0,34,0,0,0,21 Apr 16:00,0,0,63,0,Midfielder,0,0
0,-2,Essien,0,0,SWA(H) 2-0,Chelsea,7835,Michael,0,0,0,35,0,0,0,28 Apr 15:00,0,0,63,0,Midfielder,0,0
0,-1,Essien,0,0,TOT(H) 2-2,Chelsea,7836,Michael,0,0,0,36,0,0,0,08 May 19:45,0,0,63,0,Midfielder,0,0
0,-1,Essien,0,0,AVL(A) 2-1,Chelsea,7837,Michael,0,0,0,37,0,0,0,11 May 12:45,0,0,63,0,Midfielder,0,0
0,3,Essien,0,0,EVE(H) 2-1,Chelsea,7838,Michael,0,0,0,38,0,0,0,19 May 16:00,0,0,63,0,Midfielder,0,0
0,0,Mikel,2,0,RDG(H) 4-2,Chelsea,801,,0,67,12,1,0,0,0,22 Aug 19:45,0,0,45,2,Midfielder,0,0
0,1614,Mikel,0,0,NEW(H) 2-0,Chelsea,802,,0,90,12,2,0,1,0,25 Aug 17:30,0,0,45,3,Midfielder,0,0
0,-795,Mikel,0,0,QPR(A) 0-0,Chelsea,804,,0,90,5,4,0,1,0,15 Sep 15:00,0,0,45,3,Midfielder,0,0
0,-746,Mikel,0,0,STK(H) 1-0,Chelsea,805,,0,80,21,5,1,1,0,22 Sep 15:00,0,0,45,4,Midfielder,0,0
0,470,Mikel,1,0,ARS(A) 2-1,Chelsea,806,,0,90,10,6,0,0,0,29 Sep 12:45,0,0,45,2,Midfielder,0,0
0,2599,Mikel,1,0,NOR(H) 4-1,Chelsea,807,,0,81,12,7,0,0,0,06 Oct 15:00,0,0,45,2,Midfielder,0,0
0,175,Mikel,2,0,TOT(A) 4-2,Chelsea,808,,0,90,15,8,0,0,0,20 Oct 12:45,0,0,45,2,Midfielder,0,0
1,-271,Mikel,3,0,MUN(H) 2-3,Chelsea,809,,0,90,4,9,0,0,0,28 Oct 16:00,0,0,45,1,Midfielder,0,0
0,2637,Mikel,1,0,SWA(A) 1-1,Chelsea,8010,,0,90,15,10,0,0,0,03 Nov 15:00,0,0,45,2,Midfielder,0,0
1,3371,Mikel,1,0,LIV(H) 1-1,Chelsea,8011,,0,90,8,11,0,0,0,11 Nov 16:00,0,0,45,1,Midfielder,0,0
0,534,Mikel,2,0,WBA(A) 1-2,Chelsea,8012,,0,79,2,12,0,0,0,17 Nov 15:00,0,0,45,2,Midfielder,0,0
0,-250,Mikel,0,0,MCI(H) 0-0,Chelsea,8013,,0,78,7,13,0,1,0,25 Nov 16:00,0,0,45,3,Midfielder,0,0
0,69,Mikel,0,0,FUL(H) 0-0,Chelsea,8014,,0,0,0,14,0,0,0,28 Nov 19:45,0,0,45,0,Midfielder,0,0
1,-1944,Mikel,3,0,WHU(A) 1-3,Chelsea,8015,,0,90,6,15,0,0,0,01 Dec 12:45,0,0,45,1,Midfielder,0,0
0,-8600,Mikel,0,0,SUN(A) 3-1,Chelsea,8016,,0,0,0,16,0,0,0,08 Dec 15:00,0,0,45,0,Midfielder,0,0
0,-3961,Mikel,0,0,AVL(H) 8-0,Chelsea,8018,,0,0,0,18,0,0,0,23 Dec 16:00,0,0,44,0,Midfielder,0,0
0,-1008,Mikel,0,0,NOR(A) 1-0,Chelsea,8019,,0,72,11,19,0,1,0,26 Dec 15:00,0,0,44,3,Midfielder,0,0
0,169,Mikel,0,0,EVE(A) 2-1,Chelsea,8020,,0,0,0,20,0,0,0,30 Dec 13:30,0,0,44,0,Midfielder,0,0
0,-920,Mikel,0,0,QPR(H) 0-1,Chelsea,8021,,0,0,0,21,0,0,0,02 Jan 19:45,0,0,44,0,Midfielder,0,0
0,-6486,Mikel,0,0,SOU(H) 2-2,Chelsea,8022,,0,0,0,22,0,0,0,16 Jan 19:45,0,0,44,0,Midfielder,0,0
0,-2937,Mikel,0,0,ARS(H) 2-1,Chelsea,8023,,0,0,0,23,0,0,0,20 Jan 13:30,0,0,44,0,Midfielder,0,0
0,-2191,Mikel,0,0,RDG(A) 2-2,Chelsea,8024,,0,0,0,24,0,0,0,30 Jan 20:00,0,0,44,0,Midfielder,0,0
0,-945,Mikel,0,0,NEW(A) 2-3,Chelsea,8025,,0,0,0,25,0,0,0,02 Feb 15:00,0,0,44,0,Midfielder,0,0
0,-844,Mikel,0,0,WIG(H) 4-1,Chelsea,8026,,0,0,0,26,0,0,0,09 Feb 15:00,0,0,43,0,Midfielder,0,0
0,-243,Mikel,1,0,MCI(A) 0-2,Chelsea,8027,,0,80,5,27,0,0,0,24 Feb 13:30,0,0,43,2,Midfielder,0,0
0,532,Mikel,0,0,WBA(H) 1-0,Chelsea,8028,,0,1,0,28,0,0,0,02 Mar 15:00,0,0,43,1,Midfielder,0,0
0,888,Mikel,0,0,WHU(H) 2-0,Chelsea,8030,,0,6,5,30,0,0,0,17 Mar 16:00,0,0,43,1,Midfielder,0,0
0,251,Mikel,2,0,SOU(A) 1-2,Chelsea,8031,,0,70,-1,31,0,0,0,30 Mar 15:00,0,0,43,2,Midfielder,0,0
0,215,Mikel,1,0,SUN(H) 2-1,Chelsea,8032,,0,90,15,32,0,0,0,07 Apr 15:00,0,0,43,2,Midfielder,0,0
0,130,Mikel,0,0,FUL(A) 3-0,Chelsea,8033,,0,16,3,33,0,0,0,17 Apr 20:00,0,0,43,1,Midfielder,0,0
0,143,Mikel,2,0,LIV(A) 2-2,Chelsea,8034,,0,90,15,34,0,0,0,21 Apr 16:00,0,0,43,2,Midfielder,0,0
0,561,Mikel,0,0,SWA(H) 2-0,Chelsea,8035,,0,0,0,35,0,0,0,28 Apr 15:00,0,0,43,0,Midfielder,0,0
0,64,Mikel,0,0,TOT(H) 2-2,Chelsea,8036,,0,0,0,36,0,0,0,08 May 19:45,0,0,43,0,Midfielder,0,0
0,-494,Mikel,0,0,AVL(A) 2-1,Chelsea,8037,,0,0,0,37,0,0,0,11 May 12:45,0,0,43,0,Midfielder,0,0
0,-192,Mikel,0,0,EVE(H) 2-1,Chelsea,8038,,0,0,0,38,0,0,0,19 May 16:00,0,0,43,0,Midfielder,0,0
0,0,Marin,0,0,RDG(H) 4-2,Chelsea,871,Marko,0,0,0,1,0,0,0,22 Aug 19:45,0,0,70,0,Midfielder,0,0
0,-4273,Marin,0,0,NEW(H) 2-0,Chelsea,872,Marko,0,0,0,2,0,0,0,25 Aug 17:30,0,0,70,0,Midfielder,0,0
0,-1265,Marin,0,0,QPR(A) 0-0,Chelsea,874,Marko,0,0,0,4,0,0,0,15 Sep 15:00,0,0,68,0,Midfielder,0,0
0,-435,Marin,0,0,STK(H) 1-0,Chelsea,875,Marko,0,0,0,5,0,0,0,22 Sep 15:00,0,0,68,0,Midfielder,0,0
0,-221,Marin,0,0,ARS(A) 2-1,Chelsea,876,Marko,0,0,0,6,0,0,0,29 Sep 12:45,0,0,68,0,Midfielder,0,0
0,-142,Marin,0,0,NOR(H) 4-1,Chelsea,877,Marko,0,0,0,7,0,0,0,06 Oct 15:00,0,0,68,0,Midfielder,0,0
0,-210,Marin,0,0,TOT(A) 4-2,Chelsea,878,Marko,0,0,0,8,0,0,0,20 Oct 12:45,0,0,68,0,Midfielder,0,0
0,-144,Marin,0,0,MUN(H) 2-3,Chelsea,879,Marko,0,0,0,9,0,0,0,28 Oct 16:00,0,0,68,0,Midfielder,0,0
0,-82,Marin,0,0,SWA(A) 1-1,Chelsea,8710,Marko,0,0,0,10,0,0,0,03 Nov 15:00,0,0,68,0,Midfielder,0,0
0,-94,Marin,0,0,LIV(H) 1-1,Chelsea,8711,Marko,0,0,0,11,0,0,0,11 Nov 16:00,0,0,68,0,Midfielder,0,0
0,-97,Marin,0,0,WBA(A) 1-2,Chelsea,8712,Marko,0,0,0,12,0,0,0,17 Nov 15:00,0,0,67,0,Midfielder,0,0
0,-56,Marin,0,0,MCI(H) 0-0,Chelsea,8713,Marko,0,0,0,13,0,0,0,25 Nov 16:00,0,0,67,0,Midfielder,0,0
0,-25,Marin,0,0,FUL(H) 0-0,Chelsea,8714,Marko,0,9,-2,14,0,0,0,28 Nov 19:45,0,0,67,1,Midfielder,0,0
0,33,Marin,2,0,WHU(A) 1-3,Chelsea,8715,Marko,0,13,5,15,0,0,0,01 Dec 12:45,0,0,67,1,Midfielder,0,0
0,-56,Marin,0,0,SUN(A) 3-1,Chelsea,8716,Marko,0,0,0,16,0,0,0,08 Dec 15:00,0,0,67,0,Midfielder,0,0
0,-39,Marin,0,0,AVL(H) 8-0,Chelsea,8718,Marko,0,0,0,18,0,0,0,23 Dec 16:00,0,0,67,0,Midfielder,0,0
0,-27,Marin,0,0,NOR(A) 1-0,Chelsea,8719,Marko,0,0,0,19,0,0,0,26 Dec 15:00,0,0,67,0,Midfielder,0,0
0,-24,Marin,0,0,EVE(A) 2-1,Chelsea,8720,Marko,0,0,0,20,0,0,0,30 Dec 13:30,0,0,67,0,Midfielder,0,0
1,-17,Marin,0,0,QPR(H) 0-1,Chelsea,8721,Marko,0,59,-2,21,0,0,0,02 Jan 19:45,0,0,67,0,Midfielder,0,0
0,-36,Marin,0,0,SOU(H) 2-2,Chelsea,8722,Marko,0,0,0,22,0,0,0,16 Jan 19:45,0,0,67,0,Midfielder,0,0
0,-67,Marin,0,0,ARS(H) 2-1,Chelsea,8723,Marko,0,3,0,23,0,0,0,20 Jan 13:30,0,0,67,1,Midfielder,0,0
0,-15,Marin,0,0,RDG(A) 2-2,Chelsea,8724,Marko,0,0,0,24,0,0,0,30 Jan 20:00,0,0,67,0,Midfielder,0,0
0,-19,Marin,0,0,NEW(A) 2-3,Chelsea,8725,Marko,0,0,0,25,0,0,0,02 Feb 15:00,0,0,67,0,Midfielder,0,0
1,-34,Marin,0,0,WIG(H) 4-1,Chelsea,8726,Marko,0,1,16,26,0,0,0,09 Feb 15:00,0,0,67,5,Midfielder,0,1
0,-4,Marin,0,0,MCI(A) 0-2,Chelsea,8727,Marko,0,0,0,27,0,0,0,24 Feb 13:30,0,0,67,0,Midfielder,0,0
0,-13,Marin,0,0,WBA(H) 1-0,Chelsea,8728,Marko,0,0,0,28,0,0,0,02 Mar 15:00,0,0,67,0,Midfielder,0,0
0,-6,Marin,0,0,WHU(H) 2-0,Chelsea,8730,Marko,0,0,0,30,0,0,0,17 Mar 16:00,0,0,67,0,Midfielder,0,0
0,-4,Marin,2,0,SOU(A) 1-2,Chelsea,8731,Marko,0,59,5,31,0,0,1,30 Mar 15:00,0,0,67,4,Midfielder,0,0
0,10,Marin,0,0,SUN(H) 2-1,Chelsea,8732,Marko,0,0,0,32,0,0,0,07 Apr 15:00,0,0,66,0,Midfielder,0,0
0,-6,Marin,0,0,FUL(A) 3-0,Chelsea,8733,Marko,0,0,0,33,0,0,0,17 Apr 20:00,0,0,66,0,Midfielder,0,0
0,-9,Marin,0,0,LIV(A) 2-2,Chelsea,8734,Marko,0,0,0,34,0,0,0,21 Apr 16:00,0,0,66,0,Midfielder,0,0
0,-15,Marin,0,0,SWA(H) 2-0,Chelsea,8735,Marko,0,0,0,35,0,0,0,28 Apr 15:00,0,0,66,0,Midfielder,0,0
0,-15,Marin,0,0,TOT(H) 2-2,Chelsea,8736,Marko,0,0,0,36,0,0,0,08 May 19:45,0,0,66,0,Midfielder,0,0
0,-11,Marin,0,0,AVL(A) 2-1,Chelsea,8737,Marko,0,0,0,37,0,0,0,11 May 12:45,0,0,66,0,Midfielder,0,0
0,3,Marin,0,0,EVE(H) 2-1,Chelsea,8738,Marko,0,0,0,38,0,0,0,19 May 16:00,0,0,66,0,Midfielder,0,0
0,0,Fellaini,0,0,MUN(H) 1-0,Everton,1051,Marouane,0,90,26,1,2,1,0,20 Aug 20:00,0,0,65,10,Midfielder,0,1
0,97382,Fellaini,1,0,AVL(A) 3-1,Everton,1052,Marouane,0,90,31,2,1,0,0,25 Aug 15:00,0,0,66,8,Midfielder,0,1
1,210005,Fellaini,2,0,WBA(A) 0-2,Everton,1053,Marouane,0,90,-12,3,0,0,0,01 Sep 15:00,0,0,69,1,Midfielder,0,0
1,11232,Fellaini,2,0,NEW(H) 2-2,Everton,1054,Marouane,0,90,12,4,0,0,0,17 Sep 20:00,0,0,69,1,Midfielder,0,0
0,-8424,Fellaini,0,0,SWA(A) 3-0,Everton,1055,Marouane,0,84,27,5,1,1,1,22 Sep 12:45,0,0,69,12,Midfielder,0,1
0,210514,Fellaini,1,0,SOU(H) 3-1,Everton,1056,Marouane,0,90,21,6,0,0,0,29 Sep 15:00,0,0,72,2,Midfielder,0,0
1,40322,Fellaini,2,0,WIG(A) 2-2,Everton,1057,Marouane,0,90,13,7,0,0,0,06 Oct 15:00,0,0,73,1,Midfielder,0,0
0,-205925,Fellaini,0,0,QPR(A) 1-1,Everton,1058,Marouane,0,0,0,8,0,0,0,21 Oct 16:00,0,0,72,0,Midfielder,0,0
0,-117317,Fellaini,2,0,LIV(H) 2-2,Everton,1059,Marouane,0,90,8,9,0,0,1,28 Oct 13:30,0,0,70,5,Midfielder,0,0
0,43244,Fellaini,2,0,FUL(A) 2-2,Everton,10510,Marouane,0,90,43,10,3,0,0,03 Nov 15:00,0,0,70,15,Midfielder,0,2
0,215311,Fellaini,1,0,SUN(H) 2-1,Everton,10511,Marouane,0,90,36,11,3,0,1,10 Nov 15:00,0,0,73,13,Midfielder,0,1
1,212572,Fellaini,2,0,RDG(A) 1-2,Everton,10512,Marouane,0,90,12,12,0,0,1,17 Nov 15:00,0,0,76,4,Midfielder,0,0
0,-133523,Fellaini,0,0,NOR(H) 1-1,Everton,10513,Marouane,0,0,0,13,0,0,0,24 Nov 15:00,0,0,76,0,Midfielder,0,0
0,40861,Fellaini,1,0,ARS(H) 1-1,Everton,10514,Marouane,0,90,37,14,3,0,0,28 Nov 19:45,0,0,76,10,Midfielder,0,1
1,63766,Fellaini,1,0,MCI(A) 1-1,Everton,10515,Marouane,0,90,34,15,3,0,0,01 Dec 15:00,0,0,76,9,Midfielder,0,1
0,136374,Fellaini,1,0,TOT(H) 2-1,Everton,10516,Marouane,0,90,12,16,0,0,0,09 Dec 15:00,0,0,78,2,Midfielder,0,0
0,58313,Fellaini,1,0,STK(A) 1-1,Everton,10517,Marouane,0,90,10,17,0,0,0,15 Dec 15:00,0,0,79,2,Midfielder,0,0
0,-420036,Fellaini,0,0,WHU(A) 2-1,Everton,10518,Marouane,0,0,0,18,0,0,0,22 Dec 15:00,0,0,76,0,Midfielder,0,0
0,-97685,Fellaini,0,0,WIG(H) 2-1,Everton,10519,Marouane,0,0,0,19,0,0,0,26 Dec 15:00,0,0,75,0,Midfielder,0,0
0,-46740,Fellaini,0,0,CHE(H) 1-2,Everton,10520,Marouane,0,0,0,20,0,0,0,30 Dec 13:30,0,0,74,0,Midfielder,0,0
0,65026,Fellaini,1,0,NEW(A) 2-1,Everton,10521,Marouane,0,90,19,21,0,0,1,02 Jan 20:00,0,0,74,5,Midfielder,0,0
0,170541,Fellaini,0,0,SWA(H) 0-0,Everton,10522,Marouane,0,90,19,22,3,1,0,12 Jan 15:00,0,0,75,6,Midfielder,0,0
0,48419,Fellaini,0,0,SOU(A) 0-0,Everton,10523,Marouane,0,90,19,23,2,1,0,21 Jan 20:00,0,0,76,5,Midfielder,0,0
0,39000,Fellaini,1,0,WBA(H) 2-1,Everton,10524,Marouane,0,90,0,24,0,0,0,30 Jan 19:45,0,0,77,2,Midfielder,0,0
0,9832,Fellaini,3,0,AVL(H) 3-3,Everton,10525,Marouane,0,90,44,25,3,0,0,02 Feb 15:00,0,0,77,15,Midfielder,0,2
1,-51261,Fellaini,2,0,MUN(A) 0-2,Everton,10526,Marouane,0,90,9,26,0,0,0,10 Feb 16:00,0,0,77,1,Midfielder,0,0
0,38295,Fellaini,2,0,NOR(A) 1-2,Everton,10527,Marouane,0,90,-4,27,0,0,0,23 Feb 15:00,0,0,78,2,Midfielder,0,0
0,-59759,Fellaini,1,0,RDG(H) 3-1,Everton,10528,Marouane,0,90,38,28,2,0,1,02 Mar 15:00,0,0,77,12,Midfielder,0,1
1,2969,Fellaini,0,0,MCI(H) 2-0,Everton,10530,Marouane,0,90,25,30,2,1,1,16 Mar 12:45,0,0,76,7,Midfielder,0,0
0,-154770,Fellaini,0,0,STK(H) 1-0,Everton,10531,Marouane,0,0,0,31,0,0,0,30 Mar 17:30,0,0,74,0,Midfielder,0,0
0,-43987,Fellaini,0,0,TOT(A) 2-2,Everton,10532,Marouane,0,0,0,32,0,0,0,07 Apr 14:05,0,0,74,0,Midfielder,0,0
0,204361,Fellaini,0,0,ARS(A) 0-0,Everton,10533,Marouane,0,90,11,33,0,1,0,16 Apr 19:45,0,0,74,3,Midfielder,0,0
0,18494,Fellaini,1,0,SUN(A) 0-1,Everton,10534,Marouane,0,90,12,34,0,0,0,20 Apr 15:00,0,0,74,2,Midfielder,0,0
0,-15021,Fellaini,0,0,FUL(H) 1-0,Everton,10535,Marouane,0,90,-10,35,0,1,0,27 Apr 15:00,0,0,74,3,Midfielder,0,0
0,-91379,Fellaini,0,0,LIV(A) 0-0,Everton,10536,Marouane,0,90,1,36,0,1,0,05 May 13:30,0,0,72,3,Midfielder,0,0
0,55636,Fellaini,0,0,WHU(H) 2-0,Everton,10537,Marouane,0,90,11,37,0,1,0,12 May 15:00,0,0,73,3,Midfielder,0,0
0,-26507,Fellaini,2,0,CHE(A) 1-2,Everton,10538,Marouane,0,90,7,38,0,0,0,19 May 16:00,0,0,73,2,Midfielder,0,0
0,0,Gueye,0,0,MUN(H) 1-0,Everton,1111,Magaye,0,0,0,1,0,0,0,20 Aug 20:00,0,0,50,0,Forward,0,0
0,-155,Gueye,0,0,AVL(A) 3-1,Everton,1112,Magaye,0,0,0,2,0,0,0,25 Aug 15:00,0,0,50,0,Forward,0,0
0,-170,Gueye,0,0,WBA(A) 0-2,Everton,1113,Magaye,0,0,0,3,0,0,0,01 Sep 15:00,0,0,49,0,Forward,0,0
0,-90,Gueye,0,0,NEW(H) 2-2,Everton,1114,Magaye,0,0,0,4,0,0,0,17 Sep 20:00,0,0,48,0,Forward,0,0
0,-53,Gueye,0,0,SWA(A) 3-0,Everton,1115,Magaye,0,6,1,5,0,0,0,22 Sep 12:45,0,0,48,1,Forward,0,0
0,-34,Gueye,0,0,SOU(H) 3-1,Everton,1116,Magaye,0,0,0,6,0,0,0,29 Sep 15:00,0,0,48,0,Forward,0,0
0,-24,Gueye,0,0,WIG(A) 2-2,Everton,1117,Magaye,0,0,0,7,0,0,0,06 Oct 15:00,0,0,48,0,Forward,0,0
0,-15,Gueye,0,0,QPR(A) 1-1,Everton,1118,Magaye,0,0,0,8,0,0,0,21 Oct 16:00,0,0,48,0,Forward,0,0
0,-5,Gueye,0,0,LIV(H) 2-2,Everton,1119,Magaye,0,45,3,9,0,0,0,28 Oct 13:30,0,0,48,1,Forward,0,0
0,-13,Gueye,0,0,FUL(A) 2-2,Everton,11110,Magaye,0,0,0,10,0,0,0,03 Nov 15:00,0,0,47,0,Forward,0,0
0,-26,Gueye,0,0,SUN(H) 2-1,Everton,11111,Magaye,0,0,0,11,0,0,0,10 Nov 15:00,0,0,47,0,Forward,0,0
0,-10,Gueye,0,0,RDG(A) 1-2,Everton,11112,Magaye,0,0,0,12,0,0,0,17 Nov 15:00,0,0,47,0,Forward,0,0
0,-20,Gueye,0,0,NOR(H) 1-1,Everton,11113,Magaye,0,0,0,13,0,0,0,24 Nov 15:00,0,0,47,0,Forward,0,0
0,-4,Gueye,0,0,ARS(H) 1-1,Everton,11114,Magaye,0,0,0,14,0,0,0,28 Nov 19:45,0,0,47,0,Forward,0,0
0,-13,Gueye,0,0,MCI(A) 1-1,Everton,11115,Magaye,0,0,0,15,0,0,0,01 Dec 15:00,0,0,47,0,Forward,0,0
0,-17,Gueye,0,0,TOT(H) 2-1,Everton,11116,Magaye,0,0,0,16,0,0,0,09 Dec 15:00,0,0,46,0,Forward,0,0
0,6,Gueye,0,0,STK(A) 1-1,Everton,11117,Magaye,0,0,0,17,0,0,0,15 Dec 15:00,0,0,46,0,Forward,0,0
0,5,Gueye,0,0,WHU(A) 2-1,Everton,11118,Magaye,0,0,0,18,0,0,0,22 Dec 15:00,0,0,46,0,Forward,0,0
0,-3,Gueye,0,0,WIG(H) 2-1,Everton,11119,Magaye,0,0,0,19,0,0,0,26 Dec 15:00,0,0,46,0,Forward,0,0
0,-16,Gueye,0,0,CHE(H) 1-2,Everton,11120,Magaye,0,0,0,20,0,0,0,30 Dec 13:30,0,0,46,0,Forward,0,0
0,1,Gueye,0,0,NEW(A) 2-1,Everton,11121,Magaye,0,0,0,21,0,0,0,02 Jan 20:00,0,0,46,0,Forward,0,0
0,-12,Gueye,0,0,SWA(H) 0-0,Everton,11122,Magaye,0,0,0,22,0,0,0,12 Jan 15:00,0,0,46,0,Forward,0,0
0,-9,Gueye,0,0,SOU(A) 0-0,Everton,11123,Magaye,0,0,0,23,0,0,0,21 Jan 20:00,0,0,46,0,Forward,0,0
0,-1,Gueye,0,0,WBA(H) 2-1,Everton,11124,Magaye,0,0,0,24,0,0,0,30 Jan 19:45,0,0,46,0,Forward,0,0
0,-14,Gueye,0,0,AVL(H) 3-3,Everton,11125,Magaye,0,0,0,25,0,0,0,02 Feb 15:00,0,0,46,0,Forward,0,0
0,-27,Gueye,0,0,MUN(A) 0-2,Everton,11126,Magaye,0,0,0,26,0,0,0,10 Feb 16:00,0,0,46,0,Forward,0,0
0,-24,Gueye,0,0,NOR(A) 1-2,Everton,11127,Magaye,0,0,0,27,0,0,0,23 Feb 15:00,0,0,46,0,Forward,0,0
0,-8,Gueye,0,0,RDG(H) 3-1,Everton,11128,Magaye,0,0,0,28,0,0,0,02 Mar 15:00,0,0,46,0,Forward,0,0
0,-9,Gueye,0,0,MCI(H) 2-0,Everton,11130,Magaye,0,0,0,30,0,0,0,16 Mar 12:45,0,0,46,0,Forward,0,0
0,-2,Gueye,0,0,STK(H) 1-0,Everton,11131,Magaye,0,0,0,31,0,0,0,30 Mar 17:30,0,0,46,0,Forward,0,0
0,-2,Gueye,0,0,TOT(A) 2-2,Everton,11132,Magaye,0,0,0,32,0,0,0,07 Apr 14:05,0,0,46,0,Forward,0,0
0,-6,Gueye,0,0,ARS(A) 0-0,Everton,11133,Magaye,0,0,0,33,0,0,0,16 Apr 19:45,0,0,46,0,Forward,0,0
0,-1,Gueye,0,0,SUN(A) 0-1,Everton,11134,Magaye,0,0,0,34,0,0,0,20 Apr 15:00,0,0,46,0,Forward,0,0
0,-4,Gueye,0,0,FUL(H) 1-0,Everton,11135,Magaye,0,0,0,35,0,0,0,27 Apr 15:00,0,0,46,0,Forward,0,0
0,0,Gueye,0,0,LIV(A) 0-0,Everton,11136,Magaye,0,0,0,36,0,0,0,05 May 13:30,0,0,46,0,Forward,0,0
0,-2,Gueye,0,0,WHU(H) 2-0,Everton,11137,Magaye,0,0,0,37,0,0,0,12 May 15:00,0,0,46,0,Forward,0,0
0,-1,Gueye,0,0,CHE(A) 1-2,Everton,11138,Magaye,0,0,0,38,0,0,0,19 May 16:00,0,0,46,0,Forward,0,0
0,0,Schwarzer,0,2,NOR(H) 5-0,Fulham,1181,Mark,0,90,19,1,0,1,0,18 Aug 15:00,0,0,50,6,Goalkeeper,0,0
0,555,Schwarzer,3,4,MUN(A) 2-3,Fulham,1182,Mark,0,90,4,2,0,0,0,25 Aug 15:00,0,0,50,2,Goalkeeper,0,0
0,4841,Schwarzer,3,3,WHU(A) 0-3,Fulham,1183,Mark,0,90,4,3,0,0,0,01 Sep 12:45,0,0,50,2,Goalkeeper,0,0
0,-227,Schwarzer,0,7,WBA(H) 3-0,Fulham,1184,Mark,0,90,21,4,0,1,0,15 Sep 15:00,0,0,50,8,Goalkeeper,0,0
0,9773,Schwarzer,1,4,WIG(A) 2-1,Fulham,1185,Mark,0,90,17,5,0,0,0,22 Sep 15:00,0,0,50,3,Goalkeeper,0,0
0,3769,Schwarzer,2,6,MCI(H) 1-2,Fulham,1186,Mark,0,90,6,6,0,0,0,29 Sep 15:00,0,0,50,3,Goalkeeper,0,0
0,11249,Schwarzer,2,2,SOU(A) 2-2,Fulham,1187,Mark,0,90,6,7,0,0,0,07 Oct 13:30,0,0,50,1,Goalkeeper,0,0
0,8102,Schwarzer,0,2,AVL(H) 1-0,Fulham,1188,Mark,0,90,18,8,0,1,0,20 Oct 15:00,0,0,50,6,Goalkeeper,0,0
0,4312,Schwarzer,3,5,RDG(A) 3-3,Fulham,1189,Mark,0,90,10,9,0,0,0,27 Oct 15:00,0,0,51,2,Goalkeeper,0,0
0,259,Schwarzer,2,6,EVE(H) 2-2,Fulham,11810,Mark,0,90,12,10,0,0,0,03 Nov 15:00,0,0,51,3,Goalkeeper,0,0
0,-2507,Schwarzer,3,2,ARS(A) 3-3,Fulham,11811,Mark,0,90,6,11,0,0,0,10 Nov 15:00,1,0,51,6,Goalkeeper,0,0
0,6880,Schwarzer,3,4,SUN(H) 1-3,Fulham,11812,Mark,0,90,6,12,0,0,0,18 Nov 16:00,0,0,51,2,Goalkeeper,0,0
0,-26,Schwarzer,1,1,STK(A) 0-1,Fulham,11813,Mark,0,90,4,13,0,0,0,24 Nov 15:00,0,0,51,2,Goalkeeper,0,0
0,-2072,Schwarzer,0,2,CHE(A) 0-0,Fulham,11814,Mark,0,90,10,14,0,1,0,28 Nov 19:45,0,0,51,6,Goalkeeper,0,0
0,4830,Schwarzer,3,3,TOT(H) 0-3,Fulham,11815,Mark,0,90,4,15,0,0,0,01 Dec 15:00,0,0,51,2,Goalkeeper,0,0
0,821,Schwarzer,1,6,NEW(H) 2-1,Fulham,11816,Mark,0,90,21,16,0,0,0,10 Dec 20:00,0,0,51,4,Goalkeeper,0,0
0,5595,Schwarzer,2,4,QPR(A) 1-2,Fulham,11817,Mark,0,90,5,17,0,0,0,15 Dec 15:00,0,0,51,2,Goalkeeper,0,0
0,223,Schwarzer,4,5,LIV(A) 0-4,Fulham,11818,Mark,0,90,7,18,0,0,0,22 Dec 17:30,0,0,51,1,Goalkeeper,0,0
0,3761,Schwarzer,1,2,SOU(H) 1-1,Fulham,11819,Mark,0,90,8,19,0,0,0,26 Dec 15:00,0,0,51,2,Goalkeeper,0,0
0,-2534,Schwarzer,0,0,SWA(H) 1-2,Fulham,11820,Mark,0,0,0,20,0,0,0,29 Dec 15:00,0,0,51,0,Goalkeeper,0,0
0,-9503,Schwarzer,0,0,WBA(A) 2-1,Fulham,11821,Mark,0,0,0,21,0,0,0,01 Jan 12:45,0,0,51,0,Goalkeeper,0,0
0,-24071,Schwarzer,1,5,WIG(H) 1-1,Fulham,11822,Mark,0,90,12,22,0,0,0,12 Jan 15:00,0,0,51,3,Goalkeeper,0,0
0,-7055,Schwarzer,2,5,MCI(A) 0-2,Fulham,11823,Mark,0,90,6,23,0,0,0,19 Jan 15:00,0,0,51,2,Goalkeeper,0,0
0,-3940,Schwarzer,1,3,WHU(H) 3-1,Fulham,11824,Mark,0,90,18,24,0,0,0,30 Jan 20:00,0,0,51,3,Goalkeeper,0,0
0,-3852,Schwarzer,1,4,MUN(H) 0-1,Fulham,11825,Mark,0,90,6,25,0,0,0,02 Feb 17:30,0,0,51,3,Goalkeeper,0,0
0,-841,Schwarzer,0,4,NOR(A) 0-0,Fulham,11826,Mark,0,90,14,26,0,1,0,09 Feb 15:00,0,0,51,7,Goalkeeper,0,0
0,1499,Schwarzer,0,1,STK(H) 1-0,Fulham,11827,Mark,0,90,18,27,1,1,0,23 Feb 12:45,1,0,51,12,Goalkeeper,0,0
0,3259,Schwarzer,2,3,SUN(A) 2-2,Fulham,11828,Mark,0,90,7,28,0,0,0,02 Mar 15:00,0,0,51,2,Goalkeeper,0,0
0,952,Schwarzer,0,3,TOT(A) 1-0,Fulham,11830,Mark,0,90,18,30,0,1,0,17 Mar 15:00,0,0,51,7,Goalkeeper,0,0
0,7521,Schwarzer,2,4,QPR(H) 3-2,Fulham,11831,Mark,0,90,17,31,0,0,0,01 Apr 20:00,1,0,51,7,Goalkeeper,0,0
0,3370,Schwarzer,1,5,NEW(A) 0-1,Fulham,11832,Mark,0,90,6,32,0,0,0,07 Apr 15:00,0,0,51,3,Goalkeeper,0,0
0,8148,Schwarzer,3,3,CHE(H) 0-3,Fulham,11833,Mark,0,90,5,33,0,0,0,17 Apr 20:00,0,0,51,2,Goalkeeper,0,0
0,-851,Schwarzer,1,2,ARS(H) 0-1,Fulham,11834,Mark,0,90,4,34,0,0,0,20 Apr 15:00,0,0,51,2,Goalkeeper,0,0
0,-1403,Schwarzer,1,3,EVE(A) 0-1,Fulham,11835,Mark,0,90,9,35,0,0,0,27 Apr 15:00,0,0,51,3,Goalkeeper,0,0
0,-1578,Schwarzer,4,5,RDG(H) 2-4,Fulham,11836,Mark,0,90,6,36,0,0,0,04 May 15:00,0,0,51,1,Goalkeeper,0,0
0,-959,Schwarzer,3,5,LIV(H) 1-3,Fulham,11837,Mark,0,90,6,37,0,0,0,12 May 15:00,0,0,51,2,Goalkeeper,0,0
0,-1074,Schwarzer,0,10,SWA(A) 3-0,Fulham,11838,Mark,0,90,23,38,1,1,0,19 May 16:00,0,0,51,10,Goalkeeper,0,0
0,0,Briggs,0,0,NOR(H) 5-0,Fulham,1201,Matthew,0,0,0,1,0,0,0,18 Aug 15:00,0,0,40,0,Defender,0,0
0,-251,Briggs,3,0,MUN(A) 2-3,Fulham,1202,Matthew,0,90,10,2,0,0,1,25 Aug 15:00,0,0,40,4,Defender,0,0
0,11741,Briggs,0,0,WHU(A) 0-3,Fulham,1203,Matthew,0,0,0,3,0,0,0,01 Sep 12:45,0,0,40,0,Defender,0,0
0,2441,Briggs,0,0,WBA(H) 3-0,Fulham,1204,Matthew,0,0,0,4,0,0,0,15 Sep 15:00,0,0,40,0,Defender,0,0
0,-1275,Briggs,1,0,WIG(A) 2-1,Fulham,1205,Matthew,0,3,0,5,0,0,0,22 Sep 15:00,0,0,40,1,Defender,0,0
0,-1162,Briggs,0,0,MCI(H) 1-2,Fulham,1206,Matthew,0,0,0,6,0,0,0,29 Sep 15:00,0,0,40,0,Defender,0,0
0,-664,Briggs,0,0,SOU(A) 2-2,Fulham,1207,Matthew,0,0,0,7,0,0,0,07 Oct 13:30,0,0,40,0,Defender,0,0
0,-801,Briggs,0,0,AVL(H) 1-0,Fulham,1208,Matthew,0,0,0,8,0,0,0,20 Oct 15:00,0,0,40,0,Defender,0,0
0,-1147,Briggs,0,0,RDG(A) 3-3,Fulham,1209,Matthew,0,0,0,9,0,0,0,27 Oct 15:00,0,0,40,0,Defender,0,0
0,-2168,Briggs,0,0,EVE(H) 2-2,Fulham,12010,Matthew,0,0,0,10,0,0,0,03 Nov 15:00,0,0,40,0,Defender,0,0
0,-1205,Briggs,0,0,ARS(A) 3-3,Fulham,12011,Matthew,0,0,0,11,0,0,0,10 Nov 15:00,0,0,40,0,Defender,0,0
0,-1000,Briggs,0,0,SUN(H) 1-3,Fulham,12012,Matthew,0,0,0,12,0,0,0,18 Nov 16:00,0,0,39,0,Defender,0,0
0,-702,Briggs,0,0,STK(A) 0-1,Fulham,12013,Matthew,0,0,0,13,0,0,0,24 Nov 15:00,0,0,39,0,Defender,0,0
0,-390,Briggs,0,0,CHE(A) 0-0,Fulham,12014,Matthew,0,0,0,14,0,0,0,28 Nov 19:45,0,0,39,0,Defender,0,0
0,-427,Briggs,0,0,TOT(H) 0-3,Fulham,12015,Matthew,0,0,0,15,0,0,0,01 Dec 15:00,0,0,39,0,Defender,0,0
0,-591,Briggs,0,0,NEW(H) 2-1,Fulham,12016,Matthew,0,0,0,16,0,0,0,10 Dec 20:00,0,0,39,0,Defender,0,0
0,-477,Briggs,0,0,QPR(A) 1-2,Fulham,12017,Matthew,0,0,0,17,0,0,0,15 Dec 15:00,0,0,39,0,Defender,0,0
0,-276,Briggs,0,0,LIV(A) 0-4,Fulham,12018,Matthew,0,0,0,18,0,0,0,22 Dec 17:30,0,0,39,0,Defender,0,0
0,-93,Briggs,0,0,SOU(H) 1-1,Fulham,12019,Matthew,0,0,0,19,0,0,0,26 Dec 15:00,0,0,39,0,Defender,0,0
0,-145,Briggs,2,0,SWA(H) 1-2,Fulham,12020,Matthew,0,90,10,20,0,0,0,29 Dec 15:00,0,0,39,1,Defender,0,0
0,8,Briggs,1,0,WBA(A) 2-1,Fulham,12021,Matthew,0,90,14,21,0,0,0,01 Jan 12:45,0,0,39,2,Defender,0,0
0,437,Briggs,0,0,WIG(H) 1-1,Fulham,12022,Matthew,0,0,0,22,0,0,0,12 Jan 15:00,0,0,39,0,Defender,0,0
0,-328,Briggs,1,0,MCI(A) 0-2,Fulham,12023,Matthew,0,24,1,23,0,0,0,19 Jan 15:00,0,0,39,1,Defender,0,0
0,-247,Briggs,0,0,WHU(H) 3-1,Fulham,12024,Matthew,0,0,0,24,0,0,0,30 Jan 20:00,0,0,39,0,Defender,0,0
0,-257,Briggs,0,0,MUN(H) 0-1,Fulham,12025,Matthew,0,0,0,25,0,0,0,02 Feb 17:30,0,0,39,0,Defender,0,0
0,-110,Briggs,0,0,NOR(A) 0-0,Fulham,12026,Matthew,0,0,0,26,0,0,0,09 Feb 15:00,0,0,39,0,Defender,0,0
0,-191,Briggs,0,0,STK(H) 1-0,Fulham,12027,Matthew,0,0,0,27,0,0,0,23 Feb 12:45,0,0,39,0,Defender,0,0
0,-149,Briggs,0,0,SUN(A) 2-2,Fulham,12028,Matthew,0,0,0,28,0,0,0,02 Mar 15:00,0,0,39,0,Defender,0,0
0,-169,Briggs,0,0,TOT(A) 1-0,Fulham,12030,Matthew,0,0,0,30,0,0,0,17 Mar 15:00,0,0,39,0,Defender,0,0
0,-173,Briggs,0,0,QPR(H) 3-2,Fulham,12031,Matthew,0,0,0,31,0,0,0,01 Apr 20:00,0,0,39,0,Defender,0,0
0,-99,Briggs,0,0,NEW(A) 0-1,Fulham,12032,Matthew,0,0,0,32,0,0,0,07 Apr 15:00,0,0,39,0,Defender,0,0
0,-110,Briggs,0,0,CHE(H) 0-3,Fulham,12033,Matthew,0,0,0,33,0,0,0,17 Apr 20:00,0,0,39,0,Defender,0,0
0,-54,Briggs,0,0,ARS(H) 0-1,Fulham,12034,Matthew,0,0,0,34,0,0,0,20 Apr 15:00,0,0,39,0,Defender,0,0
0,-68,Briggs,0,0,EVE(A) 0-1,Fulham,12035,Matthew,0,0,0,35,0,0,0,27 Apr 15:00,0,0,39,0,Defender,0,0
0,-52,Briggs,0,0,RDG(H) 2-4,Fulham,12036,Matthew,0,0,0,36,0,0,0,04 May 15:00,0,0,39,0,Defender,0,0
0,-22,Briggs,0,0,LIV(H) 1-3,Fulham,12037,Matthew,0,0,0,37,0,0,0,12 May 15:00,0,0,39,0,Defender,0,0
0,-24,Briggs,0,0,SWA(A) 3-0,Fulham,12038,Matthew,0,0,0,38,0,0,0,19 May 16:00,0,0,39,0,Defender,0,0
0,0,Gecov,0,0,NOR(H) 5-0,Fulham,1341,Marcel,0,0,0,1,0,0,0,18 Aug 15:00,0,0,45,0,Midfielder,0,0
0,-3,Gecov,0,0,MUN(A) 2-3,Fulham,1342,Marcel,0,0,0,2,0,0,0,25 Aug 15:00,0,0,45,0,Midfielder,0,0
0,-3,Gecov,0,0,WHU(A) 0-3,Fulham,1343,Marcel,0,0,0,3,0,0,0,01 Sep 12:45,0,0,45,0,Midfielder,0,0
0,-2,Gecov,0,0,WBA(H) 3-0,Fulham,1344,Marcel,0,0,0,4,0,0,0,15 Sep 15:00,0,0,45,0,Midfielder,0,0
0,0,Gecov,0,0,WIG(A) 2-1,Fulham,1345,Marcel,0,0,0,5,0,0,0,22 Sep 15:00,0,0,45,0,Midfielder,0,0
0,0,Gecov,0,0,MCI(H) 1-2,Fulham,1346,Marcel,0,0,0,6,0,0,0,29 Sep 15:00,0,0,45,0,Midfielder,0,0
0,0,Gecov,0,0,SOU(A) 2-2,Fulham,1347,Marcel,0,0,0,7,0,0,0,07 Oct 13:30,0,0,45,0,Midfielder,0,0
0,-1,Gecov,0,0,AVL(H) 1-0,Fulham,1348,Marcel,0,0,0,8,0,0,0,20 Oct 15:00,0,0,45,0,Midfielder,0,0
0,0,Gecov,0,0,RDG(A) 3-3,Fulham,1349,Marcel,0,0,0,9,0,0,0,27 Oct 15:00,0,0,45,0,Midfielder,0,0
0,1,Gecov,0,0,EVE(H) 2-2,Fulham,13410,Marcel,0,0,0,10,0,0,0,03 Nov 15:00,0,0,45,0,Midfielder,0,0
0,0,Gecov,0,0,ARS(A) 3-3,Fulham,13411,Marcel,0,0,0,11,0,0,0,10 Nov 15:00,0,0,45,0,Midfielder,0,0
0,0,Gecov,0,0,SUN(H) 1-3,Fulham,13412,Marcel,0,0,0,12,0,0,0,18 Nov 16:00,0,0,45,0,Midfielder,0,0
0,-1,Gecov,0,0,STK(A) 0-1,Fulham,13413,Marcel,0,0,0,13,0,0,0,24 Nov 15:00,0,0,45,0,Midfielder,0,0
0,0,Gecov,0,0,CHE(A) 0-0,Fulham,13414,Marcel,0,0,0,14,0,0,0,28 Nov 19:45,0,0,45,0,Midfielder,0,0
0,0,Gecov,0,0,TOT(H) 0-3,Fulham,13415,Marcel,0,0,0,15,0,0,0,01 Dec 15:00,0,0,45,0,Midfielder,0,0
0,0,Gecov,0,0,NEW(H) 2-1,Fulham,13416,Marcel,0,0,0,16,0,0,0,10 Dec 20:00,0,0,45,0,Midfielder,0,0
0,-1,Gecov,0,0,QPR(A) 1-2,Fulham,13417,Marcel,0,0,0,17,0,0,0,15 Dec 15:00,0,0,45,0,Midfielder,0,0
0,-1,Gecov,0,0,LIV(A) 0-4,Fulham,13418,Marcel,0,0,0,18,0,0,0,22 Dec 17:30,0,0,45,0,Midfielder,0,0
0,0,Gecov,0,0,SOU(H) 1-1,Fulham,13419,Marcel,0,0,0,19,0,0,0,26 Dec 15:00,0,0,45,0,Midfielder,0,0
0,0,Gecov,0,0,SWA(H) 1-2,Fulham,13420,Marcel,0,0,0,20,0,0,0,29 Dec 15:00,0,0,45,0,Midfielder,0,0
0,-1,Gecov,0,0,WBA(A) 2-1,Fulham,13421,Marcel,0,0,0,21,0,0,0,01 Jan 12:45,0,0,45,0,Midfielder,0,0
0,1,Gecov,0,0,WIG(H) 1-1,Fulham,13422,Marcel,0,0,0,22,0,0,0,12 Jan 15:00,0,0,45,0,Midfielder,0,0
0,-1,Gecov,0,0,MCI(A) 0-2,Fulham,13423,Marcel,0,0,0,23,0,0,0,19 Jan 15:00,0,0,45,0,Midfielder,0,0
0,0,Gecov,0,0,WHU(H) 3-1,Fulham,13424,Marcel,0,0,0,24,0,0,0,30 Jan 20:00,0,0,45,0,Midfielder,0,0
0,-1,Gecov,0,0,MUN(H) 0-1,Fulham,13425,Marcel,0,0,0,25,0,0,0,02 Feb 17:30,0,0,45,0,Midfielder,0,0
0,0,Gecov,0,0,NOR(A) 0-0,Fulham,13426,Marcel,0,0,0,26,0,0,0,09 Feb 15:00,0,0,45,0,Midfielder,0,0
0,0,Gecov,0,0,STK(H) 1-0,Fulham,13427,Marcel,0,0,0,27,0,0,0,23 Feb 12:45,0,0,45,0,Midfielder,0,0
0,-2,Gecov,0,0,SUN(A) 2-2,Fulham,13428,Marcel,0,0,0,28,0,0,0,02 Mar 15:00,0,0,45,0,Midfielder,0,0
0,0,Gecov,0,0,TOT(A) 1-0,Fulham,13430,Marcel,0,0,0,30,0,0,0,17 Mar 15:00,0,0,45,0,Midfielder,0,0
0,0,Gecov,0,0,QPR(H) 3-2,Fulham,13431,Marcel,0,0,0,31,0,0,0,01 Apr 20:00,0,0,45,0,Midfielder,0,0
0,0,Gecov,0,0,NEW(A) 0-1,Fulham,13432,Marcel,0,0,0,32,0,0,0,07 Apr 15:00,0,0,45,0,Midfielder,0,0
0,0,Gecov,0,0,CHE(H) 0-3,Fulham,13433,Marcel,0,0,0,33,0,0,0,17 Apr 20:00,0,0,45,0,Midfielder,0,0
0,0,Gecov,0,0,ARS(H) 0-1,Fulham,13434,Marcel,0,0,0,34,0,0,0,20 Apr 15:00,0,0,45,0,Midfielder,0,0
0,1,Gecov,0,0,EVE(A) 0-1,Fulham,13435,Marcel,0,0,0,35,0,0,0,27 Apr 15:00,0,0,45,0,Midfielder,0,0
0,0,Gecov,0,0,RDG(H) 2-4,Fulham,13436,Marcel,0,0,0,36,0,0,0,04 May 15:00,0,0,45,0,Midfielder,0,0
0,-1,Gecov,0,0,LIV(H) 1-3,Fulham,13437,Marcel,0,0,0,37,0,0,0,12 May 15:00,0,0,45,0,Midfielder,0,0
0,0,Gecov,0,0,SWA(A) 3-0,Fulham,13438,Marcel,0,0,0,38,0,0,0,19 May 16:00,0,0,45,0,Midfielder,0,0
0,0,Diarra,0,0,NOR(H) 5-0,Fulham,1381,Mahamadou,0,90,17,1,0,1,0,18 Aug 15:00,0,0,50,3,Midfielder,0,0
0,-150,Diarra,3,0,MUN(A) 2-3,Fulham,1382,Mahamadou,0,80,7,2,0,0,0,25 Aug 15:00,0,0,50,2,Midfielder,0,0
0,-479,Diarra,3,0,WHU(A) 0-3,Fulham,1383,Mahamadou,0,90,5,3,0,0,0,01 Sep 12:45,0,0,50,2,Midfielder,0,0
0,-716,Diarra,0,0,WBA(H) 3-0,Fulham,1384,Mahamadou,0,0,0,4,0,0,0,15 Sep 15:00,0,0,50,0,Midfielder,0,0
0,-1679,Diarra,0,0,WIG(A) 2-1,Fulham,1385,Mahamadou,0,0,0,5,0,0,0,22 Sep 15:00,0,0,50,0,Midfielder,0,0
0,-1338,Diarra,0,0,MCI(H) 1-2,Fulham,1386,Mahamadou,0,0,0,6,0,0,0,29 Sep 15:00,0,0,49,0,Midfielder,0,0
0,-608,Diarra,0,0,SOU(A) 2-2,Fulham,1387,Mahamadou,0,0,0,7,0,0,0,07 Oct 13:30,0,0,49,0,Midfielder,0,0
0,-443,Diarra,0,0,AVL(H) 1-0,Fulham,1388,Mahamadou,0,27,5,8,0,0,0,20 Oct 15:00,0,0,48,1,Midfielder,0,0
0,-73,Diarra,3,0,RDG(A) 3-3,Fulham,1389,Mahamadou,0,90,4,9,0,0,0,27 Oct 15:00,0,0,48,2,Midfielder,0,0
1,-20,Diarra,2,0,EVE(H) 2-2,Fulham,13810,Mahamadou,0,75,6,10,0,0,0,03 Nov 15:00,0,0,48,1,Midfielder,0,0
0,-107,Diarra,0,0,ARS(A) 3-3,Fulham,13811,Mahamadou,0,0,0,11,0,0,0,10 Nov 15:00,0,0,48,0,Midfielder,0,0
0,-188,Diarra,0,0,SUN(H) 1-3,Fulham,13812,Mahamadou,0,0,0,12,0,0,0,18 Nov 16:00,0,0,48,0,Midfielder,0,0
0,-138,Diarra,0,0,STK(A) 0-1,Fulham,13813,Mahamadou,0,0,0,13,0,0,0,24 Nov 15:00,0,0,48,0,Midfielder,0,0
0,-35,Diarra,0,0,CHE(A) 0-0,Fulham,13814,Mahamadou,0,63,6,14,0,1,0,28 Nov 19:45,0,0,48,3,Midfielder,0,0
0,-21,Diarra,3,0,TOT(H) 0-3,Fulham,13815,Mahamadou,0,90,5,15,0,0,0,01 Dec 15:00,0,0,48,2,Midfielder,0,0
0,-38,Diarra,0,0,NEW(H) 2-1,Fulham,13816,Mahamadou,0,0,0,16,0,0,0,10 Dec 20:00,0,0,48,0,Midfielder,0,0
0,-96,Diarra,0,0,QPR(A) 1-2,Fulham,13817,Mahamadou,0,0,0,17,0,0,0,15 Dec 15:00,0,0,48,0,Midfielder,0,0
0,-137,Diarra,0,0,LIV(A) 0-4,Fulham,13818,Mahamadou,0,0,0,18,0,0,0,22 Dec 17:30,0,0,48,0,Midfielder,0,0
0,-81,Diarra,0,0,SOU(H) 1-1,Fulham,13819,Mahamadou,0,0,0,19,0,0,0,26 Dec 15:00,0,0,48,0,Midfielder,0,0
0,-57,Diarra,0,0,SWA(H) 1-2,Fulham,13820,Mahamadou,0,0,0,20,0,0,0,29 Dec 15:00,0,0,48,0,Midfielder,0,0
0,-60,Diarra,0,0,WBA(A) 2-1,Fulham,13821,Mahamadou,0,0,0,21,0,0,0,01 Jan 12:45,0,0,48,0,Midfielder,0,0
0,-154,Diarra,0,0,WIG(H) 1-1,Fulham,13822,Mahamadou,0,0,0,22,0,0,0,12 Jan 15:00,0,0,48,0,Midfielder,0,0
0,-72,Diarra,0,0,MCI(A) 0-2,Fulham,13823,Mahamadou,0,0,0,23,0,0,0,19 Jan 15:00,0,0,48,0,Midfielder,0,0
0,-70,Diarra,0,0,WHU(H) 3-1,Fulham,13824,Mahamadou,0,0,0,24,0,0,0,30 Jan 20:00,0,0,48,0,Midfielder,0,0
0,-43,Diarra,0,0,MUN(H) 0-1,Fulham,13825,Mahamadou,0,0,0,25,0,0,0,02 Feb 17:30,0,0,48,0,Midfielder,0,0
0,-38,Diarra,0,0,NOR(A) 0-0,Fulham,13826,Mahamadou,0,0,0,26,0,0,0,09 Feb 15:00,0,0,48,0,Midfielder,0,0
0,-38,Diarra,0,0,STK(H) 1-0,Fulham,13827,Mahamadou,0,0,0,27,0,0,0,23 Feb 12:45,0,0,48,0,Midfielder,0,0
0,-13,Diarra,0,0,SUN(A) 2-2,Fulham,13828,Mahamadou,0,0,0,28,0,0,0,02 Mar 15:00,0,0,48,0,Midfielder,0,0
0,-16,Diarra,0,0,TOT(A) 1-0,Fulham,13830,Mahamadou,0,0,0,30,0,0,0,17 Mar 15:00,0,0,48,0,Midfielder,0,0
0,-3,Diarra,0,0,QPR(H) 3-2,Fulham,13831,Mahamadou,0,0,0,31,0,0,0,01 Apr 20:00,0,0,48,0,Midfielder,0,0
0,-10,Diarra,0,0,NEW(A) 0-1,Fulham,13832,Mahamadou,0,0,0,32,0,0,0,07 Apr 15:00,0,0,48,0,Midfielder,0,0
0,-7,Diarra,0,0,CHE(H) 0-3,Fulham,13833,Mahamadou,0,0,0,33,0,0,0,17 Apr 20:00,0,0,48,0,Midfielder,0,0
0,-4,Diarra,0,0,ARS(H) 0-1,Fulham,13834,Mahamadou,0,0,0,34,0,0,0,20 Apr 15:00,0,0,48,0,Midfielder,0,0
0,-7,Diarra,0,0,EVE(A) 0-1,Fulham,13835,Mahamadou,0,0,0,35,0,0,0,27 Apr 15:00,0,0,48,0,Midfielder,0,0
0,-4,Diarra,0,0,RDG(H) 2-4,Fulham,13836,Mahamadou,0,0,0,36,0,0,0,04 May 15:00,0,0,48,0,Midfielder,0,0
0,-2,Diarra,0,0,LIV(H) 1-3,Fulham,13837,Mahamadou,0,0,0,37,0,0,0,12 May 15:00,0,0,47,0,Midfielder,0,0
0,-5,Diarra,0,0,SWA(A) 3-0,Fulham,13838,Mahamadou,0,0,0,38,0,0,0,19 May 16:00,0,0,47,0,Midfielder,0,0
0,0,Dembele,0,0,NOR(H) 5-0,Tottenham,1391,Mousa,0,90,17,1,0,1,0,18 Aug 15:00,0,0,60,3,Midfielder,0,0
0,-6571,Dembele,3,0,MUN(A) 2-3,Tottenham,1392,Mousa,0,90,15,2,0,0,0,25 Aug 15:00,0,0,60,2,Midfielder,0,0
0,21370,Dembele,1,0,NOR(H) 1-1,Tottenham,1393,Mousa,0,45,27,3,2,0,0,01 Sep 15:00,0,0,60,8,Midfielder,0,1
0,59254,Dembele,1,0,RDG(A) 3-1,Tottenham,1394,Mousa,0,90,13,4,0,0,0,16 Sep 16:00,0,0,61,2,Midfielder,0,0
0,22388,Dembele,1,0,QPR(H) 2-1,Tottenham,1395,Mousa,0,90,5,5,0,0,0,23 Sep 16:00,0,0,61,2,Midfielder,0,0
0,-11068,Dembele,2,0,MUN(A) 3-2,Tottenham,1396,Mousa,0,82,19,6,0,0,1,29 Sep 17:30,0,0,62,5,Midfielder,0,0
0,10813,Dembele,0,0,AVL(H) 2-0,Tottenham,1397,Mousa,0,90,11,7,0,1,0,07 Oct 15:00,0,0,62,3,Midfielder,0,0
0,-3794,Dembele,0,0,CHE(H) 2-4,Tottenham,1398,Mousa,0,0,0,8,0,0,0,20 Oct 12:45,0,0,62,0,Midfielder,0,0
0,-34790,Dembele,0,0,SOU(A) 2-1,Tottenham,1399,Mousa,0,0,0,9,0,0,0,28 Oct 15:00,0,0,61,0,Midfielder,0,0
0,-41548,Dembele,0,0,WIG(H) 0-1,Tottenham,13910,Mousa,0,0,0,10,0,0,0,03 Nov 15:00,0,0,61,0,Midfielder,0,0
0,-27561,Dembele,0,0,MCI(A) 1-2,Tottenham,13911,Mousa,0,0,0,11,0,0,0,11 Nov 13:30,0,0,60,0,Midfielder,0,0
0,-16211,Dembele,0,0,ARS(A) 2-5,Tottenham,13912,Mousa,0,0,0,12,0,0,0,17 Nov 12:45,0,0,59,0,Midfielder,0,0
0,-7164,Dembele,1,0,WHU(H) 3-1,Tottenham,13913,Mousa,0,12,2,13,0,0,0,25 Nov 16:00,0,0,59,1,Midfielder,0,0
0,-1093,Dembele,1,0,LIV(H) 2-1,Tottenham,13914,Mousa,0,87,14,14,0,0,0,28 Nov 19:45,0,0,59,2,Midfielder,0,0
0,926,Dembele,0,0,FUL(A) 3-0,Tottenham,13915,Mousa,0,83,21,15,1,1,1,01 Dec 15:00,0,0,59,7,Midfielder,0,0
0,2380,Dembele,0,0,EVE(A) 1-2,Tottenham,13916,Mousa,0,76,10,16,0,1,0,09 Dec 15:00,0,0,59,3,Midfielder,0,0
1,2521,Dembele,0,0,SWA(H) 1-0,Tottenham,13917,Mousa,0,90,14,17,0,1,0,16 Dec 13:30,0,0,59,2,Midfielder,0,0
0,1922,Dembele,0,0,STK(H) 0-0,Tottenham,13918,Mousa,0,84,11,18,0,1,0,22 Dec 15:00,0,0,59,3,Midfielder,0,0
0,43,Dembele,0,0,AVL(A) 4-0,Tottenham,13919,Mousa,0,65,16,19,0,1,0,26 Dec 17:30,0,0,59,3,Midfielder,0,0
1,-4846,Dembele,1,0,SUN(A) 2-1,Tottenham,13920,Mousa,0,90,8,20,0,0,0,29 Dec 12:45,0,0,59,1,Midfielder,0,0
0,-1071,Dembele,1,0,RDG(H) 3-1,Tottenham,13921,Mousa,0,69,16,21,0,0,0,01 Jan 15:00,0,0,59,2,Midfielder,0,0
1,-6921,Dembele,0,0,QPR(A) 0-0,Tottenham,13922,Mousa,0,90,9,22,0,1,0,12 Jan 12:45,0,0,59,2,Midfielder,0,0
0,-4350,Dembele,1,0,MUN(H) 1-1,Tottenham,13923,Mousa,0,90,9,23,0,0,0,20 Jan 16:00,0,0,59,2,Midfielder,0,0
0,-1880,Dembele,1,0,NOR(A) 1-1,Tottenham,13924,Mousa,0,90,5,24,0,0,0,30 Jan 19:45,0,0,59,2,Midfielder,0,0
0,-1848,Dembele,0,0,WBA(A) 1-0,Tottenham,13925,Mousa,0,90,16,25,0,1,0,03 Feb 13:30,0,0,58,3,Midfielder,0,0
0,-1527,Dembele,1,0,NEW(H) 2-1,Tottenham,13926,Mousa,0,90,15,26,0,0,0,09 Feb 12:45,0,0,58,2,Midfielder,0,0
1,725,Dembele,2,0,WHU(A) 3-2,Tottenham,13927,Mousa,0,74,11,27,0,0,0,25 Feb 20:00,0,0,58,1,Midfielder,0,0
0,-288,Dembele,1,0,ARS(H) 2-1,Tottenham,13928,Mousa,0,86,13,28,0,0,0,03 Mar 16:00,0,0,58,2,Midfielder,0,0
0,-854,Dembele,3,0,LIV(A) 2-3,Tottenham,13929,Mousa,0,90,9,29,0,0,0,10 Mar 16:00,0,0,58,2,Midfielder,0,0
0,2107,Dembele,1,0,FUL(H) 0-1,Tottenham,13930,Mousa,0,66,7,30,0,0,0,17 Mar 15:00,0,0,58,2,Midfielder,0,0
0,984,Dembele,1,0,SWA(A) 2-1,Tottenham,13931,Mousa,0,90,16,31,1,0,0,30 Mar 15:00,0,0,58,3,Midfielder,0,0
0,805,Dembele,2,0,EVE(H) 2-2,Tottenham,13932,Mousa,0,74,10,32,0,0,0,07 Apr 14:05,0,0,58,2,Midfielder,0,0
0,293,Dembele,1,0,MCI(H) 3-1,Tottenham,13934,Mousa,0,90,16,34,0,0,0,21 Apr 13:30,0,0,58,2,Midfielder,0,0
0,1203,Dembele,1,0,WIG(A) 2-2,Tottenham,13935,Mousa,0,40,9,35,0,0,0,27 Apr 15:00,0,0,58,1,Midfielder,0,0
0,-299,Dembele,0,0,CHE(A) 2-2,Tottenham,13936,Mousa,0,0,0,36,0,0,0,08 May 19:45,0,0,58,0,Midfielder,0,0
0,-1911,Dembele,0,0,STK(A) 2-1,Tottenham,13937,Mousa,0,23,1,37,0,0,0,12 May 13:30,0,0,58,1,Midfielder,0,0
0,267,Dembele,0,0,SUN(H) 1-0,Tottenham,13938,Mousa,0,27,5,38,0,0,0,19 May 16:00,0,0,58,1,Midfielder,0,0
0,0,Trotta,0,0,NOR(H) 5-0,Fulham,1411,Marcello,0,0,0,1,0,0,0,18 Aug 15:00,0,0,45,0,Forward,0,0
0,47,Trotta,0,0,MUN(A) 2-3,Fulham,1412,Marcello,0,0,0,2,0,0,0,25 Aug 15:00,0,0,45,0,Forward,0,0
0,-62,Trotta,0,0,WHU(A) 0-3,Fulham,1413,Marcello,0,0,0,3,0,0,0,01 Sep 12:45,0,0,45,0,Forward,0,0
0,-84,Trotta,0,0,WBA(H) 3-0,Fulham,1414,Marcello,0,0,0,4,0,0,0,15 Sep 15:00,0,0,45,0,Forward,0,0
0,-78,Trotta,0,0,WIG(A) 2-1,Fulham,1415,Marcello,0,0,0,5,0,0,0,22 Sep 15:00,0,0,45,0,Forward,0,0
0,-16,Trotta,0,0,MCI(H) 1-2,Fulham,1416,Marcello,0,0,0,6,0,0,0,29 Sep 15:00,0,0,44,0,Forward,0,0
0,16,Trotta,0,0,SOU(A) 2-2,Fulham,1417,Marcello,0,0,0,7,0,0,0,07 Oct 13:30,0,0,44,0,Forward,0,0
0,-21,Trotta,0,0,AVL(H) 1-0,Fulham,1418,Marcello,0,0,0,8,0,0,0,20 Oct 15:00,0,0,44,0,Forward,0,0
0,-19,Trotta,0,0,RDG(A) 3-3,Fulham,1419,Marcello,0,0,0,9,0,0,0,27 Oct 15:00,0,0,44,0,Forward,0,0
0,-7,Trotta,0,0,EVE(H) 2-2,Fulham,14110,Marcello,0,0,0,10,0,0,0,03 Nov 15:00,0,0,44,0,Forward,0,0
0,-27,Trotta,0,0,ARS(A) 3-3,Fulham,14111,Marcello,0,0,0,11,0,0,0,10 Nov 15:00,0,0,44,0,Forward,0,0
0,-29,Trotta,0,0,SUN(H) 1-3,Fulham,14112,Marcello,0,0,0,12,0,0,0,18 Nov 16:00,0,0,44,0,Forward,0,0
0,-55,Trotta,0,0,STK(A) 0-1,Fulham,14113,Marcello,0,0,0,13,0,0,0,24 Nov 15:00,0,0,44,0,Forward,0,0
0,-45,Trotta,0,0,CHE(A) 0-0,Fulham,14114,Marcello,0,0,0,14,0,0,0,28 Nov 19:45,0,0,44,0,Forward,0,0
0,-38,Trotta,0,0,TOT(H) 0-3,Fulham,14115,Marcello,0,0,0,15,0,0,0,01 Dec 15:00,0,0,44,0,Forward,0,0
0,-47,Trotta,0,0,NEW(H) 2-1,Fulham,14116,Marcello,0,0,0,16,0,0,0,10 Dec 20:00,0,0,44,0,Forward,0,0
0,-44,Trotta,0,0,QPR(A) 1-2,Fulham,14117,Marcello,0,0,0,17,0,0,0,15 Dec 15:00,0,0,44,0,Forward,0,0
0,-26,Trotta,0,0,LIV(A) 0-4,Fulham,14118,Marcello,0,0,0,18,0,0,0,22 Dec 17:30,0,0,44,0,Forward,0,0
0,-23,Trotta,0,0,SOU(H) 1-1,Fulham,14119,Marcello,0,0,0,19,0,0,0,26 Dec 15:00,0,0,43,0,Forward,0,0
0,-9,Trotta,0,0,SWA(H) 1-2,Fulham,14120,Marcello,0,0,0,20,0,0,0,29 Dec 15:00,0,0,43,0,Forward,0,0
0,-11,Trotta,0,0,WBA(A) 2-1,Fulham,14121,Marcello,0,0,0,21,0,0,0,01 Jan 12:45,0,0,43,0,Forward,0,0
0,-22,Trotta,0,0,WIG(H) 1-1,Fulham,14122,Marcello,0,0,0,22,0,0,0,12 Jan 15:00,0,0,43,0,Forward,0,0
0,-17,Trotta,0,0,MCI(A) 0-2,Fulham,14123,Marcello,0,0,0,23,0,0,0,19 Jan 15:00,0,0,43,0,Forward,0,0
0,-24,Trotta,0,0,WHU(H) 3-1,Fulham,14124,Marcello,0,0,0,24,0,0,0,30 Jan 20:00,0,0,43,0,Forward,0,0
0,-9,Trotta,0,0,MUN(H) 0-1,Fulham,14125,Marcello,0,0,0,25,0,0,0,02 Feb 17:30,0,0,43,0,Forward,0,0
0,-9,Trotta,0,0,NOR(A) 0-0,Fulham,14126,Marcello,0,0,0,26,0,0,0,09 Feb 15:00,0,0,43,0,Forward,0,0
0,-10,Trotta,0,0,STK(H) 1-0,Fulham,14127,Marcello,0,0,0,27,0,0,0,23 Feb 12:45,0,0,43,0,Forward,0,0
0,-2,Trotta,0,0,SUN(A) 2-2,Fulham,14128,Marcello,0,0,0,28,0,0,0,02 Mar 15:00,0,0,43,0,Forward,0,0
0,-3,Trotta,0,0,TOT(A) 1-0,Fulham,14130,Marcello,0,0,0,30,0,0,0,17 Mar 15:00,0,0,43,0,Forward,0,0
0,-11,Trotta,0,0,QPR(H) 3-2,Fulham,14131,Marcello,0,0,0,31,0,0,0,01 Apr 20:00,0,0,43,0,Forward,0,0
0,-4,Trotta,0,0,NEW(A) 0-1,Fulham,14132,Marcello,0,0,0,32,0,0,0,07 Apr 15:00,0,0,43,0,Forward,0,0
0,-4,Trotta,0,0,CHE(H) 0-3,Fulham,14133,Marcello,0,0,0,33,0,0,0,17 Apr 20:00,0,0,43,0,Forward,0,0
0,-4,Trotta,0,0,ARS(H) 0-1,Fulham,14134,Marcello,0,0,0,34,0,0,0,20 Apr 15:00,0,0,43,0,Forward,0,0
0,-1,Trotta,0,0,EVE(A) 0-1,Fulham,14135,Marcello,0,0,0,35,0,0,0,27 Apr 15:00,0,0,43,0,Forward,0,0
0,-2,Trotta,0,0,RDG(H) 2-4,Fulham,14136,Marcello,0,0,0,36,0,0,0,04 May 15:00,0,0,43,0,Forward,0,0
0,0,Trotta,0,0,LIV(H) 1-3,Fulham,14137,Marcello,0,0,0,37,0,0,0,12 May 15:00,0,0,43,0,Forward,0,0
0,-1,Trotta,0,0,SWA(A) 3-0,Fulham,14138,Marcello,0,0,0,38,0,0,0,19 May 16:00,0,0,43,0,Forward,0,0
0,0,Petric,0,0,NOR(H) 5-0,Fulham,1421,Mladen,0,67,57,1,3,1,1,18 Aug 15:00,0,0,60,16,Forward,0,2
0,82591,Petric,3,0,MUN(A) 2-3,Fulham,1422,Mladen,0,71,-6,2,0,0,0,25 Aug 15:00,0,0,61,2,Forward,0,0
0,123317,Petric,3,0,WHU(A) 0-3,Fulham,1423,Mladen,0,45,-2,3,0,0,0,01 Sep 12:45,0,0,63,1,Forward,0,0
0,-17894,Petric,0,0,WBA(H) 3-0,Fulham,1424,Mladen,0,0,0,4,0,0,0,15 Sep 15:00,0,0,63,0,Forward,0,0
0,-76873,Petric,0,0,WIG(A) 2-1,Fulham,1425,Mladen,0,0,0,5,0,0,0,22 Sep 15:00,0,0,61,0,Forward,0,0
0,-53158,Petric,1,0,MCI(H) 1-2,Fulham,1426,Mladen,0,65,11,6,0,0,0,29 Sep 15:00,0,0,59,6,Forward,0,1
0,-10718,Petric,0,0,SOU(A) 2-2,Fulham,1427,Mladen,0,0,0,7,0,0,0,07 Oct 13:30,0,0,59,0,Forward,0,0
0,-19236,Petric,0,0,AVL(H) 1-0,Fulham,1428,Mladen,0,63,6,8,0,1,0,20 Oct 15:00,0,0,58,2,Forward,0,0
0,-6203,Petric,0,0,RDG(A) 3-3,Fulham,1429,Mladen,0,0,0,9,0,0,0,27 Oct 15:00,0,0,58,0,Forward,0,0
0,-9522,Petric,0,0,EVE(H) 2-2,Fulham,14210,Mladen,0,15,1,10,0,0,0,03 Nov 15:00,0,0,57,1,Forward,0,0
0,-6482,Petric,0,0,ARS(A) 3-3,Fulham,14211,Mladen,0,0,0,11,0,0,0,10 Nov 15:00,0,0,57,0,Forward,0,0
0,-6856,Petric,2,0,SUN(H) 1-3,Fulham,14212,Mladen,0,32,11,12,0,0,0,18 Nov 16:00,0,0,56,5,Forward,0,1
0,-1820,Petric,1,0,STK(A) 0-1,Fulham,14213,Mladen,0,90,0,13,0,0,0,24 Nov 15:00,0,0,56,2,Forward,0,0
0,-1843,Petric,0,0,CHE(A) 0-0,Fulham,14214,Mladen,0,8,1,14,0,0,0,28 Nov 19:45,0,0,56,1,Forward,0,0
0,-1862,Petric,3,0,TOT(H) 0-3,Fulham,14215,Mladen,0,78,-1,15,0,0,0,01 Dec 15:00,0,0,55,2,Forward,0,0
0,-2463,Petric,0,0,NEW(H) 2-1,Fulham,14216,Mladen,0,5,-4,16,0,0,0,10 Dec 20:00,0,0,55,1,Forward,0,0
0,-2320,Petric,1,0,QPR(A) 1-2,Fulham,14217,Mladen,0,28,23,17,1,0,0,15 Dec 15:00,0,0,55,6,Forward,0,1
0,-8,Petric,0,0,LIV(A) 0-4,Fulham,14218,Mladen,0,0,0,18,0,0,0,22 Dec 17:30,0,0,55,0,Forward,0,0
0,-2501,Petric,0,0,SOU(H) 1-1,Fulham,14219,Mladen,0,0,0,19,0,0,0,26 Dec 15:00,0,0,55,0,Forward,0,0
0,-3309,Petric,0,0,SWA(H) 1-2,Fulham,14220,Mladen,0,0,0,20,0,0,0,29 Dec 15:00,0,0,54,0,Forward,0,0
0,-1983,Petric,0,0,WBA(A) 2-1,Fulham,14221,Mladen,0,0,0,21,0,0,0,01 Jan 12:45,0,0,54,0,Forward,0,0
0,-4712,Petric,0,0,WIG(H) 1-1,Fulham,14222,Mladen,0,64,-7,22,0,1,0,12 Jan 15:00,0,0,54,2,Forward,0,0
0,-1548,Petric,0,0,MCI(A) 0-2,Fulham,14223,Mladen,0,18,1,23,0,0,0,19 Jan 15:00,0,0,54,1,Forward,0,0
0,-1519,Petric,0,0,WHU(H) 3-1,Fulham,14224,Mladen,0,16,5,24,0,0,1,30 Jan 20:00,0,0,54,4,Forward,0,0
0,-606,Petric,0,0,MUN(H) 0-1,Fulham,14225,Mladen,0,9,1,25,0,0,0,02 Feb 17:30,0,0,54,1,Forward,0,0
0,-641,Petric,0,0,NOR(A) 0-0,Fulham,14226,Mladen,0,15,1,26,0,0,0,09 Feb 15:00,0,0,54,1,Forward,0,0
0,-795,Petric,0,0,STK(H) 1-0,Fulham,14227,Mladen,0,1,-4,27,0,0,0,23 Feb 12:45,0,0,54,1,Forward,0,0
0,-345,Petric,0,0,SUN(A) 2-2,Fulham,14228,Mladen,0,0,0,28,0,0,0,02 Mar 15:00,0,0,54,0,Forward,0,0
0,-263,Petric,0,0,TOT(A) 1-0,Fulham,14230,Mladen,0,0,0,30,0,0,0,17 Mar 15:00,0,0,54,0,Forward,0,0
0,-359,Petric,0,0,QPR(H) 3-2,Fulham,14231,Mladen,0,0,0,31,0,0,0,01 Apr 20:00,0,0,54,0,Forward,0,0
0,-274,Petric,0,0,NEW(A) 0-1,Fulham,14232,Mladen,0,0,0,32,0,0,0,07 Apr 15:00,0,0,54,0,Forward,0,0
0,-406,Petric,3,0,CHE(H) 0-3,Fulham,14233,Mladen,0,81,0,33,0,0,0,17 Apr 20:00,0,0,54,2,Forward,0,0
0,-131,Petric,0,0,ARS(H) 0-1,Fulham,14234,Mladen,0,6,0,34,0,0,0,20 Apr 15:00,0,0,54,1,Forward,0,0
0,-133,Petric,0,0,EVE(A) 0-1,Fulham,14235,Mladen,0,61,-3,35,0,1,0,27 Apr 15:00,0,0,54,2,Forward,0,0
0,-106,Petric,0,0,RDG(H) 2-4,Fulham,14236,Mladen,0,0,0,36,0,0,0,04 May 15:00,0,0,54,0,Forward,0,0
0,-176,Petric,1,0,LIV(H) 1-3,Fulham,14237,Mladen,0,20,1,37,0,0,0,12 May 15:00,0,0,54,1,Forward,0,0
0,-62,Petric,0,0,SWA(A) 3-0,Fulham,14238,Mladen,0,0,0,38,0,0,0,19 May 16:00,0,0,54,0,Forward,0,0
0,0,Kelly,3,0,WBA(A) 0-3,Liverpool,1501,Martin,0,90,5,1,0,0,0,18 Aug 15:00,0,0,55,1,Defender,0,0
0,-265,Kelly,1,0,MCI(H) 2-2,Liverpool,1502,Martin,0,65,10,2,0,0,0,26 Aug 16:00,0,0,55,2,Defender,0,0
0,-397,Kelly,0,0,ARS(H) 0-2,Liverpool,1503,Martin,0,0,0,3,0,0,0,02 Sep 13:30,0,0,55,0,Defender,0,0
0,-1225,Kelly,1,0,SUN(A) 1-1,Liverpool,1504,Martin,0,90,13,4,0,0,0,15 Sep 17:30,0,0,55,2,Defender,0,0
0,-422,Kelly,2,0,MUN(H) 1-2,Liverpool,1505,Martin,0,90,1,5,0,0,0,23 Sep 13:30,0,0,54,1,Defender,0,0
0,-1882,Kelly,0,0,NOR(A) 5-2,Liverpool,1506,Martin,0,0,0,6,0,0,0,29 Sep 15:00,0,0,54,0,Defender,0,0
0,-1281,Kelly,0,0,STK(H) 0-0,Liverpool,1507,Martin,0,0,0,7,0,0,0,07 Oct 15:00,0,0,53,0,Defender,0,0
0,-782,Kelly,0,0,RDG(H) 1-0,Liverpool,1508,Martin,0,0,0,8,0,0,0,20 Oct 15:00,0,0,53,0,Defender,0,0
0,-385,Kelly,0,0,EVE(A) 2-2,Liverpool,1509,Martin,0,0,0,9,0,0,0,28 Oct 13:30,0,0,52,0,Defender,0,0
0,-275,Kelly,0,0,NEW(H) 1-1,Liverpool,15010,Martin,0,0,0,10,0,0,0,04 Nov 16:00,0,0,52,0,Defender,0,0
0,-176,Kelly,0,0,CHE(A) 1-1,Liverpool,15011,Martin,0,0,0,11,0,0,0,11 Nov 16:00,0,0,52,0,Defender,0,0
0,-168,Kelly,0,0,WIG(H) 3-0,Liverpool,15012,Martin,0,0,0,12,0,0,0,17 Nov 15:00,0,0,52,0,Defender,0,0
0,-139,Kelly,0,0,SWA(A) 0-0,Liverpool,15013,Martin,0,0,0,13,0,0,0,25 Nov 13:30,0,0,52,0,Defender,0,0
0,-63,Kelly,0,0,TOT(A) 1-2,Liverpool,15014,Martin,0,0,0,14,0,0,0,28 Nov 19:45,0,0,52,0,Defender,0,0
0,-57,Kelly,0,0,SOU(H) 1-0,Liverpool,15015,Martin,0,0,0,15,0,0,0,01 Dec 15:00,0,0,52,0,Defender,0,0
0,-99,Kelly,0,0,WHU(A) 3-2,Liverpool,15016,Martin,0,0,0,16,0,0,0,09 Dec 16:00,0,0,52,0,Defender,0,0
0,-86,Kelly,0,0,AVL(H) 1-3,Liverpool,15017,Martin,0,0,0,17,0,0,0,15 Dec 15:00,0,0,52,0,Defender,0,0
0,-79,Kelly,0,0,FUL(H) 4-0,Liverpool,15018,Martin,0,0,0,18,0,0,0,22 Dec 17:30,0,0,52,0,Defender,0,0
0,-38,Kelly,0,0,STK(A) 1-3,Liverpool,15019,Martin,0,0,0,19,0,0,0,26 Dec 19:45,0,0,52,0,Defender,0,0
0,-27,Kelly,0,0,QPR(A) 3-0,Liverpool,15020,Martin,0,0,0,20,0,0,0,30 Dec 16:00,0,0,51,0,Defender,0,0
0,-34,Kelly,0,0,SUN(H) 3-0,Liverpool,15021,Martin,0,0,0,21,0,0,0,02 Jan 19:45,0,0,51,0,Defender,0,0
0,-93,Kelly,0,0,MUN(A) 1-2,Liverpool,15022,Martin,0,0,0,22,0,0,0,13 Jan 13:30,0,0,51,0,Defender,0,0
0,-54,Kelly,0,0,NOR(H) 5-0,Liverpool,15023,Martin,0,0,0,23,0,0,0,19 Jan 15:00,0,0,51,0,Defender,0,0
0,-45,Kelly,0,0,ARS(A) 2-2,Liverpool,15024,Martin,0,0,0,24,0,0,0,30 Jan 19:45,0,0,51,0,Defender,0,0
0,-20,Kelly,0,0,MCI(A) 2-2,Liverpool,15025,Martin,0,0,0,25,0,0,0,03 Feb 16:00,0,0,51,0,Defender,0,0
0,-23,Kelly,0,0,SWA(H) 5-0,Liverpool,15026,Martin,0,0,0,26,0,0,0,17 Feb 15:00,0,0,51,0,Defender,0,0
0,-15,Kelly,0,0,WIG(A) 4-0,Liverpool,15028,Martin,0,0,0,28,0,0,0,02 Mar 17:30,0,0,51,0,Defender,0,0
0,-13,Kelly,0,0,TOT(H) 3-2,Liverpool,15029,Martin,0,0,0,29,0,0,0,10 Mar 16:00,0,0,51,0,Defender,0,0
0,-8,Kelly,0,0,SOU(A) 1-3,Liverpool,15030,Martin,0,0,0,30,0,0,0,16 Mar 15:00,0,0,51,0,Defender,0,0
0,-6,Kelly,0,0,AVL(A) 2-1,Liverpool,15031,Martin,0,0,0,31,0,0,0,31 Mar 13:30,0,0,51,0,Defender,0,0
0,-8,Kelly,0,0,WHU(H) 0-0,Liverpool,15032,Martin,0,0,0,32,0,0,0,07 Apr 13:30,0,0,51,0,Defender,0,0
0,-1,Kelly,0,0,RDG(A) 0-0,Liverpool,15033,Martin,0,0,0,33,0,0,0,13 Apr 15:00,0,0,51,0,Defender,0,0
0,-5,Kelly,0,0,CHE(H) 2-2,Liverpool,15034,Martin,0,0,0,34,0,0,0,21 Apr 16:00,0,0,51,0,Defender,0,0
0,-1,Kelly,0,0,NEW(A) 6-0,Liverpool,15035,Martin,0,0,0,35,0,0,0,27 Apr 17:30,0,0,51,0,Defender,0,0
0,-4,Kelly,0,0,EVE(H) 0-0,Liverpool,15036,Martin,0,0,0,36,0,0,0,05 May 13:30,0,0,51,0,Defender,0,0
0,1,Kelly,0,0,FUL(A) 3-1,Liverpool,15037,Martin,0,0,0,37,0,0,0,12 May 15:00,0,0,51,0,Defender,0,0
0,-8,Kelly,0,0,QPR(H) 1-0,Liverpool,15038,Martin,0,0,0,38,0,0,0,19 May 16:00,0,0,51,0,Defender,0,0
0,0,Skrtel,3,0,WBA(A) 0-3,Liverpool,1531,Martin,0,90,3,1,0,0,0,18 Aug 15:00,0,0,60,1,Defender,0,0
0,-13938,Skrtel,2,0,MCI(H) 2-2,Liverpool,1532,Martin,0,90,27,2,2,0,0,26 Aug 16:00,0,0,60,9,Defender,0,1
1,5976,Skrtel,2,0,ARS(H) 0-2,Liverpool,1533,Martin,0,90,2,3,0,0,0,02 Sep 13:30,0,0,60,0,Defender,0,0
1,-11246,Skrtel,1,0,SUN(A) 1-1,Liverpool,1534,Martin,0,90,18,4,2,0,0,15 Sep 17:30,0,0,60,3,Defender,0,0
0,-8151,Skrtel,2,0,MUN(H) 1-2,Liverpool,1535,Martin,0,90,10,5,0,0,0,23 Sep 13:30,0,0,60,1,Defender,0,0
0,-3601,Skrtel,2,0,NOR(A) 5-2,Liverpool,1536,Martin,0,90,21,6,0,0,0,29 Sep 15:00,0,0,60,1,Defender,0,0
0,-5495,Skrtel,0,0,STK(H) 0-0,Liverpool,1537,Martin,0,90,4,7,0,1,0,07 Oct 15:00,0,0,59,6,Defender,0,0
0,89,Skrtel,0,0,RDG(H) 1-0,Liverpool,1538,Martin,0,90,17,8,0,1,0,20 Oct 15:00,0,0,59,6,Defender,0,0
0,-227,Skrtel,2,0,EVE(A) 2-2,Liverpool,1539,Martin,0,90,17,9,0,0,0,28 Oct 13:30,0,0,59,1,Defender,0,0
0,-1873,Skrtel,1,0,NEW(H) 1-1,Liverpool,15310,Martin,0,90,7,10,0,0,0,04 Nov 16:00,0,0,59,2,Defender,0,0
0,-4670,Skrtel,0,0,CHE(A) 1-1,Liverpool,15311,Martin,0,0,0,11,0,0,0,11 Nov 16:00,0,0,59,0,Defender,0,0
0,-11929,Skrtel,0,0,WIG(H) 3-0,Liverpool,15312,Martin,0,90,16,12,0,1,0,17 Nov 15:00,0,0,59,6,Defender,0,0
0,-1196,Skrtel,0,0,SWA(A) 0-0,Liverpool,15313,Martin,0,90,17,13,2,1,0,25 Nov 13:30,0,0,59,8,Defender,0,0
1,98,Skrtel,2,0,TOT(A) 1-2,Liverpool,15314,Martin,0,90,-2,14,0,0,0,28 Nov 19:45,0,0,59,0,Defender,0,0
0,2022,Skrtel,0,0,SOU(H) 1-0,Liverpool,15315,Martin,0,90,9,15,0,1,0,01 Dec 15:00,0,0,59,6,Defender,0,0
0,2384,Skrtel,2,0,WHU(A) 3-2,Liverpool,15316,Martin,0,90,13,16,0,0,0,09 Dec 16:00,0,0,59,1,Defender,0,0
0,3870,Skrtel,3,0,AVL(H) 1-3,Liverpool,15317,Martin,0,90,1,17,0,0,0,15 Dec 15:00,0,0,59,1,Defender,0,0
0,-3485,Skrtel,0,0,FUL(H) 4-0,Liverpool,15318,Martin,0,90,33,18,1,1,0,22 Dec 17:30,0,0,59,13,Defender,0,1
0,9081,Skrtel,3,0,STK(A) 1-3,Liverpool,15319,Martin,0,90,8,19,0,0,0,26 Dec 19:45,0,0,59,1,Defender,0,0
0,5904,Skrtel,0,0,QPR(A) 3-0,Liverpool,15320,Martin,0,90,16,20,0,1,0,30 Dec 16:00,0,0,59,6,Defender,0,0
0,7904,Skrtel,0,0,SUN(H) 3-0,Liverpool,15321,Martin,0,72,15,21,0,1,0,02 Jan 19:45,0,0,59,6,Defender,0,0
1,2490,Skrtel,2,0,MUN(A) 1-2,Liverpool,15322,Martin,0,90,10,22,0,0,0,13 Jan 13:30,0,0,60,0,Defender,0,0
0,1284,Skrtel,0,0,NOR(H) 5-0,Liverpool,15323,Martin,0,0,0,23,0,0,0,19 Jan 15:00,0,0,60,0,Defender,0,0
0,-14946,Skrtel,0,0,ARS(A) 2-2,Liverpool,15324,Martin,0,0,0,24,0,0,0,30 Jan 19:45,0,0,60,0,Defender,0,0
0,-12949,Skrtel,1,0,MCI(A) 2-2,Liverpool,15325,Martin,0,16,1,25,0,0,0,03 Feb 16:00,0,0,59,1,Defender,0,0
0,-2305,Skrtel,0,0,SWA(H) 5-0,Liverpool,15326,Martin,0,0,0,26,0,0,0,17 Feb 15:00,0,0,59,0,Defender,0,0
0,-12224,Skrtel,0,0,WIG(A) 4-0,Liverpool,15328,Martin,0,0,0,28,0,0,0,02 Mar 17:30,0,0,57,0,Defender,0,0
0,-5074,Skrtel,0,0,TOT(H) 3-2,Liverpool,15329,Martin,0,0,0,29,0,0,0,10 Mar 16:00,0,0,57,0,Defender,0,0
0,-2741,Skrtel,3,0,SOU(A) 1-3,Liverpool,15330,Martin,0,90,11,30,0,0,0,16 Mar 15:00,0,0,57,1,Defender,0,0
0,-1581,Skrtel,0,0,AVL(A) 2-1,Liverpool,15331,Martin,0,0,0,31,0,0,0,31 Mar 13:30,0,0,57,0,Defender,0,0
0,-1537,Skrtel,0,0,WHU(H) 0-0,Liverpool,15332,Martin,0,0,0,32,0,0,0,07 Apr 13:30,0,0,57,0,Defender,0,0
0,-1562,Skrtel,0,0,RDG(A) 0-0,Liverpool,15333,Martin,0,0,0,33,0,0,0,13 Apr 15:00,0,0,57,0,Defender,0,0
0,-1189,Skrtel,0,0,CHE(H) 2-2,Liverpool,15334,Martin,0,0,0,34,0,0,0,21 Apr 16:00,0,0,57,0,Defender,0,0
0,-1194,Skrtel,0,0,NEW(A) 6-0,Liverpool,15335,Martin,0,0,0,35,0,0,0,27 Apr 17:30,0,0,56,0,Defender,0,0
0,-1212,Skrtel,0,0,EVE(H) 0-0,Liverpool,15336,Martin,0,12,1,36,0,0,0,05 May 13:30,0,0,56,1,Defender,0,0
0,-62,Skrtel,0,0,FUL(A) 3-1,Liverpool,15337,Martin,0,0,0,37,0,0,0,12 May 15:00,0,0,56,0,Defender,0,0
0,-899,Skrtel,0,0,QPR(H) 1-0,Liverpool,15338,Martin,0,90,21,38,1,1,0,19 May 16:00,0,0,56,7,Defender,0,0
0,0,Richards,0,0,SOU(H) 3-2,Man City,1741,Micah,0,0,0,1,0,0,0,19 Aug 16:00,0,0,60,0,Defender,0,0
0,-5839,Richards,0,0,LIV(A) 2-2,Man City,1742,Micah,0,0,0,2,0,0,0,26 Aug 16:00,0,0,60,0,Defender,0,0
0,-3909,Richards,0,0,QPR(H) 3-1,Man City,1743,Micah,0,0,0,3,0,0,0,01 Sep 17:30,0,0,59,0,Defender,0,0
0,-2228,Richards,0,0,STK(A) 1-1,Man City,1744,Micah,0,0,0,4,0,0,0,15 Sep 15:00,0,0,59,0,Defender,0,0
0,-831,Richards,0,0,ARS(H) 1-1,Man City,1745,Micah,0,0,0,5,0,0,0,23 Sep 16:00,0,0,58,0,Defender,0,0
0,-621,Richards,0,0,FUL(A) 2-1,Man City,1746,Micah,0,0,0,6,0,0,0,29 Sep 15:00,0,0,58,0,Defender,0,0
0,-372,Richards,0,0,SUN(H) 3-0,Man City,1747,Micah,0,90,11,7,0,1,0,06 Oct 12:45,0,0,58,6,Defender,0,0
0,1659,Richards,1,0,WBA(A) 2-1,Man City,1748,Micah,0,90,14,8,0,0,0,20 Oct 15:00,0,0,58,2,Defender,0,0
1,3399,Richards,0,0,SWA(H) 1-0,Man City,1749,Micah,0,80,10,9,0,1,0,27 Oct 17:30,0,0,58,5,Defender,0,0
0,-3717,Richards,0,0,WHU(A) 0-0,Man City,17410,Micah,0,0,0,10,0,0,0,03 Nov 17:30,0,0,58,0,Defender,0,0
0,-1236,Richards,0,0,TOT(H) 2-1,Man City,17411,Micah,0,0,0,11,0,0,0,11 Nov 13:30,0,0,58,0,Defender,0,0
0,-513,Richards,0,0,AVL(H) 5-0,Man City,17412,Micah,0,0,0,12,0,0,0,17 Nov 15:00,0,0,58,0,Defender,0,0
0,-311,Richards,0,0,CHE(A) 0-0,Man City,17413,Micah,0,0,0,13,0,0,0,25 Nov 16:00,0,0,58,0,Defender,0,0
0,-148,Richards,0,0,WIG(A) 2-0,Man City,17414,Micah,0,0,0,14,0,0,0,28 Nov 20:00,0,0,58,0,Defender,0,0
0,-122,Richards,0,0,EVE(H) 1-1,Man City,17415,Micah,0,0,0,15,0,0,0,01 Dec 15:00,0,0,58,0,Defender,0,0
0,-145,Richards,0,0,MUN(H) 2-3,Man City,17416,Micah,0,0,0,16,0,0,0,09 Dec 13:30,0,0,58,0,Defender,0,0
0,-132,Richards,0,0,NEW(A) 3-1,Man City,17417,Micah,0,0,0,17,0,0,0,15 Dec 12:45,0,0,57,0,Defender,0,0
0,-108,Richards,0,0,RDG(H) 1-0,Man City,17418,Micah,0,0,0,18,0,0,0,22 Dec 15:00,0,0,57,0,Defender,0,0
0,-46,Richards,0,0,SUN(A) 0-1,Man City,17419,Micah,0,0,0,19,0,0,0,26 Dec 15:00,0,0,57,0,Defender,0,0
0,-46,Richards,0,0,NOR(A) 4-3,Man City,17420,Micah,0,0,0,20,0,0,0,29 Dec 15:00,0,0,57,0,Defender,0,0
0,-47,Richards,0,0,STK(H) 3-0,Man City,17421,Micah,0,0,0,21,0,0,0,01 Jan 15:00,0,0,57,0,Defender,0,0
0,-108,Richards,0,0,ARS(A) 2-0,Man City,17422,Micah,0,0,0,22,0,0,0,13 Jan 16:00,0,0,57,0,Defender,0,0
0,-81,Richards,0,0,FUL(H) 2-0,Man City,17423,Micah,0,0,0,23,0,0,0,19 Jan 15:00,0,0,57,0,Defender,0,0
0,-68,Richards,0,0,QPR(A) 0-0,Man City,17424,Micah,0,0,0,24,0,0,0,29 Jan 19:45,0,0,57,0,Defender,0,0
0,-23,Richards,0,0,LIV(H) 2-2,Man City,17425,Micah,0,0,0,25,0,0,0,03 Feb 16:00,0,0,57,0,Defender,0,0
0,-35,Richards,0,0,SOU(A) 1-3,Man City,17426,Micah,0,0,0,26,0,0,0,09 Feb 17:30,0,0,57,0,Defender,0,0
0,-59,Richards,0,0,CHE(H) 2-0,Man City,17427,Micah,0,0,0,27,0,0,0,24 Feb 13:30,0,0,57,0,Defender,0,0
0,-26,Richards,0,0,AVL(A) 1-0,Man City,17428,Micah,0,0,0,28,0,0,0,04 Mar 20:00,0,0,57,0,Defender,0,0
0,-17,Richards,0,0,EVE(A) 0-2,Man City,17430,Micah,0,0,0,30,0,0,0,16 Mar 12:45,0,0,57,0,Defender,0,0
0,-10,Richards,0,0,NEW(H) 4-0,Man City,17431,Micah,0,0,0,31,0,0,0,30 Mar 15:00,0,0,57,0,Defender,0,0
0,-1,Richards,0,0,MUN(A) 2-1,Man City,17432,Micah,0,0,0,32,0,0,0,08 Apr 20:00,0,0,57,0,Defender,0,0
1,-11,Richards,0,0,WIG(H) 1-0,Man City,17433,Micah,0,82,14,33,0,1,0,17 Apr 19:45,0,0,57,5,Defender,0,0
0,227,Richards,0,0,TOT(A) 1-3,Man City,17434,Micah,0,0,0,34,0,0,0,21 Apr 13:30,0,0,57,0,Defender,0,0
0,43,Richards,0,0,WHU(H) 2-1,Man City,17435,Micah,0,0,0,35,0,0,0,27 Apr 12:45,0,0,57,0,Defender,0,0
0,-94,Richards,0,0,WBA(H) 1-0,Man City,17436,Micah,0,90,17,36,0,1,0,07 May 19:45,0,0,57,6,Defender,0,0
0,66,Richards,0,0,RDG(A) 2-0,Man City,17437,Micah,0,90,12,37,0,1,0,14 May 20:00,0,0,57,6,Defender,0,0
0,486,Richards,3,0,NOR(H) 2-3,Man City,17438,Micah,0,90,1,38,0,0,0,19 May 16:00,0,0,57,1,Defender,0,0
0,0,Balotelli,0,0,SOU(H) 3-2,Man City,1911,Mario,0,19,0,1,0,0,0,19 Aug 16:00,0,0,90,1,Forward,0,0
0,-1068,Balotelli,1,0,LIV(A) 2-2,Man City,1912,Mario,0,61,1,2,0,0,0,26 Aug 16:00,0,0,90,2,Forward,0,0
0,-1082,Balotelli,0,0,QPR(H) 3-1,Man City,1913,Mario,0,0,0,3,0,0,0,01 Sep 17:30,0,0,90,0,Forward,0,0
0,-11707,Balotelli,1,0,STK(A) 1-1,Man City,1914,Mario,0,89,4,4,0,0,0,15 Sep 15:00,0,0,89,2,Forward,0,0
0,-1880,Balotelli,0,0,ARS(H) 1-1,Man City,1915,Mario,0,6,0,5,0,0,0,23 Sep 16:00,0,0,89,1,Forward,0,0
0,-1784,Balotelli,0,0,FUL(A) 2-1,Man City,1916,Mario,0,25,-4,6,0,0,1,29 Sep 15:00,0,0,88,4,Forward,0,0
0,-1004,Balotelli,0,0,SUN(H) 3-0,Man City,1917,Mario,0,55,-2,7,0,0,0,06 Oct 12:45,0,0,88,1,Forward,0,0
1,-1100,Balotelli,0,0,WBA(A) 2-1,Man City,1918,Mario,0,63,14,8,0,1,0,20 Oct 15:00,0,0,87,1,Forward,0,0
0,-488,Balotelli,0,0,SWA(H) 1-0,Man City,1919,Mario,0,45,-2,9,0,0,0,27 Oct 17:30,0,0,87,1,Forward,0,0
0,-595,Balotelli,0,0,WHU(A) 0-0,Man City,19110,Mario,0,68,-11,10,0,1,0,03 Nov 17:30,0,0,87,2,Forward,0,0
0,-324,Balotelli,0,0,TOT(H) 2-1,Man City,19111,Mario,0,0,0,11,0,0,0,11 Nov 13:30,0,0,87,0,Forward,0,0
0,-546,Balotelli,0,0,AVL(H) 5-0,Man City,19112,Mario,0,0,0,12,0,0,0,17 Nov 15:00,0,0,86,0,Forward,0,0
1,-673,Balotelli,0,0,CHE(A) 0-0,Man City,19113,Mario,0,5,-1,13,0,0,0,25 Nov 16:00,0,0,86,0,Forward,0,0
0,-181,Balotelli,0,0,WIG(A) 2-0,Man City,19114,Mario,0,90,28,14,3,1,0,28 Nov 20:00,0,0,86,9,Forward,0,1
0,541,Balotelli,0,0,EVE(H) 1-1,Man City,19115,Mario,0,11,-3,15,0,0,0,01 Dec 15:00,0,0,86,1,Forward,0,0
0,-312,Balotelli,2,0,MUN(H) 2-3,Man City,19116,Mario,0,51,2,16,0,0,0,09 Dec 13:30,0,0,86,1,Forward,0,0
0,-527,Balotelli,0,0,NEW(A) 3-1,Man City,19117,Mario,0,0,0,17,0,0,0,15 Dec 12:45,0,0,86,0,Forward,0,0
0,-477,Balotelli,0,0,RDG(H) 1-0,Man City,19118,Mario,0,0,0,18,0,0,0,22 Dec 15:00,0,0,86,0,Forward,0,0
0,-257,Balotelli,0,0,SUN(A) 0-1,Man City,19119,Mario,0,0,0,19,0,0,0,26 Dec 15:00,0,0,86,0,Forward,0,0
0,-201,Balotelli,0,0,NOR(A) 4-3,Man City,19120,Mario,0,0,0,20,0,0,0,29 Dec 15:00,0,0,86,0,Forward,0,0
0,-175,Balotelli,0,0,STK(H) 3-0,Man City,19121,Mario,0,0,0,21,0,0,0,01 Jan 15:00,0,0,86,0,Forward,0,0
0,-326,Balotelli,0,0,ARS(A) 2-0,Man City,19122,Mario,0,3,0,22,0,0,0,13 Jan 16:00,0,0,86,1,Forward,0,0
0,-118,Balotelli,0,0,FUL(H) 2-0,Man City,19123,Mario,0,0,0,23,0,0,0,19 Jan 15:00,0,0,86,0,Forward,0,0
0,-221,Balotelli,0,0,QPR(A) 0-0,Man City,19124,Mario,0,0,0,24,0,0,0,29 Jan 19:45,0,0,86,0,Forward,0,0
0,-212,Balotelli,0,0,LIV(H) 2-2,Man City,19125,Mario,0,0,0,25,0,0,0,03 Feb 16:00,0,0,86,0,Forward,0,0
0,-205,Balotelli,0,0,SOU(A) 1-3,Man City,19126,Mario,0,0,0,26,0,0,0,09 Feb 17:30,0,0,86,0,Forward,0,0
0,-242,Balotelli,0,0,CHE(H) 2-0,Man City,19127,Mario,0,0,0,27,0,0,0,24 Feb 13:30,0,0,86,0,Forward,0,0
0,-81,Balotelli,0,0,AVL(A) 1-0,Man City,19128,Mario,0,0,0,28,0,0,0,04 Mar 20:00,0,0,86,0,Forward,0,0
0,-51,Balotelli,0,0,EVE(A) 0-2,Man City,19130,Mario,0,0,0,30,0,0,0,16 Mar 12:45,0,0,86,0,Forward,0,0
0,-59,Balotelli,0,0,NEW(H) 4-0,Man City,19131,Mario,0,0,0,31,0,0,0,30 Mar 15:00,0,0,86,0,Forward,0,0
0,-31,Balotelli,0,0,MUN(A) 2-1,Man City,19132,Mario,0,0,0,32,0,0,0,08 Apr 20:00,0,0,86,0,Forward,0,0
0,-43,Balotelli,0,0,WIG(H) 1-0,Man City,19133,Mario,0,0,0,33,0,0,0,17 Apr 19:45,0,0,86,0,Forward,0,0
0,-32,Balotelli,0,0,TOT(A) 1-3,Man City,19134,Mario,0,0,0,34,0,0,0,21 Apr 13:30,0,0,86,0,Forward,0,0
0,-34,Balotelli,0,0,WHU(H) 2-1,Man City,19135,Mario,0,0,0,35,0,0,0,27 Apr 12:45,0,0,86,0,Forward,0,0
0,-21,Balotelli,0,0,WBA(H) 1-0,Man City,19136,Mario,0,0,0,36,0,0,0,07 May 19:45,0,0,86,0,Forward,0,0
0,-13,Balotelli,0,0,RDG(A) 2-0,Man City,19137,Mario,0,0,0,37,0,0,0,14 May 20:00,0,0,86,0,Forward,0,0
0,-10,Balotelli,0,0,NOR(H) 2-3,Man City,19138,Mario,0,0,0,38,0,0,0,19 May 16:00,0,0,86,0,Forward,0,0
0,0,Carrick,1,0,EVE(A) 0-1,Man Utd,2101,Michael,0,90,7,1,0,0,0,20 Aug 20:00,0,0,60,2,Midfielder,0,0
0,-2959,Carrick,2,0,FUL(H) 3-2,Man Utd,2102,Michael,0,90,27,2,0,0,0,25 Aug 15:00,0,0,60,2,Midfielder,0,0
0,-6975,Carrick,2,0,SOU(A) 3-2,Man Utd,2103,Michael,0,90,20,3,0,0,0,02 Sep 16:00,0,0,60,2,Midfielder,0,0
0,-4523,Carrick,0,0,WIG(H) 4-0,Man Utd,2104,Michael,0,90,19,4,0,1,0,15 Sep 15:00,0,0,59,3,Midfielder,0,0
0,-1712,Carrick,1,0,LIV(A) 2-1,Man Utd,2105,Michael,0,90,14,5,0,0,0,23 Sep 13:30,0,0,59,2,Midfielder,0,0
0,-842,Carrick,3,0,TOT(H) 2-3,Man Utd,2106,Michael,0,90,4,6,0,0,0,29 Sep 17:30,0,0,59,2,Midfielder,0,0
0,-1928,Carrick,0,0,NEW(A) 3-0,Man Utd,2107,Michael,0,90,20,7,0,1,0,07 Oct 16:00,0,0,58,3,Midfielder,0,0
0,-810,Carrick,2,0,STK(H) 4-2,Man Utd,2108,Michael,0,90,17,8,0,0,0,20 Oct 15:00,0,0,58,2,Midfielder,0,0
0,-671,Carrick,2,0,CHE(A) 3-2,Man Utd,2109,Michael,0,90,23,9,1,0,0,28 Oct 16:00,0,0,58,3,Midfielder,0,0
0,199,Carrick,1,0,ARS(H) 2-1,Man Utd,21010,Michael,0,90,12,10,0,0,0,03 Nov 12:45,0,0,58,2,Midfielder,0,0
1,909,Carrick,2,0,AVL(A) 3-2,Man Utd,21011,Michael,0,90,24,11,1,0,0,10 Nov 17:30,0,0,58,2,Midfielder,0,0
0,-114,Carrick,1,0,NOR(A) 0-1,Man Utd,21012,Michael,0,90,4,12,0,0,0,17 Nov 17:30,0,0,58,2,Midfielder,0,0
0,1821,Carrick,0,0,QPR(H) 3-1,Man Utd,21013,Michael,0,0,0,13,0,0,0,24 Nov 15:00,0,0,58,0,Midfielder,0,0
1,-1578,Carrick,0,0,WHU(H) 1-0,Man Utd,21014,Michael,0,90,17,14,0,1,1,28 Nov 20:00,0,0,58,5,Midfielder,0,0
0,504,Carrick,3,0,RDG(A) 4-3,Man Utd,21015,Michael,0,90,16,15,0,0,0,01 Dec 17:30,0,0,58,2,Midfielder,0,0
0,-1765,Carrick,2,0,MCI(A) 3-2,Man Utd,21016,Michael,0,90,15,16,0,0,0,09 Dec 13:30,0,0,58,2,Midfielder,0,0
0,-99,Carrick,0,0,SUN(H) 3-1,Man Utd,21017,Michael,0,45,15,17,0,0,1,15 Dec 15:00,0,0,58,4,Midfielder,0,0
0,158,Carrick,1,0,SWA(A) 1-1,Man Utd,21018,Michael,0,90,15,18,0,0,0,23 Dec 13:30,0,0,58,2,Midfielder,0,0
0,1091,Carrick,3,0,NEW(H) 4-3,Man Utd,21019,Michael,0,90,32,19,0,0,2,26 Dec 15:00,0,0,58,8,Midfielder,0,0
0,10688,Carrick,0,0,WBA(H) 2-0,Man Utd,21020,Michael,0,90,9,20,0,1,0,29 Dec 15:00,0,0,58,3,Midfielder,0,0
0,2521,Carrick,0,0,WIG(A) 4-0,Man Utd,21021,Michael,0,67,12,21,0,1,0,01 Jan 15:00,0,0,58,3,Midfielder,0,0
0,-2308,Carrick,1,0,LIV(H) 2-1,Man Utd,21022,Michael,0,90,16,22,0,0,0,13 Jan 13:30,0,0,58,2,Midfielder,0,0
1,-1892,Carrick,1,0,TOT(A) 1-1,Man Utd,21023,Michael,0,90,7,23,0,0,0,20 Jan 16:00,0,0,58,1,Midfielder,0,0
0,1541,Carrick,1,0,SOU(H) 2-1,Man Utd,21024,Michael,0,90,19,24,0,0,0,30 Jan 20:00,0,0,58,2,Midfielder,0,0
0,-1221,Carrick,0,0,FUL(A) 1-0,Man Utd,21025,Michael,0,90,16,25,0,1,0,02 Feb 17:30,0,0,58,3,Midfielder,0,0
0,-4765,Carrick,0,0,EVE(H) 2-0,Man Utd,21026,Michael,0,35,6,26,0,0,0,10 Feb 16:00,0,0,58,1,Midfielder,0,0
0,1021,Carrick,0,0,QPR(A) 2-0,Man Utd,21027,Michael,0,90,23,27,1,1,0,23 Feb 15:00,0,0,58,4,Midfielder,0,0
0,220,Carrick,0,0,NOR(H) 4-0,Man Utd,21028,Michael,0,90,28,28,1,1,0,02 Mar 15:00,0,0,58,4,Midfielder,0,0
0,5109,Carrick,0,0,RDG(H) 1-0,Man Utd,21030,Michael,0,17,4,30,0,0,0,16 Mar 17:30,0,0,58,1,Midfielder,0,0
0,2816,Carrick,0,0,SUN(A) 1-0,Man Utd,21031,Michael,0,90,20,31,0,1,0,30 Mar 12:45,0,0,58,3,Midfielder,0,0
0,3627,Carrick,2,0,MCI(H) 1-2,Man Utd,21032,Michael,0,90,9,32,0,0,0,08 Apr 20:00,0,0,58,2,Midfielder,0,0
0,22284,Carrick,2,0,WHU(A) 2-2,Man Utd,21033,Michael,0,90,6,33,0,0,0,17 Apr 19:45,0,0,59,2,Midfielder,0,0
0,7345,Carrick,0,0,AVL(H) 3-0,Man Utd,21034,Michael,0,90,12,34,0,1,0,22 Apr 20:00,0,0,59,3,Midfielder,0,0
0,-2632,Carrick,1,0,ARS(A) 1-1,Man Utd,21035,Michael,0,90,12,35,0,0,0,28 Apr 16:00,0,0,59,2,Midfielder,0,0
0,-7291,Carrick,0,0,CHE(H) 0-1,Man Utd,21036,Michael,0,0,0,36,0,0,0,05 May 16:00,0,0,59,0,Midfielder,0,0
0,801,Carrick,1,0,SWA(H) 2-1,Man Utd,21037,Michael,0,90,18,37,0,0,0,12 May 16:00,0,0,59,2,Midfielder,0,0
0,-1661,Carrick,5,0,WBA(A) 5-5,Man Utd,21038,Michael,0,90,15,38,0,0,0,19 May 16:00,0,0,59,2,Midfielder,0,0
0,0,Williamson,0,0,TOT(H) 2-1,Newcastle,2291,Mike,0,0,0,1,0,0,0,18 Aug 17:30,0,0,45,0,Defender,0,0
0,-3250,Williamson,0,0,CHE(A) 0-2,Newcastle,2292,Mike,0,0,0,2,0,0,0,25 Aug 17:30,0,0,45,0,Defender,0,0
0,-4121,Williamson,0,0,AVL(H) 1-1,Newcastle,2293,Mike,0,0,0,3,0,0,0,02 Sep 16:00,0,0,44,0,Defender,0,0
0,-2287,Williamson,2,0,EVE(A) 2-2,Newcastle,2294,Mike,0,90,17,4,0,0,0,17 Sep 20:00,0,0,43,1,Defender,0,0
0,-250,Williamson,0,0,NOR(H) 1-0,Newcastle,2295,Mike,0,90,20,5,1,1,0,23 Sep 15:00,0,0,43,7,Defender,0,0
1,1103,Williamson,2,0,RDG(A) 2-2,Newcastle,2296,Mike,0,90,17,6,0,0,0,29 Sep 15:00,0,0,43,0,Defender,0,0
0,257,Williamson,3,0,MUN(H) 0-3,Newcastle,2297,Mike,0,90,2,7,0,0,0,07 Oct 16:00,0,0,43,1,Defender,0,0
1,444,Williamson,1,0,SUN(A) 1-1,Newcastle,2298,Mike,0,90,9,8,0,0,0,21 Oct 13:30,0,0,43,1,Defender,0,0
0,920,Williamson,1,0,WBA(H) 2-1,Newcastle,2299,Mike,0,90,13,9,0,0,0,28 Oct 15:00,0,0,43,2,Defender,0,0
0,862,Williamson,0,0,LIV(A) 1-1,Newcastle,22910,Mike,0,0,0,10,0,0,0,04 Nov 16:00,0,0,43,0,Defender,0,0
0,1117,Williamson,1,0,WHU(H) 0-1,Newcastle,22911,Mike,0,90,10,11,0,0,0,11 Nov 15:00,0,0,43,2,Defender,0,0
0,479,Williamson,2,0,SWA(H) 1-2,Newcastle,22912,Mike,0,90,8,12,0,0,0,17 Nov 15:00,0,0,43,1,Defender,0,0
1,-328,Williamson,2,0,SOU(A) 0-2,Newcastle,22913,Mike,0,90,6,13,0,0,0,25 Nov 15:00,0,0,43,0,Defender,0,0
0,-892,Williamson,2,0,STK(A) 1-2,Newcastle,22914,Mike,0,90,3,14,0,0,0,28 Nov 19:45,0,0,43,1,Defender,0,0
0,-201,Williamson,0,0,WIG(H) 3-0,Newcastle,22915,Mike,0,90,19,15,0,1,0,03 Dec 20:00,0,0,43,6,Defender,0,0
0,-551,Williamson,2,0,FUL(A) 1-2,Newcastle,22916,Mike,0,90,-2,16,0,0,0,10 Dec 20:00,0,0,43,1,Defender,0,0
1,-601,Williamson,3,0,MCI(H) 1-3,Newcastle,22917,Mike,0,90,14,17,0,0,0,15 Dec 12:45,0,0,43,0,Defender,0,0
0,493,Williamson,0,0,QPR(H) 1-0,Newcastle,22918,Mike,0,90,17,18,0,1,0,22 Dec 15:00,0,0,43,6,Defender,0,0
1,-254,Williamson,4,0,MUN(A) 3-4,Newcastle,22919,Mike,0,90,3,19,0,0,0,26 Dec 15:00,0,0,43,-1,Defender,0,0
0,-2660,Williamson,0,0,ARS(A) 3-7,Newcastle,22920,Mike,0,0,0,20,0,0,0,29 Dec 17:30,0,0,43,0,Defender,0,0
1,-223,Williamson,2,0,EVE(H) 1-2,Newcastle,22921,Mike,0,90,2,21,0,0,0,02 Jan 20:00,0,0,43,0,Defender,0,0
0,-443,Williamson,0,0,NOR(A) 0-0,Newcastle,22922,Mike,0,90,8,22,0,1,0,12 Jan 15:00,0,0,43,6,Defender,0,0
1,1023,Williamson,2,0,RDG(H) 1-2,Newcastle,22923,Mike,0,90,7,23,0,0,0,19 Jan 15:00,0,0,43,0,Defender,0,0
0,-828,Williamson,0,0,AVL(A) 2-1,Newcastle,22924,Mike,0,0,0,24,0,0,0,29 Jan 19:45,0,0,43,0,Defender,0,0
0,-1253,Williamson,0,0,CHE(H) 3-2,Newcastle,22925,Mike,0,0,0,25,0,0,0,02 Feb 15:00,0,0,43,0,Defender,0,0
0,-717,Williamson,0,0,TOT(A) 1-2,Newcastle,22926,Mike,0,0,0,26,0,0,0,09 Feb 12:45,0,0,42,0,Defender,0,0
0,-604,Williamson,0,0,SOU(H) 4-2,Newcastle,22927,Mike,0,0,0,27,0,0,0,24 Feb 13:30,0,0,42,0,Defender,0,0
0,-409,Williamson,0,0,SWA(A) 0-1,Newcastle,22928,Mike,0,0,0,28,0,0,0,02 Mar 15:00,0,0,42,0,Defender,0,0
0,-102,Williamson,0,0,STK(H) 2-1,Newcastle,22929,Mike,0,0,0,29,0,0,0,10 Mar 15:00,0,0,41,0,Defender,0,0
0,-269,Williamson,0,0,WIG(A) 1-2,Newcastle,22930,Mike,0,0,0,30,0,0,0,17 Mar 16:00,0,0,41,0,Defender,0,0
0,-237,Williamson,0,0,MCI(A) 0-4,Newcastle,22931,Mike,0,0,0,31,0,0,0,30 Mar 15:00,0,0,41,0,Defender,0,0
0,-132,Williamson,0,0,FUL(H) 1-0,Newcastle,22932,Mike,0,0,0,32,0,0,0,07 Apr 15:00,0,0,41,0,Defender,0,0
0,-149,Williamson,0,0,SUN(H) 0-3,Newcastle,22933,Mike,0,0,0,33,0,0,0,14 Apr 12:00,0,0,40,0,Defender,0,0
0,-95,Williamson,0,0,WBA(A) 1-1,Newcastle,22934,Mike,0,0,0,34,0,0,0,20 Apr 15:00,0,0,40,0,Defender,0,0
0,-112,Williamson,0,0,LIV(H) 0-6,Newcastle,22935,Mike,0,0,0,35,0,0,0,27 Apr 17:30,0,0,40,0,Defender,0,0
0,-124,Williamson,0,0,WHU(A) 0-0,Newcastle,22936,Mike,0,0,0,36,0,0,0,04 May 15:00,0,0,40,0,Defender,0,0
1,-30,Williamson,1,0,QPR(A) 2-1,Newcastle,22937,Mike,0,90,12,37,0,0,0,12 May 15:00,0,0,40,1,Defender,0,0
0,-14,Williamson,0,0,ARS(H) 0-1,Newcastle,22938,Mike,0,0,0,38,0,0,0,19 May 16:00,0,0,40,0,Defender,0,0
0,0,Abeid,0,0,TOT(H) 2-1,Newcastle,2451,Mehdi,0,0,0,1,0,0,0,18 Aug 17:30,0,0,45,0,Midfielder,0,0
0,-115,Abeid,0,0,CHE(A) 0-2,Newcastle,2452,Mehdi,0,0,0,2,0,0,0,25 Aug 17:30,0,0,45,0,Midfielder,0,0
0,-121,Abeid,0,0,AVL(H) 1-1,Newcastle,2453,Mehdi,0,0,0,3,0,0,0,02 Sep 16:00,0,0,44,0,Midfielder,0,0
0,-60,Abeid,0,0,EVE(A) 2-2,Newcastle,2454,Mehdi,0,0,0,4,0,0,0,17 Sep 20:00,0,0,44,0,Midfielder,0,0
0,-33,Abeid,0,0,NOR(H) 1-0,Newcastle,2455,Mehdi,0,0,0,5,0,0,0,23 Sep 15:00,0,0,43,0,Midfielder,0,0
0,74,Abeid,0,0,RDG(A) 2-2,Newcastle,2456,Mehdi,0,0,0,6,0,0,0,29 Sep 15:00,0,0,43,0,Midfielder,0,0
0,-5,Abeid,0,0,MUN(H) 0-3,Newcastle,2457,Mehdi,0,0,0,7,0,0,0,07 Oct 16:00,0,0,43,0,Midfielder,0,0
0,-7,Abeid,0,0,SUN(A) 1-1,Newcastle,2458,Mehdi,0,0,0,8,0,0,0,21 Oct 13:30,0,0,43,0,Midfielder,0,0
0,-15,Abeid,0,0,WBA(H) 2-1,Newcastle,2459,Mehdi,0,0,0,9,0,0,0,28 Oct 15:00,0,0,43,0,Midfielder,0,0
0,-10,Abeid,0,0,LIV(A) 1-1,Newcastle,24510,Mehdi,0,0,0,10,0,0,0,04 Nov 16:00,0,0,43,0,Midfielder,0,0
0,-10,Abeid,0,0,WHU(H) 0-1,Newcastle,24511,Mehdi,0,0,0,11,0,0,0,11 Nov 15:00,0,0,43,0,Midfielder,0,0
0,-20,Abeid,0,0,SWA(H) 1-2,Newcastle,24512,Mehdi,0,0,0,12,0,0,0,17 Nov 15:00,0,0,43,0,Midfielder,0,0
0,-7,Abeid,0,0,SOU(A) 0-2,Newcastle,24513,Mehdi,0,0,0,13,0,0,0,25 Nov 15:00,0,0,43,0,Midfielder,0,0
0,-3,Abeid,0,0,STK(A) 1-2,Newcastle,24514,Mehdi,0,0,0,14,0,0,0,28 Nov 19:45,0,0,43,0,Midfielder,0,0
0,-15,Abeid,0,0,WIG(H) 3-0,Newcastle,24515,Mehdi,0,0,0,15,0,0,0,03 Dec 20:00,0,0,43,0,Midfielder,0,0
0,-25,Abeid,0,0,FUL(A) 1-2,Newcastle,24516,Mehdi,0,0,0,16,0,0,0,10 Dec 20:00,0,0,43,0,Midfielder,0,0
0,-7,Abeid,0,0,MCI(H) 1-3,Newcastle,24517,Mehdi,0,0,0,17,0,0,0,15 Dec 12:45,0,0,43,0,Midfielder,0,0
0,-11,Abeid,0,0,QPR(H) 1-0,Newcastle,24518,Mehdi,0,0,0,18,0,0,0,22 Dec 15:00,0,0,43,0,Midfielder,0,0
0,0,Abeid,0,0,MUN(A) 3-4,Newcastle,24519,Mehdi,0,0,0,19,0,0,0,26 Dec 15:00,0,0,43,0,Midfielder,0,0
0,-7,Abeid,0,0,ARS(A) 3-7,Newcastle,24520,Mehdi,0,0,0,20,0,0,0,29 Dec 17:30,0,0,43,0,Midfielder,0,0
0,-5,Abeid,0,0,EVE(H) 1-2,Newcastle,24521,Mehdi,0,0,0,21,0,0,0,02 Jan 20:00,0,0,43,0,Midfielder,0,0
0,-24,Abeid,0,0,NOR(A) 0-0,Newcastle,24522,Mehdi,0,0,0,22,0,0,0,12 Jan 15:00,0,0,43,0,Midfielder,0,0
0,-15,Abeid,0,0,RDG(H) 1-2,Newcastle,24523,Mehdi,0,0,0,23,0,0,0,19 Jan 15:00,0,0,43,0,Midfielder,0,0
0,5,Abeid,0,0,AVL(A) 2-1,Newcastle,24524,Mehdi,0,0,0,24,0,0,0,29 Jan 19:45,0,0,43,0,Midfielder,0,0
0,-11,Abeid,0,0,CHE(H) 3-2,Newcastle,24525,Mehdi,0,0,0,25,0,0,0,02 Feb 15:00,0,0,43,0,Midfielder,0,0
0,-32,Abeid,0,0,TOT(A) 1-2,Newcastle,24526,Mehdi,0,0,0,26,0,0,0,09 Feb 12:45,0,0,43,0,Midfielder,0,0
0,-22,Abeid,0,0,SOU(H) 4-2,Newcastle,24527,Mehdi,0,0,0,27,0,0,0,24 Feb 13:30,0,0,43,0,Midfielder,0,0
0,-12,Abeid,0,0,SWA(A) 0-1,Newcastle,24528,Mehdi,0,0,0,28,0,0,0,02 Mar 15:00,0,0,43,0,Midfielder,0,0
0,-11,Abeid,0,0,STK(H) 2-1,Newcastle,24529,Mehdi,0,0,0,29,0,0,0,10 Mar 15:00,0,0,43,0,Midfielder,0,0
0,-4,Abeid,0,0,WIG(A) 1-2,Newcastle,24530,Mehdi,0,0,0,30,0,0,0,17 Mar 16:00,0,0,43,0,Midfielder,0,0
0,-5,Abeid,0,0,MCI(A) 0-4,Newcastle,24531,Mehdi,0,0,0,31,0,0,0,30 Mar 15:00,0,0,43,0,Midfielder,0,0
0,-4,Abeid,0,0,FUL(H) 1-0,Newcastle,24532,Mehdi,0,0,0,32,0,0,0,07 Apr 15:00,0,0,43,0,Midfielder,0,0
0,-2,Abeid,0,0,SUN(H) 0-3,Newcastle,24533,Mehdi,0,0,0,33,0,0,0,14 Apr 12:00,0,0,43,0,Midfielder,0,0
0,-1,Abeid,0,0,WBA(A) 1-1,Newcastle,24534,Mehdi,0,0,0,34,0,0,0,20 Apr 15:00,0,0,43,0,Midfielder,0,0
0,-4,Abeid,0,0,LIV(H) 0-6,Newcastle,24535,Mehdi,0,0,0,35,0,0,0,27 Apr 17:30,0,0,43,0,Midfielder,0,0
0,-5,Abeid,0,0,WHU(A) 0-0,Newcastle,24536,Mehdi,0,0,0,36,0,0,0,04 May 15:00,0,0,43,0,Midfielder,0,0
0,1,Abeid,0,0,QPR(A) 2-1,Newcastle,24537,Mehdi,0,0,0,37,0,0,0,12 May 15:00,0,0,43,0,Midfielder,0,0
0,-2,Abeid,0,0,ARS(H) 0-1,Newcastle,24538,Mehdi,0,0,0,38,0,0,0,19 May 16:00,0,0,43,0,Midfielder,0,0
0,0,Tierney,5,0,FUL(A) 0-5,Norwich,2581,Marc,0,90,7,1,0,0,0,18 Aug 15:00,0,0,40,0,Defender,0,0
0,-3696,Tierney,0,0,QPR(H) 1-1,Norwich,2582,Marc,0,0,0,2,0,0,0,25 Aug 15:00,0,0,40,0,Defender,0,0
0,-9198,Tierney,0,0,TOT(A) 1-1,Norwich,2583,Marc,0,0,0,3,0,0,0,01 Sep 15:00,0,0,40,0,Defender,0,0
0,-5846,Tierney,0,0,WHU(H) 0-0,Norwich,2584,Marc,0,0,0,4,0,0,0,15 Sep 12:45,0,0,39,0,Defender,0,0
0,-2520,Tierney,0,0,NEW(A) 0-1,Norwich,2585,Marc,0,0,0,5,0,0,0,23 Sep 15:00,0,0,39,0,Defender,0,0
0,-2023,Tierney,0,0,LIV(H) 2-5,Norwich,2586,Marc,0,0,0,6,0,0,0,29 Sep 15:00,0,0,39,0,Defender,0,0
0,-1349,Tierney,0,0,CHE(A) 1-4,Norwich,2587,Marc,0,0,0,7,0,0,0,06 Oct 15:00,0,0,39,0,Defender,0,0
0,-1136,Tierney,0,0,ARS(H) 1-0,Norwich,2588,Marc,0,0,0,8,0,0,0,20 Oct 17:30,0,0,39,0,Defender,0,0
0,3228,Tierney,0,0,AVL(A) 1-1,Norwich,2589,Marc,0,0,0,9,0,0,0,27 Oct 12:45,0,0,38,0,Defender,0,0
0,4842,Tierney,0,0,STK(H) 1-0,Norwich,25810,Marc,0,0,0,10,0,0,0,03 Nov 15:00,0,0,38,0,Defender,0,0
0,4048,Tierney,0,0,RDG(A) 0-0,Norwich,25811,Marc,0,0,0,11,0,0,0,10 Nov 15:00,0,0,38,0,Defender,0,0
0,1161,Tierney,0,0,MUN(H) 1-0,Norwich,25812,Marc,0,0,0,12,0,0,0,17 Nov 17:30,0,0,38,0,Defender,0,0
0,396,Tierney,0,0,EVE(A) 1-1,Norwich,25813,Marc,0,0,0,13,0,0,0,24 Nov 15:00,0,0,38,0,Defender,0,0
0,-277,Tierney,0,0,SOU(A) 1-1,Norwich,25814,Marc,0,0,0,14,0,0,0,28 Nov 19:45,0,0,38,0,Defender,0,0
0,-230,Tierney,0,0,SUN(H) 2-1,Norwich,25815,Marc,0,0,0,15,0,0,0,02 Dec 16:00,0,0,38,0,Defender,0,0
0,-1051,Tierney,0,0,SWA(A) 4-3,Norwich,25816,Marc,0,0,0,16,0,0,0,08 Dec 15:00,0,0,38,0,Defender,0,0
0,-1161,Tierney,0,0,WIG(H) 2-1,Norwich,25817,Marc,0,0,0,17,0,0,0,15 Dec 15:00,0,0,38,0,Defender,0,0
0,-511,Tierney,0,0,WBA(A) 1-2,Norwich,25818,Marc,0,0,0,18,0,0,0,22 Dec 15:00,0,0,38,0,Defender,0,0
0,-563,Tierney,0,0,CHE(H) 0-1,Norwich,25819,Marc,0,0,0,19,0,0,0,26 Dec 15:00,0,0,38,0,Defender,0,0
0,-833,Tierney,0,0,MCI(H) 3-4,Norwich,25820,Marc,0,0,0,20,0,0,0,29 Dec 15:00,0,0,38,0,Defender,0,0
0,-295,Tierney,0,0,WHU(A) 1-2,Norwich,25821,Marc,0,0,0,21,0,0,0,01 Jan 15:00,0,0,38,0,Defender,0,0
0,-2377,Tierney,0,0,NEW(H) 0-0,Norwich,25822,Marc,0,0,0,22,0,0,0,12 Jan 15:00,0,0,38,0,Defender,0,0
0,-1219,Tierney,0,0,LIV(A) 0-5,Norwich,25823,Marc,0,0,0,23,0,0,0,19 Jan 15:00,0,0,38,0,Defender,0,0
0,-991,Tierney,0,0,TOT(H) 1-1,Norwich,25824,Marc,0,0,0,24,0,0,0,30 Jan 19:45,0,0,38,0,Defender,0,0
0,-560,Tierney,0,0,QPR(A) 0-0,Norwich,25825,Marc,0,0,0,25,0,0,0,02 Feb 12:45,0,0,38,0,Defender,0,0
0,-353,Tierney,0,0,FUL(H) 0-0,Norwich,25826,Marc,0,0,0,26,0,0,0,09 Feb 15:00,0,0,38,0,Defender,0,0
0,-575,Tierney,0,0,EVE(H) 2-1,Norwich,25827,Marc,0,0,0,27,0,0,0,23 Feb 15:00,0,0,38,0,Defender,0,0
0,-265,Tierney,0,0,MUN(A) 0-4,Norwich,25828,Marc,0,0,0,28,0,0,0,02 Mar 15:00,0,0,38,0,Defender,0,0
0,-668,Tierney,0,0,SOU(H) 0-0,Norwich,25829,Marc,0,0,0,29,0,0,0,09 Mar 15:00,0,0,38,0,Defender,0,0
0,-221,Tierney,0,0,SUN(A) 1-1,Norwich,25830,Marc,0,0,0,30,0,0,0,17 Mar 13:30,0,0,38,0,Defender,0,0
0,-228,Tierney,0,0,WIG(A) 0-1,Norwich,25831,Marc,0,0,0,31,0,0,0,30 Mar 15:00,0,0,38,0,Defender,0,0
0,-186,Tierney,0,0,SWA(H) 2-2,Norwich,25832,Marc,0,0,0,32,0,0,0,06 Apr 15:00,0,0,38,0,Defender,0,0
0,-208,Tierney,0,0,ARS(A) 1-3,Norwich,25833,Marc,0,0,0,33,0,0,0,13 Apr 15:00,0,0,38,0,Defender,0,0
0,-65,Tierney,0,0,RDG(H) 2-1,Norwich,25834,Marc,0,0,0,34,0,0,0,20 Apr 15:00,0,0,38,0,Defender,0,0
0,-106,Tierney,0,0,STK(A) 0-1,Norwich,25835,Marc,0,0,0,35,0,0,0,27 Apr 15:00,0,0,38,0,Defender,0,0
0,-102,Tierney,0,0,AVL(H) 1-2,Norwich,25836,Marc,0,0,0,36,0,0,0,04 May 15:00,0,0,38,0,Defender,0,0
0,-51,Tierney,0,0,WBA(H) 4-0,Norwich,25837,Marc,0,0,0,37,0,0,0,12 May 15:00,0,0,38,0,Defender,0,0
0,-22,Tierney,0,0,MCI(A) 3-2,Norwich,25838,Marc,0,0,0,38,0,0,0,19 May 16:00,0,0,38,0,Defender,0,0
0,0,Connolly,0,0,SWA(H) 0-5,QPR,2831,Matthew,0,0,0,1,0,0,0,18 Aug 15:00,0,0,40,0,Defender,0,0
0,-1123,Connolly,0,0,NOR(A) 1-1,QPR,2832,Matthew,0,0,0,2,0,0,0,25 Aug 15:00,0,0,40,0,Defender,0,0
0,-1530,Connolly,0,0,MCI(A) 1-3,QPR,2833,Matthew,0,0,0,3,0,0,0,01 Sep 17:30,0,0,40,0,Defender,0,0
0,-791,Connolly,0,0,CHE(H) 0-0,QPR,2834,Matthew,0,0,0,4,0,0,0,15 Sep 15:00,0,0,40,0,Defender,0,0
0,-305,Connolly,0,0,TOT(A) 1-2,QPR,2835,Matthew,0,0,0,5,0,0,0,23 Sep 16:00,0,0,40,0,Defender,0,0
0,-268,Connolly,0,0,WHU(H) 1-2,QPR,2836,Matthew,0,0,0,6,0,0,0,01 Oct 20:00,0,0,40,0,Defender,0,0
0,-155,Connolly,0,0,WBA(A) 2-3,QPR,2837,Matthew,0,0,0,7,0,0,0,06 Oct 15:00,0,0,40,0,Defender,0,0
0,-161,Connolly,0,0,EVE(H) 1-1,QPR,2838,Matthew,0,0,0,8,0,0,0,21 Oct 16:00,0,0,40,0,Defender,0,0
0,-97,Connolly,0,0,ARS(A) 0-1,QPR,2839,Matthew,0,0,0,9,0,0,0,27 Oct 15:00,0,0,40,0,Defender,0,0
0,-94,Connolly,0,0,RDG(H) 1-1,QPR,28310,Matthew,0,0,0,10,0,0,0,04 Nov 13:30,0,0,40,0,Defender,0,0
0,-91,Connolly,0,0,STK(A) 0-1,QPR,28311,Matthew,0,0,0,11,0,0,0,10 Nov 15:00,0,0,40,0,Defender,0,0
0,-79,Connolly,0,0,SOU(H) 1-3,QPR,28312,Matthew,0,0,0,12,0,0,0,17 Nov 15:00,0,0,40,0,Defender,0,0
0,-74,Connolly,0,0,MUN(A) 1-3,QPR,28313,Matthew,0,0,0,13,0,0,0,24 Nov 15:00,0,0,40,0,Defender,0,0
0,-42,Connolly,0,0,SUN(A) 0-0,QPR,28314,Matthew,0,0,0,14,0,0,0,27 Nov 19:45,0,0,40,0,Defender,0,0
0,-51,Connolly,0,0,AVL(H) 1-1,QPR,28315,Matthew,0,0,0,15,0,0,0,01 Dec 15:00,0,0,40,0,Defender,0,0
0,-58,Connolly,0,0,WIG(A) 2-2,QPR,28316,Matthew,0,0,0,16,0,0,0,08 Dec 15:00,0,0,40,0,Defender,0,0
0,-68,Connolly,0,0,FUL(H) 2-1,QPR,28317,Matthew,0,0,0,17,0,0,0,15 Dec 15:00,0,0,40,0,Defender,0,0
0,-39,Connolly,0,0,NEW(A) 0-1,QPR,28318,Matthew,0,0,0,18,0,0,0,22 Dec 15:00,0,0,40,0,Defender,0,0
0,-33,Connolly,0,0,WBA(H) 1-2,QPR,28319,Matthew,0,0,0,19,0,0,0,26 Dec 15:00,0,0,40,0,Defender,0,0
0,-46,Connolly,0,0,LIV(H) 0-3,QPR,28320,Matthew,0,0,0,20,0,0,0,30 Dec 16:00,0,0,40,0,Defender,0,0
0,-24,Connolly,0,0,CHE(A) 1-0,QPR,28321,Matthew,0,0,0,21,0,0,0,02 Jan 19:45,0,0,40,0,Defender,0,0
0,-88,Connolly,0,0,TOT(H) 0-0,QPR,28322,Matthew,0,0,0,22,0,0,0,12 Jan 12:45,0,0,40,0,Defender,0,0
0,-33,Connolly,0,0,WHU(A) 1-1,QPR,28323,Matthew,0,0,0,23,0,0,0,19 Jan 15:00,0,0,40,0,Defender,0,0
0,-48,Connolly,0,0,MCI(H) 0-0,QPR,28324,Matthew,0,0,0,24,0,0,0,29 Jan 19:45,0,0,40,0,Defender,0,0
0,-25,Connolly,0,0,NOR(H) 0-0,QPR,28325,Matthew,0,0,0,25,0,0,0,02 Feb 12:45,0,0,40,0,Defender,0,0
0,-15,Connolly,0,0,SWA(A) 1-4,QPR,28326,Matthew,0,0,0,26,0,0,0,09 Feb 15:00,0,0,40,0,Defender,0,0
0,-25,Connolly,0,0,MUN(H) 0-2,QPR,28327,Matthew,0,0,0,27,0,0,0,23 Feb 15:00,0,0,40,0,Defender,0,0
0,-10,Connolly,0,0,SOU(A) 2-1,QPR,28328,Matthew,0,0,0,28,0,0,0,02 Mar 15:00,0,0,40,0,Defender,0,0
0,-19,Connolly,0,0,SUN(H) 3-1,QPR,28329,Matthew,0,0,0,29,0,0,0,09 Mar 15:00,0,0,40,0,Defender,0,0
0,-6,Connolly,0,0,AVL(A) 2-3,QPR,28330,Matthew,0,0,0,30,0,0,0,16 Mar 15:00,0,0,40,0,Defender,0,0
0,-9,Connolly,0,0,FUL(A) 2-3,QPR,28331,Matthew,0,0,0,31,0,0,0,01 Apr 20:00,0,0,40,0,Defender,0,0
0,-9,Connolly,0,0,WIG(H) 1-1,QPR,28332,Matthew,0,0,0,32,0,0,0,07 Apr 16:10,0,0,40,0,Defender,0,0
0,-7,Connolly,0,0,EVE(A) 0-2,QPR,28333,Matthew,0,0,0,33,0,0,0,13 Apr 15:00,0,0,40,0,Defender,0,0
0,-5,Connolly,0,0,STK(H) 0-2,QPR,28334,Matthew,0,0,0,34,0,0,0,20 Apr 15:00,0,0,40,0,Defender,0,0
0,-6,Connolly,0,0,RDG(A) 0-0,QPR,28335,Matthew,0,0,0,35,0,0,0,28 Apr 13:30,0,0,40,0,Defender,0,0
0,-2,Connolly,0,0,ARS(H) 0-1,QPR,28336,Matthew,0,0,0,36,0,0,0,04 May 17:30,0,0,40,0,Defender,0,0
0,0,Connolly,0,0,NEW(H) 1-2,QPR,28337,Matthew,0,0,0,37,0,0,0,12 May 15:00,0,0,40,0,Defender,0,0
0,-2,Connolly,0,0,LIV(A) 0-1,QPR,28338,Matthew,0,0,0,38,0,0,0,19 May 16:00,0,0,40,0,Defender,0,0
0,0,Harriman,0,0,SWA(H) 0-5,QPR,2851,Michael,0,0,0,1,0,0,0,18 Aug 15:00,0,0,40,0,Defender,0,0
0,-91,Harriman,0,0,NOR(A) 1-1,QPR,2852,Michael,0,0,0,2,0,0,0,25 Aug 15:00,0,0,40,0,Defender,0,0
0,-163,Harriman,0,0,MCI(A) 1-3,QPR,2853,Michael,0,0,0,3,0,0,0,01 Sep 17:30,0,0,40,0,Defender,0,0
0,-120,Harriman,0,0,CHE(H) 0-0,QPR,2854,Michael,0,0,0,4,0,0,0,15 Sep 15:00,0,0,40,0,Defender,0,0
0,-60,Harriman,0,0,TOT(A) 1-2,QPR,2855,Michael,0,0,0,5,0,0,0,23 Sep 16:00,0,0,40,0,Defender,0,0
0,-40,Harriman,0,0,WHU(H) 1-2,QPR,2856,Michael,0,0,0,6,0,0,0,01 Oct 20:00,0,0,40,0,Defender,0,0
0,-3,Harriman,0,0,WBA(A) 2-3,QPR,2857,Michael,0,0,0,7,0,0,0,06 Oct 15:00,0,0,39,0,Defender,0,0
0,111,Harriman,0,0,EVE(H) 1-1,QPR,2858,Michael,0,0,0,8,0,0,0,21 Oct 16:00,0,0,39,0,Defender,0,0
0,55,Harriman,0,0,ARS(A) 0-1,QPR,2859,Michael,0,0,0,9,0,0,0,27 Oct 15:00,0,0,39,0,Defender,0,0
0,47,Harriman,0,0,RDG(H) 1-1,QPR,28510,Michael,0,0,0,10,0,0,0,04 Nov 13:30,0,0,39,0,Defender,0,0
0,14,Harriman,0,0,STK(A) 0-1,QPR,28511,Michael,0,0,0,11,0,0,0,10 Nov 15:00,0,0,39,0,Defender,0,0
0,9,Harriman,0,0,SOU(H) 1-3,QPR,28512,Michael,0,0,0,12,0,0,0,17 Nov 15:00,0,0,39,0,Defender,0,0
0,20,Harriman,0,0,MUN(A) 1-3,QPR,28513,Michael,0,0,0,13,0,0,0,24 Nov 15:00,0,0,39,0,Defender,0,0
0,-10,Harriman,0,0,SUN(A) 0-0,QPR,28514,Michael,0,0,0,14,0,0,0,27 Nov 19:45,0,0,39,0,Defender,0,0
0,-5,Harriman,0,0,AVL(H) 1-1,QPR,28515,Michael,0,0,0,15,0,0,0,01 Dec 15:00,0,0,39,0,Defender,0,0
0,4,Harriman,0,0,WIG(A) 2-2,QPR,28516,Michael,0,0,0,16,0,0,0,08 Dec 15:00,0,0,39,0,Defender,0,0
0,-15,Harriman,0,0,FUL(H) 2-1,QPR,28517,Michael,0,0,0,17,0,0,0,15 Dec 15:00,0,0,39,0,Defender,0,0
0,0,Harriman,0,0,NEW(A) 0-1,QPR,28518,Michael,0,0,0,18,0,0,0,22 Dec 15:00,0,0,39,0,Defender,0,0
0,-15,Harriman,0,0,WBA(H) 1-2,QPR,28519,Michael,0,0,0,19,0,0,0,26 Dec 15:00,0,0,39,0,Defender,0,0
0,-4,Harriman,0,0,LIV(H) 0-3,QPR,28520,Michael,0,0,0,20,0,0,0,30 Dec 16:00,0,0,39,0,Defender,0,0
0,-5,Harriman,0,0,CHE(A) 1-0,QPR,28521,Michael,0,0,0,21,0,0,0,02 Jan 19:45,0,0,39,0,Defender,0,0
0,-27,Harriman,0,0,TOT(H) 0-0,QPR,28522,Michael,0,0,0,22,0,0,0,12 Jan 12:45,0,0,39,0,Defender,0,0
0,-12,Harriman,0,0,WHU(A) 1-1,QPR,28523,Michael,0,0,0,23,0,0,0,19 Jan 15:00,0,0,39,0,Defender,0,0
0,29,Harriman,0,0,MCI(H) 0-0,QPR,28524,Michael,0,0,0,24,0,0,0,29 Jan 19:45,0,0,39,0,Defender,0,0
0,-93,Harriman,0,0,NOR(H) 0-0,QPR,28525,Michael,0,0,0,25,0,0,0,02 Feb 12:45,0,0,39,0,Defender,0,0
0,-70,Harriman,0,0,SWA(A) 1-4,QPR,28526,Michael,0,0,0,26,0,0,0,09 Feb 15:00,0,0,39,0,Defender,0,0
0,-60,Harriman,0,0,MUN(H) 0-2,QPR,28527,Michael,0,0,0,27,0,0,0,23 Feb 15:00,0,0,39,0,Defender,0,0
0,-36,Harriman,0,0,SOU(A) 2-1,QPR,28528,Michael,0,0,0,28,0,0,0,02 Mar 15:00,0,0,39,0,Defender,0,0
0,-43,Harriman,0,0,SUN(H) 3-1,QPR,28529,Michael,0,0,0,29,0,0,0,09 Mar 15:00,0,0,39,0,Defender,0,0
0,-19,Harriman,0,0,AVL(A) 2-3,QPR,28530,Michael,0,0,0,30,0,0,0,16 Mar 15:00,0,0,39,0,Defender,0,0
0,-27,Harriman,0,0,FUL(A) 2-3,QPR,28531,Michael,0,0,0,31,0,0,0,01 Apr 20:00,0,0,39,0,Defender,0,0
0,-13,Harriman,0,0,WIG(H) 1-1,QPR,28532,Michael,0,0,0,32,0,0,0,07 Apr 16:10,0,0,39,0,Defender,0,0
0,-11,Harriman,0,0,EVE(A) 0-2,QPR,28533,Michael,0,0,0,33,0,0,0,13 Apr 15:00,0,0,39,0,Defender,0,0
0,-11,Harriman,0,0,STK(H) 0-2,QPR,28534,Michael,0,0,0,34,0,0,0,20 Apr 15:00,0,0,39,0,Defender,0,0
0,-8,Harriman,0,0,RDG(A) 0-0,QPR,28535,Michael,0,0,0,35,0,0,0,28 Apr 13:30,0,0,39,0,Defender,0,0
0,-12,Harriman,0,0,ARS(H) 0-1,QPR,28536,Michael,0,0,0,36,0,0,0,04 May 17:30,0,0,39,0,Defender,0,0
0,-6,Harriman,0,0,NEW(H) 1-2,QPR,28537,Michael,0,0,0,37,0,0,0,12 May 15:00,0,0,39,0,Defender,0,0
0,-3,Harriman,1,0,LIV(A) 0-1,QPR,28538,Michael,0,90,3,38,0,0,0,19 May 16:00,0,0,39,2,Defender,0,0
0,0,Andersen,0,0,CHE(A) 2-4,Reading,3091,Mikkel,0,0,0,1,0,0,0,22 Aug 19:45,0,0,40,0,Goalkeeper,0,0
0,-109,Andersen,0,0,TOT(H) 1-3,Reading,3094,Mikkel,0,0,0,4,0,0,0,16 Sep 16:00,0,0,40,0,Goalkeeper,0,0
0,-183,Andersen,0,0,WBA(A) 0-1,Reading,3095,Mikkel,0,0,0,5,0,0,0,22 Sep 15:00,0,0,40,0,Goalkeeper,0,0
0,-128,Andersen,0,0,NEW(H) 2-2,Reading,3096,Mikkel,0,0,0,6,0,0,0,29 Sep 15:00,0,0,40,0,Goalkeeper,0,0
0,45,Andersen,0,0,SWA(A) 2-2,Reading,3097,Mikkel,0,0,0,7,0,0,0,06 Oct 15:00,0,0,40,0,Goalkeeper,0,0
0,157,Andersen,0,0,LIV(A) 0-1,Reading,3098,Mikkel,0,0,0,8,0,0,0,20 Oct 15:00,0,0,40,0,Goalkeeper,0,0
0,-17,Andersen,0,0,FUL(H) 3-3,Reading,3099,Mikkel,0,0,0,9,0,0,0,27 Oct 15:00,0,0,40,0,Goalkeeper,0,0
0,-269,Andersen,0,0,QPR(A) 1-1,Reading,30910,Mikkel,0,0,0,10,0,0,0,04 Nov 13:30,0,0,40,0,Goalkeeper,0,0
0,-215,Andersen,0,0,NOR(H) 0-0,Reading,30911,Mikkel,0,0,0,11,0,0,0,10 Nov 15:00,0,0,40,0,Goalkeeper,0,0
0,-204,Andersen,0,0,EVE(H) 2-1,Reading,30912,Mikkel,0,0,0,12,0,0,0,17 Nov 15:00,0,0,40,0,Goalkeeper,0,0
0,-188,Andersen,0,0,WIG(A) 2-3,Reading,30913,Mikkel,0,0,0,13,0,0,0,24 Nov 15:00,0,0,40,0,Goalkeeper,0,0
0,-138,Andersen,0,0,AVL(A) 0-1,Reading,30914,Mikkel,0,0,0,14,0,0,0,27 Nov 20:00,0,0,40,0,Goalkeeper,0,0
0,-161,Andersen,0,0,MUN(H) 3-4,Reading,30915,Mikkel,0,0,0,15,0,0,0,01 Dec 17:30,0,0,40,0,Goalkeeper,0,0
0,-180,Andersen,0,0,SUN(A) 0-3,Reading,30916,Mikkel,0,0,0,16,0,0,0,11 Dec 19:45,0,0,40,0,Goalkeeper,0,0
0,-164,Andersen,0,0,ARS(H) 2-5,Reading,30917,Mikkel,0,0,0,17,0,0,0,17 Dec 20:00,0,0,40,0,Goalkeeper,0,0
0,-91,Andersen,0,0,MCI(A) 0-1,Reading,30918,Mikkel,0,0,0,18,0,0,0,22 Dec 15:00,0,0,40,0,Goalkeeper,0,0
0,-117,Andersen,0,0,SWA(H) 0-0,Reading,30919,Mikkel,0,0,0,19,0,0,0,26 Dec 15:00,0,0,40,0,Goalkeeper,0,0
0,-73,Andersen,0,0,WHU(H) 1-0,Reading,30920,Mikkel,0,0,0,20,0,0,0,29 Dec 15:00,0,0,40,0,Goalkeeper,0,0
0,323,Andersen,0,0,TOT(A) 1-3,Reading,30921,Mikkel,0,0,0,21,0,0,0,01 Jan 15:00,0,0,39,0,Goalkeeper,0,0
0,4296,Andersen,0,0,WBA(H) 3-2,Reading,30922,Mikkel,0,0,0,22,0,0,0,12 Jan 15:00,0,0,39,0,Goalkeeper,0,0
0,1563,Andersen,0,0,NEW(A) 2-1,Reading,30923,Mikkel,0,0,0,23,0,0,0,19 Jan 15:00,0,0,39,0,Goalkeeper,0,0
0,1235,Andersen,0,0,CHE(H) 2-2,Reading,30924,Mikkel,0,0,0,24,0,0,0,30 Jan 20:00,0,0,39,0,Goalkeeper,0,0
0,1810,Andersen,0,0,SUN(H) 2-1,Reading,30925,Mikkel,0,0,0,25,0,0,0,02 Feb 15:00,0,0,39,0,Goalkeeper,0,0
0,349,Andersen,0,0,STK(A) 1-2,Reading,30926,Mikkel,0,0,0,26,0,0,0,09 Feb 15:00,0,0,39,0,Goalkeeper,0,0
0,-617,Andersen,0,0,WIG(H) 0-3,Reading,30927,Mikkel,0,0,0,27,0,0,0,23 Feb 15:00,0,0,39,0,Goalkeeper,0,0
0,-310,Andersen,0,0,EVE(A) 1-3,Reading,30928,Mikkel,0,0,0,28,0,0,0,02 Mar 15:00,0,0,39,0,Goalkeeper,0,0
0,-540,Andersen,0,0,AVL(H) 1-2,Reading,30929,Mikkel,0,0,0,29,0,0,0,09 Mar 15:00,0,0,39,0,Goalkeeper,0,0
0,-271,Andersen,0,0,MUN(A) 0-1,Reading,30930,Mikkel,0,0,0,30,0,0,0,16 Mar 17:30,0,0,39,0,Goalkeeper,0,0
0,-251,Andersen,0,0,ARS(A) 1-4,Reading,30931,Mikkel,0,0,0,31,0,0,0,30 Mar 15:00,0,0,39,0,Goalkeeper,0,0
0,-120,Andersen,0,0,SOU(H) 0-2,Reading,30932,Mikkel,0,0,0,32,0,0,0,06 Apr 12:45,0,0,39,0,Goalkeeper,0,0
0,-194,Andersen,0,0,LIV(H) 0-0,Reading,30933,Mikkel,0,0,0,33,0,0,0,13 Apr 15:00,0,0,39,0,Goalkeeper,0,0
0,-116,Andersen,0,0,NOR(A) 1-2,Reading,30934,Mikkel,0,0,0,34,0,0,0,20 Apr 15:00,0,0,39,0,Goalkeeper,0,0
0,-100,Andersen,0,0,QPR(H) 0-0,Reading,30935,Mikkel,0,0,0,35,0,0,0,28 Apr 13:30,0,0,39,0,Goalkeeper,0,0
0,-103,Andersen,0,0,FUL(A) 4-2,Reading,30936,Mikkel,0,0,0,36,0,0,0,04 May 15:00,0,0,39,0,Goalkeeper,0,0
0,-66,Andersen,0,0,MCI(H) 0-2,Reading,30937,Mikkel,0,0,0,37,0,0,0,14 May 20:00,0,0,39,0,Goalkeeper,0,0
0,-54,Andersen,0,0,WHU(A) 2-4,Reading,30938,Mikkel,0,0,0,38,0,0,0,19 May 16:00,0,0,39,0,Goalkeeper,0,0
0,0,Antonio,0,0,CHE(A) 2-4,Reading,3201,Michail,0,0,0,1,0,0,0,22 Aug 19:45,0,0,45,0,Midfielder,0,0
0,-29,Antonio,0,0,TOT(H) 1-3,Reading,3204,Michail,0,0,0,4,0,0,0,16 Sep 16:00,0,0,45,0,Midfielder,0,0
0,-7,Antonio,0,0,WBA(A) 0-1,Reading,3205,Michail,0,0,0,5,0,0,0,22 Sep 15:00,0,0,45,0,Midfielder,0,0
0,-9,Antonio,0,0,NEW(H) 2-2,Reading,3206,Michail,0,0,0,6,0,0,0,29 Sep 15:00,0,0,45,0,Midfielder,0,0
0,-5,Antonio,0,0,SWA(A) 2-2,Reading,3207,Michail,0,0,0,7,0,0,0,06 Oct 15:00,0,0,45,0,Midfielder,0,0
0,-1,Antonio,0,0,LIV(A) 0-1,Reading,3208,Michail,0,0,0,8,0,0,0,20 Oct 15:00,0,0,45,0,Midfielder,0,0
0,-3,Antonio,0,0,FUL(H) 3-3,Reading,3209,Michail,0,0,0,9,0,0,0,27 Oct 15:00,0,0,45,0,Midfielder,0,0
0,-1,Antonio,0,0,QPR(A) 1-1,Reading,32010,Michail,0,0,0,10,0,0,0,04 Nov 13:30,0,0,45,0,Midfielder,0,0
0,-1,Antonio,0,0,NOR(H) 0-0,Reading,32011,Michail,0,0,0,11,0,0,0,10 Nov 15:00,0,0,45,0,Midfielder,0,0
0,-1,Antonio,0,0,EVE(H) 2-1,Reading,32012,Michail,0,0,0,12,0,0,0,17 Nov 15:00,0,0,45,0,Midfielder,0,0
0,0,Antonio,0,0,WIG(A) 2-3,Reading,32013,Michail,0,0,0,13,0,0,0,24 Nov 15:00,0,0,45,0,Midfielder,0,0
0,0,Antonio,0,0,AVL(A) 0-1,Reading,32014,Michail,0,0,0,14,0,0,0,27 Nov 20:00,0,0,45,0,Midfielder,0,0
0,-1,Antonio,0,0,MUN(H) 3-4,Reading,32015,Michail,0,0,0,15,0,0,0,01 Dec 17:30,0,0,45,0,Midfielder,0,0
0,-2,Antonio,0,0,SUN(A) 0-3,Reading,32016,Michail,0,0,0,16,0,0,0,11 Dec 19:45,0,0,45,0,Midfielder,0,0
0,-2,Antonio,0,0,ARS(H) 2-5,Reading,32017,Michail,0,0,0,17,0,0,0,17 Dec 20:00,0,0,45,0,Midfielder,0,0
0,0,Antonio,0,0,MCI(A) 0-1,Reading,32018,Michail,0,0,0,18,0,0,0,22 Dec 15:00,0,0,45,0,Midfielder,0,0
0,-1,Antonio,0,0,SWA(H) 0-0,Reading,32019,Michail,0,0,0,19,0,0,0,26 Dec 15:00,0,0,45,0,Midfielder,0,0
0,-2,Antonio,0,0,WHU(H) 1-0,Reading,32020,Michail,0,0,0,20,0,0,0,29 Dec 15:00,0,0,45,0,Midfielder,0,0
0,1,Antonio,0,0,TOT(A) 1-3,Reading,32021,Michail,0,0,0,21,0,0,0,01 Jan 15:00,0,0,45,0,Midfielder,0,0
0,-1,Antonio,0,0,WBA(H) 3-2,Reading,32022,Michail,0,0,0,22,0,0,0,12 Jan 15:00,0,0,45,0,Midfielder,0,0
0,-3,Antonio,0,0,NEW(A) 2-1,Reading,32023,Michail,0,0,0,23,0,0,0,19 Jan 15:00,0,0,45,0,Midfielder,0,0
0,-2,Antonio,0,0,CHE(H) 2-2,Reading,32024,Michail,0,0,0,24,0,0,0,30 Jan 20:00,0,0,45,0,Midfielder,0,0
0,1,Antonio,0,0,SUN(H) 2-1,Reading,32025,Michail,0,0,0,25,0,0,0,02 Feb 15:00,0,0,45,0,Midfielder,0,0
0,-1,Antonio,0,0,STK(A) 1-2,Reading,32026,Michail,0,0,0,26,0,0,0,09 Feb 15:00,0,0,45,0,Midfielder,0,0
0,-2,Antonio,0,0,WIG(H) 0-3,Reading,32027,Michail,0,0,0,27,0,0,0,23 Feb 15:00,0,0,45,0,Midfielder,0,0
0,1,Antonio,0,0,EVE(A) 1-3,Reading,32028,Michail,0,0,0,28,0,0,0,02 Mar 15:00,0,0,45,0,Midfielder,0,0
0,0,Antonio,0,0,AVL(H) 1-2,Reading,32029,Michail,0,0,0,29,0,0,0,09 Mar 15:00,0,0,45,0,Midfielder,0,0
0,0,Antonio,0,0,MUN(A) 0-1,Reading,32030,Michail,0,0,0,30,0,0,0,16 Mar 17:30,0,0,45,0,Midfielder,0,0
0,0,Antonio,0,0,ARS(A) 1-4,Reading,32031,Michail,0,0,0,31,0,0,0,30 Mar 15:00,0,0,45,0,Midfielder,0,0
0,0,Antonio,0,0,SOU(H) 0-2,Reading,32032,Michail,0,0,0,32,0,0,0,06 Apr 12:45,0,0,45,0,Midfielder,0,0
0,0,Antonio,0,0,LIV(H) 0-0,Reading,32033,Michail,0,0,0,33,0,0,0,13 Apr 15:00,0,0,45,0,Midfielder,0,0
0,0,Antonio,0,0,NOR(A) 1-2,Reading,32034,Michail,0,0,0,34,0,0,0,20 Apr 15:00,0,0,45,0,Midfielder,0,0
0,0,Antonio,0,0,QPR(H) 0-0,Reading,32035,Michail,0,0,0,35,0,0,0,28 Apr 13:30,0,0,45,0,Midfielder,0,0
0,0,Antonio,0,0,FUL(A) 4-2,Reading,32036,Michail,0,0,0,36,0,0,0,04 May 15:00,0,0,45,0,Midfielder,0,0
0,0,Antonio,0,0,MCI(H) 0-2,Reading,32037,Michail,0,0,0,37,0,0,0,14 May 20:00,0,0,45,0,Midfielder,0,0
0,0,Antonio,0,0,WHU(A) 2-4,Reading,32038,Michail,0,0,0,38,0,0,0,19 May 16:00,0,0,45,0,Midfielder,0,0
0,0,Leigertwood,4,0,CHE(A) 2-4,Reading,3251,Mikele,0,90,3,1,0,0,0,22 Aug 19:45,0,0,50,2,Midfielder,0,0
0,-373,Leigertwood,3,0,TOT(H) 1-3,Reading,3254,Mikele,0,90,4,4,0,0,0,16 Sep 16:00,0,0,47,2,Midfielder,0,0
0,-199,Leigertwood,1,0,WBA(A) 0-1,Reading,3255,Mikele,0,90,6,5,0,0,0,22 Sep 15:00,0,0,46,2,Midfielder,0,0
0,-147,Leigertwood,2,0,NEW(H) 2-2,Reading,3256,Mikele,0,90,-4,6,0,0,0,29 Sep 15:00,0,0,46,2,Midfielder,0,0
0,-145,Leigertwood,0,0,SWA(A) 2-2,Reading,3257,Mikele,0,0,0,7,0,0,0,06 Oct 15:00,0,0,46,0,Midfielder,0,0
0,-147,Leigertwood,1,0,LIV(A) 0-1,Reading,3258,Mikele,0,90,-1,8,0,0,0,20 Oct 15:00,0,0,45,2,Midfielder,0,0
0,-59,Leigertwood,3,0,FUL(H) 3-3,Reading,3259,Mikele,0,90,28,9,2,0,0,27 Oct 15:00,0,0,45,9,Midfielder,0,1
0,2823,Leigertwood,1,0,QPR(A) 1-1,Reading,32510,Mikele,0,90,-1,10,0,0,0,04 Nov 13:30,0,0,45,2,Midfielder,0,0
0,2048,Leigertwood,0,0,NOR(H) 0-0,Reading,32511,Mikele,0,90,4,11,0,1,0,10 Nov 15:00,0,0,45,3,Midfielder,0,0
0,971,Leigertwood,1,0,EVE(H) 2-1,Reading,32512,Mikele,0,90,4,12,0,0,0,17 Nov 15:00,0,0,45,2,Midfielder,0,0
0,315,Leigertwood,3,0,WIG(A) 2-3,Reading,32513,Mikele,0,90,5,13,0,0,0,24 Nov 15:00,0,0,45,2,Midfielder,0,0
0,-133,Leigertwood,1,0,AVL(A) 0-1,Reading,32514,Mikele,0,90,5,14,0,0,0,27 Nov 20:00,0,0,45,2,Midfielder,0,0
0,185,Leigertwood,4,0,MUN(H) 3-4,Reading,32515,Mikele,0,90,1,15,0,0,0,01 Dec 17:30,0,0,45,2,Midfielder,0,0
0,68,Leigertwood,3,0,SUN(A) 0-3,Reading,32516,Mikele,0,90,6,16,0,0,0,11 Dec 19:45,0,0,45,2,Midfielder,0,0
0,-424,Leigertwood,5,0,ARS(H) 2-5,Reading,32517,Mikele,0,90,6,17,0,0,0,17 Dec 20:00,0,0,45,2,Midfielder,0,0
1,-305,Leigertwood,1,0,MCI(A) 0-1,Reading,32518,Mikele,0,90,3,18,0,0,0,22 Dec 15:00,0,0,45,1,Midfielder,0,0
0,-197,Leigertwood,0,0,SWA(H) 0-0,Reading,32519,Mikele,0,90,12,19,2,1,0,26 Dec 15:00,0,0,45,5,Midfielder,0,0
0,548,Leigertwood,0,0,WHU(H) 1-0,Reading,32520,Mikele,0,90,15,20,0,1,0,29 Dec 15:00,0,0,45,3,Midfielder,0,0
0,806,Leigertwood,3,0,TOT(A) 1-3,Reading,32521,Mikele,0,90,9,21,0,0,0,01 Jan 15:00,0,0,45,2,Midfielder,0,0
0,-726,Leigertwood,0,0,WBA(H) 3-2,Reading,32522,Mikele,0,0,0,22,0,0,0,12 Jan 15:00,0,0,45,0,Midfielder,0,0
0,-1308,Leigertwood,1,0,NEW(A) 2-1,Reading,32523,Mikele,0,90,16,23,0,0,0,19 Jan 15:00,0,0,45,2,Midfielder,0,0
0,-181,Leigertwood,2,0,CHE(H) 2-2,Reading,32524,Mikele,0,90,8,24,0,0,0,30 Jan 20:00,0,0,45,2,Midfielder,0,0
0,112,Leigertwood,1,0,SUN(H) 2-1,Reading,32525,Mikele,0,90,15,25,0,0,0,02 Feb 15:00,0,0,45,2,Midfielder,0,0
0,-21,Leigertwood,2,0,STK(A) 1-2,Reading,32526,Mikele,0,90,0,26,0,0,0,09 Feb 15:00,0,0,45,2,Midfielder,0,0
1,-37,Leigertwood,3,0,WIG(H) 0-3,Reading,32527,Mikele,0,90,2,27,0,0,0,23 Feb 15:00,0,0,45,1,Midfielder,0,0
0,-55,Leigertwood,3,0,EVE(A) 1-3,Reading,32528,Mikele,0,90,11,28,0,0,0,02 Mar 15:00,0,0,45,2,Midfielder,0,0
0,1274,Leigertwood,2,0,AVL(H) 1-2,Reading,32529,Mikele,0,80,4,29,0,0,0,09 Mar 15:00,0,0,45,2,Midfielder,0,0
0,368,Leigertwood,1,0,MUN(A) 0-1,Reading,32530,Mikele,0,90,4,30,0,0,0,16 Mar 17:30,0,0,45,2,Midfielder,0,0
0,906,Leigertwood,4,0,ARS(A) 1-4,Reading,32531,Mikele,0,90,7,31,0,0,0,30 Mar 15:00,0,0,45,2,Midfielder,0,0
0,377,Leigertwood,1,0,SOU(H) 0-2,Reading,32532,Mikele,0,45,2,32,0,0,0,06 Apr 12:45,0,0,45,1,Midfielder,0,0
0,153,Leigertwood,0,0,LIV(H) 0-0,Reading,32533,Mikele,0,0,0,33,0,0,0,13 Apr 15:00,0,0,45,0,Midfielder,0,0
0,223,Leigertwood,0,0,NOR(A) 1-2,Reading,32534,Mikele,0,0,0,34,0,0,0,20 Apr 15:00,0,0,45,0,Midfielder,0,0
0,48,Leigertwood,0,0,QPR(H) 0-0,Reading,32535,Mikele,0,0,0,35,0,0,0,28 Apr 13:30,0,0,45,0,Midfielder,0,0
0,-327,Leigertwood,0,0,FUL(A) 4-2,Reading,32536,Mikele,0,0,0,36,0,0,0,04 May 15:00,0,0,45,0,Midfielder,0,0
0,-203,Leigertwood,0,0,MCI(H) 0-2,Reading,32537,Mikele,0,0,0,37,0,0,0,14 May 20:00,0,0,45,0,Midfielder,0,0
0,-201,Leigertwood,0,0,WHU(A) 2-4,Reading,32538,Mikele,0,0,0,38,0,0,0,19 May 16:00,0,0,45,0,Midfielder,0,0
1,0,Schneiderlin,3,0,MCI(A) 2-3,Southampton,3471,Morgan,0,90,-4,1,0,0,0,19 Aug 16:00,0,0,45,1,Midfielder,0,0
0,-128,Schneiderlin,2,0,WIG(H) 0-2,Southampton,3472,Morgan,0,90,6,2,0,0,0,25 Aug 15:00,0,0,45,2,Midfielder,0,0
0,-542,Schneiderlin,3,0,MUN(H) 2-3,Southampton,3473,Morgan,0,90,22,3,0,0,0,02 Sep 16:00,0,0,45,7,Midfielder,0,1
0,14382,Schneiderlin,6,0,ARS(A) 1-6,Southampton,3474,Morgan,0,90,0,4,0,0,0,15 Sep 15:00,0,0,45,2,Midfielder,0,0
0,-139,Schneiderlin,1,0,AVL(H) 4-1,Southampton,3475,Morgan,0,90,16,5,0,0,0,22 Sep 15:00,0,0,45,2,Midfielder,0,0
0,-1086,Schneiderlin,0,0,EVE(A) 1-3,Southampton,3476,Morgan,0,0,0,6,0,0,0,29 Sep 15:00,0,0,45,0,Midfielder,0,0
1,-1865,Schneiderlin,2,0,FUL(H) 2-2,Southampton,3477,Morgan,0,90,4,7,0,0,0,07 Oct 13:30,0,0,45,1,Midfielder,0,0
1,-1118,Schneiderlin,4,0,WHU(A) 1-4,Southampton,3478,Morgan,0,90,5,8,0,0,0,20 Oct 15:00,0,0,45,1,Midfielder,0,0
0,-863,Schneiderlin,2,0,TOT(H) 1-2,Southampton,3479,Morgan,0,90,1,9,0,0,0,28 Oct 15:00,0,0,45,2,Midfielder,0,0
0,-393,Schneiderlin,2,0,WBA(A) 0-2,Southampton,34710,Morgan,0,90,5,10,0,0,0,05 Nov 20:00,0,0,44,2,Midfielder,0,0
1,0,Schneiderlin,1,0,SWA(H) 1-1,Southampton,34711,Morgan,0,90,20,11,2,0,0,10 Nov 15:00,0,0,44,8,Midfielder,0,1
0,6741,Schneiderlin,1,0,QPR(A) 3-1,Southampton,34712,Morgan,0,90,16,12,0,0,1,17 Nov 15:00,0,0,44,5,Midfielder,0,0
0,9609,Schneiderlin,0,0,NEW(H) 2-0,Southampton,34713,Morgan,0,90,11,13,0,1,0,25 Nov 15:00,0,0,44,3,Midfielder,0,0
0,3307,Schneiderlin,1,0,NOR(H) 1-1,Southampton,34714,Morgan,0,90,9,14,0,0,0,28 Nov 19:45,0,0,44,2,Midfielder,0,0
0,4893,Schneiderlin,1,0,LIV(A) 0-1,Southampton,34715,Morgan,0,90,13,15,0,0,0,01 Dec 15:00,0,0,44,2,Midfielder,0,0
0,795,Schneiderlin,0,0,RDG(H) 1-0,Southampton,34716,Morgan,0,90,14,16,0,1,0,08 Dec 15:00,0,0,44,3,Midfielder,0,0
0,5680,Schneiderlin,1,0,SUN(H) 0-1,Southampton,34718,Morgan,0,58,3,18,0,0,0,22 Dec 15:00,0,0,44,1,Midfielder,0,0
0,1387,Schneiderlin,1,0,FUL(A) 1-1,Southampton,34719,Morgan,0,90,4,19,0,0,0,26 Dec 15:00,0,0,44,2,Midfielder,0,0
0,-240,Schneiderlin,3,0,STK(A) 3-3,Southampton,34720,Morgan,0,90,8,20,0,0,0,29 Dec 15:00,0,0,45,2,Midfielder,0,0
1,-1248,Schneiderlin,1,0,ARS(H) 1-1,Southampton,34721,Morgan,0,90,11,21,0,0,0,01 Jan 17:30,0,0,45,1,Midfielder,0,0
0,-3670,Schneiderlin,2,0,CHE(A) 2-2,Southampton,34722,Morgan,0,90,8,22,0,0,0,16 Jan 19:45,0,0,45,2,Midfielder,0,0
1,1184,Schneiderlin,0,0,EVE(H) 0-0,Southampton,34723,Morgan,0,90,7,23,0,1,0,21 Jan 20:00,0,0,45,2,Midfielder,0,0
1,2901,Schneiderlin,2,0,MUN(A) 1-2,Southampton,34724,Morgan,0,90,-3,24,0,0,0,30 Jan 20:00,0,0,45,1,Midfielder,0,0
0,1907,Schneiderlin,2,0,WIG(A) 2-2,Southampton,34725,Morgan,0,90,27,25,2,0,0,02 Feb 15:00,0,0,45,9,Midfielder,0,1
0,3794,Schneiderlin,1,0,MCI(H) 3-1,Southampton,34726,Morgan,0,90,6,26,0,0,0,09 Feb 17:30,0,0,45,2,Midfielder,0,0
0,8041,Schneiderlin,4,0,NEW(A) 2-4,Southampton,34727,Morgan,0,90,13,27,0,0,0,24 Feb 13:30,0,0,45,7,Midfielder,0,1
0,16328,Schneiderlin,2,0,QPR(H) 1-2,Southampton,34728,Morgan,0,90,6,28,0,0,0,02 Mar 15:00,0,0,45,2,Midfielder,0,0
0,9129,Schneiderlin,0,0,NOR(A) 0-0,Southampton,34729,Morgan,0,90,17,29,3,1,0,09 Mar 15:00,0,0,46,6,Midfielder,0,0
0,7398,Schneiderlin,1,0,LIV(H) 3-1,Southampton,34730,Morgan,0,90,34,30,2,0,0,16 Mar 15:00,0,0,46,9,Midfielder,0,1
1,28397,Schneiderlin,1,0,CHE(H) 2-1,Southampton,34731,Morgan,0,90,15,31,0,0,0,30 Mar 15:00,0,0,47,1,Midfielder,0,0
0,12440,Schneiderlin,0,0,RDG(A) 2-0,Southampton,34732,Morgan,0,90,14,32,0,1,0,06 Apr 12:45,0,0,48,3,Midfielder,0,0
1,6704,Schneiderlin,1,0,WHU(H) 1-1,Southampton,34733,Morgan,0,90,7,33,0,0,0,13 Apr 15:00,0,0,48,1,Midfielder,0,0
0,-593,Schneiderlin,0,0,SWA(A) 0-0,Southampton,34734,Morgan,0,90,9,34,0,1,0,20 Apr 15:00,0,0,48,3,Midfielder,0,0
0,-502,Schneiderlin,3,0,WBA(H) 0-3,Southampton,34735,Morgan,0,90,5,35,0,0,0,27 Apr 15:00,0,0,48,2,Midfielder,0,0
0,-9033,Schneiderlin,0,0,TOT(A) 0-1,Southampton,34736,Morgan,0,0,0,36,0,0,0,04 May 15:00,0,0,48,0,Midfielder,0,0
0,-8993,Schneiderlin,1,0,SUN(A) 1-1,Southampton,34737,Morgan,0,90,11,37,0,0,0,12 May 15:00,0,0,48,2,Midfielder,0,0
0,-3509,Schneiderlin,1,0,STK(H) 1-1,Southampton,34738,Morgan,0,90,9,38,0,0,0,19 May 16:00,0,0,48,2,Midfielder,0,0
0,0,Upson,0,0,RDG(A) 1-1,Stoke City,3621,Matthew,0,0,0,1,0,0,0,18 Aug 15:00,0,0,45,0,Defender,0,0
0,-2029,Upson,0,0,ARS(H) 0-0,Stoke City,3622,Matthew,0,0,0,2,0,0,0,26 Aug 13:30,0,0,45,0,Defender,0,0
0,-2876,Upson,0,0,WIG(A) 2-2,Stoke City,3623,Matthew,0,0,0,3,0,0,0,01 Sep 15:00,0,0,44,0,Defender,0,0
0,-1956,Upson,0,0,MCI(H) 1-1,Stoke City,3624,Matthew,0,0,0,4,0,0,0,15 Sep 15:00,0,0,44,0,Defender,0,0
0,-1043,Upson,0,0,CHE(A) 0-1,Stoke City,3625,Matthew,0,0,0,5,0,0,0,22 Sep 15:00,0,0,43,0,Defender,0,0
0,-774,Upson,0,0,SWA(H) 2-0,Stoke City,3626,Matthew,0,0,0,6,0,0,0,29 Sep 15:00,0,0,43,0,Defender,0,0
0,-657,Upson,0,0,LIV(A) 0-0,Stoke City,3627,Matthew,0,0,0,7,0,0,0,07 Oct 15:00,0,0,43,0,Defender,0,0
0,-552,Upson,0,0,MUN(A) 2-4,Stoke City,3628,Matthew,0,0,0,8,0,0,0,20 Oct 15:00,0,0,43,0,Defender,0,0
0,-401,Upson,0,0,SUN(H) 0-0,Stoke City,3629,Matthew,0,0,0,9,0,0,0,27 Oct 15:00,0,0,42,0,Defender,0,0
0,-430,Upson,0,0,NOR(A) 0-1,Stoke City,36210,Matthew,0,0,0,10,0,0,0,03 Nov 15:00,0,0,42,0,Defender,0,0
0,-366,Upson,0,0,QPR(H) 1-0,Stoke City,36211,Matthew,0,0,0,11,0,0,0,10 Nov 15:00,0,0,42,0,Defender,0,0
0,-266,Upson,0,0,WHU(A) 1-1,Stoke City,36212,Matthew,0,0,0,12,0,0,0,19 Nov 20:00,0,0,42,0,Defender,0,0
0,-287,Upson,0,0,FUL(H) 1-0,Stoke City,36213,Matthew,0,0,0,13,0,0,0,24 Nov 15:00,0,0,42,0,Defender,0,0
0,-152,Upson,0,0,NEW(H) 2-1,Stoke City,36214,Matthew,0,0,0,14,0,0,0,28 Nov 19:45,0,0,41,0,Defender,0,0
0,-159,Upson,0,0,WBA(A) 1-0,Stoke City,36215,Matthew,0,0,0,15,0,0,0,01 Dec 15:00,0,0,41,0,Defender,0,0
0,-254,Upson,0,0,AVL(A) 0-0,Stoke City,36216,Matthew,0,0,0,16,0,0,0,08 Dec 15:00,0,0,41,0,Defender,0,0
0,-215,Upson,0,0,EVE(H) 1-1,Stoke City,36217,Matthew,0,0,0,17,0,0,0,15 Dec 15:00,0,0,41,0,Defender,0,0
0,-189,Upson,0,0,TOT(A) 0-0,Stoke City,36218,Matthew,0,0,0,18,0,0,0,22 Dec 15:00,0,0,41,0,Defender,0,0
0,-112,Upson,0,0,LIV(H) 3-1,Stoke City,36219,Matthew,0,0,0,19,0,0,0,26 Dec 19:45,0,0,41,0,Defender,0,0
0,585,Upson,3,0,SOU(H) 3-3,Stoke City,36220,Matthew,0,90,28,20,2,0,0,29 Dec 15:00,0,0,41,9,Defender,0,1
0,383,Upson,0,0,MCI(A) 0-3,Stoke City,36221,Matthew,0,0,0,21,0,0,0,01 Jan 15:00,0,0,41,0,Defender,0,0
0,-298,Upson,0,0,CHE(H) 0-4,Stoke City,36222,Matthew,0,0,0,22,0,0,0,12 Jan 15:00,0,0,41,0,Defender,0,0
0,-263,Upson,0,0,SWA(A) 1-3,Stoke City,36223,Matthew,0,0,0,23,0,0,0,19 Jan 15:00,0,0,41,0,Defender,0,0
0,-242,Upson,0,0,WIG(H) 2-2,Stoke City,36224,Matthew,0,0,0,24,0,0,0,29 Jan 19:45,0,0,41,0,Defender,0,0
0,-508,Upson,0,0,ARS(A) 0-1,Stoke City,36225,Matthew,0,0,0,25,0,0,0,02 Feb 15:00,0,0,41,0,Defender,0,0
0,-517,Upson,0,0,RDG(H) 2-1,Stoke City,36226,Matthew,0,0,0,26,0,0,0,09 Feb 15:00,0,0,41,0,Defender,0,0
0,-413,Upson,0,0,FUL(A) 0-1,Stoke City,36227,Matthew,0,0,0,27,0,0,0,23 Feb 12:45,0,0,41,0,Defender,0,0
0,-208,Upson,0,0,WHU(H) 0-1,Stoke City,36228,Matthew,0,0,0,28,0,0,0,02 Mar 15:00,0,0,41,0,Defender,0,0
0,-179,Upson,0,0,NEW(A) 1-2,Stoke City,36229,Matthew,0,0,0,29,0,0,0,10 Mar 15:00,0,0,41,0,Defender,0,0
0,-113,Upson,0,0,WBA(H) 0-0,Stoke City,36230,Matthew,0,0,0,30,0,0,0,16 Mar 15:00,0,0,41,0,Defender,0,0
0,-107,Upson,0,0,EVE(A) 0-1,Stoke City,36231,Matthew,0,0,0,31,0,0,0,30 Mar 17:30,0,0,41,0,Defender,0,0
0,-56,Upson,0,0,AVL(H) 1-3,Stoke City,36232,Matthew,0,0,0,32,0,0,0,06 Apr 15:00,0,0,41,0,Defender,0,0
0,-70,Upson,0,0,MUN(H) 0-2,Stoke City,36233,Matthew,0,0,0,33,0,0,0,14 Apr 14:05,0,0,41,0,Defender,0,0
0,-42,Upson,0,0,QPR(A) 2-0,Stoke City,36234,Matthew,0,0,0,34,0,0,0,20 Apr 15:00,0,0,41,0,Defender,0,0
0,-49,Upson,0,0,NOR(H) 1-0,Stoke City,36235,Matthew,0,0,0,35,0,0,0,27 Apr 15:00,0,0,41,0,Defender,0,0
0,-35,Upson,0,0,SUN(A) 1-1,Stoke City,36236,Matthew,0,0,0,36,0,0,0,06 May 20:00,0,0,41,0,Defender,0,0
0,-18,Upson,0,0,TOT(H) 1-2,Stoke City,36237,Matthew,0,0,0,37,0,0,0,12 May 13:30,0,0,41,0,Defender,0,0
0,-14,Upson,0,0,SOU(A) 1-1,Stoke City,36238,Matthew,0,0,0,38,0,0,0,19 May 16:00,0,0,41,0,Defender,0,0
0,0,Wilson,1,0,RDG(A) 1-1,Stoke City,3641,Marc,0,90,6,1,0,0,0,18 Aug 15:00,0,0,45,2,Defender,0,0
0,205,Wilson,0,0,ARS(H) 0-0,Stoke City,3642,Marc,0,90,12,2,0,1,0,26 Aug 13:30,0,0,45,6,Defender,0,0
1,2261,Wilson,2,0,WIG(A) 2-2,Stoke City,3643,Marc,0,90,-4,3,0,0,0,01 Sep 15:00,0,0,45,0,Defender,0,0
0,-142,Wilson,1,0,MCI(H) 1-1,Stoke City,3644,Marc,0,90,7,4,0,0,0,15 Sep 15:00,0,0,45,2,Defender,0,0
0,-50,Wilson,1,0,CHE(A) 0-1,Stoke City,3645,Marc,0,90,8,5,0,0,0,22 Sep 15:00,0,0,45,2,Defender,0,0
0,1494,Wilson,0,0,SWA(H) 2-0,Stoke City,3646,Marc,0,90,15,6,0,1,0,29 Sep 15:00,0,0,45,6,Defender,0,0
0,3705,Wilson,0,0,LIV(A) 0-0,Stoke City,3647,Marc,0,90,-2,7,0,1,0,07 Oct 15:00,0,0,45,6,Defender,0,0
0,17897,Wilson,4,0,MUN(A) 2-4,Stoke City,3648,Marc,0,90,0,8,0,0,0,20 Oct 15:00,0,0,45,0,Defender,0,0
0,15412,Wilson,0,0,SUN(H) 0-0,Stoke City,3649,Marc,0,52,1,9,0,0,0,27 Oct 15:00,0,0,45,1,Defender,0,0
0,-20546,Wilson,0,0,NOR(A) 0-1,Stoke City,36410,Marc,0,0,0,10,0,0,0,03 Nov 15:00,0,0,45,0,Defender,0,0
0,-7693,Wilson,0,0,QPR(H) 1-0,Stoke City,36411,Marc,0,0,0,11,0,0,0,10 Nov 15:00,0,0,44,0,Defender,0,0
0,-3802,Wilson,0,0,WHU(A) 1-1,Stoke City,36412,Marc,0,0,0,12,0,0,0,19 Nov 20:00,0,0,43,0,Defender,0,0
0,-2709,Wilson,0,0,FUL(H) 1-0,Stoke City,36413,Marc,0,0,0,13,0,0,0,24 Nov 15:00,0,0,42,0,Defender,0,0
0,-1413,Wilson,0,0,NEW(H) 2-1,Stoke City,36414,Marc,0,0,0,14,0,0,0,28 Nov 19:45,0,0,42,0,Defender,0,0
0,-1402,Wilson,0,0,WBA(A) 1-0,Stoke City,36415,Marc,0,0,0,15,0,0,0,01 Dec 15:00,0,0,42,0,Defender,0,0
0,-1310,Wilson,0,0,AVL(A) 0-0,Stoke City,36416,Marc,0,0,0,16,0,0,0,08 Dec 15:00,0,0,41,0,Defender,0,0
0,-993,Wilson,0,0,EVE(H) 1-1,Stoke City,36417,Marc,0,0,0,17,0,0,0,15 Dec 15:00,0,0,41,0,Defender,0,0
0,-624,Wilson,0,0,TOT(A) 0-0,Stoke City,36418,Marc,0,0,0,18,0,0,0,22 Dec 15:00,0,0,41,0,Defender,0,0
0,-474,Wilson,0,0,LIV(H) 3-1,Stoke City,36419,Marc,0,0,0,19,0,0,0,26 Dec 19:45,0,0,40,0,Defender,0,0
0,-481,Wilson,0,0,SOU(H) 3-3,Stoke City,36420,Marc,0,0,0,20,0,0,0,29 Dec 15:00,0,0,40,0,Defender,0,0
0,-233,Wilson,0,0,MCI(A) 0-3,Stoke City,36421,Marc,0,0,0,21,0,0,0,01 Jan 15:00,0,0,40,0,Defender,0,0
0,-467,Wilson,0,0,CHE(H) 0-4,Stoke City,36422,Marc,0,0,0,22,0,0,0,12 Jan 15:00,0,0,40,0,Defender,0,0
0,-352,Wilson,0,0,SWA(A) 1-3,Stoke City,36423,Marc,0,0,0,23,0,0,0,19 Jan 15:00,0,0,40,0,Defender,0,0
0,-358,Wilson,0,0,WIG(H) 2-2,Stoke City,36424,Marc,0,0,0,24,0,0,0,29 Jan 19:45,0,0,40,0,Defender,0,0
0,-226,Wilson,0,0,ARS(A) 0-1,Stoke City,36425,Marc,0,0,0,25,0,0,0,02 Feb 15:00,0,0,40,0,Defender,0,0
0,-57,Wilson,0,0,RDG(H) 2-1,Stoke City,36426,Marc,0,0,0,26,0,0,0,09 Feb 15:00,0,0,39,0,Defender,0,0
1,3151,Wilson,1,0,FUL(A) 0-1,Stoke City,36427,Marc,0,90,4,27,0,0,0,23 Feb 12:45,0,0,39,1,Defender,0,0
0,10175,Wilson,1,0,WHU(H) 0-1,Stoke City,36428,Marc,0,90,1,28,0,0,0,02 Mar 15:00,0,0,39,2,Defender,0,0
1,4367,Wilson,2,0,NEW(A) 1-2,Stoke City,36429,Marc,0,90,2,29,0,0,0,10 Mar 15:00,0,0,39,0,Defender,0,0
0,2083,Wilson,0,0,WBA(H) 0-0,Stoke City,36430,Marc,0,90,0,30,0,1,0,16 Mar 15:00,0,0,39,6,Defender,0,0
0,2486,Wilson,1,0,EVE(A) 0-1,Stoke City,36431,Marc,0,90,-1,31,0,0,0,30 Mar 17:30,0,0,39,2,Defender,0,0
0,2102,Wilson,1,0,AVL(H) 1-3,Stoke City,36432,Marc,0,51,1,32,0,0,0,06 Apr 15:00,0,0,39,1,Defender,0,0
0,-3047,Wilson,0,0,MUN(H) 0-2,Stoke City,36433,Marc,0,0,0,33,0,0,0,14 Apr 14:05,0,0,39,0,Defender,0,0
0,-1177,Wilson,0,0,QPR(A) 2-0,Stoke City,36434,Marc,0,61,15,34,0,1,0,20 Apr 15:00,0,0,39,6,Defender,0,0
0,-1121,Wilson,0,0,NOR(H) 1-0,Stoke City,36435,Marc,0,0,0,35,0,0,0,27 Apr 15:00,0,0,39,0,Defender,0,0
0,-2158,Wilson,0,0,SUN(A) 1-1,Stoke City,36436,Marc,0,45,3,36,0,0,0,06 May 20:00,0,0,39,1,Defender,0,0
0,-684,Wilson,2,0,TOT(H) 1-2,Stoke City,36437,Marc,0,90,-2,37,0,0,0,12 May 13:30,0,0,39,1,Defender,0,0
0,-54,Wilson,0,0,SOU(A) 1-1,Stoke City,36438,Marc,0,19,-3,38,0,0,0,19 May 16:00,0,0,39,1,Defender,0,0
0,0,Etherington,0,0,RDG(A) 1-1,Stoke City,3671,Matthew,0,79,6,1,0,1,0,18 Aug 15:00,0,0,65,3,Midfielder,0,0
0,-3250,Etherington,0,0,ARS(H) 0-0,Stoke City,3672,Matthew,0,0,0,2,0,0,0,26 Aug 13:30,0,0,65,0,Midfielder,0,0
0,-10515,Etherington,0,0,WIG(A) 2-2,Stoke City,3673,Matthew,0,0,0,3,0,0,0,01 Sep 15:00,0,0,64,0,Midfielder,0,0
0,-5532,Etherington,0,0,MCI(H) 1-1,Stoke City,3674,Matthew,0,22,2,4,0,0,0,15 Sep 15:00,0,0,63,1,Midfielder,0,0
0,-1435,Etherington,1,0,CHE(A) 0-1,Stoke City,3675,Matthew,0,20,1,5,0,0,0,22 Sep 15:00,0,0,63,1,Midfielder,0,0
0,-1335,Etherington,0,0,SWA(H) 2-0,Stoke City,3676,Matthew,0,23,13,6,0,0,0,29 Sep 15:00,0,0,62,1,Midfielder,0,0
0,-1150,Etherington,0,0,LIV(A) 0-0,Stoke City,3677,Matthew,0,28,2,7,0,0,0,07 Oct 15:00,0,0,62,1,Midfielder,0,0
0,-997,Etherington,0,0,MUN(A) 2-4,Stoke City,3678,Matthew,0,21,1,8,0,0,0,20 Oct 15:00,0,0,61,1,Midfielder,0,0
0,-575,Etherington,0,0,SUN(H) 0-0,Stoke City,3679,Matthew,0,19,4,9,0,0,0,27 Oct 15:00,0,0,61,1,Midfielder,0,0
1,-537,Etherington,0,0,NOR(A) 0-1,Stoke City,36710,Matthew,0,30,1,10,0,0,0,03 Nov 15:00,0,0,60,0,Midfielder,0,0
0,-400,Etherington,0,0,QPR(H) 1-0,Stoke City,36711,Matthew,0,70,13,11,0,1,0,10 Nov 15:00,0,0,60,3,Midfielder,0,0
0,-300,Etherington,1,0,WHU(A) 1-1,Stoke City,36712,Matthew,0,73,2,12,0,0,0,19 Nov 20:00,0,0,60,2,Midfielder,0,0
0,-236,Etherington,0,0,FUL(H) 1-0,Stoke City,36713,Matthew,0,71,14,13,0,1,0,24 Nov 15:00,0,0,60,3,Midfielder,0,0
0,-94,Etherington,1,0,NEW(H) 2-1,Stoke City,36714,Matthew,0,67,16,14,0,0,0,28 Nov 19:45,0,0,60,2,Midfielder,0,0
0,-189,Etherington,0,0,WBA(A) 1-0,Stoke City,36715,Matthew,0,58,9,15,0,0,0,01 Dec 15:00,0,0,60,1,Midfielder,0,0
0,-224,Etherington,0,0,AVL(A) 0-0,Stoke City,36716,Matthew,0,67,6,16,0,1,0,08 Dec 15:00,0,0,59,3,Midfielder,0,0
0,-154,Etherington,1,0,EVE(H) 1-1,Stoke City,36717,Matthew,0,84,7,17,0,0,0,15 Dec 15:00,0,0,59,2,Midfielder,0,0
0,-179,Etherington,0,0,TOT(A) 0-0,Stoke City,36718,Matthew,0,68,8,18,0,1,0,22 Dec 15:00,0,0,59,3,Midfielder,0,0
0,-79,Etherington,1,0,LIV(H) 3-1,Stoke City,36719,Matthew,0,82,22,19,1,0,0,26 Dec 19:45,0,0,59,3,Midfielder,0,0
0,123,Etherington,3,0,SOU(H) 3-3,Stoke City,36720,Matthew,0,56,7,20,0,0,0,29 Dec 15:00,0,0,59,1,Midfielder,0,0
0,-155,Etherington,2,0,MCI(A) 0-3,Stoke City,36721,Matthew,0,41,2,21,0,0,0,01 Jan 15:00,0,0,59,1,Midfielder,0,0
0,-348,Etherington,4,0,CHE(H) 0-4,Stoke City,36722,Matthew,0,85,5,22,0,0,0,12 Jan 15:00,0,0,59,2,Midfielder,0,0
0,-134,Etherington,3,0,SWA(A) 1-3,Stoke City,36723,Matthew,0,84,5,23,0,0,0,19 Jan 15:00,0,0,59,2,Midfielder,0,0
0,-115,Etherington,2,0,WIG(H) 2-2,Stoke City,36724,Matthew,0,90,7,24,0,0,0,29 Jan 19:45,0,0,59,2,Midfielder,0,0
0,-97,Etherington,1,0,ARS(A) 0-1,Stoke City,36725,Matthew,0,90,5,25,0,0,0,02 Feb 15:00,0,0,59,2,Midfielder,0,0
0,-105,Etherington,1,0,RDG(H) 2-1,Stoke City,36726,Matthew,0,90,11,26,0,0,0,09 Feb 15:00,0,0,59,2,Midfielder,0,0
0,-70,Etherington,0,0,FUL(A) 0-1,Stoke City,36727,Matthew,0,23,1,27,0,0,0,23 Feb 12:45,0,0,59,1,Midfielder,0,0
0,-172,Etherington,0,0,WHU(H) 0-1,Stoke City,36728,Matthew,0,0,0,28,0,0,0,02 Mar 15:00,0,0,59,0,Midfielder,0,0
0,-101,Etherington,0,0,NEW(A) 1-2,Stoke City,36729,Matthew,0,0,0,29,0,0,0,10 Mar 15:00,0,0,59,0,Midfielder,0,0
1,-105,Etherington,0,0,WBA(H) 0-0,Stoke City,36730,Matthew,0,90,13,30,2,1,0,16 Mar 15:00,0,0,59,4,Midfielder,0,0
0,-23,Etherington,0,0,EVE(A) 0-1,Stoke City,36731,Matthew,0,0,0,31,0,0,0,30 Mar 17:30,0,0,59,0,Midfielder,0,0
0,-42,Etherington,1,0,AVL(H) 1-3,Stoke City,36732,Matthew,0,45,2,32,0,0,0,06 Apr 15:00,0,0,59,1,Midfielder,0,0
0,-48,Etherington,0,0,MUN(H) 0-2,Stoke City,36733,Matthew,0,0,0,33,0,0,0,14 Apr 14:05,0,0,59,0,Midfielder,0,0
0,-44,Etherington,0,0,QPR(A) 2-0,Stoke City,36734,Matthew,0,0,0,34,0,0,0,20 Apr 15:00,0,0,59,0,Midfielder,0,0
0,-47,Etherington,0,0,NOR(H) 1-0,Stoke City,36735,Matthew,0,12,2,35,0,0,0,27 Apr 15:00,0,0,59,1,Midfielder,0,0
0,-23,Etherington,0,0,SUN(A) 1-1,Stoke City,36736,Matthew,0,8,1,36,0,0,0,06 May 20:00,0,0,59,1,Midfielder,0,0
0,-9,Etherington,1,0,TOT(H) 1-2,Stoke City,36737,Matthew,0,56,2,37,0,0,0,12 May 13:30,0,0,59,1,Midfielder,0,0
0,2,Etherington,1,0,SOU(A) 1-1,Stoke City,36738,Matthew,0,68,1,38,0,0,0,19 May 16:00,0,0,59,2,Midfielder,0,0
0,0,Sidibe,0,0,RDG(A) 1-1,Stoke City,3761,Mamady,0,0,0,1,0,0,0,18 Aug 15:00,0,0,45,0,Forward,0,0
0,-44,Sidibe,0,0,ARS(H) 0-0,Stoke City,3762,Mamady,0,0,0,2,0,0,0,26 Aug 13:30,0,0,45,0,Forward,0,0
0,-49,Sidibe,0,0,WIG(A) 2-2,Stoke City,3763,Mamady,0,0,0,3,0,0,0,01 Sep 15:00,0,0,45,0,Forward,0,0
0,-271,Sidibe,0,0,MCI(H) 1-1,Stoke City,3764,Mamady,0,0,0,4,0,0,0,15 Sep 15:00,0,0,45,0,Forward,0,0
0,-125,Sidibe,0,0,CHE(A) 0-1,Stoke City,3765,Mamady,0,0,0,5,0,0,0,22 Sep 15:00,0,0,45,0,Forward,0,0
0,-118,Sidibe,0,0,SWA(H) 2-0,Stoke City,3766,Mamady,0,0,0,6,0,0,0,29 Sep 15:00,0,0,45,0,Forward,0,0
0,-72,Sidibe,0,0,LIV(A) 0-0,Stoke City,3767,Mamady,0,0,0,7,0,0,0,07 Oct 15:00,0,0,44,0,Forward,0,0
0,-61,Sidibe,0,0,MUN(A) 2-4,Stoke City,3768,Mamady,0,0,0,8,0,0,0,20 Oct 15:00,0,0,44,0,Forward,0,0
0,-37,Sidibe,0,0,SUN(H) 0-0,Stoke City,3769,Mamady,0,0,0,9,0,0,0,27 Oct 15:00,0,0,44,0,Forward,0,0
0,-32,Sidibe,0,0,NOR(A) 0-1,Stoke City,37610,Mamady,0,0,0,10,0,0,0,03 Nov 15:00,0,0,44,0,Forward,0,0
0,-29,Sidibe,0,0,QPR(H) 1-0,Stoke City,37611,Mamady,0,0,0,11,0,0,0,10 Nov 15:00,0,0,44,0,Forward,0,0
0,-28,Sidibe,0,0,WHU(A) 1-1,Stoke City,37612,Mamady,0,0,0,12,0,0,0,19 Nov 20:00,0,0,44,0,Forward,0,0
0,-24,Sidibe,0,0,FUL(H) 1-0,Stoke City,37613,Mamady,0,0,0,13,0,0,0,24 Nov 15:00,0,0,43,0,Forward,0,0
0,-16,Sidibe,0,0,NEW(H) 2-1,Stoke City,37614,Mamady,0,0,0,14,0,0,0,28 Nov 19:45,0,0,43,0,Forward,0,0
0,1,Sidibe,0,0,WBA(A) 1-0,Stoke City,37615,Mamady,0,0,0,15,0,0,0,01 Dec 15:00,0,0,43,0,Forward,0,0
0,-23,Sidibe,0,0,AVL(A) 0-0,Stoke City,37616,Mamady,0,0,0,16,0,0,0,08 Dec 15:00,0,0,43,0,Forward,0,0
0,-17,Sidibe,0,0,EVE(H) 1-1,Stoke City,37617,Mamady,0,0,0,17,0,0,0,15 Dec 15:00,0,0,43,0,Forward,0,0
0,-6,Sidibe,0,0,TOT(A) 0-0,Stoke City,37618,Mamady,0,0,0,18,0,0,0,22 Dec 15:00,0,0,43,0,Forward,0,0
0,-11,Sidibe,0,0,LIV(H) 3-1,Stoke City,37619,Mamady,0,0,0,19,0,0,0,26 Dec 19:45,0,0,43,0,Forward,0,0
0,-7,Sidibe,0,0,SOU(H) 3-3,Stoke City,37620,Mamady,0,0,0,20,0,0,0,29 Dec 15:00,0,0,43,0,Forward,0,0
0,-2,Sidibe,0,0,MCI(A) 0-3,Stoke City,37621,Mamady,0,0,0,21,0,0,0,01 Jan 15:00,0,0,43,0,Forward,0,0
0,-33,Sidibe,0,0,CHE(H) 0-4,Stoke City,37622,Mamady,0,0,0,22,0,0,0,12 Jan 15:00,0,0,43,0,Forward,0,0
0,-12,Sidibe,0,0,SWA(A) 1-3,Stoke City,37623,Mamady,0,0,0,23,0,0,0,19 Jan 15:00,0,0,43,0,Forward,0,0
0,-13,Sidibe,0,0,WIG(H) 2-2,Stoke City,37624,Mamady,0,0,0,24,0,0,0,29 Jan 19:45,0,0,43,0,Forward,0,0
0,15,Sidibe,0,0,ARS(A) 0-1,Stoke City,37625,Mamady,0,0,0,25,0,0,0,02 Feb 15:00,0,0,43,0,Forward,0,0
0,62,Sidibe,0,0,RDG(H) 2-1,Stoke City,37626,Mamady,0,0,0,26,0,0,0,09 Feb 15:00,0,0,43,0,Forward,0,0
0,135,Sidibe,0,0,FUL(A) 0-1,Stoke City,37627,Mamady,0,0,0,27,0,0,0,23 Feb 12:45,0,0,43,0,Forward,0,0
0,-10,Sidibe,0,0,WHU(H) 0-1,Stoke City,37628,Mamady,0,0,0,28,0,0,0,02 Mar 15:00,0,0,43,0,Forward,0,0
0,-9,Sidibe,0,0,NEW(A) 1-2,Stoke City,37629,Mamady,0,0,0,29,0,0,0,10 Mar 15:00,0,0,43,0,Forward,0,0
0,-11,Sidibe,0,0,WBA(H) 0-0,Stoke City,37630,Mamady,0,0,0,30,0,0,0,16 Mar 15:00,0,0,43,0,Forward,0,0
0,-9,Sidibe,0,0,EVE(A) 0-1,Stoke City,37631,Mamady,0,0,0,31,0,0,0,30 Mar 17:30,0,0,43,0,Forward,0,0
0,-6,Sidibe,0,0,AVL(H) 1-3,Stoke City,37632,Mamady,0,0,0,32,0,0,0,06 Apr 15:00,0,0,43,0,Forward,0,0
0,-8,Sidibe,0,0,MUN(H) 0-2,Stoke City,37633,Mamady,0,0,0,33,0,0,0,14 Apr 14:05,0,0,43,0,Forward,0,0
0,5,Sidibe,0,0,QPR(A) 2-0,Stoke City,37634,Mamady,0,0,0,34,0,0,0,20 Apr 15:00,0,0,43,0,Forward,0,0
0,-11,Sidibe,0,0,NOR(H) 1-0,Stoke City,37635,Mamady,0,0,0,35,0,0,0,27 Apr 15:00,0,0,43,0,Forward,0,0
0,-5,Sidibe,0,0,SUN(A) 1-1,Stoke City,37636,Mamady,0,0,0,36,0,0,0,06 May 20:00,0,0,43,0,Forward,0,0
0,-3,Sidibe,0,0,TOT(H) 1-2,Stoke City,37637,Mamady,0,0,0,37,0,0,0,12 May 13:30,0,0,43,0,Forward,0,0
0,15,Sidibe,0,0,SOU(A) 1-1,Stoke City,37638,Mamady,0,0,0,38,0,0,0,19 May 16:00,0,0,43,0,Forward,0,0
0,0,Angeleri,0,0,ARS(A) 0-0,Sunderland,3821,Marcos,0,0,0,1,0,0,0,18 Aug 15:00,0,0,40,0,Defender,0,0
0,-2,Angeleri,0,0,SWA(A) 2-2,Sunderland,3823,Marcos,0,0,0,3,0,0,0,01 Sep 15:00,0,0,40,0,Defender,0,0
0,-3,Angeleri,0,0,LIV(H) 1-1,Sunderland,3824,Marcos,0,0,0,4,0,0,0,15 Sep 17:30,0,0,40,0,Defender,0,0
0,-1,Angeleri,0,0,WHU(A) 1-1,Sunderland,3825,Marcos,0,0,0,5,0,0,0,22 Sep 15:00,0,0,40,0,Defender,0,0
0,-1,Angeleri,0,0,WIG(H) 1-0,Sunderland,3826,Marcos,0,0,0,6,0,0,0,29 Sep 15:00,0,0,40,0,Defender,0,0
0,0,Angeleri,0,0,MCI(A) 0-3,Sunderland,3827,Marcos,0,0,0,7,0,0,0,06 Oct 12:45,0,0,40,0,Defender,0,0
0,0,Angeleri,0,0,NEW(H) 1-1,Sunderland,3828,Marcos,0,0,0,8,0,0,0,21 Oct 13:30,0,0,40,0,Defender,0,0
0,0,Angeleri,0,0,STK(A) 0-0,Sunderland,3829,Marcos,0,0,0,9,0,0,0,27 Oct 15:00,0,0,40,0,Defender,0,0
0,1,Angeleri,0,0,AVL(H) 0-1,Sunderland,38210,Marcos,0,0,0,10,0,0,0,03 Nov 15:00,0,0,40,0,Defender,0,0
0,0,Angeleri,0,0,EVE(A) 1-2,Sunderland,38211,Marcos,0,0,0,11,0,0,0,10 Nov 15:00,0,0,40,0,Defender,0,0
0,-1,Angeleri,0,0,FUL(A) 3-1,Sunderland,38212,Marcos,0,0,0,12,0,0,0,18 Nov 16:00,0,0,40,0,Defender,0,0
0,-1,Angeleri,0,0,WBA(H) 2-4,Sunderland,38213,Marcos,0,0,0,13,0,0,0,24 Nov 12:45,0,0,40,0,Defender,0,0
0,0,Angeleri,0,0,QPR(H) 0-0,Sunderland,38214,Marcos,0,0,0,14,0,0,0,27 Nov 19:45,0,0,40,0,Defender,0,0
0,0,Angeleri,0,0,NOR(A) 1-2,Sunderland,38215,Marcos,0,0,0,15,0,0,0,02 Dec 16:00,0,0,40,0,Defender,0,0
0,-1,Angeleri,0,0,RDG(H) 3-0,Sunderland,38216,Marcos,0,0,0,16,0,0,0,11 Dec 19:45,0,0,40,0,Defender,0,0
0,1,Angeleri,0,0,MUN(A) 1-3,Sunderland,38217,Marcos,0,0,0,17,0,0,0,15 Dec 15:00,0,0,40,0,Defender,0,0
0,0,Angeleri,0,0,SOU(A) 1-0,Sunderland,38218,Marcos,0,0,0,18,0,0,0,22 Dec 15:00,0,0,40,0,Defender,0,0
0,0,Angeleri,0,0,MCI(H) 1-0,Sunderland,38219,Marcos,0,0,0,19,0,0,0,26 Dec 15:00,0,0,40,0,Defender,0,0
0,-1,Angeleri,0,0,TOT(H) 1-2,Sunderland,38220,Marcos,0,0,0,20,0,0,0,29 Dec 12:45,0,0,40,0,Defender,0,0
0,0,Angeleri,0,0,LIV(A) 0-3,Sunderland,38221,Marcos,0,0,0,21,0,0,0,02 Jan 19:45,0,0,40,0,Defender,0,0
0,1,Angeleri,0,0,WHU(H) 3-0,Sunderland,38222,Marcos,0,0,0,22,0,0,0,12 Jan 15:00,0,0,40,0,Defender,0,0
0,-1,Angeleri,0,0,WIG(A) 3-2,Sunderland,38223,Marcos,0,0,0,23,0,0,0,19 Jan 15:00,0,0,40,0,Defender,0,0
0,0,Angeleri,0,0,SWA(H) 0-0,Sunderland,38224,Marcos,0,0,0,24,0,0,0,29 Jan 19:45,0,0,40,0,Defender,0,0
0,0,Angeleri,0,0,RDG(A) 1-2,Sunderland,38225,Marcos,0,0,0,25,0,0,0,02 Feb 15:00,0,0,40,0,Defender,0,0
0,1,Angeleri,0,0,ARS(H) 0-1,Sunderland,38226,Marcos,0,0,0,26,0,0,0,09 Feb 15:00,0,0,40,0,Defender,0,0
0,0,Angeleri,0,0,WBA(A) 1-2,Sunderland,38227,Marcos,0,0,0,27,0,0,0,23 Feb 15:00,0,0,40,0,Defender,0,0
0,1,Angeleri,0,0,FUL(H) 2-2,Sunderland,38228,Marcos,0,0,0,28,0,0,0,02 Mar 15:00,0,0,40,0,Defender,0,0
0,1,Angeleri,0,0,QPR(A) 1-3,Sunderland,38229,Marcos,0,0,0,29,0,0,0,09 Mar 15:00,0,0,40,0,Defender,0,0
0,-1,Angeleri,0,0,NOR(H) 1-1,Sunderland,38230,Marcos,0,0,0,30,0,0,0,17 Mar 13:30,0,0,40,0,Defender,0,0
0,0,Angeleri,0,0,MUN(H) 0-1,Sunderland,38231,Marcos,0,0,0,31,0,0,0,30 Mar 12:45,0,0,40,0,Defender,0,0
0,0,Angeleri,0,0,CHE(A) 1-2,Sunderland,38232,Marcos,0,0,0,32,0,0,0,07 Apr 15:00,0,0,40,0,Defender,0,0
0,0,Angeleri,0,0,NEW(A) 3-0,Sunderland,38233,Marcos,0,0,0,33,0,0,0,14 Apr 12:00,0,0,40,0,Defender,0,0
0,0,Angeleri,0,0,EVE(H) 1-0,Sunderland,38234,Marcos,0,0,0,34,0,0,0,20 Apr 15:00,0,0,40,0,Defender,0,0
0,1,Angeleri,0,0,AVL(A) 1-6,Sunderland,38235,Marcos,0,0,0,35,0,0,0,29 Apr 20:00,0,0,40,0,Defender,0,0
0,-1,Angeleri,0,0,STK(H) 1-1,Sunderland,38236,Marcos,0,0,0,36,0,0,0,06 May 20:00,0,0,40,0,Defender,0,0
0,1,Angeleri,0,0,SOU(H) 1-1,Sunderland,38237,Marcos,0,0,0,37,0,0,0,12 May 15:00,0,0,40,0,Defender,0,0
0,2,Angeleri,0,0,TOT(A) 0-1,Sunderland,38238,Marcos,0,0,0,38,0,0,0,19 May 16:00,0,0,40,0,Defender,0,0
0,0,Turner,5,0,FUL(A) 0-5,Norwich,3831,Michael,0,90,3,1,0,0,0,18 Aug 15:00,0,0,45,0,Defender,0,0
0,-1407,Turner,0,0,QPR(H) 1-1,Norwich,3832,Michael,0,0,0,2,0,0,0,25 Aug 15:00,0,0,45,0,Defender,0,0
0,-2827,Turner,0,0,TOT(A) 1-1,Norwich,3833,Michael,0,0,0,3,0,0,0,01 Sep 15:00,0,0,44,0,Defender,0,0
0,-2040,Turner,0,0,WHU(H) 0-0,Norwich,3834,Michael,0,0,0,4,0,0,0,15 Sep 12:45,0,0,44,0,Defender,0,0
0,-1175,Turner,1,0,NEW(A) 0-1,Norwich,3835,Michael,0,83,3,5,0,0,0,23 Sep 15:00,0,0,43,2,Defender,0,0
0,-616,Turner,5,0,LIV(H) 2-5,Norwich,3836,Michael,0,90,9,6,0,0,0,29 Sep 15:00,0,0,43,0,Defender,0,0
0,-518,Turner,0,0,CHE(A) 1-4,Norwich,3837,Michael,0,0,0,7,0,0,0,06 Oct 15:00,0,0,42,0,Defender,0,0
1,-500,Turner,0,0,ARS(H) 1-0,Norwich,3838,Michael,0,90,10,8,0,1,0,20 Oct 17:30,0,0,42,5,Defender,0,0
0,-18,Turner,1,0,AVL(A) 1-1,Norwich,3839,Michael,0,90,27,9,3,0,0,27 Oct 12:45,0,0,42,11,Defender,0,1
0,4151,Turner,0,0,STK(H) 1-0,Norwich,38310,Michael,0,53,9,10,0,0,0,03 Nov 15:00,0,0,42,1,Defender,0,0
1,132,Turner,0,0,RDG(A) 0-0,Norwich,38311,Michael,0,90,8,11,0,1,0,10 Nov 15:00,0,0,42,5,Defender,0,0
0,991,Turner,0,0,MUN(H) 1-0,Norwich,38312,Michael,0,90,15,12,0,1,0,17 Nov 17:30,0,0,42,6,Defender,0,0
0,3174,Turner,0,0,EVE(A) 1-1,Norwich,38313,Michael,0,0,0,13,0,0,0,24 Nov 15:00,0,0,42,0,Defender,0,0
0,-1549,Turner,0,0,SOU(A) 1-1,Norwich,38314,Michael,0,0,0,14,0,0,0,28 Nov 19:45,0,0,42,0,Defender,0,0
0,-2621,Turner,0,0,SUN(H) 2-1,Norwich,38315,Michael,0,0,0,15,0,0,0,02 Dec 16:00,0,0,42,0,Defender,0,0
0,-2170,Turner,0,0,SWA(A) 4-3,Norwich,38316,Michael,0,0,0,16,0,0,0,08 Dec 15:00,0,0,42,0,Defender,0,0
0,-375,Turner,1,0,WIG(H) 2-1,Norwich,38317,Michael,0,90,19,17,0,0,0,15 Dec 15:00,0,0,41,2,Defender,0,0
1,461,Turner,2,0,WBA(A) 1-2,Norwich,38318,Michael,0,90,6,18,0,0,0,22 Dec 15:00,0,0,41,0,Defender,0,0
0,96,Turner,1,0,CHE(H) 0-1,Norwich,38319,Michael,0,90,11,19,0,0,0,26 Dec 15:00,0,0,41,2,Defender,0,0
0,723,Turner,4,0,MCI(H) 3-4,Norwich,38320,Michael,0,90,-2,20,0,0,0,29 Dec 15:00,0,0,41,0,Defender,0,0
0,407,Turner,2,0,WHU(A) 1-2,Norwich,38321,Michael,0,90,-3,21,0,0,0,01 Jan 15:00,0,0,41,1,Defender,0,0
0,703,Turner,0,0,NEW(H) 0-0,Norwich,38322,Michael,0,90,8,22,0,1,0,12 Jan 15:00,0,0,41,6,Defender,0,0
0,250,Turner,5,0,LIV(A) 0-5,Norwich,38323,Michael,0,90,3,23,0,0,0,19 Jan 15:00,0,0,41,0,Defender,0,0
0,-77,Turner,1,0,TOT(H) 1-1,Norwich,38324,Michael,0,90,18,24,2,0,0,30 Jan 19:45,0,0,41,4,Defender,0,0
1,2090,Turner,0,0,QPR(A) 0-0,Norwich,38325,Michael,0,90,2,25,0,1,0,02 Feb 12:45,0,0,41,5,Defender,0,0
0,8652,Turner,0,0,FUL(H) 0-0,Norwich,38326,Michael,0,90,17,26,2,1,0,09 Feb 15:00,0,0,41,8,Defender,0,0
0,18718,Turner,1,0,EVE(H) 2-1,Norwich,38327,Michael,0,90,17,27,0,0,0,23 Feb 15:00,0,0,41,2,Defender,0,0
1,2482,Turner,4,0,MUN(A) 0-4,Norwich,38328,Michael,0,90,7,28,0,0,0,02 Mar 15:00,0,0,42,-1,Defender,0,0
0,4037,Turner,0,0,SOU(H) 0-0,Norwich,38329,Michael,0,90,14,29,2,1,0,09 Mar 15:00,0,0,42,8,Defender,0,0
0,4027,Turner,1,0,SUN(A) 1-1,Norwich,38330,Michael,0,90,7,30,0,0,0,17 Mar 13:30,0,0,42,2,Defender,0,0
0,1448,Turner,1,0,WIG(A) 0-1,Norwich,38331,Michael,0,90,7,31,0,0,0,30 Mar 15:00,0,0,42,2,Defender,0,0
1,904,Turner,2,0,SWA(H) 2-2,Norwich,38332,Michael,0,90,27,32,1,0,0,06 Apr 15:00,0,0,42,7,Defender,0,1
0,1288,Turner,3,0,ARS(A) 1-3,Norwich,38333,Michael,0,90,23,33,0,0,0,13 Apr 15:00,0,0,42,7,Defender,0,1
0,15731,Turner,0,0,RDG(H) 2-1,Norwich,38334,Michael,0,17,2,34,0,0,0,20 Apr 15:00,0,0,43,1,Defender,0,0
0,-8372,Turner,0,0,STK(A) 0-1,Norwich,38335,Michael,0,0,0,35,0,0,0,27 Apr 15:00,0,0,43,0,Defender,0,0
0,-9841,Turner,0,0,AVL(H) 1-2,Norwich,38336,Michael,0,0,0,36,0,0,0,04 May 15:00,0,0,42,0,Defender,0,0
0,-4729,Turner,0,0,WBA(H) 4-0,Norwich,38337,Michael,0,0,0,37,0,0,0,12 May 15:00,0,0,42,0,Defender,0,0
0,-3195,Turner,0,0,MCI(A) 3-2,Norwich,38338,Michael,0,0,0,38,0,0,0,19 May 16:00,0,0,41,0,Defender,0,0
0,0,Kilgallon,0,0,ARS(A) 0-0,Sunderland,3881,Matthew,0,0,0,1,0,0,0,18 Aug 15:00,0,0,45,0,Defender,0,0
0,-244,Kilgallon,0,0,SWA(A) 2-2,Sunderland,3883,Matthew,0,0,0,3,0,0,0,01 Sep 15:00,0,0,44,0,Defender,0,0
0,-163,Kilgallon,0,0,LIV(H) 1-1,Sunderland,3884,Matthew,0,0,0,4,0,0,0,15 Sep 17:30,0,0,44,0,Defender,0,0
0,-58,Kilgallon,0,0,WHU(A) 1-1,Sunderland,3885,Matthew,0,0,0,5,0,0,0,22 Sep 15:00,0,0,43,0,Defender,0,0
0,-58,Kilgallon,0,0,WIG(H) 1-0,Sunderland,3886,Matthew,0,0,0,6,0,0,0,29 Sep 15:00,0,0,43,0,Defender,0,0
0,-50,Kilgallon,0,0,MCI(A) 0-3,Sunderland,3887,Matthew,0,0,0,7,0,0,0,06 Oct 12:45,0,0,43,0,Defender,0,0
0,-45,Kilgallon,0,0,NEW(H) 1-1,Sunderland,3888,Matthew,0,0,0,8,0,0,0,21 Oct 13:30,0,0,42,0,Defender,0,0
0,-28,Kilgallon,0,0,STK(A) 0-0,Sunderland,3889,Matthew,0,0,0,9,0,0,0,27 Oct 15:00,0,0,42,0,Defender,0,0
0,-25,Kilgallon,0,0,AVL(H) 0-1,Sunderland,38810,Matthew,0,0,0,10,0,0,0,03 Nov 15:00,0,0,42,0,Defender,0,0
0,-19,Kilgallon,0,0,EVE(A) 1-2,Sunderland,38811,Matthew,0,0,0,11,0,0,0,10 Nov 15:00,0,0,42,0,Defender,0,0
0,-22,Kilgallon,0,0,FUL(A) 3-1,Sunderland,38812,Matthew,0,0,0,12,0,0,0,18 Nov 16:00,0,0,42,0,Defender,0,0
0,-8,Kilgallon,0,0,WBA(H) 2-4,Sunderland,38813,Matthew,0,0,0,13,0,0,0,24 Nov 12:45,0,0,41,0,Defender,0,0
0,4,Kilgallon,0,0,QPR(H) 0-0,Sunderland,38814,Matthew,0,90,22,14,3,1,0,27 Nov 19:45,0,0,41,9,Defender,0,0
1,1206,Kilgallon,2,0,NOR(A) 1-2,Sunderland,38815,Matthew,0,90,2,15,0,0,0,02 Dec 16:00,0,0,41,0,Defender,0,0
0,750,Kilgallon,0,0,RDG(H) 3-0,Sunderland,38816,Matthew,0,0,0,16,0,0,0,11 Dec 19:45,0,0,41,0,Defender,0,0
0,-663,Kilgallon,0,0,MUN(A) 1-3,Sunderland,38817,Matthew,0,0,0,17,0,0,0,15 Dec 15:00,0,0,41,0,Defender,0,0
0,-271,Kilgallon,0,0,SOU(A) 1-0,Sunderland,38818,Matthew,0,0,0,18,0,0,0,22 Dec 15:00,0,0,41,0,Defender,0,0
0,-273,Kilgallon,0,0,MCI(H) 1-0,Sunderland,38819,Matthew,0,90,19,19,0,1,0,26 Dec 15:00,0,0,41,6,Defender,0,0
0,109,Kilgallon,2,0,TOT(H) 1-2,Sunderland,38820,Matthew,0,61,9,20,0,0,0,29 Dec 12:45,0,0,41,1,Defender,0,0
0,-17,Kilgallon,3,0,LIV(A) 0-3,Sunderland,38821,Matthew,0,90,10,21,0,0,0,02 Jan 19:45,0,0,41,1,Defender,0,0
0,2116,Kilgallon,0,0,WHU(H) 3-0,Sunderland,38822,Matthew,0,0,0,22,0,0,0,12 Jan 15:00,0,0,41,0,Defender,0,0
0,-446,Kilgallon,0,0,WIG(A) 3-2,Sunderland,38823,Matthew,0,0,0,23,0,0,0,19 Jan 15:00,0,0,41,0,Defender,0,0
0,-605,Kilgallon,0,0,SWA(H) 0-0,Sunderland,38824,Matthew,0,0,0,24,0,0,0,29 Jan 19:45,0,0,41,0,Defender,0,0
0,-435,Kilgallon,0,0,RDG(A) 1-2,Sunderland,38825,Matthew,0,0,0,25,0,0,0,02 Feb 15:00,0,0,41,0,Defender,0,0
0,-220,Kilgallon,0,0,ARS(H) 0-1,Sunderland,38826,Matthew,0,0,0,26,0,0,0,09 Feb 15:00,0,0,40,0,Defender,0,0
0,-246,Kilgallon,0,0,WBA(A) 1-2,Sunderland,38827,Matthew,0,0,0,27,0,0,0,23 Feb 15:00,0,0,39,0,Defender,0,0
0,136,Kilgallon,0,0,FUL(H) 2-2,Sunderland,38828,Matthew,0,0,0,28,0,0,0,02 Mar 15:00,0,0,38,0,Defender,0,0
0,75,Kilgallon,0,0,QPR(A) 1-3,Sunderland,38829,Matthew,0,0,0,29,0,0,0,09 Mar 15:00,0,0,38,0,Defender,0,0
0,109,Kilgallon,0,0,NOR(H) 1-1,Sunderland,38830,Matthew,0,0,0,30,0,0,0,17 Mar 13:30,0,0,38,0,Defender,0,0
0,14,Kilgallon,0,0,MUN(H) 0-1,Sunderland,38831,Matthew,0,0,0,31,0,0,0,30 Mar 12:45,0,0,38,0,Defender,0,0
0,22,Kilgallon,2,0,CHE(A) 1-2,Sunderland,38832,Matthew,1,90,2,32,0,0,0,07 Apr 15:00,0,0,38,-1,Defender,0,0
0,198,Kilgallon,0,0,NEW(A) 3-0,Sunderland,38833,Matthew,0,0,0,33,0,0,0,14 Apr 12:00,0,0,38,0,Defender,0,0
0,23,Kilgallon,0,0,EVE(H) 1-0,Sunderland,38834,Matthew,0,0,0,34,0,0,0,20 Apr 15:00,0,0,38,0,Defender,0,0
0,36,Kilgallon,0,0,AVL(A) 1-6,Sunderland,38835,Matthew,0,0,0,35,0,0,0,29 Apr 20:00,0,0,38,0,Defender,0,0
0,25,Kilgallon,0,0,STK(H) 1-1,Sunderland,38836,Matthew,0,0,0,36,0,0,0,06 May 20:00,0,0,38,0,Defender,0,0
0,25,Kilgallon,0,0,SOU(H) 1-1,Sunderland,38837,Matthew,0,0,0,37,0,0,0,12 May 15:00,0,0,38,0,Defender,0,0
0,63,Kilgallon,0,0,TOT(A) 0-1,Sunderland,38838,Matthew,0,0,0,38,0,0,0,19 May 16:00,0,0,38,0,Defender,0,0
0,0,Vorm,0,4,QPR(A) 5-0,Swansea,4051,Michel,0,90,18,1,0,1,0,18 Aug 15:00,0,0,55,7,Goalkeeper,0,0
0,19378,Vorm,0,3,WHU(H) 3-0,Swansea,4052,Michel,0,90,18,2,0,1,0,25 Aug 12:45,0,0,55,7,Goalkeeper,0,0
0,70521,Vorm,2,0,SUN(H) 2-2,Swansea,4053,Michel,0,90,7,3,0,0,0,01 Sep 15:00,0,0,56,1,Goalkeeper,0,0
0,15044,Vorm,2,5,AVL(A) 0-2,Swansea,4054,Michel,0,90,6,4,0,0,0,15 Sep 15:00,0,0,56,2,Goalkeeper,0,0
0,-7898,Vorm,3,8,EVE(H) 0-3,Swansea,4055,Michel,0,90,8,5,0,0,0,22 Sep 12:45,0,0,56,3,Goalkeeper,0,0
0,-16870,Vorm,2,3,STK(A) 0-2,Swansea,4056,Michel,0,90,6,6,0,0,0,29 Sep 15:00,0,0,56,2,Goalkeeper,0,0
0,-13007,Vorm,2,2,RDG(H) 2-2,Swansea,4057,Michel,0,90,7,7,0,0,0,06 Oct 15:00,0,0,56,1,Goalkeeper,0,0
0,-23260,Vorm,1,6,WIG(H) 2-1,Swansea,4058,Michel,0,90,16,8,0,0,0,20 Oct 15:00,0,0,56,4,Goalkeeper,0,0
0,-19476,Vorm,1,3,MCI(A) 0-1,Swansea,4059,Michel,0,63,4,9,0,0,0,27 Oct 17:30,0,0,55,3,Goalkeeper,0,0
0,-93712,Vorm,0,0,CHE(H) 1-1,Swansea,40510,Michel,0,0,0,10,0,0,0,03 Nov 15:00,0,0,54,0,Goalkeeper,0,0
0,-44076,Vorm,0,0,SOU(A) 1-1,Swansea,40511,Michel,0,0,0,11,0,0,0,10 Nov 15:00,0,0,53,0,Goalkeeper,0,0
0,-31332,Vorm,0,0,NEW(A) 2-1,Swansea,40512,Michel,0,0,0,12,0,0,0,17 Nov 15:00,0,0,53,0,Goalkeeper,0,0
0,-20601,Vorm,0,0,LIV(H) 0-0,Swansea,40513,Michel,0,0,0,13,0,0,0,25 Nov 13:30,0,0,52,0,Goalkeeper,0,0
0,-11963,Vorm,0,0,WBA(H) 3-1,Swansea,40514,Michel,0,0,0,14,0,0,0,28 Nov 19:45,0,0,52,0,Goalkeeper,0,0
0,-13271,Vorm,0,0,ARS(A) 2-0,Swansea,40515,Michel,0,0,0,15,0,0,0,01 Dec 15:00,0,0,52,0,Goalkeeper,0,0
0,-10589,Vorm,0,0,NOR(H) 3-4,Swansea,40516,Michel,0,0,0,16,0,0,0,08 Dec 15:00,0,0,51,0,Goalkeeper,0,0
0,-7680,Vorm,0,0,TOT(A) 0-1,Swansea,40517,Michel,0,0,0,17,0,0,0,16 Dec 13:30,0,0,51,0,Goalkeeper,0,0
0,-4530,Vorm,1,6,MUN(H) 1-1,Swansea,40518,Michel,0,90,8,18,0,0,0,23 Dec 13:30,0,0,51,4,Goalkeeper,0,0
0,10113,Vorm,0,0,RDG(A) 0-0,Swansea,40519,Michel,0,90,9,19,0,1,0,26 Dec 15:00,0,0,51,6,Goalkeeper,0,0
0,2285,Vorm,0,0,FUL(A) 2-1,Swansea,40520,Michel,0,0,0,20,0,0,0,29 Dec 15:00,0,0,51,0,Goalkeeper,0,0
0,1715,Vorm,2,3,AVL(H) 2-2,Swansea,40521,Michel,0,90,8,21,0,0,0,01 Jan 15:00,0,0,51,2,Goalkeeper,0,0
1,-2843,Vorm,0,4,EVE(A) 0-0,Swansea,40522,Michel,0,90,12,22,0,1,0,12 Jan 15:00,0,0,51,6,Goalkeeper,0,0
0,2231,Vorm,1,1,STK(H) 3-1,Swansea,40523,Michel,0,90,15,23,0,0,0,19 Jan 15:00,0,0,51,2,Goalkeeper,0,0
0,1701,Vorm,0,0,SUN(A) 0-0,Swansea,40524,Michel,0,0,0,24,0,0,0,29 Jan 19:45,0,0,51,0,Goalkeeper,0,0
0,-10777,Vorm,0,0,WHU(A) 0-1,Swansea,40525,Michel,0,0,0,25,0,0,0,02 Feb 15:00,0,0,51,0,Goalkeeper,0,0
0,-4996,Vorm,5,5,LIV(A) 0-5,Swansea,40526,Michel,0,90,6,26,0,0,0,17 Feb 15:00,0,0,51,1,Goalkeeper,0,0
0,-288,Vorm,0,5,NEW(H) 1-0,Swansea,40528,Michel,0,90,20,28,0,1,0,02 Mar 15:00,0,0,51,7,Goalkeeper,0,0
0,4580,Vorm,2,2,WBA(A) 1-2,Swansea,40529,Michel,0,90,6,29,0,0,0,09 Mar 15:00,1,0,51,6,Goalkeeper,0,0
0,523,Vorm,2,3,ARS(H) 0-2,Swansea,40530,Michel,0,90,4,30,0,0,0,16 Mar 15:00,0,0,51,2,Goalkeeper,0,0
0,-316,Vorm,2,5,TOT(H) 1-2,Swansea,40531,Michel,0,90,6,31,0,0,0,30 Mar 15:00,0,0,51,2,Goalkeeper,0,0
0,214,Vorm,2,2,NOR(A) 2-2,Swansea,40532,Michel,0,90,9,32,0,0,0,06 Apr 15:00,0,0,51,1,Goalkeeper,0,0
0,164,Vorm,0,4,SOU(H) 0-0,Swansea,40534,Michel,0,90,13,34,0,1,0,20 Apr 15:00,0,0,51,7,Goalkeeper,0,0
0,327,Vorm,2,6,CHE(A) 0-2,Swansea,40535,Michel,0,90,6,35,0,0,0,28 Apr 15:00,0,0,51,3,Goalkeeper,0,0
0,3998,Vorm,2,3,WIG(A) 3-2,Swansea,40536,Michel,0,84,18,36,0,0,0,07 May 19:45,0,0,51,2,Goalkeeper,0,0
0,-2828,Vorm,0,0,MUN(A) 1-2,Swansea,40537,Michel,0,0,0,37,0,0,0,12 May 16:00,0,0,51,0,Goalkeeper,0,0
0,-3210,Vorm,3,1,FUL(H) 0-3,Swansea,40538,Michel,0,90,2,38,0,0,0,19 May 16:00,0,0,51,1,Goalkeeper,0,0
0,0,Gower,0,0,QPR(A) 5-0,Swansea,4211,Mark,0,7,2,1,0,0,0,18 Aug 15:00,0,0,50,1,Midfielder,0,0
0,-56,Gower,0,0,WHU(H) 3-0,Swansea,4212,Mark,0,0,0,2,0,0,0,25 Aug 12:45,0,0,50,0,Midfielder,0,0
0,-103,Gower,0,0,SUN(H) 2-2,Swansea,4213,Mark,0,0,0,3,0,0,0,01 Sep 15:00,0,0,49,0,Midfielder,0,0
0,-58,Gower,0,0,AVL(A) 0-2,Swansea,4214,Mark,0,0,0,4,0,0,0,15 Sep 15:00,0,0,49,0,Midfielder,0,0
0,-27,Gower,0,0,EVE(H) 0-3,Swansea,4215,Mark,0,0,0,5,0,0,0,22 Sep 12:45,0,0,48,0,Midfielder,0,0
0,-25,Gower,0,0,STK(A) 0-2,Swansea,4216,Mark,0,0,0,6,0,0,0,29 Sep 15:00,0,0,48,0,Midfielder,0,0
0,-12,Gower,0,0,RDG(H) 2-2,Swansea,4217,Mark,0,0,0,7,0,0,0,06 Oct 15:00,0,0,48,0,Midfielder,0,0
0,-18,Gower,0,0,WIG(H) 2-1,Swansea,4218,Mark,0,0,0,8,0,0,0,20 Oct 15:00,0,0,47,0,Midfielder,0,0
0,-4,Gower,0,0,MCI(A) 0-1,Swansea,4219,Mark,0,0,0,9,0,0,0,27 Oct 17:30,0,0,47,0,Midfielder,0,0
0,-13,Gower,0,0,CHE(H) 1-1,Swansea,42110,Mark,0,0,0,10,0,0,0,03 Nov 15:00,0,0,47,0,Midfielder,0,0
0,0,Gower,0,0,SOU(A) 1-1,Swansea,42111,Mark,0,0,0,11,0,0,0,10 Nov 15:00,0,0,47,0,Midfielder,0,0
0,-6,Gower,0,0,NEW(A) 2-1,Swansea,42112,Mark,0,0,0,12,0,0,0,17 Nov 15:00,0,0,47,0,Midfielder,0,0
0,-7,Gower,0,0,LIV(H) 0-0,Swansea,42113,Mark,0,0,0,13,0,0,0,25 Nov 13:30,0,0,47,0,Midfielder,0,0
0,-4,Gower,0,0,WBA(H) 3-1,Swansea,42114,Mark,0,0,0,14,0,0,0,28 Nov 19:45,0,0,47,0,Midfielder,0,0
0,-2,Gower,0,0,ARS(A) 2-0,Swansea,42115,Mark,0,0,0,15,0,0,0,01 Dec 15:00,0,0,47,0,Midfielder,0,0
0,-7,Gower,0,0,NOR(H) 3-4,Swansea,42116,Mark,0,0,0,16,0,0,0,08 Dec 15:00,0,0,46,0,Midfielder,0,0
0,-3,Gower,0,0,TOT(A) 0-1,Swansea,42117,Mark,0,0,0,17,0,0,0,16 Dec 13:30,0,0,46,0,Midfielder,0,0
0,-5,Gower,0,0,MUN(H) 1-1,Swansea,42118,Mark,0,0,0,18,0,0,0,23 Dec 13:30,0,0,46,0,Midfielder,0,0
0,-1,Gower,0,0,RDG(A) 0-0,Swansea,42119,Mark,0,0,0,19,0,0,0,26 Dec 15:00,0,0,46,0,Midfielder,0,0
0,-1,Gower,0,0,FUL(A) 2-1,Swansea,42120,Mark,0,0,0,20,0,0,0,29 Dec 15:00,0,0,46,0,Midfielder,0,0
0,0,Gower,0,0,AVL(H) 2-2,Swansea,42121,Mark,0,0,0,21,0,0,0,01 Jan 15:00,0,0,46,0,Midfielder,0,0
0,-8,Gower,0,0,EVE(A) 0-0,Swansea,42122,Mark,0,0,0,22,0,0,0,12 Jan 15:00,0,0,46,0,Midfielder,0,0
0,-4,Gower,0,0,STK(H) 3-1,Swansea,42123,Mark,0,0,0,23,0,0,0,19 Jan 15:00,0,0,46,0,Midfielder,0,0
0,0,Gower,0,0,SUN(A) 0-0,Swansea,42124,Mark,0,0,0,24,0,0,0,29 Jan 19:45,0,0,46,0,Midfielder,0,0
0,-4,Gower,0,0,WHU(A) 0-1,Swansea,42125,Mark,0,0,0,25,0,0,0,02 Feb 15:00,0,0,46,0,Midfielder,0,0
0,4,Gower,0,0,LIV(A) 0-5,Swansea,42126,Mark,0,0,0,26,0,0,0,17 Feb 15:00,0,0,46,0,Midfielder,0,0
0,-2,Gower,0,0,NEW(H) 1-0,Swansea,42128,Mark,0,0,0,28,0,0,0,02 Mar 15:00,0,0,45,0,Midfielder,0,0
0,-2,Gower,0,0,WBA(A) 1-2,Swansea,42129,Mark,0,0,0,29,0,0,0,09 Mar 15:00,0,0,45,0,Midfielder,0,0
0,-4,Gower,0,0,ARS(H) 0-2,Swansea,42130,Mark,0,0,0,30,0,0,0,16 Mar 15:00,0,0,45,0,Midfielder,0,0
0,-3,Gower,0,0,TOT(H) 1-2,Swansea,42131,Mark,0,0,0,31,0,0,0,30 Mar 15:00,0,0,45,0,Midfielder,0,0
0,-1,Gower,0,0,NOR(A) 2-2,Swansea,42132,Mark,0,0,0,32,0,0,0,06 Apr 15:00,0,0,45,0,Midfielder,0,0
0,-5,Gower,0,0,SOU(H) 0-0,Swansea,42134,Mark,0,0,0,34,0,0,0,20 Apr 15:00,0,0,45,0,Midfielder,0,0
0,-2,Gower,0,0,CHE(A) 0-2,Swansea,42135,Mark,0,0,0,35,0,0,0,28 Apr 15:00,0,0,45,0,Midfielder,0,0
0,-3,Gower,0,0,WIG(A) 3-2,Swansea,42136,Mark,0,0,0,36,0,0,0,07 May 19:45,0,0,45,0,Midfielder,0,0
0,-1,Gower,0,0,MUN(A) 1-2,Swansea,42137,Mark,0,0,0,37,0,0,0,12 May 16:00,0,0,45,0,Midfielder,0,0
0,1,Gower,0,0,FUL(H) 0-3,Swansea,42138,Mark,0,0,0,38,0,0,0,19 May 16:00,0,0,45,0,Midfielder,0,0
0,0,Dawson,0,0,NEW(A) 1-2,Tottenham,4351,Michael,0,0,0,1,0,0,0,18 Aug 17:30,0,0,50,0,Defender,0,0
0,-5612,Dawson,0,0,WBA(H) 1-1,Tottenham,4352,Michael,0,0,0,2,0,0,0,25 Aug 15:00,0,0,49,0,Defender,0,0
0,-6259,Dawson,0,0,NOR(H) 1-1,Tottenham,4353,Michael,0,0,0,3,0,0,0,01 Sep 15:00,0,0,48,0,Defender,0,0
0,-3956,Dawson,0,0,RDG(A) 3-1,Tottenham,4354,Michael,0,0,0,4,0,0,0,16 Sep 16:00,0,0,47,0,Defender,0,0
0,-1945,Dawson,0,0,QPR(H) 2-1,Tottenham,4355,Michael,0,0,0,5,0,0,0,23 Sep 16:00,0,0,46,0,Defender,0,0
0,-1406,Dawson,0,0,MUN(A) 3-2,Tottenham,4356,Michael,0,1,0,6,0,0,0,29 Sep 17:30,0,0,45,1,Defender,0,0
0,-334,Dawson,0,0,AVL(H) 2-0,Tottenham,4357,Michael,0,0,0,7,0,0,0,07 Oct 15:00,0,0,45,0,Defender,0,0
0,-592,Dawson,0,0,CHE(H) 2-4,Tottenham,4358,Michael,0,0,0,8,0,0,0,20 Oct 12:45,0,0,45,0,Defender,0,0
0,-621,Dawson,0,0,SOU(A) 2-1,Tottenham,4359,Michael,0,1,0,9,0,0,0,28 Oct 15:00,0,0,45,1,Defender,0,0
0,-490,Dawson,0,0,WIG(H) 0-1,Tottenham,43510,Michael,0,0,0,10,0,0,0,03 Nov 15:00,0,0,45,0,Defender,0,0
0,-379,Dawson,1,0,MCI(A) 1-2,Tottenham,43511,Michael,0,13,1,11,0,0,0,11 Nov 13:30,0,0,45,1,Defender,0,0
0,-237,Dawson,2,0,ARS(A) 2-5,Tottenham,43512,Michael,0,45,5,12,0,0,0,17 Nov 12:45,0,0,45,0,Defender,0,0
0,-253,Dawson,1,0,WHU(H) 3-1,Tottenham,43513,Michael,0,90,14,13,0,0,0,25 Nov 16:00,0,0,45,2,Defender,0,0
0,282,Dawson,1,0,LIV(H) 2-1,Tottenham,43514,Michael,0,90,25,14,1,0,0,28 Nov 19:45,0,0,45,3,Defender,0,0
0,771,Dawson,0,0,FUL(A) 3-0,Tottenham,43515,Michael,0,16,3,15,0,0,0,01 Dec 15:00,0,0,45,1,Defender,0,0
0,-656,Dawson,0,0,EVE(A) 1-2,Tottenham,43516,Michael,0,0,0,16,0,0,0,09 Dec 15:00,0,0,45,0,Defender,0,0
0,-588,Dawson,0,0,SWA(H) 1-0,Tottenham,43517,Michael,0,0,0,17,0,0,0,16 Dec 13:30,0,0,45,0,Defender,0,0
0,-236,Dawson,0,0,STK(H) 0-0,Tottenham,43518,Michael,0,90,8,18,0,1,0,22 Dec 15:00,0,0,45,6,Defender,0,0
0,788,Dawson,0,0,AVL(A) 4-0,Tottenham,43519,Michael,0,0,0,19,0,0,0,26 Dec 17:30,0,0,45,0,Defender,0,0
1,-207,Dawson,1,0,SUN(A) 2-1,Tottenham,43520,Michael,0,90,18,20,0,0,0,29 Dec 12:45,0,0,45,1,Defender,0,0
0,631,Dawson,1,0,RDG(H) 3-1,Tottenham,43521,Michael,0,90,35,21,3,0,0,01 Jan 15:00,0,0,45,11,Defender,0,1
0,12963,Dawson,0,0,QPR(A) 0-0,Tottenham,43522,Michael,0,90,8,22,0,1,0,12 Jan 12:45,0,0,45,6,Defender,0,0
1,6024,Dawson,1,0,MUN(H) 1-1,Tottenham,43523,Michael,0,90,7,23,0,0,0,20 Jan 16:00,0,0,45,1,Defender,0,0
0,15843,Dawson,1,0,NOR(A) 1-1,Tottenham,43524,Michael,0,90,6,24,0,0,0,30 Jan 19:45,0,0,45,2,Defender,0,0
0,5951,Dawson,0,0,WBA(A) 1-0,Tottenham,43525,Michael,0,90,16,25,0,1,0,03 Feb 13:30,0,0,45,6,Defender,0,0
0,4361,Dawson,1,0,NEW(H) 2-1,Tottenham,43526,Michael,0,90,22,26,2,0,0,09 Feb 12:45,0,0,45,4,Defender,0,0
0,10902,Dawson,2,0,WHU(A) 3-2,Tottenham,43527,Michael,0,90,14,27,0,0,0,25 Feb 20:00,0,0,46,1,Defender,0,0
0,1359,Dawson,1,0,ARS(H) 2-1,Tottenham,43528,Michael,0,90,16,28,0,0,0,03 Mar 16:00,0,0,46,2,Defender,0,0
0,6755,Dawson,3,0,LIV(A) 2-3,Tottenham,43529,Michael,0,90,13,29,0,0,0,10 Mar 16:00,0,0,46,1,Defender,0,0
0,7460,Dawson,0,0,FUL(H) 0-1,Tottenham,43530,Michael,0,45,2,30,0,0,0,17 Mar 15:00,0,0,46,1,Defender,0,0
0,-4779,Dawson,1,0,SWA(A) 2-1,Tottenham,43531,Michael,0,90,14,31,0,0,0,30 Mar 15:00,0,0,46,2,Defender,0,0
0,-1071,Dawson,2,0,EVE(H) 2-2,Tottenham,43532,Michael,0,90,8,32,0,0,0,07 Apr 14:05,0,0,46,1,Defender,0,0
1,446,Dawson,1,0,MCI(H) 3-1,Tottenham,43534,Michael,0,90,12,34,0,0,0,21 Apr 13:30,0,0,44,1,Defender,0,0
1,8602,Dawson,2,0,WIG(A) 2-2,Tottenham,43535,Michael,0,90,8,35,0,0,0,27 Apr 15:00,0,0,44,0,Defender,0,0
0,15401,Dawson,2,0,CHE(A) 2-2,Tottenham,43536,Michael,0,90,10,36,0,0,0,08 May 19:45,0,0,44,1,Defender,0,0
0,2993,Dawson,1,0,STK(A) 2-1,Tottenham,43537,Michael,0,90,17,37,0,0,0,12 May 13:30,0,0,45,2,Defender,0,0
0,3573,Dawson,0,0,SUN(H) 1-0,Tottenham,43538,Michael,0,90,16,38,0,1,0,19 May 16:00,0,0,45,6,Defender,0,0
1,0,Fortune,0,0,LIV(H) 3-0,West Brom,4861,Marc-Antoine,0,23,7,1,0,0,0,18 Aug 15:00,0,0,50,0,Forward,0,0
0,-161,Fortune,1,0,TOT(A) 1-1,West Brom,4862,Marc-Antoine,0,77,6,2,0,0,0,25 Aug 15:00,0,0,50,2,Forward,0,0
0,488,Fortune,0,0,EVE(H) 2-0,West Brom,4863,Marc-Antoine,0,90,10,3,0,1,0,01 Sep 15:00,0,0,50,2,Forward,0,0
0,185,Fortune,2,0,FUL(A) 0-3,West Brom,4864,Marc-Antoine,0,45,2,4,0,0,0,15 Sep 15:00,0,0,50,1,Forward,0,0
0,-105,Fortune,0,0,RDG(H) 1-0,West Brom,4865,Marc-Antoine,0,0,0,5,0,0,0,22 Sep 15:00,0,0,50,0,Forward,0,0
0,-277,Fortune,0,0,AVL(A) 1-1,West Brom,4866,Marc-Antoine,0,0,0,6,0,0,0,30 Sep 16:00,0,0,50,0,Forward,0,0
0,-252,Fortune,0,0,QPR(H) 3-2,West Brom,4867,Marc-Antoine,0,0,0,7,0,0,0,06 Oct 15:00,0,0,50,0,Forward,0,0
1,-209,Fortune,2,0,MCI(H) 1-2,West Brom,4868,Marc-Antoine,0,90,-6,8,0,0,0,20 Oct 15:00,0,0,50,1,Forward,0,0
0,-55,Fortune,0,0,NEW(A) 1-2,West Brom,4869,Marc-Antoine,0,0,0,9,0,0,0,28 Oct 15:00,0,0,49,0,Forward,0,0
0,-77,Fortune,0,0,SOU(H) 2-0,West Brom,48610,Marc-Antoine,0,8,1,10,0,0,0,05 Nov 20:00,0,0,49,1,Forward,0,0
0,-47,Fortune,0,0,WIG(A) 2-1,West Brom,48611,Marc-Antoine,0,0,0,11,0,0,0,10 Nov 15:00,0,0,49,0,Forward,0,0
0,-86,Fortune,0,0,CHE(H) 2-1,West Brom,48612,Marc-Antoine,0,0,0,12,0,0,0,17 Nov 15:00,0,0,49,0,Forward,0,0
0,-91,Fortune,2,0,SUN(A) 4-2,West Brom,48613,Marc-Antoine,0,22,20,13,0,0,0,24 Nov 12:45,0,0,48,5,Forward,0,1
0,81,Fortune,0,0,SWA(A) 1-3,West Brom,48614,Marc-Antoine,0,0,0,14,0,0,0,28 Nov 19:45,0,0,48,0,Forward,0,0
0,47,Fortune,0,0,STK(H) 0-1,West Brom,48615,Marc-Antoine,0,0,0,15,0,0,0,01 Dec 15:00,0,0,48,0,Forward,0,0
0,-45,Fortune,0,0,ARS(A) 0-2,West Brom,48616,Marc-Antoine,0,0,0,16,0,0,0,08 Dec 15:00,0,0,48,0,Forward,0,0
0,-30,Fortune,0,0,WHU(H) 0-0,West Brom,48617,Marc-Antoine,0,0,0,17,0,0,0,16 Dec 16:00,0,0,48,0,Forward,0,0
0,-17,Fortune,0,0,NOR(H) 2-1,West Brom,48618,Marc-Antoine,0,45,8,18,0,0,0,22 Dec 15:00,0,0,48,1,Forward,0,0
0,-23,Fortune,1,0,QPR(A) 2-1,West Brom,48619,Marc-Antoine,0,90,17,19,0,0,1,26 Dec 15:00,0,0,48,5,Forward,0,0
0,101,Fortune,1,0,MUN(A) 0-2,West Brom,48620,Marc-Antoine,0,8,0,20,0,0,0,29 Dec 15:00,0,0,48,1,Forward,0,0
0,-41,Fortune,2,0,FUL(H) 1-2,West Brom,48621,Marc-Antoine,0,64,0,21,0,0,0,01 Jan 12:45,0,0,48,2,Forward,0,0
0,-142,Fortune,0,0,RDG(A) 2-3,West Brom,48622,Marc-Antoine,0,0,0,22,0,0,0,12 Jan 15:00,0,0,48,0,Forward,0,0
0,-112,Fortune,0,0,AVL(H) 2-2,West Brom,48623,Marc-Antoine,0,0,0,23,0,0,0,19 Jan 17:30,0,0,48,0,Forward,0,0
0,-105,Fortune,0,0,EVE(A) 1-2,West Brom,48624,Marc-Antoine,0,0,0,24,0,0,0,30 Jan 19:45,0,0,48,0,Forward,0,0
0,-44,Fortune,0,0,TOT(H) 0-1,West Brom,48625,Marc-Antoine,0,9,0,25,0,0,0,03 Feb 13:30,0,0,48,1,Forward,0,0
0,12,Fortune,0,0,LIV(A) 2-0,West Brom,48626,Marc-Antoine,0,5,1,26,0,0,0,11 Feb 20:00,0,0,48,1,Forward,0,0
0,18,Fortune,0,0,SUN(H) 2-1,West Brom,48627,Marc-Antoine,0,7,1,27,0,0,0,23 Feb 15:00,0,0,48,1,Forward,0,0
0,239,Fortune,1,0,CHE(A) 0-1,West Brom,48628,Marc-Antoine,0,61,2,28,0,0,0,02 Mar 15:00,0,0,48,2,Forward,0,0
0,106,Fortune,0,0,SWA(H) 2-1,West Brom,48629,Marc-Antoine,0,4,1,29,0,0,0,09 Mar 15:00,0,0,48,1,Forward,0,0
0,-32,Fortune,0,0,STK(A) 0-0,West Brom,48630,Marc-Antoine,0,7,1,30,0,0,0,16 Mar 15:00,0,0,48,1,Forward,0,0
0,-65,Fortune,0,0,WHU(A) 1-3,West Brom,48631,Marc-Antoine,0,2,0,31,0,0,0,30 Mar 15:00,0,0,48,1,Forward,0,0
0,-46,Fortune,0,0,ARS(H) 1-2,West Brom,48632,Marc-Antoine,0,0,0,32,0,0,0,06 Apr 15:00,0,0,48,0,Forward,0,0
0,-23,Fortune,1,0,NEW(H) 1-1,West Brom,48634,Marc-Antoine,0,89,12,34,0,0,0,20 Apr 15:00,0,0,48,2,Forward,0,0
0,85,Fortune,0,0,SOU(A) 3-0,West Brom,48635,Marc-Antoine,0,69,36,35,2,1,1,27 Apr 15:00,0,0,48,8,Forward,1,1
0,-62,Fortune,0,0,MCI(A) 0-1,West Brom,48636,Marc-Antoine,0,0,0,36,0,0,0,07 May 19:45,0,0,48,0,Forward,0,0
0,-40,Fortune,0,0,NOR(A) 0-4,West Brom,48637,Marc-Antoine,0,0,0,37,0,0,0,12 May 15:00,0,0,48,0,Forward,0,0
0,1,Fortune,0,0,MUN(H) 5-5,West Brom,48638,Marc-Antoine,0,12,-3,38,0,0,0,19 May 16:00,0,0,48,1,Forward,0,0
0,0,Taylor,0,0,AVL(H) 1-0,West Ham,4981,Matthew,0,90,13,1,0,1,0,18 Aug 15:00,0,0,50,3,Midfielder,0,0
0,-441,Taylor,0,0,SWA(A) 0-3,West Ham,4982,Matthew,0,0,0,2,0,0,0,25 Aug 12:45,0,0,50,0,Midfielder,0,0
0,-1768,Taylor,0,0,FUL(H) 3-0,West Ham,4983,Matthew,0,90,34,3,2,1,1,01 Sep 12:45,0,0,49,13,Midfielder,0,1
0,21729,Taylor,0,0,NOR(A) 0-0,West Ham,4984,Matthew,0,56,0,4,0,0,0,15 Sep 12:45,0,0,49,1,Midfielder,0,0
0,-440,Taylor,1,0,SUN(H) 1-1,West Ham,4985,Matthew,0,56,0,5,0,0,0,22 Sep 15:00,0,0,49,1,Midfielder,0,0
0,-2060,Taylor,0,0,QPR(A) 2-1,West Ham,4986,Matthew,0,0,0,6,0,0,0,01 Oct 20:00,0,0,49,0,Midfielder,0,0
1,-3157,Taylor,2,0,ARS(H) 1-3,West Ham,4987,Matthew,0,27,4,7,0,0,0,06 Oct 17:30,0,0,49,0,Midfielder,0,0
0,-2743,Taylor,0,0,SOU(H) 4-1,West Ham,4988,Matthew,0,0,0,8,0,0,0,20 Oct 15:00,0,0,49,0,Midfielder,0,0
0,-4011,Taylor,0,0,WIG(A) 1-2,West Ham,4989,Matthew,0,0,0,9,0,0,0,27 Oct 15:00,0,0,49,0,Midfielder,0,0
0,-3346,Taylor,0,0,MCI(H) 0-0,West Ham,49810,Matthew,0,0,0,10,0,0,0,03 Nov 17:30,0,0,49,0,Midfielder,0,0
0,-1991,Taylor,0,0,NEW(A) 1-0,West Ham,49811,Matthew,0,0,0,11,0,0,0,11 Nov 15:00,0,0,48,0,Midfielder,0,0
0,-1283,Taylor,0,0,STK(H) 1-1,West Ham,49812,Matthew,0,6,1,12,0,0,0,19 Nov 20:00,0,0,48,1,Midfielder,0,0
0,-742,Taylor,2,0,TOT(A) 1-3,West Ham,49813,Matthew,0,36,-3,13,0,0,0,25 Nov 16:00,0,0,47,1,Midfielder,0,0
0,-283,Taylor,1,0,MUN(A) 0-1,West Ham,49814,Matthew,0,90,-4,14,0,0,0,28 Nov 20:00,0,0,47,2,Midfielder,0,0
0,-260,Taylor,0,0,CHE(H) 3-1,West Ham,49815,Matthew,0,45,21,15,1,0,1,01 Dec 12:45,0,0,47,5,Midfielder,0,0
1,-291,Taylor,3,0,LIV(H) 2-3,West Ham,49816,Matthew,0,85,10,16,0,0,0,09 Dec 16:00,0,0,47,1,Midfielder,0,0
0,-115,Taylor,0,0,WBA(A) 0-0,West Ham,49817,Matthew,0,90,3,17,0,1,0,16 Dec 16:00,0,0,46,3,Midfielder,0,0
0,278,Taylor,2,0,EVE(H) 1-2,West Ham,49818,Matthew,0,90,11,18,0,0,1,22 Dec 15:00,0,0,46,5,Midfielder,0,0
0,1194,Taylor,1,0,RDG(A) 0-1,West Ham,49820,Matthew,0,53,1,20,0,0,0,29 Dec 15:00,0,0,46,1,Midfielder,0,0
0,96,Taylor,1,0,NOR(H) 2-1,West Ham,49821,Matthew,0,90,16,21,0,0,0,01 Jan 15:00,0,0,46,2,Midfielder,0,0
0,-649,Taylor,0,0,SUN(A) 0-3,West Ham,49822,Matthew,0,0,0,22,0,0,0,12 Jan 15:00,0,0,46,0,Midfielder,0,0
0,11,Taylor,5,0,ARS(A) 1-5,West Ham,49823,Matthew,0,90,12,23,0,0,1,23 Jan 19:45,0,0,46,5,Midfielder,0,0
0,-815,Taylor,1,0,FUL(A) 1-3,West Ham,49824,Matthew,0,24,1,24,0,0,0,30 Jan 20:00,0,0,46,1,Midfielder,0,0
0,-544,Taylor,0,0,SWA(H) 1-0,West Ham,49825,Matthew,0,90,23,25,0,1,0,02 Feb 15:00,0,0,46,3,Midfielder,0,0
0,-199,Taylor,0,0,AVL(A) 1-2,West Ham,49826,Matthew,0,66,3,26,0,1,0,10 Feb 13:30,0,0,46,3,Midfielder,0,0
0,-106,Taylor,2,0,TOT(H) 2-3,West Ham,49827,Matthew,0,56,8,27,0,0,0,25 Feb 20:00,0,0,46,1,Midfielder,0,0
0,-159,Taylor,0,0,STK(A) 1-0,West Ham,49828,Matthew,0,9,2,28,0,0,0,02 Mar 15:00,0,0,46,1,Midfielder,0,0
0,-40,Taylor,1,0,CHE(A) 0-2,West Ham,49830,Matthew,0,45,9,30,0,0,0,17 Mar 16:00,0,0,46,1,Midfielder,0,0
0,40,Taylor,1,0,WBA(H) 3-1,West Ham,49831,Matthew,0,22,3,31,0,0,0,30 Mar 15:00,0,0,46,1,Midfielder,0,0
0,-72,Taylor,0,0,LIV(A) 0-0,West Ham,49832,Matthew,0,29,-2,32,0,0,0,07 Apr 13:30,0,0,46,1,Midfielder,0,0
0,322,Taylor,0,0,MUN(H) 2-2,West Ham,49833,Matthew,0,9,-4,33,0,0,0,17 Apr 19:45,0,0,46,1,Midfielder,0,0
0,-103,Taylor,0,0,WIG(H) 2-0,West Ham,49834,Matthew,0,0,0,34,0,0,0,20 Apr 15:00,0,0,46,0,Midfielder,0,0
0,-186,Taylor,1,0,MCI(A) 1-2,West Ham,49835,Matthew,0,11,3,35,0,0,0,27 Apr 12:45,0,0,46,1,Midfielder,0,0
0,-182,Taylor,0,0,NEW(H) 0-0,West Ham,49836,Matthew,0,11,1,36,0,0,0,04 May 15:00,0,0,46,1,Midfielder,0,0
0,-75,Taylor,0,0,EVE(A) 0-2,West Ham,49837,Matthew,0,0,0,37,0,0,0,12 May 15:00,0,0,46,0,Midfielder,0,0
0,-67,Taylor,0,0,RDG(H) 4-2,West Ham,49838,Matthew,0,5,1,38,0,0,0,19 May 16:00,0,0,46,1,Midfielder,0,0
0,0,Noble,0,0,AVL(H) 1-0,West Ham,4991,Mark,0,90,15,1,0,1,0,18 Aug 15:00,0,0,50,3,Midfielder,0,0
0,-5774,Noble,3,0,SWA(A) 0-3,West Ham,4992,Mark,0,90,6,2,0,0,0,25 Aug 12:45,0,0,50,2,Midfielder,0,0
0,-11409,Noble,0,0,FUL(H) 3-0,West Ham,4993,Mark,0,90,18,3,0,1,0,01 Sep 12:45,0,0,50,3,Midfielder,0,0
0,-9762,Noble,0,0,NOR(A) 0-0,West Ham,4994,Mark,0,90,14,4,2,1,0,15 Sep 12:45,0,0,49,5,Midfielder,0,0
0,-3428,Noble,1,0,SUN(H) 1-1,West Ham,4995,Mark,0,90,12,5,0,0,0,22 Sep 15:00,0,0,49,2,Midfielder,0,0
1,-4750,Noble,1,0,QPR(A) 2-1,West Ham,4996,Mark,0,90,10,6,0,0,0,01 Oct 20:00,0,0,48,1,Midfielder,0,0
0,-3410,Noble,3,0,ARS(H) 1-3,West Ham,4997,Mark,0,90,6,7,0,0,0,06 Oct 17:30,0,0,48,2,Midfielder,0,0
0,-1887,Noble,1,0,SOU(H) 4-1,West Ham,4998,Mark,0,90,41,8,3,0,0,20 Oct 15:00,0,0,48,15,Midfielder,0,2
1,36580,Noble,2,0,WIG(A) 1-2,West Ham,4999,Mark,0,63,0,9,0,0,0,27 Oct 15:00,0,0,48,1,Midfielder,0,0
0,14566,Noble,0,0,MCI(H) 0-0,West Ham,49910,Mark,0,90,9,10,0,1,0,03 Nov 17:30,0,0,49,3,Midfielder,0,0
1,13308,Noble,0,0,NEW(A) 1-0,West Ham,49911,Mark,0,90,17,11,0,1,0,11 Nov 15:00,0,0,49,2,Midfielder,0,0
1,7607,Noble,1,0,STK(H) 1-1,West Ham,49912,Mark,0,90,10,12,0,0,0,19 Nov 20:00,0,0,49,1,Midfielder,0,0
1,2260,Noble,3,0,TOT(A) 1-3,West Ham,49913,Mark,0,90,3,13,0,0,0,25 Nov 16:00,0,0,49,1,Midfielder,0,0
0,-17195,Noble,0,0,MUN(A) 0-1,West Ham,49914,Mark,0,0,0,14,0,0,0,28 Nov 20:00,0,0,50,0,Midfielder,0,0
1,-7767,Noble,1,0,CHE(H) 3-1,West Ham,49915,Mark,0,90,14,15,0,0,0,01 Dec 12:45,0,0,50,1,Midfielder,0,0
0,-8583,Noble,3,0,LIV(H) 2-3,West Ham,49916,Mark,0,90,18,16,1,0,0,09 Dec 16:00,0,0,50,8,Midfielder,0,1
0,259,Noble,0,0,WBA(A) 0-0,West Ham,49917,Mark,0,90,12,17,0,1,0,16 Dec 16:00,0,0,50,3,Midfielder,0,0
0,1849,Noble,2,0,EVE(H) 1-2,West Ham,49918,Mark,0,90,9,18,0,0,0,22 Dec 15:00,0,0,50,2,Midfielder,0,0
1,641,Noble,1,0,RDG(A) 0-1,West Ham,49920,Mark,0,78,8,20,0,0,0,29 Dec 15:00,0,0,50,1,Midfielder,0,0
0,-840,Noble,1,0,NOR(H) 2-1,West Ham,49921,Mark,0,90,28,21,3,0,1,01 Jan 15:00,0,0,50,13,Midfielder,0,1
0,39078,Noble,0,0,SUN(A) 0-3,West Ham,49922,Mark,0,0,0,22,0,0,0,12 Jan 15:00,0,0,50,0,Midfielder,0,0
0,16744,Noble,5,0,ARS(A) 1-5,West Ham,49923,Mark,0,90,7,23,0,0,0,23 Jan 19:45,0,0,50,2,Midfielder,0,0
0,-6437,Noble,3,0,FUL(A) 1-3,West Ham,49924,Mark,0,90,12,24,0,0,1,30 Jan 20:00,0,0,50,5,Midfielder,0,0
0,-1284,Noble,0,0,SWA(H) 1-0,West Ham,49925,Mark,0,90,24,25,2,1,1,02 Feb 15:00,0,0,50,8,Midfielder,0,0
0,2132,Noble,1,0,AVL(A) 1-2,West Ham,49926,Mark,0,75,4,26,0,0,0,10 Feb 13:30,0,0,50,2,Midfielder,0,0
0,2538,Noble,0,0,TOT(H) 2-3,West Ham,49927,Mark,0,0,0,27,0,0,0,25 Feb 20:00,0,0,50,0,Midfielder,0,0
0,-18809,Noble,0,0,STK(A) 1-0,West Ham,49928,Mark,0,0,0,28,0,0,0,02 Mar 15:00,0,0,50,0,Midfielder,0,0
0,-6617,Noble,0,0,CHE(A) 0-2,West Ham,49930,Mark,0,0,0,30,0,0,0,17 Mar 16:00,0,0,48,0,Midfielder,0,0
0,-8771,Noble,0,0,WBA(H) 3-1,West Ham,49931,Mark,0,0,0,31,0,0,0,30 Mar 15:00,0,0,47,0,Midfielder,0,0
0,-6706,Noble,0,0,LIV(A) 0-0,West Ham,49932,Mark,0,0,0,32,0,0,0,07 Apr 13:30,0,0,47,0,Midfielder,0,0
0,-6029,Noble,1,0,MUN(H) 2-2,West Ham,49933,Mark,0,24,2,33,0,0,0,17 Apr 19:45,0,0,46,1,Midfielder,0,0
0,-431,Noble,0,0,WIG(H) 2-0,West Ham,49934,Mark,0,39,7,34,0,0,0,20 Apr 15:00,0,0,46,1,Midfielder,0,0
0,-136,Noble,0,0,MCI(A) 1-2,West Ham,49935,Mark,0,0,0,35,0,0,0,27 Apr 12:45,0,0,46,0,Midfielder,0,0
0,-1134,Noble,0,0,NEW(H) 0-0,West Ham,49936,Mark,0,0,0,36,0,0,0,04 May 15:00,0,0,46,0,Midfielder,0,0
0,-35,Noble,0,0,EVE(A) 0-2,West Ham,49937,Mark,0,27,1,37,0,0,0,12 May 15:00,0,0,46,1,Midfielder,0,0
0,-72,Noble,2,0,RDG(H) 4-2,West Ham,49938,Mark,0,90,28,38,2,0,1,19 May 16:00,0,0,46,7,Midfielder,0,0
0,0,Diame,0,0,AVL(H) 1-0,West Ham,5031,Mohamed,0,90,11,1,0,1,0,18 Aug 15:00,0,0,50,3,Midfielder,0,0
0,-2109,Diame,3,0,SWA(A) 0-3,West Ham,5032,Mohamed,0,68,4,2,0,0,0,25 Aug 12:45,0,0,50,2,Midfielder,0,0
0,-3199,Diame,0,0,FUL(H) 3-0,West Ham,5033,Mohamed,0,90,15,3,0,1,0,01 Sep 12:45,0,0,49,3,Midfielder,0,0
0,-1590,Diame,0,0,NOR(A) 0-0,West Ham,5034,Mohamed,0,90,13,4,0,1,0,15 Sep 12:45,0,0,49,3,Midfielder,0,0
0,-901,Diame,1,0,SUN(H) 1-1,West Ham,5035,Mohamed,0,90,0,5,0,0,0,22 Sep 15:00,0,0,49,2,Midfielder,0,0
1,-955,Diame,1,0,QPR(A) 2-1,West Ham,5036,Mohamed,0,90,8,6,0,0,0,01 Oct 20:00,0,0,48,1,Midfielder,0,0
1,-762,Diame,2,0,ARS(H) 1-3,West Ham,5037,Mohamed,0,81,20,7,0,0,0,06 Oct 17:30,0,0,48,6,Midfielder,0,1
0,3344,Diame,1,0,SOU(H) 4-1,West Ham,5038,Mohamed,0,67,10,8,0,0,0,20 Oct 15:00,0,0,48,2,Midfielder,0,0
0,-449,Diame,2,0,WIG(A) 1-2,West Ham,5039,Mohamed,0,72,3,9,0,0,0,27 Oct 15:00,0,0,48,2,Midfielder,0,0
0,-242,Diame,0,0,MCI(H) 0-0,West Ham,50310,Mohamed,0,70,3,10,0,1,0,03 Nov 17:30,0,0,48,3,Midfielder,0,0
0,27,Diame,0,0,NEW(A) 1-0,West Ham,50311,Mohamed,0,90,12,11,0,1,0,11 Nov 15:00,0,0,48,3,Midfielder,0,0
0,34,Diame,1,0,STK(H) 1-1,West Ham,50312,Mohamed,0,90,-5,12,0,0,0,19 Nov 20:00,0,0,48,2,Midfielder,0,0
0,-173,Diame,3,0,TOT(A) 1-3,West Ham,50313,Mohamed,0,90,-6,13,0,0,0,25 Nov 16:00,0,0,48,2,Midfielder,0,0
0,-450,Diame,1,0,MUN(A) 0-1,West Ham,50314,Mohamed,0,75,2,14,0,0,0,28 Nov 20:00,0,0,48,2,Midfielder,0,0
0,-450,Diame,0,0,CHE(H) 3-1,West Ham,50315,Mohamed,0,45,20,15,0,0,0,01 Dec 12:45,0,0,48,6,Midfielder,0,1
0,3655,Diame,1,0,LIV(H) 2-3,West Ham,50316,Mohamed,0,72,3,16,0,0,0,09 Dec 16:00,0,0,48,2,Midfielder,0,0
0,-4296,Diame,0,0,WBA(A) 0-0,West Ham,50317,Mohamed,0,0,0,17,0,0,0,16 Dec 16:00,0,0,48,0,Midfielder,0,0
0,-2551,Diame,0,0,EVE(H) 1-2,West Ham,50318,Mohamed,0,0,0,18,0,0,0,22 Dec 15:00,0,0,48,0,Midfielder,0,0
0,-943,Diame,0,0,RDG(A) 0-1,West Ham,50320,Mohamed,0,0,0,20,0,0,0,29 Dec 15:00,0,0,47,0,Midfielder,0,0
0,-583,Diame,0,0,NOR(H) 2-1,West Ham,50321,Mohamed,0,0,0,21,0,0,0,01 Jan 15:00,0,0,47,0,Midfielder,0,0
0,-1130,Diame,0,0,SUN(A) 0-3,West Ham,50322,Mohamed,0,0,0,22,0,0,0,12 Jan 15:00,0,0,47,0,Midfielder,0,0
0,5063,Diame,0,0,ARS(A) 1-5,West Ham,50323,Mohamed,0,21,1,23,0,0,0,23 Jan 19:45,0,0,47,1,Midfielder,0,0
0,849,Diame,3,0,FUL(A) 1-3,West Ham,50324,Mohamed,0,90,11,24,0,0,0,30 Jan 20:00,0,0,47,2,Midfielder,0,0
0,327,Diame,0,0,SWA(H) 1-0,West Ham,50325,Mohamed,0,85,6,25,0,1,0,02 Feb 15:00,0,0,47,3,Midfielder,0,0
0,-32,Diame,2,0,AVL(A) 1-2,West Ham,50326,Mohamed,0,90,0,26,0,0,0,10 Feb 13:30,0,0,47,2,Midfielder,0,0
1,-44,Diame,2,0,TOT(H) 2-3,West Ham,50327,Mohamed,0,83,6,27,0,0,0,25 Feb 20:00,0,0,47,1,Midfielder,0,0
0,-183,Diame,0,0,STK(A) 1-0,West Ham,50328,Mohamed,0,90,16,28,0,1,0,02 Mar 15:00,0,0,47,3,Midfielder,0,0
0,222,Diame,1,0,CHE(A) 0-2,West Ham,50330,Mohamed,0,45,-2,30,0,0,0,17 Mar 16:00,0,0,47,1,Midfielder,0,0
0,545,Diame,0,0,WBA(H) 3-1,West Ham,50331,Mohamed,0,81,5,31,0,1,0,30 Mar 15:00,0,0,47,3,Midfielder,0,0
0,295,Diame,0,0,LIV(A) 0-0,West Ham,50332,Mohamed,0,90,-3,32,0,1,0,07 Apr 13:30,0,0,47,3,Midfielder,0,0
0,7823,Diame,2,0,MUN(H) 2-2,West Ham,50333,Mohamed,0,81,21,33,1,0,0,17 Apr 19:45,0,0,47,8,Midfielder,0,1
0,4423,Diame,0,0,WIG(H) 2-0,West Ham,50334,Mohamed,0,74,13,34,0,1,0,20 Apr 15:00,0,0,47,3,Midfielder,0,0
0,227,Diame,2,0,MCI(A) 1-2,West Ham,50335,Mohamed,0,90,7,35,0,0,0,27 Apr 12:45,0,0,47,2,Midfielder,0,0
0,-808,Diame,0,0,NEW(H) 0-0,West Ham,50336,Mohamed,0,90,3,36,0,1,0,04 May 15:00,0,0,47,3,Midfielder,0,0
0,196,Diame,1,0,EVE(A) 0-2,West Ham,50337,Mohamed,0,45,-3,37,0,0,0,12 May 15:00,0,0,47,1,Midfielder,0,0
0,-285,Diame,2,0,RDG(H) 4-2,West Ham,50338,Mohamed,0,90,23,38,1,0,0,19 May 16:00,0,0,47,3,Midfielder,0,0
0,0,Pollitt,0,0,CHE(H) 0-2,Wigan,5091,Michael,0,0,0,1,0,0,0,19 Aug 13:30,0,0,40,0,Goalkeeper,0,0
0,168,Pollitt,0,0,SOU(A) 2-0,Wigan,5092,Michael,0,0,0,2,0,0,0,25 Aug 15:00,0,0,40,0,Goalkeeper,0,0
0,404,Pollitt,0,0,STK(H) 2-2,Wigan,5093,Michael,0,0,0,3,0,0,0,01 Sep 15:00,0,0,40,0,Goalkeeper,0,0
0,307,Pollitt,0,0,MUN(A) 0-4,Wigan,5094,Michael,0,0,0,4,0,0,0,15 Sep 15:00,0,0,40,0,Goalkeeper,0,0
0,-201,Pollitt,0,0,FUL(H) 1-2,Wigan,5095,Michael,0,0,0,5,0,0,0,22 Sep 15:00,0,0,40,0,Goalkeeper,0,0
0,-166,Pollitt,0,0,SUN(A) 0-1,Wigan,5096,Michael,0,0,0,6,0,0,0,29 Sep 15:00,0,0,40,0,Goalkeeper,0,0
0,-72,Pollitt,0,0,EVE(H) 2-2,Wigan,5097,Michael,0,0,0,7,0,0,0,06 Oct 15:00,0,0,40,0,Goalkeeper,0,0
0,-79,Pollitt,0,0,SWA(A) 1-2,Wigan,5098,Michael,0,0,0,8,0,0,0,20 Oct 15:00,0,0,40,0,Goalkeeper,0,0
0,-134,Pollitt,0,0,WHU(H) 2-1,Wigan,5099,Michael,0,0,0,9,0,0,0,27 Oct 15:00,0,0,40,0,Goalkeeper,0,0
0,-277,Pollitt,0,0,TOT(A) 1-0,Wigan,50910,Michael,0,0,0,10,0,0,0,03 Nov 15:00,0,0,40,0,Goalkeeper,0,0
0,-196,Pollitt,0,0,WBA(H) 1-2,Wigan,50911,Michael,0,0,0,11,0,0,0,10 Nov 15:00,0,0,40,0,Goalkeeper,0,0
0,-225,Pollitt,0,0,LIV(A) 0-3,Wigan,50912,Michael,0,0,0,12,0,0,0,17 Nov 15:00,0,0,40,0,Goalkeeper,0,0
0,-180,Pollitt,0,0,RDG(H) 3-2,Wigan,50913,Michael,0,0,0,13,0,0,0,24 Nov 15:00,0,0,40,0,Goalkeeper,0,0
0,-152,Pollitt,0,0,MCI(H) 0-2,Wigan,50914,Michael,0,0,0,14,0,0,0,28 Nov 20:00,0,0,40,0,Goalkeeper,0,0
0,-182,Pollitt,0,0,NEW(A) 0-3,Wigan,50915,Michael,0,0,0,15,0,0,0,03 Dec 20:00,0,0,40,0,Goalkeeper,0,0
0,-165,Pollitt,0,0,QPR(H) 2-2,Wigan,50916,Michael,0,0,0,16,0,0,0,08 Dec 15:00,0,0,40,0,Goalkeeper,0,0
0,-156,Pollitt,0,0,NOR(A) 1-2,Wigan,50917,Michael,0,0,0,17,0,0,0,15 Dec 15:00,0,0,40,0,Goalkeeper,0,0
0,-131,Pollitt,0,0,ARS(H) 0-1,Wigan,50918,Michael,0,0,0,18,0,0,0,22 Dec 12:45,0,0,40,0,Goalkeeper,0,0
0,-130,Pollitt,0,0,EVE(A) 1-2,Wigan,50919,Michael,0,0,0,19,0,0,0,26 Dec 15:00,0,0,40,0,Goalkeeper,0,0
0,-63,Pollitt,0,0,AVL(A) 3-0,Wigan,50920,Michael,0,0,0,20,0,0,0,29 Dec 15:00,0,0,40,0,Goalkeeper,0,0
0,-78,Pollitt,0,0,MUN(H) 0-4,Wigan,50921,Michael,0,0,0,21,0,0,0,01 Jan 15:00,0,0,40,0,Goalkeeper,0,0
0,-536,Pollitt,0,0,FUL(A) 1-1,Wigan,50922,Michael,0,0,0,22,0,0,0,12 Jan 15:00,0,0,39,0,Goalkeeper,0,0
0,821,Pollitt,0,0,SUN(H) 2-3,Wigan,50923,Michael,0,0,0,23,0,0,0,19 Jan 15:00,0,0,39,0,Goalkeeper,0,0
0,-216,Pollitt,0,0,STK(A) 2-2,Wigan,50924,Michael,0,0,0,24,0,0,0,29 Jan 19:45,0,0,39,0,Goalkeeper,0,0
0,-187,Pollitt,0,0,SOU(H) 2-2,Wigan,50925,Michael,0,0,0,25,0,0,0,02 Feb 15:00,0,0,39,0,Goalkeeper,0,0
0,-59,Pollitt,0,0,CHE(A) 1-4,Wigan,50926,Michael,0,0,0,26,0,0,0,09 Feb 15:00,0,0,39,0,Goalkeeper,0,0
0,47,Pollitt,0,0,RDG(A) 3-0,Wigan,50927,Michael,0,0,0,27,0,0,0,23 Feb 15:00,0,0,39,0,Goalkeeper,0,0
0,-20,Pollitt,0,0,LIV(H) 0-4,Wigan,50928,Michael,0,0,0,28,0,0,0,02 Mar 17:30,0,0,39,0,Goalkeeper,0,0
0,-13,Pollitt,0,0,NEW(H) 2-1,Wigan,50930,Michael,0,0,0,30,0,0,0,17 Mar 16:00,0,0,39,0,Goalkeeper,0,0
0,-21,Pollitt,0,0,NOR(H) 1-0,Wigan,50931,Michael,0,0,0,31,0,0,0,30 Mar 15:00,0,0,39,0,Goalkeeper,0,0
0,-9,Pollitt,0,0,QPR(A) 1-1,Wigan,50932,Michael,0,0,0,32,0,0,0,07 Apr 16:10,0,0,39,0,Goalkeeper,0,0
0,-27,Pollitt,0,0,MCI(A) 0-1,Wigan,50933,Michael,0,0,0,33,0,0,0,17 Apr 19:45,0,0,39,0,Goalkeeper,0,0
0,-24,Pollitt,0,0,WHU(A) 0-2,Wigan,50934,Michael,0,0,0,34,0,0,0,20 Apr 15:00,0,0,39,0,Goalkeeper,0,0
0,-6,Pollitt,0,0,TOT(H) 2-2,Wigan,50935,Michael,0,0,0,35,0,0,0,27 Apr 15:00,0,0,39,0,Goalkeeper,0,0
0,14,Pollitt,0,0,SWA(H) 2-3,Wigan,50936,Michael,0,0,0,36,0,0,0,07 May 19:45,0,0,39,0,Goalkeeper,0,0
0,-4,Pollitt,0,0,ARS(A) 1-4,Wigan,50937,Michael,0,0,0,37,0,0,0,14 May 19:45,0,0,39,0,Goalkeeper,0,0
0,82,Pollitt,0,0,AVL(H) 2-2,Wigan,50938,Michael,0,0,0,38,0,0,0,19 May 16:00,0,0,39,0,Goalkeeper,0,0
0,0,Figueroa,2,0,CHE(H) 0-2,Wigan,5131,Maynor,0,90,9,1,0,0,0,19 Aug 13:30,0,0,45,1,Defender,0,0
0,-4183,Figueroa,0,0,SOU(A) 2-0,Wigan,5132,Maynor,0,90,24,2,3,1,0,25 Aug 15:00,0,0,45,9,Defender,0,0
0,34421,Figueroa,2,0,STK(H) 2-2,Wigan,5133,Maynor,0,90,8,3,0,0,0,01 Sep 15:00,0,0,45,1,Defender,0,0
0,1773,Figueroa,4,0,MUN(A) 0-4,Wigan,5134,Maynor,0,90,7,4,0,0,0,15 Sep 15:00,0,0,45,0,Defender,0,0
0,-3732,Figueroa,2,0,FUL(H) 1-2,Wigan,5135,Maynor,0,90,10,5,0,0,0,22 Sep 15:00,0,0,45,1,Defender,0,0
1,-6018,Figueroa,1,0,SUN(A) 0-1,Wigan,5136,Maynor,0,90,3,6,0,0,0,29 Sep 15:00,0,0,45,1,Defender,0,0
0,-4017,Figueroa,2,0,EVE(H) 2-2,Wigan,5137,Maynor,0,90,16,7,0,0,0,06 Oct 15:00,0,0,45,1,Defender,0,0
0,-4435,Figueroa,2,0,SWA(A) 1-2,Wigan,5138,Maynor,0,70,3,8,0,0,0,20 Oct 15:00,0,0,45,1,Defender,0,0
0,-3711,Figueroa,1,0,WHU(H) 2-1,Wigan,5139,Maynor,0,90,16,9,0,0,0,27 Oct 15:00,0,0,45,2,Defender,0,0
1,-4067,Figueroa,0,0,TOT(A) 1-0,Wigan,51310,Maynor,0,90,11,10,0,1,0,03 Nov 15:00,0,0,45,5,Defender,0,0
0,-615,Figueroa,2,0,WBA(H) 1-2,Wigan,51311,Maynor,0,90,-3,11,0,0,0,10 Nov 15:00,0,0,45,1,Defender,0,0
1,-2793,Figueroa,3,0,LIV(A) 0-3,Wigan,51312,Maynor,0,90,4,12,0,0,0,17 Nov 15:00,0,0,45,0,Defender,0,0
0,-2264,Figueroa,2,0,RDG(H) 3-2,Wigan,51313,Maynor,0,90,23,13,0,0,0,24 Nov 15:00,0,0,44,1,Defender,0,0
0,-3107,Figueroa,2,0,MCI(H) 0-2,Wigan,51314,Maynor,0,90,4,14,0,0,0,28 Nov 20:00,0,0,44,1,Defender,0,0
0,-3183,Figueroa,3,0,NEW(A) 0-3,Wigan,51315,Maynor,0,11,-3,15,0,0,0,03 Dec 20:00,0,0,44,-3,Defender,1,0
0,-10632,Figueroa,0,0,QPR(H) 2-2,Wigan,51316,Maynor,0,0,0,16,0,0,0,08 Dec 15:00,0,0,44,0,Defender,0,0
0,-3327,Figueroa,2,0,NOR(A) 1-2,Wigan,51317,Maynor,0,90,5,17,0,0,0,15 Dec 15:00,0,0,44,1,Defender,0,0
0,-1956,Figueroa,1,0,ARS(H) 0-1,Wigan,51318,Maynor,0,90,8,18,0,0,0,22 Dec 12:45,0,0,44,2,Defender,0,0
1,-1286,Figueroa,2,0,EVE(A) 1-2,Wigan,51319,Maynor,0,90,18,19,0,0,0,26 Dec 15:00,0,0,44,0,Defender,0,0
0,-1496,Figueroa,0,0,AVL(A) 3-0,Wigan,51320,Maynor,0,90,16,20,0,1,0,29 Dec 15:00,0,0,44,6,Defender,0,0
0,-577,Figueroa,4,0,MUN(H) 0-4,Wigan,51321,Maynor,0,90,-1,21,0,0,0,01 Jan 15:00,0,0,44,0,Defender,0,0
0,-6114,Figueroa,1,0,FUL(A) 1-1,Wigan,51322,Maynor,0,90,-2,22,0,0,0,12 Jan 15:00,0,0,44,2,Defender,0,0
0,-2451,Figueroa,3,0,SUN(H) 2-3,Wigan,51323,Maynor,0,90,0,23,0,0,0,19 Jan 15:00,0,0,44,1,Defender,0,0
0,-2480,Figueroa,2,0,STK(A) 2-2,Wigan,51324,Maynor,0,90,-1,24,0,0,0,29 Jan 19:45,0,0,43,1,Defender,0,0
0,-1065,Figueroa,2,0,SOU(H) 2-2,Wigan,51325,Maynor,0,90,7,25,0,0,0,02 Feb 15:00,0,0,43,1,Defender,0,0
1,-942,Figueroa,4,0,CHE(A) 1-4,Wigan,51326,Maynor,0,90,10,26,0,0,0,09 Feb 15:00,0,0,43,-1,Defender,0,0
0,-454,Figueroa,0,0,RDG(A) 3-0,Wigan,51327,Maynor,0,90,40,27,2,1,1,23 Feb 15:00,0,0,43,17,Defender,0,1
0,2418,Figueroa,4,0,LIV(H) 0-4,Wigan,51328,Maynor,0,90,0,28,0,0,0,02 Mar 17:30,0,0,43,0,Defender,0,0
0,5938,Figueroa,1,0,NEW(H) 2-1,Wigan,51330,Maynor,0,90,10,30,0,0,0,17 Mar 16:00,0,0,43,2,Defender,0,0
0,3814,Figueroa,0,0,NOR(H) 1-0,Wigan,51331,Maynor,0,90,17,31,0,1,0,30 Mar 15:00,0,0,43,6,Defender,0,0
1,1908,Figueroa,1,0,QPR(A) 1-1,Wigan,51332,Maynor,0,87,4,32,0,0,0,07 Apr 16:10,0,0,43,1,Defender,0,0
0,-622,Figueroa,1,0,MCI(A) 0-1,Wigan,51333,Maynor,0,90,6,33,0,0,0,17 Apr 19:45,0,0,43,2,Defender,0,0
0,1189,Figueroa,2,0,WHU(A) 0-2,Wigan,51334,Maynor,0,90,3,34,0,0,0,20 Apr 15:00,0,0,43,1,Defender,0,0
0,1589,Figueroa,1,0,TOT(H) 2-2,Wigan,51335,Maynor,0,34,3,35,0,0,0,27 Apr 15:00,0,0,43,1,Defender,0,0
0,-7082,Figueroa,0,0,SWA(H) 2-3,Wigan,51336,Maynor,0,0,0,36,0,0,0,07 May 19:45,0,0,43,0,Defender,0,0
0,-3351,Figueroa,0,0,ARS(A) 1-4,Wigan,51337,Maynor,0,0,0,37,0,0,0,14 May 19:45,0,0,43,0,Defender,0,0
0,-1909,Figueroa,0,0,AVL(H) 2-2,Wigan,51338,Maynor,0,0,0,38,0,0,0,19 May 16:00,0,0,43,0,Defender,0,0
0,0,Maiga,0,0,AVL(H) 1-0,West Ham,5311,Modibo,0,10,-3,1,0,0,0,18 Aug 15:00,0,0,55,1,Forward,0,0
0,-626,Maiga,1,0,SWA(A) 0-3,West Ham,5312,Modibo,0,29,1,2,0,0,0,25 Aug 12:45,0,0,55,1,Forward,0,0
0,-915,Maiga,0,0,FUL(H) 3-0,West Ham,5313,Modibo,0,0,0,3,0,0,0,01 Sep 12:45,0,0,54,0,Forward,0,0
0,-954,Maiga,0,0,NOR(A) 0-0,West Ham,5314,Modibo,0,34,2,4,0,0,0,15 Sep 12:45,0,0,53,1,Forward,0,0
0,-470,Maiga,0,0,SUN(H) 1-1,West Ham,5315,Modibo,0,14,3,5,0,0,1,22 Sep 15:00,0,0,52,4,Forward,0,0
0,-127,Maiga,0,0,QPR(A) 2-1,West Ham,5316,Modibo,0,0,0,6,0,0,0,01 Oct 20:00,0,0,51,0,Forward,0,0
0,-233,Maiga,0,0,ARS(H) 1-3,West Ham,5317,Modibo,0,0,0,7,0,0,0,06 Oct 17:30,0,0,51,0,Forward,0,0
0,-71,Maiga,0,0,SOU(H) 4-1,West Ham,5318,Modibo,0,9,19,8,0,0,0,20 Oct 15:00,0,0,50,5,Forward,0,1
1,378,Maiga,1,0,WIG(A) 1-2,West Ham,5319,Modibo,0,45,-7,9,0,0,0,27 Oct 15:00,0,0,50,0,Forward,0,0
0,-76,Maiga,0,0,MCI(H) 0-0,West Ham,53110,Modibo,0,0,0,10,0,0,0,03 Nov 17:30,0,0,50,0,Forward,0,0
0,-128,Maiga,0,0,NEW(A) 1-0,West Ham,53111,Modibo,0,57,11,11,0,0,0,11 Nov 15:00,0,0,50,1,Forward,0,0
0,-39,Maiga,1,0,STK(H) 1-1,West Ham,53112,Modibo,0,84,-1,12,0,0,0,19 Nov 20:00,0,0,50,2,Forward,0,0
0,-61,Maiga,0,0,TOT(A) 1-3,West Ham,53113,Modibo,0,30,1,13,0,0,0,25 Nov 16:00,0,0,50,1,Forward,0,0
0,-50,Maiga,0,0,MUN(A) 0-1,West Ham,53114,Modibo,0,21,-4,14,0,0,0,28 Nov 20:00,0,0,50,1,Forward,0,0
0,-55,Maiga,0,0,CHE(H) 3-1,West Ham,53115,Modibo,0,4,18,15,0,0,0,01 Dec 12:45,0,0,50,5,Forward,0,1
0,200,Maiga,0,0,LIV(H) 2-3,West Ham,53116,Modibo,0,5,-4,16,0,0,0,09 Dec 16:00,0,0,50,1,Forward,0,0
0,-8,Maiga,0,0,WBA(A) 0-0,West Ham,53117,Modibo,0,15,1,17,0,0,0,16 Dec 16:00,0,0,50,1,Forward,0,0
1,-70,Maiga,2,0,EVE(H) 1-2,West Ham,53118,Modibo,0,33,-4,18,0,0,0,22 Dec 15:00,0,0,50,0,Forward,0,0
0,114,Maiga,0,0,RDG(A) 0-1,West Ham,53120,Modibo,0,12,0,20,0,0,0,29 Dec 15:00,0,0,50,1,Forward,0,0
0,-129,Maiga,1,0,NOR(H) 2-1,West Ham,53121,Modibo,0,9,1,21,0,0,0,01 Jan 15:00,0,0,50,1,Forward,0,0
0,-310,Maiga,0,0,SUN(A) 0-3,West Ham,53122,Modibo,0,0,0,22,0,0,0,12 Jan 15:00,0,0,50,0,Forward,0,0
0,-172,Maiga,0,0,ARS(A) 1-5,West Ham,53123,Modibo,0,0,0,23,0,0,0,23 Jan 19:45,0,0,50,0,Forward,0,0
0,-117,Maiga,0,0,FUL(A) 1-3,West Ham,53124,Modibo,0,0,0,24,0,0,0,30 Jan 20:00,0,0,50,0,Forward,0,0
0,-45,Maiga,0,0,SWA(H) 1-0,West Ham,53125,Modibo,0,0,0,25,0,0,0,02 Feb 15:00,0,0,50,0,Forward,0,0
0,-46,Maiga,0,0,AVL(A) 1-2,West Ham,53126,Modibo,0,0,0,26,0,0,0,10 Feb 13:30,0,0,50,0,Forward,0,0
0,-34,Maiga,0,0,TOT(H) 2-3,West Ham,53127,Modibo,0,0,0,27,0,0,0,25 Feb 20:00,0,0,50,0,Forward,0,0
0,6,Maiga,0,0,STK(A) 1-0,West Ham,53128,Modibo,0,0,0,28,0,0,0,02 Mar 15:00,0,0,50,0,Forward,0,0
0,-6,Maiga,0,0,CHE(A) 0-2,West Ham,53130,Modibo,0,0,0,30,0,0,0,17 Mar 16:00,0,0,50,0,Forward,0,0
0,-7,Maiga,0,0,WBA(H) 3-1,West Ham,53131,Modibo,0,0,0,31,0,0,0,30 Mar 15:00,0,0,50,0,Forward,0,0
0,-9,Maiga,0,0,LIV(A) 0-0,West Ham,53132,Modibo,0,0,0,32,0,0,0,07 Apr 13:30,0,0,50,0,Forward,0,0
0,0,Maiga,0,0,MUN(H) 2-2,West Ham,53133,Modibo,0,0,0,33,0,0,0,17 Apr 19:45,0,0,50,0,Forward,0,0
0,0,Maiga,0,0,WIG(H) 2-0,West Ham,53134,Modibo,0,0,0,34,0,0,0,20 Apr 15:00,0,0,50,0,Forward,0,0
0,-8,Maiga,0,0,MCI(A) 1-2,West Ham,53135,Modibo,0,0,0,35,0,0,0,27 Apr 12:45,0,0,50,0,Forward,0,0
0,-9,Maiga,0,0,NEW(H) 0-0,West Ham,53136,Modibo,0,0,0,36,0,0,0,04 May 15:00,0,0,50,0,Forward,0,0
0,-4,Maiga,0,0,EVE(A) 0-2,West Ham,53137,Modibo,0,0,0,37,0,0,0,12 May 15:00,0,0,50,0,Forward,0,0
0,7,Maiga,0,0,RDG(H) 4-2,West Ham,53138,Modibo,0,10,11,38,0,0,1,19 May 16:00,0,0,50,4,Forward,0,0
0,0,Michu,0,0,QPR(A) 5-0,Swansea,5371,Miguel,0,83,48,1,2,1,1,18 Aug 15:00,0,0,65,18,Midfielder,0,2
0,222058,Michu,0,0,WHU(H) 3-0,Swansea,5372,Miguel,0,90,33,2,2,1,0,25 Aug 12:45,0,0,68,10,Midfielder,0,1
0,273176,Michu,2,0,SUN(H) 2-2,Swansea,5373,Miguel,0,77,18,3,0,0,0,01 Sep 15:00,0,0,71,7,Midfielder,0,1
1,147686,Michu,2,0,AVL(A) 0-2,Swansea,5374,Miguel,0,90,1,4,0,0,0,15 Sep 15:00,0,0,74,1,Midfielder,0,0
1,9530,Michu,3,0,EVE(H) 0-3,Swansea,5375,Miguel,0,90,3,5,0,0,0,22 Sep 12:45,0,0,74,1,Midfielder,0,0
0,-61093,Michu,2,0,STK(A) 0-2,Swansea,5376,Miguel,0,73,-6,6,0,0,0,29 Sep 15:00,0,0,73,2,Midfielder,0,0
1,-43770,Michu,2,0,RDG(H) 2-2,Swansea,5377,Miguel,0,85,19,7,0,0,0,06 Oct 15:00,0,0,72,6,Midfielder,0,1
0,27609,Michu,1,0,WIG(H) 2-1,Swansea,5378,Miguel,0,90,22,8,1,0,0,20 Oct 15:00,0,0,72,8,Midfielder,0,1
0,19242,Michu,1,0,MCI(A) 0-1,Swansea,5379,Miguel,0,90,7,9,0,0,0,27 Oct 17:30,0,0,73,2,Midfielder,0,0
0,17991,Michu,1,0,CHE(H) 1-1,Swansea,53710,Miguel,0,78,7,10,0,0,0,03 Nov 15:00,0,0,73,2,Midfielder,0,0
0,18795,Michu,1,0,SOU(A) 1-1,Swansea,53711,Miguel,0,90,9,11,0,0,0,10 Nov 15:00,0,0,74,2,Midfielder,0,0
0,-47512,Michu,0,0,NEW(A) 2-1,Swansea,53712,Miguel,0,81,22,12,1,1,0,17 Nov 15:00,0,0,73,9,Midfielder,0,1
0,46851,Michu,0,0,LIV(H) 0-0,Swansea,53713,Miguel,0,90,-1,13,0,1,0,25 Nov 13:30,0,0,74,3,Midfielder,0,0
0,7579,Michu,1,0,WBA(H) 3-1,Swansea,53714,Miguel,0,85,28,14,1,0,0,28 Nov 19:45,0,0,74,8,Midfielder,0,1
0,24140,Michu,0,0,ARS(A) 2-0,Swansea,53715,Miguel,0,90,57,15,3,1,0,01 Dec 15:00,0,0,75,16,Midfielder,0,2
0,223495,Michu,4,0,NOR(H) 3-4,Swansea,53716,Miguel,0,90,19,16,0,0,0,08 Dec 15:00,0,0,78,12,Midfielder,0,2
0,97127,Michu,1,0,TOT(A) 0-1,Swansea,53717,Miguel,0,90,2,17,0,0,0,16 Dec 13:30,0,0,80,2,Midfielder,0,0
0,29962,Michu,1,0,MUN(H) 1-1,Swansea,53718,Miguel,0,90,19,18,1,0,0,23 Dec 13:30,0,0,81,8,Midfielder,0,1
0,52321,Michu,0,0,RDG(A) 0-0,Swansea,53719,Miguel,0,79,-1,19,0,1,0,26 Dec 15:00,0,0,83,3,Midfielder,0,0
0,-94048,Michu,0,0,FUL(A) 2-1,Swansea,53720,Miguel,0,0,0,20,0,0,0,29 Dec 15:00,0,0,83,0,Midfielder,0,0
0,-61608,Michu,2,0,AVL(H) 2-2,Swansea,53721,Miguel,0,90,5,21,0,0,0,01 Jan 15:00,0,0,82,2,Midfielder,0,0
1,67960,Michu,0,0,EVE(A) 0-0,Swansea,53722,Miguel,0,81,10,22,0,1,0,12 Jan 15:00,0,0,83,2,Midfielder,0,0
0,17788,Michu,0,0,STK(H) 3-1,Swansea,53723,Miguel,0,76,10,23,0,1,1,19 Jan 15:00,0,0,83,6,Midfielder,0,0
0,24869,Michu,0,0,SUN(A) 0-0,Swansea,53724,Miguel,0,90,1,24,0,1,0,29 Jan 19:45,0,0,84,3,Midfielder,0,0
0,1596,Michu,1,0,WHU(A) 0-1,Swansea,53725,Miguel,0,90,-4,25,0,0,0,02 Feb 15:00,0,0,84,2,Midfielder,0,0
0,7331,Michu,0,0,LIV(A) 0-5,Swansea,53726,Miguel,0,0,0,26,0,0,0,17 Feb 15:00,0,0,84,0,Midfielder,0,0
0,37664,Michu,0,0,NEW(H) 1-0,Swansea,53728,Miguel,0,90,13,28,0,1,0,02 Mar 15:00,0,0,83,3,Midfielder,0,0
0,60371,Michu,2,0,WBA(A) 1-2,Swansea,53729,Miguel,0,90,-6,29,0,0,0,09 Mar 15:00,0,0,85,2,Midfielder,0,0
0,-32187,Michu,2,0,ARS(H) 0-2,Swansea,53730,Miguel,0,90,-10,30,0,0,0,16 Mar 15:00,0,0,85,2,Midfielder,0,0
1,-31900,Michu,2,0,TOT(H) 1-2,Swansea,53731,Miguel,0,90,12,31,0,0,0,30 Mar 15:00,0,0,84,6,Midfielder,0,1
0,7271,Michu,2,0,NOR(A) 2-2,Swansea,53732,Miguel,0,90,9,32,0,0,0,06 Apr 15:00,0,0,83,7,Midfielder,0,1
0,62016,Michu,0,0,SOU(H) 0-0,Swansea,53734,Miguel,0,90,-12,34,0,1,0,20 Apr 15:00,0,0,82,3,Midfielder,0,0
0,-21232,Michu,2,0,CHE(A) 0-2,Swansea,53735,Miguel,0,90,-4,35,0,0,0,28 Apr 15:00,0,0,82,2,Midfielder,0,0
0,9360,Michu,0,0,WIG(A) 3-2,Swansea,53736,Miguel,0,0,0,36,0,0,0,07 May 19:45,0,0,82,0,Midfielder,0,0
0,-266824,Michu,1,0,MUN(A) 1-2,Swansea,53737,Miguel,0,73,21,37,1,0,0,12 May 16:00,0,0,79,8,Midfielder,0,1
1,28538,Michu,3,0,FUL(H) 0-3,Swansea,53738,Miguel,0,90,-1,38,0,0,0,19 May 16:00,0,0,79,1,Midfielder,0,0
0,0,Boselli,0,0,CHE(H) 0-2,Wigan,5401,Mauro,0,0,0,1,0,0,0,19 Aug 13:30,0,0,55,0,Forward,0,0
0,-170,Boselli,0,0,SOU(A) 2-0,Wigan,5402,Mauro,0,1,0,2,0,0,0,25 Aug 15:00,0,0,55,1,Forward,0,0
0,-127,Boselli,0,0,STK(H) 2-2,Wigan,5403,Mauro,0,0,0,3,0,0,0,01 Sep 15:00,0,0,54,0,Forward,0,0
0,-123,Boselli,0,0,MUN(A) 0-4,Wigan,5404,Mauro,0,0,0,4,0,0,0,15 Sep 15:00,0,0,53,0,Forward,0,0
0,-84,Boselli,1,0,FUL(H) 1-2,Wigan,5405,Mauro,0,29,-3,5,0,0,0,22 Sep 15:00,0,0,53,1,Forward,0,0
0,9,Boselli,0,0,SUN(A) 0-1,Wigan,5406,Mauro,0,0,0,6,0,0,0,29 Sep 15:00,0,0,52,0,Forward,0,0
0,-72,Boselli,0,0,EVE(H) 2-2,Wigan,5407,Mauro,0,0,0,7,0,0,0,06 Oct 15:00,0,0,52,0,Forward,0,0
0,-32,Boselli,0,0,SWA(A) 1-2,Wigan,5408,Mauro,0,8,0,8,0,0,0,20 Oct 15:00,0,0,52,1,Forward,0,0
0,-27,Boselli,0,0,WHU(H) 2-1,Wigan,5409,Mauro,0,0,0,9,0,0,0,27 Oct 15:00,0,0,52,0,Forward,0,0
0,-21,Boselli,0,0,TOT(A) 1-0,Wigan,54010,Mauro,0,0,0,10,0,0,0,03 Nov 15:00,0,0,51,0,Forward,0,0
0,-13,Boselli,0,0,WBA(H) 1-2,Wigan,54011,Mauro,0,6,0,11,0,0,0,10 Nov 15:00,0,0,51,1,Forward,0,0
0,-23,Boselli,0,0,LIV(A) 0-3,Wigan,54012,Mauro,0,0,0,12,0,0,0,17 Nov 15:00,0,0,51,0,Forward,0,0
0,-12,Boselli,0,0,RDG(H) 3-2,Wigan,54013,Mauro,0,0,0,13,0,0,0,24 Nov 15:00,0,0,51,0,Forward,0,0
0,-8,Boselli,0,0,MCI(H) 0-2,Wigan,54014,Mauro,0,0,0,14,0,0,0,28 Nov 20:00,0,0,51,0,Forward,0,0
0,-3,Boselli,0,0,NEW(A) 0-3,Wigan,54015,Mauro,0,0,0,15,0,0,0,03 Dec 20:00,0,0,51,0,Forward,0,0
0,-6,Boselli,0,0,QPR(H) 2-2,Wigan,54016,Mauro,0,6,6,16,0,0,0,08 Dec 15:00,0,0,51,1,Forward,0,0
0,-3,Boselli,2,0,NOR(A) 1-2,Wigan,54017,Mauro,0,71,7,17,0,0,0,15 Dec 15:00,0,0,51,2,Forward,0,0
0,-3,Boselli,0,0,ARS(H) 0-1,Wigan,54018,Mauro,0,0,0,18,0,0,0,22 Dec 12:45,0,0,51,0,Forward,0,0
0,-2,Boselli,0,0,EVE(A) 1-2,Wigan,54019,Mauro,0,0,0,19,0,0,0,26 Dec 15:00,0,0,51,0,Forward,0,0
0,1,Boselli,0,0,AVL(A) 3-0,Wigan,54020,Mauro,0,0,0,20,0,0,0,29 Dec 15:00,0,0,51,0,Forward,0,0
0,-7,Boselli,0,0,MUN(H) 0-4,Wigan,54021,Mauro,0,0,0,21,0,0,0,01 Jan 15:00,0,0,51,0,Forward,0,0
0,-19,Boselli,0,0,FUL(A) 1-1,Wigan,54022,Mauro,0,0,0,22,0,0,0,12 Jan 15:00,0,0,50,0,Forward,0,0
0,-1,Boselli,0,0,SUN(H) 2-3,Wigan,54023,Mauro,0,14,-3,23,0,0,0,19 Jan 15:00,0,0,50,1,Forward,0,0
0,-14,Boselli,0,0,STK(A) 2-2,Wigan,54024,Mauro,0,0,0,24,0,0,0,29 Jan 19:45,0,0,50,0,Forward,0,0
0,-6,Boselli,0,0,SOU(H) 2-2,Wigan,54025,Mauro,0,0,0,25,0,0,0,02 Feb 15:00,0,0,50,0,Forward,0,0
0,-13,Boselli,0,0,CHE(A) 1-4,Wigan,54026,Mauro,0,0,0,26,0,0,0,09 Feb 15:00,0,0,50,0,Forward,0,0
0,-12,Boselli,0,0,RDG(A) 3-0,Wigan,54027,Mauro,0,0,0,27,0,0,0,23 Feb 15:00,0,0,50,0,Forward,0,0
0,-3,Boselli,0,0,LIV(H) 0-4,Wigan,54028,Mauro,0,0,0,28,0,0,0,02 Mar 17:30,0,0,50,0,Forward,0,0
0,-4,Boselli,0,0,NEW(H) 2-1,Wigan,54030,Mauro,0,0,0,30,0,0,0,17 Mar 16:00,0,0,50,0,Forward,0,0
0,-1,Boselli,0,0,NOR(H) 1-0,Wigan,54031,Mauro,0,0,0,31,0,0,0,30 Mar 15:00,0,0,50,0,Forward,0,0
0,-1,Boselli,0,0,QPR(A) 1-1,Wigan,54032,Mauro,0,0,0,32,0,0,0,07 Apr 16:10,0,0,50,0,Forward,0,0
0,-2,Boselli,0,0,MCI(A) 0-1,Wigan,54033,Mauro,0,0,0,33,0,0,0,17 Apr 19:45,0,0,50,0,Forward,0,0
0,-1,Boselli,0,0,WHU(A) 0-2,Wigan,54034,Mauro,0,0,0,34,0,0,0,20 Apr 15:00,0,0,50,0,Forward,0,0
0,-1,Boselli,0,0,TOT(H) 2-2,Wigan,54035,Mauro,0,0,0,35,0,0,0,27 Apr 15:00,0,0,50,0,Forward,0,0
0,-2,Boselli,0,0,SWA(H) 2-3,Wigan,54036,Mauro,0,0,0,36,0,0,0,07 May 19:45,0,0,50,0,Forward,0,0
0,-3,Boselli,0,0,ARS(A) 1-4,Wigan,54037,Mauro,0,0,0,37,0,0,0,14 May 19:45,0,0,50,0,Forward,0,0
0,-1,Boselli,0,0,AVL(H) 2-2,Wigan,54038,Mauro,0,0,0,38,0,0,0,19 May 16:00,0,0,50,0,Forward,0,0
0,0,Rosenberg,0,0,LIV(H) 3-0,West Brom,5471,Markus,0,0,0,1,0,0,0,18 Aug 15:00,0,0,65,0,Forward,0,0
0,-263,Rosenberg,0,0,TOT(A) 1-1,West Brom,5472,Markus,0,13,1,2,0,0,0,25 Aug 15:00,0,0,65,1,Forward,0,0
0,-188,Rosenberg,0,0,EVE(H) 2-0,West Brom,5473,Markus,0,0,0,3,0,0,0,01 Sep 15:00,0,0,64,0,Forward,0,0
0,-177,Rosenberg,1,0,FUL(A) 0-3,West Brom,5474,Markus,0,15,1,4,0,0,0,15 Sep 15:00,0,0,63,1,Forward,0,0
0,-110,Rosenberg,0,0,RDG(H) 1-0,West Brom,5475,Markus,0,13,2,5,0,0,0,22 Sep 15:00,0,0,62,1,Forward,0,0
0,-64,Rosenberg,0,0,AVL(A) 1-1,West Brom,5476,Markus,0,0,0,6,0,0,0,30 Sep 16:00,0,0,61,0,Forward,0,0
0,-44,Rosenberg,1,0,QPR(H) 3-2,West Brom,5477,Markus,0,29,5,7,0,0,0,06 Oct 15:00,0,0,61,1,Forward,0,0
0,-28,Rosenberg,0,0,MCI(H) 1-2,West Brom,5478,Markus,0,0,0,8,0,0,0,20 Oct 15:00,0,0,61,0,Forward,0,0
0,-17,Rosenberg,1,0,NEW(A) 1-2,West Brom,5479,Markus,0,19,1,9,0,0,0,28 Oct 15:00,0,0,60,1,Forward,0,0
0,-10,Rosenberg,0,0,SOU(H) 2-0,West Brom,54710,Markus,0,0,0,10,0,0,0,05 Nov 20:00,0,0,60,0,Forward,0,0
0,-2,Rosenberg,0,0,WIG(A) 2-1,West Brom,54711,Markus,0,5,1,11,0,0,0,10 Nov 15:00,0,0,60,1,Forward,0,0
0,-12,Rosenberg,0,0,CHE(H) 2-1,West Brom,54712,Markus,0,11,5,12,0,0,0,17 Nov 15:00,0,0,60,1,Forward,0,0
0,-17,Rosenberg,0,0,SUN(A) 4-2,West Brom,54713,Markus,0,0,0,13,0,0,0,24 Nov 12:45,0,0,60,0,Forward,0,0
0,-9,Rosenberg,0,0,SWA(A) 1-3,West Brom,54714,Markus,0,0,0,14,0,0,0,28 Nov 19:45,0,0,60,0,Forward,0,0
0,4,Rosenberg,0,0,STK(H) 0-1,West Brom,54715,Markus,0,63,-7,15,0,1,0,01 Dec 15:00,0,0,60,2,Forward,0,0
0,7,Rosenberg,0,0,ARS(A) 0-2,West Brom,54716,Markus,0,16,0,16,0,0,0,08 Dec 15:00,0,0,60,1,Forward,0,0
0,-14,Rosenberg,0,0,WHU(H) 0-0,West Brom,54717,Markus,0,8,-4,17,0,0,0,16 Dec 16:00,0,0,60,1,Forward,0,0
0,-1,Rosenberg,0,0,NOR(H) 2-1,West Brom,54718,Markus,0,0,0,18,0,0,0,22 Dec 15:00,0,0,60,0,Forward,0,0
0,0,Rosenberg,0,0,QPR(A) 2-1,West Brom,54719,Markus,0,0,0,19,0,0,0,26 Dec 15:00,0,0,60,0,Forward,0,0
0,-6,Rosenberg,1,0,MUN(A) 0-2,West Brom,54720,Markus,0,66,3,20,0,0,0,29 Dec 15:00,0,0,60,2,Forward,0,0
0,-1,Rosenberg,0,0,FUL(H) 1-2,West Brom,54721,Markus,0,0,0,21,0,0,0,01 Jan 12:45,0,0,60,0,Forward,0,0
0,0,Rosenberg,3,0,RDG(A) 2-3,West Brom,54722,Markus,0,12,0,22,0,0,0,12 Jan 15:00,0,0,60,1,Forward,0,0
0,-9,Rosenberg,0,0,AVL(H) 2-2,West Brom,54723,Markus,0,9,1,23,0,0,0,19 Jan 17:30,0,0,60,1,Forward,0,0
0,-14,Rosenberg,0,0,EVE(A) 1-2,West Brom,54724,Markus,0,14,0,24,0,0,0,30 Jan 19:45,0,0,59,1,Forward,0,0
0,-4,Rosenberg,0,0,TOT(H) 0-1,West Brom,54725,Markus,0,10,0,25,0,0,0,03 Feb 13:30,0,0,59,1,Forward,0,0
0,-5,Rosenberg,0,0,LIV(A) 2-0,West Brom,54726,Markus,0,0,0,26,0,0,0,11 Feb 20:00,0,0,59,0,Forward,0,0
0,-3,Rosenberg,0,0,SUN(H) 2-1,West Brom,54727,Markus,0,0,0,27,0,0,0,23 Feb 15:00,0,0,59,0,Forward,0,0
0,-4,Rosenberg,0,0,CHE(A) 0-1,West Brom,54728,Markus,0,9,0,28,0,0,0,02 Mar 15:00,0,0,59,1,Forward,0,0
0,1,Rosenberg,0,0,SWA(H) 2-1,West Brom,54729,Markus,0,0,0,29,0,0,0,09 Mar 15:00,0,0,59,0,Forward,0,0
0,0,Rosenberg,0,0,STK(A) 0-0,West Brom,54730,Markus,0,0,0,30,0,0,0,16 Mar 15:00,0,0,59,0,Forward,0,0
0,-1,Rosenberg,1,0,WHU(A) 1-3,West Brom,54731,Markus,0,20,1,31,0,0,0,30 Mar 15:00,0,0,59,1,Forward,0,0
0,-2,Rosenberg,0,0,ARS(H) 1-2,West Brom,54732,Markus,0,29,1,32,0,0,0,06 Apr 15:00,0,0,59,1,Forward,0,0
0,1,Rosenberg,0,0,NEW(H) 1-1,West Brom,54734,Markus,0,1,0,34,0,0,0,20 Apr 15:00,0,0,59,1,Forward,0,0
0,2,Rosenberg,0,0,SOU(A) 3-0,West Brom,54735,Markus,0,3,1,35,0,0,0,27 Apr 15:00,0,0,59,1,Forward,0,0
0,-1,Rosenberg,1,0,MCI(A) 0-1,West Brom,54736,Markus,0,75,-6,36,0,0,0,07 May 19:45,0,0,59,2,Forward,0,0
0,20,Rosenberg,1,0,NOR(A) 0-4,West Brom,54737,Markus,0,45,-3,37,0,0,0,12 May 15:00,0,0,59,1,Forward,0,0
0,2,Rosenberg,0,0,MUN(H) 5-5,West Brom,54738,Markus,0,12,7,38,0,0,1,19 May 16:00,0,0,59,4,Forward,0,0
0,0,Kightly,0,0,RDG(A) 1-1,Stoke City,5481,Michael,0,74,27,1,3,1,0,18 Aug 15:00,0,0,55,11,Midfielder,0,1
0,8999,Kightly,0,0,ARS(H) 0-0,Stoke City,5482,Michael,0,90,13,2,2,1,0,26 Aug 13:30,0,0,55,5,Midfielder,0,0
0,19524,Kightly,2,0,WIG(A) 2-2,Stoke City,5483,Michael,0,74,15,3,0,0,0,01 Sep 15:00,0,0,55,2,Midfielder,0,0
0,2732,Kightly,1,0,MCI(H) 1-1,Stoke City,5484,Michael,0,68,0,4,0,0,0,15 Sep 15:00,0,0,55,2,Midfielder,0,0
0,-3125,Kightly,0,0,CHE(A) 0-1,Stoke City,5485,Michael,0,70,-1,5,0,1,0,22 Sep 15:00,0,0,55,3,Midfielder,0,0
0,493,Kightly,0,0,SWA(H) 2-0,Stoke City,5486,Michael,0,90,9,6,0,1,0,29 Sep 15:00,0,0,55,3,Midfielder,0,0
1,-888,Kightly,0,0,LIV(A) 0-0,Stoke City,5487,Michael,0,62,11,7,0,1,0,07 Oct 15:00,0,0,55,2,Midfielder,0,0
1,-2723,Kightly,4,0,MUN(A) 2-4,Stoke City,5488,Michael,0,73,20,8,0,0,0,20 Oct 15:00,0,0,55,6,Midfielder,0,1
0,10793,Kightly,0,0,SUN(H) 0-0,Stoke City,5489,Michael,0,90,0,9,0,1,0,27 Oct 15:00,0,0,55,3,Midfielder,0,0
0,8680,Kightly,1,0,NOR(A) 0-1,Stoke City,54810,Michael,0,60,3,10,0,0,0,03 Nov 15:00,0,0,55,2,Midfielder,0,0
0,3317,Kightly,0,0,QPR(H) 1-0,Stoke City,54811,Michael,0,20,3,11,0,0,0,10 Nov 15:00,0,0,55,1,Midfielder,0,0
0,-5495,Kightly,0,0,WHU(A) 1-1,Stoke City,54812,Michael,0,17,1,12,0,0,0,19 Nov 20:00,0,0,55,1,Midfielder,0,0
0,-6488,Kightly,0,0,FUL(H) 1-0,Stoke City,54813,Michael,0,19,-1,13,0,0,0,24 Nov 15:00,0,0,55,1,Midfielder,0,0
0,-5301,Kightly,0,0,NEW(H) 2-1,Stoke City,54814,Michael,0,24,6,14,0,0,0,28 Nov 19:45,0,0,55,1,Midfielder,0,0
0,-5506,Kightly,0,0,WBA(A) 1-0,Stoke City,54815,Michael,0,32,14,15,0,0,1,01 Dec 15:00,0,0,55,4,Midfielder,0,0
0,-3917,Kightly,0,0,AVL(A) 0-0,Stoke City,54816,Michael,0,0,0,16,0,0,0,08 Dec 15:00,0,0,55,0,Midfielder,0,0
0,-4117,Kightly,0,0,EVE(H) 1-1,Stoke City,54817,Michael,0,6,-5,17,0,0,0,15 Dec 15:00,0,0,55,1,Midfielder,0,0
0,-3255,Kightly,0,0,TOT(A) 0-0,Stoke City,54818,Michael,0,0,0,18,0,0,0,22 Dec 15:00,0,0,55,0,Midfielder,0,0
0,-2241,Kightly,1,0,LIV(H) 3-1,Stoke City,54819,Michael,0,68,10,19,0,0,0,26 Dec 19:45,0,0,54,2,Midfielder,0,0
0,-1300,Kightly,3,0,SOU(H) 3-3,Stoke City,54820,Michael,0,74,12,20,0,0,0,29 Dec 15:00,0,0,54,2,Midfielder,0,0
0,-1176,Kightly,0,0,MCI(A) 0-3,Stoke City,54821,Michael,0,0,0,21,0,0,0,01 Jan 15:00,0,0,53,0,Midfielder,0,0
0,-3618,Kightly,0,0,CHE(H) 0-4,Stoke City,54822,Michael,0,5,0,22,0,0,0,12 Jan 15:00,0,0,53,1,Midfielder,0,0
0,-1713,Kightly,0,0,SWA(A) 1-3,Stoke City,54823,Michael,0,0,0,23,0,0,0,19 Jan 15:00,0,0,53,0,Midfielder,0,0
0,-1556,Kightly,0,0,WIG(H) 2-2,Stoke City,54824,Michael,0,0,0,24,0,0,0,29 Jan 19:45,0,0,52,0,Midfielder,0,0
0,-935,Kightly,0,0,ARS(A) 0-1,Stoke City,54825,Michael,0,0,0,25,0,0,0,02 Feb 15:00,0,0,52,0,Midfielder,0,0
0,-795,Kightly,0,0,RDG(H) 2-1,Stoke City,54826,Michael,0,64,6,26,0,1,0,09 Feb 15:00,0,0,52,3,Midfielder,0,0
0,-509,Kightly,0,0,FUL(A) 0-1,Stoke City,54827,Michael,0,0,0,27,0,0,0,23 Feb 12:45,0,0,52,0,Midfielder,0,0
0,-363,Kightly,1,0,WHU(H) 0-1,Stoke City,54828,Michael,0,65,-1,28,0,0,0,02 Mar 15:00,0,0,52,2,Midfielder,0,0
0,-254,Kightly,0,0,NEW(A) 1-2,Stoke City,54829,Michael,0,0,0,29,0,0,0,10 Mar 15:00,0,0,51,0,Midfielder,0,0
0,-225,Kightly,0,0,WBA(H) 0-0,Stoke City,54830,Michael,0,0,0,30,0,0,0,16 Mar 15:00,0,0,51,0,Midfielder,0,0
0,-245,Kightly,0,0,EVE(A) 0-1,Stoke City,54831,Michael,0,0,0,31,0,0,0,30 Mar 17:30,0,0,51,0,Midfielder,0,0
0,-198,Kightly,2,0,AVL(H) 1-3,Stoke City,54832,Michael,0,45,19,32,0,0,0,06 Apr 15:00,0,0,51,6,Midfielder,0,1
0,-71,Kightly,0,0,MUN(H) 0-2,Stoke City,54833,Michael,0,0,0,33,0,0,0,14 Apr 14:05,0,0,51,0,Midfielder,0,0
0,-101,Kightly,0,0,QPR(A) 2-0,Stoke City,54834,Michael,0,0,0,34,0,0,0,20 Apr 15:00,0,0,51,0,Midfielder,0,0
0,-148,Kightly,0,0,NOR(H) 1-0,Stoke City,54835,Michael,0,0,0,35,0,0,0,27 Apr 15:00,0,0,51,0,Midfielder,0,0
0,-168,Kightly,0,0,SUN(A) 1-1,Stoke City,54836,Michael,0,0,0,36,0,0,0,06 May 20:00,0,0,51,0,Midfielder,0,0
0,-63,Kightly,0,0,TOT(H) 1-2,Stoke City,54837,Michael,0,0,0,37,0,0,0,12 May 13:30,0,0,51,0,Midfielder,0,0
0,-73,Kightly,0,0,SOU(A) 1-1,Stoke City,54838,Michael,0,0,0,38,0,0,0,19 May 16:00,0,0,51,0,Midfielder,0,0
0,0,Keane M,0,0,EVE(A) 0-1,Man Utd,5511,Michael,0,0,0,1,0,0,0,20 Aug 20:00,0,0,45,0,Defender,0,0
0,-139,Keane M,0,0,FUL(H) 3-2,Man Utd,5512,Michael,0,0,0,2,0,0,0,25 Aug 15:00,0,0,45,0,Defender,0,0
0,-189,Keane M,0,0,SOU(A) 3-2,Man Utd,5513,Michael,0,0,0,3,0,0,0,02 Sep 16:00,0,0,45,0,Defender,0,0
0,-117,Keane M,0,0,WIG(H) 4-0,Man Utd,5514,Michael,0,0,0,4,0,0,0,15 Sep 15:00,0,0,45,0,Defender,0,0
0,-43,Keane M,0,0,LIV(A) 2-1,Man Utd,5515,Michael,0,0,0,5,0,0,0,23 Sep 13:30,0,0,44,0,Defender,0,0
0,-49,Keane M,0,0,TOT(H) 2-3,Man Utd,5516,Michael,0,0,0,6,0,0,0,29 Sep 17:30,0,0,44,0,Defender,0,0
0,-20,Keane M,0,0,NEW(A) 3-0,Man Utd,5517,Michael,0,0,0,7,0,0,0,07 Oct 16:00,0,0,44,0,Defender,0,0
0,-31,Keane M,0,0,STK(H) 4-2,Man Utd,5518,Michael,0,0,0,8,0,0,0,20 Oct 15:00,0,0,44,0,Defender,0,0
0,-14,Keane M,0,0,CHE(A) 3-2,Man Utd,5519,Michael,0,0,0,9,0,0,0,28 Oct 16:00,0,0,44,0,Defender,0,0
0,-15,Keane M,0,0,ARS(H) 2-1,Man Utd,55110,Michael,0,0,0,10,0,0,0,03 Nov 12:45,0,0,44,0,Defender,0,0
0,-34,Keane M,0,0,AVL(A) 3-2,Man Utd,55111,Michael,0,0,0,11,0,0,0,10 Nov 17:30,0,0,44,0,Defender,0,0
0,-62,Keane M,0,0,NOR(A) 0-1,Man Utd,55112,Michael,0,0,0,12,0,0,0,17 Nov 17:30,0,0,44,0,Defender,0,0
0,-34,Keane M,0,0,QPR(H) 3-1,Man Utd,55113,Michael,0,0,0,13,0,0,0,24 Nov 15:00,0,0,44,0,Defender,0,0
0,-15,Keane M,0,0,WHU(H) 1-0,Man Utd,55114,Michael,0,0,0,14,0,0,0,28 Nov 20:00,0,0,44,0,Defender,0,0
0,-19,Keane M,0,0,RDG(A) 4-3,Man Utd,55115,Michael,0,0,0,15,0,0,0,01 Dec 17:30,0,0,44,0,Defender,0,0
0,-32,Keane M,0,0,MCI(A) 3-2,Man Utd,55116,Michael,0,0,0,16,0,0,0,09 Dec 13:30,0,0,44,0,Defender,0,0
0,-13,Keane M,0,0,SUN(H) 3-1,Man Utd,55117,Michael,0,0,0,17,0,0,0,15 Dec 15:00,0,0,44,0,Defender,0,0
0,-8,Keane M,0,0,SWA(A) 1-1,Man Utd,55118,Michael,0,0,0,18,0,0,0,23 Dec 13:30,0,0,43,0,Defender,0,0
0,-8,Keane M,0,0,NEW(H) 4-3,Man Utd,55119,Michael,0,0,0,19,0,0,0,26 Dec 15:00,0,0,43,0,Defender,0,0
0,-8,Keane M,0,0,WBA(H) 2-0,Man Utd,55120,Michael,0,0,0,20,0,0,0,29 Dec 15:00,0,0,43,0,Defender,0,0
0,-6,Keane M,0,0,WIG(A) 4-0,Man Utd,55121,Michael,0,0,0,21,0,0,0,01 Jan 15:00,0,0,43,0,Defender,0,0
0,-21,Keane M,0,0,LIV(H) 2-1,Man Utd,55122,Michael,0,0,0,22,0,0,0,13 Jan 13:30,0,0,43,0,Defender,0,0
0,-2,Keane M,0,0,TOT(A) 1-1,Man Utd,55123,Michael,0,0,0,23,0,0,0,20 Jan 16:00,0,0,43,0,Defender,0,0
0,-15,Keane M,0,0,SOU(H) 2-1,Man Utd,55124,Michael,0,0,0,24,0,0,0,30 Jan 20:00,0,0,43,0,Defender,0,0
0,4,Keane M,0,0,FUL(A) 1-0,Man Utd,55125,Michael,0,0,0,25,0,0,0,02 Feb 17:30,0,0,43,0,Defender,0,0
0,-5,Keane M,0,0,EVE(H) 2-0,Man Utd,55126,Michael,0,0,0,26,0,0,0,10 Feb 16:00,0,0,43,0,Defender,0,0
0,-12,Keane M,0,0,QPR(A) 2-0,Man Utd,55127,Michael,0,0,0,27,0,0,0,23 Feb 15:00,0,0,43,0,Defender,0,0
0,-6,Keane M,0,0,NOR(H) 4-0,Man Utd,55128,Michael,0,0,0,28,0,0,0,02 Mar 15:00,0,0,43,0,Defender,0,0
0,-4,Keane M,0,0,RDG(H) 1-0,Man Utd,55130,Michael,0,0,0,30,0,0,0,16 Mar 17:30,0,0,43,0,Defender,0,0
0,-2,Keane M,0,0,SUN(A) 1-0,Man Utd,55131,Michael,0,0,0,31,0,0,0,30 Mar 12:45,0,0,43,0,Defender,0,0
0,-4,Keane M,0,0,MCI(H) 1-2,Man Utd,55132,Michael,0,0,0,32,0,0,0,08 Apr 20:00,0,0,43,0,Defender,0,0
0,-5,Keane M,0,0,WHU(A) 2-2,Man Utd,55133,Michael,0,0,0,33,0,0,0,17 Apr 19:45,0,0,43,0,Defender,0,0
0,-3,Keane M,0,0,AVL(H) 3-0,Man Utd,55134,Michael,0,0,0,34,0,0,0,22 Apr 20:00,0,0,43,0,Defender,0,0
0,-1,Keane M,0,0,ARS(A) 1-1,Man Utd,55135,Michael,0,0,0,35,0,0,0,28 Apr 16:00,0,0,43,0,Defender,0,0
0,-3,Keane M,0,0,CHE(H) 0-1,Man Utd,55136,Michael,0,0,0,36,0,0,0,05 May 16:00,0,0,43,0,Defender,0,0
0,-1,Keane M,0,0,SWA(H) 2-1,Man Utd,55137,Michael,0,0,0,37,0,0,0,12 May 16:00,0,0,43,0,Defender,0,0
0,-3,Keane M,0,0,WBA(A) 5-5,Man Utd,55138,Michael,0,0,0,38,0,0,0,19 May 16:00,0,0,43,0,Defender,0,0
0,1409,Jarvis,3,0,SWA(A) 0-3,West Ham,5722,Matthew,0,90,10,2,0,0,0,25 Aug 12:45,0,0,60,2,Midfielder,0,0
0,3198,Jarvis,0,0,FUL(H) 3-0,West Ham,5723,Matthew,0,0,0,3,0,0,0,01 Sep 12:45,0,0,60,0,Midfielder,0,0
0,-200,Jarvis,0,0,NOR(A) 0-0,West Ham,5724,Matthew,0,34,-6,4,0,0,0,15 Sep 12:45,0,0,60,1,Midfielder,0,0
0,-411,Jarvis,0,0,SUN(H) 1-1,West Ham,5725,Matthew,0,34,-2,5,0,0,0,22 Sep 15:00,0,0,60,1,Midfielder,0,0
0,-654,Jarvis,1,0,QPR(A) 2-1,West Ham,5726,Matthew,0,90,28,6,2,0,0,01 Oct 20:00,0,0,59,9,Midfielder,0,1
0,946,Jarvis,3,0,ARS(H) 1-3,West Ham,5727,Matthew,0,90,-1,7,0,0,0,06 Oct 17:30,0,0,58,2,Midfielder,0,0
0,1537,Jarvis,1,0,SOU(H) 4-1,West Ham,5728,Matthew,0,90,14,8,0,0,0,20 Oct 15:00,0,0,58,2,Midfielder,0,0
0,92,Jarvis,2,0,WIG(A) 1-2,West Ham,5729,Matthew,0,90,8,9,0,0,0,27 Oct 15:00,0,0,58,2,Midfielder,0,0
0,-707,Jarvis,0,0,MCI(H) 0-0,West Ham,57210,Matthew,0,90,8,10,0,1,0,03 Nov 17:30,0,0,58,3,Midfielder,0,0
0,-272,Jarvis,0,0,NEW(A) 1-0,West Ham,57211,Matthew,0,33,1,11,0,0,0,11 Nov 15:00,0,0,58,1,Midfielder,0,0
0,-507,Jarvis,0,0,STK(H) 1-1,West Ham,57212,Matthew,0,0,0,12,0,0,0,19 Nov 20:00,0,0,58,0,Midfielder,0,0
0,-1021,Jarvis,3,0,TOT(A) 1-3,West Ham,57213,Matthew,0,60,10,13,0,0,0,25 Nov 16:00,0,0,58,2,Midfielder,0,0
0,-443,Jarvis,1,0,MUN(A) 0-1,West Ham,57214,Matthew,0,69,10,14,0,0,0,28 Nov 20:00,0,0,57,2,Midfielder,0,0
0,-368,Jarvis,1,0,CHE(H) 3-1,West Ham,57215,Matthew,0,90,31,15,2,0,1,01 Dec 12:45,0,0,56,7,Midfielder,0,0
0,126,Jarvis,3,0,LIV(H) 2-3,West Ham,57216,Matthew,0,90,17,16,0,0,1,09 Dec 16:00,0,0,56,5,Midfielder,0,0
0,584,Jarvis,0,0,WBA(A) 0-0,West Ham,57217,Matthew,0,75,9,17,0,1,0,16 Dec 16:00,0,0,56,3,Midfielder,0,0
0,213,Jarvis,2,0,EVE(H) 1-2,West Ham,57218,Matthew,0,87,3,18,0,0,0,22 Dec 15:00,0,0,56,2,Midfielder,0,0
0,397,Jarvis,1,0,RDG(A) 0-1,West Ham,57220,Matthew,0,90,13,20,0,0,0,29 Dec 15:00,0,0,56,2,Midfielder,0,0
0,271,Jarvis,0,0,NOR(H) 2-1,West Ham,57221,Matthew,0,84,15,21,0,1,0,01 Jan 15:00,0,0,56,3,Midfielder,0,0
0,-506,Jarvis,3,0,SUN(A) 0-3,West Ham,57222,Matthew,0,90,12,22,0,0,0,12 Jan 15:00,0,0,56,2,Midfielder,0,0
0,6333,Jarvis,0,0,ARS(A) 1-5,West Ham,57223,Matthew,0,0,0,23,0,0,0,23 Jan 19:45,0,0,56,0,Midfielder,0,0
0,-2839,Jarvis,3,0,FUL(A) 1-3,West Ham,57224,Matthew,0,90,-1,24,0,0,0,30 Jan 20:00,0,0,56,2,Midfielder,0,0
0,-1471,Jarvis,0,0,SWA(H) 1-0,West Ham,57225,Matthew,0,61,13,25,0,1,0,02 Feb 15:00,0,0,56,3,Midfielder,0,0
0,-1176,Jarvis,0,0,AVL(A) 1-2,West Ham,57226,Matthew,0,0,0,26,0,0,0,10 Feb 13:30,0,0,56,0,Midfielder,0,0
0,-598,Jarvis,3,0,TOT(H) 2-3,West Ham,57227,Matthew,0,90,3,27,0,0,0,25 Feb 20:00,0,0,56,2,Midfielder,0,0
0,-369,Jarvis,0,0,STK(A) 1-0,West Ham,57228,Matthew,0,82,19,28,0,1,0,02 Mar 15:00,0,0,56,3,Midfielder,0,0
0,-87,Jarvis,2,0,CHE(A) 0-2,West Ham,57230,Matthew,0,90,14,30,0,0,0,17 Mar 16:00,0,0,55,2,Midfielder,0,0
0,699,Jarvis,1,0,WBA(H) 3-1,West Ham,57231,Matthew,0,90,9,31,0,0,0,30 Mar 15:00,0,0,55,2,Midfielder,0,0
0,152,Jarvis,0,0,LIV(A) 0-0,West Ham,57232,Matthew,0,90,12,32,0,1,0,07 Apr 13:30,0,0,55,3,Midfielder,0,0
0,4497,Jarvis,2,0,MUN(H) 2-2,West Ham,57233,Matthew,0,90,3,33,0,0,0,17 Apr 19:45,0,0,55,2,Midfielder,0,0
0,-4,Jarvis,0,0,WIG(H) 2-0,West Ham,57234,Matthew,0,90,31,34,2,1,0,20 Apr 15:00,0,0,55,10,Midfielder,0,1
0,-89,Jarvis,2,0,MCI(A) 1-2,West Ham,57235,Matthew,0,90,3,35,0,0,0,27 Apr 12:45,0,0,55,2,Midfielder,0,0
0,-729,Jarvis,0,0,NEW(H) 0-0,West Ham,57236,Matthew,0,83,13,36,2,1,0,04 May 15:00,0,0,55,5,Midfielder,0,0
0,261,Jarvis,2,0,EVE(A) 0-2,West Ham,57237,Matthew,0,90,8,37,0,0,0,12 May 15:00,0,0,55,2,Midfielder,0,0
0,810,Jarvis,0,0,RDG(H) 4-2,West Ham,57238,Matthew,0,0,0,38,0,0,0,19 May 16:00,0,0,55,0,Midfielder,0,0
0,0,Edu,0,0,WIG(A) 2-2,Stoke City,5833,Maurice,0,0,0,3,0,0,0,01 Sep 15:00,0,0,45,0,Midfielder,0,0
0,404,Edu,0,0,MCI(H) 1-1,Stoke City,5834,Maurice,0,0,0,4,0,0,0,15 Sep 15:00,0,0,45,0,Midfielder,0,0
0,-1,Edu,0,0,CHE(A) 0-1,Stoke City,5835,Maurice,0,0,0,5,0,0,0,22 Sep 15:00,0,0,45,0,Midfielder,0,0
0,-25,Edu,0,0,SWA(H) 2-0,Stoke City,5836,Maurice,0,0,0,6,0,0,0,29 Sep 15:00,0,0,45,0,Midfielder,0,0
0,-7,Edu,0,0,LIV(A) 0-0,Stoke City,5837,Maurice,0,11,1,7,0,0,0,07 Oct 15:00,0,0,45,1,Midfielder,0,0
0,-11,Edu,0,0,MUN(A) 2-4,Stoke City,5838,Maurice,0,0,0,8,0,0,0,20 Oct 15:00,0,0,45,0,Midfielder,0,0
0,-16,Edu,0,0,SUN(H) 0-0,Stoke City,5839,Maurice,0,0,0,9,0,0,0,27 Oct 15:00,0,0,45,0,Midfielder,0,0
0,-18,Edu,0,0,NOR(A) 0-1,Stoke City,58310,Maurice,0,0,0,10,0,0,0,03 Nov 15:00,0,0,44,0,Midfielder,0,0
0,-17,Edu,0,0,QPR(H) 1-0,Stoke City,58311,Maurice,0,0,0,11,0,0,0,10 Nov 15:00,0,0,44,0,Midfielder,0,0
0,-16,Edu,0,0,WHU(A) 1-1,Stoke City,58312,Maurice,0,0,0,12,0,0,0,19 Nov 20:00,0,0,44,0,Midfielder,0,0
0,-6,Edu,0,0,FUL(H) 1-0,Stoke City,58313,Maurice,0,0,0,13,0,0,0,24 Nov 15:00,0,0,44,0,Midfielder,0,0
0,-7,Edu,0,0,NEW(H) 2-1,Stoke City,58314,Maurice,0,0,0,14,0,0,0,28 Nov 19:45,0,0,43,0,Midfielder,0,0
0,-5,Edu,0,0,WBA(A) 1-0,Stoke City,58315,Maurice,0,0,0,15,0,0,0,01 Dec 15:00,0,0,43,0,Midfielder,0,0
0,17,Edu,0,0,AVL(A) 0-0,Stoke City,58316,Maurice,0,0,0,16,0,0,0,08 Dec 15:00,0,0,43,0,Midfielder,0,0
0,0,Edu,0,0,EVE(H) 1-1,Stoke City,58317,Maurice,0,0,0,17,0,0,0,15 Dec 15:00,0,0,43,0,Midfielder,0,0
0,-10,Edu,0,0,TOT(A) 0-0,Stoke City,58318,Maurice,0,0,0,18,0,0,0,22 Dec 15:00,0,0,43,0,Midfielder,0,0
0,-4,Edu,0,0,LIV(H) 3-1,Stoke City,58319,Maurice,0,0,0,19,0,0,0,26 Dec 19:45,0,0,43,0,Midfielder,0,0
0,-3,Edu,0,0,SOU(H) 3-3,Stoke City,58320,Maurice,0,0,0,20,0,0,0,29 Dec 15:00,0,0,43,0,Midfielder,0,0
0,-16,Edu,0,0,MCI(A) 0-3,Stoke City,58321,Maurice,0,0,0,21,0,0,0,01 Jan 15:00,0,0,43,0,Midfielder,0,0
0,-16,Edu,0,0,CHE(H) 0-4,Stoke City,58322,Maurice,0,0,0,22,0,0,0,12 Jan 15:00,0,0,43,0,Midfielder,0,0
0,-26,Edu,0,0,SWA(A) 1-3,Stoke City,58323,Maurice,0,0,0,23,0,0,0,19 Jan 15:00,0,0,43,0,Midfielder,0,0
0,-44,Edu,0,0,WIG(H) 2-2,Stoke City,58324,Maurice,0,0,0,24,0,0,0,29 Jan 19:45,0,0,43,0,Midfielder,0,0
0,-19,Edu,0,0,ARS(A) 0-1,Stoke City,58325,Maurice,0,0,0,25,0,0,0,02 Feb 15:00,0,0,43,0,Midfielder,0,0
0,-22,Edu,0,0,RDG(H) 2-1,Stoke City,58326,Maurice,0,0,0,26,0,0,0,09 Feb 15:00,0,0,43,0,Midfielder,0,0
0,-12,Edu,0,0,FUL(A) 0-1,Stoke City,58327,Maurice,0,0,0,27,0,0,0,23 Feb 12:45,0,0,43,0,Midfielder,0,0
0,-4,Edu,0,0,WHU(H) 0-1,Stoke City,58328,Maurice,0,0,0,28,0,0,0,02 Mar 15:00,0,0,43,0,Midfielder,0,0
0,-8,Edu,0,0,NEW(A) 1-2,Stoke City,58329,Maurice,0,0,0,29,0,0,0,10 Mar 15:00,0,0,43,0,Midfielder,0,0
0,-1,Edu,0,0,WBA(H) 0-0,Stoke City,58330,Maurice,0,0,0,30,0,0,0,16 Mar 15:00,0,0,43,0,Midfielder,0,0
0,-5,Edu,0,0,EVE(A) 0-1,Stoke City,58331,Maurice,0,0,0,31,0,0,0,30 Mar 17:30,0,0,43,0,Midfielder,0,0
0,-2,Edu,0,0,AVL(H) 1-3,Stoke City,58332,Maurice,0,0,0,32,0,0,0,06 Apr 15:00,0,0,43,0,Midfielder,0,0
0,0,Edu,0,0,MUN(H) 0-2,Stoke City,58333,Maurice,0,0,0,33,0,0,0,14 Apr 14:05,0,0,43,0,Midfielder,0,0
0,-3,Edu,0,0,QPR(A) 2-0,Stoke City,58334,Maurice,0,0,0,34,0,0,0,20 Apr 15:00,0,0,43,0,Midfielder,0,0
0,-1,Edu,0,0,NOR(H) 1-0,Stoke City,58335,Maurice,0,0,0,35,0,0,0,27 Apr 15:00,0,0,43,0,Midfielder,0,0
0,-3,Edu,0,0,SUN(A) 1-1,Stoke City,58336,Maurice,0,0,0,36,0,0,0,06 May 20:00,0,0,43,0,Midfielder,0,0
0,0,Edu,0,0,TOT(H) 1-2,Stoke City,58337,Maurice,0,0,0,37,0,0,0,12 May 13:30,0,0,43,0,Midfielder,0,0
0,0,Edu,0,0,SOU(A) 1-1,Stoke City,58338,Maurice,0,0,0,38,0,0,0,19 May 16:00,0,0,43,0,Midfielder,0,0
0,81,Yoshida,5,0,ARS(A) 1-6,Southampton,5894,Maya,0,63,2,4,0,0,0,15 Sep 15:00,0,0,45,0,Defender,0,0
0,43,Yoshida,1,0,AVL(H) 4-1,Southampton,5895,Maya,0,90,13,5,0,0,0,22 Sep 15:00,0,0,45,2,Defender,0,0
0,61,Yoshida,3,0,EVE(A) 1-3,Southampton,5896,Maya,0,90,8,6,0,0,0,29 Sep 15:00,0,0,45,1,Defender,0,0
1,37,Yoshida,2,0,FUL(H) 2-2,Southampton,5897,Maya,0,90,9,7,0,0,0,07 Oct 13:30,0,0,45,0,Defender,0,0
0,6,Yoshida,4,0,WHU(A) 1-4,Southampton,5898,Maya,0,90,-10,8,0,0,0,20 Oct 15:00,0,0,45,0,Defender,0,0
0,-14,Yoshida,2,0,TOT(H) 1-2,Southampton,5899,Maya,0,90,3,9,0,0,0,28 Oct 15:00,0,0,45,1,Defender,0,0
0,-2,Yoshida,2,0,WBA(A) 0-2,Southampton,58910,Maya,0,90,8,10,0,0,0,05 Nov 20:00,0,0,45,1,Defender,0,0
0,4,Yoshida,1,0,SWA(H) 1-1,Southampton,58911,Maya,0,90,7,11,0,0,0,10 Nov 15:00,0,0,45,2,Defender,0,0
0,8,Yoshida,1,0,QPR(A) 3-1,Southampton,58912,Maya,0,90,18,12,0,0,0,17 Nov 15:00,0,0,45,2,Defender,0,0
0,15,Yoshida,0,0,NEW(H) 2-0,Southampton,58913,Maya,0,90,15,13,0,1,0,25 Nov 15:00,0,0,45,6,Defender,0,0
0,25,Yoshida,1,0,NOR(H) 1-1,Southampton,58914,Maya,0,90,11,14,0,0,0,28 Nov 19:45,0,0,45,2,Defender,0,0
0,7,Yoshida,1,0,LIV(A) 0-1,Southampton,58915,Maya,0,90,4,15,0,0,0,01 Dec 15:00,0,0,45,2,Defender,0,0
0,27,Yoshida,0,0,RDG(H) 1-0,Southampton,58916,Maya,0,90,13,16,0,1,0,08 Dec 15:00,0,0,45,6,Defender,0,0
0,38,Yoshida,1,0,SUN(H) 0-1,Southampton,58918,Maya,0,90,10,18,0,0,0,22 Dec 15:00,0,0,45,2,Defender,0,0
0,2,Yoshida,1,0,FUL(A) 1-1,Southampton,58919,Maya,0,90,6,19,0,0,0,26 Dec 15:00,0,0,45,2,Defender,0,0
0,22,Yoshida,3,0,STK(A) 3-3,Southampton,58920,Maya,0,90,7,20,0,0,0,29 Dec 15:00,0,0,45,1,Defender,0,0
0,5,Yoshida,1,0,ARS(H) 1-1,Southampton,58921,Maya,0,90,7,21,0,0,0,01 Jan 17:30,0,0,45,2,Defender,0,0
0,3573,Yoshida,2,0,CHE(A) 2-2,Southampton,58922,Maya,0,90,11,22,0,0,0,16 Jan 19:45,0,0,45,1,Defender,0,0
0,-542,Yoshida,0,0,EVE(H) 0-0,Southampton,58923,Maya,0,90,13,23,0,1,0,21 Jan 20:00,0,0,45,6,Defender,0,0
0,-275,Yoshida,2,0,MUN(A) 1-2,Southampton,58924,Maya,0,90,12,24,0,0,0,30 Jan 20:00,0,0,45,1,Defender,0,0
0,-22,Yoshida,2,0,WIG(A) 2-2,Southampton,58925,Maya,0,90,7,25,0,0,0,02 Feb 15:00,0,0,45,1,Defender,0,0
0,-166,Yoshida,1,0,MCI(H) 3-1,Southampton,58926,Maya,0,90,9,26,0,0,0,09 Feb 17:30,0,0,45,2,Defender,0,0
1,199,Yoshida,4,0,NEW(A) 2-4,Southampton,58927,Maya,0,90,7,27,0,0,0,24 Feb 13:30,0,0,45,-1,Defender,0,0
0,52,Yoshida,2,0,QPR(H) 1-2,Southampton,58928,Maya,0,90,9,28,0,0,0,02 Mar 15:00,0,0,45,1,Defender,0,0
0,55,Yoshida,0,0,NOR(A) 0-0,Southampton,58929,Maya,0,90,6,29,0,1,0,09 Mar 15:00,0,0,45,6,Defender,0,0
0,-35,Yoshida,1,0,LIV(H) 3-1,Southampton,58930,Maya,0,90,14,30,0,0,0,16 Mar 15:00,0,0,45,2,Defender,0,0
0,-22,Yoshida,1,0,CHE(H) 2-1,Southampton,58931,Maya,0,90,20,31,0,0,0,30 Mar 15:00,0,0,45,2,Defender,0,0
0,138,Yoshida,0,0,RDG(A) 2-0,Southampton,58932,Maya,0,90,16,32,0,1,0,06 Apr 12:45,0,0,45,6,Defender,0,0
0,226,Yoshida,1,0,WHU(H) 1-1,Southampton,58933,Maya,0,90,5,33,0,0,0,13 Apr 15:00,0,0,45,2,Defender,0,0
0,39,Yoshida,0,0,SWA(A) 0-0,Southampton,58934,Maya,0,90,10,34,0,1,0,20 Apr 15:00,0,0,45,6,Defender,0,0
0,255,Yoshida,3,0,WBA(H) 0-3,Southampton,58935,Maya,0,90,7,35,0,0,0,27 Apr 15:00,0,0,45,1,Defender,0,0
0,-235,Yoshida,0,0,TOT(A) 0-1,Southampton,58936,Maya,0,0,0,36,0,0,0,04 May 15:00,0,0,45,0,Defender,0,0
0,-136,Yoshida,0,0,SUN(A) 1-1,Southampton,58937,Maya,0,0,0,37,0,0,0,12 May 15:00,0,0,45,0,Defender,0,0
0,-94,Yoshida,0,0,STK(H) 1-1,Southampton,58938,Maya,0,0,0,38,0,0,0,19 May 16:00,0,0,45,0,Defender,0,0
0,136,Nastasic,0,0,STK(A) 1-1,Man City,5964,Matija,0,0,0,4,0,0,0,15 Sep 15:00,0,0,55,0,Defender,0,0
0,155,Nastasic,0,0,ARS(H) 1-1,Man City,5965,Matija,0,0,0,5,0,0,0,23 Sep 16:00,0,0,55,0,Defender,0,0
0,12,Nastasic,1,0,FUL(A) 2-1,Man City,5966,Matija,0,90,18,6,0,0,0,29 Sep 15:00,0,0,55,2,Defender,0,0
0,275,Nastasic,0,0,SUN(H) 3-0,Man City,5967,Matija,0,0,0,7,0,0,0,06 Oct 12:45,0,0,55,0,Defender,0,0
0,-105,Nastasic,0,0,WBA(A) 2-1,Man City,5968,Matija,0,0,0,8,0,0,0,20 Oct 15:00,0,0,55,0,Defender,0,0
0,-97,Nastasic,0,0,SWA(H) 1-0,Man City,5969,Matija,0,90,16,9,0,1,0,27 Oct 17:30,0,0,55,6,Defender,0,0
0,122,Nastasic,0,0,WHU(A) 0-0,Man City,59610,Matija,0,90,10,10,0,1,0,03 Nov 17:30,0,0,55,6,Defender,0,0
0,534,Nastasic,1,0,TOT(H) 2-1,Man City,59611,Matija,0,55,9,11,0,0,0,11 Nov 13:30,0,0,55,1,Defender,0,0
0,534,Nastasic,0,0,AVL(H) 5-0,Man City,59612,Matija,0,90,22,12,0,1,0,17 Nov 15:00,0,0,55,6,Defender,0,0
0,1267,Nastasic,0,0,CHE(A) 0-0,Man City,59613,Matija,0,90,14,13,1,1,0,25 Nov 16:00,0,0,55,7,Defender,0,0
0,9784,Nastasic,0,0,WIG(A) 2-0,Man City,59614,Matija,0,90,17,14,0,1,0,28 Nov 20:00,0,0,55,6,Defender,0,0
0,17464,Nastasic,0,0,EVE(H) 1-1,Man City,59615,Matija,0,0,0,15,0,0,0,01 Dec 15:00,0,0,55,0,Defender,0,0
0,-1482,Nastasic,3,0,MUN(H) 2-3,Man City,59616,Matija,0,90,3,16,0,0,0,09 Dec 13:30,0,0,56,1,Defender,0,0
0,1097,Nastasic,1,0,NEW(A) 3-1,Man City,59617,Matija,0,90,16,17,0,0,0,15 Dec 12:45,0,0,56,2,Defender,0,0
0,6490,Nastasic,0,0,RDG(H) 1-0,Man City,59618,Matija,0,90,10,18,0,1,0,22 Dec 15:00,0,0,56,6,Defender,0,0
1,5065,Nastasic,1,0,SUN(A) 0-1,Man City,59619,Matija,0,90,2,19,0,0,0,26 Dec 15:00,0,0,56,1,Defender,0,0
0,1383,Nastasic,3,0,NOR(A) 4-3,Man City,59620,Matija,0,90,17,20,0,0,0,29 Dec 15:00,0,0,56,1,Defender,0,0
0,267,Nastasic,0,0,STK(H) 3-0,Man City,59621,Matija,0,0,0,21,0,0,0,01 Jan 15:00,0,0,56,0,Defender,0,0
0,-16270,Nastasic,0,0,ARS(A) 2-0,Man City,59622,Matija,0,90,16,22,0,1,0,13 Jan 16:00,0,0,56,6,Defender,0,0
0,1725,Nastasic,0,0,FUL(H) 2-0,Man City,59623,Matija,0,90,20,23,2,1,0,19 Jan 15:00,0,0,56,8,Defender,0,0
0,3077,Nastasic,0,0,QPR(A) 0-0,Man City,59624,Matija,0,0,0,24,0,0,0,29 Jan 19:45,0,0,56,0,Defender,0,0
0,-2337,Nastasic,1,0,LIV(H) 2-2,Man City,59625,Matija,0,55,7,25,0,0,0,03 Feb 16:00,0,0,56,1,Defender,0,0
0,-1913,Nastasic,0,0,SOU(A) 1-3,Man City,59626,Matija,0,0,0,26,0,0,0,09 Feb 17:30,0,0,55,0,Defender,0,0
0,-3304,Nastasic,0,0,CHE(H) 2-0,Man City,59627,Matija,0,90,20,27,0,1,0,24 Feb 13:30,0,0,54,6,Defender,0,0
0,1862,Nastasic,0,0,AVL(A) 1-0,Man City,59628,Matija,0,90,13,28,0,1,0,04 Mar 20:00,0,0,54,6,Defender,0,0
0,1117,Nastasic,2,0,EVE(A) 0-2,Man City,59630,Matija,0,90,4,30,0,0,0,16 Mar 12:45,0,0,54,1,Defender,0,0
0,931,Nastasic,0,0,NEW(H) 4-0,Man City,59631,Matija,0,0,0,31,0,0,0,30 Mar 15:00,0,0,54,0,Defender,0,0
0,-2834,Nastasic,1,0,MUN(A) 2-1,Man City,59632,Matija,0,90,17,32,0,0,0,08 Apr 20:00,0,0,53,2,Defender,0,0
0,1131,Nastasic,0,0,WIG(H) 1-0,Man City,59633,Matija,0,0,0,33,0,0,0,17 Apr 19:45,0,0,53,0,Defender,0,0
0,177,Nastasic,3,0,TOT(A) 1-3,Man City,59634,Matija,0,90,3,34,0,0,0,21 Apr 13:30,0,0,53,1,Defender,0,0
0,3974,Nastasic,0,0,WHU(H) 2-1,Man City,59635,Matija,0,0,0,35,0,0,0,27 Apr 12:45,0,0,53,0,Defender,0,0
0,1565,Nastasic,0,0,WBA(H) 1-0,Man City,59636,Matija,0,0,0,36,0,0,0,07 May 19:45,0,0,53,0,Defender,0,0
0,214,Nastasic,0,0,RDG(A) 2-0,Man City,59637,Matija,0,0,0,37,0,0,0,14 May 20:00,0,0,53,0,Defender,0,0
0,-229,Nastasic,0,0,NOR(H) 2-3,Man City,59638,Matija,0,0,0,38,0,0,0,19 May 16:00,0,0,53,0,Defender,0,0
0,2978,Owen,0,0,MCI(H) 1-1,Stoke City,6014,Michael,0,1,0,4,0,0,0,15 Sep 15:00,0,0,55,1,Forward,0,0
0,638,Owen,1,0,CHE(A) 0-1,Stoke City,6015,Michael,0,27,1,5,0,0,0,22 Sep 15:00,0,0,55,1,Forward,0,0
0,26,Owen,0,0,SWA(H) 2-0,Stoke City,6016,Michael,0,0,0,6,0,0,0,29 Sep 15:00,0,0,55,0,Forward,0,0
0,-860,Owen,0,0,LIV(A) 0-0,Stoke City,6017,Michael,0,0,0,7,0,0,0,07 Oct 15:00,0,0,54,0,Forward,0,0
0,-625,Owen,0,0,MUN(A) 2-4,Stoke City,6018,Michael,0,17,1,8,0,0,0,20 Oct 15:00,0,0,53,1,Forward,0,0
0,-226,Owen,0,0,SUN(H) 0-0,Stoke City,6019,Michael,0,12,1,9,0,0,0,27 Oct 15:00,0,0,53,1,Forward,0,0
0,-190,Owen,0,0,NOR(A) 0-1,Stoke City,60110,Michael,0,0,0,10,0,0,0,03 Nov 15:00,0,0,52,0,Forward,0,0
0,-316,Owen,0,0,QPR(H) 1-0,Stoke City,60111,Michael,0,0,0,11,0,0,0,10 Nov 15:00,0,0,52,0,Forward,0,0
0,-388,Owen,0,0,WHU(A) 1-1,Stoke City,60112,Michael,0,0,0,12,0,0,0,19 Nov 20:00,0,0,51,0,Forward,0,0
0,-250,Owen,0,0,FUL(H) 1-0,Stoke City,60113,Michael,0,0,0,13,0,0,0,24 Nov 15:00,0,0,50,0,Forward,0,0
0,-95,Owen,0,0,NEW(H) 2-1,Stoke City,60114,Michael,0,0,0,14,0,0,0,28 Nov 19:45,0,0,50,0,Forward,0,0
0,-43,Owen,0,0,WBA(A) 1-0,Stoke City,60115,Michael,0,0,0,15,0,0,0,01 Dec 15:00,0,0,50,0,Forward,0,0
0,-120,Owen,0,0,AVL(A) 0-0,Stoke City,60116,Michael,0,0,0,16,0,0,0,08 Dec 15:00,0,0,50,0,Forward,0,0
0,-65,Owen,0,0,EVE(H) 1-1,Stoke City,60117,Michael,0,0,0,17,0,0,0,15 Dec 15:00,0,0,50,0,Forward,0,0
0,-89,Owen,0,0,TOT(A) 0-0,Stoke City,60118,Michael,0,0,0,18,0,0,0,22 Dec 15:00,0,0,50,0,Forward,0,0
0,-34,Owen,0,0,LIV(H) 3-1,Stoke City,60119,Michael,0,0,0,19,0,0,0,26 Dec 19:45,0,0,50,0,Forward,0,0
0,-46,Owen,0,0,SOU(H) 3-3,Stoke City,60120,Michael,0,0,0,20,0,0,0,29 Dec 15:00,0,0,50,0,Forward,0,0
0,-19,Owen,0,0,MCI(A) 0-3,Stoke City,60121,Michael,0,0,0,21,0,0,0,01 Jan 15:00,0,0,50,0,Forward,0,0
0,-60,Owen,0,0,CHE(H) 0-4,Stoke City,60122,Michael,0,0,0,22,0,0,0,12 Jan 15:00,0,0,50,0,Forward,0,0
0,-41,Owen,0,0,SWA(A) 1-3,Stoke City,60123,Michael,0,6,19,23,0,0,0,19 Jan 15:00,0,0,50,5,Forward,0,1
0,212,Owen,0,0,WIG(H) 2-2,Stoke City,60124,Michael,0,0,0,24,0,0,0,29 Jan 19:45,0,0,50,0,Forward,0,0
0,-89,Owen,0,0,ARS(A) 0-1,Stoke City,60125,Michael,0,7,0,25,0,0,0,02 Feb 15:00,0,0,50,1,Forward,0,0
0,13,Owen,0,0,RDG(H) 2-1,Stoke City,60126,Michael,0,0,0,26,0,0,0,09 Feb 15:00,0,0,50,0,Forward,0,0
0,-73,Owen,0,0,FUL(A) 0-1,Stoke City,60127,Michael,0,0,0,27,0,0,0,23 Feb 12:45,0,0,50,0,Forward,0,0
0,-78,Owen,0,0,WHU(H) 0-1,Stoke City,60128,Michael,0,0,0,28,0,0,0,02 Mar 15:00,0,0,50,0,Forward,0,0
0,-50,Owen,0,0,NEW(A) 1-2,Stoke City,60129,Michael,0,0,0,29,0,0,0,10 Mar 15:00,0,0,50,0,Forward,0,0
0,-5,Owen,0,0,WBA(H) 0-0,Stoke City,60130,Michael,0,0,0,30,0,0,0,16 Mar 15:00,0,0,50,0,Forward,0,0
0,-2,Owen,0,0,EVE(A) 0-1,Stoke City,60131,Michael,0,0,0,31,0,0,0,30 Mar 17:30,0,0,50,0,Forward,0,0
0,-10,Owen,0,0,AVL(H) 1-3,Stoke City,60132,Michael,0,0,0,32,0,0,0,06 Apr 15:00,0,0,50,0,Forward,0,0
0,-7,Owen,0,0,MUN(H) 0-2,Stoke City,60133,Michael,0,14,1,33,0,0,0,14 Apr 14:05,0,0,50,1,Forward,0,0
0,-1,Owen,0,0,QPR(A) 2-0,Stoke City,60134,Michael,0,0,0,34,0,0,0,20 Apr 15:00,0,0,50,0,Forward,0,0
0,1,Owen,0,0,NOR(H) 1-0,Stoke City,60135,Michael,0,0,0,35,0,0,0,27 Apr 15:00,0,0,50,0,Forward,0,0
0,-6,Owen,0,0,SUN(A) 1-1,Stoke City,60136,Michael,0,0,0,36,0,0,0,06 May 20:00,0,0,50,0,Forward,0,0
0,2,Owen,0,0,TOT(H) 1-2,Stoke City,60137,Michael,0,0,0,37,0,0,0,12 May 13:30,0,0,50,0,Forward,0,0
0,155,Owen,0,0,SOU(A) 1-1,Stoke City,60138,Michael,0,17,1,38,0,0,0,19 May 16:00,0,0,50,1,Forward,0,0
0,0,Ehmer,0,0,TOT(A) 1-2,QPR,6075,Max,0,0,0,5,0,0,0,23 Sep 16:00,0,0,45,0,Midfielder,0,0
0,35,Ehmer,0,0,WHU(H) 1-2,QPR,6076,Max,0,0,0,6,0,0,0,01 Oct 20:00,0,0,45,0,Midfielder,0,0
0,7,Ehmer,0,0,WBA(A) 2-3,QPR,6077,Max,0,0,0,7,0,0,0,06 Oct 15:00,0,0,45,0,Midfielder,0,0
0,8,Ehmer,0,0,EVE(H) 1-1,QPR,6078,Max,0,0,0,8,0,0,0,21 Oct 16:00,0,0,45,0,Midfielder,0,0
0,6,Ehmer,0,0,ARS(A) 0-1,QPR,6079,Max,0,0,0,9,0,0,0,27 Oct 15:00,0,0,45,0,Midfielder,0,0
0,4,Ehmer,0,0,RDG(H) 1-1,QPR,60710,Max,0,0,0,10,0,0,0,04 Nov 13:30,0,0,45,0,Midfielder,0,0
0,6,Ehmer,0,0,STK(A) 0-1,QPR,60711,Max,0,0,0,11,0,0,0,10 Nov 15:00,0,0,45,0,Midfielder,0,0
0,2,Ehmer,0,0,SOU(H) 1-3,QPR,60712,Max,0,0,0,12,0,0,0,17 Nov 15:00,0,0,45,0,Midfielder,0,0
0,8,Ehmer,0,0,MUN(A) 1-3,QPR,60713,Max,0,0,0,13,0,0,0,24 Nov 15:00,0,0,45,0,Midfielder,0,0
0,-2,Ehmer,0,0,SUN(A) 0-0,QPR,60714,Max,0,0,0,14,0,0,0,27 Nov 19:45,0,0,45,0,Midfielder,0,0
0,0,Ehmer,0,0,AVL(H) 1-1,QPR,60715,Max,0,0,0,15,0,0,0,01 Dec 15:00,0,0,45,0,Midfielder,0,0
0,-3,Ehmer,0,0,WIG(A) 2-2,QPR,60716,Max,0,0,0,16,0,0,0,08 Dec 15:00,0,0,45,0,Midfielder,0,0
0,-5,Ehmer,0,0,FUL(H) 2-1,QPR,60717,Max,0,0,0,17,0,0,0,15 Dec 15:00,0,0,45,0,Midfielder,0,0
0,-3,Ehmer,0,0,NEW(A) 0-1,QPR,60718,Max,0,0,0,18,0,0,0,22 Dec 15:00,0,0,45,0,Midfielder,0,0
0,1,Ehmer,0,0,WBA(H) 1-2,QPR,60719,Max,0,0,0,19,0,0,0,26 Dec 15:00,0,0,45,0,Midfielder,0,0
0,5,Ehmer,0,0,LIV(H) 0-3,QPR,60720,Max,0,0,0,20,0,0,0,30 Dec 16:00,0,0,45,0,Midfielder,0,0
0,4,Ehmer,0,0,CHE(A) 1-0,QPR,60721,Max,0,0,0,21,0,0,0,02 Jan 19:45,0,0,45,0,Midfielder,0,0
0,-2,Ehmer,0,0,TOT(H) 0-0,QPR,60722,Max,0,0,0,22,0,0,0,12 Jan 12:45,0,0,45,0,Midfielder,0,0
0,-6,Ehmer,0,0,WHU(A) 1-1,QPR,60723,Max,0,0,0,23,0,0,0,19 Jan 15:00,0,0,45,0,Midfielder,0,0
0,-3,Ehmer,0,0,MCI(H) 0-0,QPR,60724,Max,0,0,0,24,0,0,0,29 Jan 19:45,0,0,45,0,Midfielder,0,0
0,11,Ehmer,0,0,NOR(H) 0-0,QPR,60725,Max,0,0,0,25,0,0,0,02 Feb 12:45,0,0,45,0,Midfielder,0,0
0,0,Ehmer,0,0,SWA(A) 1-4,QPR,60726,Max,0,0,0,26,0,0,0,09 Feb 15:00,0,0,45,0,Midfielder,0,0
0,-2,Ehmer,0,0,MUN(H) 0-2,QPR,60727,Max,0,0,0,27,0,0,0,23 Feb 15:00,0,0,45,0,Midfielder,0,0
0,-2,Ehmer,0,0,SOU(A) 2-1,QPR,60728,Max,0,0,0,28,0,0,0,02 Mar 15:00,0,0,45,0,Midfielder,0,0
0,0,Ehmer,0,0,SUN(H) 3-1,QPR,60729,Max,0,0,0,29,0,0,0,09 Mar 15:00,0,0,45,0,Midfielder,0,0
0,-4,Ehmer,0,0,AVL(A) 2-3,QPR,60730,Max,0,0,0,30,0,0,0,16 Mar 15:00,0,0,45,0,Midfielder,0,0
0,2,Ehmer,0,0,FUL(A) 2-3,QPR,60731,Max,0,0,0,31,0,0,0,01 Apr 20:00,0,0,45,0,Midfielder,0,0
0,2,Ehmer,0,0,WIG(H) 1-1,QPR,60732,Max,0,0,0,32,0,0,0,07 Apr 16:10,0,0,45,0,Midfielder,0,0
0,-1,Ehmer,0,0,EVE(A) 0-2,QPR,60733,Max,0,0,0,33,0,0,0,13 Apr 15:00,0,0,45,0,Midfielder,0,0
0,2,Ehmer,0,0,STK(H) 0-2,QPR,60734,Max,0,0,0,34,0,0,0,20 Apr 15:00,0,0,45,0,Midfielder,0,0
0,6,Ehmer,0,0,RDG(A) 0-0,QPR,60735,Max,0,0,0,35,0,0,0,28 Apr 13:30,0,0,45,0,Midfielder,0,0
0,-2,Ehmer,0,0,ARS(H) 0-1,QPR,60736,Max,0,0,0,36,0,0,0,04 May 17:30,0,0,45,0,Midfielder,0,0
0,2,Ehmer,0,0,NEW(H) 1-2,QPR,60737,Max,0,0,0,37,0,0,0,12 May 15:00,0,0,45,0,Midfielder,0,0
0,3,Ehmer,0,0,LIV(A) 0-1,QPR,60738,Max,0,0,0,38,0,0,0,19 May 16:00,0,0,45,0,Midfielder,0,0
0,0,Bunn,0,0,NEW(A) 0-1,Norwich,6095,Mark,0,0,0,5,0,0,0,23 Sep 15:00,0,0,40,0,Goalkeeper,0,0
0,637,Bunn,0,0,LIV(H) 2-5,Norwich,6096,Mark,0,0,0,6,0,0,0,29 Sep 15:00,0,0,40,0,Goalkeeper,0,0
0,812,Bunn,0,0,CHE(A) 1-4,Norwich,6097,Mark,0,0,0,7,0,0,0,06 Oct 15:00,0,0,40,0,Goalkeeper,0,0
0,765,Bunn,0,0,ARS(H) 1-0,Norwich,6098,Mark,0,0,0,8,0,0,0,20 Oct 17:30,0,0,40,0,Goalkeeper,0,0
0,2,Bunn,0,0,AVL(A) 1-1,Norwich,6099,Mark,0,0,0,9,0,0,0,27 Oct 12:45,0,0,40,0,Goalkeeper,0,0
0,-69,Bunn,0,0,STK(H) 1-0,Norwich,60910,Mark,0,0,0,10,0,0,0,03 Nov 15:00,0,0,40,0,Goalkeeper,0,0
0,31,Bunn,0,0,RDG(A) 0-0,Norwich,60911,Mark,0,0,0,11,0,0,0,10 Nov 15:00,0,0,40,0,Goalkeeper,0,0
0,11,Bunn,0,0,MUN(H) 1-0,Norwich,60912,Mark,0,0,0,12,0,0,0,17 Nov 17:30,0,0,40,0,Goalkeeper,0,0
0,10,Bunn,0,0,EVE(A) 1-1,Norwich,60913,Mark,0,9,0,13,0,0,0,24 Nov 15:00,0,0,40,1,Goalkeeper,0,0
0,492,Bunn,1,2,SOU(A) 1-1,Norwich,60914,Mark,0,90,9,14,0,0,0,28 Nov 19:45,0,0,40,2,Goalkeeper,0,0
0,11659,Bunn,1,3,SUN(H) 2-1,Norwich,60915,Mark,0,90,15,15,0,0,0,02 Dec 16:00,0,0,40,3,Goalkeeper,0,0
0,3719,Bunn,3,3,SWA(A) 4-3,Norwich,60916,Mark,0,90,14,16,0,0,0,08 Dec 15:00,0,0,40,2,Goalkeeper,0,0
0,8107,Bunn,1,3,WIG(H) 2-1,Norwich,60917,Mark,0,90,16,17,0,0,0,15 Dec 15:00,0,0,40,3,Goalkeeper,0,0
0,4093,Bunn,2,5,WBA(A) 1-2,Norwich,60918,Mark,0,90,5,18,0,0,0,22 Dec 15:00,0,0,40,2,Goalkeeper,0,0
0,4827,Bunn,1,4,CHE(H) 0-1,Norwich,60919,Mark,0,90,5,19,0,0,0,26 Dec 15:00,0,0,41,3,Goalkeeper,0,0
0,2940,Bunn,4,3,MCI(H) 3-4,Norwich,60920,Mark,1,90,5,20,0,0,0,29 Dec 15:00,0,0,41,-1,Goalkeeper,0,0
0,2255,Bunn,2,3,WHU(A) 1-2,Norwich,60921,Mark,0,90,4,21,0,0,0,01 Jan 15:00,0,0,41,2,Goalkeeper,0,0
0,19896,Bunn,0,2,NEW(H) 0-0,Norwich,60922,Mark,0,90,13,22,1,1,0,12 Jan 15:00,0,0,41,7,Goalkeeper,0,0
0,14941,Bunn,5,4,LIV(A) 0-5,Norwich,60923,Mark,0,90,5,23,0,0,0,19 Jan 15:00,0,0,41,1,Goalkeeper,0,0
0,14824,Bunn,1,3,TOT(H) 1-1,Norwich,60924,Mark,0,90,9,24,0,0,0,30 Jan 19:45,0,0,41,3,Goalkeeper,0,0
1,10015,Bunn,0,4,QPR(A) 0-0,Norwich,60925,Mark,0,90,12,25,0,1,0,02 Feb 12:45,1,0,41,11,Goalkeeper,0,0
0,10152,Bunn,0,1,FUL(H) 0-0,Norwich,60926,Mark,0,90,10,26,0,1,0,09 Feb 15:00,0,0,41,6,Goalkeeper,0,0
0,9436,Bunn,1,2,EVE(H) 2-1,Norwich,60927,Mark,0,90,14,27,0,0,0,23 Feb 15:00,0,0,42,2,Goalkeeper,0,0
0,4064,Bunn,4,2,MUN(A) 0-4,Norwich,60928,Mark,0,90,3,28,0,0,0,02 Mar 15:00,0,0,42,0,Goalkeeper,0,0
0,14757,Bunn,0,4,SOU(H) 0-0,Norwich,60929,Mark,0,90,12,29,0,1,0,09 Mar 15:00,0,0,42,7,Goalkeeper,0,0
0,9078,Bunn,1,1,SUN(A) 1-1,Norwich,60930,Mark,0,29,0,30,0,0,0,17 Mar 13:30,0,0,43,-2,Goalkeeper,1,0
0,-14719,Bunn,0,0,WIG(A) 0-1,Norwich,60931,Mark,0,0,0,31,0,0,0,30 Mar 15:00,0,0,43,0,Goalkeeper,0,0
0,-394,Bunn,0,1,SWA(H) 2-2,Norwich,60932,Mark,0,15,1,32,0,0,0,06 Apr 15:00,0,0,43,1,Goalkeeper,0,0
1,-8383,Bunn,3,3,ARS(A) 1-3,Norwich,60933,Mark,0,90,3,33,0,0,0,13 Apr 15:00,0,0,43,1,Goalkeeper,0,0
0,1795,Bunn,1,2,RDG(H) 2-1,Norwich,60934,Mark,0,90,13,34,0,0,0,20 Apr 15:00,0,0,43,2,Goalkeeper,0,0
0,-236,Bunn,1,4,STK(A) 0-1,Norwich,60935,Mark,0,90,7,35,0,0,0,27 Apr 15:00,0,0,43,3,Goalkeeper,0,0
0,-1654,Bunn,2,2,AVL(H) 1-2,Norwich,60936,Mark,0,90,5,36,0,0,0,04 May 15:00,0,0,43,1,Goalkeeper,0,0
0,-419,Bunn,0,0,WBA(H) 4-0,Norwich,60937,Mark,0,0,0,37,0,0,0,12 May 15:00,0,0,43,0,Goalkeeper,0,0
0,-3170,Bunn,0,0,MCI(A) 3-2,Norwich,60938,Mark,0,0,0,38,0,0,0,19 May 16:00,0,0,43,0,Goalkeeper,0,0
0,0,Kennedy,0,0,RDG(A) 1-2,Everton,62512,Matthew,0,0,0,12,0,0,0,17 Nov 15:00,0,0,45,0,Midfielder,0,0
0,97,Kennedy,0,0,NOR(H) 1-1,Everton,62513,Matthew,0,0,0,13,0,0,0,24 Nov 15:00,0,0,45,0,Midfielder,0,0
0,9,Kennedy,0,0,ARS(H) 1-1,Everton,62514,Matthew,0,0,0,14,0,0,0,28 Nov 19:45,0,0,45,0,Midfielder,0,0
0,1,Kennedy,0,0,MCI(A) 1-1,Everton,62515,Matthew,0,0,0,15,0,0,0,01 Dec 15:00,0,0,45,0,Midfielder,0,0
0,3,Kennedy,0,0,TOT(H) 2-1,Everton,62516,Matthew,0,0,0,16,0,0,0,09 Dec 15:00,0,0,45,0,Midfielder,0,0
0,1,Kennedy,0,0,STK(A) 1-1,Everton,62517,Matthew,0,0,0,17,0,0,0,15 Dec 15:00,0,0,45,0,Midfielder,0,0
0,8,Kennedy,0,0,WHU(A) 2-1,Everton,62518,Matthew,0,0,0,18,0,0,0,22 Dec 15:00,0,0,45,0,Midfielder,0,0
0,-5,Kennedy,0,0,WIG(H) 2-1,Everton,62519,Matthew,0,0,0,19,0,0,0,26 Dec 15:00,0,0,45,0,Midfielder,0,0
0,2,Kennedy,0,0,CHE(H) 1-2,Everton,62520,Matthew,0,0,0,20,0,0,0,30 Dec 13:30,0,0,45,0,Midfielder,0,0
0,4,Kennedy,0,0,NEW(A) 2-1,Everton,62521,Matthew,0,0,0,21,0,0,0,02 Jan 20:00,0,0,45,0,Midfielder,0,0
0,0,Kennedy,0,0,SWA(H) 0-0,Everton,62522,Matthew,0,0,0,22,0,0,0,12 Jan 15:00,0,0,45,0,Midfielder,0,0
0,-4,Kennedy,0,0,SOU(A) 0-0,Everton,62523,Matthew,0,0,0,23,0,0,0,21 Jan 20:00,0,0,45,0,Midfielder,0,0
0,-2,Kennedy,0,0,WBA(H) 2-1,Everton,62524,Matthew,0,0,0,24,0,0,0,30 Jan 19:45,0,0,45,0,Midfielder,0,0
0,1,Kennedy,0,0,AVL(H) 3-3,Everton,62525,Matthew,0,0,0,25,0,0,0,02 Feb 15:00,0,0,45,0,Midfielder,0,0
0,-6,Kennedy,0,0,MUN(A) 0-2,Everton,62526,Matthew,0,0,0,26,0,0,0,10 Feb 16:00,0,0,45,0,Midfielder,0,0
0,-1,Kennedy,0,0,NOR(A) 1-2,Everton,62527,Matthew,0,0,0,27,0,0,0,23 Feb 15:00,0,0,45,0,Midfielder,0,0
0,5,Kennedy,0,0,RDG(H) 3-1,Everton,62528,Matthew,0,0,0,28,0,0,0,02 Mar 15:00,0,0,45,0,Midfielder,0,0
0,0,Kennedy,0,0,MCI(H) 2-0,Everton,62530,Matthew,0,0,0,30,0,0,0,16 Mar 12:45,0,0,45,0,Midfielder,0,0
0,2,Kennedy,0,0,STK(H) 1-0,Everton,62531,Matthew,0,0,0,31,0,0,0,30 Mar 17:30,0,0,45,0,Midfielder,0,0
0,-1,Kennedy,0,0,TOT(A) 2-2,Everton,62532,Matthew,0,0,0,32,0,0,0,07 Apr 14:05,0,0,45,0,Midfielder,0,0
0,0,Kennedy,0,0,ARS(A) 0-0,Everton,62533,Matthew,0,0,0,33,0,0,0,16 Apr 19:45,0,0,45,0,Midfielder,0,0
0,-1,Kennedy,0,0,SUN(A) 0-1,Everton,62534,Matthew,0,0,0,34,0,0,0,20 Apr 15:00,0,0,45,0,Midfielder,0,0
0,-2,Kennedy,0,0,FUL(H) 1-0,Everton,62535,Matthew,0,0,0,35,0,0,0,27 Apr 15:00,0,0,45,0,Midfielder,0,0
0,2,Kennedy,0,0,LIV(A) 0-0,Everton,62536,Matthew,0,0,0,36,0,0,0,05 May 13:30,0,0,45,0,Midfielder,0,0
0,1,Kennedy,0,0,WHU(H) 2-0,Everton,62537,Matthew,0,0,0,37,0,0,0,12 May 15:00,0,0,45,0,Midfielder,0,0
0,4,Kennedy,0,0,CHE(A) 1-2,Everton,62538,Matthew,0,0,0,38,0,0,0,19 May 16:00,0,0,45,0,Midfielder,0,0
0,0,Fanimo,0,0,CHE(H) 3-1,West Ham,63315,Matthias,0,0,0,15,0,0,0,01 Dec 12:45,0,0,45,0,Midfielder,0,0
0,39,Fanimo,0,0,LIV(H) 2-3,West Ham,63316,Matthias,0,0,0,16,0,0,0,09 Dec 16:00,0,0,45,0,Midfielder,0,0
0,48,Fanimo,0,0,WBA(A) 0-0,West Ham,63317,Matthias,0,0,0,17,0,0,0,16 Dec 16:00,0,0,45,0,Midfielder,0,0
0,29,Fanimo,0,0,EVE(H) 1-2,West Ham,63318,Matthias,0,0,0,18,0,0,0,22 Dec 15:00,0,0,45,0,Midfielder,0,0
0,7,Fanimo,0,0,RDG(A) 0-1,West Ham,63320,Matthias,0,0,0,20,0,0,0,29 Dec 15:00,0,0,45,0,Midfielder,0,0
0,3,Fanimo,0,0,NOR(H) 2-1,West Ham,63321,Matthias,0,0,0,21,0,0,0,01 Jan 15:00,0,0,45,0,Midfielder,0,0
0,8,Fanimo,0,0,SUN(A) 0-3,West Ham,63322,Matthias,0,0,0,22,0,0,0,12 Jan 15:00,0,0,45,0,Midfielder,0,0
0,-2,Fanimo,0,0,ARS(A) 1-5,West Ham,63323,Matthias,0,0,0,23,0,0,0,23 Jan 19:45,0,0,45,0,Midfielder,0,0
0,-8,Fanimo,0,0,FUL(A) 1-3,West Ham,63324,Matthias,0,0,0,24,0,0,0,30 Jan 20:00,0,0,45,0,Midfielder,0,0
0,2,Fanimo,0,0,SWA(H) 1-0,West Ham,63325,Matthias,0,0,0,25,0,0,0,02 Feb 15:00,0,0,45,0,Midfielder,0,0
0,1,Fanimo,0,0,AVL(A) 1-2,West Ham,63326,Matthias,0,0,0,26,0,0,0,10 Feb 13:30,0,0,45,0,Midfielder,0,0
0,1,Fanimo,0,0,TOT(H) 2-3,West Ham,63327,Matthias,0,0,0,27,0,0,0,25 Feb 20:00,0,0,45,0,Midfielder,0,0
0,7,Fanimo,0,0,STK(A) 1-0,West Ham,63328,Matthias,0,0,0,28,0,0,0,02 Mar 15:00,0,0,45,0,Midfielder,0,0
0,3,Fanimo,0,0,CHE(A) 0-2,West Ham,63330,Matthias,0,0,0,30,0,0,0,17 Mar 16:00,0,0,45,0,Midfielder,0,0
0,-2,Fanimo,0,0,WBA(H) 3-1,West Ham,63331,Matthias,0,0,0,31,0,0,0,30 Mar 15:00,0,0,45,0,Midfielder,0,0
0,1,Fanimo,0,0,LIV(A) 0-0,West Ham,63332,Matthias,0,0,0,32,0,0,0,07 Apr 13:30,0,0,45,0,Midfielder,0,0
0,2,Fanimo,0,0,MUN(H) 2-2,West Ham,63333,Matthias,0,0,0,33,0,0,0,17 Apr 19:45,0,0,45,0,Midfielder,0,0
0,2,Fanimo,0,0,WIG(H) 2-0,West Ham,63334,Matthias,0,0,0,34,0,0,0,20 Apr 15:00,0,0,45,0,Midfielder,0,0
0,0,Fanimo,0,0,MCI(A) 1-2,West Ham,63335,Matthias,0,0,0,35,0,0,0,27 Apr 12:45,0,0,45,0,Midfielder,0,0
0,0,Fanimo,0,0,NEW(H) 0-0,West Ham,63336,Matthias,0,0,0,36,0,0,0,04 May 15:00,0,0,45,0,Midfielder,0,0
0,3,Fanimo,0,0,EVE(A) 0-2,West Ham,63337,Matthias,0,0,0,37,0,0,0,12 May 15:00,0,0,45,0,Midfielder,0,0
0,9,Fanimo,0,0,RDG(H) 4-2,West Ham,63338,Matthias,0,0,0,38,0,0,0,19 May 16:00,0,0,45,0,Midfielder,0,0
0,0,Tavares,0,0,LIV(A) 0-4,Fulham,63618,Mickael,0,0,0,18,0,0,0,22 Dec 17:30,0,0,45,0,Midfielder,0,0
0,25,Tavares,0,0,SOU(H) 1-1,Fulham,63619,Mickael,0,0,0,19,0,0,0,26 Dec 15:00,0,0,45,0,Midfielder,0,0
0,16,Tavares,0,0,SWA(H) 1-2,Fulham,63620,Mickael,0,0,0,20,0,0,0,29 Dec 15:00,0,0,45,0,Midfielder,0,0
0,8,Tavares,0,0,WBA(A) 2-1,Fulham,63621,Mickael,0,0,0,21,0,0,0,01 Jan 12:45,0,0,45,0,Midfielder,0,0
0,34,Tavares,0,0,WIG(H) 1-1,Fulham,63622,Mickael,0,0,0,22,0,0,0,12 Jan 15:00,0,0,45,0,Midfielder,0,0
0,-1,Tavares,0,0,MCI(A) 0-2,Fulham,63623,Mickael,0,0,0,23,0,0,0,19 Jan 15:00,0,0,45,0,Midfielder,0,0
0,10,Tavares,0,0,WHU(H) 3-1,Fulham,63624,Mickael,0,0,0,24,0,0,0,30 Jan 20:00,0,0,45,0,Midfielder,0,0
0,0,Tavares,0,0,MUN(H) 0-1,Fulham,63625,Mickael,0,0,0,25,0,0,0,02 Feb 17:30,0,0,45,0,Midfielder,0,0
0,-8,Tavares,0,0,NOR(A) 0-0,Fulham,63626,Mickael,0,0,0,26,0,0,0,09 Feb 15:00,0,0,45,0,Midfielder,0,0
0,9,Tavares,0,0,STK(H) 1-0,Fulham,63627,Mickael,0,0,0,27,0,0,0,23 Feb 12:45,0,0,45,0,Midfielder,0,0
0,4,Tavares,0,0,SUN(A) 2-2,Fulham,63628,Mickael,0,0,0,28,0,0,0,02 Mar 15:00,0,0,45,0,Midfielder,0,0
0,-2,Tavares,0,0,TOT(A) 1-0,Fulham,63630,Mickael,0,0,0,30,0,0,0,17 Mar 15:00,0,0,45,0,Midfielder,0,0
0,-8,Tavares,0,0,QPR(H) 3-2,Fulham,63631,Mickael,0,0,0,31,0,0,0,01 Apr 20:00,0,0,45,0,Midfielder,0,0
0,2,Tavares,0,0,NEW(A) 0-1,Fulham,63632,Mickael,0,0,0,32,0,0,0,07 Apr 15:00,0,0,45,0,Midfielder,0,0
0,11,Tavares,0,0,CHE(H) 0-3,Fulham,63633,Mickael,0,0,0,33,0,0,0,17 Apr 20:00,0,0,45,0,Midfielder,0,0
0,-1,Tavares,0,0,ARS(H) 0-1,Fulham,63634,Mickael,0,0,0,34,0,0,0,20 Apr 15:00,0,0,45,0,Midfielder,0,0
0,0,Tavares,0,0,EVE(A) 0-1,Fulham,63635,Mickael,0,0,0,35,0,0,0,27 Apr 15:00,0,0,45,0,Midfielder,0,0
0,0,Tavares,0,0,RDG(H) 2-4,Fulham,63636,Mickael,0,0,0,36,0,0,0,04 May 15:00,0,0,45,0,Midfielder,0,0
0,1,Tavares,0,0,LIV(H) 1-3,Fulham,63637,Mickael,0,0,0,37,0,0,0,12 May 15:00,0,0,45,0,Midfielder,0,0
0,10,Tavares,0,0,SWA(A) 3-0,Fulham,63638,Mickael,0,0,0,38,0,0,0,19 May 16:00,0,0,45,0,Midfielder,0,0
1,4343,Debuchy,0,0,NOR(A) 0-0,Newcastle,64422,Mathieu,0,90,9,22,0,1,0,12 Jan 15:00,0,0,50,5,Defender,0,0
1,7679,Debuchy,2,0,RDG(H) 1-2,Newcastle,64423,Mathieu,0,90,3,23,0,0,0,19 Jan 15:00,0,0,50,0,Defender,0,0
0,2183,Debuchy,1,0,AVL(A) 2-1,Newcastle,64424,Mathieu,0,90,10,24,0,0,0,29 Jan 19:45,0,0,50,2,Defender,0,0
0,1063,Debuchy,2,0,CHE(H) 3-2,Newcastle,64425,Mathieu,0,90,19,25,0,0,0,02 Feb 15:00,0,0,50,1,Defender,0,0
0,-350,Debuchy,2,0,TOT(A) 1-2,Newcastle,64426,Mathieu,0,90,4,26,0,0,0,09 Feb 12:45,0,0,50,1,Defender,0,0
0,2666,Debuchy,2,0,SOU(H) 4-2,Newcastle,64427,Mathieu,0,90,26,27,1,0,1,24 Feb 13:30,0,0,50,5,Defender,0,0
0,1195,Debuchy,1,0,SWA(A) 0-1,Newcastle,64428,Mathieu,0,90,-5,28,0,0,0,02 Mar 15:00,0,0,50,2,Defender,0,0
0,6929,Debuchy,1,0,STK(H) 2-1,Newcastle,64429,Mathieu,0,90,20,29,2,0,0,10 Mar 15:00,0,0,50,4,Defender,0,0
0,-43,Debuchy,0,0,WIG(A) 1-2,Newcastle,64430,Mathieu,0,12,0,30,0,0,0,17 Mar 16:00,0,0,50,1,Defender,0,0
0,-6952,Debuchy,0,0,MCI(A) 0-4,Newcastle,64431,Mathieu,0,0,0,31,0,0,0,30 Mar 15:00,0,0,50,0,Defender,0,0
0,-4474,Debuchy,0,0,FUL(H) 1-0,Newcastle,64432,Mathieu,0,0,0,32,0,0,0,07 Apr 15:00,0,0,50,0,Defender,0,0
0,-2999,Debuchy,3,0,SUN(H) 0-3,Newcastle,64433,Mathieu,0,90,5,33,0,0,0,14 Apr 12:00,0,0,49,1,Defender,0,0
0,-297,Debuchy,1,0,WBA(A) 1-1,Newcastle,64434,Mathieu,0,90,2,34,0,0,0,20 Apr 15:00,0,0,48,2,Defender,0,0
0,-239,Debuchy,6,0,LIV(H) 0-6,Newcastle,64435,Mathieu,0,74,-1,35,0,0,0,27 Apr 17:30,0,0,48,-4,Defender,1,0
0,-2309,Debuchy,0,0,WHU(A) 0-0,Newcastle,64436,Mathieu,0,0,0,36,0,0,0,04 May 15:00,0,0,47,0,Defender,0,0
0,-159,Debuchy,1,0,QPR(A) 2-1,Newcastle,64437,Mathieu,0,90,14,37,0,0,0,12 May 15:00,0,0,47,2,Defender,0,0
0,-160,Debuchy,1,0,ARS(H) 0-1,Newcastle,64438,Mathieu,0,90,7,38,0,0,0,19 May 16:00,0,0,47,2,Defender,0,0
0,1348,Yanga-Mbiwa,0,0,AVL(A) 2-1,Newcastle,66024,Mapou,0,12,2,24,0,0,0,29 Jan 19:45,0,0,50,1,Defender,0,0
0,705,Yanga-Mbiwa,0,0,CHE(H) 3-2,Newcastle,66025,Mapou,0,1,0,25,0,0,0,02 Feb 15:00,0,0,50,1,Defender,0,0
0,-131,Yanga-Mbiwa,0,0,TOT(A) 1-2,Newcastle,66026,Mapou,0,0,0,26,0,0,0,09 Feb 12:45,0,0,50,0,Defender,0,0
0,-165,Yanga-Mbiwa,1,0,SOU(H) 4-2,Newcastle,66027,Mapou,0,45,7,27,0,0,0,24 Feb 13:30,0,0,49,1,Defender,0,0
0,-84,Yanga-Mbiwa,1,0,SWA(A) 0-1,Newcastle,66028,Mapou,0,90,2,28,0,0,0,02 Mar 15:00,0,0,49,2,Defender,0,0
0,836,Yanga-Mbiwa,1,0,STK(H) 2-1,Newcastle,66029,Mapou,0,90,14,29,0,0,0,10 Mar 15:00,0,0,49,2,Defender,0,0
0,83,Yanga-Mbiwa,2,0,WIG(A) 1-2,Newcastle,66030,Mapou,0,90,3,30,0,0,0,17 Mar 16:00,0,0,49,1,Defender,0,0
0,-91,Yanga-Mbiwa,4,0,MCI(A) 0-4,Newcastle,66031,Mapou,0,90,7,31,0,0,0,30 Mar 15:00,0,0,49,0,Defender,0,0
0,7,Yanga-Mbiwa,0,0,FUL(H) 1-0,Newcastle,66032,Mapou,0,90,21,32,3,1,0,07 Apr 15:00,0,0,49,9,Defender,0,0
0,324,Yanga-Mbiwa,3,0,SUN(H) 0-3,Newcastle,66033,Mapou,0,90,-2,33,0,0,0,14 Apr 12:00,0,0,49,1,Defender,0,0
0,-45,Yanga-Mbiwa,1,0,WBA(A) 1-1,Newcastle,66034,Mapou,0,90,6,34,0,0,0,20 Apr 15:00,0,0,49,2,Defender,0,0
0,-70,Yanga-Mbiwa,6,0,LIV(H) 0-6,Newcastle,66035,Mapou,0,90,3,35,0,0,0,27 Apr 17:30,0,0,49,-1,Defender,0,0
0,-271,Yanga-Mbiwa,0,0,WHU(A) 0-0,Newcastle,66036,Mapou,0,90,11,36,0,1,0,04 May 15:00,0,0,49,6,Defender,0,0
0,26,Yanga-Mbiwa,1,0,QPR(A) 2-1,Newcastle,66037,Mapou,0,90,14,37,0,0,0,12 May 15:00,0,0,49,2,Defender,0,0
0,-84,Yanga-Mbiwa,1,0,ARS(H) 0-1,Newcastle,66038,Mapou,0,79,5,38,0,0,0,19 May 16:00,0,0,49,2,Defender,0,0
0,1867,Sissoko,1,0,AVL(A) 2-1,Newcastle,66124,Moussa,0,78,15,24,0,0,1,29 Jan 19:45,0,0,60,5,Midfielder,0,0
0,8425,Sissoko,2,0,CHE(H) 3-2,Newcastle,66125,Moussa,0,90,55,25,3,0,0,02 Feb 15:00,0,0,60,15,Midfielder,0,2
0,96766,Sissoko,2,0,TOT(A) 1-2,Newcastle,66126,Moussa,0,90,11,26,0,0,1,09 Feb 12:45,0,0,60,5,Midfielder,0,0
0,100892,Sissoko,2,0,SOU(H) 4-2,Newcastle,66127,Moussa,0,90,42,27,3,0,0,24 Feb 13:30,0,0,63,10,Midfielder,0,1
0,56254,Sissoko,1,0,SWA(A) 0-1,Newcastle,66128,Moussa,0,90,-2,28,0,0,0,02 Mar 15:00,0,0,65,2,Midfielder,0,0
0,66762,Sissoko,1,0,STK(H) 2-1,Newcastle,66129,Moussa,0,90,15,29,0,0,1,10 Mar 15:00,0,0,67,5,Midfielder,0,0
0,186,Sissoko,2,0,WIG(A) 1-2,Newcastle,66130,Moussa,0,90,-1,30,0,0,0,17 Mar 16:00,0,0,67,2,Midfielder,0,0
0,-20347,Sissoko,4,0,MCI(A) 0-4,Newcastle,66131,Moussa,0,90,0,31,0,0,0,30 Mar 15:00,0,0,67,2,Midfielder,0,0
1,-13997,Sissoko,0,0,FUL(H) 1-0,Newcastle,66132,Moussa,0,90,13,32,0,1,0,07 Apr 15:00,0,0,66,2,Midfielder,0,0
0,-46608,Sissoko,3,0,SUN(H) 0-3,Newcastle,66133,Moussa,0,90,4,33,0,0,0,14 Apr 12:00,0,0,64,2,Midfielder,0,0
1,-28638,Sissoko,1,0,WBA(A) 1-1,Newcastle,66134,Moussa,0,90,6,34,0,0,0,20 Apr 15:00,0,0,62,1,Midfielder,0,0
0,-37316,Sissoko,6,0,LIV(H) 0-6,Newcastle,66135,Moussa,0,90,6,35,0,0,0,27 Apr 17:30,0,0,60,2,Midfielder,0,0
0,-42516,Sissoko,0,0,WHU(A) 0-0,Newcastle,66136,Moussa,0,0,0,36,0,0,0,04 May 15:00,0,0,57,0,Midfielder,0,0
0,-28883,Sissoko,0,0,QPR(A) 2-1,Newcastle,66137,Moussa,0,0,0,37,0,0,0,12 May 15:00,0,0,55,0,Midfielder,0,0
0,-21924,Sissoko,0,0,ARS(H) 0-1,Newcastle,66138,Moussa,0,0,0,38,0,0,0,19 May 16:00,0,0,54,0,Midfielder,0,0
0,130,Haidara,0,0,AVL(A) 2-1,Newcastle,66224,Massadio,0,0,0,24,0,0,0,29 Jan 19:45,0,0,45,0,Defender,0,0
0,49,Haidara,0,0,CHE(H) 3-2,Newcastle,66225,Massadio,0,0,0,25,0,0,0,02 Feb 15:00,0,0,45,0,Defender,0,0
0,-8,Haidara,0,0,TOT(A) 1-2,Newcastle,66226,Massadio,0,0,0,26,0,0,0,09 Feb 12:45,0,0,45,0,Defender,0,0
0,-13,Haidara,0,0,SOU(H) 4-2,Newcastle,66227,Massadio,0,0,0,27,0,0,0,24 Feb 13:30,0,0,44,0,Defender,0,0
0,-12,Haidara,0,0,SWA(A) 0-1,Newcastle,66228,Massadio,0,0,0,28,0,0,0,02 Mar 15:00,0,0,44,0,Defender,0,0
0,-6,Haidara,0,0,STK(H) 2-1,Newcastle,66229,Massadio,0,18,3,29,0,0,0,10 Mar 15:00,0,0,43,1,Defender,0,0
0,-4,Haidara,1,0,WIG(A) 1-2,Newcastle,66230,Massadio,0,14,0,30,0,0,0,17 Mar 16:00,0,0,42,1,Defender,0,0
0,-28,Haidara,0,0,MCI(A) 0-4,Newcastle,66231,Massadio,0,0,0,31,0,0,0,30 Mar 15:00,0,0,41,0,Defender,0,0
0,-5,Haidara,0,0,FUL(H) 1-0,Newcastle,66232,Massadio,0,0,0,32,0,0,0,07 Apr 15:00,0,0,41,0,Defender,0,0
0,51,Haidara,0,0,SUN(H) 0-3,Newcastle,66233,Massadio,0,0,0,33,0,0,0,14 Apr 12:00,0,0,41,0,Defender,0,0
0,16,Haidara,1,0,WBA(A) 1-1,Newcastle,66234,Massadio,0,76,5,34,0,0,0,20 Apr 15:00,0,0,41,2,Defender,0,0
0,54,Haidara,6,0,LIV(H) 0-6,Newcastle,66235,Massadio,0,90,6,35,0,0,0,27 Apr 17:30,0,0,41,-1,Defender,0,0
0,1,Haidara,0,0,WHU(A) 0-0,Newcastle,66236,Massadio,0,0,0,36,0,0,0,04 May 15:00,0,0,41,0,Defender,0,0
0,-19,Haidara,0,0,QPR(A) 2-1,Newcastle,66237,Massadio,0,0,0,37,0,0,0,12 May 15:00,0,0,41,0,Defender,0,0
0,-16,Haidara,0,0,ARS(H) 0-1,Newcastle,66238,Massadio,0,0,0,38,0,0,0,19 May 16:00,0,0,41,0,Defender,0,0
