yellow_cards,net_transfers,last_name,goals_conceded,saves,result,team_name_1,index,first_name,own_goals,minutes_played,EA_Spots_PPI,week,bonus,clean_sheets,assists,date,penalties_saved,penalties missed,value,points,position,red_cards,goals_scored
0,-112,Rochina,0,0,EVE(H) 0-1,Blackburn,683,Ruben,0,0,0,3,0,0,0,27 Aug. 15:00,0,0,50,0,Forward,0,0
0,-186,Rochina,0,0,BOL(H) 1-2,Blackburn,6817,Ruben,0,26,-8,17,0,0,0,20 Dec. 20:00,0,0,49,1,Forward,0,0
0,-68,Rochina,0,0,SUN(H) 2-0,Blackburn,6829,Ruben,0,0,0,29,0,0,0,20 March 20:00,0,0,47,0,Forward,0,0
0,44,Gardner,0,0,BLA(A) 2-1,Bolton,8117,Ricardo,0,0,0,17,0,0,0,20 Dec. 20:00,0,0,43,0,Midfielder,0,0
0,411,Blake,0,0,WOL(H) 1-1,Bolton,8619,Robbie,0,0,0,19,0,0,0,31 Dec. 15:00,0,0,42,0,Forward,0,0
0,1,Turnbull,0,0,FUL(A) 1-1,Chelsea,9133,Ross,0,0,0,33,0,0,0,09 April 20:00,0,0,41,0,Goalkeeper,0,0
0,-6,Bertrand,0,0,MCI(A) 1-2,Chelsea,9329,Ryan,0,0,0,29,0,0,0,21 March 19:45,0,0,44,0,Defender,0,0
0,937,Ramires,2,0,MCI(A) 1-2,Chelsea,10029,,0,90,-1,29,0,0,0,21 March 19:45,0,0,69,2,Midfielder,0,0
0,17,Halliche,0,0,WOL(H) 5-0,Fulham,14427,Rafik,0,0,0,27,0,0,0,04 March 14:05,0,0,40,0,Defender,0,0
0,-579,Meireles,0,0,MCI(A) 1-2,Chelsea,17129,Raul,0,57,-2,29,0,0,0,21 March 19:45,0,0,71,1,Midfielder,0,0
0,-392,Maxi Rodriguez,0,0,QPR(A) 2-3,Liverpool,17429,Rodriguez,0,0,0,29,0,0,0,21 March 20:00,0,0,70,0,Midfielder,0,0
0,-356,Rafael,0,0,WOL(A) 5-0,Man Utd,21029,Rafael,0,90,25,29,0,1,1,18 March 13:30,0,0,54,9,Defender,0,0
0,2150,Ferdinand,0,0,WOL(A) 5-0,Man Utd,21229,Rio,0,90,16,29,0,1,0,18 March 13:30,0,0,64,6,Defender,0,0
0,-393,Giggs,0,0,WOL(A) 5-0,Man Utd,22229,Ryan,0,0,0,29,0,0,0,18 March 13:30,0,0,68,0,Midfielder,0,0
1,0,Shawcross,1,0,NOR(A) 1-1,Stoke City,3152,Ryan,0,90,9,2,0,0,0,21 Aug. 13:30,0,0,50,1,Defender,0,0
0,-10580,Shawcross,0,0,WBA(A) 1-0,Stoke City,3153,Ryan,0,90,24,3,3,1,0,28 Aug. 15:00,0,0,50,9,Defender,0,0
0,0,Huth,1,0,NOR(A) 1-1,Stoke City,3162,Robert,0,90,12,2,0,0,0,21 Aug. 13:30,0,0,60,2,Defender,0,0
0,-10995,Huth,0,0,WBA(A) 1-0,Stoke City,3163,Robert,0,90,19,3,0,1,0,28 Aug. 15:00,0,0,60,6,Defender,0,0
0,0,Delap,0,0,NOR(A) 1-1,Stoke City,3282,Rory,0,0,0,2,0,0,0,21 Aug. 13:30,0,0,50,0,Midfielder,0,0
0,-3282,Delap,0,0,WBA(A) 1-0,Stoke City,3283,Rory,0,0,0,3,0,0,0,28 Aug. 15:00,0,0,50,0,Midfielder,0,0
0,-60,Noble,0,0,QPR(A) 3-2,Sunderland,35417,Ryan,0,0,0,17,0,0,0,21 Dec. 20:00,0,0,43,0,Forward,0,0
0,41,Sandro,0,0,STO(H) 1-1,Tottenham,39229,Raniere,0,0,0,29,0,0,0,21 March 19:45,0,0,49,0,Midfielder,0,0
0,0,Pavlyuchenko,2,0,MUN(A) 0-3,Tottenham,4042,Roman,0,17,1,2,0,0,0,22 Aug. 20:00,0,0,70,1,Forward,0,0
0,-26294,Keane,0,0,BLA(A) 1-1,Aston Villa,40627,Robbie,0,0,0,27,0,0,0,03 March 15:00,0,0,48,0,Forward,0,0
0,-169,Keane,0,0,STO(H) 1-1,Aston Villa,40633,Robbie,0,0,0,33,0,0,0,09 April 17:30,0,0,48,0,Forward,0,0
0,-48,Allsop,0,0,CHE(H) 1-0,West Brom,40727,Ryan,0,0,0,27,0,0,0,03 March 15:00,0,0,40,0,Goalkeeper,0,0
0,-6,Allsop,0,0,MCI(A) 0-4,West Brom,40733,Ryan,0,0,0,33,0,0,0,11 April 19:45,0,0,40,0,Goalkeeper,0,0
0,-14,Stam,0,0,MUN(H) 1-0,Wigan,43733,Ronnie,0,0,0,33,0,0,0,11 April 19:45,0,0,43,0,Defender,0,0
1,4,Zubar,3,0,ARS(H) 0-3,Wolves,45833,Ronald,0,90,4,33,0,0,0,11 April 19:45,0,0,44,0,Defender,0,0
0,-9,Stearman,3,0,ARS(H) 0-3,Wolves,45933,Richard,0,90,3,33,0,0,0,11 April 19:45,0,0,43,1,Defender,0,0
0,-146,Johnson,0,0,ARS(H) 0-3,Wolves,46433,Roger,0,0,0,33,0,0,0,11 April 19:45,0,0,46,0,Defender,0,0
0,-130,Barkley,0,0,WBA(A) 1-0,Everton,50219,Ross,0,0,0,19,0,0,0,01 Jan. 12:30,0,0,47,0,Midfielder,0,0
0,-6,Barkley,0,0,ARS(H) 0-1,Everton,50229,Ross,0,0,0,29,0,0,0,21 March 20:00,0,0,46,0,Midfielder,0,0
0,6,Petrovic,0,0,SUN(H) 2-0,Blackburn,51029,Radosav,0,0,0,29,0,0,0,20 March 20:00,0,0,53,0,Midfielder,0,0
0,892,Lukaku,0,0,NOR(H) 3-1,Chelsea,5393,Romelu,0,8,2,3,0,0,0,27 Aug. 15:00,0,0,80,1,Forward,0,0
0,-77,Lukaku,0,0,TOT(A) 1-1,Chelsea,53917,Romelu,0,0,0,17,0,0,0,22 Dec. 20:00,0,0,75,0,Forward,0,0
0,-43,Lukaku,0,0,MCI(A) 1-2,Chelsea,53929,Romelu,0,0,0,29,0,0,0,21 March 19:45,0,0,74,0,Forward,0,0
0,-5267,Drenthe,1,0,ARS(H) 0-1,Everton,55329,Royston,0,77,-2,29,0,0,0,21 March 20:00,0,0,54,2,Midfielder,0,0
0,4,Fredericks,0,0,STO(H) 1-1,Tottenham,60429,Ryan,0,0,0,29,0,0,0,21 March 19:45,0,0,50,0,Midfielder,0,0
0,0,Miyaichi,0,0,CHE(H) 0-2,Wigan,251,Ryo,0,0,0,1,0,0,0,19 Aug 13:30,0,0,50,0,Midfielder,0,0
0,-3527,Miyaichi,0,0,SOU(A) 2-0,Wigan,252,Ryo,0,0,0,2,0,0,0,25 Aug 15:00,0,0,50,0,Midfielder,0,0
0,-5360,Miyaichi,0,0,STK(H) 2-2,Wigan,253,Ryo,0,12,1,3,0,0,0,01 Sep 15:00,0,0,48,1,Midfielder,0,0
0,-2748,Miyaichi,0,0,MUN(A) 0-4,Wigan,254,Ryo,0,0,0,4,0,0,0,15 Sep 15:00,0,0,47,0,Midfielder,0,0
0,-1745,Miyaichi,0,0,FUL(H) 1-2,Wigan,255,Ryo,0,15,2,5,0,0,0,22 Sep 15:00,0,0,47,1,Midfielder,0,0
0,-1101,Miyaichi,0,0,SUN(A) 0-1,Wigan,256,Ryo,0,6,0,6,0,0,0,29 Sep 15:00,0,0,46,1,Midfielder,0,0
0,-709,Miyaichi,0,0,EVE(H) 2-2,Wigan,257,Ryo,0,0,0,7,0,0,0,06 Oct 15:00,0,0,46,0,Midfielder,0,0
0,-640,Miyaichi,0,0,SWA(A) 1-2,Wigan,258,Ryo,0,0,0,8,0,0,0,20 Oct 15:00,0,0,45,0,Midfielder,0,0
0,-594,Miyaichi,0,0,WHU(H) 2-1,Wigan,259,Ryo,0,0,0,9,0,0,0,27 Oct 15:00,0,0,45,0,Midfielder,0,0
0,-686,Miyaichi,0,0,TOT(A) 1-0,Wigan,2510,Ryo,0,0,0,10,0,0,0,03 Nov 15:00,0,0,45,0,Midfielder,0,0
0,-121,Miyaichi,0,0,AVL(A) 3-0,Wigan,2520,Ryo,0,0,0,20,0,0,0,29 Dec 15:00,0,0,44,0,Midfielder,0,0
0,-24,Miyaichi,0,0,NEW(H) 2-1,Wigan,2530,Ryo,0,0,0,30,0,0,0,17 Mar 16:00,0,0,43,0,Midfielder,0,0
0,0,Van Persie,0,0,EVE(A) 0-1,Man Utd,261,Robin,0,23,1,1,0,0,0,20 Aug 20:00,0,0,130,1,Forward,0,0
0,9905,Van Persie,2,0,FUL(H) 3-2,Man Utd,262,Robin,0,90,35,2,3,0,0,25 Aug 15:00,0,0,130,9,Forward,0,1
0,173522,Van Persie,2,0,SOU(A) 3-2,Man Utd,263,Robin,0,90,46,3,3,0,0,02 Sep 16:00,0,1,132,15,Forward,0,3
0,135002,Van Persie,0,0,WIG(H) 4-0,Man Utd,264,Robin,0,20,4,4,0,0,0,15 Sep 15:00,0,0,134,1,Forward,0,0
1,-1304,Van Persie,1,0,LIV(A) 2-1,Man Utd,265,Robin,0,90,22,5,1,0,0,23 Sep 13:30,0,0,135,6,Forward,0,1
0,15871,Van Persie,3,0,TOT(H) 2-3,Man Utd,266,Robin,0,90,3,6,0,0,1,29 Sep 17:30,0,0,135,5,Forward,0,0
1,-32605,Van Persie,0,0,NEW(A) 3-0,Man Utd,267,Robin,0,86,24,7,0,1,1,07 Oct 16:00,0,0,135,4,Forward,0,0
0,-19720,Van Persie,2,0,STK(H) 4-2,Man Utd,268,Robin,0,90,38,8,2,0,1,20 Oct 15:00,0,0,134,11,Forward,0,1
0,1065,Van Persie,2,0,CHE(A) 3-2,Man Utd,269,Robin,0,90,39,9,3,0,1,28 Oct 16:00,0,0,134,12,Forward,0,1
1,47113,Van Persie,1,0,ARS(H) 2-1,Man Utd,2610,Robin,0,90,42,10,3,0,0,03 Nov 12:45,0,0,134,8,Forward,0,1
0,34680,Van Persie,0,0,WBA(H) 2-0,Man Utd,2620,Robin,0,26,26,20,1,0,0,29 Dec 15:00,0,0,140,6,Forward,0,1
0,29389,Van Persie,0,0,RDG(H) 1-0,Man Utd,2630,Robin,0,90,10,30,0,1,0,16 Mar 17:30,0,0,137,2,Forward,0,0
0,0,Dunne,0,0,WHU(A) 0-1,Aston Villa,361,Richard,0,0,0,1,0,0,0,18 Aug 15:00,0,0,50,0,Defender,0,0
0,-642,Dunne,0,0,EVE(H) 1-3,Aston Villa,362,Richard,0,0,0,2,0,0,0,25 Aug 15:00,0,0,50,0,Defender,0,0
0,-498,Dunne,0,0,NEW(A) 1-1,Aston Villa,363,Richard,0,0,0,3,0,0,0,02 Sep 16:00,0,0,50,0,Defender,0,0
0,-329,Dunne,0,0,SWA(H) 2-0,Aston Villa,364,Richard,0,0,0,4,0,0,0,15 Sep 15:00,0,0,49,0,Defender,0,0
0,-143,Dunne,0,0,SOU(A) 1-4,Aston Villa,365,Richard,0,0,0,5,0,0,0,22 Sep 15:00,0,0,49,0,Defender,0,0
0,-124,Dunne,0,0,WBA(H) 1-1,Aston Villa,366,Richard,0,0,0,6,0,0,0,30 Sep 16:00,0,0,49,0,Defender,0,0
0,-82,Dunne,0,0,TOT(A) 0-2,Aston Villa,367,Richard,0,0,0,7,0,0,0,07 Oct 15:00,0,0,49,0,Defender,0,0
0,-84,Dunne,0,0,FUL(A) 0-1,Aston Villa,368,Richard,0,0,0,8,0,0,0,20 Oct 15:00,0,0,48,0,Defender,0,0
0,-51,Dunne,0,0,NOR(H) 1-1,Aston Villa,369,Richard,0,0,0,9,0,0,0,27 Oct 12:45,0,0,48,0,Defender,0,0
0,-34,Dunne,0,0,SUN(A) 1-0,Aston Villa,3610,Richard,0,0,0,10,0,0,0,03 Nov 15:00,0,0,48,0,Defender,0,0
0,-9,Dunne,0,0,WIG(H) 0-3,Aston Villa,3620,Richard,0,0,0,20,0,0,0,29 Dec 15:00,0,0,48,0,Defender,0,0
0,-3,Dunne,0,0,QPR(H) 3-2,Aston Villa,3630,Richard,0,0,0,30,0,0,0,16 Mar 15:00,0,0,47,0,Defender,0,0
0,0,Turnbull,0,0,RDG(H) 4-2,Chelsea,651,Ross,0,0,0,1,0,0,0,22 Aug 19:45,0,0,45,0,Goalkeeper,0,0
0,-149,Turnbull,0,0,NEW(H) 2-0,Chelsea,652,Ross,0,0,0,2,0,0,0,25 Aug 17:30,0,0,45,0,Goalkeeper,0,0
0,-116,Turnbull,0,0,QPR(A) 0-0,Chelsea,654,Ross,0,0,0,4,0,0,0,15 Sep 15:00,0,0,45,0,Goalkeeper,0,0
0,-58,Turnbull,0,0,STK(H) 1-0,Chelsea,655,Ross,0,0,0,5,0,0,0,22 Sep 15:00,0,0,44,0,Goalkeeper,0,0
0,-44,Turnbull,0,0,ARS(A) 2-1,Chelsea,656,Ross,0,0,0,6,0,0,0,29 Sep 12:45,0,0,44,0,Goalkeeper,0,0
0,-23,Turnbull,0,0,NOR(H) 4-1,Chelsea,657,Ross,0,0,0,7,0,0,0,06 Oct 15:00,0,0,44,0,Goalkeeper,0,0
0,-24,Turnbull,0,0,TOT(A) 4-2,Chelsea,658,Ross,0,0,0,8,0,0,0,20 Oct 12:45,0,0,44,0,Goalkeeper,0,0
0,-48,Turnbull,0,0,MUN(H) 2-3,Chelsea,659,Ross,0,0,0,9,0,0,0,28 Oct 16:00,0,0,44,0,Goalkeeper,0,0
0,-43,Turnbull,0,0,SWA(A) 1-1,Chelsea,6510,Ross,0,0,0,10,0,0,0,03 Nov 15:00,0,0,44,0,Goalkeeper,0,0
0,-32,Turnbull,0,0,LIV(H) 1-1,Chelsea,6511,Ross,0,0,0,11,0,0,0,11 Nov 16:00,0,0,44,0,Goalkeeper,0,0
0,-25,Turnbull,0,0,WBA(A) 1-2,Chelsea,6512,Ross,0,0,0,12,0,0,0,17 Nov 15:00,0,0,44,0,Goalkeeper,0,0
0,-18,Turnbull,0,0,MCI(H) 0-0,Chelsea,6513,Ross,0,0,0,13,0,0,0,25 Nov 16:00,0,0,44,0,Goalkeeper,0,0
0,-7,Turnbull,0,0,FUL(H) 0-0,Chelsea,6514,Ross,0,0,0,14,0,0,0,28 Nov 19:45,0,0,43,0,Goalkeeper,0,0
0,-11,Turnbull,0,0,WHU(A) 1-3,Chelsea,6515,Ross,0,0,0,15,0,0,0,01 Dec 12:45,0,0,43,0,Goalkeeper,0,0
0,-14,Turnbull,0,0,SUN(A) 3-1,Chelsea,6516,Ross,0,0,0,16,0,0,0,08 Dec 15:00,0,0,43,0,Goalkeeper,0,0
0,-12,Turnbull,0,0,AVL(H) 8-0,Chelsea,6518,Ross,0,0,0,18,0,0,0,23 Dec 16:00,0,0,43,0,Goalkeeper,0,0
0,-6,Turnbull,0,0,NOR(A) 1-0,Chelsea,6519,Ross,0,0,0,19,0,0,0,26 Dec 15:00,0,0,43,0,Goalkeeper,0,0
0,-10,Turnbull,0,3,EVE(A) 2-1,Chelsea,6520,Ross,0,45,9,20,0,0,0,30 Dec 13:30,0,0,43,2,Goalkeeper,0,0
0,4388,Turnbull,1,3,QPR(H) 0-1,Chelsea,6521,Ross,0,90,4,21,0,0,0,02 Jan 19:45,0,0,43,3,Goalkeeper,0,0
0,37725,Turnbull,0,0,SOU(H) 2-2,Chelsea,6522,Ross,0,0,0,22,0,0,0,16 Jan 19:45,0,0,43,0,Goalkeeper,0,0
0,-13194,Turnbull,0,0,ARS(H) 2-1,Chelsea,6523,Ross,0,0,0,23,0,0,0,20 Jan 13:30,0,0,43,0,Goalkeeper,0,0
0,-6545,Turnbull,2,0,RDG(A) 2-2,Chelsea,6524,Ross,0,90,5,24,0,0,0,30 Jan 20:00,0,0,43,1,Goalkeeper,0,0
0,-2987,Turnbull,0,0,NEW(A) 2-3,Chelsea,6525,Ross,0,0,0,25,0,0,0,02 Feb 15:00,0,0,43,0,Goalkeeper,0,0
0,-1435,Turnbull,0,0,WIG(H) 4-1,Chelsea,6526,Ross,0,0,0,26,0,0,0,09 Feb 15:00,0,0,43,0,Goalkeeper,0,0
0,-1383,Turnbull,0,0,MCI(A) 0-2,Chelsea,6527,Ross,0,0,0,27,0,0,0,24 Feb 13:30,0,0,43,0,Goalkeeper,0,0
0,-1190,Turnbull,0,0,WBA(H) 1-0,Chelsea,6528,Ross,0,0,0,28,0,0,0,02 Mar 15:00,0,0,43,0,Goalkeeper,0,0
0,-686,Turnbull,0,0,WHU(H) 2-0,Chelsea,6530,Ross,0,0,0,30,0,0,0,17 Mar 16:00,0,0,41,0,Goalkeeper,0,0
0,-711,Turnbull,0,0,SOU(A) 1-2,Chelsea,6531,Ross,0,0,0,31,0,0,0,30 Mar 15:00,0,0,40,0,Goalkeeper,0,0
0,-241,Turnbull,0,0,SUN(H) 2-1,Chelsea,6532,Ross,0,0,0,32,0,0,0,07 Apr 15:00,0,0,39,0,Goalkeeper,0,0
0,492,Turnbull,0,0,FUL(A) 3-0,Chelsea,6533,Ross,0,0,0,33,0,0,0,17 Apr 20:00,0,0,39,0,Goalkeeper,0,0
0,300,Turnbull,0,0,LIV(A) 2-2,Chelsea,6534,Ross,0,0,0,34,0,0,0,21 Apr 16:00,0,0,39,0,Goalkeeper,0,0
0,396,Turnbull,0,0,SWA(H) 2-0,Chelsea,6535,Ross,0,0,0,35,0,0,0,28 Apr 15:00,0,0,39,0,Goalkeeper,0,0
0,254,Turnbull,0,0,TOT(H) 2-2,Chelsea,6536,Ross,0,0,0,36,0,0,0,08 May 19:45,0,0,39,0,Goalkeeper,0,0
0,181,Turnbull,0,0,AVL(A) 2-1,Chelsea,6537,Ross,0,0,0,37,0,0,0,11 May 12:45,0,0,39,0,Goalkeeper,0,0
0,1710,Turnbull,0,0,EVE(H) 2-1,Chelsea,6538,Ross,0,0,0,38,0,0,0,19 May 16:00,0,0,39,0,Goalkeeper,0,0
0,0,Bertrand,0,0,RDG(H) 4-2,Chelsea,681,Ryan,0,0,0,1,0,0,0,22 Aug 19:45,0,0,45,0,Defender,0,0
0,12229,Bertrand,0,0,NEW(H) 2-0,Chelsea,682,Ryan,0,90,31,2,1,1,0,25 Aug 17:30,0,0,45,7,Defender,0,0
1,36735,Bertrand,0,0,QPR(A) 0-0,Chelsea,684,Ryan,0,57,5,4,0,0,0,15 Sep 15:00,0,0,45,0,Defender,0,0
0,2216,Bertrand,0,0,STK(H) 1-0,Chelsea,685,Ryan,0,0,0,5,0,0,0,22 Sep 15:00,0,0,46,0,Defender,0,0
0,-12957,Bertrand,0,0,ARS(A) 2-1,Chelsea,686,Ryan,0,7,1,6,0,0,0,29 Sep 12:45,0,0,46,1,Defender,0,0
0,-8233,Bertrand,0,0,NOR(H) 4-1,Chelsea,687,Ryan,0,0,0,7,0,0,0,06 Oct 15:00,0,0,45,0,Defender,0,0
0,-13155,Bertrand,0,0,TOT(A) 4-2,Chelsea,688,Ryan,0,0,0,8,0,0,0,20 Oct 12:45,0,0,44,0,Defender,0,0
0,-12086,Bertrand,1,0,MUN(H) 2-3,Chelsea,689,Ryan,0,19,1,9,0,0,0,28 Oct 16:00,0,0,43,1,Defender,0,0
0,-6477,Bertrand,1,0,SWA(A) 1-1,Chelsea,6810,Ryan,0,12,1,10,0,0,0,03 Nov 15:00,0,0,43,1,Defender,0,0
0,-3030,Bertrand,1,0,LIV(H) 1-1,Chelsea,6811,Ryan,0,90,11,11,0,0,0,11 Nov 16:00,0,0,42,2,Defender,0,0
0,-230,Bertrand,2,0,WBA(A) 1-2,Chelsea,6812,Ryan,0,90,5,12,0,0,0,17 Nov 15:00,0,0,42,1,Defender,0,0
0,-2583,Bertrand,0,0,MCI(H) 0-0,Chelsea,6813,Ryan,0,0,0,13,0,0,0,25 Nov 16:00,0,0,42,0,Defender,0,0
0,-3550,Bertrand,0,0,FUL(H) 0-0,Chelsea,6814,Ryan,0,62,8,14,0,1,0,28 Nov 19:45,0,0,42,6,Defender,0,0
0,-47,Bertrand,0,0,WHU(A) 1-3,Chelsea,6815,Ryan,0,0,0,15,0,0,0,01 Dec 12:45,0,0,41,0,Defender,0,0
0,-4248,Bertrand,1,0,SUN(A) 3-1,Chelsea,6816,Ryan,0,30,5,16,0,0,0,08 Dec 15:00,0,0,41,1,Defender,0,0
0,-2000,Bertrand,0,0,AVL(H) 8-0,Chelsea,6818,Ryan,0,0,0,18,0,0,0,23 Dec 16:00,0,0,40,0,Defender,0,0
0,-3484,Bertrand,0,0,NOR(A) 1-0,Chelsea,6819,Ryan,0,0,0,19,0,0,0,26 Dec 15:00,0,0,40,0,Defender,0,0
0,-3627,Bertrand,0,0,EVE(A) 2-1,Chelsea,6820,Ryan,0,0,0,20,0,0,0,30 Dec 13:30,0,0,40,0,Defender,0,0
0,-1634,Bertrand,1,0,QPR(H) 0-1,Chelsea,6821,Ryan,0,90,3,21,0,0,0,02 Jan 19:45,0,0,39,2,Defender,0,0
0,1567,Bertrand,0,0,SOU(H) 2-2,Chelsea,6822,Ryan,0,0,0,22,0,0,0,16 Jan 19:45,0,0,39,0,Defender,0,0
0,6130,Bertrand,0,0,ARS(H) 2-1,Chelsea,6823,Ryan,0,19,-2,23,0,0,0,20 Jan 13:30,0,0,39,1,Defender,0,0
0,12026,Bertrand,2,0,RDG(A) 2-2,Chelsea,6824,Ryan,0,90,3,24,0,0,0,30 Jan 20:00,0,0,39,1,Defender,0,0
0,9485,Bertrand,3,0,NEW(A) 2-3,Chelsea,6825,Ryan,0,90,10,25,0,0,0,02 Feb 15:00,0,0,39,1,Defender,0,0
0,5000,Bertrand,0,0,WIG(H) 4-1,Chelsea,6826,Ryan,0,0,0,26,0,0,0,09 Feb 15:00,0,0,39,0,Defender,0,0
0,-3281,Bertrand,0,0,MCI(A) 0-2,Chelsea,6827,Ryan,0,0,0,27,0,0,0,24 Feb 13:30,0,0,39,0,Defender,0,0
0,-2313,Bertrand,0,0,WBA(H) 1-0,Chelsea,6828,Ryan,0,0,0,28,0,0,0,02 Mar 15:00,0,0,39,0,Defender,0,0
0,-1630,Bertrand,0,0,WHU(H) 2-0,Chelsea,6830,Ryan,0,0,0,30,0,0,0,17 Mar 16:00,0,0,39,0,Defender,0,0
0,-1852,Bertrand,2,0,SOU(A) 1-2,Chelsea,6831,Ryan,0,90,9,31,0,0,0,30 Mar 15:00,0,0,39,1,Defender,0,0
0,13021,Bertrand,1,0,SUN(H) 2-1,Chelsea,6832,Ryan,0,90,22,32,0,0,0,07 Apr 15:00,0,0,39,2,Defender,0,0
0,-1828,Bertrand,0,0,FUL(A) 3-0,Chelsea,6833,Ryan,0,90,15,33,0,1,0,17 Apr 20:00,0,0,39,6,Defender,0,0
0,1303,Bertrand,2,0,LIV(A) 2-2,Chelsea,6834,Ryan,0,90,6,34,0,0,0,21 Apr 16:00,0,0,39,1,Defender,0,0
0,2761,Bertrand,0,0,SWA(H) 2-0,Chelsea,6835,Ryan,0,0,0,35,0,0,0,28 Apr 15:00,0,0,39,0,Defender,0,0
0,-2003,Bertrand,0,0,TOT(H) 2-2,Chelsea,6836,Ryan,0,0,0,36,0,0,0,08 May 19:45,0,0,39,0,Defender,0,0
0,-4124,Bertrand,0,0,AVL(A) 2-1,Chelsea,6837,Ryan,0,0,0,37,0,0,0,11 May 12:45,0,0,39,0,Defender,0,0
0,-3274,Bertrand,0,0,EVE(H) 2-1,Chelsea,6838,Ryan,0,0,0,38,0,0,0,19 May 16:00,0,0,39,0,Defender,0,0
0,0,Meireles,0,0,RDG(H) 4-2,Chelsea,811,Raul,0,7,1,1,0,0,0,22 Aug 19:45,0,0,65,1,Midfielder,0,0
0,-6541,Meireles,0,0,NEW(H) 2-0,Chelsea,812,Raul,0,86,9,2,0,1,0,25 Aug 17:30,0,0,64,3,Midfielder,0,0
0,-8297,Meireles,0,0,QPR(A) 0-0,Chelsea,814,Raul,0,0,0,4,0,0,0,15 Sep 15:00,0,0,63,0,Midfielder,0,0
0,-2907,Meireles,0,0,STK(H) 1-0,Chelsea,815,Raul,0,0,0,5,0,0,0,22 Sep 15:00,0,0,63,0,Midfielder,0,0
0,-1287,Meireles,0,0,ARS(A) 2-1,Chelsea,816,Raul,0,0,0,6,0,0,0,29 Sep 12:45,0,0,63,0,Midfielder,0,0
0,-692,Meireles,0,0,NOR(H) 4-1,Chelsea,817,Raul,0,0,0,7,0,0,0,06 Oct 15:00,0,0,63,0,Midfielder,0,0
0,-474,Meireles,0,0,TOT(A) 4-2,Chelsea,818,Raul,0,0,0,8,0,0,0,20 Oct 12:45,0,0,63,0,Midfielder,0,0
0,-226,Meireles,0,0,MUN(H) 2-3,Chelsea,819,Raul,0,0,0,9,0,0,0,28 Oct 16:00,0,0,63,0,Midfielder,0,0
0,-159,Meireles,0,0,SWA(A) 1-1,Chelsea,8110,Raul,0,0,0,10,0,0,0,03 Nov 15:00,0,0,63,0,Midfielder,0,0
0,-143,Meireles,0,0,LIV(H) 1-1,Chelsea,8111,Raul,0,0,0,11,0,0,0,11 Nov 16:00,0,0,63,0,Midfielder,0,0
0,-116,Meireles,0,0,WBA(A) 1-2,Chelsea,8112,Raul,0,0,0,12,0,0,0,17 Nov 15:00,0,0,63,0,Midfielder,0,0
0,-85,Meireles,0,0,MCI(H) 0-0,Chelsea,8113,Raul,0,0,0,13,0,0,0,25 Nov 16:00,0,0,63,0,Midfielder,0,0
0,-47,Meireles,0,0,FUL(H) 0-0,Chelsea,8114,Raul,0,0,0,14,0,0,0,28 Nov 19:45,0,0,63,0,Midfielder,0,0
0,-35,Meireles,0,0,WHU(A) 1-3,Chelsea,8115,Raul,0,0,0,15,0,0,0,01 Dec 12:45,0,0,63,0,Midfielder,0,0
0,-65,Meireles,0,0,SUN(A) 3-1,Chelsea,8116,Raul,0,0,0,16,0,0,0,08 Dec 15:00,0,0,63,0,Midfielder,0,0
0,-49,Meireles,0,0,AVL(H) 8-0,Chelsea,8118,Raul,0,0,0,18,0,0,0,23 Dec 16:00,0,0,63,0,Midfielder,0,0
0,-26,Meireles,0,0,NOR(A) 1-0,Chelsea,8119,Raul,0,0,0,19,0,0,0,26 Dec 15:00,0,0,63,0,Midfielder,0,0
0,-15,Meireles,0,0,EVE(A) 2-1,Chelsea,8120,Raul,0,0,0,20,0,0,0,30 Dec 13:30,0,0,63,0,Midfielder,0,0
0,-38,Meireles,0,0,QPR(H) 0-1,Chelsea,8121,Raul,0,0,0,21,0,0,0,02 Jan 19:45,0,0,63,0,Midfielder,0,0
0,-88,Meireles,0,0,SOU(H) 2-2,Chelsea,8122,Raul,0,0,0,22,0,0,0,16 Jan 19:45,0,0,63,0,Midfielder,0,0
0,-44,Meireles,0,0,ARS(H) 2-1,Chelsea,8123,Raul,0,0,0,23,0,0,0,20 Jan 13:30,0,0,63,0,Midfielder,0,0
0,-43,Meireles,0,0,RDG(A) 2-2,Chelsea,8124,Raul,0,0,0,24,0,0,0,30 Jan 20:00,0,0,63,0,Midfielder,0,0
0,-17,Meireles,0,0,NEW(A) 2-3,Chelsea,8125,Raul,0,0,0,25,0,0,0,02 Feb 15:00,0,0,63,0,Midfielder,0,0
0,-23,Meireles,0,0,WIG(H) 4-1,Chelsea,8126,Raul,0,0,0,26,0,0,0,09 Feb 15:00,0,0,63,0,Midfielder,0,0
0,-28,Meireles,0,0,MCI(A) 0-2,Chelsea,8127,Raul,0,0,0,27,0,0,0,24 Feb 13:30,0,0,63,0,Midfielder,0,0
0,-16,Meireles,0,0,WBA(H) 1-0,Chelsea,8128,Raul,0,0,0,28,0,0,0,02 Mar 15:00,0,0,63,0,Midfielder,0,0
0,-15,Meireles,0,0,WHU(H) 2-0,Chelsea,8130,Raul,0,0,0,30,0,0,0,17 Mar 16:00,0,0,63,0,Midfielder,0,0
0,-11,Meireles,0,0,SOU(A) 1-2,Chelsea,8131,Raul,0,0,0,31,0,0,0,30 Mar 15:00,0,0,63,0,Midfielder,0,0
0,-6,Meireles,0,0,SUN(H) 2-1,Chelsea,8132,Raul,0,0,0,32,0,0,0,07 Apr 15:00,0,0,63,0,Midfielder,0,0
0,-7,Meireles,0,0,FUL(A) 3-0,Chelsea,8133,Raul,0,0,0,33,0,0,0,17 Apr 20:00,0,0,63,0,Midfielder,0,0
0,-4,Meireles,0,0,LIV(A) 2-2,Chelsea,8134,Raul,0,0,0,34,0,0,0,21 Apr 16:00,0,0,63,0,Midfielder,0,0
0,-3,Meireles,0,0,SWA(H) 2-0,Chelsea,8135,Raul,0,0,0,35,0,0,0,28 Apr 15:00,0,0,63,0,Midfielder,0,0
0,-4,Meireles,0,0,TOT(H) 2-2,Chelsea,8136,Raul,0,0,0,36,0,0,0,08 May 19:45,0,0,63,0,Midfielder,0,0
0,-2,Meireles,0,0,AVL(A) 2-1,Chelsea,8137,Raul,0,0,0,37,0,0,0,11 May 12:45,0,0,63,0,Midfielder,0,0
0,-4,Meireles,0,0,EVE(H) 2-1,Chelsea,8138,Raul,0,0,0,38,0,0,0,19 May 16:00,0,0,63,0,Midfielder,0,0
0,0,Lukaku,0,0,LIV(H) 3-0,West Brom,911,Romelu,0,23,16,1,0,0,0,18 Aug 15:00,0,0,65,5,Forward,0,1
0,12169,Lukaku,1,0,TOT(A) 1-1,West Brom,912,Romelu,0,29,2,2,0,0,0,25 Aug 15:00,0,0,65,1,Forward,0,0
0,-3778,Lukaku,0,0,EVE(H) 2-0,West Brom,913,Romelu,0,0,0,3,0,0,0,01 Sep 15:00,0,0,65,0,Forward,0,0
0,-12404,Lukaku,1,0,FUL(A) 0-3,West Brom,914,Romelu,0,45,4,4,0,0,0,15 Sep 15:00,0,0,65,1,Forward,0,0
0,-5387,Lukaku,0,0,RDG(H) 1-0,West Brom,915,Romelu,0,77,32,5,3,1,0,22 Sep 15:00,0,0,65,9,Forward,0,1
0,5973,Lukaku,1,0,AVL(A) 1-1,West Brom,916,Romelu,0,19,-3,6,0,0,0,30 Sep 16:00,0,0,65,1,Forward,0,0
0,-2396,Lukaku,1,0,QPR(H) 3-2,West Brom,917,Romelu,0,29,1,7,0,0,0,06 Oct 15:00,0,0,65,1,Forward,0,0
0,-8855,Lukaku,1,0,MCI(H) 1-2,West Brom,918,Romelu,0,10,4,8,0,0,0,20 Oct 15:00,0,0,64,1,Forward,0,0
0,-3103,Lukaku,1,0,NEW(A) 1-2,West Brom,919,Romelu,0,64,26,9,3,0,0,28 Oct 15:00,0,0,64,9,Forward,0,1
0,16292,Lukaku,0,0,SOU(H) 2-0,West Brom,9110,Romelu,0,20,1,10,0,0,0,05 Nov 20:00,0,0,64,1,Forward,0,0
1,-4853,Lukaku,1,0,WIG(A) 2-1,West Brom,9111,Romelu,0,85,22,11,1,0,0,10 Nov 15:00,0,0,64,2,Forward,0,0
0,-10823,Lukaku,0,0,CHE(H) 2-1,West Brom,9112,Romelu,0,0,0,12,0,0,0,17 Nov 15:00,0,0,64,0,Forward,0,0
0,-3499,Lukaku,2,0,SUN(A) 4-2,West Brom,9113,Romelu,0,22,19,13,0,0,1,24 Nov 12:45,0,0,64,8,Forward,0,1
0,1106,Lukaku,3,0,SWA(A) 1-3,West Brom,9114,Romelu,0,90,16,14,0,0,0,28 Nov 19:45,0,0,64,6,Forward,0,1
0,6674,Lukaku,1,0,STK(H) 0-1,West Brom,9115,Romelu,0,27,1,15,0,0,0,01 Dec 15:00,0,0,64,1,Forward,0,0
0,-821,Lukaku,1,0,ARS(A) 0-2,West Brom,9116,Romelu,0,29,-4,16,0,0,0,08 Dec 15:00,0,0,64,1,Forward,0,0
0,-2320,Lukaku,0,0,WHU(H) 0-0,West Brom,9117,Romelu,0,16,1,17,0,0,0,16 Dec 16:00,0,0,64,1,Forward,0,0
0,-2729,Lukaku,1,0,NOR(H) 2-1,West Brom,9118,Romelu,0,83,36,18,2,0,0,22 Dec 15:00,0,0,64,8,Forward,0,1
0,8061,Lukaku,1,0,QPR(A) 2-1,West Brom,9119,Romelu,0,75,27,19,2,0,0,26 Dec 15:00,0,0,64,4,Forward,0,0
0,790,Lukaku,1,0,MUN(A) 0-2,West Brom,9120,Romelu,0,24,1,20,0,0,0,29 Dec 15:00,0,0,64,1,Forward,0,0
0,117,Lukaku,2,0,FUL(H) 1-2,West Brom,9121,Romelu,0,90,7,21,0,0,0,01 Jan 12:45,0,0,64,6,Forward,0,1
0,4856,Lukaku,3,0,RDG(A) 2-3,West Brom,9122,Romelu,0,90,20,22,0,0,0,12 Jan 15:00,0,0,64,10,Forward,0,2
1,69622,Lukaku,2,0,AVL(H) 2-2,West Brom,9123,Romelu,0,90,0,23,0,0,1,19 Jan 17:30,0,0,65,4,Forward,0,0
0,-2719,Lukaku,2,0,EVE(A) 1-2,West Brom,9124,Romelu,0,90,-4,24,0,0,1,30 Jan 19:45,0,0,66,5,Forward,0,0
0,-3264,Lukaku,0,0,TOT(H) 0-1,West Brom,9125,Romelu,0,51,1,25,0,0,0,03 Feb 13:30,0,0,66,1,Forward,0,0
0,-12288,Lukaku,0,0,LIV(A) 2-0,West Brom,9126,Romelu,0,17,16,26,0,0,0,11 Feb 20:00,0,0,65,5,Forward,0,1
1,29194,Lukaku,1,0,SUN(H) 2-1,West Brom,9127,Romelu,0,86,42,27,3,0,0,23 Feb 15:00,0,0,65,12,Forward,0,2
0,-20258,Lukaku,0,0,CHE(A) 0-1,West Brom,9128,Romelu,0,0,0,28,0,0,0,02 Mar 15:00,0,0,65,0,Forward,0,0
0,74892,Lukaku,1,0,SWA(H) 2-1,West Brom,9129,Romelu,0,79,23,29,1,0,0,09 Mar 15:00,0,1,65,5,Forward,0,1
0,15229,Lukaku,0,0,STK(A) 0-0,West Brom,9130,Romelu,0,75,11,30,0,1,0,16 Mar 15:00,0,0,65,2,Forward,0,0
0,2043,Lukaku,3,0,WHU(A) 1-3,West Brom,9131,Romelu,0,90,11,31,0,0,1,30 Mar 15:00,0,0,65,5,Forward,0,0
0,-11032,Lukaku,0,0,ARS(H) 1-2,West Brom,9132,Romelu,0,29,-2,32,0,0,0,06 Apr 15:00,0,0,65,1,Forward,0,0
0,13264,Lukaku,1,0,NEW(H) 1-1,West Brom,9134,Romelu,0,89,10,34,0,0,1,20 Apr 15:00,0,0,62,5,Forward,0,0
0,38905,Lukaku,0,0,SOU(A) 3-0,West Brom,9135,Romelu,0,84,58,35,3,1,2,27 Apr 15:00,0,0,64,15,Forward,0,1
0,164931,Lukaku,1,0,MCI(A) 0-1,West Brom,9136,Romelu,0,90,8,36,0,0,0,07 May 19:45,0,0,67,2,Forward,0,0
0,2690,Lukaku,3,0,NOR(A) 0-4,West Brom,9137,Romelu,0,79,4,37,0,0,0,12 May 15:00,0,0,68,2,Forward,0,0
0,-58351,Lukaku,2,0,MUN(H) 5-5,West Brom,9138,Romelu,0,45,52,38,3,0,0,19 May 16:00,0,0,66,16,Forward,0,3
0,0,Barkley,0,0,MUN(H) 1-0,Everton,1091,Ross,0,0,0,1,0,0,0,20 Aug 20:00,0,0,45,0,Midfielder,0,0
0,-1141,Barkley,0,0,AVL(A) 3-1,Everton,1092,Ross,0,0,0,2,0,0,0,25 Aug 15:00,0,0,45,0,Midfielder,0,0
0,-1441,Barkley,0,0,WBA(A) 0-2,Everton,1093,Ross,0,0,0,3,0,0,0,01 Sep 15:00,0,0,44,0,Midfielder,0,0
0,-887,Barkley,0,0,NEW(H) 2-2,Everton,1094,Ross,0,0,0,4,0,0,0,17 Sep 20:00,0,0,43,0,Midfielder,0,0
0,-898,Barkley,0,0,SWA(A) 3-0,Everton,1095,Ross,0,0,0,5,0,0,0,22 Sep 12:45,0,0,43,0,Midfielder,0,0
0,-513,Barkley,0,0,SOU(H) 3-1,Everton,1096,Ross,0,0,0,6,0,0,0,29 Sep 15:00,0,0,42,0,Midfielder,0,0
0,1282,Barkley,0,0,WIG(A) 2-2,Everton,1097,Ross,0,0,0,7,0,0,0,06 Oct 15:00,0,0,42,0,Midfielder,0,0
0,1751,Barkley,0,0,QPR(A) 1-1,Everton,1098,Ross,0,0,0,8,0,0,0,21 Oct 16:00,0,0,42,0,Midfielder,0,0
0,250,Barkley,0,0,LIV(H) 2-2,Everton,1099,Ross,0,0,0,9,0,0,0,28 Oct 13:30,0,0,42,0,Midfielder,0,0
0,-234,Barkley,0,0,FUL(A) 2-2,Everton,10910,Ross,0,0,0,10,0,0,0,03 Nov 15:00,0,0,42,0,Midfielder,0,0
0,-341,Barkley,0,0,SUN(H) 2-1,Everton,10911,Ross,0,0,0,11,0,0,0,10 Nov 15:00,0,0,42,0,Midfielder,0,0
0,-299,Barkley,0,0,RDG(A) 1-2,Everton,10912,Ross,0,0,0,12,0,0,0,17 Nov 15:00,0,0,42,0,Midfielder,0,0
0,133,Barkley,0,0,NOR(H) 1-1,Everton,10913,Ross,0,0,0,13,0,0,0,24 Nov 15:00,0,0,42,0,Midfielder,0,0
0,31,Barkley,0,0,ARS(H) 1-1,Everton,10914,Ross,0,0,0,14,0,0,0,28 Nov 19:45,0,0,42,0,Midfielder,0,0
0,8,Barkley,0,0,MCI(A) 1-1,Everton,10915,Ross,0,0,0,15,0,0,0,01 Dec 15:00,0,0,42,0,Midfielder,0,0
0,-320,Barkley,0,0,TOT(H) 2-1,Everton,10916,Ross,0,0,0,16,0,0,0,09 Dec 15:00,0,0,42,0,Midfielder,0,0
0,-148,Barkley,0,0,STK(A) 1-1,Everton,10917,Ross,0,21,3,17,0,0,0,15 Dec 15:00,0,0,42,1,Midfielder,0,0
0,22,Barkley,0,0,WHU(A) 2-1,Everton,10918,Ross,0,0,0,18,0,0,0,22 Dec 15:00,0,0,42,0,Midfielder,0,0
0,-105,Barkley,0,0,WIG(H) 2-1,Everton,10919,Ross,0,0,0,19,0,0,0,26 Dec 15:00,0,0,42,0,Midfielder,0,0
0,226,Barkley,0,0,CHE(H) 1-2,Everton,10920,Ross,0,13,-3,20,0,0,0,30 Dec 13:30,0,0,41,1,Midfielder,0,0
0,676,Barkley,0,0,NEW(A) 2-1,Everton,10921,Ross,0,0,0,21,0,0,0,02 Jan 20:00,0,0,41,0,Midfielder,0,0
0,3013,Barkley,0,0,SWA(H) 0-0,Everton,10922,Ross,0,0,0,22,0,0,0,12 Jan 15:00,0,0,41,0,Midfielder,0,0
0,92,Barkley,0,0,SOU(A) 0-0,Everton,10923,Ross,0,0,0,23,0,0,0,21 Jan 20:00,0,0,41,0,Midfielder,0,0
0,337,Barkley,0,0,WBA(H) 2-1,Everton,10924,Ross,0,0,0,24,0,0,0,30 Jan 19:45,0,0,41,0,Midfielder,0,0
0,428,Barkley,0,0,AVL(H) 3-3,Everton,10925,Ross,0,0,0,25,0,0,0,02 Feb 15:00,0,0,41,0,Midfielder,0,0
0,198,Barkley,0,0,MUN(A) 0-2,Everton,10926,Ross,0,0,0,26,0,0,0,10 Feb 16:00,0,0,41,0,Midfielder,0,0
0,967,Barkley,0,0,NOR(A) 1-2,Everton,10927,Ross,0,0,0,27,0,0,0,23 Feb 15:00,0,0,41,0,Midfielder,0,0
0,38,Barkley,0,0,RDG(H) 3-1,Everton,10928,Ross,0,0,0,28,0,0,0,02 Mar 15:00,0,0,41,0,Midfielder,0,0
0,316,Barkley,0,0,MCI(H) 2-0,Everton,10930,Ross,0,0,0,30,0,0,0,16 Mar 12:45,0,0,41,0,Midfielder,0,0
1,236,Barkley,0,0,STK(H) 1-0,Everton,10931,Ross,0,11,1,31,0,0,0,30 Mar 17:30,0,0,41,0,Midfielder,0,0
0,-58,Barkley,1,0,TOT(A) 2-2,Everton,10932,Ross,0,51,4,32,0,0,0,07 Apr 14:05,0,0,41,1,Midfielder,0,0
1,187,Barkley,0,0,ARS(A) 0-0,Everton,10933,Ross,0,75,4,33,0,1,0,16 Apr 19:45,0,0,41,2,Midfielder,0,0
0,682,Barkley,0,0,SUN(A) 0-1,Everton,10934,Ross,0,14,0,34,0,0,0,20 Apr 15:00,0,0,41,1,Midfielder,0,0
0,442,Barkley,0,0,FUL(H) 1-0,Everton,10935,Ross,0,24,5,35,0,0,0,27 Apr 15:00,0,0,41,1,Midfielder,0,0
0,263,Barkley,0,0,LIV(A) 0-0,Everton,10936,Ross,0,0,0,36,0,0,0,05 May 13:30,0,0,41,0,Midfielder,0,0
0,70,Barkley,0,0,WHU(H) 2-0,Everton,10937,Ross,0,0,0,37,0,0,0,12 May 15:00,0,0,41,0,Midfielder,0,0
0,2,Barkley,0,0,CHE(A) 1-2,Everton,10938,Ross,0,0,0,38,0,0,0,19 May 16:00,0,0,41,0,Midfielder,0,0
0,0,Halliche,0,0,NOR(H) 5-0,Fulham,1261,Rafik,0,0,0,1,0,0,0,18 Aug 15:00,0,0,40,0,Defender,0,0
0,-148,Halliche,0,0,MUN(A) 2-3,Fulham,1262,Rafik,0,0,0,2,0,0,0,25 Aug 15:00,0,0,40,0,Defender,0,0
0,-181,Halliche,0,0,WHU(A) 0-3,Fulham,1263,Rafik,0,0,0,3,0,0,0,01 Sep 12:45,0,0,40,0,Defender,0,0
0,-137,Halliche,0,0,WBA(H) 3-0,Fulham,1264,Rafik,0,0,0,4,0,0,0,15 Sep 15:00,0,0,40,0,Defender,0,0
0,-74,Halliche,0,0,WIG(A) 2-1,Fulham,1265,Rafik,0,0,0,5,0,0,0,22 Sep 15:00,0,0,40,0,Defender,0,0
0,-79,Halliche,0,0,MCI(H) 1-2,Fulham,1266,Rafik,0,0,0,6,0,0,0,29 Sep 15:00,0,0,39,0,Defender,0,0
0,225,Halliche,0,0,SOU(A) 2-2,Fulham,1267,Rafik,0,0,0,7,0,0,0,07 Oct 13:30,0,0,39,0,Defender,0,0
0,100,Halliche,0,0,AVL(H) 1-0,Fulham,1268,Rafik,0,0,0,8,0,0,0,20 Oct 15:00,0,0,39,0,Defender,0,0
0,16,Halliche,0,0,RDG(A) 3-3,Fulham,1269,Rafik,0,0,0,9,0,0,0,27 Oct 15:00,0,0,39,0,Defender,0,0
0,-8,Halliche,0,0,EVE(H) 2-2,Fulham,12610,Rafik,0,0,0,10,0,0,0,03 Nov 15:00,0,0,39,0,Defender,0,0
0,16,Halliche,0,0,ARS(A) 3-3,Fulham,12611,Rafik,0,0,0,11,0,0,0,10 Nov 15:00,0,0,39,0,Defender,0,0
0,2,Halliche,0,0,SUN(H) 1-3,Fulham,12612,Rafik,0,0,0,12,0,0,0,18 Nov 16:00,0,0,39,0,Defender,0,0
0,5,Halliche,0,0,STK(A) 0-1,Fulham,12613,Rafik,0,0,0,13,0,0,0,24 Nov 15:00,0,0,39,0,Defender,0,0
0,6,Halliche,0,0,CHE(A) 0-0,Fulham,12614,Rafik,0,0,0,14,0,0,0,28 Nov 19:45,0,0,39,0,Defender,0,0
0,-4,Halliche,0,0,TOT(H) 0-3,Fulham,12615,Rafik,0,0,0,15,0,0,0,01 Dec 15:00,0,0,39,0,Defender,0,0
0,-39,Halliche,0,0,NEW(H) 2-1,Fulham,12616,Rafik,0,0,0,16,0,0,0,10 Dec 20:00,0,0,39,0,Defender,0,0
0,-27,Halliche,0,0,QPR(A) 1-2,Fulham,12617,Rafik,0,0,0,17,0,0,0,15 Dec 15:00,0,0,39,0,Defender,0,0
0,-4,Halliche,0,0,LIV(A) 0-4,Fulham,12618,Rafik,0,0,0,18,0,0,0,22 Dec 17:30,0,0,39,0,Defender,0,0
0,-7,Halliche,0,0,SOU(H) 1-1,Fulham,12619,Rafik,0,0,0,19,0,0,0,26 Dec 15:00,0,0,39,0,Defender,0,0
0,-25,Halliche,0,0,SWA(H) 1-2,Fulham,12620,Rafik,0,0,0,20,0,0,0,29 Dec 15:00,0,0,39,0,Defender,0,0
0,-11,Halliche,0,0,WBA(A) 2-1,Fulham,12621,Rafik,0,0,0,21,0,0,0,01 Jan 12:45,0,0,39,0,Defender,0,0
0,-95,Halliche,0,0,WIG(H) 1-1,Fulham,12622,Rafik,0,0,0,22,0,0,0,12 Jan 15:00,0,0,39,0,Defender,0,0
0,-53,Halliche,0,0,MCI(A) 0-2,Fulham,12623,Rafik,0,0,0,23,0,0,0,19 Jan 15:00,0,0,39,0,Defender,0,0
0,-39,Halliche,0,0,WHU(H) 3-1,Fulham,12624,Rafik,0,0,0,24,0,0,0,30 Jan 20:00,0,0,39,0,Defender,0,0
0,-7,Halliche,0,0,MUN(H) 0-1,Fulham,12625,Rafik,0,0,0,25,0,0,0,02 Feb 17:30,0,0,39,0,Defender,0,0
0,-13,Halliche,0,0,NOR(A) 0-0,Fulham,12626,Rafik,0,0,0,26,0,0,0,09 Feb 15:00,0,0,39,0,Defender,0,0
0,-102,Halliche,0,0,STK(H) 1-0,Fulham,12627,Rafik,0,0,0,27,0,0,0,23 Feb 12:45,0,0,39,0,Defender,0,0
0,-42,Halliche,0,0,SUN(A) 2-2,Fulham,12628,Rafik,0,0,0,28,0,0,0,02 Mar 15:00,0,0,39,0,Defender,0,0
0,-34,Halliche,0,0,TOT(A) 1-0,Fulham,12630,Rafik,0,0,0,30,0,0,0,17 Mar 15:00,0,0,39,0,Defender,0,0
0,-32,Halliche,0,0,QPR(H) 3-2,Fulham,12631,Rafik,0,0,0,31,0,0,0,01 Apr 20:00,0,0,39,0,Defender,0,0
0,-24,Halliche,0,0,NEW(A) 0-1,Fulham,12632,Rafik,0,0,0,32,0,0,0,07 Apr 15:00,0,0,39,0,Defender,0,0
0,-18,Halliche,0,0,CHE(H) 0-3,Fulham,12633,Rafik,0,0,0,33,0,0,0,17 Apr 20:00,0,0,39,0,Defender,0,0
0,-17,Halliche,0,0,ARS(H) 0-1,Fulham,12634,Rafik,0,0,0,34,0,0,0,20 Apr 15:00,0,0,39,0,Defender,0,0
0,-6,Halliche,0,0,EVE(A) 0-1,Fulham,12635,Rafik,0,0,0,35,0,0,0,27 Apr 15:00,0,0,39,0,Defender,0,0
0,-7,Halliche,0,0,RDG(H) 2-4,Fulham,12636,Rafik,0,0,0,36,0,0,0,04 May 15:00,0,0,39,0,Defender,0,0
0,-10,Halliche,0,0,LIV(H) 1-3,Fulham,12637,Rafik,0,0,0,37,0,0,0,12 May 15:00,0,0,39,0,Defender,0,0
0,-4,Halliche,0,0,SWA(A) 3-0,Fulham,12638,Rafik,0,0,0,38,0,0,0,19 May 16:00,0,0,39,0,Defender,0,0
0,0,Sterling,0,0,WBA(A) 0-3,Liverpool,1661,Raheem,0,0,0,1,0,0,0,18 Aug 15:00,0,0,45,0,Midfielder,0,0
0,-2688,Sterling,2,0,MCI(H) 2-2,Liverpool,1662,Raheem,0,90,10,2,0,0,0,26 Aug 16:00,0,0,45,2,Midfielder,0,0
0,19278,Sterling,2,0,ARS(H) 0-2,Liverpool,1663,Raheem,0,90,4,3,0,0,0,02 Sep 13:30,0,0,45,2,Midfielder,0,0
0,32096,Sterling,1,0,SUN(A) 1-1,Liverpool,1664,Raheem,0,90,8,4,0,0,1,15 Sep 17:30,0,0,45,5,Midfielder,0,0
0,28800,Sterling,1,0,MUN(H) 1-2,Liverpool,1665,Raheem,0,65,-1,5,0,0,0,23 Sep 13:30,0,0,46,2,Midfielder,0,0
0,33220,Sterling,2,0,NOR(A) 5-2,Liverpool,1666,Raheem,0,90,21,6,0,0,1,29 Sep 15:00,0,0,47,5,Midfielder,0,0
0,42544,Sterling,0,0,STK(H) 0-0,Liverpool,1667,Raheem,0,90,9,7,0,1,0,07 Oct 15:00,0,0,48,3,Midfielder,0,0
0,29495,Sterling,0,0,RDG(H) 1-0,Liverpool,1668,Raheem,0,83,38,8,3,1,0,20 Oct 15:00,0,0,48,11,Midfielder,0,1
1,94243,Sterling,2,0,EVE(A) 2-2,Liverpool,1669,Raheem,0,90,0,9,0,0,0,28 Oct 13:30,0,0,51,1,Midfielder,0,0
0,47855,Sterling,1,0,NEW(H) 1-1,Liverpool,16610,Raheem,0,90,-1,10,0,0,0,04 Nov 16:00,0,0,52,2,Midfielder,0,0
0,14389,Sterling,1,0,CHE(A) 1-1,Liverpool,16611,Raheem,0,90,6,11,0,0,0,11 Nov 16:00,0,0,53,2,Midfielder,0,0
0,22666,Sterling,0,0,WIG(H) 3-0,Liverpool,16612,Raheem,0,90,37,12,2,1,2,17 Nov 15:00,0,0,53,11,Midfielder,0,0
0,99497,Sterling,0,0,SWA(A) 0-0,Liverpool,16613,Raheem,0,90,13,13,0,1,0,25 Nov 13:30,0,0,56,3,Midfielder,0,0
0,19083,Sterling,2,0,TOT(A) 1-2,Liverpool,16614,Raheem,0,90,8,14,0,0,0,28 Nov 19:45,0,0,56,2,Midfielder,0,0
0,21446,Sterling,0,0,SOU(H) 1-0,Liverpool,16615,Raheem,0,90,18,15,0,1,0,01 Dec 15:00,0,0,57,3,Midfielder,0,0
0,-8513,Sterling,2,0,WHU(A) 3-2,Liverpool,16616,Raheem,0,90,14,16,0,0,1,09 Dec 16:00,0,0,57,5,Midfielder,0,0
0,19222,Sterling,3,0,AVL(H) 1-3,Liverpool,16617,Raheem,0,90,16,17,0,0,0,15 Dec 15:00,0,0,57,2,Midfielder,0,0
0,-4547,Sterling,0,0,FUL(H) 4-0,Liverpool,16618,Raheem,0,20,0,18,0,0,0,22 Dec 17:30,0,0,57,1,Midfielder,0,0
0,-21199,Sterling,1,0,STK(A) 1-3,Liverpool,16619,Raheem,0,45,2,19,0,0,0,26 Dec 19:45,0,0,57,1,Midfielder,0,0
0,-32300,Sterling,0,0,QPR(A) 3-0,Liverpool,16620,Raheem,0,90,18,20,0,1,0,30 Dec 16:00,0,0,57,3,Midfielder,0,0
0,-20247,Sterling,0,0,SUN(H) 3-0,Liverpool,16621,Raheem,0,56,28,21,2,0,0,02 Jan 19:45,0,0,56,8,Midfielder,0,1
0,-36786,Sterling,2,0,MUN(A) 1-2,Liverpool,16622,Raheem,0,61,3,22,0,0,0,13 Jan 13:30,0,0,56,2,Midfielder,0,0
0,-30216,Sterling,0,0,NOR(H) 5-0,Liverpool,16623,Raheem,0,23,13,23,0,0,1,19 Jan 15:00,0,0,55,4,Midfielder,0,0
0,-26939,Sterling,0,0,ARS(A) 2-2,Liverpool,16624,Raheem,0,0,0,24,0,0,0,30 Jan 19:45,0,0,55,0,Midfielder,0,0
0,-37518,Sterling,0,0,MCI(A) 2-2,Liverpool,16625,Raheem,0,0,0,25,0,0,0,03 Feb 16:00,0,0,54,0,Midfielder,0,0
0,-27522,Sterling,0,0,SWA(H) 5-0,Liverpool,16626,Raheem,0,0,0,26,0,0,0,17 Feb 15:00,0,0,54,0,Midfielder,0,0
0,-21455,Sterling,0,0,WIG(A) 4-0,Liverpool,16628,Raheem,0,0,0,28,0,0,0,02 Mar 17:30,0,0,51,0,Midfielder,0,0
0,-18972,Sterling,0,0,TOT(H) 3-2,Liverpool,16629,Raheem,0,0,0,29,0,0,0,10 Mar 16:00,0,0,50,0,Midfielder,0,0
0,-15355,Sterling,0,0,SOU(A) 1-3,Liverpool,16630,Raheem,0,0,0,30,0,0,0,16 Mar 15:00,0,0,49,0,Midfielder,0,0
0,-11626,Sterling,0,0,AVL(A) 2-1,Liverpool,16631,Raheem,0,14,6,31,0,0,0,31 Mar 13:30,0,0,48,1,Midfielder,0,0
0,-8083,Sterling,0,0,WHU(H) 0-0,Liverpool,16632,Raheem,0,0,0,32,0,0,0,07 Apr 13:30,0,0,48,0,Midfielder,0,0
0,-12534,Sterling,0,0,RDG(A) 0-0,Liverpool,16633,Raheem,0,0,0,33,0,0,0,13 Apr 15:00,0,0,48,0,Midfielder,0,0
0,-7337,Sterling,0,0,CHE(H) 2-2,Liverpool,16634,Raheem,0,0,0,34,0,0,0,21 Apr 16:00,0,0,47,0,Midfielder,0,0
0,-7677,Sterling,0,0,NEW(A) 6-0,Liverpool,16635,Raheem,0,0,0,35,0,0,0,27 Apr 17:30,0,0,47,0,Midfielder,0,0
0,-4801,Sterling,0,0,EVE(H) 0-0,Liverpool,16636,Raheem,0,0,0,36,0,0,0,05 May 13:30,0,0,47,0,Midfielder,0,0
0,-1965,Sterling,0,0,FUL(A) 3-1,Liverpool,16637,Raheem,0,0,0,37,0,0,0,12 May 15:00,0,0,46,0,Midfielder,0,0
0,-1852,Sterling,0,0,QPR(H) 1-0,Liverpool,16638,Raheem,0,0,0,38,0,0,0,19 May 16:00,0,0,46,0,Midfielder,0,0
0,0,Rafael,0,0,EVE(A) 0-1,Man Utd,2001,Rafael,0,0,0,1,0,0,0,20 Aug 20:00,0,0,55,0,Defender,0,0
0,-6935,Rafael,2,0,FUL(H) 3-2,Man Utd,2002,Rafael,0,90,31,2,2,0,0,25 Aug 15:00,0,0,55,9,Defender,0,1
0,74165,Rafael,2,0,SOU(A) 3-2,Man Utd,2003,Rafael,0,90,12,3,0,0,0,02 Sep 16:00,0,0,55,1,Defender,0,0
0,32529,Rafael,0,0,WIG(H) 4-0,Man Utd,2004,Rafael,0,90,20,4,0,1,0,15 Sep 15:00,0,0,56,6,Defender,0,0
0,12327,Rafael,1,0,LIV(A) 2-1,Man Utd,2005,Rafael,0,88,33,5,3,0,0,23 Sep 13:30,0,0,56,11,Defender,0,1
0,78016,Rafael,3,0,TOT(H) 2-3,Man Utd,2006,Rafael,0,90,6,6,0,0,0,29 Sep 17:30,0,0,57,1,Defender,0,0
0,31072,Rafael,0,0,NEW(A) 3-0,Man Utd,2007,Rafael,0,90,8,7,0,1,0,07 Oct 16:00,0,0,58,6,Defender,0,0
0,86450,Rafael,2,0,STK(H) 4-2,Man Utd,2008,Rafael,0,90,21,8,0,0,0,20 Oct 15:00,0,0,59,1,Defender,0,0
0,4275,Rafael,2,0,CHE(A) 3-2,Man Utd,2009,Rafael,0,90,23,9,1,0,1,28 Oct 16:00,0,0,60,5,Defender,0,0
0,42821,Rafael,1,0,ARS(H) 2-1,Man Utd,20010,Rafael,0,90,21,10,0,0,1,03 Nov 12:45,0,0,61,5,Defender,0,0
0,82872,Rafael,2,0,AVL(A) 3-2,Man Utd,20011,Rafael,0,90,13,11,0,0,0,10 Nov 17:30,0,0,63,1,Defender,0,0
1,37768,Rafael,1,0,NOR(A) 0-1,Man Utd,20012,Rafael,0,90,2,12,0,0,0,17 Nov 17:30,0,0,64,1,Defender,0,0
0,21510,Rafael,1,0,QPR(H) 3-1,Man Utd,20013,Rafael,0,90,19,13,0,0,0,24 Nov 15:00,0,0,65,2,Defender,0,0
0,-6119,Rafael,0,0,WHU(H) 1-0,Man Utd,20014,Rafael,0,90,19,14,0,1,0,28 Nov 20:00,0,0,65,6,Defender,0,0
1,12213,Rafael,3,0,RDG(A) 4-3,Man Utd,20015,Rafael,0,30,4,15,0,0,0,01 Dec 17:30,0,0,65,-1,Defender,0,0
0,-50091,Rafael,2,0,MCI(A) 3-2,Man Utd,20016,Rafael,0,90,27,16,2,0,2,09 Dec 13:30,0,0,64,9,Defender,0,0
0,24289,Rafael,0,0,SUN(H) 3-1,Man Utd,20017,Rafael,0,0,0,17,0,0,0,15 Dec 15:00,0,0,64,0,Defender,0,0
0,-89610,Rafael,0,0,SWA(A) 1-1,Man Utd,20018,Rafael,0,0,0,18,0,0,0,23 Dec 13:30,0,0,64,0,Defender,0,0
0,-90169,Rafael,0,0,NEW(H) 4-3,Man Utd,20019,Rafael,0,0,0,19,0,0,0,26 Dec 15:00,0,0,62,0,Defender,0,0
0,-74562,Rafael,0,0,WBA(H) 2-0,Man Utd,20020,Rafael,0,0,0,20,0,0,0,29 Dec 15:00,0,0,60,0,Defender,0,0
0,-15612,Rafael,0,0,WIG(A) 4-0,Man Utd,20021,Rafael,0,90,26,21,0,1,0,01 Jan 15:00,0,0,60,6,Defender,0,0
0,-11640,Rafael,1,0,LIV(H) 2-1,Man Utd,20022,Rafael,0,90,14,22,0,0,0,13 Jan 13:30,0,0,60,2,Defender,0,0
1,-6254,Rafael,1,0,TOT(A) 1-1,Man Utd,20023,Rafael,0,90,7,23,0,0,0,20 Jan 16:00,0,0,60,1,Defender,0,0
1,15476,Rafael,0,0,SOU(H) 2-1,Man Utd,20024,Rafael,0,23,2,24,0,0,0,30 Jan 20:00,0,0,60,0,Defender,0,0
0,-13745,Rafael,0,0,FUL(A) 1-0,Man Utd,20025,Rafael,0,90,14,25,0,1,0,02 Feb 17:30,0,0,60,6,Defender,0,0
0,-7446,Rafael,0,0,EVE(H) 2-0,Man Utd,20026,Rafael,0,90,24,26,0,1,1,10 Feb 16:00,0,0,60,9,Defender,0,0
0,27287,Rafael,0,0,QPR(A) 2-0,Man Utd,20027,Rafael,0,90,45,27,3,1,0,23 Feb 15:00,0,0,60,15,Defender,0,1
0,52979,Rafael,0,0,NOR(H) 4-0,Man Utd,20028,Rafael,0,0,0,28,0,0,0,02 Mar 15:00,0,0,62,0,Defender,0,0
0,25911,Rafael,0,0,RDG(H) 1-0,Man Utd,20030,Rafael,0,0,0,30,0,0,0,16 Mar 17:30,0,0,63,0,Defender,0,0
0,-7125,Rafael,0,0,SUN(A) 1-0,Man Utd,20031,Rafael,0,31,10,31,0,0,0,30 Mar 12:45,0,0,63,1,Defender,0,0
1,-40218,Rafael,2,0,MCI(H) 1-2,Man Utd,20032,Rafael,0,90,-2,32,0,0,0,08 Apr 20:00,0,0,62,0,Defender,0,0
0,34244,Rafael,2,0,WHU(A) 2-2,Man Utd,20033,Rafael,0,90,8,33,0,0,0,17 Apr 19:45,0,0,63,1,Defender,0,0
0,-5862,Rafael,0,0,AVL(H) 3-0,Man Utd,20034,Rafael,0,90,15,34,0,1,0,22 Apr 20:00,0,0,63,6,Defender,0,0
1,-11677,Rafael,1,0,ARS(A) 1-1,Man Utd,20035,Rafael,0,72,1,35,0,0,0,28 Apr 16:00,0,0,63,1,Defender,0,0
0,-27076,Rafael,1,0,CHE(H) 0-1,Man Utd,20036,Rafael,0,88,5,36,0,0,0,05 May 16:00,0,0,62,-1,Defender,1,0
0,-71043,Rafael,0,0,SWA(H) 2-1,Man Utd,20037,Rafael,0,0,0,37,0,0,0,12 May 16:00,0,0,61,0,Defender,0,0
0,-28360,Rafael,0,0,WBA(A) 5-5,Man Utd,20038,Rafael,0,0,0,38,0,0,0,19 May 16:00,0,0,61,0,Defender,0,0
0,0,Ferdinand,0,0,EVE(A) 0-1,Man Utd,2021,Rio,0,0,0,1,0,0,0,20 Aug 20:00,0,0,60,0,Defender,0,0
0,-46689,Ferdinand,0,0,FUL(H) 3-2,Man Utd,2022,Rio,0,0,0,2,0,0,0,25 Aug 15:00,0,0,60,0,Defender,0,0
0,-32516,Ferdinand,2,0,SOU(A) 3-2,Man Utd,2023,Rio,0,90,25,3,1,0,1,02 Sep 16:00,0,0,59,5,Defender,0,0
0,-772,Ferdinand,0,0,WIG(H) 4-0,Man Utd,2024,Rio,0,90,15,4,0,1,0,15 Sep 15:00,0,0,59,6,Defender,0,0
0,756,Ferdinand,1,0,LIV(A) 2-1,Man Utd,2025,Rio,0,90,18,5,0,0,0,23 Sep 13:30,0,0,59,2,Defender,0,0
0,362,Ferdinand,3,0,TOT(H) 2-3,Man Utd,2026,Rio,0,90,10,6,0,0,0,29 Sep 17:30,0,0,59,1,Defender,0,0
1,-2568,Ferdinand,0,0,NEW(A) 3-0,Man Utd,2027,Rio,0,90,14,7,0,1,0,07 Oct 16:00,0,0,59,5,Defender,0,0
0,-451,Ferdinand,2,0,STK(H) 4-2,Man Utd,2028,Rio,0,90,15,8,0,0,0,20 Oct 15:00,0,0,59,1,Defender,0,0
0,-2604,Ferdinand,2,0,CHE(A) 3-2,Man Utd,2029,Rio,0,90,13,9,0,0,0,28 Oct 16:00,0,0,59,1,Defender,0,0
0,-1312,Ferdinand,1,0,ARS(H) 2-1,Man Utd,20210,Rio,0,90,17,10,0,0,0,03 Nov 12:45,0,0,59,2,Defender,0,0
0,1316,Ferdinand,2,0,AVL(A) 3-2,Man Utd,20211,Rio,0,90,16,11,0,0,0,10 Nov 17:30,0,0,59,1,Defender,0,0
0,1115,Ferdinand,1,0,NOR(A) 0-1,Man Utd,20212,Rio,0,82,7,12,0,0,0,17 Nov 17:30,0,0,59,2,Defender,0,0
0,3127,Ferdinand,1,0,QPR(H) 3-1,Man Utd,20213,Rio,0,90,20,13,0,0,0,24 Nov 15:00,0,0,59,2,Defender,0,0
0,-805,Ferdinand,0,0,WHU(H) 1-0,Man Utd,20214,Rio,0,0,0,14,0,0,0,28 Nov 20:00,0,0,59,0,Defender,0,0
0,-3485,Ferdinand,3,0,RDG(A) 4-3,Man Utd,20215,Rio,0,90,13,15,0,0,0,01 Dec 17:30,0,0,59,1,Defender,0,0
1,-3238,Ferdinand,2,0,MCI(A) 3-2,Man Utd,20216,Rio,0,90,16,16,0,0,0,09 Dec 13:30,0,0,59,0,Defender,0,0
0,123,Ferdinand,0,0,SUN(H) 3-1,Man Utd,20217,Rio,0,67,16,17,0,1,0,15 Dec 15:00,0,0,59,6,Defender,0,0
0,125,Ferdinand,0,0,SWA(A) 1-1,Man Utd,20218,Rio,0,0,0,18,0,0,0,23 Dec 13:30,0,0,59,0,Defender,0,0
0,-2169,Ferdinand,3,0,NEW(H) 4-3,Man Utd,20219,Rio,0,90,26,19,0,0,0,26 Dec 15:00,0,0,59,1,Defender,0,0
0,-1460,Ferdinand,0,0,WBA(H) 2-0,Man Utd,20220,Rio,0,0,0,20,0,0,0,29 Dec 15:00,0,0,59,0,Defender,0,0
0,-2385,Ferdinand,0,0,WIG(A) 4-0,Man Utd,20221,Rio,0,67,12,21,0,1,0,01 Jan 15:00,0,0,58,6,Defender,0,0
0,-3212,Ferdinand,1,0,LIV(H) 2-1,Man Utd,20222,Rio,0,90,14,22,0,0,0,13 Jan 13:30,0,0,58,2,Defender,0,0
0,-782,Ferdinand,1,0,TOT(A) 1-1,Man Utd,20223,Rio,0,90,18,23,0,0,0,20 Jan 16:00,0,0,58,2,Defender,0,0
0,2394,Ferdinand,0,0,SOU(H) 2-1,Man Utd,20224,Rio,0,28,4,24,0,0,0,30 Jan 20:00,0,0,58,1,Defender,0,0
0,-604,Ferdinand,0,0,FUL(A) 1-0,Man Utd,20225,Rio,0,90,21,25,0,1,0,02 Feb 17:30,0,0,58,6,Defender,0,0
0,-568,Ferdinand,0,0,EVE(H) 2-0,Man Utd,20226,Rio,0,0,0,26,0,0,0,10 Feb 16:00,0,0,58,0,Defender,0,0
0,-812,Ferdinand,0,0,QPR(A) 2-0,Man Utd,20227,Rio,0,90,20,27,0,1,0,23 Feb 15:00,0,0,58,6,Defender,0,0
0,322,Ferdinand,0,0,NOR(H) 4-0,Man Utd,20228,Rio,0,0,0,28,0,0,0,02 Mar 15:00,0,0,58,0,Defender,0,0
0,766,Ferdinand,0,0,RDG(H) 1-0,Man Utd,20230,Rio,0,90,24,30,2,1,1,16 Mar 17:30,0,0,58,11,Defender,0,0
0,2622,Ferdinand,0,0,SUN(A) 1-0,Man Utd,20231,Rio,0,0,0,31,0,0,0,30 Mar 12:45,0,0,58,0,Defender,0,0
0,1112,Ferdinand,2,0,MCI(H) 1-2,Man Utd,20232,Rio,0,90,11,32,0,0,0,08 Apr 20:00,0,0,58,1,Defender,0,0
0,11074,Ferdinand,2,0,WHU(A) 2-2,Man Utd,20233,Rio,0,90,7,33,0,0,0,17 Apr 19:45,0,0,58,1,Defender,0,0
0,1938,Ferdinand,0,0,AVL(H) 3-0,Man Utd,20234,Rio,0,0,0,34,0,0,0,22 Apr 20:00,0,0,58,0,Defender,0,0
0,-2894,Ferdinand,1,0,ARS(A) 1-1,Man Utd,20235,Rio,0,90,11,35,0,0,0,28 Apr 16:00,0,0,58,2,Defender,0,0
0,-3578,Ferdinand,0,0,CHE(H) 0-1,Man Utd,20236,Rio,0,0,0,36,0,0,0,05 May 16:00,0,0,58,0,Defender,0,0
0,-97,Ferdinand,1,0,SWA(H) 2-1,Man Utd,20237,Rio,0,90,32,37,3,0,0,12 May 16:00,0,0,58,11,Defender,0,1
0,754,Ferdinand,1,0,WBA(A) 5-5,Man Utd,20238,Rio,0,8,1,38,0,0,0,19 May 16:00,0,0,58,1,Defender,0,0
0,0,Giggs,0,0,EVE(A) 0-1,Man Utd,2091,Ryan,0,0,0,1,0,0,0,20 Aug 20:00,0,0,65,0,Midfielder,0,0
0,-2845,Giggs,0,0,FUL(H) 3-2,Man Utd,2092,Ryan,0,10,-1,2,0,0,0,25 Aug 15:00,0,0,65,1,Midfielder,0,0
0,-3252,Giggs,0,0,SOU(A) 3-2,Man Utd,2093,Ryan,0,0,0,3,0,0,0,02 Sep 16:00,0,0,64,0,Midfielder,0,0
0,-2382,Giggs,0,0,WIG(H) 4-0,Man Utd,2094,Ryan,0,70,13,4,0,1,0,15 Sep 15:00,0,0,63,3,Midfielder,0,0
0,-597,Giggs,1,0,LIV(A) 2-1,Man Utd,2095,Ryan,0,90,11,5,0,0,0,23 Sep 13:30,0,0,62,2,Midfielder,0,0
0,-437,Giggs,2,0,TOT(H) 2-3,Man Utd,2096,Ryan,0,45,2,6,0,0,0,29 Sep 17:30,0,0,62,1,Midfielder,0,0
0,-601,Giggs,0,0,NEW(A) 3-0,Man Utd,2097,Ryan,0,4,1,7,0,0,0,07 Oct 16:00,0,0,62,1,Midfielder,0,0
0,-580,Giggs,0,0,STK(H) 4-2,Man Utd,2098,Ryan,0,0,0,8,0,0,0,20 Oct 15:00,0,0,61,0,Midfielder,0,0
0,-424,Giggs,0,0,CHE(A) 3-2,Man Utd,2099,Ryan,0,17,4,9,0,0,0,28 Oct 16:00,0,0,61,1,Midfielder,0,0
0,-261,Giggs,0,0,ARS(H) 2-1,Man Utd,20910,Ryan,0,0,0,10,0,0,0,03 Nov 12:45,0,0,61,0,Midfielder,0,0
0,-267,Giggs,0,0,AVL(A) 3-2,Man Utd,20911,Ryan,0,0,0,11,0,0,0,10 Nov 17:30,0,0,61,0,Midfielder,0,0
0,-280,Giggs,1,0,NOR(A) 0-1,Man Utd,20912,Ryan,0,90,9,12,0,0,0,17 Nov 17:30,0,0,60,2,Midfielder,0,0
0,-53,Giggs,0,0,QPR(H) 3-1,Man Utd,20913,Ryan,0,0,0,13,0,0,0,24 Nov 15:00,0,0,60,0,Midfielder,0,0
0,-87,Giggs,0,0,WHU(H) 1-0,Man Utd,20914,Ryan,0,0,0,14,0,0,0,28 Nov 20:00,0,0,60,0,Midfielder,0,0
0,-252,Giggs,0,0,RDG(A) 4-3,Man Utd,20915,Ryan,0,0,0,15,0,0,0,01 Dec 17:30,0,0,60,0,Midfielder,0,0
0,-297,Giggs,0,0,MCI(A) 3-2,Man Utd,20916,Ryan,0,0,0,16,0,0,0,09 Dec 13:30,0,0,60,0,Midfielder,0,0
0,-163,Giggs,0,0,SUN(H) 3-1,Man Utd,20917,Ryan,0,18,4,17,0,0,0,15 Dec 15:00,0,0,60,1,Midfielder,0,0
0,-101,Giggs,0,0,SWA(A) 1-1,Man Utd,20918,Ryan,0,13,-2,18,0,0,0,23 Dec 13:30,0,0,60,1,Midfielder,0,0
0,-33,Giggs,3,0,NEW(H) 4-3,Man Utd,20919,Ryan,0,90,16,19,0,0,0,26 Dec 15:00,0,0,60,2,Midfielder,0,0
0,-6,Giggs,0,0,WBA(H) 2-0,Man Utd,20920,Ryan,0,0,0,20,0,0,0,29 Dec 15:00,0,0,60,0,Midfielder,0,0
0,-53,Giggs,0,0,WIG(A) 4-0,Man Utd,20921,Ryan,0,90,15,21,0,1,0,01 Jan 15:00,0,0,60,3,Midfielder,0,0
0,-155,Giggs,0,0,LIV(H) 2-1,Man Utd,20922,Ryan,0,0,0,22,0,0,0,13 Jan 13:30,0,0,60,0,Midfielder,0,0
0,-87,Giggs,0,0,TOT(A) 1-1,Man Utd,20923,Ryan,0,0,0,23,0,0,0,20 Jan 16:00,0,0,60,0,Midfielder,0,0
0,-53,Giggs,0,0,SOU(H) 2-1,Man Utd,20924,Ryan,0,0,0,24,0,0,0,30 Jan 20:00,0,0,60,0,Midfielder,0,0
0,-37,Giggs,0,0,FUL(A) 1-0,Man Utd,20925,Ryan,0,16,2,25,0,0,0,02 Feb 17:30,0,0,60,1,Midfielder,0,0
0,-80,Giggs,0,0,EVE(H) 2-0,Man Utd,20926,Ryan,0,90,28,26,2,1,0,10 Feb 16:00,0,0,60,10,Midfielder,0,1
0,386,Giggs,0,0,QPR(A) 2-0,Man Utd,20927,Ryan,0,90,35,27,2,1,0,23 Feb 15:00,0,0,60,10,Midfielder,0,1
0,2469,Giggs,0,0,NOR(H) 4-0,Man Utd,20928,Ryan,0,0,0,28,0,0,0,02 Mar 15:00,0,0,60,0,Midfielder,0,0
0,861,Giggs,0,0,RDG(H) 1-0,Man Utd,20930,Ryan,0,90,23,30,1,1,0,16 Mar 17:30,0,0,60,4,Midfielder,0,0
0,707,Giggs,0,0,SUN(A) 1-0,Man Utd,20931,Ryan,0,0,0,31,0,0,0,30 Mar 12:45,0,0,60,0,Midfielder,0,0
0,-521,Giggs,2,0,MCI(H) 1-2,Man Utd,20932,Ryan,0,90,-4,32,0,0,0,08 Apr 20:00,0,0,60,2,Midfielder,0,0
0,583,Giggs,0,0,WHU(A) 2-2,Man Utd,20933,Ryan,0,20,2,33,0,0,0,17 Apr 19:45,0,0,60,1,Midfielder,0,0
0,-727,Giggs,0,0,AVL(H) 3-0,Man Utd,20934,Ryan,0,90,29,34,2,1,2,22 Apr 20:00,0,0,60,11,Midfielder,0,0
0,-165,Giggs,0,0,ARS(A) 1-1,Man Utd,20935,Ryan,0,9,-4,35,0,0,0,28 Apr 16:00,0,0,60,1,Midfielder,0,0
0,-534,Giggs,1,0,CHE(H) 0-1,Man Utd,20936,Ryan,0,90,6,36,0,0,0,05 May 16:00,0,0,60,2,Midfielder,0,0
0,2023,Giggs,0,0,SWA(H) 2-1,Man Utd,20937,Ryan,0,15,3,37,0,0,0,12 May 16:00,0,0,60,1,Midfielder,0,0
0,-227,Giggs,3,0,WBA(A) 5-5,Man Utd,20938,Ryan,0,31,2,38,0,0,1,19 May 16:00,0,0,60,4,Midfielder,0,0
0,0,Elliot,0,0,TOT(H) 2-1,Newcastle,2271,Rob,0,0,0,1,0,0,0,18 Aug 17:30,0,0,40,0,Goalkeeper,0,0
0,1045,Elliot,0,0,CHE(A) 0-2,Newcastle,2272,Rob,0,0,0,2,0,0,0,25 Aug 17:30,0,0,40,0,Goalkeeper,0,0
0,1796,Elliot,0,0,AVL(H) 1-1,Newcastle,2273,Rob,0,0,0,3,0,0,0,02 Sep 16:00,0,0,40,0,Goalkeeper,0,0
0,1005,Elliot,0,0,EVE(A) 2-2,Newcastle,2274,Rob,0,0,0,4,0,0,0,17 Sep 20:00,0,0,40,0,Goalkeeper,0,0
0,-216,Elliot,0,0,NOR(H) 1-0,Newcastle,2275,Rob,0,0,0,5,0,0,0,23 Sep 15:00,0,0,40,0,Goalkeeper,0,0
0,-164,Elliot,0,0,RDG(A) 2-2,Newcastle,2276,Rob,0,0,0,6,0,0,0,29 Sep 15:00,0,0,40,0,Goalkeeper,0,0
0,-121,Elliot,0,0,MUN(H) 0-3,Newcastle,2277,Rob,0,0,0,7,0,0,0,07 Oct 16:00,0,0,40,0,Goalkeeper,0,0
0,-787,Elliot,0,0,SUN(A) 1-1,Newcastle,2278,Rob,0,0,0,8,0,0,0,21 Oct 13:30,0,0,40,0,Goalkeeper,0,0
0,-488,Elliot,0,0,WBA(H) 2-1,Newcastle,2279,Rob,0,0,0,9,0,0,0,28 Oct 15:00,0,0,40,0,Goalkeeper,0,0
0,-676,Elliot,0,0,LIV(A) 1-1,Newcastle,22710,Rob,0,0,0,10,0,0,0,04 Nov 16:00,0,0,40,0,Goalkeeper,0,0
0,-443,Elliot,0,0,WHU(H) 0-1,Newcastle,22711,Rob,0,0,0,11,0,0,0,11 Nov 15:00,0,0,40,0,Goalkeeper,0,0
0,-473,Elliot,0,0,SWA(H) 1-2,Newcastle,22712,Rob,0,0,0,12,0,0,0,17 Nov 15:00,0,0,40,0,Goalkeeper,0,0
0,-222,Elliot,0,0,SOU(A) 0-2,Newcastle,22713,Rob,0,0,0,13,0,0,0,25 Nov 15:00,0,0,40,0,Goalkeeper,0,0
0,-157,Elliot,0,0,STK(A) 1-2,Newcastle,22714,Rob,0,0,0,14,0,0,0,28 Nov 19:45,0,0,40,0,Goalkeeper,0,0
0,-183,Elliot,0,0,WIG(H) 3-0,Newcastle,22715,Rob,0,0,0,15,0,0,0,03 Dec 20:00,0,0,40,0,Goalkeeper,0,0
0,-175,Elliot,0,0,FUL(A) 1-2,Newcastle,22716,Rob,0,0,0,16,0,0,0,10 Dec 20:00,0,0,40,0,Goalkeeper,0,0
0,-223,Elliot,0,0,MCI(H) 1-3,Newcastle,22717,Rob,0,0,0,17,0,0,0,15 Dec 12:45,0,0,40,0,Goalkeeper,0,0
0,-110,Elliot,0,0,QPR(H) 1-0,Newcastle,22718,Rob,0,0,0,18,0,0,0,22 Dec 15:00,0,0,40,0,Goalkeeper,0,0
0,-161,Elliot,0,0,MUN(A) 3-4,Newcastle,22719,Rob,0,0,0,19,0,0,0,26 Dec 15:00,0,0,40,0,Goalkeeper,0,0
0,-43,Elliot,0,0,ARS(A) 3-7,Newcastle,22720,Rob,0,0,0,20,0,0,0,29 Dec 17:30,0,0,40,0,Goalkeeper,0,0
0,-82,Elliot,0,0,EVE(H) 1-2,Newcastle,22721,Rob,0,0,0,21,0,0,0,02 Jan 20:00,0,0,40,0,Goalkeeper,0,0
0,-926,Elliot,0,0,NOR(A) 0-0,Newcastle,22722,Rob,0,0,0,22,0,0,0,12 Jan 15:00,0,0,40,0,Goalkeeper,0,0
0,-344,Elliot,0,0,RDG(H) 1-2,Newcastle,22723,Rob,0,0,0,23,0,0,0,19 Jan 15:00,0,0,40,0,Goalkeeper,0,0
0,-284,Elliot,0,0,AVL(A) 2-1,Newcastle,22724,Rob,0,0,0,24,0,0,0,29 Jan 19:45,0,0,40,0,Goalkeeper,0,0
0,-218,Elliot,0,0,CHE(H) 3-2,Newcastle,22725,Rob,0,0,0,25,0,0,0,02 Feb 15:00,0,0,40,0,Goalkeeper,0,0
0,-40,Elliot,0,0,TOT(A) 1-2,Newcastle,22726,Rob,0,0,0,26,0,0,0,09 Feb 12:45,0,0,40,0,Goalkeeper,0,0
0,177,Elliot,2,2,SOU(H) 4-2,Newcastle,22727,Rob,0,90,22,27,0,0,1,24 Feb 13:30,0,0,40,4,Goalkeeper,0,0
0,2276,Elliot,1,4,SWA(A) 0-1,Newcastle,22728,Rob,0,90,4,28,0,0,0,02 Mar 15:00,0,0,40,3,Goalkeeper,0,0
0,8790,Elliot,1,3,STK(H) 2-1,Newcastle,22729,Rob,0,90,16,29,0,0,0,10 Mar 15:00,0,0,40,3,Goalkeeper,0,0
0,3261,Elliot,2,2,WIG(A) 1-2,Newcastle,22730,Rob,0,90,5,30,0,0,0,17 Mar 16:00,0,0,40,1,Goalkeeper,0,0
0,1176,Elliot,4,5,MCI(A) 0-4,Newcastle,22731,Rob,0,90,7,31,0,0,0,30 Mar 15:00,0,0,40,1,Goalkeeper,0,0
0,-119,Elliot,0,0,FUL(H) 1-0,Newcastle,22732,Rob,0,0,0,32,0,0,0,07 Apr 15:00,0,0,40,0,Goalkeeper,0,0
0,-1416,Elliot,2,1,SUN(H) 0-3,Newcastle,22733,Rob,0,34,3,33,0,0,0,14 Apr 12:00,0,0,40,0,Goalkeeper,0,0
0,439,Elliot,1,3,WBA(A) 1-1,Newcastle,22734,Rob,0,90,10,34,0,0,0,20 Apr 15:00,0,0,40,3,Goalkeeper,0,0
0,419,Elliot,6,3,LIV(H) 0-6,Newcastle,22735,Rob,0,90,5,35,0,0,0,27 Apr 17:30,0,0,40,0,Goalkeeper,0,0
0,-139,Elliot,0,2,WHU(A) 0-0,Newcastle,22736,Rob,0,90,12,36,0,1,0,04 May 15:00,0,0,40,6,Goalkeeper,0,0
0,753,Elliot,1,1,QPR(A) 2-1,Newcastle,22737,Rob,0,80,7,37,0,0,0,12 May 15:00,0,0,40,-1,Goalkeeper,1,0
0,-1144,Elliot,0,0,ARS(H) 0-1,Newcastle,22738,Rob,0,0,0,38,0,0,0,19 May 16:00,0,0,40,0,Goalkeeper,0,0
0,0,Taylor R,0,0,TOT(H) 2-1,Newcastle,2331,Ryan,0,0,0,1,0,0,0,18 Aug 17:30,0,0,55,0,Defender,0,0
0,-30941,Taylor R,0,0,CHE(A) 0-2,Newcastle,2332,Ryan,0,27,5,2,0,0,0,25 Aug 17:30,0,0,55,1,Defender,0,0
0,-50100,Taylor R,0,0,AVL(H) 1-1,Newcastle,2333,Ryan,0,0,0,3,0,0,0,02 Sep 16:00,0,0,54,0,Defender,0,0
0,-63451,Taylor R,0,0,EVE(A) 2-2,Newcastle,2334,Ryan,0,0,0,4,0,0,0,17 Sep 20:00,0,0,53,0,Defender,0,0
0,-20563,Taylor R,0,0,NOR(H) 1-0,Newcastle,2335,Ryan,0,0,0,5,0,0,0,23 Sep 15:00,0,0,52,0,Defender,0,0
0,-12462,Taylor R,0,0,RDG(A) 2-2,Newcastle,2336,Ryan,0,0,0,6,0,0,0,29 Sep 15:00,0,0,51,0,Defender,0,0
0,-7367,Taylor R,0,0,MUN(H) 0-3,Newcastle,2337,Ryan,0,0,0,7,0,0,0,07 Oct 16:00,0,0,51,0,Defender,0,0
0,-5578,Taylor R,0,0,SUN(A) 1-1,Newcastle,2338,Ryan,0,0,0,8,0,0,0,21 Oct 13:30,0,0,50,0,Defender,0,0
0,-2890,Taylor R,0,0,WBA(H) 2-1,Newcastle,2339,Ryan,0,0,0,9,0,0,0,28 Oct 15:00,0,0,50,0,Defender,0,0
0,-2504,Taylor R,0,0,LIV(A) 1-1,Newcastle,23310,Ryan,0,0,0,10,0,0,0,04 Nov 16:00,0,0,50,0,Defender,0,0
0,-1773,Taylor R,0,0,WHU(H) 0-1,Newcastle,23311,Ryan,0,0,0,11,0,0,0,11 Nov 15:00,0,0,50,0,Defender,0,0
0,-1698,Taylor R,0,0,SWA(H) 1-2,Newcastle,23312,Ryan,0,0,0,12,0,0,0,17 Nov 15:00,0,0,50,0,Defender,0,0
0,-1471,Taylor R,0,0,SOU(A) 0-2,Newcastle,23313,Ryan,0,0,0,13,0,0,0,25 Nov 15:00,0,0,49,0,Defender,0,0
0,-568,Taylor R,0,0,STK(A) 1-2,Newcastle,23314,Ryan,0,0,0,14,0,0,0,28 Nov 19:45,0,0,49,0,Defender,0,0
0,-709,Taylor R,0,0,WIG(H) 3-0,Newcastle,23315,Ryan,0,0,0,15,0,0,0,03 Dec 20:00,0,0,49,0,Defender,0,0
0,-862,Taylor R,0,0,FUL(A) 1-2,Newcastle,23316,Ryan,0,0,0,16,0,0,0,10 Dec 20:00,0,0,49,0,Defender,0,0
0,-769,Taylor R,0,0,MCI(H) 1-3,Newcastle,23317,Ryan,0,0,0,17,0,0,0,15 Dec 12:45,0,0,49,0,Defender,0,0
0,-571,Taylor R,0,0,QPR(H) 1-0,Newcastle,23318,Ryan,0,0,0,18,0,0,0,22 Dec 15:00,0,0,49,0,Defender,0,0
0,-349,Taylor R,0,0,MUN(A) 3-4,Newcastle,23319,Ryan,0,0,0,19,0,0,0,26 Dec 15:00,0,0,49,0,Defender,0,0
0,-388,Taylor R,0,0,ARS(A) 3-7,Newcastle,23320,Ryan,0,0,0,20,0,0,0,29 Dec 17:30,0,0,49,0,Defender,0,0
0,-298,Taylor R,0,0,EVE(H) 1-2,Newcastle,23321,Ryan,0,0,0,21,0,0,0,02 Jan 20:00,0,0,49,0,Defender,0,0
0,-952,Taylor R,0,0,NOR(A) 0-0,Newcastle,23322,Ryan,0,0,0,22,0,0,0,12 Jan 15:00,0,0,49,0,Defender,0,0
0,-410,Taylor R,0,0,RDG(H) 1-2,Newcastle,23323,Ryan,0,0,0,23,0,0,0,19 Jan 15:00,0,0,49,0,Defender,0,0
0,-407,Taylor R,0,0,AVL(A) 2-1,Newcastle,23324,Ryan,0,0,0,24,0,0,0,29 Jan 19:45,0,0,49,0,Defender,0,0
0,-185,Taylor R,0,0,CHE(H) 3-2,Newcastle,23325,Ryan,0,0,0,25,0,0,0,02 Feb 15:00,0,0,49,0,Defender,0,0
0,-219,Taylor R,0,0,TOT(A) 1-2,Newcastle,23326,Ryan,0,0,0,26,0,0,0,09 Feb 12:45,0,0,49,0,Defender,0,0
0,-227,Taylor R,0,0,SOU(H) 4-2,Newcastle,23327,Ryan,0,0,0,27,0,0,0,24 Feb 13:30,0,0,49,0,Defender,0,0
0,-123,Taylor R,0,0,SWA(A) 0-1,Newcastle,23328,Ryan,0,0,0,28,0,0,0,02 Mar 15:00,0,0,49,0,Defender,0,0
0,-105,Taylor R,0,0,STK(H) 2-1,Newcastle,23329,Ryan,0,0,0,29,0,0,0,10 Mar 15:00,0,0,49,0,Defender,0,0
0,-68,Taylor R,0,0,WIG(A) 1-2,Newcastle,23330,Ryan,0,0,0,30,0,0,0,17 Mar 16:00,0,0,49,0,Defender,0,0
0,-96,Taylor R,0,0,MCI(A) 0-4,Newcastle,23331,Ryan,0,0,0,31,0,0,0,30 Mar 15:00,0,0,49,0,Defender,0,0
0,-69,Taylor R,0,0,FUL(H) 1-0,Newcastle,23332,Ryan,0,0,0,32,0,0,0,07 Apr 15:00,0,0,49,0,Defender,0,0
0,-49,Taylor R,0,0,SUN(H) 0-3,Newcastle,23333,Ryan,0,0,0,33,0,0,0,14 Apr 12:00,0,0,49,0,Defender,0,0
0,-42,Taylor R,0,0,WBA(A) 1-1,Newcastle,23334,Ryan,0,0,0,34,0,0,0,20 Apr 15:00,0,0,49,0,Defender,0,0
0,-51,Taylor R,0,0,LIV(H) 0-6,Newcastle,23335,Ryan,0,0,0,35,0,0,0,27 Apr 17:30,0,0,49,0,Defender,0,0
0,-36,Taylor R,0,0,WHU(A) 0-0,Newcastle,23336,Ryan,0,0,0,36,0,0,0,04 May 15:00,0,0,48,0,Defender,0,0
0,-30,Taylor R,0,0,QPR(A) 2-1,Newcastle,23337,Ryan,0,0,0,37,0,0,0,12 May 15:00,0,0,48,0,Defender,0,0
0,-20,Taylor R,0,0,ARS(H) 0-1,Newcastle,23338,Ryan,0,0,0,38,0,0,0,19 May 16:00,0,0,48,0,Defender,0,0
0,0,Amalfiltano,0,0,TOT(H) 2-1,Newcastle,2461,Romain,0,0,0,1,0,0,0,18 Aug 17:30,0,0,50,0,Midfielder,0,0
0,-604,Amalfiltano,0,0,CHE(A) 0-2,Newcastle,2462,Romain,0,0,0,2,0,0,0,25 Aug 17:30,0,0,49,0,Midfielder,0,0
0,-517,Amalfiltano,0,0,AVL(H) 1-1,Newcastle,2463,Romain,0,0,0,3,0,0,0,02 Sep 16:00,0,0,48,0,Midfielder,0,0
0,-297,Amalfiltano,0,0,EVE(A) 2-2,Newcastle,2464,Romain,0,0,0,4,0,0,0,17 Sep 20:00,0,0,47,0,Midfielder,0,0
0,-143,Amalfiltano,0,0,NOR(H) 1-0,Newcastle,2465,Romain,0,0,0,5,0,0,0,23 Sep 15:00,0,0,46,0,Midfielder,0,0
0,-109,Amalfiltano,0,0,RDG(A) 2-2,Newcastle,2466,Romain,0,0,0,6,0,0,0,29 Sep 15:00,0,0,45,0,Midfielder,0,0
0,-72,Amalfiltano,0,0,MUN(H) 0-3,Newcastle,2467,Romain,0,0,0,7,0,0,0,07 Oct 16:00,0,0,45,0,Midfielder,0,0
0,-59,Amalfiltano,0,0,SUN(A) 1-1,Newcastle,2468,Romain,0,0,0,8,0,0,0,21 Oct 13:30,0,0,45,0,Midfielder,0,0
0,-40,Amalfiltano,0,0,WBA(H) 2-1,Newcastle,2469,Romain,0,0,0,9,0,0,0,28 Oct 15:00,0,0,44,0,Midfielder,0,0
0,-34,Amalfiltano,0,0,LIV(A) 1-1,Newcastle,24610,Romain,0,0,0,10,0,0,0,04 Nov 16:00,0,0,44,0,Midfielder,0,0
0,-20,Amalfiltano,0,0,WHU(H) 0-1,Newcastle,24611,Romain,0,0,0,11,0,0,0,11 Nov 15:00,0,0,44,0,Midfielder,0,0
0,-27,Amalfiltano,0,0,SWA(H) 1-2,Newcastle,24612,Romain,0,0,0,12,0,0,0,17 Nov 15:00,0,0,44,0,Midfielder,0,0
0,-16,Amalfiltano,0,0,SOU(A) 0-2,Newcastle,24613,Romain,0,0,0,13,0,0,0,25 Nov 15:00,0,0,43,0,Midfielder,0,0
0,-10,Amalfiltano,0,0,STK(A) 1-2,Newcastle,24614,Romain,0,0,0,14,0,0,0,28 Nov 19:45,0,0,43,0,Midfielder,0,0
0,-8,Amalfiltano,0,0,WIG(H) 3-0,Newcastle,24615,Romain,0,0,0,15,0,0,0,03 Dec 20:00,0,0,43,0,Midfielder,0,0
0,-22,Amalfiltano,0,0,FUL(A) 1-2,Newcastle,24616,Romain,0,0,0,16,0,0,0,10 Dec 20:00,0,0,43,0,Midfielder,0,0
0,-13,Amalfiltano,0,0,MCI(H) 1-3,Newcastle,24617,Romain,0,0,0,17,0,0,0,15 Dec 12:45,0,0,43,0,Midfielder,0,0
0,-14,Amalfiltano,0,0,QPR(H) 1-0,Newcastle,24618,Romain,0,0,0,18,0,0,0,22 Dec 15:00,0,0,43,0,Midfielder,0,0
0,-5,Amalfiltano,0,0,MUN(A) 3-4,Newcastle,24619,Romain,0,0,0,19,0,0,0,26 Dec 15:00,0,0,43,0,Midfielder,0,0
0,-12,Amalfiltano,0,0,ARS(A) 3-7,Newcastle,24620,Romain,0,0,0,20,0,0,0,29 Dec 17:30,0,0,43,0,Midfielder,0,0
0,-8,Amalfiltano,0,0,EVE(H) 1-2,Newcastle,24621,Romain,0,0,0,21,0,0,0,02 Jan 20:00,0,0,43,0,Midfielder,0,0
0,-5,Amalfiltano,0,0,NOR(A) 0-0,Newcastle,24622,Romain,0,0,0,22,0,0,0,12 Jan 15:00,0,0,43,0,Midfielder,0,0
0,-8,Amalfiltano,0,0,RDG(H) 1-2,Newcastle,24623,Romain,0,0,0,23,0,0,0,19 Jan 15:00,0,0,43,0,Midfielder,0,0
0,15,Amalfiltano,0,0,AVL(A) 2-1,Newcastle,24624,Romain,0,0,0,24,0,0,0,29 Jan 19:45,0,0,43,0,Midfielder,0,0
0,3,Amalfiltano,0,0,CHE(H) 3-2,Newcastle,24625,Romain,0,0,0,25,0,0,0,02 Feb 15:00,0,0,43,0,Midfielder,0,0
0,-9,Amalfiltano,0,0,TOT(A) 1-2,Newcastle,24626,Romain,0,0,0,26,0,0,0,09 Feb 12:45,0,0,43,0,Midfielder,0,0
0,5,Amalfiltano,0,0,SOU(H) 4-2,Newcastle,24627,Romain,0,0,0,27,0,0,0,24 Feb 13:30,0,0,43,0,Midfielder,0,0
0,-8,Amalfiltano,0,0,SWA(A) 0-1,Newcastle,24628,Romain,0,0,0,28,0,0,0,02 Mar 15:00,0,0,43,0,Midfielder,0,0
0,11,Amalfiltano,0,0,STK(H) 2-1,Newcastle,24629,Romain,0,0,0,29,0,0,0,10 Mar 15:00,0,0,43,0,Midfielder,0,0
0,-4,Amalfiltano,0,0,WIG(A) 1-2,Newcastle,24630,Romain,0,0,0,30,0,0,0,17 Mar 16:00,0,0,43,0,Midfielder,0,0
0,4,Amalfiltano,0,0,MCI(A) 0-4,Newcastle,24631,Romain,0,0,0,31,0,0,0,30 Mar 15:00,0,0,43,0,Midfielder,0,0
0,0,Amalfiltano,0,0,FUL(H) 1-0,Newcastle,24632,Romain,0,0,0,32,0,0,0,07 Apr 15:00,0,0,43,0,Midfielder,0,0
0,-5,Amalfiltano,0,0,SUN(H) 0-3,Newcastle,24633,Romain,0,0,0,33,0,0,0,14 Apr 12:00,0,0,43,0,Midfielder,0,0
0,7,Amalfiltano,0,0,WBA(A) 1-1,Newcastle,24634,Romain,0,0,0,34,0,0,0,20 Apr 15:00,0,0,42,0,Midfielder,0,0
0,14,Amalfiltano,0,0,LIV(H) 0-6,Newcastle,24635,Romain,0,0,0,35,0,0,0,27 Apr 17:30,0,0,42,0,Midfielder,0,0
0,15,Amalfiltano,0,0,WHU(A) 0-0,Newcastle,24636,Romain,0,0,0,36,0,0,0,04 May 15:00,0,0,42,0,Midfielder,0,0
0,9,Amalfiltano,0,0,QPR(A) 2-1,Newcastle,24637,Romain,0,0,0,37,0,0,0,12 May 15:00,0,0,42,0,Midfielder,0,0
0,15,Amalfiltano,0,0,ARS(H) 0-1,Newcastle,24638,Romain,0,0,0,38,0,0,0,19 May 16:00,0,0,42,0,Midfielder,0,0
0,0,Martin R,5,0,FUL(A) 0-5,Norwich,2551,Russell,0,90,8,1,0,0,0,18 Aug 15:00,0,0,45,0,Defender,0,0
0,-2150,Martin R,1,0,QPR(H) 1-1,Norwich,2552,Russell,0,90,1,2,0,0,0,25 Aug 15:00,0,0,45,2,Defender,0,0
0,-2830,Martin R,1,0,TOT(A) 1-1,Norwich,2553,Russell,0,90,17,3,0,0,0,01 Sep 15:00,0,0,45,2,Defender,0,0
0,-1146,Martin R,0,0,WHU(H) 0-0,Norwich,2554,Russell,0,90,9,4,0,1,0,15 Sep 12:45,0,0,45,6,Defender,0,0
0,-582,Martin R,1,0,NEW(A) 0-1,Norwich,2555,Russell,0,90,6,5,0,0,0,23 Sep 15:00,0,0,44,2,Defender,0,0
0,-530,Martin R,5,0,LIV(H) 2-5,Norwich,2556,Russell,0,90,21,6,0,0,1,29 Sep 15:00,0,0,44,3,Defender,0,0
0,-142,Martin R,4,0,CHE(A) 1-4,Norwich,2557,Russell,0,90,5,7,0,0,0,06 Oct 15:00,0,0,44,0,Defender,0,0
0,-792,Martin R,0,0,ARS(H) 1-0,Norwich,2558,Russell,0,90,16,8,0,1,0,20 Oct 17:30,0,0,44,6,Defender,0,0
0,498,Martin R,1,0,AVL(A) 1-1,Norwich,2559,Russell,0,45,6,9,0,0,0,27 Oct 12:45,0,0,44,1,Defender,0,0
0,-959,Martin R,0,0,STK(H) 1-0,Norwich,25510,Russell,0,0,0,10,0,0,0,03 Nov 15:00,0,0,44,0,Defender,0,0
0,-1403,Martin R,0,0,RDG(A) 0-0,Norwich,25511,Russell,0,0,0,11,0,0,0,10 Nov 15:00,0,0,44,0,Defender,0,0
0,-1712,Martin R,0,0,MUN(H) 1-0,Norwich,25512,Russell,0,0,0,12,0,0,0,17 Nov 17:30,0,0,43,0,Defender,0,0
0,-1317,Martin R,0,0,EVE(A) 1-1,Norwich,25513,Russell,0,0,0,13,0,0,0,24 Nov 15:00,0,0,42,0,Defender,0,0
0,-357,Martin R,0,0,SOU(A) 1-1,Norwich,25514,Russell,0,0,0,14,0,0,0,28 Nov 19:45,0,0,42,0,Defender,0,0
0,-253,Martin R,0,0,SUN(H) 2-1,Norwich,25515,Russell,0,0,0,15,0,0,0,02 Dec 16:00,0,0,42,0,Defender,0,0
1,-506,Martin R,3,0,SWA(A) 4-3,Norwich,25516,Russell,0,90,12,16,0,0,0,08 Dec 15:00,0,0,42,0,Defender,0,0
0,-173,Martin R,0,0,WIG(H) 2-1,Norwich,25517,Russell,0,0,0,17,0,0,0,15 Dec 15:00,0,0,42,0,Defender,0,0
0,-382,Martin R,1,0,WBA(A) 1-2,Norwich,25518,Russell,0,36,-7,18,0,0,0,22 Dec 15:00,0,0,42,1,Defender,0,0
0,-224,Martin R,1,0,CHE(H) 0-1,Norwich,25519,Russell,0,90,0,19,0,0,0,26 Dec 15:00,0,0,41,2,Defender,0,0
0,-104,Martin R,4,0,MCI(H) 3-4,Norwich,25520,Russell,0,90,38,20,1,0,0,29 Dec 15:00,0,0,41,13,Defender,0,2
0,4911,Martin R,2,0,WHU(A) 1-2,Norwich,25521,Russell,0,90,21,21,0,0,0,01 Jan 15:00,0,0,41,7,Defender,0,1
0,53694,Martin R,0,0,NEW(H) 0-0,Norwich,25522,Russell,0,90,6,22,0,1,0,12 Jan 15:00,0,0,41,6,Defender,0,0
0,20906,Martin R,5,0,LIV(A) 0-5,Norwich,25523,Russell,0,90,4,23,0,0,0,19 Jan 15:00,0,0,41,0,Defender,0,0
0,14896,Martin R,1,0,TOT(H) 1-1,Norwich,25524,Russell,0,90,8,24,0,0,0,30 Jan 19:45,0,0,41,2,Defender,0,0
0,4874,Martin R,0,0,QPR(A) 0-0,Norwich,25525,Russell,0,90,10,25,0,1,0,02 Feb 12:45,0,0,42,6,Defender,0,0
0,7136,Martin R,0,0,FUL(H) 0-0,Norwich,25526,Russell,0,90,12,26,0,1,0,09 Feb 15:00,0,0,42,6,Defender,0,0
0,16158,Martin R,1,0,EVE(H) 2-1,Norwich,25527,Russell,0,90,19,27,0,0,0,23 Feb 15:00,0,0,42,2,Defender,0,0
0,3758,Martin R,4,0,MUN(A) 0-4,Norwich,25528,Russell,0,90,6,28,0,0,0,02 Mar 15:00,0,0,43,0,Defender,0,0
0,10301,Martin R,0,0,SOU(H) 0-0,Norwich,25529,Russell,0,90,9,29,0,1,0,09 Mar 15:00,0,0,43,6,Defender,0,0
0,3731,Martin R,1,0,SUN(A) 1-1,Norwich,25530,Russell,0,90,7,30,0,0,0,17 Mar 13:30,0,0,43,2,Defender,0,0
0,-1160,Martin R,1,0,WIG(A) 0-1,Norwich,25531,Russell,0,90,3,31,0,0,0,30 Mar 15:00,0,0,43,2,Defender,0,0
0,-58,Martin R,2,0,SWA(H) 2-2,Norwich,25532,Russell,0,90,6,32,0,0,0,06 Apr 15:00,0,0,43,1,Defender,0,0
0,-7394,Martin R,3,0,ARS(A) 1-3,Norwich,25533,Russell,0,90,11,33,0,0,0,13 Apr 15:00,0,0,43,1,Defender,0,0
0,-1126,Martin R,1,0,RDG(H) 2-1,Norwich,25534,Russell,0,90,25,34,2,0,1,20 Apr 15:00,0,0,43,7,Defender,0,0
0,635,Martin R,1,0,STK(A) 0-1,Norwich,25535,Russell,0,90,4,35,0,0,0,27 Apr 15:00,0,0,43,2,Defender,0,0
0,-2541,Martin R,2,0,AVL(H) 1-2,Norwich,25536,Russell,0,90,4,36,0,0,0,04 May 15:00,0,0,43,1,Defender,0,0
0,61,Martin R,0,0,WBA(H) 4-0,Norwich,25537,Russell,0,90,17,37,0,1,0,12 May 15:00,0,0,42,6,Defender,0,0
0,-1657,Martin R,2,0,MCI(A) 3-2,Norwich,25538,Russell,0,90,13,38,0,0,0,19 May 16:00,0,0,42,1,Defender,0,0
0,0,Ryan Bennett,5,0,FUL(A) 0-5,Norwich,2601,Ryan,0,90,3,1,0,0,0,18 Aug 15:00,0,0,40,0,Defender,0,0
0,-152,Ryan Bennett,0,0,QPR(H) 1-1,Norwich,2602,Ryan,0,0,0,2,0,0,0,25 Aug 15:00,0,0,40,0,Defender,0,0
0,-1285,Ryan Bennett,0,0,TOT(A) 1-1,Norwich,2603,Ryan,0,0,0,3,0,0,0,01 Sep 15:00,0,0,40,0,Defender,0,0
0,-983,Ryan Bennett,0,0,WHU(H) 0-0,Norwich,2604,Ryan,0,0,0,4,0,0,0,15 Sep 12:45,0,0,40,0,Defender,0,0
0,-611,Ryan Bennett,0,0,NEW(A) 0-1,Norwich,2605,Ryan,0,0,0,5,0,0,0,23 Sep 15:00,0,0,40,0,Defender,0,0
0,-304,Ryan Bennett,0,0,LIV(H) 2-5,Norwich,2606,Ryan,0,0,0,6,0,0,0,29 Sep 15:00,0,0,39,0,Defender,0,0
0,-83,Ryan Bennett,0,0,CHE(A) 1-4,Norwich,2607,Ryan,0,13,0,7,0,0,0,06 Oct 15:00,0,0,39,1,Defender,0,0
0,168,Ryan Bennett,0,0,ARS(H) 1-0,Norwich,2608,Ryan,0,1,0,8,0,0,0,20 Oct 17:30,0,0,39,1,Defender,0,0
0,9,Ryan Bennett,0,0,AVL(A) 1-1,Norwich,2609,Ryan,0,45,0,9,0,0,0,27 Oct 12:45,0,0,39,1,Defender,0,0
0,73,Ryan Bennett,0,0,STK(H) 1-0,Norwich,26010,Ryan,0,37,6,10,0,0,0,03 Nov 15:00,0,0,39,1,Defender,0,0
0,123,Ryan Bennett,0,0,RDG(A) 0-0,Norwich,26011,Ryan,0,0,0,11,0,0,0,10 Nov 15:00,0,0,39,0,Defender,0,0
0,44,Ryan Bennett,0,0,MUN(H) 1-0,Norwich,26012,Ryan,0,0,0,12,0,0,0,17 Nov 17:30,0,0,39,0,Defender,0,0
0,-49,Ryan Bennett,1,0,EVE(A) 1-1,Norwich,26013,Ryan,0,90,5,13,0,0,0,24 Nov 15:00,0,0,39,2,Defender,0,0
1,31,Ryan Bennett,1,0,SOU(A) 1-1,Norwich,26014,Ryan,0,90,5,14,0,0,0,28 Nov 19:45,0,0,39,1,Defender,0,0
0,276,Ryan Bennett,1,0,SUN(H) 2-1,Norwich,26015,Ryan,0,90,13,15,0,0,0,02 Dec 16:00,0,0,39,2,Defender,0,0
0,112,Ryan Bennett,0,0,SWA(A) 4-3,Norwich,26016,Ryan,0,0,0,16,0,0,0,08 Dec 15:00,0,0,39,0,Defender,0,0
0,-475,Ryan Bennett,0,0,WIG(H) 2-1,Norwich,26017,Ryan,0,0,0,17,0,0,0,15 Dec 15:00,0,0,39,0,Defender,0,0
0,-432,Ryan Bennett,0,0,WBA(A) 1-2,Norwich,26018,Ryan,0,0,0,18,0,0,0,22 Dec 15:00,0,0,39,0,Defender,0,0
0,-226,Ryan Bennett,0,0,CHE(H) 0-1,Norwich,26019,Ryan,0,0,0,19,0,0,0,26 Dec 15:00,0,0,39,0,Defender,0,0
0,-105,Ryan Bennett,0,0,MCI(H) 3-4,Norwich,26020,Ryan,0,0,0,20,0,0,0,29 Dec 15:00,0,0,39,0,Defender,0,0
0,-53,Ryan Bennett,2,0,WHU(A) 1-2,Norwich,26021,Ryan,0,90,3,21,0,0,0,01 Jan 15:00,0,0,39,1,Defender,0,0
0,1,Ryan Bennett,0,0,NEW(H) 0-0,Norwich,26022,Ryan,0,0,0,22,0,0,0,12 Jan 15:00,0,0,39,0,Defender,0,0
0,-217,Ryan Bennett,5,0,LIV(A) 0-5,Norwich,26023,Ryan,1,90,13,23,0,0,0,19 Jan 15:00,0,0,39,-2,Defender,0,0
0,-102,Ryan Bennett,0,0,TOT(H) 1-1,Norwich,26024,Ryan,0,0,0,24,0,0,0,30 Jan 19:45,0,0,39,0,Defender,0,0
0,-115,Ryan Bennett,0,0,QPR(A) 0-0,Norwich,26025,Ryan,0,0,0,25,0,0,0,02 Feb 12:45,0,0,39,0,Defender,0,0
0,-125,Ryan Bennett,0,0,FUL(H) 0-0,Norwich,26026,Ryan,0,0,0,26,0,0,0,09 Feb 15:00,0,0,39,0,Defender,0,0
0,-211,Ryan Bennett,0,0,EVE(H) 2-1,Norwich,26027,Ryan,0,0,0,27,0,0,0,23 Feb 15:00,0,0,39,0,Defender,0,0
0,-83,Ryan Bennett,0,0,MUN(A) 0-4,Norwich,26028,Ryan,0,0,0,28,0,0,0,02 Mar 15:00,0,0,39,0,Defender,0,0
0,-66,Ryan Bennett,0,0,SOU(H) 0-0,Norwich,26029,Ryan,0,0,0,29,0,0,0,09 Mar 15:00,0,0,39,0,Defender,0,0
0,-46,Ryan Bennett,0,0,SUN(A) 1-1,Norwich,26030,Ryan,0,0,0,30,0,0,0,17 Mar 13:30,0,0,39,0,Defender,0,0
0,-46,Ryan Bennett,0,0,WIG(A) 0-1,Norwich,26031,Ryan,0,0,0,31,0,0,0,30 Mar 15:00,0,0,39,0,Defender,0,0
0,-30,Ryan Bennett,0,0,SWA(H) 2-2,Norwich,26032,Ryan,0,0,0,32,0,0,0,06 Apr 15:00,0,0,39,0,Defender,0,0
0,-57,Ryan Bennett,0,0,ARS(A) 1-3,Norwich,26033,Ryan,0,0,0,33,0,0,0,13 Apr 15:00,0,0,39,0,Defender,0,0
0,-24,Ryan Bennett,1,0,RDG(H) 2-1,Norwich,26034,Ryan,0,73,32,34,3,0,0,20 Apr 15:00,0,0,39,11,Defender,0,1
0,915,Ryan Bennett,1,0,STK(A) 0-1,Norwich,26035,Ryan,0,90,4,35,0,0,0,27 Apr 15:00,0,0,39,2,Defender,0,0
1,202,Ryan Bennett,2,0,AVL(H) 1-2,Norwich,26036,Ryan,0,90,6,36,0,0,0,04 May 15:00,0,0,39,0,Defender,0,0
0,263,Ryan Bennett,0,0,WBA(H) 4-0,Norwich,26037,Ryan,0,90,15,37,0,1,0,12 May 15:00,0,0,39,6,Defender,0,0
0,1468,Ryan Bennett,2,0,MCI(A) 3-2,Norwich,26038,Ryan,0,90,13,38,0,0,0,19 May 16:00,0,0,39,1,Defender,0,0
0,0,Cerny,0,0,SWA(H) 0-5,QPR,2781,Radek,0,0,0,1,0,0,0,18 Aug 15:00,0,0,40,0,Goalkeeper,0,0
0,-6460,Cerny,0,0,NOR(A) 1-1,QPR,2782,Radek,0,0,0,2,0,0,0,25 Aug 15:00,0,0,40,0,Goalkeeper,0,0
0,-15115,Cerny,0,0,MCI(A) 1-3,QPR,2783,Radek,0,0,0,3,0,0,0,01 Sep 17:30,0,0,40,0,Goalkeeper,0,0
0,-12997,Cerny,0,0,CHE(H) 0-0,QPR,2784,Radek,0,0,0,4,0,0,0,15 Sep 15:00,0,0,40,0,Goalkeeper,0,0
0,-10241,Cerny,0,0,TOT(A) 1-2,QPR,2785,Radek,0,0,0,5,0,0,0,23 Sep 16:00,0,0,40,0,Goalkeeper,0,0
0,-7163,Cerny,0,0,WHU(H) 1-2,QPR,2786,Radek,0,0,0,6,0,0,0,01 Oct 20:00,0,0,40,0,Goalkeeper,0,0
0,-4529,Cerny,0,0,WBA(A) 2-3,QPR,2787,Radek,0,0,0,7,0,0,0,06 Oct 15:00,0,0,40,0,Goalkeeper,0,0
0,-4598,Cerny,0,0,EVE(H) 1-1,QPR,2788,Radek,0,0,0,8,0,0,0,21 Oct 16:00,0,0,40,0,Goalkeeper,0,0
0,-2944,Cerny,0,0,ARS(A) 0-1,QPR,2789,Radek,0,0,0,9,0,0,0,27 Oct 15:00,0,0,39,0,Goalkeeper,0,0
0,5784,Cerny,0,0,RDG(H) 1-1,QPR,27810,Radek,0,0,0,10,0,0,0,04 Nov 13:30,0,0,39,0,Goalkeeper,0,0
0,5553,Cerny,0,0,STK(A) 0-1,QPR,27811,Radek,0,0,0,11,0,0,0,10 Nov 15:00,0,0,39,0,Goalkeeper,0,0
0,5010,Cerny,0,0,SOU(H) 1-3,QPR,27812,Radek,0,0,0,12,0,0,0,17 Nov 15:00,0,0,39,0,Goalkeeper,0,0
0,5087,Cerny,0,0,MUN(A) 1-3,QPR,27813,Radek,0,0,0,13,0,0,0,24 Nov 15:00,0,0,39,0,Goalkeeper,0,0
0,482,Cerny,0,0,SUN(A) 0-0,QPR,27814,Radek,0,0,0,14,0,0,0,27 Nov 19:45,0,0,39,0,Goalkeeper,0,0
0,1092,Cerny,0,0,AVL(H) 1-1,QPR,27815,Radek,0,0,0,15,0,0,0,01 Dec 15:00,0,0,39,0,Goalkeeper,0,0
0,-759,Cerny,0,0,WIG(A) 2-2,QPR,27816,Radek,0,0,0,16,0,0,0,08 Dec 15:00,0,0,39,0,Goalkeeper,0,0
0,-691,Cerny,0,0,FUL(H) 2-1,QPR,27817,Radek,0,0,0,17,0,0,0,15 Dec 15:00,0,0,39,0,Goalkeeper,0,0
0,790,Cerny,0,0,NEW(A) 0-1,QPR,27818,Radek,0,0,0,18,0,0,0,22 Dec 15:00,0,0,39,0,Goalkeeper,0,0
0,-1032,Cerny,0,0,WBA(H) 1-2,QPR,27819,Radek,0,0,0,19,0,0,0,26 Dec 15:00,0,0,39,0,Goalkeeper,0,0
0,1202,Cerny,0,0,LIV(H) 0-3,QPR,27820,Radek,0,0,0,20,0,0,0,30 Dec 16:00,0,0,39,0,Goalkeeper,0,0
0,138,Cerny,0,0,CHE(A) 1-0,QPR,27821,Radek,0,0,0,21,0,0,0,02 Jan 19:45,0,0,39,0,Goalkeeper,0,0
0,-1878,Cerny,0,0,TOT(H) 0-0,QPR,27822,Radek,0,0,0,22,0,0,0,12 Jan 12:45,0,0,39,0,Goalkeeper,0,0
0,400,Cerny,0,0,WHU(A) 1-1,QPR,27823,Radek,0,0,0,23,0,0,0,19 Jan 15:00,0,0,39,0,Goalkeeper,0,0
0,590,Cerny,0,0,MCI(H) 0-0,QPR,27824,Radek,0,0,0,24,0,0,0,29 Jan 19:45,0,0,39,0,Goalkeeper,0,0
0,1570,Cerny,0,0,NOR(H) 0-0,QPR,27825,Radek,0,0,0,25,0,0,0,02 Feb 12:45,0,0,39,0,Goalkeeper,0,0
0,-2417,Cerny,0,0,SWA(A) 1-4,QPR,27826,Radek,0,0,0,26,0,0,0,09 Feb 15:00,0,0,39,0,Goalkeeper,0,0
0,-5234,Cerny,0,0,MUN(H) 0-2,QPR,27827,Radek,0,0,0,27,0,0,0,23 Feb 15:00,0,0,39,0,Goalkeeper,0,0
0,-2813,Cerny,0,0,SOU(A) 2-1,QPR,27828,Radek,0,0,0,28,0,0,0,02 Mar 15:00,0,0,39,0,Goalkeeper,0,0
0,-4936,Cerny,0,0,SUN(H) 3-1,QPR,27829,Radek,0,0,0,29,0,0,0,09 Mar 15:00,0,0,39,0,Goalkeeper,0,0
0,-2353,Cerny,0,0,AVL(A) 2-3,QPR,27830,Radek,0,0,0,30,0,0,0,16 Mar 15:00,0,0,39,0,Goalkeeper,0,0
0,-2485,Cerny,0,0,FUL(A) 2-3,QPR,27831,Radek,0,0,0,31,0,0,0,01 Apr 20:00,0,0,39,0,Goalkeeper,0,0
0,-1284,Cerny,0,0,WIG(H) 1-1,QPR,27832,Radek,0,0,0,32,0,0,0,07 Apr 16:10,0,0,39,0,Goalkeeper,0,0
0,-1684,Cerny,0,0,EVE(A) 0-2,QPR,27833,Radek,0,0,0,33,0,0,0,13 Apr 15:00,0,0,39,0,Goalkeeper,0,0
0,-994,Cerny,0,0,STK(H) 0-2,QPR,27834,Radek,0,0,0,34,0,0,0,20 Apr 15:00,0,0,39,0,Goalkeeper,0,0
0,-875,Cerny,0,0,RDG(A) 0-0,QPR,27835,Radek,0,0,0,35,0,0,0,28 Apr 13:30,0,0,39,0,Goalkeeper,0,0
0,-813,Cerny,0,0,ARS(H) 0-1,QPR,27836,Radek,0,0,0,36,0,0,0,04 May 17:30,0,0,39,0,Goalkeeper,0,0
0,-600,Cerny,0,0,NEW(H) 1-2,QPR,27837,Radek,0,0,0,37,0,0,0,12 May 15:00,0,0,39,0,Goalkeeper,0,0
0,-455,Cerny,0,0,LIV(A) 0-1,QPR,27838,Radek,0,0,0,38,0,0,0,19 May 16:00,0,0,39,0,Goalkeeper,0,0
0,0,Green,5,2,SWA(H) 0-5,QPR,2791,Rob,0,90,3,1,0,0,0,18 Aug 15:00,0,0,45,0,Goalkeeper,0,0
0,-6199,Green,1,2,NOR(A) 1-1,QPR,2792,Rob,0,90,6,2,0,0,0,25 Aug 15:00,0,0,45,2,Goalkeeper,0,0
0,-12215,Green,3,3,MCI(A) 1-3,QPR,2793,Rob,0,90,5,3,0,0,0,01 Sep 17:30,0,0,45,2,Goalkeeper,0,0
0,-11034,Green,0,0,CHE(H) 0-0,QPR,2794,Rob,0,0,0,4,0,0,0,15 Sep 15:00,0,0,44,0,Goalkeeper,0,0
0,-9344,Green,0,0,TOT(A) 1-2,QPR,2795,Rob,0,0,0,5,0,0,0,23 Sep 16:00,0,0,44,0,Goalkeeper,0,0
0,-5164,Green,0,0,WHU(H) 1-2,QPR,2796,Rob,0,0,0,6,0,0,0,01 Oct 20:00,0,0,43,0,Goalkeeper,0,0
0,-3169,Green,0,0,WBA(A) 2-3,QPR,2797,Rob,0,0,0,7,0,0,0,06 Oct 15:00,0,0,43,0,Goalkeeper,0,0
0,-2747,Green,0,0,EVE(H) 1-1,QPR,2798,Rob,0,0,0,8,0,0,0,21 Oct 16:00,0,0,42,0,Goalkeeper,0,0
0,-1930,Green,0,0,ARS(A) 0-1,QPR,2799,Rob,0,0,0,9,0,0,0,27 Oct 15:00,0,0,42,0,Goalkeeper,0,0
0,-2240,Green,0,0,RDG(H) 1-1,QPR,27910,Rob,0,0,0,10,0,0,0,04 Nov 13:30,0,0,42,0,Goalkeeper,0,0
0,-1705,Green,0,0,STK(A) 0-1,QPR,27911,Rob,0,0,0,11,0,0,0,10 Nov 15:00,0,0,42,0,Goalkeeper,0,0
0,-1103,Green,0,0,SOU(H) 1-3,QPR,27912,Rob,0,0,0,12,0,0,0,17 Nov 15:00,0,0,41,0,Goalkeeper,0,0
0,-984,Green,0,0,MUN(A) 1-3,QPR,27913,Rob,0,0,0,13,0,0,0,24 Nov 15:00,0,0,41,0,Goalkeeper,0,0
0,-851,Green,0,2,SUN(A) 0-0,QPR,27914,Rob,0,45,6,14,0,0,0,27 Nov 19:45,0,0,41,1,Goalkeeper,0,0
0,2808,Green,1,1,AVL(H) 1-1,QPR,27915,Rob,0,90,7,15,0,0,0,01 Dec 15:00,0,0,41,2,Goalkeeper,0,0
0,394,Green,2,5,WIG(A) 2-2,QPR,27916,Rob,0,90,12,16,0,0,0,08 Dec 15:00,0,0,41,2,Goalkeeper,0,0
0,1181,Green,1,1,FUL(H) 2-1,QPR,27917,Rob,0,90,13,17,0,0,0,15 Dec 15:00,0,0,41,2,Goalkeeper,0,0
0,1190,Green,1,4,NEW(A) 0-1,QPR,27918,Rob,0,90,8,18,0,0,0,22 Dec 15:00,0,0,41,3,Goalkeeper,0,0
0,3791,Green,2,3,WBA(H) 1-2,QPR,27919,Rob,1,90,6,19,0,0,0,26 Dec 15:00,0,0,41,0,Goalkeeper,0,0
0,746,Green,0,0,LIV(H) 0-3,QPR,27920,Rob,0,0,0,20,0,0,0,30 Dec 16:00,0,0,41,0,Goalkeeper,0,0
0,-767,Green,0,0,CHE(A) 1-0,QPR,27921,Rob,0,0,0,21,0,0,0,02 Jan 19:45,0,0,41,0,Goalkeeper,0,0
0,-3679,Green,0,0,TOT(H) 0-0,QPR,27922,Rob,0,0,0,22,0,0,0,12 Jan 12:45,0,0,41,0,Goalkeeper,0,0
0,-1620,Green,0,0,WHU(A) 1-1,QPR,27923,Rob,0,0,1,23,0,0,0,19 Jan 15:00,0,0,41,0,Goalkeeper,0,0
0,-1649,Green,0,0,MCI(H) 0-0,QPR,27924,Rob,0,0,0,24,0,0,0,29 Jan 19:45,0,0,41,0,Goalkeeper,0,0
0,-1253,Green,0,0,NOR(H) 0-0,QPR,27925,Rob,0,0,0,25,0,0,0,02 Feb 12:45,0,0,41,0,Goalkeeper,0,0
0,-649,Green,0,0,SWA(A) 1-4,QPR,27926,Rob,0,0,0,26,0,0,0,09 Feb 15:00,0,0,41,0,Goalkeeper,0,0
0,-344,Green,0,0,MUN(H) 0-2,QPR,27927,Rob,0,0,0,27,0,0,0,23 Feb 15:00,0,0,41,0,Goalkeeper,0,0
0,-271,Green,0,3,SOU(A) 2-1,QPR,27928,Rob,0,17,5,28,0,0,0,02 Mar 15:00,0,0,41,2,Goalkeeper,0,0
0,1377,Green,1,1,SUN(H) 3-1,QPR,27929,Rob,0,90,14,29,0,0,0,09 Mar 15:00,0,0,41,2,Goalkeeper,0,0
0,1469,Green,0,0,AVL(A) 2-3,QPR,27930,Rob,0,0,0,30,0,0,0,16 Mar 15:00,0,0,41,0,Goalkeeper,0,0
0,-600,Green,0,0,FUL(A) 2-3,QPR,27931,Rob,0,0,0,31,0,0,0,01 Apr 20:00,0,0,41,0,Goalkeeper,0,0
0,-386,Green,0,0,WIG(H) 1-1,QPR,27932,Rob,0,0,0,32,0,0,0,07 Apr 16:10,0,0,41,0,Goalkeeper,0,0
0,-281,Green,0,0,EVE(A) 0-2,QPR,27933,Rob,0,0,0,33,0,0,0,13 Apr 15:00,0,0,41,0,Goalkeeper,0,0
0,-198,Green,2,2,STK(H) 0-2,QPR,27934,Rob,0,90,4,34,0,0,0,20 Apr 15:00,0,0,41,1,Goalkeeper,0,0
0,-96,Green,0,4,RDG(A) 0-0,QPR,27935,Rob,0,90,14,35,2,1,0,28 Apr 13:30,0,0,41,9,Goalkeeper,0,0
0,142,Green,1,6,ARS(H) 0-1,QPR,27936,Rob,0,90,7,36,0,0,0,04 May 17:30,0,0,41,4,Goalkeeper,0,0
0,443,Green,2,1,NEW(H) 1-2,QPR,27937,Rob,0,90,2,37,0,0,0,12 May 15:00,0,0,41,1,Goalkeeper,0,0
0,144,Green,1,8,LIV(A) 0-1,QPR,27938,Rob,0,90,8,38,0,0,0,19 May 16:00,0,0,41,4,Goalkeeper,0,0
0,0,Nelsen,0,0,SWA(H) 0-5,QPR,2871,Ryan,0,0,0,1,0,0,0,18 Aug 15:00,0,0,40,0,Defender,0,0
0,-4003,Nelsen,0,0,NOR(A) 1-1,QPR,2872,Ryan,0,0,0,2,0,0,0,25 Aug 15:00,0,0,40,0,Defender,0,0
0,-7645,Nelsen,3,0,MCI(A) 1-3,QPR,2873,Ryan,0,90,2,3,0,0,0,01 Sep 17:30,0,0,40,1,Defender,0,0
0,939,Nelsen,0,0,CHE(H) 0-0,QPR,2874,Ryan,0,90,17,4,3,1,0,15 Sep 15:00,0,0,39,9,Defender,0,0
0,15408,Nelsen,2,0,TOT(A) 1-2,QPR,2875,Ryan,0,90,2,5,0,0,0,23 Sep 16:00,0,0,39,1,Defender,0,0
0,19256,Nelsen,2,0,WHU(H) 1-2,QPR,2876,Ryan,0,90,25,6,1,0,0,01 Oct 20:00,0,0,39,2,Defender,0,0
0,21765,Nelsen,3,0,WBA(A) 2-3,QPR,2877,Ryan,0,90,11,7,0,0,0,06 Oct 15:00,0,0,39,1,Defender,0,0
0,3675,Nelsen,1,0,EVE(H) 1-1,QPR,2878,Ryan,0,82,2,8,0,0,0,21 Oct 16:00,0,0,40,2,Defender,0,0
0,1908,Nelsen,1,0,ARS(A) 0-1,QPR,2879,Ryan,0,90,2,9,0,0,0,27 Oct 15:00,0,0,40,2,Defender,0,0
0,13731,Nelsen,1,0,RDG(H) 1-1,QPR,28710,Ryan,0,90,11,10,0,0,0,04 Nov 13:30,0,0,40,2,Defender,0,0
0,1254,Nelsen,1,0,STK(A) 0-1,QPR,28711,Ryan,0,90,9,11,0,0,0,10 Nov 15:00,0,0,40,2,Defender,0,0
0,-1247,Nelsen,3,0,SOU(H) 1-3,QPR,28712,Ryan,0,90,6,12,0,0,0,17 Nov 15:00,0,0,40,1,Defender,0,0
0,-3268,Nelsen,3,0,MUN(A) 1-3,QPR,28713,Ryan,0,90,7,13,0,0,0,24 Nov 15:00,0,0,40,1,Defender,0,0
0,-1408,Nelsen,0,0,SUN(A) 0-0,QPR,28714,Ryan,0,90,17,14,1,1,0,27 Nov 19:45,0,0,40,7,Defender,0,0
0,9051,Nelsen,1,0,AVL(H) 1-1,QPR,28715,Ryan,0,90,11,15,0,0,0,01 Dec 15:00,0,0,40,2,Defender,0,0
0,-1249,Nelsen,2,0,WIG(A) 2-2,QPR,28716,Ryan,0,90,24,16,2,0,0,08 Dec 15:00,0,0,40,9,Defender,0,1
0,14398,Nelsen,1,0,FUL(H) 2-1,QPR,28717,Ryan,0,90,17,17,0,0,0,15 Dec 15:00,0,0,40,2,Defender,0,0
0,11849,Nelsen,1,0,NEW(A) 0-1,QPR,28718,Ryan,0,90,9,18,0,0,0,22 Dec 15:00,0,0,40,2,Defender,0,0
0,10165,Nelsen,0,0,WBA(H) 1-2,QPR,28719,Ryan,0,0,0,19,0,0,0,26 Dec 15:00,0,0,41,0,Defender,0,0
0,-9313,Nelsen,3,0,LIV(H) 0-3,QPR,28720,Ryan,0,90,9,20,0,0,0,30 Dec 16:00,0,0,41,1,Defender,0,0
0,-3213,Nelsen,0,0,CHE(A) 1-0,QPR,28721,Ryan,0,90,20,21,1,1,0,02 Jan 19:45,0,0,41,7,Defender,0,0
0,-4046,Nelsen,0,0,TOT(H) 0-0,QPR,28722,Ryan,0,90,14,22,1,1,0,12 Jan 12:45,0,0,41,7,Defender,0,0
0,24669,Nelsen,1,0,WHU(A) 1-1,QPR,28723,Ryan,0,90,13,23,0,0,0,19 Jan 15:00,0,0,41,2,Defender,0,0
0,6742,Nelsen,0,0,MCI(H) 0-0,QPR,28724,Ryan,0,90,12,24,0,1,0,29 Jan 19:45,0,0,41,6,Defender,0,0
0,-46409,Nelsen,0,0,NOR(H) 0-0,QPR,28725,Ryan,0,0,0,25,0,0,0,02 Feb 12:45,0,0,41,0,Defender,0,0
0,-31977,Nelsen,0,0,SWA(A) 1-4,QPR,28726,Ryan,0,0,0,26,0,0,0,09 Feb 15:00,0,0,41,0,Defender,0,0
0,-20521,Nelsen,0,0,MUN(H) 0-2,QPR,28727,Ryan,0,0,0,27,0,0,0,23 Feb 15:00,0,0,41,0,Defender,0,0
0,-7438,Nelsen,0,0,SOU(A) 2-1,QPR,28728,Ryan,0,0,0,28,0,0,0,02 Mar 15:00,0,0,41,0,Defender,0,0
0,-7498,Nelsen,0,0,SUN(H) 3-1,QPR,28729,Ryan,0,0,0,29,0,0,0,09 Mar 15:00,0,0,41,0,Defender,0,0
0,-3556,Nelsen,0,0,AVL(A) 2-3,QPR,28730,Ryan,0,0,0,30,0,0,0,16 Mar 15:00,0,0,41,0,Defender,0,0
0,-2885,Nelsen,0,0,FUL(A) 2-3,QPR,28731,Ryan,0,0,0,31,0,0,0,01 Apr 20:00,0,0,41,0,Defender,0,0
0,-1723,Nelsen,0,0,WIG(H) 1-1,QPR,28732,Ryan,0,0,0,32,0,0,0,07 Apr 16:10,0,0,41,0,Defender,0,0
0,-1723,Nelsen,0,0,EVE(A) 0-2,QPR,28733,Ryan,0,0,0,33,0,0,0,13 Apr 15:00,0,0,41,0,Defender,0,0
0,-872,Nelsen,0,0,STK(H) 0-2,QPR,28734,Ryan,0,0,0,34,0,0,0,20 Apr 15:00,0,0,41,0,Defender,0,0
0,-821,Nelsen,0,0,RDG(A) 0-0,QPR,28735,Ryan,0,0,0,35,0,0,0,28 Apr 13:30,0,0,41,0,Defender,0,0
0,-743,Nelsen,0,0,ARS(H) 0-1,QPR,28736,Ryan,0,0,0,36,0,0,0,04 May 17:30,0,0,41,0,Defender,0,0
0,-379,Nelsen,0,0,NEW(H) 1-2,QPR,28737,Ryan,0,0,0,37,0,0,0,12 May 15:00,0,0,41,0,Defender,0,0
0,-306,Nelsen,0,0,LIV(A) 0-1,QPR,28738,Ryan,0,0,0,38,0,0,0,19 May 16:00,0,0,41,0,Defender,0,0
0,0,Chaplow,0,0,MCI(A) 2-3,Southampton,3451,Richard,0,0,0,1,0,0,0,19 Aug 16:00,0,0,45,0,Midfielder,0,0
0,-414,Chaplow,0,0,WIG(H) 0-2,Southampton,3452,Richard,0,0,0,2,0,0,0,25 Aug 15:00,0,0,45,0,Midfielder,0,0
0,-509,Chaplow,0,0,MUN(H) 2-3,Southampton,3453,Richard,0,0,0,3,0,0,0,02 Sep 16:00,0,0,44,0,Midfielder,0,0
0,-8,Chaplow,0,0,ARS(A) 1-6,Southampton,3454,Richard,0,0,0,4,0,0,0,15 Sep 15:00,0,0,43,0,Midfielder,0,0
0,134,Chaplow,0,0,AVL(H) 4-1,Southampton,3455,Richard,0,0,0,5,0,0,0,22 Sep 15:00,0,0,43,0,Midfielder,0,0
0,-102,Chaplow,0,0,EVE(A) 1-3,Southampton,3456,Richard,0,1,0,6,0,0,0,29 Sep 15:00,0,0,43,1,Midfielder,0,0
0,-30,Chaplow,2,0,FUL(H) 2-2,Southampton,3457,Richard,0,30,3,7,0,0,0,07 Oct 13:30,0,0,43,1,Midfielder,0,0
0,-61,Chaplow,0,0,WHU(A) 1-4,Southampton,3458,Richard,0,0,0,8,0,0,0,20 Oct 15:00,0,0,43,0,Midfielder,0,0
0,-54,Chaplow,0,0,TOT(H) 1-2,Southampton,3459,Richard,0,0,0,9,0,0,0,28 Oct 15:00,0,0,43,0,Midfielder,0,0
0,-72,Chaplow,0,0,WBA(A) 0-2,Southampton,34510,Richard,0,0,0,10,0,0,0,05 Nov 20:00,0,0,43,0,Midfielder,0,0
0,-69,Chaplow,0,0,SWA(H) 1-1,Southampton,34511,Richard,0,0,0,11,0,0,0,10 Nov 15:00,0,0,43,0,Midfielder,0,0
0,-117,Chaplow,0,0,QPR(A) 3-1,Southampton,34512,Richard,0,0,0,12,0,0,0,17 Nov 15:00,0,0,43,0,Midfielder,0,0
0,-144,Chaplow,0,0,NEW(H) 2-0,Southampton,34513,Richard,0,0,0,13,0,0,0,25 Nov 15:00,0,0,43,0,Midfielder,0,0
0,-65,Chaplow,0,0,NOR(H) 1-1,Southampton,34514,Richard,0,0,0,14,0,0,0,28 Nov 19:45,0,0,43,0,Midfielder,0,0
0,-69,Chaplow,0,0,LIV(A) 0-1,Southampton,34515,Richard,0,0,0,15,0,0,0,01 Dec 15:00,0,0,42,0,Midfielder,0,0
0,-63,Chaplow,0,0,RDG(H) 1-0,Southampton,34516,Richard,0,0,0,16,0,0,0,08 Dec 15:00,0,0,42,0,Midfielder,0,0
0,-29,Chaplow,0,0,SUN(H) 0-1,Southampton,34518,Richard,0,0,0,18,0,0,0,22 Dec 15:00,0,0,42,0,Midfielder,0,0
0,-7,Chaplow,0,0,FUL(A) 1-1,Southampton,34519,Richard,0,0,0,19,0,0,0,26 Dec 15:00,0,0,42,0,Midfielder,0,0
0,-13,Chaplow,0,0,STK(A) 3-3,Southampton,34520,Richard,0,0,0,20,0,0,0,29 Dec 15:00,0,0,42,0,Midfielder,0,0
0,-14,Chaplow,0,0,ARS(H) 1-1,Southampton,34521,Richard,0,0,0,21,0,0,0,01 Jan 17:30,0,0,42,0,Midfielder,0,0
0,-56,Chaplow,0,0,CHE(A) 2-2,Southampton,34522,Richard,0,24,2,22,0,0,0,16 Jan 19:45,0,0,42,1,Midfielder,0,0
0,10,Chaplow,0,0,EVE(H) 0-0,Southampton,34523,Richard,0,0,0,23,0,0,0,21 Jan 20:00,0,0,42,0,Midfielder,0,0
0,31,Chaplow,0,0,MUN(A) 1-2,Southampton,34524,Richard,0,0,0,24,0,0,0,30 Jan 20:00,0,0,42,0,Midfielder,0,0
0,-22,Chaplow,0,0,WIG(A) 2-2,Southampton,34525,Richard,0,0,0,25,0,0,0,02 Feb 15:00,0,0,42,0,Midfielder,0,0
0,-14,Chaplow,0,0,MCI(H) 3-1,Southampton,34526,Richard,0,0,0,26,0,0,0,09 Feb 17:30,0,0,42,0,Midfielder,0,0
0,-38,Chaplow,0,0,NEW(A) 2-4,Southampton,34527,Richard,0,0,0,27,0,0,0,24 Feb 13:30,0,0,42,0,Midfielder,0,0
0,-11,Chaplow,0,0,QPR(H) 1-2,Southampton,34528,Richard,0,0,0,28,0,0,0,02 Mar 15:00,0,0,42,0,Midfielder,0,0
0,-19,Chaplow,0,0,NOR(A) 0-0,Southampton,34529,Richard,0,0,0,29,0,0,0,09 Mar 15:00,0,0,42,0,Midfielder,0,0
0,2,Chaplow,0,0,LIV(H) 3-1,Southampton,34530,Richard,0,0,0,30,0,0,0,16 Mar 15:00,0,0,42,0,Midfielder,0,0
0,-46,Chaplow,0,0,CHE(H) 2-1,Southampton,34531,Richard,0,0,0,31,0,0,0,30 Mar 15:00,0,0,42,0,Midfielder,0,0
0,-26,Chaplow,0,0,RDG(A) 2-0,Southampton,34532,Richard,0,0,0,32,0,0,0,06 Apr 12:45,0,0,42,0,Midfielder,0,0
0,-24,Chaplow,0,0,WHU(H) 1-1,Southampton,34533,Richard,0,0,0,33,0,0,0,13 Apr 15:00,0,0,42,0,Midfielder,0,0
0,-3,Chaplow,0,0,SWA(A) 0-0,Southampton,34534,Richard,0,0,0,34,0,0,0,20 Apr 15:00,0,0,42,0,Midfielder,0,0
0,-19,Chaplow,0,0,WBA(H) 0-3,Southampton,34535,Richard,0,0,0,35,0,0,0,27 Apr 15:00,0,0,42,0,Midfielder,0,0
0,-13,Chaplow,0,0,TOT(A) 0-1,Southampton,34536,Richard,0,0,0,36,0,0,0,04 May 15:00,0,0,42,0,Midfielder,0,0
0,-10,Chaplow,0,0,SUN(A) 1-1,Southampton,34537,Richard,0,0,0,37,0,0,0,12 May 15:00,0,0,42,0,Midfielder,0,0
0,2,Chaplow,0,0,STK(H) 1-1,Southampton,34538,Richard,0,0,0,38,0,0,0,19 May 16:00,0,0,42,0,Midfielder,0,0
0,0,Lambert,2,0,MCI(A) 2-3,Southampton,3531,Rickie,0,36,22,1,0,0,0,19 Aug 16:00,0,0,60,5,Forward,0,1
0,33595,Lambert,2,0,WIG(H) 0-2,Southampton,3532,Rickie,0,90,11,2,0,0,0,25 Aug 15:00,0,0,60,2,Forward,0,0
0,-16308,Lambert,1,0,MUN(H) 2-3,Southampton,3533,Rickie,0,74,23,3,0,0,1,02 Sep 16:00,0,0,60,9,Forward,0,1
0,24884,Lambert,5,0,ARS(A) 1-6,Southampton,3534,Rickie,0,75,-1,4,0,0,0,15 Sep 15:00,0,0,60,2,Forward,0,0
0,1121,Lambert,1,0,AVL(H) 4-1,Southampton,3535,Rickie,0,90,36,5,3,0,0,22 Sep 15:00,0,0,60,13,Forward,0,2
0,74035,Lambert,3,0,EVE(A) 1-3,Southampton,3536,Rickie,0,90,7,6,0,0,0,29 Sep 15:00,0,0,62,2,Forward,0,0
0,19729,Lambert,0,0,FUL(H) 2-2,Southampton,3537,Rickie,0,66,-3,7,0,1,0,07 Oct 13:30,0,0,63,2,Forward,0,0
0,-5610,Lambert,2,0,WHU(A) 1-4,Southampton,3538,Rickie,0,26,-4,8,0,0,0,20 Oct 15:00,0,0,63,1,Forward,0,0
0,-29744,Lambert,2,0,TOT(H) 1-2,Southampton,3539,Rickie,0,90,3,9,0,0,0,28 Oct 15:00,0,0,62,2,Forward,0,0
0,-16356,Lambert,2,0,WBA(A) 0-2,Southampton,35310,Rickie,0,90,7,10,0,0,0,05 Nov 20:00,0,0,62,2,Forward,0,0
0,-8904,Lambert,1,0,SWA(H) 1-1,Southampton,35311,Rickie,0,90,13,11,0,0,1,10 Nov 15:00,0,0,61,5,Forward,0,0
0,-10283,Lambert,1,0,QPR(A) 3-1,Southampton,35312,Rickie,0,89,37,12,3,0,0,17 Nov 15:00,0,0,60,9,Forward,0,1
0,3803,Lambert,0,0,NEW(H) 2-0,Southampton,35313,Rickie,0,75,2,13,0,1,0,25 Nov 15:00,0,0,60,2,Forward,0,0
0,3006,Lambert,1,0,NOR(H) 1-1,Southampton,35314,Rickie,0,90,25,14,2,0,0,28 Nov 19:45,0,0,60,8,Forward,0,1
0,8389,Lambert,1,0,LIV(A) 0-1,Southampton,35315,Rickie,0,90,-5,15,0,0,0,01 Dec 15:00,0,0,60,2,Forward,0,0
0,40180,Lambert,0,0,RDG(H) 1-0,Southampton,35316,Rickie,0,90,13,16,0,1,0,08 Dec 15:00,0,0,61,2,Forward,0,0
0,2275,Lambert,1,0,SUN(H) 0-1,Southampton,35318,Rickie,0,90,-4,18,0,0,0,22 Dec 15:00,0,0,61,2,Forward,0,0
0,-2054,Lambert,1,0,FUL(A) 1-1,Southampton,35319,Rickie,0,90,15,19,2,0,0,26 Dec 15:00,0,0,61,8,Forward,0,1
0,9973,Lambert,3,0,STK(A) 3-3,Southampton,35320,Rickie,0,90,38,20,3,0,2,29 Dec 15:00,0,0,61,15,Forward,0,1
0,34026,Lambert,1,0,ARS(H) 1-1,Southampton,35321,Rickie,0,73,1,21,0,0,0,01 Jan 17:30,0,0,62,2,Forward,0,0
0,114481,Lambert,0,0,CHE(A) 2-2,Southampton,35322,Rickie,0,36,15,22,0,0,0,16 Jan 19:45,0,0,63,5,Forward,0,1
0,34817,Lambert,0,0,EVE(H) 0-0,Southampton,35323,Rickie,0,90,-1,23,0,1,0,21 Jan 20:00,0,0,64,2,Forward,0,0
0,-10604,Lambert,2,0,MUN(A) 1-2,Southampton,35324,Rickie,0,90,0,24,0,0,0,30 Jan 20:00,0,0,64,2,Forward,0,0
0,10733,Lambert,2,0,WIG(A) 2-2,Southampton,35325,Rickie,0,90,27,25,2,0,0,02 Feb 15:00,0,0,64,8,Forward,0,1
1,16818,Lambert,1,0,MCI(H) 3-1,Southampton,35326,Rickie,0,90,32,26,2,0,2,09 Feb 17:30,0,0,65,9,Forward,0,0
0,110671,Lambert,4,0,NEW(A) 2-4,Southampton,35327,Rickie,0,90,27,27,2,0,1,24 Feb 13:30,0,0,68,11,Forward,0,1
0,126388,Lambert,2,0,QPR(H) 1-2,Southampton,35328,Rickie,0,90,4,28,0,0,0,02 Mar 15:00,0,0,71,2,Forward,0,0
0,41572,Lambert,0,0,NOR(A) 0-0,Southampton,35329,Rickie,0,90,-4,29,0,1,0,09 Mar 15:00,0,0,73,2,Forward,0,0
0,-82364,Lambert,1,0,LIV(H) 3-1,Southampton,35330,Rickie,0,90,39,30,3,0,0,16 Mar 15:00,0,0,71,9,Forward,0,1
1,-5728,Lambert,1,0,CHE(H) 2-1,Southampton,35331,Rickie,0,90,27,31,2,0,0,30 Mar 15:00,0,0,71,7,Forward,0,1
0,39867,Lambert,0,0,RDG(A) 2-0,Southampton,35332,Rickie,0,90,22,32,2,1,1,06 Apr 12:45,0,0,71,7,Forward,0,0
0,-13928,Lambert,1,0,WHU(H) 1-1,Southampton,35333,Rickie,0,90,0,33,0,0,0,13 Apr 15:00,0,0,71,2,Forward,0,0
0,4133,Lambert,0,0,SWA(A) 0-0,Southampton,35334,Rickie,0,62,7,34,0,1,0,20 Apr 15:00,0,0,71,2,Forward,0,0
0,29656,Lambert,3,0,WBA(H) 0-3,Southampton,35335,Rickie,0,84,-4,35,0,0,0,27 Apr 15:00,0,0,72,2,Forward,0,0
0,-104737,Lambert,1,0,TOT(A) 0-1,Southampton,35336,Rickie,0,90,11,36,0,0,0,04 May 15:00,0,0,70,2,Forward,0,0
0,-4681,Lambert,1,0,SUN(A) 1-1,Southampton,35337,Rickie,0,90,23,37,2,0,0,12 May 15:00,0,0,69,4,Forward,0,0
0,-31002,Lambert,1,0,STK(H) 1-1,Southampton,35338,Rickie,0,90,20,38,1,0,0,19 May 16:00,0,0,69,7,Forward,0,1
1,0,Shawcross,1,0,RDG(A) 1-1,Stoke City,3601,Ryan,0,90,4,1,0,0,0,18 Aug 15:00,0,0,50,1,Defender,0,0
0,-25904,Shawcross,0,0,ARS(H) 0-0,Stoke City,3602,Ryan,0,90,9,2,0,1,0,26 Aug 13:30,0,0,50,6,Defender,0,0
0,-19853,Shawcross,2,0,WIG(A) 2-2,Stoke City,3603,Ryan,0,90,7,3,0,0,0,01 Sep 15:00,0,0,50,1,Defender,0,0
0,-35707,Shawcross,1,0,MCI(H) 1-1,Stoke City,3604,Ryan,0,90,13,4,0,0,0,15 Sep 15:00,0,0,50,2,Defender,0,0
0,-15756,Shawcross,1,0,CHE(A) 0-1,Stoke City,3605,Ryan,0,90,3,5,0,0,0,22 Sep 15:00,0,0,50,2,Defender,0,0
0,-10532,Shawcross,0,0,SWA(H) 2-0,Stoke City,3606,Ryan,0,90,15,6,0,1,0,29 Sep 15:00,0,0,50,6,Defender,0,0
1,-2200,Shawcross,0,0,LIV(A) 0-0,Stoke City,3607,Ryan,0,90,11,7,0,1,0,07 Oct 15:00,0,0,50,5,Defender,0,0
0,-2843,Shawcross,4,0,MUN(A) 2-4,Stoke City,3608,Ryan,0,90,6,8,0,0,0,20 Oct 15:00,0,0,50,0,Defender,0,0
0,387,Shawcross,0,0,SUN(H) 0-0,Stoke City,3609,Ryan,0,90,23,9,3,1,0,27 Oct 15:00,0,0,50,9,Defender,0,0
1,43009,Shawcross,1,0,NOR(A) 0-1,Stoke City,36010,Ryan,0,90,6,10,0,0,0,03 Nov 15:00,0,0,50,1,Defender,0,0
0,28772,Shawcross,0,0,QPR(H) 1-0,Stoke City,36011,Ryan,0,90,32,11,3,1,0,10 Nov 15:00,0,0,50,9,Defender,0,0
0,43693,Shawcross,1,0,WHU(A) 1-1,Stoke City,36012,Ryan,0,90,15,12,0,0,0,19 Nov 20:00,0,0,52,2,Defender,0,0
0,24054,Shawcross,0,0,FUL(H) 1-0,Stoke City,36013,Ryan,0,90,21,13,2,1,0,24 Nov 15:00,0,0,52,8,Defender,0,0
0,39307,Shawcross,1,0,NEW(H) 2-1,Stoke City,36014,Ryan,0,90,8,14,0,0,0,28 Nov 19:45,0,0,53,2,Defender,0,0
1,22257,Shawcross,0,0,WBA(A) 1-0,Stoke City,36015,Ryan,0,90,26,15,3,1,0,01 Dec 15:00,0,0,54,8,Defender,0,0
0,62757,Shawcross,0,0,AVL(A) 0-0,Stoke City,36016,Ryan,0,90,11,16,0,1,0,08 Dec 15:00,0,0,56,6,Defender,0,0
0,58988,Shawcross,1,0,EVE(H) 1-1,Stoke City,36017,Ryan,1,90,14,17,2,0,1,15 Dec 15:00,0,0,57,5,Defender,0,0
0,39889,Shawcross,0,0,TOT(A) 0-0,Stoke City,36018,Ryan,0,90,7,18,0,1,0,22 Dec 15:00,0,0,59,6,Defender,0,0
1,31193,Shawcross,1,0,LIV(H) 3-1,Stoke City,36019,Ryan,0,90,16,19,0,0,0,26 Dec 19:45,0,0,60,1,Defender,0,0
0,-73227,Shawcross,0,0,SOU(H) 3-3,Stoke City,36020,Ryan,0,0,0,20,0,0,0,29 Dec 15:00,0,0,60,0,Defender,0,0
0,1350,Shawcross,3,0,MCI(A) 0-3,Stoke City,36021,Ryan,0,90,6,21,0,0,0,01 Jan 15:00,0,0,60,1,Defender,0,0
0,-11562,Shawcross,4,0,CHE(H) 0-4,Stoke City,36022,Ryan,0,90,3,22,0,0,0,12 Jan 15:00,0,0,60,0,Defender,0,0
0,-27555,Shawcross,3,0,SWA(A) 1-3,Stoke City,36023,Ryan,0,90,2,23,0,0,0,19 Jan 15:00,0,0,60,1,Defender,0,0
0,-22116,Shawcross,2,0,WIG(H) 2-2,Stoke City,36024,Ryan,0,90,24,24,0,0,0,29 Jan 19:45,0,0,60,7,Defender,0,1
1,-499,Shawcross,1,0,ARS(A) 0-1,Stoke City,36025,Ryan,0,90,3,25,0,0,0,02 Feb 15:00,0,0,60,1,Defender,0,0
0,-3887,Shawcross,1,0,RDG(H) 2-1,Stoke City,36026,Ryan,0,90,17,26,0,0,0,09 Feb 15:00,0,0,60,2,Defender,0,0
1,-287,Shawcross,1,0,FUL(A) 0-1,Stoke City,36027,Ryan,0,90,11,27,0,0,0,23 Feb 12:45,0,0,60,1,Defender,0,0
0,-8941,Shawcross,1,0,WHU(H) 0-1,Stoke City,36028,Ryan,0,90,15,28,0,0,0,02 Mar 15:00,0,0,59,2,Defender,0,0
0,2876,Shawcross,2,0,NEW(A) 1-2,Stoke City,36029,Ryan,0,90,7,29,0,0,0,10 Mar 15:00,0,0,59,1,Defender,0,0
0,-18920,Shawcross,0,0,WBA(H) 0-0,Stoke City,36030,Ryan,0,90,13,30,2,1,0,16 Mar 15:00,0,0,59,8,Defender,0,0
1,-7266,Shawcross,1,0,EVE(A) 0-1,Stoke City,36031,Ryan,0,90,6,31,0,0,0,30 Mar 17:30,0,0,59,1,Defender,0,0
1,-4090,Shawcross,3,0,AVL(H) 1-3,Stoke City,36032,Ryan,0,90,4,32,0,0,0,06 Apr 15:00,0,0,58,0,Defender,0,0
0,-35786,Shawcross,2,0,MUN(H) 0-2,Stoke City,36033,Ryan,0,90,-1,33,0,0,0,14 Apr 14:05,0,0,57,1,Defender,0,0
0,-10824,Shawcross,0,0,QPR(A) 2-0,Stoke City,36034,Ryan,0,90,9,34,0,1,0,20 Apr 15:00,0,0,57,6,Defender,0,0
0,-2575,Shawcross,0,0,NOR(H) 1-0,Stoke City,36035,Ryan,0,90,10,35,0,1,0,27 Apr 15:00,0,0,57,6,Defender,0,0
0,-10372,Shawcross,1,0,SUN(A) 1-1,Stoke City,36036,Ryan,0,90,11,36,0,0,0,06 May 20:00,0,0,56,2,Defender,0,0
0,-4755,Shawcross,2,0,TOT(H) 1-2,Stoke City,36037,Ryan,0,90,12,37,0,0,0,12 May 13:30,0,0,56,1,Defender,0,0
0,-4112,Shawcross,1,0,SOU(A) 1-1,Stoke City,36038,Ryan,0,90,7,38,0,0,0,19 May 16:00,0,0,56,2,Defender,0,0
0,0,Huth,1,0,RDG(A) 1-1,Stoke City,3611,Robert,0,90,10,1,0,0,0,18 Aug 15:00,0,0,55,2,Defender,0,0
1,1699,Huth,0,0,ARS(H) 0-0,Stoke City,3612,Robert,0,90,11,2,0,1,0,26 Aug 13:30,0,0,55,5,Defender,0,0
0,1421,Huth,2,0,WIG(A) 2-2,Stoke City,3613,Robert,0,90,14,3,0,0,0,01 Sep 15:00,0,0,55,1,Defender,0,0
0,-356,Huth,1,0,MCI(H) 1-1,Stoke City,3614,Robert,0,90,6,4,0,0,0,15 Sep 15:00,0,0,55,2,Defender,0,0
0,-492,Huth,1,0,CHE(A) 0-1,Stoke City,3615,Robert,0,90,10,5,0,0,0,22 Sep 15:00,0,0,55,2,Defender,0,0
0,1218,Huth,0,0,SWA(H) 2-0,Stoke City,3616,Robert,0,90,15,6,0,1,0,29 Sep 15:00,0,0,55,6,Defender,0,0
1,456,Huth,0,0,LIV(A) 0-0,Stoke City,3617,Robert,0,90,11,7,0,1,0,07 Oct 15:00,0,0,55,5,Defender,0,0
0,340,Huth,4,0,MUN(A) 2-4,Stoke City,3618,Robert,0,90,-2,8,0,0,0,20 Oct 15:00,0,0,55,0,Defender,0,0
0,2568,Huth,0,0,SUN(H) 0-0,Stoke City,3619,Robert,0,90,19,9,2,1,0,27 Oct 15:00,0,0,55,8,Defender,0,0
0,5600,Huth,1,0,NOR(A) 0-1,Stoke City,36110,Robert,0,90,9,10,0,0,0,03 Nov 15:00,0,0,55,2,Defender,0,0
0,4835,Huth,0,0,QPR(H) 1-0,Stoke City,36111,Robert,0,90,11,11,0,1,0,10 Nov 15:00,0,0,55,6,Defender,0,0
0,5312,Huth,1,0,WHU(A) 1-1,Stoke City,36112,Robert,0,90,23,12,1,0,0,19 Nov 20:00,0,0,55,3,Defender,0,0
0,5940,Huth,0,0,FUL(H) 1-0,Stoke City,36113,Robert,0,90,22,13,3,1,0,24 Nov 15:00,0,0,55,9,Defender,0,0
0,9849,Huth,1,0,NEW(H) 2-1,Stoke City,36114,Robert,0,90,13,14,0,0,0,28 Nov 19:45,0,0,56,2,Defender,0,0
1,4782,Huth,0,0,WBA(A) 1-0,Stoke City,36115,Robert,0,90,17,15,0,1,0,01 Dec 15:00,0,0,56,5,Defender,0,0
0,10166,Huth,0,0,AVL(A) 0-0,Stoke City,36116,Robert,0,90,8,16,0,1,0,08 Dec 15:00,0,0,56,6,Defender,0,0
0,12408,Huth,1,0,EVE(H) 1-1,Stoke City,36117,Robert,0,90,2,17,0,0,0,15 Dec 15:00,0,0,56,2,Defender,0,0
0,5401,Huth,0,0,TOT(A) 0-0,Stoke City,36118,Robert,0,90,13,18,1,1,0,22 Dec 15:00,0,0,57,7,Defender,0,0
0,24686,Huth,1,0,LIV(H) 3-1,Stoke City,36119,Robert,0,90,17,19,0,0,0,26 Dec 19:45,0,0,57,2,Defender,0,0
0,55834,Huth,3,0,SOU(H) 3-3,Stoke City,36120,Robert,0,90,12,20,0,0,0,29 Dec 15:00,0,0,59,1,Defender,0,0
1,-3339,Huth,3,0,MCI(A) 0-3,Stoke City,36121,Robert,0,90,5,21,0,0,0,01 Jan 15:00,0,0,59,0,Defender,0,0
0,-26050,Huth,4,0,CHE(H) 0-4,Stoke City,36122,Robert,0,90,2,22,0,0,0,12 Jan 15:00,0,0,59,0,Defender,0,0
0,-17896,Huth,3,0,SWA(A) 1-3,Stoke City,36123,Robert,0,90,7,23,0,0,0,19 Jan 15:00,0,0,58,1,Defender,0,0
0,-5394,Huth,2,0,WIG(H) 2-2,Stoke City,36124,Robert,0,90,6,24,0,0,0,29 Jan 19:45,0,0,58,1,Defender,0,0
0,-10792,Huth,1,0,ARS(A) 0-1,Stoke City,36125,Robert,0,90,5,25,0,0,0,02 Feb 15:00,0,0,58,2,Defender,0,0
0,-4477,Huth,1,0,RDG(H) 2-1,Stoke City,36126,Robert,0,90,25,26,2,0,0,09 Feb 15:00,0,0,57,10,Defender,0,1
0,9577,Huth,1,0,FUL(A) 0-1,Stoke City,36127,Robert,0,90,5,27,0,0,0,23 Feb 12:45,0,0,57,2,Defender,0,0
0,-22599,Huth,0,0,WHU(H) 0-1,Stoke City,36128,Robert,0,0,0,28,0,0,0,02 Mar 15:00,0,0,57,0,Defender,0,0
0,-19624,Huth,0,0,NEW(A) 1-2,Stoke City,36129,Robert,0,0,0,29,0,0,0,10 Mar 15:00,0,0,56,0,Defender,0,0
0,-8610,Huth,0,0,WBA(H) 0-0,Stoke City,36130,Robert,0,0,0,30,0,0,0,16 Mar 15:00,0,0,55,0,Defender,0,0
0,-1356,Huth,1,0,EVE(A) 0-1,Stoke City,36131,Robert,0,90,3,31,0,0,0,30 Mar 17:30,0,0,55,2,Defender,0,0
0,916,Huth,3,0,AVL(H) 1-3,Stoke City,36132,Robert,0,90,2,32,0,0,0,06 Apr 15:00,0,0,55,1,Defender,0,0
0,-2074,Huth,2,0,MUN(H) 0-2,Stoke City,36133,Robert,0,90,-2,33,0,0,0,14 Apr 14:05,0,0,55,1,Defender,0,0
0,-584,Huth,0,0,QPR(A) 2-0,Stoke City,36134,Robert,0,90,6,34,0,1,0,20 Apr 15:00,0,0,55,6,Defender,0,0
0,933,Huth,0,0,NOR(H) 1-0,Stoke City,36135,Robert,0,90,11,35,0,1,0,27 Apr 15:00,0,0,55,6,Defender,0,0
0,-853,Huth,1,0,SUN(A) 1-1,Stoke City,36136,Robert,0,90,6,36,0,0,0,06 May 20:00,0,0,55,2,Defender,0,0
1,-399,Huth,2,0,TOT(H) 1-2,Stoke City,36137,Robert,0,90,3,37,0,0,0,12 May 13:30,0,0,55,0,Defender,0,0
0,-223,Huth,1,0,SOU(A) 1-1,Stoke City,36138,Robert,0,90,11,38,0,0,0,19 May 16:00,0,0,55,2,Defender,0,0
0,0,Delap,1,0,RDG(A) 1-1,Stoke City,3701,Rory,0,11,1,1,0,0,0,18 Aug 15:00,0,0,50,1,Midfielder,0,0
0,-1392,Delap,0,0,ARS(H) 0-0,Stoke City,3702,Rory,0,0,0,2,0,0,0,26 Aug 13:30,0,0,50,0,Midfielder,0,0
0,-2127,Delap,0,0,WIG(A) 2-2,Stoke City,3703,Rory,0,0,0,3,0,0,0,01 Sep 15:00,0,0,49,0,Midfielder,0,0
0,-1620,Delap,0,0,MCI(H) 1-1,Stoke City,3704,Rory,0,0,0,4,0,0,0,15 Sep 15:00,0,0,48,0,Midfielder,0,0
0,-780,Delap,0,0,CHE(A) 0-1,Stoke City,3705,Rory,0,0,0,5,0,0,0,22 Sep 15:00,0,0,48,0,Midfielder,0,0
0,-651,Delap,0,0,SWA(H) 2-0,Stoke City,3706,Rory,0,0,0,6,0,0,0,29 Sep 15:00,0,0,48,0,Midfielder,0,0
0,-527,Delap,0,0,LIV(A) 0-0,Stoke City,3707,Rory,0,0,0,7,0,0,0,07 Oct 15:00,0,0,47,0,Midfielder,0,0
0,-440,Delap,0,0,MUN(A) 2-4,Stoke City,3708,Rory,0,0,0,8,0,0,0,20 Oct 15:00,0,0,47,0,Midfielder,0,0
0,-308,Delap,0,0,SUN(H) 0-0,Stoke City,3709,Rory,0,0,0,9,0,0,0,27 Oct 15:00,0,0,46,0,Midfielder,0,0
0,-254,Delap,0,0,NOR(A) 0-1,Stoke City,37010,Rory,0,0,0,10,0,0,0,03 Nov 15:00,0,0,46,0,Midfielder,0,0
0,-309,Delap,0,0,QPR(H) 1-0,Stoke City,37011,Rory,0,0,0,11,0,0,0,10 Nov 15:00,0,0,46,0,Midfielder,0,0
0,-521,Delap,0,0,WHU(A) 1-1,Stoke City,37012,Rory,0,0,0,12,0,0,0,19 Nov 20:00,0,0,46,0,Midfielder,0,0
0,-404,Delap,0,0,FUL(H) 1-0,Stoke City,37013,Rory,0,0,0,13,0,0,0,24 Nov 15:00,0,0,46,0,Midfielder,0,0
0,-157,Delap,0,0,NEW(H) 2-1,Stoke City,37014,Rory,0,0,0,14,0,0,0,28 Nov 19:45,0,0,46,0,Midfielder,0,0
0,-184,Delap,0,0,WBA(A) 1-0,Stoke City,37015,Rory,0,0,0,15,0,0,0,01 Dec 15:00,0,0,46,0,Midfielder,0,0
0,-237,Delap,0,0,AVL(A) 0-0,Stoke City,37016,Rory,0,0,0,16,0,0,0,08 Dec 15:00,0,0,46,0,Midfielder,0,0
0,-182,Delap,0,0,EVE(H) 1-1,Stoke City,37017,Rory,0,0,0,17,0,0,0,15 Dec 15:00,0,0,45,0,Midfielder,0,0
0,-123,Delap,0,0,TOT(A) 0-0,Stoke City,37018,Rory,0,0,0,18,0,0,0,22 Dec 15:00,0,0,45,0,Midfielder,0,0
0,-80,Delap,0,0,LIV(H) 3-1,Stoke City,37019,Rory,0,0,0,19,0,0,0,26 Dec 19:45,0,0,45,0,Midfielder,0,0
0,-85,Delap,0,0,SOU(H) 3-3,Stoke City,37020,Rory,0,0,0,20,0,0,0,29 Dec 15:00,0,0,45,0,Midfielder,0,0
0,-66,Delap,0,0,MCI(A) 0-3,Stoke City,37021,Rory,0,0,0,21,0,0,0,01 Jan 15:00,0,0,45,0,Midfielder,0,0
0,-185,Delap,0,0,CHE(H) 0-4,Stoke City,37022,Rory,0,0,0,22,0,0,0,12 Jan 15:00,0,0,45,0,Midfielder,0,0
0,-94,Delap,0,0,SWA(A) 1-3,Stoke City,37023,Rory,0,0,0,23,0,0,0,19 Jan 15:00,0,0,45,0,Midfielder,0,0
0,-89,Delap,0,0,WIG(H) 2-2,Stoke City,37024,Rory,0,0,0,24,0,0,0,29 Jan 19:45,0,0,45,0,Midfielder,0,0
0,-42,Delap,0,0,ARS(A) 0-1,Stoke City,37025,Rory,0,0,0,25,0,0,0,02 Feb 15:00,0,0,45,0,Midfielder,0,0
0,-71,Delap,0,0,RDG(H) 2-1,Stoke City,37026,Rory,0,0,0,26,0,0,0,09 Feb 15:00,0,0,45,0,Midfielder,0,0
0,-71,Delap,0,0,FUL(A) 0-1,Stoke City,37027,Rory,0,0,0,27,0,0,0,23 Feb 12:45,0,0,45,0,Midfielder,0,0
0,-30,Delap,0,0,WHU(H) 0-1,Stoke City,37028,Rory,0,0,0,28,0,0,0,02 Mar 15:00,0,0,45,0,Midfielder,0,0
0,-33,Delap,0,0,NEW(A) 1-2,Stoke City,37029,Rory,0,0,0,29,0,0,0,10 Mar 15:00,0,0,45,0,Midfielder,0,0
0,-21,Delap,0,0,WBA(H) 0-0,Stoke City,37030,Rory,0,0,0,30,0,0,0,16 Mar 15:00,0,0,45,0,Midfielder,0,0
0,-22,Delap,0,0,EVE(A) 0-1,Stoke City,37031,Rory,0,0,0,31,0,0,0,30 Mar 17:30,0,0,45,0,Midfielder,0,0
0,-20,Delap,0,0,AVL(H) 1-3,Stoke City,37032,Rory,0,0,0,32,0,0,0,06 Apr 15:00,0,0,45,0,Midfielder,0,0
0,-7,Delap,0,0,MUN(H) 0-2,Stoke City,37033,Rory,0,0,0,33,0,0,0,14 Apr 14:05,0,0,45,0,Midfielder,0,0
0,-7,Delap,0,0,QPR(A) 2-0,Stoke City,37034,Rory,0,0,0,34,0,0,0,20 Apr 15:00,0,0,45,0,Midfielder,0,0
0,-16,Delap,0,0,NOR(H) 1-0,Stoke City,37035,Rory,0,0,0,35,0,0,0,27 Apr 15:00,0,0,45,0,Midfielder,0,0
0,-6,Delap,0,0,SUN(A) 1-1,Stoke City,37036,Rory,0,0,0,36,0,0,0,06 May 20:00,0,0,45,0,Midfielder,0,0
0,-7,Delap,0,0,TOT(H) 1-2,Stoke City,37037,Rory,0,0,0,37,0,0,0,12 May 13:30,0,0,45,0,Midfielder,0,0
0,-3,Delap,0,0,SOU(A) 1-1,Stoke City,37038,Rory,0,0,0,38,0,0,0,19 May 16:00,0,0,45,0,Midfielder,0,0
0,0,Shotton,0,0,RDG(A) 1-1,Stoke City,3731,Ryan,0,0,0,1,0,0,0,18 Aug 15:00,0,0,50,0,Midfielder,0,0
0,-208,Shotton,0,0,ARS(H) 0-0,Stoke City,3732,Ryan,0,12,1,2,0,0,0,26 Aug 13:30,0,0,50,1,Midfielder,0,0
0,-219,Shotton,0,0,WIG(A) 2-2,Stoke City,3733,Ryan,0,0,0,3,0,0,0,01 Sep 15:00,0,0,49,0,Midfielder,0,0
0,-143,Shotton,0,0,MCI(H) 1-1,Stoke City,3734,Ryan,0,0,0,4,0,0,0,15 Sep 15:00,0,0,48,0,Midfielder,0,0
0,-62,Shotton,0,0,CHE(A) 0-1,Stoke City,3735,Ryan,0,0,0,5,0,0,0,22 Sep 15:00,0,0,48,0,Midfielder,0,0
0,-64,Shotton,0,0,SWA(H) 2-0,Stoke City,3736,Ryan,0,0,0,6,0,0,0,29 Sep 15:00,0,0,48,0,Midfielder,0,0
0,-51,Shotton,0,0,LIV(A) 0-0,Stoke City,3737,Ryan,0,0,0,7,0,0,0,07 Oct 15:00,0,0,47,0,Midfielder,0,0
0,-39,Shotton,0,0,MUN(A) 2-4,Stoke City,3738,Ryan,0,0,0,8,0,0,0,20 Oct 15:00,0,0,47,0,Midfielder,0,0
0,-29,Shotton,0,0,SUN(H) 0-0,Stoke City,3739,Ryan,0,0,0,9,0,0,0,27 Oct 15:00,0,0,47,0,Midfielder,0,0
0,-34,Shotton,0,0,NOR(A) 0-1,Stoke City,37310,Ryan,0,0,0,10,0,0,0,03 Nov 15:00,0,0,46,0,Midfielder,0,0
0,-15,Shotton,0,0,QPR(H) 1-0,Stoke City,37311,Ryan,0,0,0,11,0,0,0,10 Nov 15:00,0,0,46,0,Midfielder,0,0
0,-20,Shotton,1,0,WHU(A) 1-1,Stoke City,37312,Ryan,0,59,9,12,0,0,0,19 Nov 20:00,0,0,46,1,Midfielder,0,0
0,-16,Shotton,0,0,FUL(H) 1-0,Stoke City,37313,Ryan,0,90,19,13,0,1,0,24 Nov 15:00,0,0,46,3,Midfielder,0,0
0,5,Shotton,1,0,NEW(H) 2-1,Stoke City,37314,Ryan,0,90,14,14,0,0,0,28 Nov 19:45,0,0,46,2,Midfielder,0,0
0,5,Shotton,0,0,WBA(A) 1-0,Stoke City,37315,Ryan,0,90,24,15,2,1,0,01 Dec 15:00,0,0,46,5,Midfielder,0,0
0,4,Shotton,0,0,AVL(A) 0-0,Stoke City,37316,Ryan,0,90,4,16,0,1,0,08 Dec 15:00,0,0,46,0,Midfielder,1,0
0,-48,Shotton,0,0,EVE(H) 1-1,Stoke City,37317,Ryan,0,0,0,17,0,0,0,15 Dec 15:00,0,0,46,0,Midfielder,0,0
0,0,Shotton,0,0,TOT(A) 0-0,Stoke City,37318,Ryan,0,63,9,18,0,1,0,22 Dec 15:00,0,0,46,3,Midfielder,0,0
0,16,Shotton,0,0,LIV(H) 3-1,Stoke City,37319,Ryan,0,8,1,19,0,0,0,26 Dec 19:45,0,0,46,1,Midfielder,0,0
0,6,Shotton,3,0,SOU(H) 3-3,Stoke City,37320,Ryan,0,90,16,20,0,0,1,29 Dec 15:00,0,0,46,5,Midfielder,0,0
0,44,Shotton,0,0,MCI(A) 0-3,Stoke City,37321,Ryan,0,0,0,21,0,0,0,01 Jan 15:00,0,0,46,0,Midfielder,0,0
0,-29,Shotton,0,0,CHE(H) 0-4,Stoke City,37322,Ryan,0,0,0,22,0,0,0,12 Jan 15:00,0,0,46,0,Midfielder,0,0
0,-13,Shotton,0,0,SWA(A) 1-3,Stoke City,37323,Ryan,0,0,0,23,0,0,0,19 Jan 15:00,0,0,46,0,Midfielder,0,0
0,-11,Shotton,0,0,WIG(H) 2-2,Stoke City,37324,Ryan,0,0,0,24,0,0,0,29 Jan 19:45,0,0,46,0,Midfielder,0,0
0,-6,Shotton,1,0,ARS(A) 0-1,Stoke City,37325,Ryan,0,90,5,25,0,0,0,02 Feb 15:00,0,0,46,2,Midfielder,0,0
0,0,Shotton,1,0,RDG(H) 2-1,Stoke City,37326,Ryan,0,90,16,26,0,0,0,09 Feb 15:00,0,0,46,2,Midfielder,0,0
0,7,Shotton,1,0,FUL(A) 0-1,Stoke City,37327,Ryan,0,90,7,27,0,0,0,23 Feb 12:45,0,0,46,2,Midfielder,0,0
0,20,Shotton,1,0,WHU(H) 0-1,Stoke City,37328,Ryan,0,90,9,28,0,0,0,02 Mar 15:00,0,0,46,2,Midfielder,0,0
0,19,Shotton,2,0,NEW(A) 1-2,Stoke City,37329,Ryan,0,90,14,29,0,0,0,10 Mar 15:00,0,0,46,2,Midfielder,0,0
1,23,Shotton,0,0,WBA(H) 0-0,Stoke City,37330,Ryan,0,90,9,30,0,1,0,16 Mar 15:00,0,0,46,2,Midfielder,0,0
1,-6,Shotton,1,0,EVE(A) 0-1,Stoke City,37331,Ryan,0,90,-7,31,0,0,0,30 Mar 17:30,0,0,46,1,Midfielder,0,0
1,-1,Shotton,1,0,AVL(H) 1-3,Stoke City,37332,Ryan,0,76,2,32,0,0,0,06 Apr 15:00,0,0,46,1,Midfielder,0,0
0,-11,Shotton,2,0,MUN(H) 0-2,Stoke City,37333,Ryan,0,90,4,33,0,0,0,14 Apr 14:05,0,0,46,2,Midfielder,0,0
0,3,Shotton,0,0,QPR(A) 2-0,Stoke City,37334,Ryan,0,90,20,34,0,1,0,20 Apr 15:00,0,0,46,3,Midfielder,0,0
0,14,Shotton,0,0,NOR(H) 1-0,Stoke City,37335,Ryan,0,90,16,35,0,1,0,27 Apr 15:00,0,0,46,3,Midfielder,0,0
0,-8,Shotton,1,0,SUN(A) 1-1,Stoke City,37336,Ryan,0,90,7,36,0,0,0,06 May 20:00,0,0,46,2,Midfielder,0,0
1,4,Shotton,1,0,TOT(H) 1-2,Stoke City,37337,Ryan,0,73,1,37,0,0,0,12 May 13:30,0,0,46,1,Midfielder,0,0
0,2,Shotton,1,0,SOU(A) 1-1,Stoke City,37338,Ryan,0,90,4,38,0,0,0,19 May 16:00,0,0,46,2,Midfielder,0,0
0,0,Noble,0,0,ARS(A) 0-0,Sunderland,4011,Ryan,0,0,0,1,0,0,0,18 Aug 15:00,0,0,45,0,Forward,0,0
0,-83,Noble,0,0,SWA(A) 2-2,Sunderland,4013,Ryan,0,0,0,3,0,0,0,01 Sep 15:00,0,0,45,0,Forward,0,0
0,-118,Noble,0,0,LIV(H) 1-1,Sunderland,4014,Ryan,0,0,0,4,0,0,0,15 Sep 17:30,0,0,45,0,Forward,0,0
0,-141,Noble,0,0,WHU(A) 1-1,Sunderland,4015,Ryan,0,0,0,5,0,0,0,22 Sep 15:00,0,0,45,0,Forward,0,0
0,-116,Noble,0,0,WIG(H) 1-0,Sunderland,4016,Ryan,0,0,0,6,0,0,0,29 Sep 15:00,0,0,45,0,Forward,0,0
0,-104,Noble,0,0,MCI(A) 0-3,Sunderland,4017,Ryan,0,0,0,7,0,0,0,06 Oct 12:45,0,0,44,0,Forward,0,0
0,-243,Noble,0,0,NEW(H) 1-1,Sunderland,4018,Ryan,0,0,0,8,0,0,0,21 Oct 13:30,0,0,44,0,Forward,0,0
0,-117,Noble,0,0,STK(A) 0-0,Sunderland,4019,Ryan,0,0,0,9,0,0,0,27 Oct 15:00,0,0,44,0,Forward,0,0
0,-106,Noble,0,0,AVL(H) 0-1,Sunderland,40110,Ryan,0,0,0,10,0,0,0,03 Nov 15:00,0,0,44,0,Forward,0,0
0,-59,Noble,0,0,EVE(A) 1-2,Sunderland,40111,Ryan,0,0,0,11,0,0,0,10 Nov 15:00,0,0,44,0,Forward,0,0
0,-71,Noble,0,0,FUL(A) 3-1,Sunderland,40112,Ryan,0,0,0,12,0,0,0,18 Nov 16:00,0,0,43,0,Forward,0,0
0,-53,Noble,0,0,WBA(H) 2-4,Sunderland,40113,Ryan,0,0,0,13,0,0,0,24 Nov 12:45,0,0,43,0,Forward,0,0
0,-24,Noble,0,0,QPR(H) 0-0,Sunderland,40114,Ryan,0,0,0,14,0,0,0,27 Nov 19:45,0,0,43,0,Forward,0,0
0,-35,Noble,0,0,NOR(A) 1-2,Sunderland,40115,Ryan,0,0,0,15,0,0,0,02 Dec 16:00,0,0,43,0,Forward,0,0
0,-44,Noble,0,0,RDG(H) 3-0,Sunderland,40116,Ryan,0,0,0,16,0,0,0,11 Dec 19:45,0,0,43,0,Forward,0,0
0,-25,Noble,0,0,MUN(A) 1-3,Sunderland,40117,Ryan,0,0,0,17,0,0,0,15 Dec 15:00,0,0,43,0,Forward,0,0
0,-9,Noble,0,0,SOU(A) 1-0,Sunderland,40118,Ryan,0,0,0,18,0,0,0,22 Dec 15:00,0,0,43,0,Forward,0,0
0,-20,Noble,0,0,MCI(H) 1-0,Sunderland,40119,Ryan,0,0,0,19,0,0,0,26 Dec 15:00,0,0,43,0,Forward,0,0
0,-22,Noble,0,0,TOT(H) 1-2,Sunderland,40120,Ryan,0,0,0,20,0,0,0,29 Dec 12:45,0,0,43,0,Forward,0,0
0,-23,Noble,0,0,LIV(A) 0-3,Sunderland,40121,Ryan,0,0,0,21,0,0,0,02 Jan 19:45,0,0,43,0,Forward,0,0
0,-16,Noble,0,0,WHU(H) 3-0,Sunderland,40122,Ryan,0,0,0,22,0,0,0,12 Jan 15:00,0,0,43,0,Forward,0,0
0,10,Noble,0,0,WIG(A) 3-2,Sunderland,40123,Ryan,0,0,0,23,0,0,0,19 Jan 15:00,0,0,43,0,Forward,0,0
0,22,Noble,0,0,SWA(H) 0-0,Sunderland,40124,Ryan,0,0,0,24,0,0,0,29 Jan 19:45,0,0,43,0,Forward,0,0
0,32,Noble,0,0,RDG(A) 1-2,Sunderland,40125,Ryan,0,0,0,25,0,0,0,02 Feb 15:00,0,0,43,0,Forward,0,0
0,123,Noble,0,0,ARS(H) 0-1,Sunderland,40126,Ryan,0,0,0,26,0,0,0,09 Feb 15:00,0,0,43,0,Forward,0,0
0,354,Noble,0,0,WBA(A) 1-2,Sunderland,40127,Ryan,0,0,0,27,0,0,0,23 Feb 15:00,0,0,43,0,Forward,0,0
0,526,Noble,0,0,FUL(H) 2-2,Sunderland,40128,Ryan,0,0,0,28,0,0,0,02 Mar 15:00,0,0,43,0,Forward,0,0
0,371,Noble,0,0,QPR(A) 1-3,Sunderland,40129,Ryan,0,0,0,29,0,0,0,09 Mar 15:00,0,0,43,0,Forward,0,0
0,96,Noble,0,0,NOR(H) 1-1,Sunderland,40130,Ryan,0,0,0,30,0,0,0,17 Mar 13:30,0,0,43,0,Forward,0,0
0,-70,Noble,0,0,MUN(H) 0-1,Sunderland,40131,Ryan,0,0,0,31,0,0,0,30 Mar 12:45,0,0,43,0,Forward,0,0
0,-44,Noble,0,0,CHE(A) 1-2,Sunderland,40132,Ryan,0,0,0,32,0,0,0,07 Apr 15:00,0,0,43,0,Forward,0,0
0,-70,Noble,0,0,NEW(A) 3-0,Sunderland,40133,Ryan,0,0,0,33,0,0,0,14 Apr 12:00,0,0,43,0,Forward,0,0
0,-39,Noble,0,0,EVE(H) 1-0,Sunderland,40134,Ryan,0,0,0,34,0,0,0,20 Apr 15:00,0,0,43,0,Forward,0,0
0,0,Noble,0,0,AVL(A) 1-6,Sunderland,40135,Ryan,0,0,0,35,0,0,0,29 Apr 20:00,0,0,43,0,Forward,0,0
0,2,Noble,0,0,STK(H) 1-1,Sunderland,40136,Ryan,0,0,0,36,0,0,0,06 May 20:00,0,0,43,0,Forward,0,0
0,-30,Noble,0,0,SOU(H) 1-1,Sunderland,40137,Ryan,0,0,0,37,0,0,0,12 May 15:00,0,0,43,0,Forward,0,0
0,-2,Noble,0,0,TOT(A) 0-1,Sunderland,40138,Ryan,0,0,0,38,0,0,0,19 May 16:00,0,0,43,0,Forward,0,0
1,0,Sandro,2,0,NEW(A) 1-2,Tottenham,4441,Raniere,0,84,9,1,0,0,0,18 Aug 17:30,0,0,50,1,Midfielder,0,0
0,-1056,Sandro,0,0,WBA(H) 1-1,Tottenham,4442,Raniere,0,72,6,2,0,1,0,25 Aug 15:00,0,0,50,3,Midfielder,0,0
0,-1242,Sandro,0,0,NOR(H) 1-1,Tottenham,4443,Raniere,0,45,4,3,0,0,0,01 Sep 15:00,0,0,50,1,Midfielder,0,0
0,-2209,Sandro,1,0,RDG(A) 3-1,Tottenham,4444,Raniere,0,90,21,4,1,0,0,16 Sep 16:00,0,0,49,3,Midfielder,0,0
0,-406,Sandro,1,0,QPR(H) 2-1,Tottenham,4445,Raniere,0,90,15,5,0,0,0,23 Sep 16:00,0,0,49,2,Midfielder,0,0
0,-836,Sandro,2,0,MUN(A) 3-2,Tottenham,4446,Raniere,0,90,16,6,0,0,0,29 Sep 17:30,0,0,49,2,Midfielder,0,0
0,113,Sandro,0,0,AVL(H) 2-0,Tottenham,4447,Raniere,0,90,16,7,0,1,0,07 Oct 15:00,0,0,49,3,Midfielder,0,0
0,-310,Sandro,4,0,CHE(H) 2-4,Tottenham,4448,Raniere,0,90,-4,8,0,0,0,20 Oct 12:45,0,0,49,2,Midfielder,0,0
1,609,Sandro,1,0,SOU(A) 2-1,Tottenham,4449,Raniere,0,90,18,9,0,0,0,28 Oct 15:00,0,0,48,1,Midfielder,0,0
0,684,Sandro,0,0,WIG(H) 0-1,Tottenham,44410,Raniere,0,22,2,10,0,0,0,03 Nov 15:00,0,0,48,1,Midfielder,0,0
0,-1341,Sandro,2,0,MCI(A) 1-2,Tottenham,44411,Raniere,0,90,3,11,0,0,0,11 Nov 13:30,0,0,48,2,Midfielder,0,0
1,-320,Sandro,5,0,ARS(A) 2-5,Tottenham,44412,Raniere,0,90,10,12,0,0,1,17 Nov 12:45,0,0,48,4,Midfielder,0,0
0,1028,Sandro,1,0,WHU(H) 3-1,Tottenham,44413,Raniere,0,85,17,13,0,0,0,25 Nov 16:00,0,0,48,2,Midfielder,0,0
0,-53,Sandro,1,0,LIV(H) 2-1,Tottenham,44414,Raniere,0,90,16,14,0,0,0,28 Nov 19:45,0,0,48,2,Midfielder,0,0
0,-13,Sandro,0,0,FUL(A) 3-0,Tottenham,44415,Raniere,0,90,33,15,2,1,0,01 Dec 15:00,0,0,48,10,Midfielder,0,1
0,2510,Sandro,2,0,EVE(A) 1-2,Tottenham,44416,Raniere,0,90,1,16,0,0,0,09 Dec 15:00,0,0,48,2,Midfielder,0,0
0,1403,Sandro,0,0,SWA(H) 1-0,Tottenham,44417,Raniere,0,90,18,17,1,1,0,16 Dec 13:30,0,0,48,4,Midfielder,0,0
1,3441,Sandro,0,0,STK(H) 0-0,Tottenham,44418,Raniere,0,90,5,18,0,1,0,22 Dec 15:00,0,0,48,2,Midfielder,0,0
0,1212,Sandro,0,0,AVL(A) 4-0,Tottenham,44419,Raniere,0,90,15,19,0,1,0,26 Dec 17:30,0,0,48,3,Midfielder,0,0
0,1662,Sandro,1,0,SUN(A) 2-1,Tottenham,44420,Raniere,0,90,17,20,0,0,0,29 Dec 12:45,0,0,48,2,Midfielder,0,0
0,2531,Sandro,1,0,RDG(H) 3-1,Tottenham,44421,Raniere,0,90,14,21,0,0,1,01 Jan 15:00,0,0,48,5,Midfielder,0,0
0,3915,Sandro,0,0,QPR(A) 0-0,Tottenham,44422,Raniere,0,24,0,22,0,0,0,12 Jan 12:45,0,0,48,1,Midfielder,0,0
0,-9887,Sandro,0,0,MUN(H) 1-1,Tottenham,44423,Raniere,0,0,0,23,0,0,0,20 Jan 16:00,0,0,48,0,Midfielder,0,0
0,-6232,Sandro,0,0,NOR(A) 1-1,Tottenham,44424,Raniere,0,0,0,24,0,0,0,30 Jan 19:45,0,0,48,0,Midfielder,0,0
0,-2007,Sandro,0,0,WBA(A) 1-0,Tottenham,44425,Raniere,0,0,0,25,0,0,0,03 Feb 13:30,0,0,48,0,Midfielder,0,0
0,-1574,Sandro,0,0,NEW(H) 2-1,Tottenham,44426,Raniere,0,0,0,26,0,0,0,09 Feb 12:45,0,0,48,0,Midfielder,0,0
0,-1192,Sandro,0,0,WHU(A) 3-2,Tottenham,44427,Raniere,0,0,0,27,0,0,0,25 Feb 20:00,0,0,48,0,Midfielder,0,0
0,-505,Sandro,0,0,ARS(H) 2-1,Tottenham,44428,Raniere,0,0,0,28,0,0,0,03 Mar 16:00,0,0,48,0,Midfielder,0,0
0,-388,Sandro,0,0,LIV(A) 2-3,Tottenham,44429,Raniere,0,0,0,29,0,0,0,10 Mar 16:00,0,0,47,0,Midfielder,0,0
0,-237,Sandro,0,0,FUL(H) 0-1,Tottenham,44430,Raniere,0,0,0,30,0,0,0,17 Mar 15:00,0,0,47,0,Midfielder,0,0
0,-233,Sandro,0,0,SWA(A) 2-1,Tottenham,44431,Raniere,0,0,0,31,0,0,0,30 Mar 15:00,0,0,47,0,Midfielder,0,0
0,-130,Sandro,0,0,EVE(H) 2-2,Tottenham,44432,Raniere,0,0,0,32,0,0,0,07 Apr 14:05,0,0,47,0,Midfielder,0,0
0,-65,Sandro,0,0,MCI(H) 3-1,Tottenham,44434,Raniere,0,0,0,34,0,0,0,21 Apr 13:30,0,0,47,0,Midfielder,0,0
0,-93,Sandro,0,0,WIG(A) 2-2,Tottenham,44435,Raniere,0,0,0,35,0,0,0,27 Apr 15:00,0,0,47,0,Midfielder,0,0
0,-87,Sandro,0,0,CHE(A) 2-2,Tottenham,44436,Raniere,0,0,0,36,0,0,0,08 May 19:45,0,0,47,0,Midfielder,0,0
0,-37,Sandro,0,0,STK(A) 2-1,Tottenham,44437,Raniere,0,0,0,37,0,0,0,12 May 13:30,0,0,47,0,Midfielder,0,0
0,-31,Sandro,0,0,SUN(H) 1-0,Tottenham,44438,Raniere,0,0,0,38,0,0,0,19 May 16:00,0,0,47,0,Midfielder,0,0
0,0,Van der Vaart,1,0,NEW(A) 1-2,Tottenham,4451,Rafael,0,23,2,1,0,0,0,18 Aug 17:30,0,0,90,1,Midfielder,0,0
0,-17599,Van der Vaart,0,0,WBA(H) 1-1,Tottenham,4452,Rafael,0,61,-4,2,0,1,0,25 Aug 15:00,0,0,90,3,Midfielder,0,0
0,-38110,Van der Vaart,0,0,NOR(H) 1-1,Tottenham,4453,Rafael,0,0,0,3,0,0,0,01 Sep 15:00,0,0,89,0,Midfielder,0,0
0,-31453,Van der Vaart,0,0,RDG(A) 3-1,Tottenham,4454,Rafael,0,0,0,4,0,0,0,16 Sep 16:00,0,0,89,0,Midfielder,0,0
0,-3904,Van der Vaart,0,0,QPR(H) 2-1,Tottenham,4455,Rafael,0,0,0,5,0,0,0,23 Sep 16:00,0,0,89,0,Midfielder,0,0
0,-1831,Van der Vaart,0,0,MUN(A) 3-2,Tottenham,4456,Rafael,0,0,0,6,0,0,0,29 Sep 17:30,0,0,89,0,Midfielder,0,0
0,-1095,Van der Vaart,0,0,AVL(H) 2-0,Tottenham,4457,Rafael,0,0,0,7,0,0,0,07 Oct 15:00,0,0,89,0,Midfielder,0,0
0,-773,Van der Vaart,0,0,CHE(H) 2-4,Tottenham,4458,Rafael,0,0,0,8,0,0,0,20 Oct 12:45,0,0,89,0,Midfielder,0,0
0,-306,Van der Vaart,0,0,SOU(A) 2-1,Tottenham,4459,Rafael,0,0,0,9,0,0,0,28 Oct 15:00,0,0,89,0,Midfielder,0,0
0,-277,Van der Vaart,0,0,WIG(H) 0-1,Tottenham,44510,Rafael,0,0,0,10,0,0,0,03 Nov 15:00,0,0,89,0,Midfielder,0,0
0,-198,Van der Vaart,0,0,MCI(A) 1-2,Tottenham,44511,Rafael,0,0,0,11,0,0,0,11 Nov 13:30,0,0,89,0,Midfielder,0,0
0,-176,Van der Vaart,0,0,ARS(A) 2-5,Tottenham,44512,Rafael,0,0,0,12,0,0,0,17 Nov 12:45,0,0,89,0,Midfielder,0,0
0,-173,Van der Vaart,0,0,WHU(H) 3-1,Tottenham,44513,Rafael,0,0,0,13,0,0,0,25 Nov 16:00,0,0,89,0,Midfielder,0,0
0,-74,Van der Vaart,0,0,LIV(H) 2-1,Tottenham,44514,Rafael,0,0,0,14,0,0,0,28 Nov 19:45,0,0,89,0,Midfielder,0,0
0,-92,Van der Vaart,0,0,FUL(A) 3-0,Tottenham,44515,Rafael,0,0,0,15,0,0,0,01 Dec 15:00,0,0,89,0,Midfielder,0,0
0,-131,Van der Vaart,0,0,EVE(A) 1-2,Tottenham,44516,Rafael,0,0,0,16,0,0,0,09 Dec 15:00,0,0,89,0,Midfielder,0,0
0,-114,Van der Vaart,0,0,SWA(H) 1-0,Tottenham,44517,Rafael,0,0,0,17,0,0,0,16 Dec 13:30,0,0,89,0,Midfielder,0,0
0,-103,Van der Vaart,0,0,STK(H) 0-0,Tottenham,44518,Rafael,0,0,0,18,0,0,0,22 Dec 15:00,0,0,89,0,Midfielder,0,0
0,-58,Van der Vaart,0,0,AVL(A) 4-0,Tottenham,44519,Rafael,0,0,0,19,0,0,0,26 Dec 17:30,0,0,89,0,Midfielder,0,0
0,-51,Van der Vaart,0,0,SUN(A) 2-1,Tottenham,44520,Rafael,0,0,0,20,0,0,0,29 Dec 12:45,0,0,89,0,Midfielder,0,0
0,-62,Van der Vaart,0,0,RDG(H) 3-1,Tottenham,44521,Rafael,0,0,0,21,0,0,0,01 Jan 15:00,0,0,89,0,Midfielder,0,0
0,-187,Van der Vaart,0,0,QPR(A) 0-0,Tottenham,44522,Rafael,0,0,0,22,0,0,0,12 Jan 12:45,0,0,89,0,Midfielder,0,0
0,-60,Van der Vaart,0,0,MUN(H) 1-1,Tottenham,44523,Rafael,0,0,0,23,0,0,0,20 Jan 16:00,0,0,89,0,Midfielder,0,0
0,-91,Van der Vaart,0,0,NOR(A) 1-1,Tottenham,44524,Rafael,0,0,0,24,0,0,0,30 Jan 19:45,0,0,89,0,Midfielder,0,0
0,-33,Van der Vaart,0,0,WBA(A) 1-0,Tottenham,44525,Rafael,0,0,0,25,0,0,0,03 Feb 13:30,0,0,89,0,Midfielder,0,0
0,-54,Van der Vaart,0,0,NEW(H) 2-1,Tottenham,44526,Rafael,0,0,0,26,0,0,0,09 Feb 12:45,0,0,89,0,Midfielder,0,0
0,-56,Van der Vaart,0,0,WHU(A) 3-2,Tottenham,44527,Rafael,0,0,0,27,0,0,0,25 Feb 20:00,0,0,89,0,Midfielder,0,0
0,-27,Van der Vaart,0,0,ARS(H) 2-1,Tottenham,44528,Rafael,0,0,0,28,0,0,0,03 Mar 16:00,0,0,89,0,Midfielder,0,0
0,-28,Van der Vaart,0,0,LIV(A) 2-3,Tottenham,44529,Rafael,0,0,0,29,0,0,0,10 Mar 16:00,0,0,89,0,Midfielder,0,0
0,-20,Van der Vaart,0,0,FUL(H) 0-1,Tottenham,44530,Rafael,0,0,0,30,0,0,0,17 Mar 15:00,0,0,89,0,Midfielder,0,0
0,-20,Van der Vaart,0,0,SWA(A) 2-1,Tottenham,44531,Rafael,0,0,0,31,0,0,0,30 Mar 15:00,0,0,89,0,Midfielder,0,0
0,-11,Van der Vaart,0,0,EVE(H) 2-2,Tottenham,44532,Rafael,0,0,0,32,0,0,0,07 Apr 14:05,0,0,89,0,Midfielder,0,0
0,-8,Van der Vaart,0,0,MCI(H) 3-1,Tottenham,44534,Rafael,0,0,0,34,0,0,0,21 Apr 13:30,0,0,89,0,Midfielder,0,0
0,-12,Van der Vaart,0,0,WIG(A) 2-2,Tottenham,44535,Rafael,0,0,0,35,0,0,0,27 Apr 15:00,0,0,89,0,Midfielder,0,0
0,-4,Van der Vaart,0,0,CHE(A) 2-2,Tottenham,44536,Rafael,0,0,0,36,0,0,0,08 May 19:45,0,0,89,0,Midfielder,0,0
0,-4,Van der Vaart,0,0,STK(A) 2-1,Tottenham,44537,Rafael,0,0,0,37,0,0,0,12 May 13:30,0,0,89,0,Midfielder,0,0
0,-5,Van der Vaart,0,0,SUN(H) 1-0,Tottenham,44538,Rafael,0,0,0,38,0,0,0,19 May 16:00,0,0,89,0,Midfielder,0,0
0,0,Morrison,0,0,AVL(H) 1-0,West Ham,5001,Ravel,0,0,0,1,0,0,0,18 Aug 15:00,0,0,45,0,Midfielder,0,0
0,-431,Morrison,0,0,SWA(A) 0-3,West Ham,5002,Ravel,0,0,0,2,0,0,0,25 Aug 12:45,0,0,45,0,Midfielder,0,0
0,-329,Morrison,0,0,FUL(H) 3-0,West Ham,5003,Ravel,0,0,0,3,0,0,0,01 Sep 12:45,0,0,45,0,Midfielder,0,0
0,-211,Morrison,0,0,NOR(A) 0-0,West Ham,5004,Ravel,0,0,0,4,0,0,0,15 Sep 12:45,0,0,45,0,Midfielder,0,0
0,-81,Morrison,0,0,SUN(H) 1-1,West Ham,5005,Ravel,0,0,0,5,0,0,0,22 Sep 15:00,0,0,45,0,Midfielder,0,0
0,-55,Morrison,0,0,QPR(A) 2-1,West Ham,5006,Ravel,0,0,0,6,0,0,0,01 Oct 20:00,0,0,45,0,Midfielder,0,0
0,-29,Morrison,0,0,ARS(H) 1-3,West Ham,5007,Ravel,0,0,0,7,0,0,0,06 Oct 17:30,0,0,45,0,Midfielder,0,0
0,-30,Morrison,0,0,SOU(H) 4-1,West Ham,5008,Ravel,0,0,0,8,0,0,0,20 Oct 15:00,0,0,45,0,Midfielder,0,0
0,-20,Morrison,0,0,WIG(A) 1-2,West Ham,5009,Ravel,0,0,0,9,0,0,0,27 Oct 15:00,0,0,45,0,Midfielder,0,0
0,-21,Morrison,0,0,MCI(H) 0-0,West Ham,50010,Ravel,0,0,0,10,0,0,0,03 Nov 17:30,0,0,45,0,Midfielder,0,0
0,-17,Morrison,0,0,NEW(A) 1-0,West Ham,50011,Ravel,0,0,0,11,0,0,0,11 Nov 15:00,0,0,45,0,Midfielder,0,0
0,-20,Morrison,0,0,STK(H) 1-1,West Ham,50012,Ravel,0,0,0,12,0,0,0,19 Nov 20:00,0,0,45,0,Midfielder,0,0
0,-19,Morrison,0,0,TOT(A) 1-3,West Ham,50013,Ravel,0,0,0,13,0,0,0,25 Nov 16:00,0,0,45,0,Midfielder,0,0
0,-1,Morrison,0,0,MUN(A) 0-1,West Ham,50014,Ravel,0,0,0,14,0,0,0,28 Nov 20:00,0,0,45,0,Midfielder,0,0
0,-5,Morrison,0,0,CHE(H) 3-1,West Ham,50015,Ravel,0,0,0,15,0,0,0,01 Dec 12:45,0,0,45,0,Midfielder,0,0
0,-14,Morrison,0,0,LIV(H) 2-3,West Ham,50016,Ravel,0,0,0,16,0,0,0,09 Dec 16:00,0,0,45,0,Midfielder,0,0
0,-15,Morrison,0,0,WBA(A) 0-0,West Ham,50017,Ravel,0,0,0,17,0,0,0,16 Dec 16:00,0,0,45,0,Midfielder,0,0
0,-11,Morrison,0,0,EVE(H) 1-2,West Ham,50018,Ravel,0,0,0,18,0,0,0,22 Dec 15:00,0,0,45,0,Midfielder,0,0
0,-7,Morrison,0,0,RDG(A) 0-1,West Ham,50020,Ravel,0,0,0,20,0,0,0,29 Dec 15:00,0,0,45,0,Midfielder,0,0
0,-5,Morrison,0,0,NOR(H) 2-1,West Ham,50021,Ravel,0,0,0,21,0,0,0,01 Jan 15:00,0,0,45,0,Midfielder,0,0
0,-16,Morrison,0,0,SUN(A) 0-3,West Ham,50022,Ravel,0,0,0,22,0,0,0,12 Jan 15:00,0,0,45,0,Midfielder,0,0
0,-12,Morrison,0,0,ARS(A) 1-5,West Ham,50023,Ravel,0,0,0,23,0,0,0,23 Jan 19:45,0,0,45,0,Midfielder,0,0
0,-6,Morrison,0,0,FUL(A) 1-3,West Ham,50024,Ravel,0,0,0,24,0,0,0,30 Jan 20:00,0,0,45,0,Midfielder,0,0
0,-1,Morrison,0,0,SWA(H) 1-0,West Ham,50025,Ravel,0,0,0,25,0,0,0,02 Feb 15:00,0,0,45,0,Midfielder,0,0
0,-3,Morrison,0,0,AVL(A) 1-2,West Ham,50026,Ravel,0,0,0,26,0,0,0,10 Feb 13:30,0,0,45,0,Midfielder,0,0
0,-9,Morrison,0,0,TOT(H) 2-3,West Ham,50027,Ravel,0,0,0,27,0,0,0,25 Feb 20:00,0,0,45,0,Midfielder,0,0
0,-3,Morrison,0,0,STK(A) 1-0,West Ham,50028,Ravel,0,0,0,28,0,0,0,02 Mar 15:00,0,0,45,0,Midfielder,0,0
0,-4,Morrison,0,0,CHE(A) 0-2,West Ham,50030,Ravel,0,0,0,30,0,0,0,17 Mar 16:00,0,0,45,0,Midfielder,0,0
0,-2,Morrison,0,0,WBA(H) 3-1,West Ham,50031,Ravel,0,0,0,31,0,0,0,30 Mar 15:00,0,0,45,0,Midfielder,0,0
0,-1,Morrison,0,0,LIV(A) 0-0,West Ham,50032,Ravel,0,0,0,32,0,0,0,07 Apr 13:30,0,0,45,0,Midfielder,0,0
0,0,Morrison,0,0,MUN(H) 2-2,West Ham,50033,Ravel,0,0,0,33,0,0,0,17 Apr 19:45,0,0,45,0,Midfielder,0,0
0,0,Morrison,0,0,WIG(H) 2-0,West Ham,50034,Ravel,0,0,0,34,0,0,0,20 Apr 15:00,0,0,45,0,Midfielder,0,0
0,-2,Morrison,0,0,MCI(A) 1-2,West Ham,50035,Ravel,0,0,0,35,0,0,0,27 Apr 12:45,0,0,45,0,Midfielder,0,0
0,0,Morrison,0,0,NEW(H) 0-0,West Ham,50036,Ravel,0,0,0,36,0,0,0,04 May 15:00,0,0,45,0,Midfielder,0,0
0,-4,Morrison,0,0,EVE(A) 0-2,West Ham,50037,Ravel,0,0,0,37,0,0,0,12 May 15:00,0,0,45,0,Midfielder,0,0
0,-2,Morrison,0,0,RDG(H) 4-2,West Ham,50038,Ravel,0,0,0,38,0,0,0,19 May 16:00,0,0,45,0,Midfielder,0,0
0,0,Vaz Te,0,0,AVL(H) 1-0,West Ham,5041,Ricardo,0,90,16,1,0,1,1,18 Aug 15:00,0,0,55,5,Forward,0,0
0,4385,Vaz Te,1,0,SWA(A) 0-3,West Ham,5042,Ricardo,0,45,-2,2,0,0,0,25 Aug 12:45,0,0,55,1,Forward,0,0
0,-8421,Vaz Te,0,0,FUL(H) 3-0,West Ham,5043,Ricardo,0,90,21,3,0,1,1,01 Sep 12:45,0,0,55,5,Forward,0,0
0,5018,Vaz Te,0,0,NOR(A) 0-0,West Ham,5044,Ricardo,0,85,16,4,3,1,0,15 Sep 12:45,0,0,55,5,Forward,0,0
0,-779,Vaz Te,1,0,SUN(H) 1-1,West Ham,5045,Ricardo,0,56,0,5,0,0,0,22 Sep 15:00,0,0,55,1,Forward,0,0
0,-5687,Vaz Te,1,0,QPR(A) 2-1,West Ham,5046,Ricardo,0,90,31,6,3,0,0,01 Oct 20:00,0,0,55,9,Forward,0,1
0,223,Vaz Te,1,0,ARS(H) 1-3,West Ham,5047,Ricardo,0,63,2,7,0,0,0,06 Oct 17:30,0,0,55,2,Forward,0,0
0,-16719,Vaz Te,0,0,SOU(H) 4-1,West Ham,5048,Ricardo,0,0,0,8,0,0,0,20 Oct 15:00,0,0,54,0,Forward,0,0
0,-6301,Vaz Te,0,0,WIG(A) 1-2,West Ham,5049,Ricardo,0,0,0,9,0,0,0,27 Oct 15:00,0,0,53,0,Forward,0,0
0,-3399,Vaz Te,0,0,MCI(H) 0-0,West Ham,50410,Ricardo,0,0,0,10,0,0,0,03 Nov 17:30,0,0,53,0,Forward,0,0
0,-1931,Vaz Te,0,0,NEW(A) 1-0,West Ham,50411,Ricardo,0,0,0,11,0,0,0,11 Nov 15:00,0,0,52,0,Forward,0,0
0,-1701,Vaz Te,0,0,STK(H) 1-1,West Ham,50412,Ricardo,0,0,0,12,0,0,0,19 Nov 20:00,0,0,52,0,Forward,0,0
0,-1344,Vaz Te,0,0,TOT(A) 1-3,West Ham,50413,Ricardo,0,0,0,13,0,0,0,25 Nov 16:00,0,0,52,0,Forward,0,0
0,-595,Vaz Te,0,0,MUN(A) 0-1,West Ham,50414,Ricardo,0,0,0,14,0,0,0,28 Nov 20:00,0,0,52,0,Forward,0,0
0,-518,Vaz Te,0,0,CHE(H) 3-1,West Ham,50415,Ricardo,0,0,0,15,0,0,0,01 Dec 12:45,0,0,52,0,Forward,0,0
0,-830,Vaz Te,0,0,LIV(H) 2-3,West Ham,50416,Ricardo,0,0,0,16,0,0,0,09 Dec 16:00,0,0,52,0,Forward,0,0
0,-563,Vaz Te,0,0,WBA(A) 0-0,West Ham,50417,Ricardo,0,0,0,17,0,0,0,16 Dec 16:00,0,0,52,0,Forward,0,0
0,-450,Vaz Te,0,0,EVE(H) 1-2,West Ham,50418,Ricardo,0,0,0,18,0,0,0,22 Dec 15:00,0,0,51,0,Forward,0,0
0,-229,Vaz Te,0,0,RDG(A) 0-1,West Ham,50420,Ricardo,0,24,-3,20,0,0,0,29 Dec 15:00,0,0,51,1,Forward,0,0
0,286,Vaz Te,0,0,NOR(H) 2-1,West Ham,50421,Ricardo,0,81,3,21,0,1,0,01 Jan 15:00,0,0,51,2,Forward,0,0
0,220,Vaz Te,2,0,SUN(A) 0-3,West Ham,50422,Ricardo,0,45,5,22,0,0,0,12 Jan 15:00,0,0,51,1,Forward,0,0
1,2640,Vaz Te,5,0,ARS(A) 1-5,West Ham,50423,Ricardo,0,69,-8,23,0,0,0,23 Jan 19:45,0,0,51,1,Forward,0,0
0,-1592,Vaz Te,0,0,FUL(A) 1-3,West Ham,50424,Ricardo,0,0,0,24,0,0,0,30 Jan 20:00,0,0,51,0,Forward,0,0
1,-1063,Vaz Te,0,0,SWA(H) 1-0,West Ham,50425,Ricardo,0,90,23,25,0,1,0,02 Feb 15:00,0,0,51,1,Forward,0,0
0,-288,Vaz Te,2,0,AVL(A) 1-2,West Ham,50426,Ricardo,0,24,1,26,0,0,0,10 Feb 13:30,0,0,51,1,Forward,0,0
0,-344,Vaz Te,0,0,TOT(H) 2-3,West Ham,50427,Ricardo,0,0,0,27,0,0,0,25 Feb 20:00,0,0,51,0,Forward,0,0
0,-279,Vaz Te,0,0,STK(A) 1-0,West Ham,50428,Ricardo,0,80,12,28,0,1,1,02 Mar 15:00,0,0,51,5,Forward,0,0
0,-96,Vaz Te,2,0,CHE(A) 0-2,West Ham,50430,Ricardo,0,79,3,30,0,0,0,17 Mar 16:00,0,0,51,2,Forward,0,0
0,26,Vaz Te,1,0,WBA(H) 3-1,West Ham,50431,Ricardo,0,90,11,31,0,0,1,30 Mar 15:00,0,0,51,5,Forward,0,0
0,174,Vaz Te,0,0,LIV(A) 0-0,West Ham,50432,Ricardo,0,61,0,32,0,1,0,07 Apr 13:30,0,0,51,2,Forward,0,0
0,540,Vaz Te,2,0,MUN(H) 2-2,West Ham,50433,Ricardo,0,90,20,33,0,0,0,17 Apr 19:45,0,0,51,6,Forward,0,1
0,657,Vaz Te,0,0,WIG(H) 2-0,West Ham,50434,Ricardo,0,60,6,34,0,1,0,20 Apr 15:00,0,0,51,2,Forward,0,0
0,-48,Vaz Te,1,0,MCI(A) 1-2,West Ham,50435,Ricardo,0,65,2,35,0,0,0,27 Apr 12:45,0,0,51,2,Forward,0,0
0,-192,Vaz Te,0,0,NEW(H) 0-0,West Ham,50436,Ricardo,0,57,1,36,0,0,0,04 May 15:00,0,0,51,1,Forward,0,0
0,-162,Vaz Te,0,0,EVE(A) 0-2,West Ham,50437,Ricardo,0,0,0,37,0,0,0,12 May 15:00,0,0,51,0,Forward,0,0
0,156,Vaz Te,2,0,RDG(H) 4-2,West Ham,50438,Ricardo,0,80,20,38,0,0,0,19 May 16:00,0,0,51,6,Forward,0,1
0,0,Stam,0,0,CHE(H) 0-2,Wigan,5121,Ronnie,0,0,0,1,0,0,0,19 Aug 13:30,0,0,40,0,Defender,0,0
0,-6815,Stam,0,0,SOU(A) 2-0,Wigan,5122,Ronnie,0,0,0,2,0,0,0,25 Aug 15:00,0,0,40,0,Defender,0,0
0,-9981,Stam,0,0,STK(H) 2-2,Wigan,5123,Ronnie,0,0,0,3,0,0,0,01 Sep 15:00,0,0,40,0,Defender,0,0
0,-5959,Stam,0,0,MUN(A) 0-4,Wigan,5124,Ronnie,0,0,0,4,0,0,0,15 Sep 15:00,0,0,39,0,Defender,0,0
0,-2021,Stam,0,0,FUL(H) 1-2,Wigan,5125,Ronnie,0,0,0,5,0,0,0,22 Sep 15:00,0,0,39,0,Defender,0,0
0,-1744,Stam,0,0,SUN(A) 0-1,Wigan,5126,Ronnie,0,0,0,6,0,0,0,29 Sep 15:00,0,0,39,0,Defender,0,0
0,-1180,Stam,0,0,EVE(H) 2-2,Wigan,5127,Ronnie,0,0,0,7,0,0,0,06 Oct 15:00,0,0,39,0,Defender,0,0
0,-1098,Stam,0,0,SWA(A) 1-2,Wigan,5128,Ronnie,0,0,0,8,0,0,0,20 Oct 15:00,0,0,39,0,Defender,0,0
0,-982,Stam,0,0,WHU(H) 2-1,Wigan,5129,Ronnie,0,0,0,9,0,0,0,27 Oct 15:00,0,0,39,0,Defender,0,0
0,-1336,Stam,0,0,TOT(A) 1-0,Wigan,51210,Ronnie,0,0,0,10,0,0,0,03 Nov 15:00,0,0,39,0,Defender,0,0
0,-652,Stam,0,0,WBA(H) 1-2,Wigan,51211,Ronnie,0,27,2,11,0,0,0,10 Nov 15:00,0,0,38,1,Defender,0,0
0,4570,Stam,0,0,LIV(A) 0-3,Wigan,51212,Ronnie,0,0,0,12,0,0,0,17 Nov 15:00,0,0,38,0,Defender,0,0
0,2399,Stam,2,0,RDG(H) 3-2,Wigan,51213,Ronnie,0,90,18,13,0,0,0,24 Nov 15:00,0,0,38,1,Defender,0,0
0,1352,Stam,2,0,MCI(H) 0-2,Wigan,51214,Ronnie,0,90,10,14,0,0,0,28 Nov 20:00,0,0,38,1,Defender,0,0
0,2085,Stam,3,0,NEW(A) 0-3,Wigan,51215,Ronnie,0,90,2,15,0,0,0,03 Dec 20:00,0,0,38,1,Defender,0,0
0,705,Stam,2,0,QPR(H) 2-2,Wigan,51216,Ronnie,0,90,10,16,0,0,0,08 Dec 15:00,0,0,38,1,Defender,0,0
0,1158,Stam,2,0,NOR(A) 1-2,Wigan,51217,Ronnie,0,90,17,17,0,0,0,15 Dec 15:00,0,0,38,1,Defender,0,0
0,1803,Stam,1,0,ARS(H) 0-1,Wigan,51218,Ronnie,0,90,6,18,0,0,0,22 Dec 12:45,0,0,38,2,Defender,0,0
0,2135,Stam,2,0,EVE(A) 1-2,Wigan,51219,Ronnie,0,78,12,19,0,0,0,26 Dec 15:00,0,0,38,1,Defender,0,0
0,1815,Stam,0,0,AVL(A) 3-0,Wigan,51220,Ronnie,0,0,0,20,0,0,0,29 Dec 15:00,0,0,38,0,Defender,0,0
0,230,Stam,1,0,MUN(H) 0-4,Wigan,51221,Ronnie,0,22,-1,21,0,0,0,01 Jan 15:00,0,0,38,1,Defender,0,0
0,3077,Stam,0,0,FUL(A) 1-1,Wigan,51222,Ronnie,0,1,0,22,0,0,0,12 Jan 15:00,0,0,38,1,Defender,0,0
0,877,Stam,3,0,SUN(H) 2-3,Wigan,51223,Ronnie,0,45,8,23,0,0,1,19 Jan 15:00,0,0,38,3,Defender,0,0
0,3320,Stam,1,0,STK(A) 2-2,Wigan,51224,Ronnie,0,42,6,24,0,0,0,29 Jan 19:45,0,0,38,1,Defender,0,0
0,1270,Stam,0,0,SOU(H) 2-2,Wigan,51225,Ronnie,0,55,4,25,0,0,0,02 Feb 15:00,0,0,38,1,Defender,0,0
0,302,Stam,2,0,CHE(A) 1-4,Wigan,51226,Ronnie,0,82,-1,26,0,0,0,09 Feb 15:00,0,0,38,1,Defender,0,0
0,508,Stam,0,0,RDG(A) 3-0,Wigan,51227,Ronnie,0,0,0,27,0,0,0,23 Feb 15:00,0,0,38,0,Defender,0,0
0,-522,Stam,0,0,LIV(H) 0-4,Wigan,51228,Ronnie,0,0,0,28,0,0,0,02 Mar 17:30,0,0,38,0,Defender,0,0
0,-663,Stam,0,0,NEW(H) 2-1,Wigan,51230,Ronnie,0,0,0,30,0,0,0,17 Mar 16:00,0,0,38,0,Defender,0,0
0,-727,Stam,0,0,NOR(H) 1-0,Wigan,51231,Ronnie,0,0,0,31,0,0,0,30 Mar 15:00,0,0,38,0,Defender,0,0
0,-673,Stam,0,0,QPR(A) 1-1,Wigan,51232,Ronnie,0,0,0,32,0,0,0,07 Apr 16:10,0,0,38,0,Defender,0,0
0,-1014,Stam,0,0,MCI(A) 0-1,Wigan,51233,Ronnie,0,0,0,33,0,0,0,17 Apr 19:45,0,0,38,0,Defender,0,0
0,-437,Stam,0,0,WHU(A) 0-2,Wigan,51234,Ronnie,0,0,0,34,0,0,0,20 Apr 15:00,0,0,38,0,Defender,0,0
0,-367,Stam,1,0,TOT(H) 2-2,Wigan,51235,Ronnie,0,56,6,35,0,0,0,27 Apr 15:00,0,0,38,1,Defender,0,0
0,1952,Stam,0,0,SWA(H) 2-3,Wigan,51236,Ronnie,0,5,0,36,0,0,0,07 May 19:45,0,0,38,1,Defender,0,0
0,-949,Stam,0,0,ARS(A) 1-4,Wigan,51237,Ronnie,0,0,0,37,0,0,0,14 May 19:45,0,0,38,0,Defender,0,0
0,-1047,Stam,0,0,AVL(H) 2-2,Wigan,51238,Ronnie,0,0,0,38,0,0,0,19 May 16:00,0,0,38,0,Defender,0,0
0,0,Snodgrass,3,0,FUL(A) 0-5,Norwich,5411,Robert,0,55,-2,1,0,0,0,18 Aug 15:00,0,0,60,1,Midfielder,0,0
0,-2469,Snodgrass,1,0,QPR(H) 1-1,Norwich,5412,Robert,0,90,14,2,1,0,0,25 Aug 15:00,0,0,60,3,Midfielder,0,0
0,-2530,Snodgrass,1,0,TOT(A) 1-1,Norwich,5413,Robert,0,90,31,3,3,0,0,01 Sep 15:00,0,0,59,10,Midfielder,0,1
0,9565,Snodgrass,0,0,WHU(H) 0-0,Norwich,5414,Robert,0,90,-1,4,0,1,0,15 Sep 12:45,0,0,59,3,Midfielder,0,0
0,821,Snodgrass,1,0,NEW(A) 0-1,Norwich,5415,Robert,0,90,0,5,0,0,0,23 Sep 15:00,0,0,59,2,Midfielder,0,0
0,-647,Snodgrass,5,0,LIV(H) 2-5,Norwich,5416,Robert,0,90,7,6,0,0,0,29 Sep 15:00,0,0,59,2,Midfielder,0,0
0,-3099,Snodgrass,0,0,CHE(A) 1-4,Norwich,5417,Robert,0,0,0,7,0,0,0,06 Oct 15:00,0,0,59,0,Midfielder,0,0
0,-4027,Snodgrass,0,0,ARS(H) 1-0,Norwich,5418,Robert,0,12,2,8,0,0,0,20 Oct 17:30,0,0,59,1,Midfielder,0,0
0,-2051,Snodgrass,0,0,AVL(A) 1-1,Norwich,5419,Robert,0,27,-14,9,0,0,0,27 Oct 12:45,0,0,59,1,Midfielder,0,0
0,-1492,Snodgrass,0,0,STK(H) 1-0,Norwich,54110,Robert,0,90,24,10,2,1,1,03 Nov 15:00,0,0,58,8,Midfielder,0,0
0,667,Snodgrass,0,0,RDG(A) 0-0,Norwich,54111,Robert,0,85,-3,11,0,1,0,10 Nov 15:00,0,0,58,3,Midfielder,0,0
0,-650,Snodgrass,0,0,MUN(H) 1-0,Norwich,54112,Robert,0,90,9,12,0,1,0,17 Nov 17:30,0,0,58,3,Midfielder,0,0
0,-195,Snodgrass,1,0,EVE(A) 1-1,Norwich,54113,Robert,0,88,5,13,0,0,0,24 Nov 15:00,0,0,58,2,Midfielder,0,0
0,-235,Snodgrass,1,0,SOU(A) 1-1,Norwich,54114,Robert,0,87,35,14,3,0,0,28 Nov 19:45,0,0,58,10,Midfielder,0,1
0,4974,Snodgrass,1,0,SUN(H) 2-1,Norwich,54115,Robert,0,76,15,15,0,0,0,02 Dec 16:00,0,0,58,2,Midfielder,0,0
0,136,Snodgrass,3,0,SWA(A) 4-3,Norwich,54116,Robert,0,90,56,16,3,0,2,08 Dec 15:00,0,0,58,16,Midfielder,0,1
0,78536,Snodgrass,1,0,WIG(H) 2-1,Norwich,54117,Robert,0,90,22,17,1,0,0,15 Dec 15:00,0,0,59,3,Midfielder,0,0
0,18256,Snodgrass,2,0,WBA(A) 1-2,Norwich,54118,Robert,0,90,39,18,3,0,0,22 Dec 15:00,0,0,60,10,Midfielder,0,1
0,35368,Snodgrass,1,0,CHE(H) 0-1,Norwich,54119,Robert,0,90,-5,19,0,0,0,26 Dec 15:00,0,0,61,2,Midfielder,0,0
0,11866,Snodgrass,4,0,MCI(H) 3-4,Norwich,54120,Robert,0,90,21,20,0,0,1,29 Dec 15:00,0,0,62,5,Midfielder,0,0
0,22760,Snodgrass,2,0,WHU(A) 1-2,Norwich,54121,Robert,0,90,7,21,0,0,0,01 Jan 15:00,0,0,62,2,Midfielder,0,0
0,-2699,Snodgrass,0,0,NEW(H) 0-0,Norwich,54122,Robert,0,76,13,22,1,1,0,12 Jan 15:00,0,0,63,4,Midfielder,0,0
1,-13007,Snodgrass,5,0,LIV(A) 0-5,Norwich,54123,Robert,0,85,3,23,0,0,0,19 Jan 15:00,0,0,63,1,Midfielder,0,0
1,-14147,Snodgrass,1,0,TOT(H) 1-1,Norwich,54124,Robert,0,90,20,24,3,0,0,30 Jan 19:45,0,0,63,4,Midfielder,0,0
0,91,Snodgrass,0,0,QPR(A) 0-0,Norwich,54125,Robert,0,90,11,25,0,1,0,02 Feb 12:45,0,0,62,3,Midfielder,0,0
1,-4116,Snodgrass,0,0,FUL(H) 0-0,Norwich,54126,Robert,0,90,15,26,0,1,0,09 Feb 15:00,0,0,62,2,Midfielder,0,0
0,5532,Snodgrass,1,0,EVE(H) 2-1,Norwich,54127,Robert,0,90,19,27,0,0,1,23 Feb 15:00,0,0,62,5,Midfielder,0,0
1,724,Snodgrass,1,0,MUN(A) 0-4,Norwich,54128,Robert,0,72,1,28,0,0,0,02 Mar 15:00,0,0,62,1,Midfielder,0,0
0,32125,Snodgrass,0,0,SOU(H) 0-0,Norwich,54129,Robert,0,90,13,29,0,1,0,09 Mar 15:00,0,0,63,3,Midfielder,0,0
1,-7947,Snodgrass,1,0,SUN(A) 1-1,Norwich,54130,Robert,0,87,11,30,0,0,0,17 Mar 13:30,0,0,63,1,Midfielder,0,0
0,5559,Snodgrass,1,0,WIG(A) 0-1,Norwich,54131,Robert,0,90,5,31,0,0,0,30 Mar 15:00,0,0,63,2,Midfielder,0,0
1,-1138,Snodgrass,2,0,SWA(H) 2-2,Norwich,54132,Robert,0,90,15,32,0,0,0,06 Apr 15:00,0,0,63,6,Midfielder,0,1
1,-4549,Snodgrass,3,0,ARS(A) 1-3,Norwich,54133,Robert,0,90,6,33,0,0,1,13 Apr 15:00,0,0,63,4,Midfielder,0,0
1,23072,Snodgrass,1,0,RDG(H) 2-1,Norwich,54134,Robert,0,88,18,34,0,0,0,20 Apr 15:00,0,0,63,1,Midfielder,0,0
0,-12766,Snodgrass,1,0,STK(A) 0-1,Norwich,54135,Robert,0,73,-3,35,0,0,0,27 Apr 15:00,0,0,64,2,Midfielder,0,0
0,-19776,Snodgrass,1,0,AVL(H) 1-2,Norwich,54136,Robert,0,84,14,36,0,0,1,04 May 15:00,0,0,62,5,Midfielder,0,0
0,2497,Snodgrass,0,0,WBA(H) 4-0,Norwich,54137,Robert,0,75,34,37,3,1,1,12 May 15:00,0,0,62,14,Midfielder,0,1
0,-1257,Snodgrass,2,0,MCI(A) 3-2,Norwich,54138,Robert,0,90,28,38,0,0,1,19 May 16:00,0,0,62,5,Midfielder,0,0
0,0,Vlaar,1,0,WHU(A) 0-1,Aston Villa,5441,Ron,0,90,13,1,0,0,0,18 Aug 15:00,0,0,50,2,Defender,0,0
0,-669,Vlaar,3,0,EVE(H) 1-3,Aston Villa,5442,Ron,0,90,10,2,0,0,0,25 Aug 15:00,0,0,50,1,Defender,0,0
0,-4349,Vlaar,1,0,NEW(A) 1-1,Aston Villa,5443,Ron,0,90,18,3,0,0,0,02 Sep 16:00,0,0,50,2,Defender,0,0
0,-2280,Vlaar,0,0,SWA(H) 2-0,Aston Villa,5444,Ron,0,90,16,4,0,1,0,15 Sep 15:00,0,0,49,6,Defender,0,0
1,49,Vlaar,4,0,SOU(A) 1-4,Aston Villa,5445,Ron,0,90,2,5,0,0,0,22 Sep 15:00,0,0,49,-1,Defender,0,0
0,-1406,Vlaar,1,0,WBA(H) 1-1,Aston Villa,5446,Ron,0,90,6,6,0,0,0,30 Sep 16:00,0,0,49,2,Defender,0,0
0,-938,Vlaar,2,0,TOT(A) 0-2,Aston Villa,5447,Ron,0,90,11,7,0,0,0,07 Oct 15:00,0,0,49,1,Defender,0,0
0,-878,Vlaar,1,0,FUL(A) 0-1,Aston Villa,5448,Ron,0,90,3,8,0,0,0,20 Oct 15:00,0,0,48,2,Defender,0,0
0,-357,Vlaar,1,0,NOR(H) 1-1,Aston Villa,5449,Ron,0,90,12,9,0,0,0,27 Oct 12:45,0,0,48,2,Defender,0,0
0,-682,Vlaar,0,0,SUN(A) 1-0,Aston Villa,54410,Ron,0,90,12,10,0,1,0,03 Nov 15:00,0,0,48,6,Defender,0,0
0,-454,Vlaar,3,0,MUN(H) 2-3,Aston Villa,54411,Ron,1,90,6,11,0,0,0,10 Nov 17:30,0,0,48,-1,Defender,0,0
0,-614,Vlaar,5,0,MCI(A) 0-5,Aston Villa,54412,Ron,0,90,6,12,0,0,0,17 Nov 15:00,0,0,48,0,Defender,0,0
0,-605,Vlaar,0,0,ARS(H) 0-0,Aston Villa,54413,Ron,0,50,5,13,0,0,0,24 Nov 17:30,0,0,47,1,Defender,0,0
0,-800,Vlaar,0,0,RDG(H) 1-0,Aston Villa,54414,Ron,0,0,0,14,0,0,0,27 Nov 20:00,0,0,47,0,Defender,0,0
0,-1103,Vlaar,0,0,QPR(A) 1-1,Aston Villa,54415,Ron,0,0,0,15,0,0,0,01 Dec 15:00,0,0,47,0,Defender,0,0
0,-1080,Vlaar,0,0,STK(H) 0-0,Aston Villa,54416,Ron,0,0,0,16,0,0,0,08 Dec 15:00,0,0,46,0,Defender,0,0
0,-875,Vlaar,0,0,LIV(A) 3-1,Aston Villa,54417,Ron,0,0,0,17,0,0,0,15 Dec 15:00,0,0,46,0,Defender,0,0
0,-750,Vlaar,0,0,CHE(A) 0-8,Aston Villa,54418,Ron,0,0,0,18,0,0,0,23 Dec 16:00,0,0,45,0,Defender,0,0
0,-300,Vlaar,0,0,TOT(H) 0-4,Aston Villa,54419,Ron,0,0,0,19,0,0,0,26 Dec 17:30,0,0,45,0,Defender,0,0
0,-430,Vlaar,0,0,WIG(H) 0-3,Aston Villa,54420,Ron,0,0,0,20,0,0,0,29 Dec 15:00,0,0,45,0,Defender,0,0
0,-269,Vlaar,0,0,SWA(A) 2-2,Aston Villa,54421,Ron,0,0,0,21,0,0,0,01 Jan 15:00,0,0,45,0,Defender,0,0
0,-730,Vlaar,0,0,SOU(H) 0-1,Aston Villa,54422,Ron,0,0,0,22,0,0,0,12 Jan 15:00,0,0,45,0,Defender,0,0
0,-93,Vlaar,2,0,WBA(A) 2-2,Aston Villa,54423,Ron,0,90,1,23,0,0,0,19 Jan 17:30,0,0,45,1,Defender,0,0
0,77,Vlaar,2,0,NEW(H) 1-2,Aston Villa,54424,Ron,0,90,7,24,0,0,0,29 Jan 19:45,0,0,45,1,Defender,0,0
0,-119,Vlaar,3,0,EVE(A) 3-3,Aston Villa,54425,Ron,0,90,17,25,0,0,0,02 Feb 15:00,0,0,45,1,Defender,0,0
0,-49,Vlaar,1,0,WHU(H) 2-1,Aston Villa,54426,Ron,0,90,12,26,0,0,0,10 Feb 13:30,0,0,45,2,Defender,0,0
0,-13,Vlaar,0,0,ARS(A) 1-2,Aston Villa,54427,Ron,0,0,0,27,0,0,0,23 Feb 15:00,0,0,45,0,Defender,0,0
0,-133,Vlaar,0,0,MCI(H) 0-1,Aston Villa,54428,Ron,0,0,0,28,0,0,0,04 Mar 20:00,0,0,45,0,Defender,0,0
0,-90,Vlaar,1,0,RDG(A) 2-1,Aston Villa,54429,Ron,0,90,14,29,0,0,0,09 Mar 15:00,0,0,45,2,Defender,0,0
0,41,Vlaar,2,0,QPR(H) 3-2,Aston Villa,54430,Ron,0,90,17,30,0,0,0,16 Mar 15:00,0,0,45,1,Defender,0,0
0,-20,Vlaar,2,0,LIV(H) 1-2,Aston Villa,54431,Ron,0,90,8,31,0,0,0,31 Mar 13:30,0,0,45,1,Defender,0,0
0,23,Vlaar,1,0,STK(A) 3-1,Aston Villa,54432,Ron,0,90,17,32,0,0,0,06 Apr 15:00,0,0,45,2,Defender,0,0
0,29,Vlaar,1,0,FUL(H) 1-1,Aston Villa,54433,Ron,0,90,11,33,0,0,0,13 Apr 15:00,0,0,45,2,Defender,0,0
0,-14,Vlaar,3,0,MUN(A) 0-3,Aston Villa,54434,Ron,0,90,-1,34,0,0,0,22 Apr 20:00,0,0,45,1,Defender,0,0
0,20,Vlaar,1,0,SUN(H) 6-1,Aston Villa,54435,Ron,0,90,31,35,0,0,0,29 Apr 20:00,0,0,45,8,Defender,0,1
0,210,Vlaar,1,0,NOR(A) 2-1,Aston Villa,54436,Ron,0,90,8,36,0,0,0,04 May 15:00,0,0,45,2,Defender,0,0
0,86,Vlaar,2,0,CHE(H) 1-2,Aston Villa,54437,Ron,0,90,3,37,0,0,0,11 May 12:45,0,0,45,1,Defender,0,0
0,215,Vlaar,2,0,WIG(A) 2-2,Aston Villa,54438,Ron,0,90,27,38,3,0,0,19 May 16:00,0,0,45,10,Defender,0,1
0,0,Hall,0,0,FUL(H) 3-0,West Ham,5823,Robert,0,13,-3,3,0,0,0,01 Sep 12:45,0,0,45,1,Forward,0,0
0,1093,Hall,0,0,NOR(A) 0-0,West Ham,5824,Robert,0,0,0,4,0,0,0,15 Sep 12:45,0,0,45,0,Forward,0,0
0,-67,Hall,0,0,SUN(H) 1-1,West Ham,5825,Robert,0,0,0,5,0,0,0,22 Sep 15:00,0,0,45,0,Forward,0,0
0,-136,Hall,0,0,QPR(A) 2-1,West Ham,5826,Robert,0,0,0,6,0,0,0,01 Oct 20:00,0,0,45,0,Forward,0,0
0,72,Hall,0,0,ARS(H) 1-3,West Ham,5827,Robert,0,0,0,7,0,0,0,06 Oct 17:30,0,0,44,0,Forward,0,0
0,513,Hall,0,0,SOU(H) 4-1,West Ham,5828,Robert,0,0,0,8,0,0,0,20 Oct 15:00,0,0,44,0,Forward,0,0
0,470,Hall,0,0,WIG(A) 1-2,West Ham,5829,Robert,0,0,0,9,0,0,0,27 Oct 15:00,0,0,44,0,Forward,0,0
0,-60,Hall,0,0,MCI(H) 0-0,West Ham,58210,Robert,0,0,0,10,0,0,0,03 Nov 17:30,0,0,44,0,Forward,0,0
0,-77,Hall,0,0,NEW(A) 1-0,West Ham,58211,Robert,0,0,0,11,0,0,0,11 Nov 15:00,0,0,44,0,Forward,0,0
0,-167,Hall,0,0,STK(H) 1-1,West Ham,58212,Robert,0,0,0,12,0,0,0,19 Nov 20:00,0,0,44,0,Forward,0,0
0,-122,Hall,0,0,TOT(A) 1-3,West Ham,58213,Robert,0,0,0,13,0,0,0,25 Nov 16:00,0,0,44,0,Forward,0,0
0,-77,Hall,0,0,MUN(A) 0-1,West Ham,58214,Robert,0,0,0,14,0,0,0,28 Nov 20:00,0,0,44,0,Forward,0,0
0,-50,Hall,0,0,CHE(H) 3-1,West Ham,58215,Robert,0,0,0,15,0,0,0,01 Dec 12:45,0,0,44,0,Forward,0,0
0,-99,Hall,0,0,LIV(H) 2-3,West Ham,58216,Robert,0,0,0,16,0,0,0,09 Dec 16:00,0,0,44,0,Forward,0,0
0,-71,Hall,0,0,WBA(A) 0-0,West Ham,58217,Robert,0,0,0,17,0,0,0,16 Dec 16:00,0,0,44,0,Forward,0,0
0,-47,Hall,0,0,EVE(H) 1-2,West Ham,58218,Robert,0,0,0,18,0,0,0,22 Dec 15:00,0,0,44,0,Forward,0,0
0,-26,Hall,0,0,RDG(A) 0-1,West Ham,58220,Robert,0,0,0,20,0,0,0,29 Dec 15:00,0,0,44,0,Forward,0,0
0,-30,Hall,0,0,NOR(H) 2-1,West Ham,58221,Robert,0,0,0,21,0,0,0,01 Jan 15:00,0,0,44,0,Forward,0,0
0,-108,Hall,0,0,SUN(A) 0-3,West Ham,58222,Robert,0,0,0,22,0,0,0,12 Jan 15:00,0,0,44,0,Forward,0,0
0,-56,Hall,0,0,ARS(A) 1-5,West Ham,58223,Robert,0,0,0,23,0,0,0,23 Jan 19:45,0,0,44,0,Forward,0,0
0,-48,Hall,0,0,FUL(A) 1-3,West Ham,58224,Robert,0,0,0,24,0,0,0,30 Jan 20:00,0,0,44,0,Forward,0,0
0,-26,Hall,0,0,SWA(H) 1-0,West Ham,58225,Robert,0,0,0,25,0,0,0,02 Feb 15:00,0,0,44,0,Forward,0,0
0,-22,Hall,0,0,AVL(A) 1-2,West Ham,58226,Robert,0,0,0,26,0,0,0,10 Feb 13:30,0,0,44,0,Forward,0,0
0,-6,Hall,0,0,TOT(H) 2-3,West Ham,58227,Robert,0,0,0,27,0,0,0,25 Feb 20:00,0,0,44,0,Forward,0,0
0,8,Hall,0,0,STK(A) 1-0,West Ham,58228,Robert,0,0,0,28,0,0,0,02 Mar 15:00,0,0,44,0,Forward,0,0
0,-6,Hall,0,0,CHE(A) 0-2,West Ham,58230,Robert,0,0,0,30,0,0,0,17 Mar 16:00,0,0,44,0,Forward,0,0
0,-25,Hall,0,0,WBA(H) 3-1,West Ham,58231,Robert,0,0,0,31,0,0,0,30 Mar 15:00,0,0,44,0,Forward,0,0
0,-6,Hall,0,0,LIV(A) 0-0,West Ham,58232,Robert,0,0,0,32,0,0,0,07 Apr 13:30,0,0,44,0,Forward,0,0
0,-8,Hall,0,0,MUN(H) 2-2,West Ham,58233,Robert,0,0,0,33,0,0,0,17 Apr 19:45,0,0,43,0,Forward,0,0
0,4,Hall,0,0,WIG(H) 2-0,West Ham,58234,Robert,0,0,0,34,0,0,0,20 Apr 15:00,0,0,43,0,Forward,0,0
0,21,Hall,0,0,MCI(A) 1-2,West Ham,58235,Robert,0,0,0,35,0,0,0,27 Apr 12:45,0,0,43,0,Forward,0,0
0,6,Hall,0,0,NEW(H) 0-0,West Ham,58236,Robert,0,0,0,36,0,0,0,04 May 15:00,0,0,43,0,Forward,0,0
0,5,Hall,0,0,EVE(A) 0-2,West Ham,58237,Robert,0,0,0,37,0,0,0,12 May 15:00,0,0,43,0,Forward,0,0
0,11,Hall,0,0,RDG(H) 4-2,West Ham,58238,Robert,0,0,0,38,0,0,0,19 May 16:00,0,0,43,0,Forward,0,0
0,0,Wright,0,0,STK(A) 1-1,Man City,6044,Richard,0,0,0,4,0,0,0,15 Sep 15:00,0,0,50,0,Goalkeeper,0,0
0,20,Wright,0,0,ARS(H) 1-1,Man City,6045,Richard,0,0,0,5,0,0,0,23 Sep 16:00,0,0,50,0,Goalkeeper,0,0
0,15,Wright,0,0,FUL(A) 2-1,Man City,6046,Richard,0,0,0,6,0,0,0,29 Sep 15:00,0,0,50,0,Goalkeeper,0,0
0,12,Wright,0,0,SUN(H) 3-0,Man City,6047,Richard,0,0,0,7,0,0,0,06 Oct 12:45,0,0,50,0,Goalkeeper,0,0
0,-2,Wright,0,0,WBA(A) 2-1,Man City,6048,Richard,0,0,0,8,0,0,0,20 Oct 15:00,0,0,50,0,Goalkeeper,0,0
0,0,Wright,0,0,SWA(H) 1-0,Man City,6049,Richard,0,0,0,9,0,0,0,27 Oct 17:30,0,0,50,0,Goalkeeper,0,0
0,3,Wright,0,0,WHU(A) 0-0,Man City,60410,Richard,0,0,0,10,0,0,0,03 Nov 17:30,0,0,50,0,Goalkeeper,0,0
0,0,Wright,0,0,TOT(H) 2-1,Man City,60411,Richard,0,0,0,11,0,0,0,11 Nov 13:30,0,0,50,0,Goalkeeper,0,0
0,0,Wright,0,0,AVL(H) 5-0,Man City,60412,Richard,0,0,0,12,0,0,0,17 Nov 15:00,0,0,50,0,Goalkeeper,0,0
0,1,Wright,0,0,CHE(A) 0-0,Man City,60413,Richard,0,0,0,13,0,0,0,25 Nov 16:00,0,0,50,0,Goalkeeper,0,0
0,2,Wright,0,0,WIG(A) 2-0,Man City,60414,Richard,0,0,0,14,0,0,0,28 Nov 20:00,0,0,50,0,Goalkeeper,0,0
0,0,Wright,0,0,EVE(H) 1-1,Man City,60415,Richard,0,0,0,15,0,0,0,01 Dec 15:00,0,0,50,0,Goalkeeper,0,0
0,5,Wright,0,0,MUN(H) 2-3,Man City,60416,Richard,0,0,0,16,0,0,0,09 Dec 13:30,0,0,50,0,Goalkeeper,0,0
0,1,Wright,0,0,NEW(A) 3-1,Man City,60417,Richard,0,0,0,17,0,0,0,15 Dec 12:45,0,0,50,0,Goalkeeper,0,0
0,0,Wright,0,0,RDG(H) 1-0,Man City,60418,Richard,0,0,0,18,0,0,0,22 Dec 15:00,0,0,50,0,Goalkeeper,0,0
0,-1,Wright,0,0,SUN(A) 0-1,Man City,60419,Richard,0,0,0,19,0,0,0,26 Dec 15:00,0,0,50,0,Goalkeeper,0,0
0,-2,Wright,0,0,NOR(A) 4-3,Man City,60420,Richard,0,0,0,20,0,0,0,29 Dec 15:00,0,0,50,0,Goalkeeper,0,0
0,0,Wright,0,0,STK(H) 3-0,Man City,60421,Richard,0,0,0,21,0,0,0,01 Jan 15:00,0,0,50,0,Goalkeeper,0,0
0,4,Wright,0,0,ARS(A) 2-0,Man City,60422,Richard,0,0,0,22,0,0,0,13 Jan 16:00,0,0,50,0,Goalkeeper,0,0
0,6,Wright,0,0,FUL(H) 2-0,Man City,60423,Richard,0,0,0,23,0,0,0,19 Jan 15:00,0,0,50,0,Goalkeeper,0,0
0,4,Wright,0,0,QPR(A) 0-0,Man City,60424,Richard,0,0,0,24,0,0,0,29 Jan 19:45,0,0,50,0,Goalkeeper,0,0
0,0,Wright,0,0,LIV(H) 2-2,Man City,60425,Richard,0,0,0,25,0,0,0,03 Feb 16:00,0,0,50,0,Goalkeeper,0,0
0,-5,Wright,0,0,SOU(A) 1-3,Man City,60426,Richard,0,0,0,26,0,0,0,09 Feb 17:30,0,0,50,0,Goalkeeper,0,0
0,-1,Wright,0,0,CHE(H) 2-0,Man City,60427,Richard,0,0,0,27,0,0,0,24 Feb 13:30,0,0,50,0,Goalkeeper,0,0
0,-1,Wright,0,0,AVL(A) 1-0,Man City,60428,Richard,0,0,0,28,0,0,0,04 Mar 20:00,0,0,50,0,Goalkeeper,0,0
0,2,Wright,0,0,EVE(A) 0-2,Man City,60430,Richard,0,0,0,30,0,0,0,16 Mar 12:45,0,0,50,0,Goalkeeper,0,0
0,-1,Wright,0,0,NEW(H) 4-0,Man City,60431,Richard,0,0,0,31,0,0,0,30 Mar 15:00,0,0,50,0,Goalkeeper,0,0
0,2,Wright,0,0,MUN(A) 2-1,Man City,60432,Richard,0,0,0,32,0,0,0,08 Apr 20:00,0,0,50,0,Goalkeeper,0,0
0,-1,Wright,0,0,WIG(H) 1-0,Man City,60433,Richard,0,0,0,33,0,0,0,17 Apr 19:45,0,0,50,0,Goalkeeper,0,0
0,-3,Wright,0,0,TOT(A) 1-3,Man City,60434,Richard,0,0,0,34,0,0,0,21 Apr 13:30,0,0,50,0,Goalkeeper,0,0
0,-1,Wright,0,0,WHU(H) 2-1,Man City,60435,Richard,0,0,0,35,0,0,0,27 Apr 12:45,0,0,50,0,Goalkeeper,0,0
0,3,Wright,0,0,WBA(H) 1-0,Man City,60436,Richard,0,0,0,36,0,0,0,07 May 19:45,0,0,50,0,Goalkeeper,0,0
0,1,Wright,0,0,RDG(A) 2-0,Man City,60437,Richard,0,0,0,37,0,0,0,14 May 20:00,0,0,50,0,Goalkeeper,0,0
0,4,Wright,0,0,NOR(H) 2-3,Man City,60438,Richard,0,0,0,38,0,0,0,19 May 16:00,0,0,50,0,Goalkeeper,0,0
0,0,Mason,0,0,QPR(H) 2-1,Tottenham,6085,Ryan,0,0,0,5,0,0,0,23 Sep 16:00,0,0,45,0,Midfielder,0,0
0,61,Mason,0,0,MUN(A) 3-2,Tottenham,6086,Ryan,0,0,0,6,0,0,0,29 Sep 17:30,0,0,45,0,Midfielder,0,0
0,43,Mason,0,0,AVL(H) 2-0,Tottenham,6087,Ryan,0,0,0,7,0,0,0,07 Oct 15:00,0,0,45,0,Midfielder,0,0
0,22,Mason,0,0,CHE(H) 2-4,Tottenham,6088,Ryan,0,0,0,8,0,0,0,20 Oct 12:45,0,0,45,0,Midfielder,0,0
0,11,Mason,0,0,SOU(A) 2-1,Tottenham,6089,Ryan,0,0,0,9,0,0,0,28 Oct 15:00,0,0,45,0,Midfielder,0,0
0,1,Mason,0,0,WIG(H) 0-1,Tottenham,60810,Ryan,0,0,0,10,0,0,0,03 Nov 15:00,0,0,45,0,Midfielder,0,0
0,6,Mason,0,0,MCI(A) 1-2,Tottenham,60811,Ryan,0,0,0,11,0,0,0,11 Nov 13:30,0,0,45,0,Midfielder,0,0
0,4,Mason,0,0,ARS(A) 2-5,Tottenham,60812,Ryan,0,0,0,12,0,0,0,17 Nov 12:45,0,0,45,0,Midfielder,0,0
0,-1,Mason,0,0,WHU(H) 3-1,Tottenham,60813,Ryan,0,0,0,13,0,0,0,25 Nov 16:00,0,0,45,0,Midfielder,0,0
0,-5,Mason,0,0,LIV(H) 2-1,Tottenham,60814,Ryan,0,0,0,14,0,0,0,28 Nov 19:45,0,0,45,0,Midfielder,0,0
0,-1,Mason,0,0,FUL(A) 3-0,Tottenham,60815,Ryan,0,0,0,15,0,0,0,01 Dec 15:00,0,0,45,0,Midfielder,0,0
0,-10,Mason,0,0,EVE(A) 1-2,Tottenham,60816,Ryan,0,0,0,16,0,0,0,09 Dec 15:00,0,0,45,0,Midfielder,0,0
0,-10,Mason,0,0,SWA(H) 1-0,Tottenham,60817,Ryan,0,0,0,17,0,0,0,16 Dec 13:30,0,0,45,0,Midfielder,0,0
0,-4,Mason,0,0,STK(H) 0-0,Tottenham,60818,Ryan,0,0,0,18,0,0,0,22 Dec 15:00,0,0,45,0,Midfielder,0,0
0,-7,Mason,0,0,AVL(A) 4-0,Tottenham,60819,Ryan,0,0,0,19,0,0,0,26 Dec 17:30,0,0,45,0,Midfielder,0,0
0,5,Mason,0,0,SUN(A) 2-1,Tottenham,60820,Ryan,0,0,0,20,0,0,0,29 Dec 12:45,0,0,45,0,Midfielder,0,0
0,3,Mason,0,0,RDG(H) 3-1,Tottenham,60821,Ryan,0,0,0,21,0,0,0,01 Jan 15:00,0,0,45,0,Midfielder,0,0
0,-1,Mason,0,0,QPR(A) 0-0,Tottenham,60822,Ryan,0,0,0,22,0,0,0,12 Jan 12:45,0,0,45,0,Midfielder,0,0
0,-1,Mason,0,0,MUN(H) 1-1,Tottenham,60823,Ryan,0,0,0,23,0,0,0,20 Jan 16:00,0,0,45,0,Midfielder,0,0
0,-7,Mason,0,0,NOR(A) 1-1,Tottenham,60824,Ryan,0,0,0,24,0,0,0,30 Jan 19:45,0,0,45,0,Midfielder,0,0
0,-7,Mason,0,0,WBA(A) 1-0,Tottenham,60825,Ryan,0,0,0,25,0,0,0,03 Feb 13:30,0,0,45,0,Midfielder,0,0
0,1,Mason,0,0,NEW(H) 2-1,Tottenham,60826,Ryan,0,0,0,26,0,0,0,09 Feb 12:45,0,0,45,0,Midfielder,0,0
0,-1,Mason,0,0,WHU(A) 3-2,Tottenham,60827,Ryan,0,0,0,27,0,0,0,25 Feb 20:00,0,0,45,0,Midfielder,0,0
0,-3,Mason,0,0,ARS(H) 2-1,Tottenham,60828,Ryan,0,0,0,28,0,0,0,03 Mar 16:00,0,0,45,0,Midfielder,0,0
0,2,Mason,0,0,LIV(A) 2-3,Tottenham,60829,Ryan,0,0,0,29,0,0,0,10 Mar 16:00,0,0,45,0,Midfielder,0,0
0,-1,Mason,0,0,FUL(H) 0-1,Tottenham,60830,Ryan,0,0,0,30,0,0,0,17 Mar 15:00,0,0,45,0,Midfielder,0,0
0,1,Mason,0,0,SWA(A) 2-1,Tottenham,60831,Ryan,0,0,0,31,0,0,0,30 Mar 15:00,0,0,45,0,Midfielder,0,0
0,-3,Mason,0,0,EVE(H) 2-2,Tottenham,60832,Ryan,0,0,0,32,0,0,0,07 Apr 14:05,0,0,45,0,Midfielder,0,0
0,4,Mason,0,0,MCI(H) 3-1,Tottenham,60834,Ryan,0,0,0,34,0,0,0,21 Apr 13:30,0,0,45,0,Midfielder,0,0
0,6,Mason,0,0,WIG(A) 2-2,Tottenham,60835,Ryan,0,0,0,35,0,0,0,27 Apr 15:00,0,0,45,0,Midfielder,0,0
0,1,Mason,0,0,CHE(A) 2-2,Tottenham,60836,Ryan,0,0,0,36,0,0,0,08 May 19:45,0,0,45,0,Midfielder,0,0
0,0,Mason,0,0,STK(A) 2-1,Tottenham,60837,Ryan,0,0,0,37,0,0,0,12 May 13:30,0,0,45,0,Midfielder,0,0
0,-1,Mason,0,0,SUN(H) 1-0,Tottenham,60838,Ryan,0,0,0,38,0,0,0,19 May 16:00,0,0,45,0,Midfielder,0,0
0,0,Spiegel,0,0,SOU(H) 4-1,West Ham,6168,Raphael,0,0,0,8,0,0,0,20 Oct 15:00,0,0,40,0,Goalkeeper,0,0
0,872,Spiegel,0,0,WIG(A) 1-2,West Ham,6169,Raphael,0,0,0,9,0,0,0,27 Oct 15:00,0,0,40,0,Goalkeeper,0,0
0,402,Spiegel,0,0,MCI(H) 0-0,West Ham,61610,Raphael,0,0,0,10,0,0,0,03 Nov 17:30,0,0,40,0,Goalkeeper,0,0
0,185,Spiegel,0,0,NEW(A) 1-0,West Ham,61611,Raphael,0,0,0,11,0,0,0,11 Nov 15:00,0,0,40,0,Goalkeeper,0,0
0,190,Spiegel,0,0,STK(H) 1-1,West Ham,61612,Raphael,0,0,0,12,0,0,0,19 Nov 20:00,0,0,40,0,Goalkeeper,0,0
0,86,Spiegel,0,0,TOT(A) 1-3,West Ham,61613,Raphael,0,0,0,13,0,0,0,25 Nov 16:00,0,0,40,0,Goalkeeper,0,0
0,28,Spiegel,0,0,MUN(A) 0-1,West Ham,61614,Raphael,0,0,0,14,0,0,0,28 Nov 20:00,0,0,40,0,Goalkeeper,0,0
0,63,Spiegel,0,0,CHE(H) 3-1,West Ham,61615,Raphael,0,0,0,15,0,0,0,01 Dec 12:45,0,0,40,0,Goalkeeper,0,0
0,74,Spiegel,0,0,LIV(H) 2-3,West Ham,61616,Raphael,0,0,0,16,0,0,0,09 Dec 16:00,0,0,40,0,Goalkeeper,0,0
0,63,Spiegel,0,0,WBA(A) 0-0,West Ham,61617,Raphael,0,0,0,17,0,0,0,16 Dec 16:00,0,0,40,0,Goalkeeper,0,0
0,73,Spiegel,0,0,EVE(H) 1-2,West Ham,61618,Raphael,0,0,0,18,0,0,0,22 Dec 15:00,0,0,40,0,Goalkeeper,0,0
0,51,Spiegel,0,0,RDG(A) 0-1,West Ham,61620,Raphael,0,0,0,20,0,0,0,29 Dec 15:00,0,0,40,0,Goalkeeper,0,0
0,49,Spiegel,0,0,NOR(H) 2-1,West Ham,61621,Raphael,0,0,0,21,0,0,0,01 Jan 15:00,0,0,40,0,Goalkeeper,0,0
0,275,Spiegel,0,0,SUN(A) 0-3,West Ham,61622,Raphael,0,0,0,22,0,0,0,12 Jan 15:00,0,0,40,0,Goalkeeper,0,0
0,144,Spiegel,0,0,ARS(A) 1-5,West Ham,61623,Raphael,0,0,0,23,0,0,0,23 Jan 19:45,0,0,40,0,Goalkeeper,0,0
0,29,Spiegel,0,0,FUL(A) 1-3,West Ham,61624,Raphael,0,0,0,24,0,0,0,30 Jan 20:00,0,0,40,0,Goalkeeper,0,0
0,47,Spiegel,0,0,SWA(H) 1-0,West Ham,61625,Raphael,0,0,0,25,0,0,0,02 Feb 15:00,0,0,40,0,Goalkeeper,0,0
0,26,Spiegel,0,0,AVL(A) 1-2,West Ham,61626,Raphael,0,0,1,26,0,0,0,10 Feb 13:30,0,0,40,0,Goalkeeper,0,0
0,44,Spiegel,0,0,TOT(H) 2-3,West Ham,61627,Raphael,0,0,0,27,0,0,0,25 Feb 20:00,0,0,40,0,Goalkeeper,0,0
0,16,Spiegel,0,0,STK(A) 1-0,West Ham,61628,Raphael,0,0,0,28,0,0,0,02 Mar 15:00,0,0,40,0,Goalkeeper,0,0
0,10,Spiegel,0,0,CHE(A) 0-2,West Ham,61630,Raphael,0,0,0,30,0,0,0,17 Mar 16:00,0,0,40,0,Goalkeeper,0,0
0,30,Spiegel,0,0,WBA(H) 3-1,West Ham,61631,Raphael,0,0,0,31,0,0,0,30 Mar 15:00,0,0,40,0,Goalkeeper,0,0
0,20,Spiegel,0,0,LIV(A) 0-0,West Ham,61632,Raphael,0,0,0,32,0,0,0,07 Apr 13:30,0,0,40,0,Goalkeeper,0,0
0,26,Spiegel,0,0,MUN(H) 2-2,West Ham,61633,Raphael,0,0,0,33,0,0,0,17 Apr 19:45,0,0,40,0,Goalkeeper,0,0
0,19,Spiegel,0,0,WIG(H) 2-0,West Ham,61634,Raphael,0,0,0,34,0,0,0,20 Apr 15:00,0,0,40,0,Goalkeeper,0,0
0,-6,Spiegel,0,0,MCI(A) 1-2,West Ham,61635,Raphael,0,0,0,35,0,0,0,27 Apr 12:45,0,0,40,0,Goalkeeper,0,0
0,-22,Spiegel,0,0,NEW(H) 0-0,West Ham,61636,Raphael,0,0,0,36,0,0,0,04 May 15:00,0,0,40,0,Goalkeeper,0,0
0,-4,Spiegel,0,0,EVE(A) 0-2,West Ham,61637,Raphael,0,0,0,37,0,0,0,12 May 15:00,0,0,40,0,Goalkeeper,0,0
0,-8,Spiegel,0,0,RDG(H) 4-2,West Ham,61638,Raphael,0,0,0,38,0,0,0,19 May 16:00,0,0,40,0,Goalkeeper,0,0
0,0,Golobart,0,0,MCI(H) 0-2,Wigan,63014,Roman,0,0,0,14,0,0,0,28 Nov 20:00,0,0,40,0,Defender,0,0
0,76,Golobart,0,0,NEW(A) 0-3,Wigan,63015,Roman,0,0,0,15,0,0,0,03 Dec 20:00,0,0,40,0,Defender,0,0
0,138,Golobart,0,0,QPR(H) 2-2,Wigan,63016,Roman,0,0,0,16,0,0,0,08 Dec 15:00,0,0,40,0,Defender,0,0
0,108,Golobart,0,0,NOR(A) 1-2,Wigan,63017,Roman,0,0,0,17,0,0,0,15 Dec 15:00,0,0,40,0,Defender,0,0
0,105,Golobart,0,0,ARS(H) 0-1,Wigan,63018,Roman,0,0,0,18,0,0,0,22 Dec 12:45,0,0,40,0,Defender,0,0
0,24,Golobart,0,0,EVE(A) 1-2,Wigan,63019,Roman,0,0,0,19,0,0,0,26 Dec 15:00,0,0,40,0,Defender,0,0
0,40,Golobart,0,0,AVL(A) 3-0,Wigan,63020,Roman,0,0,0,20,0,0,0,29 Dec 15:00,0,0,40,0,Defender,0,0
0,39,Golobart,0,0,MUN(H) 0-4,Wigan,63021,Roman,0,0,0,21,0,0,0,01 Jan 15:00,0,0,40,0,Defender,0,0
0,64,Golobart,0,0,FUL(A) 1-1,Wigan,63022,Roman,0,0,0,22,0,0,0,12 Jan 15:00,0,0,40,0,Defender,0,0
0,22,Golobart,0,0,SUN(H) 2-3,Wigan,63023,Roman,0,0,0,23,0,0,0,19 Jan 15:00,0,0,40,0,Defender,0,0
0,15,Golobart,2,0,STK(A) 2-2,Wigan,63024,Roman,0,90,6,24,0,0,0,29 Jan 19:45,0,0,40,1,Defender,0,0
0,28,Golobart,0,0,SOU(H) 2-2,Wigan,63025,Roman,0,0,0,25,0,0,0,02 Feb 15:00,0,0,40,0,Defender,0,0
0,-21,Golobart,0,0,CHE(A) 1-4,Wigan,63026,Roman,0,0,0,26,0,0,0,09 Feb 15:00,0,0,40,0,Defender,0,0
0,-22,Golobart,0,0,RDG(A) 3-0,Wigan,63027,Roman,0,0,0,27,0,0,0,23 Feb 15:00,0,0,40,0,Defender,0,0
0,-18,Golobart,0,0,LIV(H) 0-4,Wigan,63028,Roman,0,0,0,28,0,0,0,02 Mar 17:30,0,0,40,0,Defender,0,0
0,-4,Golobart,0,0,NEW(H) 2-1,Wigan,63030,Roman,0,0,0,30,0,0,0,17 Mar 16:00,0,0,40,0,Defender,0,0
0,-8,Golobart,0,0,NOR(H) 1-0,Wigan,63031,Roman,0,0,0,31,0,0,0,30 Mar 15:00,0,0,40,0,Defender,0,0
0,-14,Golobart,0,0,QPR(A) 1-1,Wigan,63032,Roman,0,0,0,32,0,0,0,07 Apr 16:10,0,0,40,0,Defender,0,0
0,-9,Golobart,0,0,MCI(A) 0-1,Wigan,63033,Roman,0,0,0,33,0,0,0,17 Apr 19:45,0,0,40,0,Defender,0,0
0,-1,Golobart,0,0,WHU(A) 0-2,Wigan,63034,Roman,0,0,0,34,0,0,0,20 Apr 15:00,0,0,40,0,Defender,0,0
0,1,Golobart,0,0,TOT(H) 2-2,Wigan,63035,Roman,0,0,0,35,0,0,0,27 Apr 15:00,0,0,40,0,Defender,0,0
0,-5,Golobart,0,0,SWA(H) 2-3,Wigan,63036,Roman,0,0,0,36,0,0,0,07 May 19:45,0,0,40,0,Defender,0,0
0,1,Golobart,0,0,ARS(A) 1-4,Wigan,63037,Roman,0,0,0,37,0,0,0,14 May 19:45,0,0,40,0,Defender,0,0
0,6,Golobart,2,0,AVL(H) 2-2,Wigan,63038,Roman,0,90,13,38,0,0,0,19 May 16:00,0,0,40,1,Defender,0,0
0,0,Donnelly,0,0,ARS(A) 2-0,Swansea,63215,Rory,0,0,0,15,0,0,0,01 Dec 15:00,0,0,45,0,Forward,0,0
0,61,Donnelly,0,0,NOR(H) 3-4,Swansea,63216,Rory,0,0,0,16,0,0,0,08 Dec 15:00,0,0,45,0,Forward,0,0
0,41,Donnelly,0,0,TOT(A) 0-1,Swansea,63217,Rory,0,0,0,17,0,0,0,16 Dec 13:30,0,0,45,0,Forward,0,0
0,43,Donnelly,0,0,MUN(H) 1-1,Swansea,63218,Rory,0,0,0,18,0,0,0,23 Dec 13:30,0,0,45,0,Forward,0,0
0,34,Donnelly,0,0,RDG(A) 0-0,Swansea,63219,Rory,0,0,0,19,0,0,0,26 Dec 15:00,0,0,45,0,Forward,0,0
0,14,Donnelly,0,0,FUL(A) 2-1,Swansea,63220,Rory,0,0,0,20,0,0,0,29 Dec 15:00,0,0,45,0,Forward,0,0
0,16,Donnelly,0,0,AVL(H) 2-2,Swansea,63221,Rory,0,0,0,21,0,0,0,01 Jan 15:00,0,0,45,0,Forward,0,0
0,-11,Donnelly,0,0,EVE(A) 0-0,Swansea,63222,Rory,0,0,0,22,0,0,0,12 Jan 15:00,0,0,45,0,Forward,0,0
0,3,Donnelly,0,0,STK(H) 3-1,Swansea,63223,Rory,0,0,0,23,0,0,0,19 Jan 15:00,0,0,45,0,Forward,0,0
0,1,Donnelly,0,0,SUN(A) 0-0,Swansea,63224,Rory,0,0,0,24,0,0,0,29 Jan 19:45,0,0,45,0,Forward,0,0
0,2,Donnelly,0,0,WHU(A) 0-1,Swansea,63225,Rory,0,0,0,25,0,0,0,02 Feb 15:00,0,0,45,0,Forward,0,0
0,14,Donnelly,0,0,LIV(A) 0-5,Swansea,63226,Rory,0,0,0,26,0,0,0,17 Feb 15:00,0,0,45,0,Forward,0,0
0,10,Donnelly,0,0,NEW(H) 1-0,Swansea,63228,Rory,0,0,0,28,0,0,0,02 Mar 15:00,0,0,45,0,Forward,0,0
0,1,Donnelly,0,0,WBA(A) 1-2,Swansea,63229,Rory,0,0,0,29,0,0,0,09 Mar 15:00,0,0,45,0,Forward,0,0
0,6,Donnelly,0,0,ARS(H) 0-2,Swansea,63230,Rory,0,0,0,30,0,0,0,16 Mar 15:00,0,0,45,0,Forward,0,0
0,4,Donnelly,0,0,TOT(H) 1-2,Swansea,63231,Rory,0,0,0,31,0,0,0,30 Mar 15:00,0,0,45,0,Forward,0,0
0,1,Donnelly,0,0,NOR(A) 2-2,Swansea,63232,Rory,0,0,0,32,0,0,0,06 Apr 15:00,0,0,45,0,Forward,0,0
0,-2,Donnelly,0,0,SOU(H) 0-0,Swansea,63234,Rory,0,0,0,34,0,0,0,20 Apr 15:00,0,0,45,0,Forward,0,0
0,4,Donnelly,0,0,CHE(A) 0-2,Swansea,63235,Rory,0,0,0,35,0,0,0,28 Apr 15:00,0,0,45,0,Forward,0,0
0,11,Donnelly,0,0,WIG(A) 3-2,Swansea,63236,Rory,0,0,0,36,0,0,0,07 May 19:45,0,0,45,0,Forward,0,0
0,4,Donnelly,0,0,MUN(A) 1-2,Swansea,63237,Rory,0,0,0,37,0,0,0,12 May 16:00,0,0,45,0,Forward,0,0
0,1,Donnelly,0,0,FUL(H) 0-3,Swansea,63238,Rory,0,0,0,38,0,0,0,19 May 16:00,0,0,45,0,Forward,0,0
0,0,Tunnicliffe,0,0,NEW(H) 4-3,Man Utd,63819,Ryan,0,0,0,19,0,0,0,26 Dec 15:00,0,0,45,0,Midfielder,0,0
0,27,Tunnicliffe,0,0,WBA(H) 2-0,Man Utd,63820,Ryan,0,0,0,20,0,0,0,29 Dec 15:00,0,0,45,0,Midfielder,0,0
0,27,Tunnicliffe,0,0,WIG(A) 4-0,Man Utd,63821,Ryan,0,0,0,21,0,0,0,01 Jan 15:00,0,0,45,0,Midfielder,0,0
0,84,Tunnicliffe,0,0,LIV(H) 2-1,Man Utd,63822,Ryan,0,0,0,22,0,0,0,13 Jan 13:30,0,0,45,0,Midfielder,0,0
0,6,Tunnicliffe,0,0,TOT(A) 1-1,Man Utd,63823,Ryan,0,0,0,23,0,0,0,20 Jan 16:00,0,0,45,0,Midfielder,0,0
0,33,Tunnicliffe,0,0,SOU(H) 2-1,Man Utd,63824,Ryan,0,0,0,24,0,0,0,30 Jan 20:00,0,0,45,0,Midfielder,0,0
0,-4,Tunnicliffe,0,0,FUL(A) 1-0,Man Utd,63825,Ryan,0,0,0,25,0,0,0,02 Feb 17:30,0,0,45,0,Midfielder,0,0
0,-4,Tunnicliffe,0,0,EVE(H) 2-0,Man Utd,63826,Ryan,0,0,0,26,0,0,0,10 Feb 16:00,0,0,45,0,Midfielder,0,0
0,5,Tunnicliffe,0,0,QPR(A) 2-0,Man Utd,63827,Ryan,0,0,0,27,0,0,0,23 Feb 15:00,0,0,45,0,Midfielder,0,0
0,9,Tunnicliffe,0,0,NOR(H) 4-0,Man Utd,63828,Ryan,0,0,0,28,0,0,0,02 Mar 15:00,0,0,45,0,Midfielder,0,0
0,-1,Tunnicliffe,0,0,RDG(H) 1-0,Man Utd,63830,Ryan,0,0,0,30,0,0,0,16 Mar 17:30,0,0,45,0,Midfielder,0,0
0,-2,Tunnicliffe,0,0,SUN(A) 1-0,Man Utd,63831,Ryan,0,0,0,31,0,0,0,30 Mar 12:45,0,0,45,0,Midfielder,0,0
0,-3,Tunnicliffe,0,0,MCI(H) 1-2,Man Utd,63832,Ryan,0,0,0,32,0,0,0,08 Apr 20:00,0,0,45,0,Midfielder,0,0
0,-3,Tunnicliffe,0,0,WHU(A) 2-2,Man Utd,63833,Ryan,0,0,0,33,0,0,0,17 Apr 19:45,0,0,45,0,Midfielder,0,0
0,3,Tunnicliffe,0,0,AVL(H) 3-0,Man Utd,63834,Ryan,0,0,0,34,0,0,0,22 Apr 20:00,0,0,45,0,Midfielder,0,0
0,-1,Tunnicliffe,0,0,ARS(A) 1-1,Man Utd,63835,Ryan,0,0,0,35,0,0,0,28 Apr 16:00,0,0,45,0,Midfielder,0,0
0,4,Tunnicliffe,0,0,CHE(H) 0-1,Man Utd,63836,Ryan,0,0,0,36,0,0,0,05 May 16:00,0,0,45,0,Midfielder,0,0
0,3,Tunnicliffe,0,0,SWA(H) 2-1,Man Utd,63837,Ryan,0,0,0,37,0,0,0,12 May 16:00,0,0,45,0,Midfielder,0,0
0,9,Tunnicliffe,0,0,WBA(A) 5-5,Man Utd,63838,Ryan,0,0,0,38,0,0,0,19 May 16:00,0,0,45,0,Midfielder,0,0
0,0,Streete,0,0,ARS(A) 3-7,Newcastle,64020,Remie,0,0,0,20,0,0,0,29 Dec 17:30,0,0,40,0,Defender,0,0
0,79,Streete,0,0,EVE(H) 1-2,Newcastle,64021,Remie,0,0,0,21,0,0,0,02 Jan 20:00,0,0,40,0,Defender,0,0
0,222,Streete,0,0,NOR(A) 0-0,Newcastle,64022,Remie,0,0,0,22,0,0,0,12 Jan 15:00,0,0,40,0,Defender,0,0
0,33,Streete,0,0,RDG(H) 1-2,Newcastle,64023,Remie,0,0,0,23,0,0,0,19 Jan 15:00,0,0,40,0,Defender,0,0
0,34,Streete,0,0,AVL(A) 2-1,Newcastle,64024,Remie,0,0,0,24,0,0,0,29 Jan 19:45,0,0,40,0,Defender,0,0
0,1,Streete,0,0,CHE(H) 3-2,Newcastle,64025,Remie,0,0,0,25,0,0,0,02 Feb 15:00,0,0,40,0,Defender,0,0
0,1,Streete,0,0,TOT(A) 1-2,Newcastle,64026,Remie,0,0,0,26,0,0,0,09 Feb 12:45,0,0,40,0,Defender,0,0
0,-7,Streete,0,0,SOU(H) 4-2,Newcastle,64027,Remie,0,0,0,27,0,0,0,24 Feb 13:30,0,0,40,0,Defender,0,0
0,-3,Streete,0,0,SWA(A) 0-1,Newcastle,64028,Remie,0,0,0,28,0,0,0,02 Mar 15:00,0,0,40,0,Defender,0,0
0,-4,Streete,0,0,STK(H) 2-1,Newcastle,64029,Remie,0,0,0,29,0,0,0,10 Mar 15:00,0,0,40,0,Defender,0,0
0,-6,Streete,0,0,WIG(A) 1-2,Newcastle,64030,Remie,0,0,0,30,0,0,0,17 Mar 16:00,0,0,40,0,Defender,0,0
0,0,Streete,0,0,MCI(A) 0-4,Newcastle,64031,Remie,0,0,0,31,0,0,0,30 Mar 15:00,0,0,40,0,Defender,0,0
0,0,Streete,0,0,FUL(H) 1-0,Newcastle,64032,Remie,0,0,0,32,0,0,0,07 Apr 15:00,0,0,40,0,Defender,0,0
0,-6,Streete,0,0,SUN(H) 0-3,Newcastle,64033,Remie,0,0,0,33,0,0,0,14 Apr 12:00,0,0,40,0,Defender,0,0
0,-1,Streete,0,0,WBA(A) 1-1,Newcastle,64034,Remie,0,0,0,34,0,0,0,20 Apr 15:00,0,0,40,0,Defender,0,0
0,-5,Streete,0,0,LIV(H) 0-6,Newcastle,64035,Remie,0,0,0,35,0,0,0,27 Apr 17:30,0,0,40,0,Defender,0,0
0,-2,Streete,0,0,WHU(A) 0-0,Newcastle,64036,Remie,0,0,0,36,0,0,0,04 May 15:00,0,0,40,0,Defender,0,0
0,-3,Streete,0,0,QPR(A) 2-1,Newcastle,64037,Remie,0,0,0,37,0,0,0,12 May 15:00,0,0,40,0,Defender,0,0
0,6,Streete,0,0,ARS(H) 0-1,Newcastle,64038,Remie,0,0,0,38,0,0,0,19 May 16:00,0,0,40,0,Defender,0,0
0,225,Espinoza,0,0,FUL(A) 1-1,Wigan,64522,Roger,0,0,0,22,0,0,0,12 Jan 15:00,0,0,45,0,Midfielder,0,0
0,144,Espinoza,0,0,SUN(H) 2-3,Wigan,64523,Roger,0,45,6,23,0,0,0,19 Jan 15:00,0,0,45,1,Midfielder,0,0
1,26,Espinoza,2,0,STK(A) 2-2,Wigan,64524,Roger,0,90,20,24,0,0,1,29 Jan 19:45,0,0,45,4,Midfielder,0,0
0,1038,Espinoza,1,0,SOU(H) 2-2,Wigan,64525,Roger,0,74,3,25,0,0,0,02 Feb 15:00,0,0,45,2,Midfielder,0,0
0,-46,Espinoza,2,0,CHE(A) 1-4,Wigan,64526,Roger,0,58,5,26,0,0,0,09 Feb 15:00,0,0,45,1,Midfielder,0,0
0,-50,Espinoza,0,0,RDG(A) 3-0,Wigan,64527,Roger,0,0,0,27,0,0,0,23 Feb 15:00,0,0,45,0,Midfielder,0,0
0,-231,Espinoza,0,0,LIV(H) 0-4,Wigan,64528,Roger,0,40,3,28,0,0,0,02 Mar 17:30,0,0,45,1,Midfielder,0,0
0,-76,Espinoza,0,0,NEW(H) 2-1,Wigan,64530,Roger,0,0,0,30,0,0,0,17 Mar 16:00,0,0,44,0,Midfielder,0,0
0,-35,Espinoza,0,0,NOR(H) 1-0,Wigan,64531,Roger,0,0,0,31,0,0,0,30 Mar 15:00,0,0,43,0,Midfielder,0,0
0,-34,Espinoza,0,0,QPR(A) 1-1,Wigan,64532,Roger,0,3,0,32,0,0,0,07 Apr 16:10,0,0,42,1,Midfielder,0,0
0,-40,Espinoza,0,0,MCI(A) 0-1,Wigan,64533,Roger,0,2,0,33,0,0,0,17 Apr 19:45,0,0,42,1,Midfielder,0,0
0,-6,Espinoza,0,0,WHU(A) 0-2,Wigan,64534,Roger,0,0,0,34,0,0,0,20 Apr 15:00,0,0,42,0,Midfielder,0,0
0,354,Espinoza,1,0,TOT(H) 2-2,Wigan,64535,Roger,0,12,2,35,0,0,0,27 Apr 15:00,0,0,41,1,Midfielder,0,0
0,547,Espinoza,3,0,SWA(H) 2-3,Wigan,64536,Roger,0,90,25,36,0,0,0,07 May 19:45,0,0,41,7,Midfielder,0,1
0,912,Espinoza,4,0,ARS(A) 1-4,Wigan,64537,Roger,0,90,5,37,0,0,0,14 May 19:45,0,0,41,2,Midfielder,0,0
0,1156,Espinoza,2,0,AVL(H) 2-2,Wigan,64538,Roger,0,90,19,38,1,0,1,19 May 16:00,0,0,41,6,Midfielder,0,0
0,106,Lamah,1,0,STK(H) 3-1,Swansea,65623,Roland,0,28,5,23,0,0,0,19 Jan 15:00,0,0,55,1,Midfielder,0,0
0,30,Lamah,0,0,SUN(A) 0-0,Swansea,65624,Roland,0,25,3,24,0,0,0,29 Jan 19:45,0,0,55,1,Midfielder,0,0
0,7,Lamah,0,0,WHU(A) 0-1,Swansea,65625,Roland,0,0,0,25,0,0,0,02 Feb 15:00,0,0,55,0,Midfielder,0,0
0,-19,Lamah,4,0,LIV(A) 0-5,Swansea,65626,Roland,0,63,-2,26,0,0,0,17 Feb 15:00,0,0,54,2,Midfielder,0,0
0,-6,Lamah,0,0,NEW(H) 1-0,Swansea,65628,Roland,0,0,0,28,0,0,0,02 Mar 15:00,0,0,50,0,Midfielder,0,0
0,0,Lamah,0,0,WBA(A) 1-2,Swansea,65629,Roland,0,23,-3,29,0,0,0,09 Mar 15:00,0,0,50,1,Midfielder,0,0
0,7,Lamah,0,0,ARS(H) 0-2,Swansea,65630,Roland,0,0,0,30,0,0,0,16 Mar 15:00,0,0,50,0,Midfielder,0,0
0,2,Lamah,0,0,TOT(H) 1-2,Swansea,65631,Roland,0,0,0,31,0,0,0,30 Mar 15:00,0,0,50,0,Midfielder,0,0
0,0,Lamah,0,0,NOR(A) 2-2,Swansea,65632,Roland,0,16,1,32,0,0,0,06 Apr 15:00,0,0,50,1,Midfielder,0,0
0,6,Lamah,0,0,SOU(H) 0-0,Swansea,65634,Roland,0,0,0,34,0,0,0,20 Apr 15:00,0,0,50,0,Midfielder,0,0
0,-1,Lamah,0,0,CHE(A) 0-2,Swansea,65635,Roland,0,0,0,35,0,0,0,28 Apr 15:00,0,0,50,0,Midfielder,0,0
0,-3,Lamah,0,0,WIG(A) 3-2,Swansea,65636,Roland,0,0,0,36,0,0,0,07 May 19:45,0,0,50,0,Midfielder,0,0
0,-4,Lamah,0,0,MUN(A) 1-2,Swansea,65637,Roland,0,0,0,37,0,0,0,12 May 16:00,0,0,50,0,Midfielder,0,0
0,-2,Lamah,0,0,FUL(H) 0-3,Swansea,65638,Roland,0,0,0,38,0,0,0,19 May 16:00,0,0,50,0,Midfielder,0,0
