yellow_cards,net_transfers,last_name,goals_conceded,saves,result,team_name_1,index,first_name,own_goals,minutes_played,EA_Spots_PPI,week,bonus,clean_sheets,assists,date,penalties_saved,penalties missed,value,points,position,red_cards,goals_scored
0,-3,Ricketts,0,0,BLA(A) 2-1,Bolton,7317,Samuel,0,0,0,17,0,0,0,20 Dec. 20:00,0,0,44,0,Defender,0,0
0,-365,Holden,0,0,LIV(A) 1-3,Bolton,803,Stuart,0,0,0,3,0,0,0,27 Aug. 17:30,0,0,55,0,Midfielder,0,0
0,-9,Holden,0,0,BLA(A) 2-1,Bolton,8017,Stuart,0,0,0,17,0,0,0,20 Dec. 20:00,0,0,53,0,Midfielder,0,0
0,16,Kalou,0,0,MCI(A) 1-2,Chelsea,10529,Salomon,0,0,0,29,0,0,0,21 March 19:45,0,0,67,0,Midfielder,0,0
0,142,Distin,1,0,ARS(H) 0-1,Everton,11929,Sylvain,0,90,10,29,0,0,0,21 March 20:00,0,0,51,2,Defender,0,0
0,0,Coleman,0,0,ARS(H) 0-1,Everton,12829,Seamus,0,0,0,29,0,0,0,21 March 20:00,0,0,70,0,Midfielder,0,0
0,1146,Kelly,3,0,SWA(H) 0-3,Fulham,14029,Stephen,0,90,5,29,0,0,0,17 March 15:00,0,0,40,1,Defender,0,0
0,-74,Sidwell,0,0,WOL(H) 5-0,Fulham,14727,Steve,0,0,0,27,0,0,0,04 March 14:05,0,0,52,0,Midfielder,0,0
0,-13,Davies,0,0,WOL(H) 5-0,Fulham,15227,Simon,0,11,3,27,0,0,0,04 March 14:05,0,0,53,1,Midfielder,0,0
0,-34,Kyrgiakos,0,0,NEW(A) 1-1,Sunderland,16727,Sotirios,0,0,0,27,0,0,0,04 March 12:00,0,0,49,0,Defender,0,0
0,24157,Gerrard,3,0,QPR(A) 2-3,Liverpool,17329,Steven,0,90,-1,29,0,0,0,21 March 20:00,0,0,98,2,Midfielder,0,0
0,-424,Wright-Phillips,0,0,LIV(H) 3-2,QPR,19729,Shaun,0,0,0,29,0,0,0,21 March 20:00,0,0,59,0,Midfielder,0,0
0,0,Diao,0,0,NOR(A) 1-1,Stoke City,3272,Salif,0,0,0,2,0,0,0,21 Aug. 13:30,0,0,45,0,Midfielder,0,0
0,-219,Diao,0,0,WBA(A) 1-0,Stoke City,3273,Salif,0,0,0,3,0,0,0,28 Aug. 15:00,0,0,45,0,Midfielder,0,0
0,-917,Mignolet,0,0,QPR(A) 3-2,Sunderland,33317,Simon,0,0,0,17,0,0,0,21 Dec. 20:00,0,0,43,0,Goalkeeper,0,0
1,-2340,Sessegnon,2,0,QPR(A) 3-2,Sunderland,34317,Stephane,0,90,40,17,3,0,0,21 Dec. 20:00,0,0,62,9,Midfielder,0,1
0,-6,Malbranque,0,0,QPR(A) 3-2,Sunderland,34717,Steed,0,0,0,17,0,0,0,21 Dec. 20:00,0,0,55,0,Midfielder,0,0
0,29584,Larsson,2,0,QPR(A) 3-2,Sunderland,35017,Sebastian,0,74,7,17,0,0,0,21 Dec. 20:00,0,0,69,2,Midfielder,0,0
0,0,Bassong,0,0,MUN(A) 0-3,Wolves,3842,Sebastien,0,0,0,2,0,0,0,22 Aug. 20:00,0,0,45,0,Defender,0,0
0,0,Pienaar,0,0,MUN(A) 0-3,Everton,3942,Steven,0,0,0,2,0,0,0,22 Aug. 20:00,0,0,70,0,Midfielder,0,0
0,-59,Tchoyi,0,0,CHE(H) 1-0,West Brom,42027,Somen,0,0,0,27,0,0,0,03 March 15:00,0,0,49,0,Midfielder,0,0
0,-11,Tchoyi,0,0,MCI(A) 0-4,West Brom,42033,Somen,0,13,1,33,0,0,0,11 April 19:45,0,0,48,1,Midfielder,0,0
0,36,Reid,0,0,CHE(H) 1-0,West Brom,42527,Steven,0,56,10,27,0,0,0,03 March 15:00,0,0,48,1,Midfielder,0,0
0,-13,Reid,0,0,MCI(A) 0-4,West Brom,42533,Steven,0,0,0,33,0,0,0,11 April 19:45,0,0,48,0,Midfielder,0,0
0,-2,Cox,4,0,MCI(A) 0-4,West Brom,43333,Simon,0,90,4,33,0,0,0,11 April 19:45,0,0,46,2,Forward,0,0
0,-4,Gohouri,0,0,MUN(H) 1-0,Wigan,44033,Steve,0,0,0,33,0,0,0,11 April 19:45,0,0,44,0,Defender,0,0
0,-1,Mouyokolo,0,0,MUN(H) 0-5,Wolves,45629,Steven,0,0,0,29,0,0,0,18 March 13:30,0,0,40,0,Defender,0,0
0,-1686,Ward,3,0,ARS(H) 0-3,Wolves,45733,Stephen,0,90,6,33,0,0,0,11 April 19:45,0,0,43,1,Defender,0,0
0,-62,Hunt,0,0,ARS(H) 0-3,Wolves,46833,Stephen,0,0,0,33,0,0,0,11 April 19:45,0,0,58,0,Midfielder,0,0
0,-2002,Fletcher,0,0,ARS(H) 0-3,Wolves,47533,Steven,0,13,-3,33,0,0,0,11 April 19:45,0,0,52,1,Forward,0,0
0,-6,Vokes,0,0,ARS(H) 0-3,Wolves,47733,Sam,0,0,0,33,0,0,0,11 April 19:45,0,0,45,0,Forward,0,0
0,7,Ebanks-Blake,0,0,ARS(H) 0-3,Wolves,47933,Sylvan,0,0,0,33,0,0,0,11 April 19:45,0,0,53,0,Forward,0,0
0,-2,Taylor,0,0,WBA(H) 4-0,Man City,48133,Stuart,0,0,0,33,0,0,0,11 April 19:45,0,0,42,0,Goalkeeper,0,0
0,-9245,Aguero,1,0,SUN(A) 0-1,Man City,49219,Sergio,0,45,0,19,0,0,0,01 Jan. 15:00,0,0,111,1,Forward,0,0
0,-85103,Aguero,1,0,CHE(H) 2-1,Man City,49229,Sergio,0,90,21,29,1,0,0,21 March 19:45,0,0,110,7,Forward,0,1
0,-64,Savic,0,0,SUN(A) 0-1,Man City,49519,Stefan,0,0,0,19,0,0,0,01 Jan. 15:00,0,0,47,0,Defender,0,0
0,72,Savic,0,0,CHE(H) 2-1,Man City,49529,Stefan,0,0,0,29,0,0,0,21 March 19:45,0,0,44,0,Defender,0,0
0,313,Long,1,0,WIG(A) 1-1,West Brom,51329,Shane,0,90,7,29,0,0,0,17 March 15:00,0,0,57,2,Forward,0,0
0,0,Maierhofer,0,0,MUN(H) 0-5,Wolves,51929,Stefan,0,0,0,29,0,0,0,18 March 13:30,0,0,50,0,Forward,0,0
0,-57,Sammy Ameobi,0,0,NOR(H) 1-0,Newcastle,52729,Sammy,0,0,0,29,0,0,0,18 March 16:00,0,0,44,0,Forward,0,0
0,306,Dann,0,0,SUN(H) 2-0,Blackburn,55229,Scott,0,90,22,29,1,1,0,20 March 20:00,0,0,47,7,Defender,0,0
0,-2,Coates,0,0,ARS(H) 1-2,Liverpool,56827,Sebastian,0,0,0,27,0,0,0,03 March 12:45,0,0,49,0,Defender,0,0
0,-33,Coates,2,0,BLA(A) 3-2,Liverpool,56833,Sebastian,0,90,14,33,0,0,0,10 April 20:00,0,0,49,1,Defender,0,0
0,-32,Lowry,0,0,CHE(A) 3-1,Aston Villa,58219,Shane,0,0,0,19,0,0,0,31 Dec. 15:00,0,0,40,0,Defender,0,0
0,0,Hutchinson,0,0,AVL(H) 1-3,Chelsea,61419,Sam,0,0,0,19,0,0,0,31 Dec. 15:00,0,0,45,0,Defender,0,0
0,-5,Hutchinson,0,0,MCI(A) 1-2,Chelsea,61429,Sam,0,0,0,29,0,0,0,21 March 19:45,0,0,45,0,Defender,0,0
0,-6,Mantom,0,0,WIG(A) 1-1,West Brom,62029,Sam,0,0,0,29,0,0,0,17 March 15:00,0,0,45,0,Midfielder,0,0
0,-8,Duffy,0,0,ARS(H) 0-1,Everton,62629,Shane,0,0,0,29,0,0,0,21 March 20:00,0,0,48,0,Defender,0,0
0,0,Allan,0,0,WIG(A) 1-1,West Brom,64529,Scott,0,0,0,29,0,0,0,17 March 15:00,0,0,45,0,Midfielder,0,0
0,88,Diakite,2,0,LIV(H) 3-2,QPR,65729,Samba,0,90,16,29,0,0,0,21 March 20:00,0,0,45,2,Midfielder,0,0
0,0,Squillaci,0,0,SUN(H) 0-0,Arsenal,31,Sebastien,0,0,0,1,0,0,0,18 Aug 15:00,0,0,45,0,Defender,0,0
0,-654,Squillaci,0,0,STK(A) 0-0,Arsenal,32,Sebastien,0,0,0,2,0,0,0,26 Aug 13:30,0,0,45,0,Defender,0,0
0,-781,Squillaci,0,0,LIV(A) 2-0,Arsenal,33,Sebastien,0,0,0,3,0,0,0,02 Sep 13:30,0,0,44,0,Defender,0,0
0,-594,Squillaci,0,0,SOU(H) 6-1,Arsenal,34,Sebastien,0,0,0,4,0,0,0,15 Sep 15:00,0,0,44,0,Defender,0,0
0,-289,Squillaci,0,0,MCI(A) 1-1,Arsenal,35,Sebastien,0,0,0,5,0,0,0,23 Sep 16:00,0,0,43,0,Defender,0,0
0,-263,Squillaci,0,0,CHE(H) 1-2,Arsenal,36,Sebastien,0,0,0,6,0,0,0,29 Sep 12:45,0,0,43,0,Defender,0,0
0,-119,Squillaci,0,0,WHU(A) 3-1,Arsenal,37,Sebastien,0,0,0,7,0,0,0,06 Oct 17:30,0,0,43,0,Defender,0,0
0,-120,Squillaci,0,0,NOR(A) 0-1,Arsenal,38,Sebastien,0,0,0,8,0,0,0,20 Oct 17:30,0,0,42,0,Defender,0,0
0,-89,Squillaci,0,0,QPR(H) 1-0,Arsenal,39,Sebastien,0,0,0,9,0,0,0,27 Oct 15:00,0,0,42,0,Defender,0,0
0,-110,Squillaci,0,0,MUN(A) 1-2,Arsenal,310,Sebastien,0,0,0,10,0,0,0,03 Nov 12:45,0,0,42,0,Defender,0,0
0,-14,Squillaci,0,0,NEW(H) 7-3,Arsenal,320,Sebastien,0,0,0,20,0,0,0,29 Dec 17:30,0,0,41,0,Defender,0,0
0,23,Squillaci,0,0,SWA(A) 2-0,Arsenal,330,Sebastien,0,0,0,30,0,0,0,16 Mar 15:00,0,0,41,0,Defender,0,0
0,0,Given,1,0,WHU(A) 0-1,Aston Villa,341,Shay,0,90,4,1,0,0,0,18 Aug 15:00,0,0,50,2,Goalkeeper,0,0
0,-2398,Given,3,3,EVE(H) 1-3,Aston Villa,342,Shay,0,90,3,2,0,0,0,25 Aug 15:00,0,0,50,2,Goalkeeper,0,0
0,-6838,Given,0,0,NEW(A) 1-1,Aston Villa,343,Shay,0,0,0,3,0,0,0,02 Sep 16:00,0,0,50,0,Goalkeeper,0,0
0,-7126,Given,0,0,SWA(H) 2-0,Aston Villa,344,Shay,0,0,0,4,0,0,0,15 Sep 15:00,0,0,50,0,Goalkeeper,0,0
0,-5975,Given,0,0,SOU(A) 1-4,Aston Villa,345,Shay,0,0,0,5,0,0,0,22 Sep 15:00,0,0,49,0,Goalkeeper,0,0
0,-3989,Given,0,0,WBA(H) 1-1,Aston Villa,346,Shay,0,0,0,6,0,0,0,30 Sep 16:00,0,0,48,0,Goalkeeper,0,0
0,-2782,Given,0,0,TOT(A) 0-2,Aston Villa,347,Shay,0,0,0,7,0,0,0,07 Oct 15:00,0,0,48,0,Goalkeeper,0,0
0,-2481,Given,0,0,FUL(A) 0-1,Aston Villa,348,Shay,0,0,0,8,0,0,0,20 Oct 15:00,0,0,48,0,Goalkeeper,0,0
0,-1457,Given,0,0,NOR(H) 1-1,Aston Villa,349,Shay,0,0,0,9,0,0,0,27 Oct 12:45,0,0,47,0,Goalkeeper,0,0
0,-1781,Given,0,0,SUN(A) 1-0,Aston Villa,3410,Shay,0,0,1,10,0,0,0,03 Nov 15:00,0,0,47,0,Goalkeeper,0,0
0,-310,Given,0,0,WIG(H) 0-3,Aston Villa,3420,Shay,0,0,0,20,0,0,0,29 Dec 15:00,0,0,45,0,Goalkeeper,0,0
0,-134,Given,0,0,QPR(H) 3-2,Aston Villa,3430,Shay,0,0,0,30,0,0,0,16 Mar 15:00,0,0,45,0,Goalkeeper,0,0
0,0,Warnock,0,0,WHU(A) 0-1,Aston Villa,391,Stephen,0,0,0,1,0,0,0,18 Aug 15:00,0,0,50,0,Defender,0,0
0,-3043,Warnock,0,0,EVE(H) 1-3,Aston Villa,392,Stephen,0,0,0,2,0,0,0,25 Aug 15:00,0,0,50,0,Defender,0,0
0,-4194,Warnock,0,0,NEW(A) 1-1,Aston Villa,393,Stephen,0,0,0,3,0,0,0,02 Sep 16:00,0,0,49,0,Defender,0,0
0,-2394,Warnock,0,0,SWA(H) 2-0,Aston Villa,394,Stephen,0,0,0,4,0,0,0,15 Sep 15:00,0,0,48,0,Defender,0,0
0,-2235,Warnock,0,0,SOU(A) 1-4,Aston Villa,395,Stephen,0,0,0,5,0,0,0,22 Sep 15:00,0,0,48,0,Defender,0,0
0,-2511,Warnock,0,0,WBA(H) 1-1,Aston Villa,396,Stephen,0,0,0,6,0,0,0,30 Sep 16:00,0,0,47,0,Defender,0,0
0,-1289,Warnock,0,0,TOT(A) 0-2,Aston Villa,397,Stephen,0,0,0,7,0,0,0,07 Oct 15:00,0,0,47,0,Defender,0,0
0,-869,Warnock,0,0,FUL(A) 0-1,Aston Villa,398,Stephen,0,0,0,8,0,0,0,20 Oct 15:00,0,0,46,0,Defender,0,0
0,-449,Warnock,0,0,NOR(H) 1-1,Aston Villa,399,Stephen,0,0,0,9,0,0,0,27 Oct 12:45,0,0,46,0,Defender,0,0
0,-410,Warnock,0,0,SUN(A) 1-0,Aston Villa,3910,Stephen,0,0,0,10,0,0,0,03 Nov 15:00,0,0,46,0,Defender,0,0
0,-269,Warnock,0,0,MCI(A) 0-5,Aston Villa,3912,Stephen,0,0,0,12,0,0,0,17 Nov 15:00,0,0,46,0,Defender,0,0
0,-38,Warnock,0,0,WIG(H) 0-3,Aston Villa,3920,Stephen,0,0,0,20,0,0,0,29 Dec 15:00,0,0,45,0,Defender,0,0
0,-53,Warnock,0,0,SOU(H) 0-1,Aston Villa,3922,Stephen,0,0,0,22,0,0,0,12 Jan 15:00,0,0,45,0,Defender,0,0
0,-26,Warnock,0,0,QPR(H) 3-2,Aston Villa,3930,Stephen,0,0,0,30,0,0,0,16 Mar 15:00,0,0,45,0,Defender,0,0
0,-17,Warnock,0,0,STK(A) 3-1,Aston Villa,3932,Stephen,0,0,0,32,0,0,0,06 Apr 15:00,0,0,45,0,Defender,0,0
0,0,Ireland,1,0,WHU(A) 0-1,Aston Villa,501,Stephen,0,90,7,1,0,0,0,18 Aug 15:00,0,0,55,2,Midfielder,0,0
0,-1793,Ireland,0,0,EVE(H) 1-3,Aston Villa,502,Stephen,0,0,0,2,0,0,0,25 Aug 15:00,0,0,55,0,Midfielder,0,0
0,-5994,Ireland,1,0,NEW(A) 1-1,Aston Villa,503,Stephen,0,90,10,3,0,0,0,02 Sep 16:00,0,0,54,2,Midfielder,0,0
0,-2391,Ireland,0,0,SWA(H) 2-0,Aston Villa,504,Stephen,0,69,13,4,0,1,0,15 Sep 15:00,0,0,53,3,Midfielder,0,0
0,-1213,Ireland,0,0,SOU(A) 1-4,Aston Villa,505,Stephen,0,45,9,5,0,0,1,22 Sep 15:00,0,0,53,4,Midfielder,0,0
0,-2784,Ireland,0,0,WBA(H) 1-1,Aston Villa,506,Stephen,0,0,0,6,0,0,0,30 Sep 16:00,0,0,53,0,Midfielder,0,0
0,-2570,Ireland,0,0,TOT(A) 0-2,Aston Villa,507,Stephen,0,0,0,7,0,0,0,07 Oct 15:00,0,0,52,0,Midfielder,0,0
0,-1491,Ireland,0,0,FUL(A) 0-1,Aston Villa,508,Stephen,0,65,3,8,0,1,0,20 Oct 15:00,0,0,52,3,Midfielder,0,0
0,-88,Ireland,0,0,NOR(H) 1-1,Aston Villa,509,Stephen,0,0,0,9,0,0,0,27 Oct 12:45,0,0,52,0,Midfielder,0,0
0,-378,Ireland,0,0,SUN(A) 1-0,Aston Villa,5010,Stephen,0,90,17,10,0,1,0,03 Nov 15:00,0,0,52,3,Midfielder,0,0
0,-35,Ireland,3,0,WIG(H) 0-3,Aston Villa,5020,Stephen,0,62,3,20,0,0,0,29 Dec 15:00,0,0,51,2,Midfielder,0,0
0,-33,Ireland,0,0,QPR(H) 3-2,Aston Villa,5030,Stephen,0,0,0,30,0,0,0,16 Mar 15:00,0,0,50,0,Midfielder,0,0
0,0,Carruthers,0,0,WHU(A) 0-1,Aston Villa,541,Samir,0,0,0,1,0,0,0,18 Aug 15:00,0,0,45,0,Midfielder,0,0
0,-77,Carruthers,0,0,EVE(H) 1-3,Aston Villa,542,Samir,0,0,0,2,0,0,0,25 Aug 15:00,0,0,45,0,Midfielder,0,0
0,-104,Carruthers,0,0,NEW(A) 1-1,Aston Villa,543,Samir,0,0,0,3,0,0,0,02 Sep 16:00,0,0,45,0,Midfielder,0,0
0,2,Carruthers,0,0,SWA(H) 2-0,Aston Villa,544,Samir,0,0,0,4,0,0,0,15 Sep 15:00,0,0,44,0,Midfielder,0,0
0,-40,Carruthers,0,0,SOU(A) 1-4,Aston Villa,545,Samir,0,0,0,5,0,0,0,22 Sep 15:00,0,0,44,0,Midfielder,0,0
0,-20,Carruthers,0,0,WBA(H) 1-1,Aston Villa,546,Samir,0,0,0,6,0,0,0,30 Sep 16:00,0,0,44,0,Midfielder,0,0
0,-24,Carruthers,0,0,TOT(A) 0-2,Aston Villa,547,Samir,0,0,0,7,0,0,0,07 Oct 15:00,0,0,44,0,Midfielder,0,0
0,-18,Carruthers,0,0,FUL(A) 0-1,Aston Villa,548,Samir,0,0,0,8,0,0,0,20 Oct 15:00,0,0,44,0,Midfielder,0,0
0,-5,Carruthers,0,0,NOR(H) 1-1,Aston Villa,549,Samir,0,0,0,9,0,0,0,27 Oct 12:45,0,0,44,0,Midfielder,0,0
0,24,Carruthers,0,0,SUN(A) 1-0,Aston Villa,5410,Samir,0,0,0,10,0,0,0,03 Nov 15:00,0,0,43,0,Midfielder,0,0
0,-9,Carruthers,0,0,WIG(H) 0-3,Aston Villa,5420,Samir,0,0,0,20,0,0,0,29 Dec 15:00,0,0,43,0,Midfielder,0,0
0,8,Carruthers,0,0,QPR(H) 3-2,Aston Villa,5430,Samir,0,0,0,30,0,0,0,16 Mar 15:00,0,0,43,0,Midfielder,0,0
0,0,Hutchinson,0,0,RDG(H) 4-2,Chelsea,731,Sam,0,0,0,1,0,0,0,22 Aug 19:45,0,0,40,0,Defender,0,0
0,-701,Hutchinson,0,0,NEW(H) 2-0,Chelsea,732,Sam,0,0,0,2,0,0,0,25 Aug 17:30,0,0,40,0,Defender,0,0
0,-261,Hutchinson,0,0,QPR(A) 0-0,Chelsea,734,Sam,0,0,0,4,0,0,0,15 Sep 15:00,0,0,40,0,Defender,0,0
0,-108,Hutchinson,0,0,STK(H) 1-0,Chelsea,735,Sam,0,0,0,5,0,0,0,22 Sep 15:00,0,0,40,0,Defender,0,0
0,-92,Hutchinson,0,0,ARS(A) 2-1,Chelsea,736,Sam,0,0,0,6,0,0,0,29 Sep 12:45,0,0,40,0,Defender,0,0
0,-59,Hutchinson,0,0,NOR(H) 4-1,Chelsea,737,Sam,0,0,0,7,0,0,0,06 Oct 15:00,0,0,40,0,Defender,0,0
0,-66,Hutchinson,0,0,TOT(A) 4-2,Chelsea,738,Sam,0,0,0,8,0,0,0,20 Oct 12:45,0,0,40,0,Defender,0,0
0,-44,Hutchinson,0,0,MUN(H) 2-3,Chelsea,739,Sam,0,0,0,9,0,0,0,28 Oct 16:00,0,0,40,0,Defender,0,0
0,-33,Hutchinson,0,0,SWA(A) 1-1,Chelsea,7310,Sam,0,0,0,10,0,0,0,03 Nov 15:00,0,0,40,0,Defender,0,0
0,-33,Hutchinson,0,0,LIV(H) 1-1,Chelsea,7311,Sam,0,0,0,11,0,0,0,11 Nov 16:00,0,0,40,0,Defender,0,0
0,-25,Hutchinson,0,0,WBA(A) 1-2,Chelsea,7312,Sam,0,0,0,12,0,0,0,17 Nov 15:00,0,0,40,0,Defender,0,0
0,-23,Hutchinson,0,0,MCI(H) 0-0,Chelsea,7313,Sam,0,0,0,13,0,0,0,25 Nov 16:00,0,0,40,0,Defender,0,0
0,-11,Hutchinson,0,0,FUL(H) 0-0,Chelsea,7314,Sam,0,0,0,14,0,0,0,28 Nov 19:45,0,0,40,0,Defender,0,0
0,-12,Hutchinson,0,0,WHU(A) 1-3,Chelsea,7315,Sam,0,0,0,15,0,0,0,01 Dec 12:45,0,0,40,0,Defender,0,0
0,-17,Hutchinson,0,0,SUN(A) 3-1,Chelsea,7316,Sam,0,0,0,16,0,0,0,08 Dec 15:00,0,0,40,0,Defender,0,0
0,-11,Hutchinson,0,0,AVL(H) 8-0,Chelsea,7318,Sam,0,0,0,18,0,0,0,23 Dec 16:00,0,0,40,0,Defender,0,0
0,-10,Hutchinson,0,0,NOR(A) 1-0,Chelsea,7319,Sam,0,0,0,19,0,0,0,26 Dec 15:00,0,0,40,0,Defender,0,0
0,-8,Hutchinson,0,0,EVE(A) 2-1,Chelsea,7320,Sam,0,0,0,20,0,0,0,30 Dec 13:30,0,0,40,0,Defender,0,0
0,-14,Hutchinson,0,0,QPR(H) 0-1,Chelsea,7321,Sam,0,0,0,21,0,0,0,02 Jan 19:45,0,0,40,0,Defender,0,0
0,-49,Hutchinson,0,0,SOU(H) 2-2,Chelsea,7322,Sam,0,0,0,22,0,0,0,16 Jan 19:45,0,0,40,0,Defender,0,0
0,-17,Hutchinson,0,0,ARS(H) 2-1,Chelsea,7323,Sam,0,0,0,23,0,0,0,20 Jan 13:30,0,0,40,0,Defender,0,0
0,-21,Hutchinson,0,0,RDG(A) 2-2,Chelsea,7324,Sam,0,0,0,24,0,0,0,30 Jan 20:00,0,0,40,0,Defender,0,0
0,-9,Hutchinson,0,0,NEW(A) 2-3,Chelsea,7325,Sam,0,0,0,25,0,0,0,02 Feb 15:00,0,0,40,0,Defender,0,0
0,-6,Hutchinson,0,0,WIG(H) 4-1,Chelsea,7326,Sam,0,0,0,26,0,0,0,09 Feb 15:00,0,0,40,0,Defender,0,0
0,-6,Hutchinson,0,0,MCI(A) 0-2,Chelsea,7327,Sam,0,0,0,27,0,0,0,24 Feb 13:30,0,0,40,0,Defender,0,0
0,-3,Hutchinson,0,0,WBA(H) 1-0,Chelsea,7328,Sam,0,0,0,28,0,0,0,02 Mar 15:00,0,0,40,0,Defender,0,0
0,-5,Hutchinson,0,0,WHU(H) 2-0,Chelsea,7330,Sam,0,0,0,30,0,0,0,17 Mar 16:00,0,0,40,0,Defender,0,0
0,-6,Hutchinson,0,0,SOU(A) 1-2,Chelsea,7331,Sam,0,0,0,31,0,0,0,30 Mar 15:00,0,0,40,0,Defender,0,0
0,0,Hutchinson,0,0,SUN(H) 2-1,Chelsea,7332,Sam,0,0,0,32,0,0,0,07 Apr 15:00,0,0,40,0,Defender,0,0
0,-2,Hutchinson,0,0,FUL(A) 3-0,Chelsea,7333,Sam,0,0,0,33,0,0,0,17 Apr 20:00,0,0,40,0,Defender,0,0
0,0,Hutchinson,0,0,LIV(A) 2-2,Chelsea,7334,Sam,0,0,0,34,0,0,0,21 Apr 16:00,0,0,40,0,Defender,0,0
0,-2,Hutchinson,0,0,SWA(H) 2-0,Chelsea,7335,Sam,0,0,0,35,0,0,0,28 Apr 15:00,0,0,40,0,Defender,0,0
0,0,Hutchinson,0,0,TOT(H) 2-2,Chelsea,7336,Sam,0,0,0,36,0,0,0,08 May 19:45,0,0,40,0,Defender,0,0
0,-2,Hutchinson,0,0,AVL(A) 2-1,Chelsea,7337,Sam,0,0,0,37,0,0,0,11 May 12:45,0,0,40,0,Defender,0,0
0,2,Hutchinson,0,0,EVE(H) 2-1,Chelsea,7338,Sam,0,0,0,38,0,0,0,19 May 16:00,0,0,40,0,Defender,0,0
0,0,Distin,0,0,MUN(H) 1-0,Everton,981,Sylvain,0,90,15,1,0,1,0,20 Aug 20:00,0,0,55,6,Defender,0,0
0,4916,Distin,1,0,AVL(A) 3-1,Everton,982,Sylvain,0,90,14,2,0,0,0,25 Aug 15:00,0,0,55,2,Defender,0,0
1,7332,Distin,2,0,WBA(A) 0-2,Everton,983,Sylvain,0,90,3,3,0,0,0,01 Sep 15:00,0,0,55,0,Defender,0,0
0,758,Distin,2,0,NEW(H) 2-2,Everton,984,Sylvain,0,90,7,4,0,0,0,17 Sep 20:00,0,0,55,1,Defender,0,0
0,-366,Distin,0,0,SWA(A) 3-0,Everton,985,Sylvain,0,0,0,5,0,0,0,22 Sep 12:45,0,0,55,0,Defender,0,0
0,-2009,Distin,0,0,SOU(H) 3-1,Everton,986,Sylvain,0,1,0,6,0,0,0,29 Sep 15:00,0,0,55,1,Defender,0,0
0,-2862,Distin,0,0,WIG(A) 2-2,Everton,987,Sylvain,0,45,8,7,0,0,0,06 Oct 15:00,0,0,55,1,Defender,0,0
0,-2494,Distin,1,0,QPR(A) 1-1,Everton,988,Sylvain,0,90,9,8,0,0,1,21 Oct 16:00,0,0,55,5,Defender,0,0
0,-334,Distin,2,0,LIV(H) 2-2,Everton,989,Sylvain,0,90,-1,9,0,0,0,28 Oct 13:30,0,0,54,1,Defender,0,0
0,169,Distin,1,0,FUL(A) 2-2,Everton,9810,Sylvain,0,2,0,10,0,0,0,03 Nov 15:00,0,0,54,1,Defender,0,0
0,165,Distin,0,0,SUN(H) 2-1,Everton,9811,Sylvain,0,0,0,11,0,0,0,10 Nov 15:00,0,0,54,0,Defender,0,0
0,-1553,Distin,0,0,RDG(A) 1-2,Everton,9812,Sylvain,0,0,0,12,0,0,0,17 Nov 15:00,0,0,54,0,Defender,0,0
0,-1781,Distin,1,0,NOR(H) 1-1,Everton,9813,Sylvain,0,90,10,13,0,0,0,24 Nov 15:00,0,0,53,2,Defender,0,0
0,-791,Distin,1,0,ARS(H) 1-1,Everton,9814,Sylvain,0,90,18,14,2,0,0,28 Nov 19:45,0,0,53,4,Defender,0,0
0,-729,Distin,1,0,MCI(A) 1-1,Everton,9815,Sylvain,0,90,7,15,0,0,0,01 Dec 15:00,0,0,53,2,Defender,0,0
0,-329,Distin,1,0,TOT(H) 2-1,Everton,9816,Sylvain,0,90,19,16,0,0,0,09 Dec 15:00,0,0,53,2,Defender,0,0
0,-279,Distin,1,0,STK(A) 1-1,Everton,9817,Sylvain,0,90,8,17,0,0,0,15 Dec 15:00,0,0,53,2,Defender,0,0
0,-197,Distin,1,0,WHU(A) 2-1,Everton,9818,Sylvain,0,90,15,18,0,0,0,22 Dec 15:00,0,0,53,2,Defender,0,0
0,2065,Distin,1,0,WIG(H) 2-1,Everton,9819,Sylvain,0,90,10,19,0,0,0,26 Dec 15:00,0,0,53,2,Defender,0,0
1,-500,Distin,2,0,CHE(H) 1-2,Everton,9820,Sylvain,0,90,7,20,0,0,0,30 Dec 13:30,0,0,53,0,Defender,0,0
0,-224,Distin,1,0,NEW(A) 2-1,Everton,9821,Sylvain,0,90,18,21,0,0,0,02 Jan 20:00,0,0,53,2,Defender,0,0
0,915,Distin,0,0,SWA(H) 0-0,Everton,9822,Sylvain,0,90,5,22,0,1,0,12 Jan 15:00,0,0,53,6,Defender,0,0
0,784,Distin,0,0,SOU(A) 0-0,Everton,9823,Sylvain,0,90,4,23,0,1,0,21 Jan 20:00,0,0,53,6,Defender,0,0
0,5098,Distin,1,0,WBA(H) 2-1,Everton,9824,Sylvain,0,90,17,24,0,0,0,30 Jan 19:45,0,0,53,2,Defender,0,0
0,4264,Distin,3,0,AVL(H) 3-3,Everton,9825,Sylvain,0,90,6,25,0,0,0,02 Feb 15:00,0,0,53,1,Defender,0,0
0,-3275,Distin,0,0,MUN(A) 0-2,Everton,9826,Sylvain,0,0,0,26,0,0,0,10 Feb 16:00,0,0,53,0,Defender,0,0
0,-397,Distin,2,0,NOR(A) 1-2,Everton,9827,Sylvain,0,90,14,27,0,0,0,23 Feb 15:00,0,0,53,1,Defender,0,0
0,426,Distin,1,0,RDG(H) 3-1,Everton,9828,Sylvain,0,90,15,28,0,0,0,02 Mar 15:00,0,0,53,2,Defender,0,0
0,-1176,Distin,0,0,MCI(H) 2-0,Everton,9830,Sylvain,0,90,14,30,0,1,0,16 Mar 12:45,0,0,53,6,Defender,0,0
0,1231,Distin,0,0,STK(H) 1-0,Everton,9831,Sylvain,0,90,20,31,1,1,0,30 Mar 17:30,0,0,53,7,Defender,0,0
0,1658,Distin,2,0,TOT(A) 2-2,Everton,9832,Sylvain,0,90,3,32,0,0,0,07 Apr 14:05,0,0,53,1,Defender,0,0
0,7623,Distin,0,0,ARS(A) 0-0,Everton,9833,Sylvain,0,90,17,33,3,1,0,16 Apr 19:45,0,0,53,9,Defender,0,0
0,5701,Distin,1,0,SUN(A) 0-1,Everton,9834,Sylvain,0,90,5,34,0,0,0,20 Apr 15:00,0,0,53,2,Defender,0,0
0,3791,Distin,0,0,FUL(H) 1-0,Everton,9835,Sylvain,0,90,16,35,0,1,0,27 Apr 15:00,0,0,53,6,Defender,0,0
0,-2721,Distin,0,0,LIV(A) 0-0,Everton,9836,Sylvain,0,90,17,36,2,1,0,05 May 13:30,0,0,53,8,Defender,0,0
0,5267,Distin,0,0,WHU(H) 2-0,Everton,9837,Sylvain,0,90,8,37,0,1,0,12 May 15:00,0,0,53,6,Defender,0,0
0,-386,Distin,2,0,CHE(A) 1-2,Everton,9838,Sylvain,0,90,12,38,0,0,0,19 May 16:00,0,0,54,1,Defender,0,0
0,0,Mustafi,0,0,MUN(H) 1-0,Everton,991,Shkodran,0,0,0,1,0,0,0,20 Aug 20:00,0,0,40,0,Defender,0,0
0,-710,Mustafi,0,0,AVL(A) 3-1,Everton,992,Shkodran,0,0,0,2,0,0,0,25 Aug 15:00,0,0,40,0,Defender,0,0
0,-1109,Mustafi,0,0,WBA(A) 0-2,Everton,993,Shkodran,0,0,0,3,0,0,0,01 Sep 15:00,0,0,40,0,Defender,0,0
0,-625,Mustafi,0,0,NEW(H) 2-2,Everton,994,Shkodran,0,0,0,4,0,0,0,17 Sep 20:00,0,0,40,0,Defender,0,0
0,-255,Mustafi,0,0,SWA(A) 3-0,Everton,995,Shkodran,0,0,0,5,0,0,0,22 Sep 12:45,0,0,40,0,Defender,0,0
0,-235,Mustafi,0,0,SOU(H) 3-1,Everton,996,Shkodran,0,0,0,6,0,0,0,29 Sep 15:00,0,0,40,0,Defender,0,0
0,-122,Mustafi,0,0,WIG(A) 2-2,Everton,997,Shkodran,0,0,0,7,0,0,0,06 Oct 15:00,0,0,40,0,Defender,0,0
0,-118,Mustafi,0,0,QPR(A) 1-1,Everton,998,Shkodran,0,0,0,8,0,0,0,21 Oct 16:00,0,0,40,0,Defender,0,0
0,-62,Mustafi,0,0,LIV(H) 2-2,Everton,999,Shkodran,0,0,0,9,0,0,0,28 Oct 13:30,0,0,40,0,Defender,0,0
0,-75,Mustafi,0,0,FUL(A) 2-2,Everton,9910,Shkodran,0,0,0,10,0,0,0,03 Nov 15:00,0,0,40,0,Defender,0,0
0,-78,Mustafi,0,0,SUN(H) 2-1,Everton,9911,Shkodran,0,0,0,11,0,0,0,10 Nov 15:00,0,0,40,0,Defender,0,0
0,-59,Mustafi,0,0,RDG(A) 1-2,Everton,9912,Shkodran,0,0,0,12,0,0,0,17 Nov 15:00,0,0,40,0,Defender,0,0
0,-50,Mustafi,0,0,NOR(H) 1-1,Everton,9913,Shkodran,0,0,0,13,0,0,0,24 Nov 15:00,0,0,40,0,Defender,0,0
0,-24,Mustafi,0,0,ARS(H) 1-1,Everton,9914,Shkodran,0,0,0,14,0,0,0,28 Nov 19:45,0,0,40,0,Defender,0,0
0,-32,Mustafi,0,0,MCI(A) 1-1,Everton,9915,Shkodran,0,0,0,15,0,0,0,01 Dec 15:00,0,0,40,0,Defender,0,0
0,-39,Mustafi,0,0,TOT(H) 2-1,Everton,9916,Shkodran,0,0,0,16,0,0,0,09 Dec 15:00,0,0,40,0,Defender,0,0
0,-27,Mustafi,0,0,STK(A) 1-1,Everton,9917,Shkodran,0,0,0,17,0,0,0,15 Dec 15:00,0,0,40,0,Defender,0,0
0,-18,Mustafi,0,0,WHU(A) 2-1,Everton,9918,Shkodran,0,0,0,18,0,0,0,22 Dec 15:00,0,0,40,0,Defender,0,0
0,-22,Mustafi,0,0,WIG(H) 2-1,Everton,9919,Shkodran,0,0,0,19,0,0,0,26 Dec 15:00,0,0,40,0,Defender,0,0
0,-20,Mustafi,0,0,CHE(H) 1-2,Everton,9920,Shkodran,0,0,0,20,0,0,0,30 Dec 13:30,0,0,40,0,Defender,0,0
0,-11,Mustafi,0,0,NEW(A) 2-1,Everton,9921,Shkodran,0,0,0,21,0,0,0,02 Jan 20:00,0,0,40,0,Defender,0,0
0,-53,Mustafi,0,0,SWA(H) 0-0,Everton,9922,Shkodran,0,0,0,22,0,0,0,12 Jan 15:00,0,0,40,0,Defender,0,0
0,-38,Mustafi,0,0,SOU(A) 0-0,Everton,9923,Shkodran,0,0,0,23,0,0,0,21 Jan 20:00,0,0,40,0,Defender,0,0
0,-28,Mustafi,0,0,WBA(H) 2-1,Everton,9924,Shkodran,0,0,0,24,0,0,0,30 Jan 19:45,0,0,40,0,Defender,0,0
0,-24,Mustafi,0,0,AVL(H) 3-3,Everton,9925,Shkodran,0,0,0,25,0,0,0,02 Feb 15:00,0,0,40,0,Defender,0,0
0,-20,Mustafi,0,0,MUN(A) 0-2,Everton,9926,Shkodran,0,0,0,26,0,0,0,10 Feb 16:00,0,0,40,0,Defender,0,0
0,-16,Mustafi,0,0,NOR(A) 1-2,Everton,9927,Shkodran,0,0,0,27,0,0,0,23 Feb 15:00,0,0,40,0,Defender,0,0
0,-8,Mustafi,0,0,RDG(H) 3-1,Everton,9928,Shkodran,0,0,0,28,0,0,0,02 Mar 15:00,0,0,40,0,Defender,0,0
0,-7,Mustafi,0,0,MCI(H) 2-0,Everton,9930,Shkodran,0,0,0,30,0,0,0,16 Mar 12:45,0,0,40,0,Defender,0,0
0,-5,Mustafi,0,0,STK(H) 1-0,Everton,9931,Shkodran,0,0,0,31,0,0,0,30 Mar 17:30,0,0,40,0,Defender,0,0
0,-3,Mustafi,0,0,TOT(A) 2-2,Everton,9932,Shkodran,0,0,0,32,0,0,0,07 Apr 14:05,0,0,40,0,Defender,0,0
0,-5,Mustafi,0,0,ARS(A) 0-0,Everton,9933,Shkodran,0,0,0,33,0,0,0,16 Apr 19:45,0,0,40,0,Defender,0,0
0,-1,Mustafi,0,0,SUN(A) 0-1,Everton,9934,Shkodran,0,0,0,34,0,0,0,20 Apr 15:00,0,0,40,0,Defender,0,0
0,-1,Mustafi,0,0,FUL(H) 1-0,Everton,9935,Shkodran,0,0,0,35,0,0,0,27 Apr 15:00,0,0,40,0,Defender,0,0
0,-4,Mustafi,0,0,LIV(A) 0-0,Everton,9936,Shkodran,0,0,0,36,0,0,0,05 May 13:30,0,0,40,0,Defender,0,0
0,-2,Mustafi,0,0,WHU(H) 2-0,Everton,9937,Shkodran,0,0,0,37,0,0,0,12 May 15:00,0,0,40,0,Defender,0,0
0,-1,Mustafi,0,0,CHE(A) 1-2,Everton,9938,Shkodran,0,0,0,38,0,0,0,19 May 16:00,0,0,40,0,Defender,0,0
0,0,Duffy,0,0,MUN(H) 1-0,Everton,1001,Shane,0,0,0,1,0,0,0,20 Aug 20:00,0,0,45,0,Defender,0,0
0,-61,Duffy,0,0,AVL(A) 3-1,Everton,1002,Shane,0,0,0,2,0,0,0,25 Aug 15:00,0,0,45,0,Defender,0,0
0,-239,Duffy,0,0,WBA(A) 0-2,Everton,1003,Shane,0,0,0,3,0,0,0,01 Sep 15:00,0,0,45,0,Defender,0,0
0,-198,Duffy,0,0,NEW(H) 2-2,Everton,1004,Shane,0,0,0,4,0,0,0,17 Sep 20:00,0,0,45,0,Defender,0,0
0,-118,Duffy,0,0,SWA(A) 3-0,Everton,1005,Shane,0,0,0,5,0,0,0,22 Sep 12:45,0,0,44,0,Defender,0,0
0,-90,Duffy,0,0,SOU(H) 3-1,Everton,1006,Shane,0,0,0,6,0,0,0,29 Sep 15:00,0,0,44,0,Defender,0,0
0,-55,Duffy,0,0,WIG(A) 2-2,Everton,1007,Shane,0,0,0,7,0,0,0,06 Oct 15:00,0,0,44,0,Defender,0,0
0,-33,Duffy,0,0,QPR(A) 1-1,Everton,1008,Shane,0,0,0,8,0,0,0,21 Oct 16:00,0,0,44,0,Defender,0,0
0,-55,Duffy,0,0,LIV(H) 2-2,Everton,1009,Shane,0,0,0,9,0,0,0,28 Oct 13:30,0,0,44,0,Defender,0,0
0,-28,Duffy,0,0,FUL(A) 2-2,Everton,10010,Shane,0,0,0,10,0,0,0,03 Nov 15:00,0,0,44,0,Defender,0,0
0,-40,Duffy,0,0,SUN(H) 2-1,Everton,10011,Shane,0,0,0,11,0,0,0,10 Nov 15:00,0,0,43,0,Defender,0,0
0,-12,Duffy,0,0,RDG(A) 1-2,Everton,10012,Shane,0,0,0,12,0,0,0,17 Nov 15:00,0,0,43,0,Defender,0,0
0,-38,Duffy,0,0,NOR(H) 1-1,Everton,10013,Shane,0,0,0,13,0,0,0,24 Nov 15:00,0,0,43,0,Defender,0,0
0,-21,Duffy,0,0,ARS(H) 1-1,Everton,10014,Shane,0,0,0,14,0,0,0,28 Nov 19:45,0,0,43,0,Defender,0,0
0,-25,Duffy,0,0,MCI(A) 1-1,Everton,10015,Shane,0,0,0,15,0,0,0,01 Dec 15:00,0,0,43,0,Defender,0,0
0,-31,Duffy,0,0,TOT(H) 2-1,Everton,10016,Shane,0,0,0,16,0,0,0,09 Dec 15:00,0,0,43,0,Defender,0,0
0,-27,Duffy,0,0,STK(A) 1-1,Everton,10017,Shane,0,0,0,17,0,0,0,15 Dec 15:00,0,0,43,0,Defender,0,0
0,-18,Duffy,0,0,WHU(A) 2-1,Everton,10018,Shane,0,1,0,18,0,0,0,22 Dec 15:00,0,0,43,1,Defender,0,0
0,-8,Duffy,0,0,WIG(H) 2-1,Everton,10019,Shane,0,0,0,19,0,0,0,26 Dec 15:00,0,0,43,0,Defender,0,0
0,-16,Duffy,0,0,CHE(H) 1-2,Everton,10020,Shane,0,0,0,20,0,0,0,30 Dec 13:30,0,0,43,0,Defender,0,0
0,-8,Duffy,0,0,NEW(A) 2-1,Everton,10021,Shane,0,0,0,21,0,0,0,02 Jan 20:00,0,0,43,0,Defender,0,0
0,-32,Duffy,0,0,SWA(H) 0-0,Everton,10022,Shane,0,0,0,22,0,0,0,12 Jan 15:00,0,0,43,0,Defender,0,0
0,-26,Duffy,0,0,SOU(A) 0-0,Everton,10023,Shane,0,0,0,23,0,0,0,21 Jan 20:00,0,0,43,0,Defender,0,0
0,-26,Duffy,0,0,WBA(H) 2-1,Everton,10024,Shane,0,0,0,24,0,0,0,30 Jan 19:45,0,0,43,0,Defender,0,0
0,-19,Duffy,0,0,AVL(H) 3-3,Everton,10025,Shane,0,0,0,25,0,0,0,02 Feb 15:00,0,0,43,0,Defender,0,0
0,-9,Duffy,0,0,MUN(A) 0-2,Everton,10026,Shane,0,0,0,26,0,0,0,10 Feb 16:00,0,0,42,0,Defender,0,0
0,-10,Duffy,0,0,NOR(A) 1-2,Everton,10027,Shane,0,0,0,27,0,0,0,23 Feb 15:00,0,0,42,0,Defender,0,0
0,-4,Duffy,0,0,RDG(H) 3-1,Everton,10028,Shane,0,0,0,28,0,0,0,02 Mar 15:00,0,0,42,0,Defender,0,0
0,-3,Duffy,0,0,MCI(H) 2-0,Everton,10030,Shane,0,0,0,30,0,0,0,16 Mar 12:45,0,0,42,0,Defender,0,0
0,-1,Duffy,0,0,STK(H) 1-0,Everton,10031,Shane,0,0,0,31,0,0,0,30 Mar 17:30,0,0,42,0,Defender,0,0
0,-10,Duffy,0,0,TOT(A) 2-2,Everton,10032,Shane,0,0,0,32,0,0,0,07 Apr 14:05,0,0,42,0,Defender,0,0
0,7,Duffy,0,0,ARS(A) 0-0,Everton,10033,Shane,0,0,0,33,0,0,0,16 Apr 19:45,0,0,42,0,Defender,0,0
0,-6,Duffy,0,0,SUN(A) 0-1,Everton,10034,Shane,0,0,0,34,0,0,0,20 Apr 15:00,0,0,42,0,Defender,0,0
0,-7,Duffy,0,0,FUL(H) 1-0,Everton,10035,Shane,0,0,0,35,0,0,0,27 Apr 15:00,0,0,42,0,Defender,0,0
0,-1,Duffy,0,0,LIV(A) 0-0,Everton,10036,Shane,0,0,0,36,0,0,0,05 May 13:30,0,0,42,0,Defender,0,0
0,1,Duffy,0,0,WHU(H) 2-0,Everton,10037,Shane,0,0,0,37,0,0,0,12 May 15:00,0,0,42,0,Defender,0,0
0,5,Duffy,0,0,CHE(A) 1-2,Everton,10038,Shane,0,0,0,38,0,0,0,19 May 16:00,0,0,42,0,Defender,0,0
0,0,Coleman,0,0,MUN(H) 1-0,Everton,1071,Seamus,0,11,2,1,0,0,0,20 Aug 20:00,0,0,50,1,Midfielder,0,0
0,-634,Coleman,1,0,AVL(A) 3-1,Everton,1072,Seamus,0,27,5,2,0,0,0,25 Aug 15:00,0,0,50,1,Midfielder,0,0
0,-1094,Coleman,0,0,WBA(A) 0-2,Everton,1073,Seamus,0,0,0,3,0,0,0,01 Sep 15:00,0,0,49,0,Midfielder,0,0
0,-842,Coleman,0,0,NEW(H) 2-2,Everton,1074,Seamus,0,0,0,4,0,0,0,17 Sep 20:00,0,0,48,0,Midfielder,0,0
0,-464,Coleman,0,0,SWA(A) 3-0,Everton,1075,Seamus,0,90,16,5,0,1,0,22 Sep 12:45,0,0,48,3,Midfielder,0,0
0,-135,Coleman,1,0,SOU(H) 3-1,Everton,1076,Seamus,0,90,29,6,2,0,1,29 Sep 15:00,0,0,48,7,Midfielder,0,0
0,1233,Coleman,2,0,WIG(A) 2-2,Everton,1077,Seamus,0,90,14,7,0,0,0,06 Oct 15:00,0,0,48,2,Midfielder,0,0
0,1026,Coleman,1,0,QPR(A) 1-1,Everton,1078,Seamus,0,90,7,8,0,0,0,21 Oct 16:00,0,0,48,2,Midfielder,0,0
1,496,Coleman,2,0,LIV(H) 2-2,Everton,1079,Seamus,0,90,1,9,0,0,0,28 Oct 13:30,0,0,48,1,Midfielder,0,0
0,579,Coleman,2,0,FUL(A) 2-2,Everton,10710,Seamus,0,90,17,10,0,0,0,03 Nov 15:00,0,0,48,2,Midfielder,0,0
0,669,Coleman,1,0,SUN(H) 2-1,Everton,10711,Seamus,0,90,18,11,0,0,0,10 Nov 15:00,0,0,48,2,Midfielder,0,0
1,43,Coleman,2,0,RDG(A) 1-2,Everton,10712,Seamus,0,90,3,12,0,0,0,17 Nov 15:00,0,0,48,1,Midfielder,0,0
0,541,Coleman,0,0,NOR(H) 1-1,Everton,10713,Seamus,0,0,0,13,0,0,0,24 Nov 15:00,0,0,48,0,Midfielder,0,0
0,-1233,Coleman,0,0,ARS(H) 1-1,Everton,10714,Seamus,0,0,0,14,0,0,0,28 Nov 19:45,0,0,48,0,Midfielder,0,0
0,-1279,Coleman,0,0,MCI(A) 1-1,Everton,10715,Seamus,0,0,0,15,0,0,0,01 Dec 15:00,0,0,48,0,Midfielder,0,0
0,-1286,Coleman,1,0,TOT(H) 2-1,Everton,10716,Seamus,0,90,17,16,0,0,1,09 Dec 15:00,0,0,48,5,Midfielder,0,0
0,235,Coleman,1,0,STK(A) 1-1,Everton,10717,Seamus,0,90,9,17,0,0,0,15 Dec 15:00,0,0,48,2,Midfielder,0,0
0,293,Coleman,0,0,WHU(A) 2-1,Everton,10718,Seamus,0,0,0,18,0,0,0,22 Dec 15:00,0,0,48,0,Midfielder,0,0
0,-310,Coleman,0,0,WIG(H) 2-1,Everton,10719,Seamus,0,0,0,19,0,0,0,26 Dec 15:00,0,0,48,0,Midfielder,0,0
0,-578,Coleman,0,0,CHE(H) 1-2,Everton,10720,Seamus,0,0,0,20,0,0,0,30 Dec 13:30,0,0,48,0,Midfielder,0,0
0,-324,Coleman,0,0,NEW(A) 2-1,Everton,10721,Seamus,0,0,0,21,0,0,0,02 Jan 20:00,0,0,48,0,Midfielder,0,0
0,-321,Coleman,0,0,SWA(H) 0-0,Everton,10722,Seamus,0,90,6,22,0,1,0,12 Jan 15:00,0,0,47,3,Midfielder,0,0
0,167,Coleman,0,0,SOU(A) 0-0,Everton,10723,Seamus,0,57,16,23,0,0,0,21 Jan 20:00,0,0,47,1,Midfielder,0,0
0,-225,Coleman,0,0,WBA(H) 2-1,Everton,10724,Seamus,0,0,0,24,0,0,0,30 Jan 19:45,0,0,47,0,Midfielder,0,0
0,-383,Coleman,0,0,AVL(H) 3-3,Everton,10725,Seamus,0,0,0,25,0,0,0,02 Feb 15:00,0,0,47,0,Midfielder,0,0
0,-284,Coleman,0,0,MUN(A) 0-2,Everton,10726,Seamus,0,0,0,26,0,0,0,10 Feb 16:00,0,0,47,0,Midfielder,0,0
0,-214,Coleman,2,0,NOR(A) 1-2,Everton,10727,Seamus,0,90,1,27,0,0,0,23 Feb 15:00,0,0,46,2,Midfielder,0,0
1,230,Coleman,1,0,RDG(H) 3-1,Everton,10728,Seamus,0,90,28,28,0,0,1,02 Mar 15:00,0,0,46,4,Midfielder,0,0
0,294,Coleman,0,0,MCI(H) 2-0,Everton,10730,Seamus,0,90,20,30,0,1,1,16 Mar 12:45,0,0,46,6,Midfielder,0,0
0,4996,Coleman,0,0,STK(H) 1-0,Everton,10731,Seamus,0,90,13,31,0,1,0,30 Mar 17:30,0,0,46,3,Midfielder,0,0
0,2052,Coleman,2,0,TOT(A) 2-2,Everton,10732,Seamus,0,90,6,32,0,0,0,07 Apr 14:05,0,0,46,2,Midfielder,0,0
0,7499,Coleman,0,0,ARS(A) 0-0,Everton,10733,Seamus,0,90,11,33,0,1,0,16 Apr 19:45,0,0,46,3,Midfielder,0,0
1,504,Coleman,1,0,SUN(A) 0-1,Everton,10734,Seamus,0,90,2,34,0,0,0,20 Apr 15:00,0,0,46,1,Midfielder,0,0
0,-710,Coleman,0,0,FUL(H) 1-0,Everton,10735,Seamus,0,90,32,35,2,1,1,27 Apr 15:00,0,0,46,8,Midfielder,0,0
0,-878,Coleman,0,0,LIV(A) 0-0,Everton,10736,Seamus,0,90,13,36,0,1,0,05 May 13:30,0,0,46,3,Midfielder,0,0
0,986,Coleman,0,0,WHU(H) 2-0,Everton,10737,Seamus,0,90,24,37,1,1,0,12 May 15:00,0,0,46,4,Midfielder,0,0
0,-387,Coleman,2,0,CHE(A) 1-2,Everton,10738,Seamus,0,90,12,38,0,0,0,19 May 16:00,0,0,46,2,Midfielder,0,0
0,0,Naismith,0,0,MUN(H) 1-0,Everton,1161,Steven,0,2,0,1,0,0,0,20 Aug 20:00,0,0,65,1,Forward,0,0
0,-1971,Naismith,0,0,AVL(A) 3-1,Everton,1162,Steven,0,63,18,2,0,1,1,25 Aug 15:00,0,0,65,5,Forward,0,0
0,-739,Naismith,0,0,WBA(A) 0-2,Everton,1163,Steven,0,61,6,3,0,1,0,01 Sep 15:00,0,0,64,2,Forward,0,0
0,-2078,Naismith,1,0,NEW(H) 2-2,Everton,1164,Steven,0,8,1,4,0,0,0,17 Sep 20:00,0,0,63,1,Forward,0,0
0,-1781,Naismith,0,0,SWA(A) 3-0,Everton,1165,Steven,0,20,4,5,0,0,0,22 Sep 12:45,0,0,62,1,Forward,0,0
0,-1740,Naismith,0,0,SOU(H) 3-1,Everton,1166,Steven,0,0,0,6,0,0,0,29 Sep 15:00,0,0,61,0,Forward,0,0
0,-1144,Naismith,0,0,WIG(A) 2-2,Everton,1167,Steven,0,1,0,7,0,0,0,06 Oct 15:00,0,0,60,1,Forward,0,0
0,-462,Naismith,0,0,QPR(A) 1-1,Everton,1168,Steven,0,39,6,8,0,0,0,21 Oct 16:00,0,0,60,1,Forward,0,0
0,-258,Naismith,2,0,LIV(H) 2-2,Everton,1169,Steven,0,84,28,9,3,0,0,28 Oct 13:30,0,0,60,9,Forward,0,1
0,659,Naismith,1,0,FUL(A) 2-2,Everton,11610,Steven,0,12,3,10,0,0,0,03 Nov 15:00,0,0,59,1,Forward,0,0
0,25,Naismith,1,0,SUN(H) 2-1,Everton,11611,Steven,0,61,15,11,0,0,0,10 Nov 15:00,0,0,59,2,Forward,0,0
0,-157,Naismith,2,0,RDG(A) 1-2,Everton,11612,Steven,0,79,25,12,2,0,0,17 Nov 15:00,0,0,59,8,Forward,0,1
0,1763,Naismith,1,0,NOR(H) 1-1,Everton,11613,Steven,0,90,21,13,3,0,0,24 Nov 15:00,0,0,59,9,Forward,0,1
0,2387,Naismith,1,0,ARS(H) 1-1,Everton,11614,Steven,0,61,5,14,0,0,0,28 Nov 19:45,0,0,59,2,Forward,0,0
0,616,Naismith,1,0,MCI(A) 1-1,Everton,11615,Steven,0,72,2,15,0,0,0,01 Dec 15:00,0,0,59,2,Forward,0,0
0,581,Naismith,1,0,TOT(H) 2-1,Everton,11616,Steven,0,45,7,16,0,0,0,09 Dec 15:00,0,0,59,1,Forward,0,0
0,-262,Naismith,1,0,STK(A) 1-1,Everton,11617,Steven,0,69,0,17,0,0,0,15 Dec 15:00,0,0,59,2,Forward,0,0
0,144,Naismith,0,0,WHU(A) 2-1,Everton,11618,Steven,0,6,1,18,0,0,0,22 Dec 15:00,0,0,59,1,Forward,0,0
0,225,Naismith,1,0,WIG(H) 2-1,Everton,11619,Steven,0,45,3,19,0,0,0,26 Dec 15:00,0,0,59,1,Forward,0,0
0,-999,Naismith,2,0,CHE(H) 1-2,Everton,11620,Steven,0,75,10,20,0,0,0,30 Dec 13:30,0,0,59,2,Forward,0,0
0,-317,Naismith,1,0,NEW(A) 2-1,Everton,11621,Steven,0,57,13,21,0,0,0,02 Jan 20:00,0,0,59,1,Forward,0,0
0,-1383,Naismith,0,0,SWA(H) 0-0,Everton,11622,Steven,0,22,-2,22,0,0,0,12 Jan 15:00,0,0,59,1,Forward,0,0
0,-634,Naismith,0,0,SOU(A) 0-0,Everton,11623,Steven,0,90,10,23,0,1,0,21 Jan 20:00,0,0,59,2,Forward,0,0
0,-375,Naismith,0,0,WBA(H) 2-1,Everton,11624,Steven,0,0,0,24,0,0,0,30 Jan 19:45,0,0,59,0,Forward,0,0
0,-438,Naismith,0,0,AVL(H) 3-3,Everton,11625,Steven,0,1,0,25,0,0,0,02 Feb 15:00,0,0,59,1,Forward,0,0
0,-492,Naismith,0,0,MUN(A) 0-2,Everton,11626,Steven,0,21,1,26,0,0,0,10 Feb 16:00,0,0,59,1,Forward,0,0
0,-253,Naismith,2,0,NOR(A) 1-2,Everton,11627,Steven,0,90,7,27,0,0,0,23 Feb 15:00,0,0,59,2,Forward,0,0
0,47,Naismith,0,0,RDG(H) 3-1,Everton,11628,Steven,0,0,0,28,0,0,0,02 Mar 15:00,0,0,59,0,Forward,0,0
0,-138,Naismith,0,0,MCI(H) 2-0,Everton,11630,Steven,0,21,3,30,0,0,0,16 Mar 12:45,0,0,59,1,Forward,0,0
0,-85,Naismith,0,0,STK(H) 1-0,Everton,11631,Steven,0,0,0,31,0,0,0,30 Mar 17:30,0,0,59,0,Forward,0,0
0,-77,Naismith,1,0,TOT(A) 2-2,Everton,11632,Steven,0,5,0,32,0,0,0,07 Apr 14:05,0,0,59,1,Forward,0,0
0,-27,Naismith,0,0,ARS(A) 0-0,Everton,11633,Steven,0,1,0,33,0,0,0,16 Apr 19:45,0,0,59,1,Forward,0,0
0,-50,Naismith,0,0,SUN(A) 0-1,Everton,11634,Steven,0,14,0,34,0,0,0,20 Apr 15:00,0,0,59,1,Forward,0,0
0,-50,Naismith,0,0,FUL(H) 1-0,Everton,11635,Steven,0,0,0,35,0,0,0,27 Apr 15:00,0,0,59,0,Forward,0,0
0,-61,Naismith,0,0,LIV(A) 0-0,Everton,11636,Steven,0,0,0,36,0,0,0,05 May 13:30,0,0,59,0,Forward,0,0
0,-28,Naismith,0,0,WHU(H) 2-0,Everton,11637,Steven,0,0,0,37,0,0,0,12 May 15:00,0,0,59,0,Forward,0,0
0,-13,Naismith,1,0,CHE(A) 1-2,Everton,11638,Steven,0,65,16,38,0,0,0,19 May 16:00,0,0,59,6,Forward,0,1
0,0,Kelly,0,0,NOR(H) 5-0,Reading,1221,Stephen,0,0,0,1,0,0,0,18 Aug 15:00,0,0,45,0,Defender,0,0
0,-3370,Kelly,0,0,MUN(A) 2-3,Reading,1222,Stephen,0,0,0,2,0,0,0,25 Aug 15:00,0,0,45,0,Defender,0,0
0,-4014,Kelly,0,0,WHU(A) 0-3,Reading,1223,Stephen,0,0,0,3,0,0,0,01 Sep 12:45,0,0,44,0,Defender,0,0
0,-2155,Kelly,0,0,WBA(H) 3-0,Reading,1224,Stephen,0,0,0,4,0,0,0,15 Sep 15:00,0,0,43,0,Defender,0,0
0,-1233,Kelly,0,0,WIG(A) 2-1,Reading,1225,Stephen,0,0,0,5,0,0,0,22 Sep 15:00,0,0,43,0,Defender,0,0
0,-856,Kelly,0,0,MCI(H) 1-2,Reading,1226,Stephen,0,0,0,6,0,0,0,29 Sep 15:00,0,0,42,0,Defender,0,0
0,-594,Kelly,0,0,SOU(A) 2-2,Reading,1227,Stephen,0,0,0,7,0,0,0,07 Oct 13:30,0,0,42,0,Defender,0,0
0,-505,Kelly,0,0,AVL(H) 1-0,Reading,1228,Stephen,0,0,0,8,0,0,0,20 Oct 15:00,0,0,41,0,Defender,0,0
0,-324,Kelly,0,0,RDG(A) 3-3,Reading,1229,Stephen,0,0,0,9,0,0,0,27 Oct 15:00,0,0,41,0,Defender,0,0
0,-389,Kelly,0,0,EVE(H) 2-2,Reading,12210,Stephen,0,0,0,10,0,0,0,03 Nov 15:00,0,0,41,0,Defender,0,0
0,-222,Kelly,0,0,ARS(A) 3-3,Reading,12211,Stephen,0,0,0,11,0,0,0,10 Nov 15:00,0,0,41,0,Defender,0,0
0,-219,Kelly,0,0,SUN(H) 1-3,Reading,12212,Stephen,0,0,0,12,0,0,0,18 Nov 16:00,0,0,41,0,Defender,0,0
0,-213,Kelly,0,0,STK(A) 0-1,Reading,12213,Stephen,0,0,0,13,0,0,0,24 Nov 15:00,0,0,40,0,Defender,0,0
0,-112,Kelly,0,0,CHE(A) 0-0,Reading,12214,Stephen,0,0,0,14,0,0,0,28 Nov 19:45,0,0,40,0,Defender,0,0
0,-140,Kelly,3,0,TOT(H) 0-3,Reading,12215,Stephen,0,62,-2,15,0,0,0,01 Dec 15:00,0,0,40,1,Defender,0,0
0,-127,Kelly,0,0,NEW(H) 2-1,Reading,12216,Stephen,0,0,0,16,0,0,0,10 Dec 20:00,0,0,40,0,Defender,0,0
0,-115,Kelly,2,0,QPR(A) 1-2,Reading,12217,Stephen,0,45,2,17,0,0,0,15 Dec 15:00,0,0,40,0,Defender,0,0
0,-111,Kelly,0,0,LIV(A) 0-4,Reading,12218,Stephen,0,0,0,18,0,0,0,22 Dec 17:30,0,0,40,0,Defender,0,0
0,-51,Kelly,0,0,SOU(H) 1-1,Reading,12219,Stephen,0,0,0,19,0,0,0,26 Dec 15:00,0,0,40,0,Defender,0,0
0,-112,Kelly,0,0,SWA(H) 1-2,Reading,12220,Stephen,0,0,0,20,0,0,0,29 Dec 15:00,0,0,40,0,Defender,0,0
0,-59,Kelly,0,0,WBA(A) 2-1,Reading,12221,Stephen,0,0,0,21,0,0,0,01 Jan 12:45,0,0,40,0,Defender,0,0
0,-421,Kelly,0,0,WIG(H) 1-1,Reading,12222,Stephen,0,0,0,22,0,0,0,12 Jan 15:00,0,0,40,0,Defender,0,0
1,-46,Kelly,1,0,NEW(A) 2-1,Reading,12223,Stephen,0,90,13,23,0,0,0,19 Jan 15:00,0,0,40,1,Defender,0,0
0,35,Kelly,2,0,CHE(H) 2-2,Reading,12224,Stephen,0,90,7,24,0,0,0,30 Jan 20:00,0,0,40,1,Defender,0,0
0,133,Kelly,1,0,SUN(H) 2-1,Reading,12225,Stephen,0,90,19,25,0,0,0,02 Feb 15:00,0,0,40,2,Defender,0,0
0,120,Kelly,2,0,STK(A) 1-2,Reading,12226,Stephen,0,90,3,26,0,0,0,09 Feb 15:00,0,0,40,1,Defender,0,0
0,115,Kelly,3,0,WIG(H) 0-3,Reading,12227,Stephen,0,90,5,27,0,0,0,23 Feb 15:00,0,0,40,1,Defender,0,0
0,16,Kelly,3,0,EVE(A) 1-3,Reading,12228,Stephen,0,90,5,28,0,0,0,02 Mar 15:00,0,0,40,1,Defender,0,0
0,47,Kelly,2,0,AVL(H) 1-2,Reading,12229,Stephen,0,90,9,29,0,0,0,09 Mar 15:00,0,0,40,1,Defender,0,0
1,-66,Kelly,1,0,MUN(A) 0-1,Reading,12230,Stephen,0,87,3,30,0,0,0,16 Mar 17:30,0,0,40,1,Defender,0,0
0,-44,Kelly,4,0,ARS(A) 1-4,Reading,12231,Stephen,0,90,2,31,0,0,0,30 Mar 15:00,0,0,40,0,Defender,0,0
0,-39,Kelly,2,0,SOU(H) 0-2,Reading,12232,Stephen,0,90,6,32,0,0,0,06 Apr 12:45,0,0,40,1,Defender,0,0
0,-61,Kelly,0,0,LIV(H) 0-0,Reading,12233,Stephen,0,90,10,33,0,1,0,13 Apr 15:00,0,0,40,6,Defender,0,0
0,-1,Kelly,2,0,NOR(A) 1-2,Reading,12234,Stephen,0,90,0,34,0,0,0,20 Apr 15:00,0,0,40,1,Defender,0,0
0,-9,Kelly,0,0,QPR(H) 0-0,Reading,12235,Stephen,0,75,8,35,0,1,0,28 Apr 13:30,0,0,40,6,Defender,0,0
0,4,Kelly,2,0,FUL(A) 4-2,Reading,12236,Stephen,0,90,10,36,0,0,0,04 May 15:00,0,0,40,1,Defender,0,0
0,-5,Kelly,2,0,MCI(H) 0-2,Reading,12237,Stephen,0,90,11,37,0,0,0,14 May 20:00,0,0,40,1,Defender,0,0
0,-4,Kelly,4,0,WHU(A) 2-4,Reading,12238,Stephen,0,90,-6,38,0,0,0,19 May 16:00,0,0,40,0,Defender,0,0
0,0,Riether,0,0,NOR(H) 5-0,Fulham,1281,Sascha,0,90,11,1,0,1,0,18 Aug 15:00,0,0,50,6,Defender,0,0
0,246,Riether,3,0,MUN(A) 2-3,Fulham,1282,Sascha,0,90,3,2,0,0,0,25 Aug 15:00,0,0,50,1,Defender,0,0
0,419,Riether,3,0,WHU(A) 0-3,Fulham,1283,Sascha,0,90,17,3,0,0,0,01 Sep 12:45,0,0,50,1,Defender,0,0
0,-107,Riether,0,0,WBA(H) 3-0,Fulham,1284,Sascha,0,90,21,4,0,1,0,15 Sep 15:00,0,0,50,6,Defender,0,0
0,271,Riether,1,0,WIG(A) 2-1,Fulham,1285,Sascha,0,90,14,5,0,0,0,22 Sep 15:00,0,0,50,2,Defender,0,0
0,55,Riether,2,0,MCI(H) 1-2,Fulham,1286,Sascha,0,90,4,6,0,0,0,29 Sep 15:00,0,0,50,1,Defender,0,0
0,317,Riether,2,0,SOU(A) 2-2,Fulham,1287,Sascha,0,90,11,7,0,0,1,07 Oct 13:30,0,0,50,4,Defender,0,0
0,1420,Riether,0,0,AVL(H) 1-0,Fulham,1288,Sascha,0,90,17,8,0,1,0,20 Oct 15:00,0,0,50,6,Defender,0,0
0,2033,Riether,3,0,RDG(A) 3-3,Fulham,1289,Sascha,0,90,10,9,0,0,0,27 Oct 15:00,0,0,50,1,Defender,0,0
0,-102,Riether,2,0,EVE(H) 2-2,Fulham,12810,Sascha,0,90,20,10,2,0,0,03 Nov 15:00,0,0,50,3,Defender,0,0
0,-99,Riether,3,0,ARS(A) 3-3,Fulham,12811,Sascha,0,90,11,11,0,0,0,10 Nov 15:00,0,0,50,1,Defender,0,0
0,1029,Riether,3,0,SUN(H) 1-3,Fulham,12812,Sascha,0,90,8,12,0,0,0,18 Nov 16:00,0,0,50,1,Defender,0,0
0,-238,Riether,1,0,STK(A) 0-1,Fulham,12813,Sascha,0,90,7,13,0,0,0,24 Nov 15:00,0,0,50,2,Defender,0,0
0,-551,Riether,0,0,CHE(A) 0-0,Fulham,12814,Sascha,0,90,17,14,1,1,0,28 Nov 19:45,0,0,50,7,Defender,0,0
0,352,Riether,0,0,TOT(H) 0-3,Fulham,12815,Sascha,0,28,1,15,0,0,0,01 Dec 15:00,0,0,50,1,Defender,0,0
0,-545,Riether,1,0,NEW(H) 2-1,Fulham,12816,Sascha,0,90,15,16,0,0,0,10 Dec 20:00,0,0,50,2,Defender,0,0
0,-6,Riether,0,0,QPR(A) 1-2,Fulham,12817,Sascha,0,45,2,17,0,0,0,15 Dec 15:00,0,0,50,1,Defender,0,0
0,-907,Riether,4,0,LIV(A) 0-4,Fulham,12818,Sascha,0,90,3,18,0,0,0,22 Dec 17:30,0,0,50,0,Defender,0,0
0,418,Riether,1,0,SOU(H) 1-1,Fulham,12819,Sascha,0,90,14,19,0,0,1,26 Dec 15:00,0,0,50,5,Defender,0,0
0,683,Riether,2,0,SWA(H) 1-2,Fulham,12820,Sascha,0,90,5,20,0,0,0,29 Dec 15:00,0,0,50,1,Defender,0,0
0,-199,Riether,1,0,WBA(A) 2-1,Fulham,12821,Sascha,0,90,16,21,0,0,0,01 Jan 12:45,0,0,50,2,Defender,0,0
0,1478,Riether,1,0,WIG(H) 1-1,Fulham,12822,Sascha,0,90,27,22,3,0,1,12 Jan 15:00,0,0,50,8,Defender,0,0
0,582,Riether,2,0,MCI(A) 0-2,Fulham,12823,Sascha,0,90,3,23,0,0,0,19 Jan 15:00,0,0,50,1,Defender,0,0
1,1702,Riether,1,0,WHU(H) 3-1,Fulham,12824,Sascha,0,90,14,24,0,0,0,30 Jan 20:00,0,0,50,1,Defender,0,0
0,-818,Riether,1,0,MUN(H) 0-1,Fulham,12825,Sascha,0,90,13,25,0,0,0,02 Feb 17:30,0,0,50,2,Defender,0,0
0,-423,Riether,0,0,NOR(A) 0-0,Fulham,12826,Sascha,0,0,0,26,0,0,0,09 Feb 15:00,0,0,50,0,Defender,0,0
0,-2,Riether,0,0,STK(H) 1-0,Fulham,12827,Sascha,0,90,26,27,2,1,1,23 Feb 12:45,0,0,50,11,Defender,0,0
1,1858,Riether,2,0,SUN(A) 2-2,Fulham,12828,Sascha,0,90,24,28,1,0,0,02 Mar 15:00,0,0,50,7,Defender,0,1
0,1821,Riether,0,0,TOT(A) 1-0,Fulham,12830,Sascha,0,90,24,30,2,1,1,17 Mar 15:00,0,0,50,11,Defender,0,0
1,19711,Riether,2,0,QPR(H) 3-2,Fulham,12831,Sascha,0,90,18,31,0,0,0,01 Apr 20:00,0,0,51,0,Defender,0,0
0,6067,Riether,1,0,NEW(A) 0-1,Fulham,12832,Sascha,0,90,9,32,0,0,0,07 Apr 15:00,0,0,51,2,Defender,0,0
0,19784,Riether,3,0,CHE(H) 0-3,Fulham,12833,Sascha,0,90,8,33,0,0,0,17 Apr 20:00,0,0,52,1,Defender,0,0
0,-6329,Riether,0,0,ARS(H) 0-1,Fulham,12834,Sascha,0,0,0,34,0,0,0,20 Apr 15:00,0,0,52,0,Defender,0,0
0,-10716,Riether,0,0,EVE(A) 0-1,Fulham,12835,Sascha,0,0,0,35,0,0,0,27 Apr 15:00,0,0,50,0,Defender,0,0
0,-6355,Riether,4,0,RDG(H) 2-4,Fulham,12836,Sascha,0,90,3,36,0,0,0,04 May 15:00,0,0,48,0,Defender,0,0
0,-1047,Riether,3,0,LIV(H) 1-3,Fulham,12837,Sascha,0,90,18,37,0,0,1,12 May 15:00,0,0,48,4,Defender,0,0
1,-425,Riether,0,0,SWA(A) 3-0,Fulham,12838,Sascha,0,90,15,38,0,1,0,19 May 16:00,0,0,48,5,Defender,0,0
0,0,Sidwell,0,0,NOR(H) 5-0,Fulham,1291,Steve,0,10,15,1,0,0,0,18 Aug 15:00,0,0,50,6,Midfielder,0,1
0,1319,Sidwell,0,0,MUN(A) 2-3,Fulham,1292,Steve,0,29,-2,2,0,0,0,25 Aug 15:00,0,0,50,1,Midfielder,0,0
0,64,Sidwell,3,0,WHU(A) 0-3,Fulham,1293,Steve,0,90,10,3,0,0,0,01 Sep 12:45,0,0,50,2,Midfielder,0,0
0,-136,Sidwell,0,0,WBA(H) 3-0,Fulham,1294,Steve,0,90,38,4,2,1,0,15 Sep 15:00,0,0,50,10,Midfielder,0,1
1,4695,Sidwell,1,0,WIG(A) 2-1,Fulham,1295,Steve,0,90,14,5,0,0,0,22 Sep 15:00,0,0,50,1,Midfielder,0,0
0,2496,Sidwell,2,0,MCI(H) 1-2,Fulham,1296,Steve,0,90,-1,6,0,0,0,29 Sep 15:00,0,0,50,2,Midfielder,0,0
0,4691,Sidwell,1,0,SOU(A) 2-2,Fulham,1297,Steve,0,71,2,7,0,0,0,07 Oct 13:30,0,0,50,2,Midfielder,0,0
0,1193,Sidwell,0,0,AVL(H) 1-0,Fulham,1298,Steve,0,83,0,8,0,1,0,20 Oct 15:00,0,0,50,3,Midfielder,0,0
0,1300,Sidwell,2,0,RDG(A) 3-3,Fulham,1299,Steve,0,11,8,9,0,0,1,27 Oct 15:00,0,0,50,4,Midfielder,0,0
0,2115,Sidwell,1,0,EVE(H) 2-2,Fulham,12910,Steve,0,23,20,10,2,0,0,03 Nov 15:00,0,0,50,8,Midfielder,0,1
1,14510,Sidwell,3,0,ARS(A) 3-3,Fulham,12911,Steve,0,90,6,11,0,0,0,10 Nov 15:00,0,0,50,1,Midfielder,0,0
1,10749,Sidwell,3,0,SUN(H) 1-3,Fulham,12912,Steve,0,90,17,12,0,0,0,18 Nov 16:00,0,0,51,1,Midfielder,0,0
0,4636,Sidwell,1,0,STK(A) 0-1,Fulham,12913,Steve,0,79,5,13,0,0,0,24 Nov 15:00,0,0,51,2,Midfielder,0,0
0,-2601,Sidwell,0,0,CHE(A) 0-0,Fulham,12914,Steve,0,90,27,14,3,1,0,28 Nov 19:45,0,0,51,6,Midfielder,0,0
0,1835,Sidwell,3,0,TOT(H) 0-3,Fulham,12915,Steve,0,90,0,15,0,0,0,01 Dec 15:00,0,0,51,2,Midfielder,0,0
0,-60,Sidwell,1,0,NEW(H) 2-1,Fulham,12916,Steve,0,90,32,16,3,0,0,10 Dec 20:00,0,0,51,10,Midfielder,0,1
1,11668,Sidwell,2,0,QPR(A) 1-2,Fulham,12917,Steve,0,90,11,17,0,0,1,15 Dec 15:00,0,0,51,4,Midfielder,0,0
0,-11241,Sidwell,0,0,LIV(A) 0-4,Fulham,12918,Steve,0,0,0,18,0,0,0,22 Dec 17:30,0,0,51,0,Midfielder,0,0
0,9288,Sidwell,1,0,SOU(H) 1-1,Fulham,12919,Steve,0,90,0,19,0,0,0,26 Dec 15:00,0,0,51,2,Midfielder,0,0
1,7309,Sidwell,2,0,SWA(H) 1-2,Fulham,12920,Steve,0,90,-8,20,0,0,0,29 Dec 15:00,0,0,51,1,Midfielder,0,0
0,-515,Sidwell,1,0,WBA(A) 2-1,Fulham,12921,Steve,0,90,14,21,0,0,0,01 Jan 12:45,0,0,51,2,Midfielder,0,0
0,-7657,Sidwell,0,0,WIG(H) 1-1,Fulham,12922,Steve,0,0,0,22,0,0,0,12 Jan 15:00,0,0,51,0,Midfielder,0,0
0,-12047,Sidwell,2,0,MCI(A) 0-2,Fulham,12923,Steve,0,90,-4,23,0,0,0,19 Jan 15:00,0,0,51,2,Midfielder,0,0
1,-3227,Sidwell,1,0,WHU(H) 3-1,Fulham,12924,Steve,0,90,14,24,0,0,0,30 Jan 20:00,0,0,51,1,Midfielder,0,0
0,-6691,Sidwell,0,0,MUN(H) 0-1,Fulham,12925,Steve,0,0,0,25,0,0,0,02 Feb 17:30,0,0,51,0,Midfielder,0,0
0,-6631,Sidwell,0,0,NOR(A) 0-0,Fulham,12926,Steve,0,90,18,26,3,1,0,09 Feb 15:00,0,0,50,6,Midfielder,0,0
0,276,Sidwell,0,0,STK(H) 1-0,Fulham,12927,Steve,0,90,4,27,0,1,0,23 Feb 12:45,0,0,50,3,Midfielder,0,0
1,-261,Sidwell,2,0,SUN(A) 2-2,Fulham,12928,Steve,0,90,8,28,0,0,0,02 Mar 15:00,0,0,50,1,Midfielder,0,0
0,-520,Sidwell,0,0,TOT(A) 1-0,Fulham,12930,Steve,0,90,15,30,0,1,0,17 Mar 15:00,0,0,50,3,Midfielder,0,0
0,2298,Sidwell,2,0,QPR(H) 3-2,Fulham,12931,Steve,0,78,10,31,0,0,0,01 Apr 20:00,0,0,50,-1,Midfielder,1,0
0,-4012,Sidwell,0,0,NEW(A) 0-1,Fulham,12932,Steve,0,0,0,32,0,0,0,07 Apr 15:00,0,0,50,0,Midfielder,0,0
0,-3289,Sidwell,0,0,CHE(H) 0-3,Fulham,12933,Steve,0,0,0,33,0,0,0,17 Apr 20:00,0,0,50,0,Midfielder,0,0
0,-599,Sidwell,1,0,ARS(H) 0-1,Fulham,12934,Steve,0,11,-2,34,0,0,0,20 Apr 15:00,0,0,49,-2,Midfielder,1,0
0,-2182,Sidwell,0,0,EVE(A) 0-1,Fulham,12935,Steve,0,0,0,35,0,0,0,27 Apr 15:00,0,0,49,0,Midfielder,0,0
0,-1288,Sidwell,0,0,RDG(H) 2-4,Fulham,12936,Steve,0,0,0,36,0,0,0,04 May 15:00,0,0,49,0,Midfielder,0,0
0,-549,Sidwell,0,0,LIV(H) 1-3,Fulham,12937,Steve,0,0,0,37,0,0,0,12 May 15:00,0,0,49,0,Midfielder,0,0
0,-405,Sidwell,0,0,SWA(A) 3-0,Fulham,12938,Steve,0,0,0,38,0,0,0,19 May 16:00,0,0,49,0,Midfielder,0,0
0,0,Davies,0,0,NOR(H) 5-0,Fulham,1331,Simon,0,0,0,1,0,0,0,18 Aug 15:00,0,0,50,0,Midfielder,0,0
0,-262,Davies,0,0,MUN(A) 2-3,Fulham,1332,Simon,0,0,0,2,0,0,0,25 Aug 15:00,0,0,50,0,Midfielder,0,0
0,-325,Davies,0,0,WHU(A) 0-3,Fulham,1333,Simon,0,0,0,3,0,0,0,01 Sep 12:45,0,0,49,0,Midfielder,0,0
0,-166,Davies,0,0,WBA(H) 3-0,Fulham,1334,Simon,0,0,0,4,0,0,0,15 Sep 15:00,0,0,48,0,Midfielder,0,0
0,-160,Davies,0,0,WIG(A) 2-1,Fulham,1335,Simon,0,0,0,5,0,0,0,22 Sep 15:00,0,0,48,0,Midfielder,0,0
0,-185,Davies,0,0,MCI(H) 1-2,Fulham,1336,Simon,0,0,0,6,0,0,0,29 Sep 15:00,0,0,48,0,Midfielder,0,0
0,-111,Davies,0,0,SOU(A) 2-2,Fulham,1337,Simon,0,0,0,7,0,0,0,07 Oct 13:30,0,0,47,0,Midfielder,0,0
0,-92,Davies,0,0,AVL(H) 1-0,Fulham,1338,Simon,0,0,0,8,0,0,0,20 Oct 15:00,0,0,47,0,Midfielder,0,0
0,-44,Davies,0,0,RDG(A) 3-3,Fulham,1339,Simon,0,0,0,9,0,0,0,27 Oct 15:00,0,0,47,0,Midfielder,0,0
0,-40,Davies,0,0,EVE(H) 2-2,Fulham,13310,Simon,0,0,0,10,0,0,0,03 Nov 15:00,0,0,47,0,Midfielder,0,0
0,-31,Davies,0,0,ARS(A) 3-3,Fulham,13311,Simon,0,0,0,11,0,0,0,10 Nov 15:00,0,0,47,0,Midfielder,0,0
0,-31,Davies,0,0,SUN(H) 1-3,Fulham,13312,Simon,0,0,0,12,0,0,0,18 Nov 16:00,0,0,47,0,Midfielder,0,0
0,-20,Davies,0,0,STK(A) 0-1,Fulham,13313,Simon,0,0,0,13,0,0,0,24 Nov 15:00,0,0,47,0,Midfielder,0,0
0,-11,Davies,0,0,CHE(A) 0-0,Fulham,13314,Simon,0,0,0,14,0,0,0,28 Nov 19:45,0,0,47,0,Midfielder,0,0
0,-11,Davies,0,0,TOT(H) 0-3,Fulham,13315,Simon,0,0,0,15,0,0,0,01 Dec 15:00,0,0,46,0,Midfielder,0,0
0,-17,Davies,0,0,NEW(H) 2-1,Fulham,13316,Simon,0,0,0,16,0,0,0,10 Dec 20:00,0,0,46,0,Midfielder,0,0
0,-13,Davies,0,0,QPR(A) 1-2,Fulham,13317,Simon,0,0,0,17,0,0,0,15 Dec 15:00,0,0,46,0,Midfielder,0,0
0,-11,Davies,0,0,LIV(A) 0-4,Fulham,13318,Simon,0,0,0,18,0,0,0,22 Dec 17:30,0,0,46,0,Midfielder,0,0
0,-6,Davies,0,0,SOU(H) 1-1,Fulham,13319,Simon,0,0,0,19,0,0,0,26 Dec 15:00,0,0,46,0,Midfielder,0,0
0,-7,Davies,0,0,SWA(H) 1-2,Fulham,13320,Simon,0,0,0,20,0,0,0,29 Dec 15:00,0,0,46,0,Midfielder,0,0
0,-5,Davies,0,0,WBA(A) 2-1,Fulham,13321,Simon,0,0,0,21,0,0,0,01 Jan 12:45,0,0,46,0,Midfielder,0,0
0,-26,Davies,0,0,WIG(H) 1-1,Fulham,13322,Simon,0,0,0,22,0,0,0,12 Jan 15:00,0,0,46,0,Midfielder,0,0
0,-6,Davies,0,0,MCI(A) 0-2,Fulham,13323,Simon,0,0,0,23,0,0,0,19 Jan 15:00,0,0,46,0,Midfielder,0,0
0,-11,Davies,0,0,WHU(H) 3-1,Fulham,13324,Simon,0,0,0,24,0,0,0,30 Jan 20:00,0,0,46,0,Midfielder,0,0
0,6,Davies,0,0,MUN(H) 0-1,Fulham,13325,Simon,0,0,0,25,0,0,0,02 Feb 17:30,0,0,46,0,Midfielder,0,0
0,0,Davies,0,0,NOR(A) 0-0,Fulham,13326,Simon,0,0,0,26,0,0,0,09 Feb 15:00,0,0,46,0,Midfielder,0,0
0,9,Davies,0,0,STK(H) 1-0,Fulham,13327,Simon,0,0,0,27,0,0,0,23 Feb 12:45,0,0,46,0,Midfielder,0,0
0,1,Davies,0,0,SUN(A) 2-2,Fulham,13328,Simon,0,0,0,28,0,0,0,02 Mar 15:00,0,0,46,0,Midfielder,0,0
0,6,Davies,0,0,TOT(A) 1-0,Fulham,13330,Simon,0,0,0,30,0,0,0,17 Mar 15:00,0,0,46,0,Midfielder,0,0
0,-2,Davies,0,0,QPR(H) 3-2,Fulham,13331,Simon,0,0,0,31,0,0,0,01 Apr 20:00,0,0,46,0,Midfielder,0,0
0,19,Davies,0,0,NEW(A) 0-1,Fulham,13332,Simon,0,0,0,32,0,0,0,07 Apr 15:00,0,0,46,0,Midfielder,0,0
0,24,Davies,0,0,CHE(H) 0-3,Fulham,13333,Simon,0,0,0,33,0,0,0,17 Apr 20:00,0,0,46,0,Midfielder,0,0
0,-6,Davies,0,0,ARS(H) 0-1,Fulham,13334,Simon,0,0,0,34,0,0,0,20 Apr 15:00,0,0,46,0,Midfielder,0,0
0,-7,Davies,0,0,EVE(A) 0-1,Fulham,13335,Simon,0,0,0,35,0,0,0,27 Apr 15:00,0,0,46,0,Midfielder,0,0
0,-15,Davies,0,0,RDG(H) 2-4,Fulham,13336,Simon,0,0,0,36,0,0,0,04 May 15:00,0,0,46,0,Midfielder,0,0
0,-10,Davies,0,0,LIV(H) 1-3,Fulham,13337,Simon,0,0,0,37,0,0,0,12 May 15:00,0,0,46,0,Midfielder,0,0
0,-4,Davies,0,0,SWA(A) 3-0,Fulham,13338,Simon,0,0,0,38,0,0,0,19 May 16:00,0,0,46,0,Midfielder,0,0
0,0,Jose Enrique,0,0,WBA(A) 0-3,Liverpool,1551,Sanchez,0,0,0,1,0,0,0,18 Aug 15:00,0,0,60,0,Defender,0,0
0,-42566,Jose Enrique,1,0,MCI(H) 2-2,Liverpool,1552,Sanchez,0,25,2,2,0,0,0,26 Aug 16:00,0,0,59,1,Defender,0,0
0,-20006,Jose Enrique,2,0,ARS(H) 0-2,Liverpool,1553,Sanchez,0,90,1,3,0,0,0,02 Sep 13:30,0,0,59,1,Defender,0,0
0,-23549,Jose Enrique,0,0,SUN(A) 1-1,Liverpool,1554,Sanchez,0,0,0,4,0,0,0,15 Sep 17:30,0,0,59,0,Defender,0,0
0,-12624,Jose Enrique,0,0,MUN(H) 1-2,Liverpool,1555,Sanchez,0,0,0,5,0,0,0,23 Sep 13:30,0,0,59,0,Defender,0,0
0,-10137,Jose Enrique,0,0,NOR(A) 5-2,Liverpool,1556,Sanchez,0,0,0,6,0,0,0,29 Sep 15:00,0,0,58,0,Defender,0,0
0,-14091,Jose Enrique,0,0,STK(H) 0-0,Liverpool,1557,Sanchez,0,0,0,7,0,0,0,07 Oct 15:00,0,0,57,0,Defender,0,0
0,-10629,Jose Enrique,0,0,RDG(H) 1-0,Liverpool,1558,Sanchez,0,17,4,8,0,0,0,20 Oct 15:00,0,0,57,1,Defender,0,0
0,-2843,Jose Enrique,2,0,EVE(A) 2-2,Liverpool,1559,Sanchez,0,90,11,9,0,0,0,28 Oct 13:30,0,0,57,1,Defender,0,0
0,-1653,Jose Enrique,1,0,NEW(H) 1-1,Liverpool,15510,Sanchez,0,90,17,10,1,0,1,04 Nov 16:00,0,0,57,6,Defender,0,0
0,-806,Jose Enrique,1,0,CHE(A) 1-1,Liverpool,15511,Sanchez,0,90,14,11,1,0,0,11 Nov 16:00,0,0,57,3,Defender,0,0
0,3682,Jose Enrique,0,0,WIG(H) 3-0,Liverpool,15512,Sanchez,0,90,38,12,3,1,1,17 Nov 15:00,0,0,57,18,Defender,0,1
0,41188,Jose Enrique,0,0,SWA(A) 0-0,Liverpool,15513,Sanchez,0,90,9,13,0,1,0,25 Nov 13:30,0,0,58,6,Defender,0,0
1,23627,Jose Enrique,2,0,TOT(A) 1-2,Liverpool,15514,Sanchez,0,90,1,14,0,0,0,28 Nov 19:45,0,0,58,0,Defender,0,0
0,53780,Jose Enrique,0,0,SOU(H) 1-0,Liverpool,15515,Sanchez,0,90,31,15,1,1,0,01 Dec 15:00,0,0,60,7,Defender,0,0
0,20520,Jose Enrique,0,0,WHU(A) 3-2,Liverpool,15516,Sanchez,0,26,4,16,0,0,0,09 Dec 16:00,0,0,60,1,Defender,0,0
0,-21445,Jose Enrique,0,0,AVL(H) 1-3,Liverpool,15517,Sanchez,0,0,0,17,0,0,0,15 Dec 15:00,0,0,61,0,Defender,0,0
0,-20117,Jose Enrique,0,0,FUL(H) 4-0,Liverpool,15518,Sanchez,0,90,28,18,0,1,1,22 Dec 17:30,0,0,60,9,Defender,0,0
0,6965,Jose Enrique,3,0,STK(A) 1-3,Liverpool,15519,Sanchez,0,90,6,19,0,0,0,26 Dec 19:45,0,0,60,1,Defender,0,0
0,11,Jose Enrique,0,0,QPR(A) 3-0,Liverpool,15520,Sanchez,0,70,14,20,0,1,0,30 Dec 16:00,0,0,60,6,Defender,0,0
0,-32859,Jose Enrique,0,0,SUN(H) 3-0,Liverpool,15521,Sanchez,0,0,0,21,0,0,0,02 Jan 19:45,0,0,60,0,Defender,0,0
0,-60247,Jose Enrique,0,0,MUN(A) 1-2,Liverpool,15522,Sanchez,0,0,0,22,0,0,0,13 Jan 13:30,0,0,58,0,Defender,0,0
0,-12781,Jose Enrique,0,0,NOR(H) 5-0,Liverpool,15523,Sanchez,0,0,0,23,0,0,0,19 Jan 15:00,0,0,58,0,Defender,0,0
0,-4846,Jose Enrique,0,0,ARS(A) 2-2,Liverpool,15524,Sanchez,0,20,1,24,0,0,0,30 Jan 19:45,0,0,57,1,Defender,0,0
0,5847,Jose Enrique,1,0,MCI(A) 2-2,Liverpool,15525,Sanchez,0,74,15,25,0,0,1,03 Feb 16:00,0,0,57,5,Defender,0,0
0,39684,Jose Enrique,0,0,SWA(H) 5-0,Liverpool,15526,Sanchez,0,90,39,26,3,1,1,17 Feb 15:00,0,0,58,18,Defender,0,1
0,21167,Jose Enrique,0,0,WIG(A) 4-0,Liverpool,15528,Sanchez,0,90,19,28,0,1,0,02 Mar 17:30,0,0,59,6,Defender,0,0
0,29028,Jose Enrique,2,0,TOT(H) 3-2,Liverpool,15529,Sanchez,0,90,11,29,0,0,1,10 Mar 16:00,0,0,60,4,Defender,0,0
0,11848,Jose Enrique,3,0,SOU(A) 1-3,Liverpool,15530,Sanchez,0,90,0,30,0,0,0,16 Mar 15:00,0,0,60,1,Defender,0,0
0,-1040,Jose Enrique,1,0,AVL(A) 2-1,Liverpool,15531,Sanchez,0,90,15,31,0,0,0,31 Mar 13:30,0,0,60,2,Defender,0,0
0,4834,Jose Enrique,0,0,WHU(H) 0-0,Liverpool,15532,Sanchez,0,90,12,32,0,1,0,07 Apr 13:30,0,0,60,6,Defender,0,0
0,-3511,Jose Enrique,0,0,RDG(A) 0-0,Liverpool,15533,Sanchez,0,90,11,33,0,1,0,13 Apr 15:00,0,0,60,6,Defender,0,0
0,389,Jose Enrique,2,0,CHE(H) 2-2,Liverpool,15534,Sanchez,0,90,12,34,0,0,0,21 Apr 16:00,0,0,60,1,Defender,0,0
0,-3194,Jose Enrique,0,0,NEW(A) 6-0,Liverpool,15535,Sanchez,0,90,15,35,0,1,0,27 Apr 17:30,0,0,60,6,Defender,0,0
0,-6514,Jose Enrique,0,0,EVE(H) 0-0,Liverpool,15536,Sanchez,0,90,13,36,0,1,0,05 May 13:30,0,0,60,6,Defender,0,0
0,7398,Jose Enrique,0,0,FUL(A) 3-1,Liverpool,15537,Sanchez,0,45,5,37,0,0,0,12 May 15:00,0,0,60,1,Defender,0,0
0,7999,Jose Enrique,0,0,QPR(H) 1-0,Liverpool,15538,Sanchez,0,90,23,38,3,1,0,19 May 16:00,0,0,61,9,Defender,0,0
0,0,Coates,0,0,WBA(A) 0-3,Liverpool,1561,Sebastian,0,0,0,1,0,0,0,18 Aug 15:00,0,0,50,0,Defender,0,0
0,-455,Coates,2,0,MCI(H) 2-2,Liverpool,1562,Sebastian,0,90,6,2,0,0,0,26 Aug 16:00,0,0,50,1,Defender,0,0
0,-83,Coates,0,0,ARS(H) 0-2,Liverpool,1563,Sebastian,0,0,0,3,0,0,0,02 Sep 13:30,0,0,50,0,Defender,0,0
0,-381,Coates,0,0,SUN(A) 1-1,Liverpool,1564,Sebastian,0,0,0,4,0,0,0,15 Sep 17:30,0,0,49,0,Defender,0,0
0,-240,Coates,0,0,MUN(H) 1-2,Liverpool,1565,Sebastian,0,0,0,5,0,0,0,23 Sep 13:30,0,0,49,0,Defender,0,0
0,91,Coates,0,0,NOR(A) 5-2,Liverpool,1566,Sebastian,0,0,0,6,0,0,0,29 Sep 15:00,0,0,48,0,Defender,0,0
0,-186,Coates,0,0,STK(H) 0-0,Liverpool,1567,Sebastian,0,0,0,7,0,0,0,07 Oct 15:00,0,0,48,0,Defender,0,0
0,-181,Coates,0,0,RDG(H) 1-0,Liverpool,1568,Sebastian,0,0,0,8,0,0,0,20 Oct 15:00,0,0,48,0,Defender,0,0
0,-125,Coates,0,0,EVE(A) 2-2,Liverpool,1569,Sebastian,0,45,3,9,0,0,0,28 Oct 13:30,0,0,47,1,Defender,0,0
0,-44,Coates,0,0,NEW(H) 1-1,Liverpool,15610,Sebastian,0,0,0,10,0,0,0,04 Nov 16:00,0,0,47,0,Defender,0,0
0,-66,Coates,0,0,CHE(A) 1-1,Liverpool,15611,Sebastian,0,0,0,11,0,0,0,11 Nov 16:00,0,0,47,0,Defender,0,0
0,-77,Coates,0,0,WIG(H) 3-0,Liverpool,15612,Sebastian,0,0,0,12,0,0,0,17 Nov 15:00,0,0,47,0,Defender,0,0
0,-100,Coates,0,0,SWA(A) 0-0,Liverpool,15613,Sebastian,0,0,0,13,0,0,0,25 Nov 13:30,0,0,47,0,Defender,0,0
0,-45,Coates,0,0,TOT(A) 1-2,Liverpool,15614,Sebastian,0,0,0,14,0,0,0,28 Nov 19:45,0,0,46,0,Defender,0,0
0,-53,Coates,0,0,SOU(H) 1-0,Liverpool,15615,Sebastian,0,0,0,15,0,0,0,01 Dec 15:00,0,0,46,0,Defender,0,0
0,-53,Coates,0,0,WHU(A) 3-2,Liverpool,15616,Sebastian,0,5,1,16,0,0,0,09 Dec 16:00,0,0,46,1,Defender,0,0
0,-18,Coates,0,0,AVL(H) 1-3,Liverpool,15617,Sebastian,0,0,0,17,0,0,0,15 Dec 15:00,0,0,46,0,Defender,0,0
0,-47,Coates,0,0,FUL(H) 4-0,Liverpool,15618,Sebastian,0,0,0,18,0,0,0,22 Dec 17:30,0,0,46,0,Defender,0,0
0,-26,Coates,0,0,STK(A) 1-3,Liverpool,15619,Sebastian,0,0,0,19,0,0,0,26 Dec 19:45,0,0,46,0,Defender,0,0
0,-25,Coates,0,0,QPR(A) 3-0,Liverpool,15620,Sebastian,0,0,0,20,0,0,0,30 Dec 16:00,0,0,46,0,Defender,0,0
0,-19,Coates,0,0,SUN(H) 3-0,Liverpool,15621,Sebastian,0,0,0,21,0,0,0,02 Jan 19:45,0,0,45,0,Defender,0,0
0,-56,Coates,0,0,MUN(A) 1-2,Liverpool,15622,Sebastian,0,0,0,22,0,0,0,13 Jan 13:30,0,0,45,0,Defender,0,0
0,-22,Coates,0,0,NOR(H) 5-0,Liverpool,15623,Sebastian,0,0,0,23,0,0,0,19 Jan 15:00,0,0,45,0,Defender,0,0
0,-44,Coates,0,0,ARS(A) 2-2,Liverpool,15624,Sebastian,0,0,0,24,0,0,0,30 Jan 19:45,0,0,45,0,Defender,0,0
0,-21,Coates,0,0,MCI(A) 2-2,Liverpool,15625,Sebastian,0,0,0,25,0,0,0,03 Feb 16:00,0,0,45,0,Defender,0,0
0,-9,Coates,0,0,SWA(H) 5-0,Liverpool,15626,Sebastian,0,0,0,26,0,0,0,17 Feb 15:00,0,0,45,0,Defender,0,0
0,-11,Coates,0,0,WIG(A) 4-0,Liverpool,15628,Sebastian,0,0,0,28,0,0,0,02 Mar 17:30,0,0,45,0,Defender,0,0
0,-3,Coates,0,0,TOT(H) 3-2,Liverpool,15629,Sebastian,0,0,0,29,0,0,0,10 Mar 16:00,0,0,45,0,Defender,0,0
0,-4,Coates,0,0,SOU(A) 1-3,Liverpool,15630,Sebastian,0,0,0,30,0,0,0,16 Mar 15:00,0,0,45,0,Defender,0,0
0,-8,Coates,0,0,AVL(A) 2-1,Liverpool,15631,Sebastian,0,0,0,31,0,0,0,31 Mar 13:30,0,0,45,0,Defender,0,0
0,-7,Coates,0,0,WHU(H) 0-0,Liverpool,15632,Sebastian,0,0,0,32,0,0,0,07 Apr 13:30,0,0,45,0,Defender,0,0
0,-2,Coates,0,0,RDG(A) 0-0,Liverpool,15633,Sebastian,0,0,0,33,0,0,0,13 Apr 15:00,0,0,45,0,Defender,0,0
0,2,Coates,0,0,CHE(H) 2-2,Liverpool,15634,Sebastian,0,0,0,34,0,0,0,21 Apr 16:00,0,0,45,0,Defender,0,0
0,-10,Coates,0,0,NEW(A) 6-0,Liverpool,15635,Sebastian,0,0,0,35,0,0,0,27 Apr 17:30,0,0,45,0,Defender,0,0
0,-1,Coates,0,0,EVE(H) 0-0,Liverpool,15636,Sebastian,0,0,0,36,0,0,0,05 May 13:30,0,0,44,0,Defender,0,0
0,3,Coates,1,0,FUL(A) 3-1,Liverpool,15637,Sebastian,0,90,25,37,2,0,0,12 May 15:00,0,0,44,4,Defender,0,0
0,507,Coates,0,0,QPR(H) 1-0,Liverpool,15638,Sebastian,0,6,1,38,0,0,0,19 May 16:00,0,0,44,1,Defender,0,0
0,0,Downing,1,0,WBA(A) 0-3,Liverpool,1571,Stewart,0,59,7,1,0,0,0,18 Aug 15:00,0,0,65,1,Midfielder,0,0
0,-5986,Downing,0,0,MCI(H) 2-2,Liverpool,1572,Stewart,0,0,0,2,0,0,0,26 Aug 16:00,0,0,64,0,Midfielder,0,0
0,-7371,Downing,1,0,ARS(H) 0-2,Liverpool,1573,Stewart,0,37,-10,3,0,0,0,02 Sep 13:30,0,0,63,1,Midfielder,0,0
0,-3965,Downing,0,0,SUN(A) 1-1,Liverpool,1574,Stewart,0,27,2,4,0,0,0,15 Sep 17:30,0,0,61,1,Midfielder,0,0
0,-1688,Downing,0,0,MUN(H) 1-2,Liverpool,1575,Stewart,0,0,0,5,0,0,0,23 Sep 13:30,0,0,61,0,Midfielder,0,0
0,-1266,Downing,0,0,NOR(A) 5-2,Liverpool,1576,Stewart,0,0,0,6,0,0,0,29 Sep 15:00,0,0,60,0,Midfielder,0,0
0,-1024,Downing,0,0,STK(H) 0-0,Liverpool,1577,Stewart,0,0,0,7,0,0,0,07 Oct 15:00,0,0,59,0,Midfielder,0,0
0,-658,Downing,0,0,RDG(H) 1-0,Liverpool,1578,Stewart,0,0,0,8,0,0,0,20 Oct 15:00,0,0,59,0,Midfielder,0,0
0,-315,Downing,0,0,EVE(A) 2-2,Liverpool,1579,Stewart,0,0,0,9,0,0,0,28 Oct 13:30,0,0,58,0,Midfielder,0,0
0,-288,Downing,0,0,NEW(H) 1-1,Liverpool,15710,Stewart,0,17,3,10,0,0,0,04 Nov 16:00,0,0,58,1,Midfielder,0,0
0,-216,Downing,0,0,CHE(A) 1-1,Liverpool,15711,Stewart,0,0,0,11,0,0,0,11 Nov 16:00,0,0,58,0,Midfielder,0,0
0,-237,Downing,0,0,WIG(H) 3-0,Liverpool,15712,Stewart,0,0,0,12,0,0,0,17 Nov 15:00,0,0,58,0,Midfielder,0,0
0,-276,Downing,0,0,SWA(A) 0-0,Liverpool,15713,Stewart,0,76,16,13,1,1,0,25 Nov 13:30,0,0,57,4,Midfielder,0,0
0,-74,Downing,2,0,TOT(A) 1-2,Liverpool,15714,Stewart,0,77,6,14,0,0,0,28 Nov 19:45,0,0,57,2,Midfielder,0,0
0,-60,Downing,0,0,SOU(H) 1-0,Liverpool,15715,Stewart,0,0,0,15,0,0,0,01 Dec 15:00,0,0,57,0,Midfielder,0,0
0,-157,Downing,2,0,WHU(A) 3-2,Liverpool,15716,Stewart,0,90,9,16,0,0,0,09 Dec 16:00,0,0,57,2,Midfielder,0,0
0,-75,Downing,3,0,AVL(H) 1-3,Liverpool,15717,Stewart,0,90,8,17,0,0,0,15 Dec 15:00,0,0,57,2,Midfielder,0,0
0,-79,Downing,0,0,FUL(H) 4-0,Liverpool,15718,Stewart,0,90,32,18,0,1,1,22 Dec 17:30,0,0,57,11,Midfielder,0,1
0,1951,Downing,3,0,STK(A) 1-3,Liverpool,15719,Stewart,0,76,4,19,0,0,0,26 Dec 19:45,0,0,57,2,Midfielder,0,0
0,374,Downing,0,0,QPR(A) 3-0,Liverpool,15720,Stewart,0,90,18,20,0,1,1,30 Dec 16:00,0,0,57,6,Midfielder,0,0
0,688,Downing,0,0,SUN(H) 3-0,Liverpool,15721,Stewart,0,90,19,21,0,1,0,02 Jan 19:45,0,0,57,3,Midfielder,0,0
0,-575,Downing,2,0,MUN(A) 1-2,Liverpool,15722,Stewart,0,90,5,22,0,0,0,13 Jan 13:30,0,0,57,2,Midfielder,0,0
0,464,Downing,0,0,NOR(H) 5-0,Liverpool,15723,Stewart,0,90,14,23,0,1,1,19 Jan 15:00,0,0,57,6,Midfielder,0,0
0,545,Downing,2,0,ARS(A) 2-2,Liverpool,15724,Stewart,0,90,7,24,0,0,0,30 Jan 19:45,0,0,57,2,Midfielder,0,0
0,264,Downing,2,0,MCI(A) 2-2,Liverpool,15725,Stewart,0,90,3,25,0,0,0,03 Feb 16:00,0,0,57,2,Midfielder,0,0
0,12912,Downing,0,0,SWA(H) 5-0,Liverpool,15726,Stewart,0,90,8,26,0,1,1,17 Feb 15:00,0,0,57,6,Midfielder,0,0
0,-164,Downing,0,0,WIG(A) 4-0,Liverpool,15728,Stewart,0,90,28,28,2,1,0,02 Mar 17:30,0,0,57,10,Midfielder,0,1
0,7089,Downing,2,0,TOT(H) 3-2,Liverpool,15729,Stewart,0,90,32,29,1,0,0,10 Mar 16:00,0,0,57,8,Midfielder,0,1
0,17464,Downing,3,0,SOU(A) 1-3,Liverpool,15730,Stewart,0,90,8,30,0,0,0,16 Mar 15:00,0,0,58,2,Midfielder,0,0
0,5587,Downing,1,0,AVL(A) 2-1,Liverpool,15731,Stewart,0,90,10,31,0,0,0,31 Mar 13:30,0,0,58,2,Midfielder,0,0
0,-863,Downing,0,0,WHU(H) 0-0,Liverpool,15732,Stewart,0,24,7,32,0,0,0,07 Apr 13:30,0,0,58,1,Midfielder,0,0
0,-6492,Downing,0,0,RDG(A) 0-0,Liverpool,15733,Stewart,0,34,4,33,0,0,0,13 Apr 15:00,0,0,58,1,Midfielder,0,0
0,-4971,Downing,2,0,CHE(H) 2-2,Liverpool,15734,Stewart,0,79,-2,34,0,0,0,21 Apr 16:00,0,0,58,2,Midfielder,0,0
0,-3832,Downing,0,0,NEW(A) 6-0,Liverpool,15735,Stewart,0,90,29,35,0,1,2,27 Apr 17:30,0,0,58,9,Midfielder,0,0
0,-1271,Downing,0,0,EVE(H) 0-0,Liverpool,15736,Stewart,0,78,7,36,0,1,0,05 May 13:30,0,0,57,3,Midfielder,0,0
0,2167,Downing,1,0,FUL(A) 3-1,Liverpool,15737,Stewart,0,90,14,37,0,0,0,12 May 15:00,0,0,57,2,Midfielder,0,0
0,2429,Downing,0,0,QPR(H) 1-0,Liverpool,15738,Stewart,0,90,12,38,0,1,0,19 May 16:00,0,0,57,3,Midfielder,0,0
0,0,Gerrard,3,0,WBA(A) 0-3,Liverpool,1611,Steven,0,90,-1,1,0,0,0,18 Aug 15:00,0,0,95,2,Midfielder,0,0
0,-9430,Gerrard,2,0,MCI(H) 2-2,Liverpool,1612,Steven,0,90,11,2,0,0,2,26 Aug 16:00,0,0,95,8,Midfielder,0,0
0,1425,Gerrard,2,0,ARS(H) 0-2,Liverpool,1613,Steven,0,90,5,3,0,0,0,02 Sep 13:30,0,0,95,2,Midfielder,0,0
0,-14028,Gerrard,1,0,SUN(A) 1-1,Liverpool,1614,Steven,0,90,-1,4,0,0,0,15 Sep 17:30,0,0,94,2,Midfielder,0,0
0,-4743,Gerrard,2,0,MUN(H) 1-2,Liverpool,1615,Steven,0,90,25,5,2,0,0,23 Sep 13:30,0,0,94,9,Midfielder,0,1
0,6262,Gerrard,2,0,NOR(A) 5-2,Liverpool,1616,Steven,0,90,37,6,1,0,0,29 Sep 15:00,0,0,94,8,Midfielder,0,1
0,4069,Gerrard,0,0,STK(H) 0-0,Liverpool,1617,Steven,0,90,12,7,1,1,0,07 Oct 15:00,0,0,94,4,Midfielder,0,0
0,6664,Gerrard,0,0,RDG(H) 1-0,Liverpool,1618,Steven,0,90,23,8,2,1,0,20 Oct 15:00,0,0,94,5,Midfielder,0,0
0,-2282,Gerrard,2,0,EVE(A) 2-2,Liverpool,1619,Steven,0,90,15,9,0,0,1,28 Oct 13:30,0,0,94,5,Midfielder,0,0
0,1358,Gerrard,1,0,NEW(H) 1-1,Liverpool,16110,Steven,0,90,3,10,0,0,0,04 Nov 16:00,0,0,94,2,Midfielder,0,0
1,-6394,Gerrard,1,0,CHE(A) 1-1,Liverpool,16111,Steven,0,90,8,11,0,0,0,11 Nov 16:00,0,0,94,1,Midfielder,0,0
0,-2945,Gerrard,0,0,WIG(H) 3-0,Liverpool,16112,Steven,0,90,14,12,0,1,0,17 Nov 15:00,0,0,94,3,Midfielder,0,0
0,-5503,Gerrard,0,0,SWA(A) 0-0,Liverpool,16113,Steven,0,90,10,13,0,1,0,25 Nov 13:30,0,0,94,3,Midfielder,0,0
0,-3643,Gerrard,2,0,TOT(A) 1-2,Liverpool,16114,Steven,0,90,13,14,0,0,1,28 Nov 19:45,0,0,93,5,Midfielder,0,0
0,347,Gerrard,0,0,SOU(H) 1-0,Liverpool,16115,Steven,0,90,10,15,0,1,0,01 Dec 15:00,0,0,93,3,Midfielder,0,0
1,-709,Gerrard,2,0,WHU(A) 3-2,Liverpool,16116,Steven,1,90,12,16,0,0,1,09 Dec 16:00,0,0,93,2,Midfielder,0,0
0,4380,Gerrard,3,0,AVL(H) 1-3,Liverpool,16117,Steven,0,90,29,17,2,0,0,15 Dec 15:00,0,0,93,9,Midfielder,0,1
0,-1661,Gerrard,0,0,FUL(H) 4-0,Liverpool,16118,Steven,0,90,48,18,3,1,2,22 Dec 17:30,0,0,93,17,Midfielder,0,1
0,10178,Gerrard,3,0,STK(A) 1-3,Liverpool,16119,Steven,0,90,11,19,0,0,0,26 Dec 19:45,0,0,93,7,Midfielder,0,1
0,13404,Gerrard,0,0,QPR(A) 3-0,Liverpool,16120,Steven,0,90,21,20,1,1,1,30 Dec 16:00,0,0,93,7,Midfielder,0,0
0,6443,Gerrard,0,0,SUN(H) 3-0,Liverpool,16121,Steven,0,90,23,21,1,1,2,02 Jan 19:45,0,0,94,10,Midfielder,0,0
0,14070,Gerrard,2,0,MUN(A) 1-2,Liverpool,16122,Steven,0,90,16,22,0,0,1,13 Jan 13:30,0,0,94,5,Midfielder,0,0
0,11347,Gerrard,0,0,NOR(H) 5-0,Liverpool,16123,Steven,0,90,33,23,1,1,0,19 Jan 15:00,0,0,94,9,Midfielder,0,1
1,21808,Gerrard,2,0,ARS(A) 2-2,Liverpool,16124,Steven,0,90,15,24,0,0,0,30 Jan 19:45,0,0,95,1,Midfielder,0,0
1,3427,Gerrard,2,0,MCI(A) 2-2,Liverpool,16125,Steven,0,90,22,25,1,0,1,03 Feb 16:00,0,0,95,10,Midfielder,0,1
0,164997,Gerrard,0,0,SWA(H) 5-0,Liverpool,16126,Steven,0,90,12,26,0,1,0,17 Feb 15:00,0,0,98,8,Midfielder,0,1
0,8292,Gerrard,0,0,WIG(A) 4-0,Liverpool,16128,Steven,0,90,12,28,0,1,0,02 Mar 17:30,0,0,94,3,Midfielder,0,0
0,48255,Gerrard,2,0,TOT(H) 3-2,Liverpool,16129,Steven,0,90,28,29,0,0,0,10 Mar 16:00,0,0,96,7,Midfielder,0,1
0,-5115,Gerrard,3,0,SOU(A) 1-3,Liverpool,16130,Steven,0,90,14,30,0,0,0,16 Mar 15:00,0,0,96,2,Midfielder,0,0
1,-11705,Gerrard,1,0,AVL(A) 2-1,Liverpool,16131,Steven,0,90,36,31,3,0,0,31 Mar 13:30,0,0,96,9,Midfielder,0,1
0,55599,Gerrard,0,0,WHU(H) 0-0,Liverpool,16132,Steven,0,90,1,32,0,1,0,07 Apr 13:30,0,0,97,3,Midfielder,0,0
0,-10951,Gerrard,0,0,RDG(A) 0-0,Liverpool,16133,Steven,0,90,21,33,3,1,0,13 Apr 15:00,0,0,97,6,Midfielder,0,0
0,-238,Gerrard,2,0,CHE(H) 2-2,Liverpool,16134,Steven,0,90,21,34,0,0,0,21 Apr 16:00,0,0,97,2,Midfielder,0,0
0,-30779,Gerrard,0,0,NEW(A) 6-0,Liverpool,16135,Steven,0,71,4,35,0,1,0,27 Apr 17:30,0,0,96,3,Midfielder,0,0
0,-35491,Gerrard,0,0,EVE(H) 0-0,Liverpool,16136,Steven,0,90,2,36,0,1,0,05 May 13:30,0,0,94,3,Midfielder,0,0
0,-62623,Gerrard,0,0,FUL(A) 3-1,Liverpool,16137,Steven,0,0,0,37,0,0,0,12 May 15:00,0,0,93,0,Midfielder,0,0
0,-22587,Gerrard,0,0,QPR(H) 1-0,Liverpool,16138,Steven,0,0,0,38,0,0,0,19 May 16:00,0,0,92,0,Midfielder,0,0
0,0,Savic,0,0,SOU(H) 3-2,Man City,1791,Stefan,0,0,0,1,0,0,0,19 Aug 16:00,0,0,50,0,Defender,0,0
0,-423,Savic,0,0,LIV(A) 2-2,Man City,1792,Stefan,0,0,0,2,0,0,0,26 Aug 16:00,0,0,50,0,Defender,0,0
0,-513,Savic,0,0,QPR(H) 3-1,Man City,1793,Stefan,0,0,0,3,0,0,0,01 Sep 17:30,0,0,49,0,Defender,0,0
0,-721,Savic,0,0,STK(A) 1-1,Man City,1794,Stefan,0,0,0,4,0,0,0,15 Sep 15:00,0,0,48,0,Defender,0,0
0,-235,Savic,0,0,ARS(H) 1-1,Man City,1795,Stefan,0,0,0,5,0,0,0,23 Sep 16:00,0,0,48,0,Defender,0,0
0,-152,Savic,0,0,FUL(A) 2-1,Man City,1796,Stefan,0,0,0,6,0,0,0,29 Sep 15:00,0,0,48,0,Defender,0,0
0,-80,Savic,0,0,SUN(H) 3-0,Man City,1797,Stefan,0,0,0,7,0,0,0,06 Oct 12:45,0,0,48,0,Defender,0,0
0,-58,Savic,0,0,WBA(A) 2-1,Man City,1798,Stefan,0,0,0,8,0,0,0,20 Oct 15:00,0,0,48,0,Defender,0,0
0,-28,Savic,0,0,SWA(H) 1-0,Man City,1799,Stefan,0,0,0,9,0,0,0,27 Oct 17:30,0,0,48,0,Defender,0,0
0,-21,Savic,0,0,WHU(A) 0-0,Man City,17910,Stefan,0,0,0,10,0,0,0,03 Nov 17:30,0,0,48,0,Defender,0,0
0,-18,Savic,0,0,TOT(H) 2-1,Man City,17911,Stefan,0,0,0,11,0,0,0,11 Nov 13:30,0,0,48,0,Defender,0,0
0,-21,Savic,0,0,AVL(H) 5-0,Man City,17912,Stefan,0,0,0,12,0,0,0,17 Nov 15:00,0,0,48,0,Defender,0,0
0,-25,Savic,0,0,CHE(A) 0-0,Man City,17913,Stefan,0,0,0,13,0,0,0,25 Nov 16:00,0,0,48,0,Defender,0,0
0,-12,Savic,0,0,WIG(A) 2-0,Man City,17914,Stefan,0,0,0,14,0,0,0,28 Nov 20:00,0,0,48,0,Defender,0,0
0,-4,Savic,0,0,EVE(H) 1-1,Man City,17915,Stefan,0,0,0,15,0,0,0,01 Dec 15:00,0,0,48,0,Defender,0,0
0,-10,Savic,0,0,MUN(H) 2-3,Man City,17916,Stefan,0,0,0,16,0,0,0,09 Dec 13:30,0,0,48,0,Defender,0,0
0,-9,Savic,0,0,NEW(A) 3-1,Man City,17917,Stefan,0,0,0,17,0,0,0,15 Dec 12:45,0,0,48,0,Defender,0,0
0,-7,Savic,0,0,RDG(H) 1-0,Man City,17918,Stefan,0,0,0,18,0,0,0,22 Dec 15:00,0,0,48,0,Defender,0,0
0,-5,Savic,0,0,SUN(A) 0-1,Man City,17919,Stefan,0,0,0,19,0,0,0,26 Dec 15:00,0,0,48,0,Defender,0,0
0,-2,Savic,0,0,NOR(A) 4-3,Man City,17920,Stefan,0,0,0,20,0,0,0,29 Dec 15:00,0,0,48,0,Defender,0,0
0,-4,Savic,0,0,STK(H) 3-0,Man City,17921,Stefan,0,0,0,21,0,0,0,01 Jan 15:00,0,0,48,0,Defender,0,0
0,-18,Savic,0,0,ARS(A) 2-0,Man City,17922,Stefan,0,0,0,22,0,0,0,13 Jan 16:00,0,0,48,0,Defender,0,0
0,-10,Savic,0,0,FUL(H) 2-0,Man City,17923,Stefan,0,0,0,23,0,0,0,19 Jan 15:00,0,0,48,0,Defender,0,0
0,-8,Savic,0,0,QPR(A) 0-0,Man City,17924,Stefan,0,0,0,24,0,0,0,29 Jan 19:45,0,0,48,0,Defender,0,0
0,-4,Savic,0,0,LIV(H) 2-2,Man City,17925,Stefan,0,0,0,25,0,0,0,03 Feb 16:00,0,0,48,0,Defender,0,0
0,-2,Savic,0,0,SOU(A) 1-3,Man City,17926,Stefan,0,0,0,26,0,0,0,09 Feb 17:30,0,0,48,0,Defender,0,0
0,-5,Savic,0,0,CHE(H) 2-0,Man City,17927,Stefan,0,0,0,27,0,0,0,24 Feb 13:30,0,0,48,0,Defender,0,0
0,-1,Savic,0,0,AVL(A) 1-0,Man City,17928,Stefan,0,0,0,28,0,0,0,04 Mar 20:00,0,0,48,0,Defender,0,0
0,0,Savic,0,0,EVE(A) 0-2,Man City,17930,Stefan,0,0,0,30,0,0,0,16 Mar 12:45,0,0,48,0,Defender,0,0
0,-5,Savic,0,0,NEW(H) 4-0,Man City,17931,Stefan,0,0,0,31,0,0,0,30 Mar 15:00,0,0,48,0,Defender,0,0
0,0,Savic,0,0,MUN(A) 2-1,Man City,17932,Stefan,0,0,0,32,0,0,0,08 Apr 20:00,0,0,48,0,Defender,0,0
0,0,Savic,0,0,WIG(H) 1-0,Man City,17933,Stefan,0,0,0,33,0,0,0,17 Apr 19:45,0,0,48,0,Defender,0,0
0,-1,Savic,0,0,TOT(A) 1-3,Man City,17934,Stefan,0,0,0,34,0,0,0,21 Apr 13:30,0,0,48,0,Defender,0,0
0,-2,Savic,0,0,WHU(H) 2-1,Man City,17935,Stefan,0,0,0,35,0,0,0,27 Apr 12:45,0,0,48,0,Defender,0,0
0,0,Savic,0,0,WBA(H) 1-0,Man City,17936,Stefan,0,0,0,36,0,0,0,07 May 19:45,0,0,48,0,Defender,0,0
0,1,Savic,0,0,RDG(A) 2-0,Man City,17937,Stefan,0,0,0,37,0,0,0,14 May 20:00,0,0,48,0,Defender,0,0
0,0,Savic,0,0,NOR(H) 2-3,Man City,17938,Stefan,0,0,0,38,0,0,0,19 May 16:00,0,0,48,0,Defender,0,0
1,0,Nasri,2,0,SOU(H) 3-2,Man City,1821,Samir,0,90,37,1,3,0,1,19 Aug 16:00,0,0,85,12,Midfielder,0,1
0,57921,Nasri,1,0,LIV(A) 2-2,Man City,1822,Samir,0,58,8,2,0,0,0,26 Aug 16:00,0,0,85,1,Midfielder,0,0
0,15971,Nasri,1,0,QPR(H) 3-1,Man City,1823,Samir,0,88,14,3,0,0,0,01 Sep 17:30,0,0,86,2,Midfielder,0,0
0,-43416,Nasri,1,0,STK(A) 1-1,Man City,1824,Samir,0,90,12,4,0,0,0,15 Sep 15:00,0,0,86,2,Midfielder,0,0
0,-56180,Nasri,0,0,ARS(H) 1-1,Man City,1825,Samir,0,0,0,5,0,0,0,23 Sep 16:00,0,0,84,0,Midfielder,0,0
0,-40506,Nasri,0,0,FUL(A) 2-1,Man City,1826,Samir,0,15,4,6,0,0,0,29 Sep 15:00,0,0,83,1,Midfielder,0,0
0,-11257,Nasri,0,0,SUN(H) 3-0,Man City,1827,Samir,0,0,0,7,0,0,0,06 Oct 12:45,0,0,83,0,Midfielder,0,0
0,-10990,Nasri,1,0,WBA(A) 2-1,Man City,1828,Samir,0,90,17,8,0,0,0,20 Oct 15:00,0,0,82,2,Midfielder,0,0
0,3853,Nasri,0,0,SWA(H) 1-0,Man City,1829,Samir,0,90,19,9,0,1,0,27 Oct 17:30,0,0,82,3,Midfielder,0,0
0,-2797,Nasri,0,0,WHU(A) 0-0,Man City,18210,Samir,0,89,17,10,3,1,0,03 Nov 17:30,0,0,82,6,Midfielder,0,0
0,-4434,Nasri,0,0,TOT(H) 2-1,Man City,18211,Samir,0,0,0,11,0,0,0,11 Nov 13:30,0,0,82,0,Midfielder,0,0
0,-9206,Nasri,0,0,AVL(H) 5-0,Man City,18212,Samir,0,90,32,12,0,1,1,17 Nov 15:00,0,0,81,6,Midfielder,0,0
0,-1979,Nasri,0,0,CHE(A) 0-0,Man City,18213,Samir,0,0,0,13,0,0,0,25 Nov 16:00,0,0,81,0,Midfielder,0,0
0,-2045,Nasri,0,0,WIG(A) 2-0,Man City,18214,Samir,0,0,0,14,0,0,0,28 Nov 20:00,0,0,81,0,Midfielder,0,0
0,-3627,Nasri,1,0,EVE(H) 1-1,Man City,18215,Samir,0,90,12,15,0,0,0,01 Dec 15:00,0,0,81,2,Midfielder,0,0
1,-2737,Nasri,3,0,MUN(H) 2-3,Man City,18216,Samir,0,90,-1,16,0,0,0,09 Dec 13:30,0,0,80,1,Midfielder,0,0
0,-2353,Nasri,0,0,NEW(A) 3-1,Man City,18217,Samir,0,36,11,17,0,0,1,15 Dec 12:45,0,0,80,4,Midfielder,0,0
0,-1455,Nasri,0,0,RDG(H) 1-0,Man City,18218,Samir,0,0,0,18,0,0,0,22 Dec 15:00,0,0,80,0,Midfielder,0,0
0,-3092,Nasri,0,0,SUN(A) 0-1,Man City,18219,Samir,0,0,0,19,0,0,0,26 Dec 15:00,0,0,80,0,Midfielder,0,0
0,-1318,Nasri,3,0,NOR(A) 4-3,Man City,18220,Samir,0,43,6,20,0,0,0,29 Dec 15:00,0,0,80,-2,Midfielder,1,0
0,-2125,Nasri,0,0,STK(H) 3-0,Man City,18221,Samir,0,0,0,21,0,0,0,01 Jan 15:00,0,0,80,0,Midfielder,0,0
0,-3813,Nasri,0,0,ARS(A) 2-0,Man City,18222,Samir,0,0,0,22,0,0,0,13 Jan 16:00,0,0,80,0,Midfielder,0,0
0,-363,Nasri,0,0,FUL(H) 2-0,Man City,18223,Samir,0,28,1,23,0,0,0,19 Jan 15:00,0,0,80,1,Midfielder,0,0
0,-785,Nasri,0,0,QPR(A) 0-0,Man City,18224,Samir,0,57,4,24,0,0,0,29 Jan 19:45,0,0,80,1,Midfielder,0,0
0,-387,Nasri,0,0,LIV(H) 2-2,Man City,18225,Samir,0,3,0,25,0,0,0,03 Feb 16:00,0,0,80,1,Midfielder,0,0
0,-679,Nasri,3,0,SOU(A) 1-3,Man City,18226,Samir,0,54,5,26,0,0,0,09 Feb 17:30,0,0,80,1,Midfielder,0,0
0,-736,Nasri,0,0,CHE(H) 2-0,Man City,18227,Samir,0,1,0,27,0,0,0,24 Feb 13:30,0,0,80,1,Midfielder,0,0
0,-364,Nasri,0,0,AVL(A) 1-0,Man City,18228,Samir,0,16,-1,28,0,0,0,04 Mar 20:00,0,0,80,1,Midfielder,0,0
0,-175,Nasri,1,0,EVE(A) 0-2,Man City,18230,Samir,0,21,7,30,0,0,0,16 Mar 12:45,0,0,80,1,Midfielder,0,0
0,-179,Nasri,0,0,NEW(H) 4-0,Man City,18231,Samir,0,70,22,31,0,1,1,30 Mar 15:00,0,0,80,6,Midfielder,0,0
0,28,Nasri,1,0,MUN(A) 2-1,Man City,18232,Samir,0,70,11,32,0,0,1,08 Apr 20:00,0,0,80,5,Midfielder,0,0
0,229,Nasri,0,0,WIG(H) 1-0,Man City,18233,Samir,0,90,15,33,0,1,0,17 Apr 19:45,0,0,80,3,Midfielder,0,0
0,933,Nasri,3,0,TOT(A) 1-3,Man City,18234,Samir,0,90,18,34,0,0,0,21 Apr 13:30,0,0,80,7,Midfielder,0,1
0,7816,Nasri,0,0,WHU(H) 2-1,Man City,18235,Samir,0,86,34,35,2,1,2,27 Apr 12:45,0,0,80,11,Midfielder,0,0
1,39518,Nasri,0,0,WBA(H) 1-0,Man City,18236,Samir,0,72,15,36,0,1,0,07 May 19:45,0,0,81,2,Midfielder,0,0
0,1046,Nasri,0,0,RDG(A) 2-0,Man City,18237,Samir,0,0,0,37,0,0,0,14 May 20:00,0,0,82,0,Midfielder,0,0
0,-14578,Nasri,3,0,NOR(H) 2-3,Man City,18238,Samir,0,90,8,38,0,0,0,19 May 16:00,0,0,81,2,Midfielder,0,0
0,0,Aguero,0,0,SOU(H) 3-2,Man City,1931,Sergio,0,13,2,1,0,0,0,19 Aug 16:00,0,0,115,1,Forward,0,0
0,-390572,Aguero,0,0,LIV(A) 2-2,Man City,1932,Sergio,0,0,0,2,0,0,0,26 Aug 16:00,0,0,113,0,Forward,0,0
0,-105788,Aguero,0,0,QPR(H) 3-1,Man City,1933,Sergio,0,0,0,3,0,0,0,01 Sep 17:30,0,0,111,0,Forward,0,0
0,-26656,Aguero,0,0,STK(A) 1-1,Man City,1934,Sergio,0,0,0,4,0,0,0,15 Sep 15:00,0,0,110,0,Forward,0,0
0,-1130,Aguero,1,0,ARS(H) 1-1,Man City,1935,Sergio,0,84,-2,5,0,0,0,23 Sep 16:00,0,0,110,2,Forward,0,0
0,16683,Aguero,1,0,FUL(A) 2-1,Man City,1936,Sergio,0,90,17,6,0,0,0,29 Sep 15:00,0,0,110,6,Forward,0,1
0,16613,Aguero,0,0,SUN(H) 3-0,Man City,1937,Sergio,0,35,27,7,1,0,0,06 Oct 12:45,0,0,110,6,Forward,0,1
0,8123,Aguero,1,0,WBA(A) 2-1,Man City,1938,Sergio,0,27,4,8,0,0,1,20 Oct 15:00,0,0,111,4,Forward,0,0
0,2320,Aguero,0,0,SWA(H) 1-0,Man City,1939,Sergio,0,90,16,9,0,1,0,27 Oct 17:30,0,0,111,2,Forward,0,0
0,-10983,Aguero,0,0,WHU(A) 0-0,Man City,19310,Sergio,0,22,2,10,0,0,0,03 Nov 17:30,0,0,111,1,Forward,0,0
0,-13474,Aguero,1,0,TOT(H) 2-1,Man City,19311,Sergio,0,90,32,11,3,0,0,11 Nov 13:30,0,0,110,9,Forward,0,1
0,8303,Aguero,0,0,AVL(H) 5-0,Man City,19312,Sergio,0,68,38,12,1,1,0,17 Nov 15:00,0,0,110,11,Forward,0,2
0,987,Aguero,0,0,CHE(A) 0-0,Man City,19313,Sergio,0,85,7,13,0,1,0,25 Nov 16:00,0,0,110,2,Forward,0,0
0,4841,Aguero,0,0,WIG(A) 2-0,Man City,19314,Sergio,0,67,8,14,0,1,0,28 Nov 20:00,0,0,110,2,Forward,0,0
0,-2083,Aguero,0,0,EVE(H) 1-1,Man City,19315,Sergio,0,23,1,15,0,0,0,01 Dec 15:00,0,0,110,1,Forward,0,0
0,-3890,Aguero,3,0,MUN(H) 2-3,Man City,19316,Sergio,0,90,5,16,0,0,0,09 Dec 13:30,0,0,110,2,Forward,0,0
1,-7859,Aguero,1,0,NEW(A) 3-1,Man City,19317,Sergio,0,90,14,17,0,0,0,15 Dec 12:45,0,0,110,5,Forward,0,1
1,16765,Aguero,0,0,RDG(H) 1-0,Man City,19318,Sergio,0,90,9,18,0,1,0,22 Dec 15:00,0,0,110,1,Forward,0,0
0,-5324,Aguero,1,0,SUN(A) 0-1,Man City,19319,Sergio,0,90,9,19,0,0,0,26 Dec 15:00,0,0,110,2,Forward,0,0
0,-369,Aguero,3,0,NOR(A) 4-3,Man City,19320,Sergio,0,90,44,20,2,0,1,29 Dec 15:00,0,0,110,11,Forward,0,1
0,1160,Aguero,0,0,STK(H) 3-0,Man City,19321,Sergio,0,76,36,21,2,1,1,01 Jan 15:00,0,0,110,11,Forward,0,1
0,-38727,Aguero,0,0,ARS(A) 2-0,Man City,19322,Sergio,0,0,0,22,0,0,0,13 Jan 16:00,0,0,110,0,Forward,0,0
0,-2769,Aguero,0,0,FUL(H) 2-0,Man City,19323,Sergio,0,10,-5,23,0,0,0,19 Jan 15:00,0,0,109,1,Forward,0,0
0,4474,Aguero,0,0,QPR(A) 0-0,Man City,19324,Sergio,0,90,-3,24,0,1,0,29 Jan 19:45,0,0,109,2,Forward,0,0
0,692,Aguero,2,0,LIV(H) 2-2,Man City,19325,Sergio,0,90,25,25,3,0,0,03 Feb 16:00,0,0,109,9,Forward,0,1
0,1446,Aguero,3,0,SOU(A) 1-3,Man City,19326,Sergio,0,90,10,26,0,0,0,09 Feb 17:30,0,0,109,2,Forward,0,0
0,15839,Aguero,0,0,CHE(H) 2-0,Man City,19327,Sergio,0,90,3,27,0,1,0,24 Feb 13:30,0,0,109,2,Forward,0,0
0,4615,Aguero,0,0,AVL(A) 1-0,Man City,19328,Sergio,0,0,0,28,0,0,0,04 Mar 20:00,0,0,109,0,Forward,0,0
0,-9528,Aguero,0,0,EVE(A) 0-2,Man City,19330,Sergio,0,0,0,30,0,0,0,16 Mar 12:45,0,0,109,0,Forward,0,0
0,-1341,Aguero,0,0,NEW(H) 4-0,Man City,19331,Sergio,0,20,3,31,0,0,0,30 Mar 15:00,0,0,109,1,Forward,0,0
0,-423,Aguero,0,0,MUN(A) 2-1,Man City,19332,Sergio,0,20,21,32,2,0,0,08 Apr 20:00,0,0,109,7,Forward,0,1
0,3107,Aguero,0,0,WIG(H) 1-0,Man City,19333,Sergio,0,45,10,33,0,0,0,17 Apr 19:45,0,0,109,1,Forward,0,0
0,602,Aguero,0,0,TOT(A) 1-3,Man City,19334,Sergio,0,0,0,34,0,0,0,21 Apr 13:30,0,0,109,0,Forward,0,0
0,22483,Aguero,1,0,WHU(H) 2-1,Man City,19335,Sergio,0,90,22,35,0,0,0,27 Apr 12:45,0,0,109,6,Forward,0,1
0,46432,Aguero,0,0,WBA(H) 1-0,Man City,19336,Sergio,0,0,0,36,0,0,0,07 May 19:45,0,0,111,0,Forward,0,0
0,-11277,Aguero,0,0,RDG(A) 2-0,Man City,19337,Sergio,0,61,33,37,2,1,0,14 May 20:00,0,0,111,8,Forward,0,1
0,-8287,Aguero,2,0,NOR(H) 2-3,Man City,19338,Sergio,0,41,-5,38,0,0,0,19 May 16:00,0,0,111,1,Forward,0,0
0,0,Kagawa,1,0,EVE(A) 0-1,Man Utd,2181,Shinji,0,90,9,1,0,0,0,20 Aug 20:00,0,0,85,2,Midfielder,0,0
0,21972,Kagawa,2,0,FUL(H) 3-2,Man Utd,2182,Shinji,0,67,27,2,0,0,0,25 Aug 15:00,0,0,85,7,Midfielder,0,1
0,89370,Kagawa,2,0,SOU(A) 3-2,Man Utd,2183,Shinji,0,60,11,3,0,0,0,02 Sep 16:00,0,0,86,2,Midfielder,0,0
0,-64719,Kagawa,0,0,WIG(H) 4-0,Man Utd,2184,Shinji,0,0,0,4,0,0,0,15 Sep 15:00,0,0,86,0,Midfielder,0,0
0,-38065,Kagawa,1,0,LIV(A) 2-1,Man Utd,2185,Shinji,0,80,17,5,0,0,1,23 Sep 13:30,0,0,85,5,Midfielder,0,0
0,-24048,Kagawa,3,0,TOT(H) 2-3,Man Utd,2186,Shinji,0,77,20,6,0,0,0,29 Sep 17:30,0,0,85,7,Midfielder,0,1
1,-16838,Kagawa,0,0,NEW(A) 3-0,Man Utd,2187,Shinji,0,54,9,7,0,0,0,07 Oct 16:00,0,0,84,0,Midfielder,0,0
0,-32214,Kagawa,0,0,STK(H) 4-2,Man Utd,2188,Shinji,0,0,0,8,0,0,0,20 Oct 15:00,0,0,84,0,Midfielder,0,0
0,-86131,Kagawa,0,0,CHE(A) 3-2,Man Utd,2189,Shinji,0,0,0,9,0,0,0,28 Oct 16:00,0,0,82,0,Midfielder,0,0
0,-44646,Kagawa,0,0,ARS(H) 2-1,Man Utd,21810,Shinji,0,0,0,10,0,0,0,03 Nov 12:45,0,0,81,0,Midfielder,0,0
0,-16019,Kagawa,0,0,AVL(A) 3-2,Man Utd,21811,Shinji,0,0,0,11,0,0,0,10 Nov 17:30,0,0,81,0,Midfielder,0,0
0,-9598,Kagawa,0,0,NOR(A) 0-1,Man Utd,21812,Shinji,0,0,0,12,0,0,0,17 Nov 17:30,0,0,80,0,Midfielder,0,0
0,-6907,Kagawa,0,0,QPR(H) 3-1,Man Utd,21813,Shinji,0,0,0,13,0,0,0,24 Nov 15:00,0,0,80,0,Midfielder,0,0
0,-2997,Kagawa,0,0,WHU(H) 1-0,Man Utd,21814,Shinji,0,0,0,14,0,0,0,28 Nov 20:00,0,0,80,0,Midfielder,0,0
0,-2920,Kagawa,0,0,RDG(A) 4-3,Man Utd,21815,Shinji,0,0,0,15,0,0,0,01 Dec 17:30,0,0,80,0,Midfielder,0,0
0,-3981,Kagawa,0,0,MCI(A) 3-2,Man Utd,21816,Shinji,0,0,0,16,0,0,0,09 Dec 13:30,0,0,79,0,Midfielder,0,0
0,-2727,Kagawa,0,0,SUN(H) 3-1,Man Utd,21817,Shinji,0,0,0,17,0,0,0,15 Dec 15:00,0,0,79,0,Midfielder,0,0
0,-2118,Kagawa,0,0,SWA(A) 1-1,Man Utd,21818,Shinji,0,0,0,18,0,0,0,23 Dec 13:30,0,0,79,0,Midfielder,0,0
0,-1188,Kagawa,0,0,NEW(H) 4-3,Man Utd,21819,Shinji,0,0,0,19,0,0,0,26 Dec 15:00,0,0,79,0,Midfielder,0,0
0,-854,Kagawa,0,0,WBA(H) 2-0,Man Utd,21820,Shinji,0,64,10,20,0,1,0,29 Dec 15:00,0,0,79,3,Midfielder,0,0
0,1312,Kagawa,0,0,WIG(A) 4-0,Man Utd,21821,Shinji,0,23,4,21,0,0,0,01 Jan 15:00,0,0,79,1,Midfielder,0,0
0,-2125,Kagawa,1,0,LIV(H) 2-1,Man Utd,21822,Shinji,0,76,17,22,1,0,0,13 Jan 13:30,0,0,79,3,Midfielder,0,0
0,-517,Kagawa,0,0,TOT(A) 1-1,Man Utd,21823,Shinji,0,61,-3,23,0,1,0,20 Jan 16:00,0,0,79,3,Midfielder,0,0
0,758,Kagawa,1,0,SOU(H) 2-1,Man Utd,21824,Shinji,0,72,14,24,0,0,1,30 Jan 20:00,0,0,79,5,Midfielder,0,0
0,978,Kagawa,0,0,FUL(A) 1-0,Man Utd,21825,Shinji,0,0,0,25,0,0,0,02 Feb 17:30,0,0,79,0,Midfielder,0,0
0,-2328,Kagawa,0,0,EVE(H) 2-0,Man Utd,21826,Shinji,0,0,0,26,0,0,0,10 Feb 16:00,0,0,79,0,Midfielder,0,0
0,-1346,Kagawa,0,0,QPR(A) 2-0,Man Utd,21827,Shinji,0,0,0,27,0,0,0,23 Feb 15:00,0,0,79,0,Midfielder,0,0
0,-1403,Kagawa,0,0,NOR(H) 4-0,Man Utd,21828,Shinji,0,90,68,28,3,1,0,02 Mar 15:00,0,0,79,21,Midfielder,0,3
0,16740,Kagawa,0,0,RDG(H) 1-0,Man Utd,21830,Shinji,0,6,1,30,0,0,0,16 Mar 17:30,0,0,79,1,Midfielder,0,0
0,1088,Kagawa,0,0,SUN(A) 1-0,Man Utd,21831,Shinji,0,77,15,31,0,1,0,30 Mar 12:45,0,0,79,3,Midfielder,0,0
0,-385,Kagawa,0,0,MCI(H) 1-2,Man Utd,21832,Shinji,0,1,0,32,0,0,0,08 Apr 20:00,0,0,79,1,Midfielder,0,0
0,7046,Kagawa,2,0,WHU(A) 2-2,Man Utd,21833,Shinji,0,78,14,33,0,0,2,17 Apr 19:45,0,0,80,8,Midfielder,0,0
0,5851,Kagawa,0,0,AVL(H) 3-0,Man Utd,21834,Shinji,0,90,11,34,0,1,0,22 Apr 20:00,0,0,80,3,Midfielder,0,0
0,-6677,Kagawa,0,0,ARS(A) 1-1,Man Utd,21835,Shinji,0,0,0,35,0,0,0,28 Apr 16:00,0,0,80,0,Midfielder,0,0
0,-11840,Kagawa,0,0,CHE(H) 0-1,Man Utd,21836,Shinji,0,0,0,36,0,0,0,05 May 16:00,0,0,79,0,Midfielder,0,0
0,717,Kagawa,1,0,SWA(H) 2-1,Man Utd,21837,Shinji,0,90,8,37,0,0,0,12 May 16:00,0,0,79,2,Midfielder,0,0
0,-1492,Kagawa,2,0,WBA(A) 5-5,Man Utd,21838,Shinji,0,68,27,38,0,0,0,19 May 16:00,0,0,79,7,Midfielder,0,1
0,0,Harper,0,0,TOT(H) 2-1,Newcastle,2251,Steve,0,0,0,1,0,0,0,18 Aug 17:30,0,0,45,0,Goalkeeper,0,0
0,-166,Harper,0,0,CHE(A) 0-2,Newcastle,2252,Steve,0,0,0,2,0,0,0,25 Aug 17:30,0,0,45,0,Goalkeeper,0,0
0,-247,Harper,0,0,AVL(H) 1-1,Newcastle,2253,Steve,0,0,0,3,0,0,0,02 Sep 16:00,0,0,45,0,Goalkeeper,0,0
0,49,Harper,2,4,EVE(A) 2-2,Newcastle,2254,Steve,0,90,8,4,0,0,0,17 Sep 20:00,0,0,45,2,Goalkeeper,0,0
0,2949,Harper,0,1,NOR(H) 1-0,Newcastle,2255,Steve,0,90,18,5,0,1,0,23 Sep 15:00,0,0,45,6,Goalkeeper,0,0
0,1241,Harper,2,3,RDG(A) 2-2,Newcastle,2256,Steve,0,90,14,6,0,0,0,29 Sep 15:00,0,0,45,2,Goalkeeper,0,0
0,-73,Harper,3,5,MUN(H) 0-3,Newcastle,2257,Steve,0,90,7,7,0,0,0,07 Oct 16:00,0,0,45,2,Goalkeeper,0,0
0,190,Harper,0,0,SUN(A) 1-1,Newcastle,2258,Steve,0,0,0,8,0,0,0,21 Oct 13:30,0,0,45,0,Goalkeeper,0,0
0,-862,Harper,0,0,WBA(H) 2-1,Newcastle,2259,Steve,0,0,0,9,0,0,0,28 Oct 15:00,0,0,45,0,Goalkeeper,0,0
0,-621,Harper,0,0,LIV(A) 1-1,Newcastle,22510,Steve,0,0,0,10,0,0,0,04 Nov 16:00,0,0,45,0,Goalkeeper,0,0
0,-499,Harper,0,0,WHU(H) 0-1,Newcastle,22511,Steve,0,0,0,11,0,0,0,11 Nov 15:00,0,0,45,0,Goalkeeper,0,0
0,-303,Harper,0,0,SWA(H) 1-2,Newcastle,22512,Steve,0,0,0,12,0,0,0,17 Nov 15:00,0,0,45,0,Goalkeeper,0,0
0,-307,Harper,0,0,SOU(A) 0-2,Newcastle,22513,Steve,0,0,0,13,0,0,0,25 Nov 15:00,0,0,45,0,Goalkeeper,0,0
0,-251,Harper,0,0,STK(A) 1-2,Newcastle,22514,Steve,0,0,0,14,0,0,0,28 Nov 19:45,0,0,45,0,Goalkeeper,0,0
0,-207,Harper,0,0,WIG(H) 3-0,Newcastle,22515,Steve,0,0,0,15,0,0,0,03 Dec 20:00,0,0,45,0,Goalkeeper,0,0
0,-160,Harper,0,0,FUL(A) 1-2,Newcastle,22516,Steve,0,0,0,16,0,0,0,10 Dec 20:00,0,0,45,0,Goalkeeper,0,0
0,-173,Harper,0,0,MCI(H) 1-3,Newcastle,22517,Steve,0,0,0,17,0,0,0,15 Dec 12:45,0,0,45,0,Goalkeeper,0,0
0,-138,Harper,0,0,QPR(H) 1-0,Newcastle,22518,Steve,0,0,0,18,0,0,0,22 Dec 15:00,0,0,45,0,Goalkeeper,0,0
0,-122,Harper,0,0,MUN(A) 3-4,Newcastle,22519,Steve,0,0,0,19,0,0,0,26 Dec 15:00,0,0,45,0,Goalkeeper,0,0
0,-89,Harper,0,0,ARS(A) 3-7,Newcastle,22520,Steve,0,0,0,20,0,0,0,29 Dec 17:30,0,0,45,0,Goalkeeper,0,0
0,-75,Harper,0,0,EVE(H) 1-2,Newcastle,22521,Steve,0,0,0,21,0,0,0,02 Jan 20:00,0,0,45,0,Goalkeeper,0,0
0,-446,Harper,0,0,NOR(A) 0-0,Newcastle,22522,Steve,0,0,0,22,0,0,0,12 Jan 15:00,0,0,45,0,Goalkeeper,0,0
0,-187,Harper,0,0,RDG(H) 1-2,Newcastle,22523,Steve,0,0,0,23,0,0,0,19 Jan 15:00,0,0,45,0,Goalkeeper,0,0
0,-250,Harper,0,0,AVL(A) 2-1,Newcastle,22524,Steve,0,0,0,24,0,0,0,29 Jan 19:45,0,0,45,0,Goalkeeper,0,0
0,-109,Harper,0,0,CHE(H) 3-2,Newcastle,22525,Steve,0,0,0,25,0,0,0,02 Feb 15:00,0,0,45,0,Goalkeeper,0,0
0,-74,Harper,0,0,TOT(A) 1-2,Newcastle,22526,Steve,0,0,0,26,0,0,0,09 Feb 12:45,0,0,45,0,Goalkeeper,0,0
0,0,Harper,0,0,SOU(H) 4-2,Newcastle,22527,Steve,0,0,0,27,0,0,0,24 Feb 13:30,0,0,45,0,Goalkeeper,0,0
0,-107,Harper,0,0,SWA(A) 0-1,Newcastle,22528,Steve,0,0,0,28,0,0,0,02 Mar 15:00,0,0,45,0,Goalkeeper,0,0
0,-62,Harper,0,0,STK(H) 2-1,Newcastle,22529,Steve,0,0,0,29,0,0,0,10 Mar 15:00,0,0,45,0,Goalkeeper,0,0
0,-68,Harper,0,0,WIG(A) 1-2,Newcastle,22530,Steve,0,0,0,30,0,0,0,17 Mar 16:00,0,0,45,0,Goalkeeper,0,0
0,6,Harper,0,0,MCI(A) 0-4,Newcastle,22531,Steve,0,0,0,31,0,0,0,30 Mar 15:00,0,0,45,0,Goalkeeper,0,0
0,-25,Harper,0,0,FUL(H) 1-0,Newcastle,22532,Steve,0,0,0,32,0,0,0,07 Apr 15:00,0,0,45,0,Goalkeeper,0,0
0,-32,Harper,0,0,SUN(H) 0-3,Newcastle,22533,Steve,0,0,0,33,0,0,0,14 Apr 12:00,0,0,45,0,Goalkeeper,0,0
0,17,Harper,0,0,WBA(A) 1-1,Newcastle,22534,Steve,0,0,0,34,0,0,0,20 Apr 15:00,0,0,45,0,Goalkeeper,0,0
0,-9,Harper,0,0,LIV(H) 0-6,Newcastle,22535,Steve,0,0,0,35,0,0,0,27 Apr 17:30,0,0,45,0,Goalkeeper,0,0
0,-11,Harper,0,0,WHU(A) 0-0,Newcastle,22536,Steve,0,0,0,36,0,0,0,04 May 15:00,0,0,45,0,Goalkeeper,0,0
0,-7,Harper,0,0,QPR(A) 2-1,Newcastle,22537,Steve,0,9,1,37,0,0,0,12 May 15:00,0,0,45,1,Goalkeeper,0,0
0,161,Harper,1,1,ARS(H) 0-1,Newcastle,22538,Steve,0,90,4,38,0,0,0,19 May 16:00,0,0,45,2,Goalkeeper,0,0
0,0,Taylor S,1,0,TOT(H) 2-1,Newcastle,2311,Steven,0,90,17,1,0,0,0,18 Aug 17:30,0,0,50,2,Defender,0,0
0,3832,Taylor S,2,0,CHE(A) 0-2,Newcastle,2312,Steven,0,90,8,2,0,0,0,25 Aug 17:30,0,0,50,1,Defender,0,0
0,7657,Taylor S,1,0,AVL(H) 1-1,Newcastle,2313,Steven,0,90,-2,3,0,0,0,02 Sep 16:00,0,0,50,2,Defender,0,0
0,-299,Taylor S,2,0,EVE(A) 2-2,Newcastle,2314,Steven,0,90,6,4,0,0,0,17 Sep 20:00,0,0,50,1,Defender,0,0
0,6285,Taylor S,0,0,NOR(H) 1-0,Newcastle,2315,Steven,0,90,16,5,0,1,0,23 Sep 15:00,0,0,50,6,Defender,0,0
0,4041,Taylor S,0,0,RDG(A) 2-2,Newcastle,2316,Steven,0,55,5,6,0,0,0,29 Sep 15:00,0,0,50,1,Defender,0,0
0,-13093,Taylor S,0,0,MUN(H) 0-3,Newcastle,2317,Steven,0,0,0,7,0,0,0,07 Oct 16:00,0,0,50,0,Defender,0,0
0,-8223,Taylor S,1,0,SUN(A) 1-1,Newcastle,2318,Steven,0,12,1,8,0,0,0,21 Oct 13:30,0,0,50,1,Defender,0,0
0,-1281,Taylor S,0,0,WBA(H) 2-1,Newcastle,2319,Steven,0,0,0,9,0,0,0,28 Oct 15:00,0,0,50,0,Defender,0,0
0,-3857,Taylor S,1,0,LIV(A) 1-1,Newcastle,23110,Steven,0,90,8,10,0,0,0,04 Nov 16:00,0,0,50,2,Defender,0,0
0,2885,Taylor S,1,0,WHU(H) 0-1,Newcastle,23111,Steven,0,90,4,11,0,0,0,11 Nov 15:00,0,0,49,2,Defender,0,0
0,823,Taylor S,2,0,SWA(H) 1-2,Newcastle,23112,Steven,0,90,-2,12,0,0,0,17 Nov 15:00,0,0,49,1,Defender,0,0
0,-1295,Taylor S,2,0,SOU(A) 0-2,Newcastle,23113,Steven,0,90,8,13,0,0,0,25 Nov 15:00,0,0,49,1,Defender,0,0
0,-5994,Taylor S,0,0,STK(A) 1-2,Newcastle,23114,Steven,0,0,0,14,0,0,0,28 Nov 19:45,0,0,49,0,Defender,0,0
0,-9517,Taylor S,0,0,WIG(H) 3-0,Newcastle,23115,Steven,0,0,0,15,0,0,0,03 Dec 20:00,0,0,48,0,Defender,0,0
0,-4842,Taylor S,0,0,FUL(A) 1-2,Newcastle,23116,Steven,0,0,0,16,0,0,0,10 Dec 20:00,0,0,48,0,Defender,0,0
0,-3034,Taylor S,0,0,MCI(H) 1-3,Newcastle,23117,Steven,0,0,0,17,0,0,0,15 Dec 12:45,0,0,47,0,Defender,0,0
0,-1813,Taylor S,0,0,QPR(H) 1-0,Newcastle,23118,Steven,0,0,0,18,0,0,0,22 Dec 15:00,0,0,47,0,Defender,0,0
0,-1170,Taylor S,0,0,MUN(A) 3-4,Newcastle,23119,Steven,0,0,0,19,0,0,0,26 Dec 15:00,0,0,47,0,Defender,0,0
0,-1101,Taylor S,0,0,ARS(A) 3-7,Newcastle,23120,Steven,0,0,0,20,0,0,0,29 Dec 17:30,0,0,46,0,Defender,0,0
0,-582,Taylor S,0,0,EVE(H) 1-2,Newcastle,23121,Steven,0,0,0,21,0,0,0,02 Jan 20:00,0,0,46,0,Defender,0,0
0,-1570,Taylor S,0,0,NOR(A) 0-0,Newcastle,23122,Steven,0,0,0,22,0,0,0,12 Jan 15:00,0,0,46,0,Defender,0,0
0,-543,Taylor S,0,0,RDG(H) 1-2,Newcastle,23123,Steven,0,0,0,23,0,0,0,19 Jan 15:00,0,0,46,0,Defender,0,0
0,-243,Taylor S,1,0,AVL(A) 2-1,Newcastle,23124,Steven,0,90,12,24,0,0,0,29 Jan 19:45,0,0,46,2,Defender,0,0
0,289,Taylor S,2,0,CHE(H) 3-2,Newcastle,23125,Steven,0,90,20,25,0,0,0,02 Feb 15:00,0,0,46,1,Defender,0,0
0,267,Taylor S,2,0,TOT(A) 1-2,Newcastle,23126,Steven,0,90,19,26,0,0,0,09 Feb 12:45,0,0,46,1,Defender,0,0
0,2646,Taylor S,2,0,SOU(H) 4-2,Newcastle,23127,Steven,0,90,8,27,0,0,0,24 Feb 13:30,0,0,46,1,Defender,0,0
0,345,Taylor S,1,0,SWA(A) 0-1,Newcastle,23128,Steven,0,90,11,28,0,0,0,02 Mar 15:00,0,0,46,2,Defender,0,0
0,3750,Taylor S,1,0,STK(H) 2-1,Newcastle,23129,Steven,0,90,17,29,0,0,0,10 Mar 15:00,0,0,46,2,Defender,0,0
0,202,Taylor S,2,0,WIG(A) 1-2,Newcastle,23130,Steven,0,90,16,30,0,0,0,17 Mar 16:00,0,0,46,1,Defender,0,0
0,-443,Taylor S,4,0,MCI(A) 0-4,Newcastle,23131,Steven,0,90,2,31,0,0,0,30 Mar 15:00,0,0,46,0,Defender,0,0
0,66,Taylor S,0,0,FUL(H) 1-0,Newcastle,23132,Steven,0,90,13,32,0,1,0,07 Apr 15:00,0,0,46,6,Defender,0,0
1,-964,Taylor S,3,0,SUN(H) 0-3,Newcastle,23133,Steven,0,90,-3,33,0,0,0,14 Apr 12:00,0,0,46,0,Defender,0,0
0,-309,Taylor S,1,0,WBA(A) 1-1,Newcastle,23134,Steven,0,90,11,34,0,0,0,20 Apr 15:00,0,0,46,2,Defender,0,0
1,-236,Taylor S,6,0,LIV(H) 0-6,Newcastle,23135,Steven,0,90,3,35,0,0,0,27 Apr 17:30,0,0,46,-2,Defender,0,0
0,-876,Taylor S,0,0,WHU(A) 0-0,Newcastle,23136,Steven,0,90,9,36,0,1,0,04 May 15:00,0,0,46,6,Defender,0,0
0,124,Taylor S,0,0,QPR(A) 2-1,Newcastle,23137,Steven,0,0,0,37,0,0,0,12 May 15:00,0,0,46,0,Defender,0,0
0,-500,Taylor S,1,0,ARS(H) 0-1,Newcastle,23138,Steven,0,90,2,38,0,0,0,19 May 16:00,0,0,46,2,Defender,0,0
0,0,Ferguson,0,0,TOT(H) 2-1,Newcastle,2391,Shane,0,0,0,1,0,0,0,18 Aug 17:30,0,0,45,0,Midfielder,0,0
0,-170,Ferguson,0,0,CHE(A) 0-2,Newcastle,2392,Shane,0,0,0,2,0,0,0,25 Aug 17:30,0,0,45,0,Midfielder,0,0
0,-249,Ferguson,0,0,AVL(H) 1-1,Newcastle,2393,Shane,0,0,0,3,0,0,0,02 Sep 16:00,0,0,45,0,Midfielder,0,0
0,-122,Ferguson,0,0,EVE(A) 2-2,Newcastle,2394,Shane,0,0,0,4,0,0,0,17 Sep 20:00,0,0,44,0,Midfielder,0,0
0,-69,Ferguson,0,0,NOR(H) 1-0,Newcastle,2395,Shane,0,0,0,5,0,0,0,23 Sep 15:00,0,0,44,0,Midfielder,0,0
0,-64,Ferguson,0,0,RDG(A) 2-2,Newcastle,2396,Shane,0,21,11,6,0,0,1,29 Sep 15:00,0,0,44,4,Midfielder,0,0
0,130,Ferguson,2,0,MUN(H) 0-3,Newcastle,2397,Shane,0,62,5,7,0,0,0,07 Oct 16:00,0,0,44,2,Midfielder,0,0
0,105,Ferguson,0,0,SUN(A) 1-1,Newcastle,2398,Shane,0,0,0,8,0,0,0,21 Oct 13:30,0,0,44,0,Midfielder,0,0
0,80,Ferguson,0,0,WBA(H) 2-1,Newcastle,2399,Shane,0,0,0,9,0,0,0,28 Oct 15:00,0,0,44,0,Midfielder,0,0
0,-51,Ferguson,0,0,LIV(A) 1-1,Newcastle,23910,Shane,0,23,2,10,0,0,0,04 Nov 16:00,0,0,44,1,Midfielder,0,0
0,0,Ferguson,1,0,WHU(H) 0-1,Newcastle,23911,Shane,0,90,2,11,0,0,0,11 Nov 15:00,0,0,44,2,Midfielder,0,0
0,93,Ferguson,0,0,SWA(H) 1-2,Newcastle,23912,Shane,0,45,4,12,0,0,0,17 Nov 15:00,0,0,44,1,Midfielder,0,0
0,105,Ferguson,1,0,SOU(A) 0-2,Newcastle,23913,Shane,0,45,4,13,0,0,0,25 Nov 15:00,0,0,44,1,Midfielder,0,0
0,-6,Ferguson,0,0,STK(A) 1-2,Newcastle,23914,Shane,0,0,0,14,0,0,0,28 Nov 19:45,0,0,44,0,Midfielder,0,0
0,-3,Ferguson,0,0,WIG(H) 3-0,Newcastle,23915,Shane,0,42,12,15,0,0,0,03 Dec 20:00,0,0,44,1,Midfielder,0,0
0,-101,Ferguson,0,0,FUL(A) 1-2,Newcastle,23916,Shane,0,0,0,16,0,0,0,10 Dec 20:00,0,0,44,0,Midfielder,0,0
0,-75,Ferguson,0,0,MCI(H) 1-3,Newcastle,23917,Shane,0,9,1,17,0,0,0,15 Dec 12:45,0,0,44,1,Midfielder,0,0
0,-34,Ferguson,0,0,QPR(H) 1-0,Newcastle,23918,Shane,0,0,0,18,0,0,0,22 Dec 15:00,0,0,44,0,Midfielder,0,0
0,-43,Ferguson,0,0,MUN(A) 3-4,Newcastle,23919,Shane,0,0,0,19,0,0,0,26 Dec 15:00,0,0,44,0,Midfielder,0,0
0,-55,Ferguson,3,0,ARS(A) 3-7,Newcastle,23920,Shane,0,9,1,20,0,0,0,29 Dec 17:30,0,0,44,1,Midfielder,0,0
0,-28,Ferguson,0,0,EVE(H) 1-2,Newcastle,23921,Shane,0,0,0,21,0,0,0,02 Jan 20:00,0,0,44,0,Midfielder,0,0
0,-78,Ferguson,0,0,NOR(A) 0-0,Newcastle,23922,Shane,0,0,0,22,0,0,0,12 Jan 15:00,0,0,44,0,Midfielder,0,0
0,-47,Ferguson,0,0,RDG(H) 1-2,Newcastle,23923,Shane,0,0,0,23,0,0,0,19 Jan 15:00,0,0,44,0,Midfielder,0,0
0,-32,Ferguson,0,0,AVL(A) 2-1,Newcastle,23924,Shane,0,0,0,24,0,0,0,29 Jan 19:45,0,0,44,0,Midfielder,0,0
0,-36,Ferguson,0,0,CHE(H) 3-2,Newcastle,23925,Shane,0,0,0,25,0,0,0,02 Feb 15:00,0,0,44,0,Midfielder,0,0
0,-30,Ferguson,0,0,TOT(A) 1-2,Newcastle,23926,Shane,0,0,0,26,0,0,0,09 Feb 12:45,0,0,44,0,Midfielder,0,0
0,-32,Ferguson,0,0,SOU(H) 4-2,Newcastle,23927,Shane,0,0,0,27,0,0,0,24 Feb 13:30,0,0,44,0,Midfielder,0,0
0,-46,Ferguson,0,0,SWA(A) 0-1,Newcastle,23928,Shane,0,0,0,28,0,0,0,02 Mar 15:00,0,0,44,0,Midfielder,0,0
0,-54,Ferguson,0,0,STK(H) 2-1,Newcastle,23929,Shane,0,0,0,29,0,0,0,10 Mar 15:00,0,0,44,0,Midfielder,0,0
0,-29,Ferguson,0,0,WIG(A) 1-2,Newcastle,23930,Shane,0,0,0,30,0,0,0,17 Mar 16:00,0,0,44,0,Midfielder,0,0
0,-35,Ferguson,0,0,MCI(A) 0-4,Newcastle,23931,Shane,0,0,0,31,0,0,0,30 Mar 15:00,0,0,44,0,Midfielder,0,0
0,-17,Ferguson,0,0,FUL(H) 1-0,Newcastle,23932,Shane,0,0,0,32,0,0,0,07 Apr 15:00,0,0,44,0,Midfielder,0,0
0,-16,Ferguson,0,0,SUN(H) 0-3,Newcastle,23933,Shane,0,0,0,33,0,0,0,14 Apr 12:00,0,0,44,0,Midfielder,0,0
0,-9,Ferguson,0,0,WBA(A) 1-1,Newcastle,23934,Shane,0,0,0,34,0,0,0,20 Apr 15:00,0,0,43,0,Midfielder,0,0
0,-14,Ferguson,0,0,LIV(H) 0-6,Newcastle,23935,Shane,0,0,0,35,0,0,0,27 Apr 17:30,0,0,43,0,Midfielder,0,0
0,-10,Ferguson,0,0,WHU(A) 0-0,Newcastle,23936,Shane,0,0,0,36,0,0,0,04 May 15:00,0,0,43,0,Midfielder,0,0
0,17,Ferguson,0,0,QPR(A) 2-1,Newcastle,23937,Shane,0,0,0,37,0,0,0,12 May 15:00,0,0,43,0,Midfielder,0,0
0,-3,Ferguson,0,0,ARS(H) 0-1,Newcastle,23938,Shane,0,0,0,38,0,0,0,19 May 16:00,0,0,43,0,Midfielder,0,0
0,0,Marveaux,0,0,TOT(H) 2-1,Newcastle,2431,Sylvain,0,0,0,1,0,0,0,18 Aug 17:30,0,0,45,0,Midfielder,0,0
0,-2085,Marveaux,0,0,CHE(A) 0-2,Newcastle,2432,Sylvain,0,17,3,2,0,0,0,25 Aug 17:30,0,0,44,1,Midfielder,0,0
0,-974,Marveaux,0,0,AVL(H) 1-1,Newcastle,2433,Sylvain,0,5,1,3,0,0,0,02 Sep 16:00,0,0,44,1,Midfielder,0,0
0,773,Marveaux,1,0,EVE(A) 2-2,Newcastle,2434,Sylvain,0,45,6,4,0,0,0,17 Sep 20:00,0,0,43,1,Midfielder,0,0
0,500,Marveaux,0,0,NOR(H) 1-0,Newcastle,2435,Sylvain,0,0,0,5,0,0,0,23 Sep 15:00,0,0,43,0,Midfielder,0,0
0,-427,Marveaux,0,0,RDG(A) 2-2,Newcastle,2436,Sylvain,0,0,0,6,0,0,0,29 Sep 15:00,0,0,43,0,Midfielder,0,0
0,-481,Marveaux,0,0,MUN(H) 0-3,Newcastle,2437,Sylvain,0,0,0,7,0,0,0,07 Oct 16:00,0,0,43,0,Midfielder,0,0
0,-445,Marveaux,0,0,SUN(A) 1-1,Newcastle,2438,Sylvain,0,0,0,8,0,0,0,21 Oct 13:30,0,0,43,0,Midfielder,0,0
0,-463,Marveaux,0,0,WBA(H) 2-1,Newcastle,2439,Sylvain,0,0,0,9,0,0,0,28 Oct 15:00,0,0,43,0,Midfielder,0,0
0,606,Marveaux,0,0,LIV(A) 1-1,Newcastle,24310,Sylvain,0,0,0,10,0,0,0,04 Nov 16:00,0,0,42,0,Midfielder,0,0
0,357,Marveaux,0,0,WHU(H) 0-1,Newcastle,24311,Sylvain,0,0,0,11,0,0,0,11 Nov 15:00,0,0,42,0,Midfielder,0,0
0,204,Marveaux,1,0,SWA(H) 1-2,Newcastle,24312,Sylvain,0,12,-2,12,0,0,1,17 Nov 15:00,0,0,42,4,Midfielder,0,0
0,2701,Marveaux,0,0,SOU(A) 0-2,Newcastle,24313,Sylvain,0,25,1,13,0,0,0,25 Nov 15:00,0,0,42,1,Midfielder,0,0
0,943,Marveaux,0,0,STK(A) 1-2,Newcastle,24314,Sylvain,0,0,0,14,0,0,0,28 Nov 19:45,0,0,42,0,Midfielder,0,0
0,577,Marveaux,0,0,WIG(H) 3-0,Newcastle,24315,Sylvain,0,90,33,15,2,1,1,03 Dec 20:00,0,0,42,8,Midfielder,0,0
0,780,Marveaux,0,0,FUL(A) 1-2,Newcastle,24316,Sylvain,0,5,1,16,0,0,0,10 Dec 20:00,0,0,42,1,Midfielder,0,0
0,1805,Marveaux,1,0,MCI(H) 1-3,Newcastle,24317,Sylvain,0,17,-3,17,0,0,0,15 Dec 12:45,0,0,42,1,Midfielder,0,0
0,1469,Marveaux,0,0,QPR(H) 1-0,Newcastle,24318,Sylvain,0,14,9,18,0,0,1,22 Dec 15:00,0,0,42,4,Midfielder,0,0
0,1012,Marveaux,4,0,MUN(A) 3-4,Newcastle,24319,Sylvain,0,90,5,19,0,0,0,26 Dec 15:00,0,0,42,2,Midfielder,0,0
0,2394,Marveaux,6,0,ARS(A) 3-7,Newcastle,24320,Sylvain,0,87,35,20,1,0,1,29 Dec 17:30,0,0,42,11,Midfielder,0,1
0,20058,Marveaux,2,0,EVE(H) 1-2,Newcastle,24321,Sylvain,0,90,-8,21,0,0,0,02 Jan 20:00,0,0,42,2,Midfielder,0,0
0,20932,Marveaux,0,0,NOR(A) 0-0,Newcastle,24322,Sylvain,0,90,0,22,0,1,0,12 Jan 15:00,0,0,43,3,Midfielder,0,0
0,10591,Marveaux,0,0,RDG(H) 1-2,Newcastle,24323,Sylvain,0,64,11,23,0,1,1,19 Jan 15:00,0,0,43,6,Midfielder,0,0
0,20024,Marveaux,0,0,AVL(A) 2-1,Newcastle,24324,Sylvain,0,0,0,24,0,0,0,29 Jan 19:45,0,0,43,0,Midfielder,0,0
0,-7997,Marveaux,0,0,CHE(H) 3-2,Newcastle,24325,Sylvain,0,7,4,25,0,0,0,02 Feb 15:00,0,0,43,1,Midfielder,0,0
0,-6430,Marveaux,1,0,TOT(A) 1-2,Newcastle,24326,Sylvain,0,33,1,26,0,0,0,09 Feb 12:45,0,0,42,1,Midfielder,0,0
0,-3757,Marveaux,0,0,SOU(H) 4-2,Newcastle,24327,Sylvain,0,0,0,27,0,0,0,24 Feb 13:30,0,0,42,0,Midfielder,0,0
0,1453,Marveaux,0,0,SWA(A) 0-1,Newcastle,24328,Sylvain,0,1,0,28,0,0,0,02 Mar 15:00,0,0,41,1,Midfielder,0,0
0,-259,Marveaux,0,0,STK(H) 2-1,Newcastle,24329,Sylvain,0,18,10,29,0,0,1,10 Mar 15:00,0,0,41,4,Midfielder,0,0
0,13099,Marveaux,2,0,WIG(A) 1-2,Newcastle,24330,Sylvain,0,90,4,30,0,0,0,17 Mar 16:00,0,0,41,2,Midfielder,0,0
0,10486,Marveaux,0,0,MCI(A) 0-4,Newcastle,24331,Sylvain,0,0,0,31,0,0,0,30 Mar 15:00,0,0,41,0,Midfielder,0,0
0,-8,Marveaux,0,0,FUL(H) 1-0,Newcastle,24332,Sylvain,0,90,19,32,1,1,0,07 Apr 15:00,0,0,41,4,Midfielder,0,0
0,262,Marveaux,3,0,SUN(H) 0-3,Newcastle,24333,Sylvain,0,90,10,33,0,0,0,14 Apr 12:00,0,0,42,2,Midfielder,0,0
0,-3348,Marveaux,0,0,WBA(A) 1-1,Newcastle,24334,Sylvain,0,0,0,34,0,0,0,20 Apr 15:00,0,0,42,0,Midfielder,0,0
0,-12023,Marveaux,0,0,LIV(H) 0-6,Newcastle,24335,Sylvain,0,0,0,35,0,0,0,27 Apr 17:30,0,0,42,0,Midfielder,0,0
0,-7070,Marveaux,0,0,WHU(A) 0-0,Newcastle,24336,Sylvain,0,0,0,36,0,0,0,04 May 15:00,0,0,41,0,Midfielder,0,0
0,-1729,Marveaux,0,0,QPR(A) 2-1,Newcastle,24337,Sylvain,0,0,0,37,0,0,0,12 May 15:00,0,0,41,0,Midfielder,0,0
0,33,Marveaux,0,0,ARS(H) 0-1,Newcastle,24338,Sylvain,0,27,2,38,0,0,0,19 May 16:00,0,0,41,1,Midfielder,0,0
0,0,Ameobi,0,0,TOT(H) 2-1,Newcastle,2481,Shola,0,0,0,1,0,0,0,18 Aug 17:30,0,0,55,0,Forward,0,0
0,-1853,Ameobi,0,0,CHE(A) 0-2,Newcastle,2482,Shola,0,0,0,2,0,0,0,25 Aug 17:30,0,0,54,0,Forward,0,0
0,-1573,Ameobi,0,0,AVL(H) 1-1,Newcastle,2483,Shola,0,0,0,3,0,0,0,02 Sep 16:00,0,0,54,0,Forward,0,0
1,-930,Ameobi,1,0,EVE(A) 2-2,Newcastle,2484,Shola,0,11,6,4,0,0,1,17 Sep 20:00,0,0,53,3,Forward,0,0
0,-131,Ameobi,0,0,NOR(H) 1-0,Newcastle,2485,Shola,0,6,1,5,0,0,0,23 Sep 15:00,0,0,53,1,Forward,0,0
0,-201,Ameobi,0,0,RDG(A) 2-2,Newcastle,2486,Shola,0,22,1,6,0,0,0,29 Sep 15:00,0,0,53,1,Forward,0,0
0,-149,Ameobi,1,0,MUN(H) 0-3,Newcastle,2487,Shola,0,28,1,7,0,0,0,07 Oct 16:00,0,0,53,1,Forward,0,0
1,234,Ameobi,0,0,SUN(A) 1-1,Newcastle,2488,Shola,0,37,2,8,0,0,0,21 Oct 13:30,0,0,53,0,Forward,0,0
0,-145,Ameobi,1,0,WBA(H) 2-1,Newcastle,2489,Shola,0,60,17,9,0,0,1,28 Oct 15:00,0,0,53,5,Forward,0,0
0,205,Ameobi,0,0,LIV(A) 1-1,Newcastle,24810,Shola,0,0,0,10,0,0,0,04 Nov 16:00,0,0,53,0,Forward,0,0
0,8,Ameobi,0,0,WHU(H) 0-1,Newcastle,24811,Shola,0,41,2,11,0,0,0,11 Nov 15:00,0,0,53,1,Forward,0,0
0,-15,Ameobi,2,0,SWA(H) 1-2,Newcastle,24812,Shola,0,45,2,12,0,0,0,17 Nov 15:00,0,0,53,1,Forward,0,0
0,-310,Ameobi,0,0,SOU(A) 0-2,Newcastle,24813,Shola,0,0,0,13,0,0,0,25 Nov 15:00,0,0,53,0,Forward,0,0
0,-238,Ameobi,0,0,STK(A) 1-2,Newcastle,24814,Shola,0,0,0,14,0,0,0,28 Nov 19:45,0,0,53,0,Forward,0,0
0,-199,Ameobi,0,0,WIG(H) 3-0,Newcastle,24815,Shola,0,0,0,15,0,0,0,03 Dec 20:00,0,0,52,0,Forward,0,0
0,-154,Ameobi,0,0,FUL(A) 1-2,Newcastle,24816,Shola,0,21,5,16,0,0,0,10 Dec 20:00,0,0,52,1,Forward,0,0
0,-42,Ameobi,0,0,MCI(H) 1-3,Newcastle,24817,Shola,0,12,5,17,0,0,0,15 Dec 12:45,0,0,52,1,Forward,0,0
1,-32,Ameobi,0,0,QPR(H) 1-0,Newcastle,24818,Shola,0,30,20,18,3,0,0,22 Dec 15:00,0,0,52,7,Forward,0,1
0,288,Ameobi,1,0,MUN(A) 3-4,Newcastle,24819,Shola,0,20,6,19,0,0,0,26 Dec 15:00,0,0,52,1,Forward,0,0
0,78,Ameobi,3,0,ARS(A) 3-7,Newcastle,24820,Shola,0,9,1,20,0,0,0,29 Dec 17:30,0,0,52,1,Forward,0,0
0,-56,Ameobi,2,0,EVE(H) 1-2,Newcastle,24821,Shola,0,90,-8,21,0,0,0,02 Jan 20:00,0,0,52,2,Forward,0,0
0,-156,Ameobi,0,0,NOR(A) 0-0,Newcastle,24822,Shola,0,0,0,22,0,0,0,12 Jan 15:00,0,0,52,0,Forward,0,0
0,188,Ameobi,2,0,RDG(H) 1-2,Newcastle,24823,Shola,0,90,5,23,0,0,0,19 Jan 15:00,0,0,52,2,Forward,0,0
1,54,Ameobi,0,0,AVL(A) 2-1,Newcastle,24824,Shola,0,22,2,24,0,0,0,29 Jan 19:45,0,0,52,0,Forward,0,0
0,-229,Ameobi,0,0,CHE(H) 3-2,Newcastle,24825,Shola,0,0,0,25,0,0,0,02 Feb 15:00,0,0,52,0,Forward,0,0
1,-82,Ameobi,0,0,TOT(A) 1-2,Newcastle,24826,Shola,0,5,8,26,0,0,0,09 Feb 12:45,0,0,52,0,Forward,0,0
0,245,Ameobi,0,0,SOU(H) 4-2,Newcastle,24827,Shola,0,0,0,27,0,0,0,24 Feb 13:30,0,0,52,0,Forward,0,0
0,-13,Ameobi,0,0,SWA(A) 0-1,Newcastle,24828,Shola,0,1,0,28,0,0,0,02 Mar 15:00,0,0,52,1,Forward,0,0
0,400,Ameobi,0,0,STK(H) 2-1,Newcastle,24829,Shola,0,0,0,29,0,0,0,10 Mar 15:00,0,0,52,0,Forward,0,0
0,-194,Ameobi,1,0,WIG(A) 1-2,Newcastle,24830,Shola,0,24,8,30,0,0,0,17 Mar 16:00,0,0,52,1,Forward,0,0
0,-118,Ameobi,0,0,MCI(A) 0-4,Newcastle,24831,Shola,0,0,0,31,0,0,0,30 Mar 15:00,0,0,52,0,Forward,0,0
0,-86,Ameobi,0,0,FUL(H) 1-0,Newcastle,24832,Shola,0,22,9,32,0,0,0,07 Apr 15:00,0,0,51,1,Forward,0,0
0,41,Ameobi,2,0,SUN(H) 0-3,Newcastle,24833,Shola,0,45,1,33,0,0,0,14 Apr 12:00,0,0,51,1,Forward,0,0
0,-69,Ameobi,0,0,WBA(A) 1-1,Newcastle,24834,Shola,0,22,-3,34,0,0,0,20 Apr 15:00,0,0,51,1,Forward,0,0
0,-26,Ameobi,0,0,LIV(H) 0-6,Newcastle,24835,Shola,0,0,0,35,0,0,0,27 Apr 17:30,0,0,51,0,Forward,0,0
0,-38,Ameobi,0,0,WHU(A) 0-0,Newcastle,24836,Shola,0,26,-2,36,0,0,0,04 May 15:00,0,0,51,1,Forward,0,0
0,-76,Ameobi,0,0,QPR(A) 2-1,Newcastle,24837,Shola,0,0,0,37,0,0,0,12 May 15:00,0,0,51,0,Forward,0,0
0,-86,Ameobi,0,0,ARS(H) 0-1,Newcastle,24838,Shola,0,0,0,38,0,0,0,19 May 16:00,0,0,51,0,Forward,0,0
0,0,Sammy Ameobi,0,0,TOT(H) 2-1,Newcastle,2501,Sammy,0,0,0,1,0,0,0,18 Aug 17:30,0,0,45,0,Forward,0,0
0,-313,Sammy Ameobi,0,0,CHE(A) 0-2,Newcastle,2502,Sammy,0,0,0,2,0,0,0,25 Aug 17:30,0,0,45,0,Forward,0,0
0,-429,Sammy Ameobi,0,0,AVL(H) 1-1,Newcastle,2503,Sammy,0,0,0,3,0,0,0,02 Sep 16:00,0,0,45,0,Forward,0,0
0,240,Sammy Ameobi,0,0,EVE(A) 2-2,Newcastle,2504,Sammy,0,0,0,4,0,0,0,17 Sep 20:00,0,0,44,0,Forward,0,0
0,408,Sammy Ameobi,0,0,NOR(H) 1-0,Newcastle,2505,Sammy,0,0,0,5,0,0,0,23 Sep 15:00,0,0,44,0,Forward,0,0
0,22,Sammy Ameobi,0,0,RDG(A) 2-2,Newcastle,2506,Sammy,0,0,1,6,0,0,0,29 Sep 15:00,0,0,44,0,Forward,0,0
0,1,Sammy Ameobi,0,0,MUN(H) 0-3,Newcastle,2507,Sammy,0,0,0,7,0,0,0,07 Oct 16:00,0,0,44,0,Forward,0,0
0,88,Sammy Ameobi,0,0,SUN(A) 1-1,Newcastle,2508,Sammy,0,0,0,8,0,0,0,21 Oct 13:30,0,0,44,0,Forward,0,0
0,49,Sammy Ameobi,0,0,WBA(H) 2-1,Newcastle,2509,Sammy,0,19,9,9,0,0,1,28 Oct 15:00,0,0,44,4,Forward,0,0
0,2087,Sammy Ameobi,1,0,LIV(A) 1-1,Newcastle,25010,Sammy,0,42,7,10,0,0,0,04 Nov 16:00,0,0,44,1,Forward,0,0
0,1555,Sammy Ameobi,0,0,WHU(H) 0-1,Newcastle,25011,Sammy,0,0,0,11,0,0,0,11 Nov 15:00,0,0,44,0,Forward,0,0
0,-325,Sammy Ameobi,1,0,SWA(H) 1-2,Newcastle,25012,Sammy,0,78,7,12,0,0,0,17 Nov 15:00,0,0,44,2,Forward,0,0
0,302,Sammy Ameobi,1,0,SOU(A) 0-2,Newcastle,25013,Sammy,0,45,2,13,0,0,0,25 Nov 15:00,0,0,44,1,Forward,0,0
0,-21,Sammy Ameobi,0,0,STK(A) 1-2,Newcastle,25014,Sammy,0,4,0,14,0,0,0,28 Nov 19:45,0,0,44,1,Forward,0,0
1,162,Sammy Ameobi,0,0,WIG(H) 3-0,Newcastle,25015,Sammy,0,16,-2,15,0,0,0,03 Dec 20:00,0,0,44,0,Forward,0,0
0,-529,Sammy Ameobi,0,0,FUL(A) 1-2,Newcastle,25016,Sammy,0,0,0,16,0,0,0,10 Dec 20:00,0,0,44,0,Forward,0,0
0,-140,Sammy Ameobi,0,0,MCI(H) 1-3,Newcastle,25017,Sammy,0,0,0,17,0,0,0,15 Dec 12:45,0,0,44,0,Forward,0,0
0,-169,Sammy Ameobi,0,0,QPR(H) 1-0,Newcastle,25018,Sammy,0,0,2,18,0,0,0,22 Dec 15:00,0,0,44,0,Forward,0,0
0,-174,Sammy Ameobi,1,0,MUN(A) 3-4,Newcastle,25019,Sammy,0,12,-4,19,0,0,0,26 Dec 15:00,0,0,44,1,Forward,0,0
0,72,Sammy Ameobi,0,0,ARS(A) 3-7,Newcastle,25020,Sammy,0,0,0,20,0,0,0,29 Dec 17:30,0,0,44,0,Forward,0,0
0,-130,Sammy Ameobi,0,0,EVE(H) 1-2,Newcastle,25021,Sammy,0,12,-3,21,0,0,0,02 Jan 20:00,0,0,43,1,Forward,0,0
0,13,Sammy Ameobi,0,0,NOR(A) 0-0,Newcastle,25022,Sammy,0,0,0,22,0,0,0,12 Jan 15:00,0,0,43,0,Forward,0,0
0,-213,Sammy Ameobi,0,0,RDG(H) 1-2,Newcastle,25023,Sammy,0,0,0,23,0,0,0,19 Jan 15:00,0,0,43,0,Forward,0,0
0,-142,Sammy Ameobi,0,0,AVL(A) 2-1,Newcastle,25024,Sammy,0,0,0,24,0,0,0,29 Jan 19:45,0,0,43,0,Forward,0,0
0,-112,Sammy Ameobi,0,0,CHE(H) 3-2,Newcastle,25025,Sammy,0,0,0,25,0,0,0,02 Feb 15:00,0,0,43,0,Forward,0,0
0,1120,Sammy Ameobi,0,0,TOT(A) 1-2,Newcastle,25026,Sammy,0,0,0,26,0,0,0,09 Feb 12:45,0,0,43,0,Forward,0,0
0,950,Sammy Ameobi,0,0,SOU(H) 4-2,Newcastle,25027,Sammy,0,0,0,27,0,0,0,24 Feb 13:30,0,0,43,0,Forward,0,0
0,-246,Sammy Ameobi,0,0,SWA(A) 0-1,Newcastle,25028,Sammy,0,0,0,28,0,0,0,02 Mar 15:00,0,0,43,0,Forward,0,0
0,-846,Sammy Ameobi,0,0,STK(H) 2-1,Newcastle,25029,Sammy,0,0,0,29,0,0,0,10 Mar 15:00,0,0,43,0,Forward,0,0
0,-496,Sammy Ameobi,0,0,WIG(A) 1-2,Newcastle,25030,Sammy,0,0,0,30,0,0,0,17 Mar 16:00,0,0,43,0,Forward,0,0
0,-469,Sammy Ameobi,0,0,MCI(A) 0-4,Newcastle,25031,Sammy,0,0,0,31,0,0,0,30 Mar 15:00,0,0,43,0,Forward,0,0
0,-275,Sammy Ameobi,0,0,FUL(H) 1-0,Newcastle,25032,Sammy,0,0,0,32,0,0,0,07 Apr 15:00,0,0,43,0,Forward,0,0
0,-251,Sammy Ameobi,0,0,SUN(H) 0-3,Newcastle,25033,Sammy,0,0,0,33,0,0,0,14 Apr 12:00,0,0,43,0,Forward,0,0
0,-116,Sammy Ameobi,0,0,WBA(A) 1-1,Newcastle,25034,Sammy,0,0,0,34,0,0,0,20 Apr 15:00,0,0,43,0,Forward,0,0
0,-142,Sammy Ameobi,0,0,LIV(H) 0-6,Newcastle,25035,Sammy,0,0,0,35,0,0,0,27 Apr 17:30,0,0,43,0,Forward,0,0
0,-130,Sammy Ameobi,0,0,WHU(A) 0-0,Newcastle,25036,Sammy,0,0,0,36,0,0,0,04 May 15:00,0,0,43,0,Forward,0,0
0,-63,Sammy Ameobi,0,0,QPR(A) 2-1,Newcastle,25037,Sammy,0,0,0,37,0,0,0,12 May 15:00,0,0,43,0,Forward,0,0
0,-51,Sammy Ameobi,0,0,ARS(H) 0-1,Newcastle,25038,Sammy,0,0,0,38,0,0,0,19 May 16:00,0,0,43,0,Forward,0,0
0,0,Whittaker,0,0,FUL(A) 0-5,Norwich,2611,Steven,0,0,0,1,0,0,0,18 Aug 15:00,0,0,45,0,Defender,0,0
0,-174,Whittaker,0,0,QPR(H) 1-1,Norwich,2612,Steven,0,0,0,2,0,0,0,25 Aug 15:00,0,0,45,0,Defender,0,0
0,-221,Whittaker,0,0,TOT(A) 1-1,Norwich,2613,Steven,0,0,0,3,0,0,0,01 Sep 15:00,0,0,45,0,Defender,0,0
0,-142,Whittaker,0,0,WHU(H) 0-0,Norwich,2614,Steven,0,0,0,4,0,0,0,15 Sep 12:45,0,0,44,0,Defender,0,0
0,-80,Whittaker,0,0,NEW(A) 0-1,Norwich,2615,Steven,0,0,0,5,0,0,0,23 Sep 15:00,0,0,44,0,Defender,0,0
0,-72,Whittaker,0,0,LIV(H) 2-5,Norwich,2616,Steven,0,0,0,6,0,0,0,29 Sep 15:00,0,0,44,0,Defender,0,0
0,-42,Whittaker,0,0,CHE(A) 1-4,Norwich,2617,Steven,0,0,0,7,0,0,0,06 Oct 15:00,0,0,44,0,Defender,0,0
0,-33,Whittaker,0,0,ARS(H) 1-0,Norwich,2618,Steven,0,0,0,8,0,0,0,20 Oct 17:30,0,0,44,0,Defender,0,0
0,-7,Whittaker,0,0,AVL(A) 1-1,Norwich,2619,Steven,0,0,0,9,0,0,0,27 Oct 12:45,0,0,43,0,Defender,0,0
0,2,Whittaker,0,0,STK(H) 1-0,Norwich,26110,Steven,0,90,16,10,0,1,0,03 Nov 15:00,0,0,43,6,Defender,0,0
0,261,Whittaker,0,0,RDG(A) 0-0,Norwich,26111,Steven,0,90,6,11,0,1,0,10 Nov 15:00,0,0,43,6,Defender,0,0
0,175,Whittaker,0,0,MUN(H) 1-0,Norwich,26112,Steven,0,90,17,12,0,1,0,17 Nov 17:30,0,0,43,6,Defender,0,0
0,737,Whittaker,1,0,EVE(A) 1-1,Norwich,26113,Steven,0,90,7,13,0,0,0,24 Nov 15:00,0,0,43,2,Defender,0,0
0,531,Whittaker,1,0,SOU(A) 1-1,Norwich,26114,Steven,0,90,14,14,0,0,0,28 Nov 19:45,0,0,43,2,Defender,0,0
0,864,Whittaker,1,0,SUN(H) 2-1,Norwich,26115,Steven,0,90,15,15,0,0,0,02 Dec 16:00,0,0,43,2,Defender,0,0
0,91,Whittaker,2,0,SWA(A) 4-3,Norwich,26116,Steven,0,90,34,16,0,0,0,08 Dec 15:00,0,0,43,7,Defender,0,1
0,1955,Whittaker,1,0,WIG(H) 2-1,Norwich,26117,Steven,0,90,10,17,0,0,0,15 Dec 15:00,0,0,43,2,Defender,0,0
0,716,Whittaker,1,0,WBA(A) 1-2,Norwich,26118,Steven,0,54,11,18,0,0,0,22 Dec 15:00,0,0,43,1,Defender,0,0
0,-1049,Whittaker,0,0,CHE(H) 0-1,Norwich,26119,Steven,0,0,0,19,0,0,0,26 Dec 15:00,0,0,43,0,Defender,0,0
0,-1101,Whittaker,0,0,MCI(H) 3-4,Norwich,26120,Steven,0,0,0,20,0,0,0,29 Dec 15:00,0,0,42,0,Defender,0,0
0,-392,Whittaker,0,0,WHU(A) 1-2,Norwich,26121,Steven,0,0,0,21,0,0,0,01 Jan 15:00,0,0,42,0,Defender,0,0
0,-1086,Whittaker,0,0,NEW(H) 0-0,Norwich,26122,Steven,0,0,0,22,0,0,0,12 Jan 15:00,0,0,41,0,Defender,0,0
0,-415,Whittaker,0,0,LIV(A) 0-5,Norwich,26123,Steven,0,0,0,23,0,0,0,19 Jan 15:00,0,0,40,0,Defender,0,0
0,30,Whittaker,0,0,TOT(H) 1-1,Norwich,26124,Steven,0,0,0,24,0,0,0,30 Jan 19:45,0,0,40,0,Defender,0,0
0,154,Whittaker,0,0,QPR(A) 0-0,Norwich,26125,Steven,0,0,0,25,0,0,0,02 Feb 12:45,0,0,40,0,Defender,0,0
0,152,Whittaker,0,0,FUL(H) 0-0,Norwich,26126,Steven,0,0,0,26,0,0,0,09 Feb 15:00,0,0,40,0,Defender,0,0
0,71,Whittaker,0,0,EVE(H) 2-1,Norwich,26127,Steven,0,0,0,27,0,0,0,23 Feb 15:00,0,0,40,0,Defender,0,0
0,-3,Whittaker,0,0,MUN(A) 0-4,Norwich,26128,Steven,0,0,0,28,0,0,0,02 Mar 15:00,0,0,40,0,Defender,0,0
0,-46,Whittaker,0,0,SOU(H) 0-0,Norwich,26129,Steven,0,0,0,29,0,0,0,09 Mar 15:00,0,0,40,0,Defender,0,0
0,-57,Whittaker,0,0,SUN(A) 1-1,Norwich,26130,Steven,0,3,1,30,0,0,0,17 Mar 13:30,0,0,40,1,Defender,0,0
0,-8,Whittaker,0,0,WIG(A) 0-1,Norwich,26131,Steven,0,0,0,31,0,0,0,30 Mar 15:00,0,0,40,0,Defender,0,0
0,-21,Whittaker,0,0,SWA(H) 2-2,Norwich,26132,Steven,0,0,0,32,0,0,0,06 Apr 15:00,0,0,40,0,Defender,0,0
0,-69,Whittaker,3,0,ARS(A) 1-3,Norwich,26133,Steven,0,90,3,33,0,0,0,13 Apr 15:00,0,0,40,1,Defender,0,0
0,61,Whittaker,0,0,RDG(H) 2-1,Norwich,26134,Steven,0,0,0,34,0,0,0,20 Apr 15:00,0,0,40,0,Defender,0,0
0,-63,Whittaker,1,0,STK(A) 0-1,Norwich,26135,Steven,0,90,5,35,0,0,0,27 Apr 15:00,0,0,40,2,Defender,0,0
0,19,Whittaker,0,0,AVL(H) 1-2,Norwich,26136,Steven,0,0,0,36,0,0,0,04 May 15:00,0,0,40,0,Defender,0,0
0,-1,Whittaker,0,0,WBA(H) 4-0,Norwich,26137,Steven,0,0,0,37,0,0,0,12 May 15:00,0,0,40,0,Defender,0,0
0,-21,Whittaker,2,0,MCI(A) 3-2,Norwich,26138,Steven,0,90,15,38,0,0,0,19 May 16:00,0,0,40,1,Defender,0,0
0,0,Lappin,0,0,FUL(A) 0-5,Norwich,2671,Simon,0,0,0,1,0,0,0,18 Aug 15:00,0,0,45,0,Midfielder,0,0
0,-62,Lappin,0,0,QPR(H) 1-1,Norwich,2672,Simon,0,0,0,2,0,0,0,25 Aug 15:00,0,0,45,0,Midfielder,0,0
0,-125,Lappin,0,0,TOT(A) 1-1,Norwich,2673,Simon,0,0,0,3,0,0,0,01 Sep 15:00,0,0,45,0,Midfielder,0,0
0,-90,Lappin,0,0,WHU(H) 0-0,Norwich,2674,Simon,0,0,0,4,0,0,0,15 Sep 12:45,0,0,45,0,Midfielder,0,0
0,-29,Lappin,0,0,NEW(A) 0-1,Norwich,2675,Simon,0,0,0,5,0,0,0,23 Sep 15:00,0,0,44,0,Midfielder,0,0
0,-40,Lappin,0,0,LIV(H) 2-5,Norwich,2676,Simon,0,0,0,6,0,0,0,29 Sep 15:00,0,0,44,0,Midfielder,0,0
0,-22,Lappin,0,0,CHE(A) 1-4,Norwich,2677,Simon,0,0,0,7,0,0,0,06 Oct 15:00,0,0,44,0,Midfielder,0,0
0,-10,Lappin,0,0,ARS(H) 1-0,Norwich,2678,Simon,0,0,0,8,0,0,0,20 Oct 17:30,0,0,44,0,Midfielder,0,0
0,-4,Lappin,0,0,AVL(A) 1-1,Norwich,2679,Simon,0,0,0,9,0,0,0,27 Oct 12:45,0,0,44,0,Midfielder,0,0
0,-6,Lappin,0,0,STK(H) 1-0,Norwich,26710,Simon,0,0,0,10,0,0,0,03 Nov 15:00,0,0,44,0,Midfielder,0,0
0,5,Lappin,0,0,RDG(A) 0-0,Norwich,26711,Simon,0,0,0,11,0,0,0,10 Nov 15:00,0,0,44,0,Midfielder,0,0
0,-4,Lappin,0,0,MUN(H) 1-0,Norwich,26712,Simon,0,0,0,12,0,0,0,17 Nov 17:30,0,0,44,0,Midfielder,0,0
0,-16,Lappin,0,0,EVE(A) 1-1,Norwich,26713,Simon,0,0,0,13,0,0,0,24 Nov 15:00,0,0,44,0,Midfielder,0,0
0,-2,Lappin,0,0,SOU(A) 1-1,Norwich,26714,Simon,0,0,0,14,0,0,0,28 Nov 19:45,0,0,44,0,Midfielder,0,0
0,-8,Lappin,0,0,SUN(H) 2-1,Norwich,26715,Simon,0,0,0,15,0,0,0,02 Dec 16:00,0,0,44,0,Midfielder,0,0
0,-11,Lappin,0,0,SWA(A) 4-3,Norwich,26716,Simon,0,0,0,16,0,0,0,08 Dec 15:00,0,0,44,0,Midfielder,0,0
0,-11,Lappin,0,0,WIG(H) 2-1,Norwich,26717,Simon,0,0,0,17,0,0,0,15 Dec 15:00,0,0,44,0,Midfielder,0,0
0,-6,Lappin,0,0,WBA(A) 1-2,Norwich,26718,Simon,0,0,0,18,0,0,0,22 Dec 15:00,0,0,44,0,Midfielder,0,0
0,-5,Lappin,0,0,CHE(H) 0-1,Norwich,26719,Simon,0,0,0,19,0,0,0,26 Dec 15:00,0,0,44,0,Midfielder,0,0
0,-1,Lappin,0,0,MCI(H) 3-4,Norwich,26720,Simon,0,0,0,20,0,0,0,29 Dec 15:00,0,0,44,0,Midfielder,0,0
0,-2,Lappin,0,0,WHU(A) 1-2,Norwich,26721,Simon,0,0,0,21,0,0,0,01 Jan 15:00,0,0,44,0,Midfielder,0,0
0,-13,Lappin,0,0,NEW(H) 0-0,Norwich,26722,Simon,0,0,0,22,0,0,0,12 Jan 15:00,0,0,44,0,Midfielder,0,0
0,-3,Lappin,0,0,LIV(A) 0-5,Norwich,26723,Simon,0,0,0,23,0,0,0,19 Jan 15:00,0,0,44,0,Midfielder,0,0
0,-8,Lappin,0,0,TOT(H) 1-1,Norwich,26724,Simon,0,0,0,24,0,0,0,30 Jan 19:45,0,0,44,0,Midfielder,0,0
0,-5,Lappin,0,0,QPR(A) 0-0,Norwich,26725,Simon,0,0,0,25,0,0,0,02 Feb 12:45,0,0,44,0,Midfielder,0,0
0,-3,Lappin,0,0,FUL(H) 0-0,Norwich,26726,Simon,0,0,0,26,0,0,0,09 Feb 15:00,0,0,44,0,Midfielder,0,0
0,-3,Lappin,0,0,EVE(H) 2-1,Norwich,26727,Simon,0,0,0,27,0,0,0,23 Feb 15:00,0,0,44,0,Midfielder,0,0
0,-4,Lappin,0,0,MUN(A) 0-4,Norwich,26728,Simon,0,0,0,28,0,0,0,02 Mar 15:00,0,0,44,0,Midfielder,0,0
0,-1,Lappin,0,0,SOU(H) 0-0,Norwich,26729,Simon,0,0,0,29,0,0,0,09 Mar 15:00,0,0,44,0,Midfielder,0,0
0,-5,Lappin,0,0,SUN(A) 1-1,Norwich,26730,Simon,0,0,0,30,0,0,0,17 Mar 13:30,0,0,44,0,Midfielder,0,0
0,0,Lappin,0,0,WIG(A) 0-1,Norwich,26731,Simon,0,0,0,31,0,0,0,30 Mar 15:00,0,0,44,0,Midfielder,0,0
0,0,Lappin,0,0,SWA(H) 2-2,Norwich,26732,Simon,0,0,0,32,0,0,0,06 Apr 15:00,0,0,44,0,Midfielder,0,0
0,-2,Lappin,0,0,ARS(A) 1-3,Norwich,26733,Simon,0,0,0,33,0,0,0,13 Apr 15:00,0,0,44,0,Midfielder,0,0
0,-1,Lappin,0,0,RDG(H) 2-1,Norwich,26734,Simon,0,0,0,34,0,0,0,20 Apr 15:00,0,0,44,0,Midfielder,0,0
0,0,Lappin,0,0,STK(A) 0-1,Norwich,26735,Simon,0,0,0,35,0,0,0,27 Apr 15:00,0,0,44,0,Midfielder,0,0
0,0,Lappin,0,0,AVL(H) 1-2,Norwich,26736,Simon,0,0,0,36,0,0,0,04 May 15:00,0,0,44,0,Midfielder,0,0
0,0,Lappin,0,0,WBA(H) 4-0,Norwich,26737,Simon,0,0,0,37,0,0,0,12 May 15:00,0,0,44,0,Midfielder,0,0
0,1,Lappin,0,0,MCI(A) 3-2,Norwich,26738,Simon,0,0,0,38,0,0,0,19 May 16:00,0,0,44,0,Midfielder,0,0
0,0,Jackson,0,0,FUL(A) 0-5,Norwich,2741,Simeon,0,0,0,1,0,0,0,18 Aug 15:00,0,0,50,0,Forward,0,0
0,-361,Jackson,1,0,QPR(H) 1-1,Norwich,2742,Simeon,0,86,11,2,0,0,0,25 Aug 15:00,0,0,50,6,Forward,0,1
0,3980,Jackson,1,0,TOT(A) 1-1,Norwich,2743,Simeon,0,72,1,3,0,0,0,01 Sep 15:00,0,0,50,2,Forward,0,0
0,3645,Jackson,0,0,WHU(H) 0-0,Norwich,2744,Simeon,0,62,5,4,0,1,0,15 Sep 12:45,0,0,50,2,Forward,0,0
0,-467,Jackson,0,0,NEW(A) 0-1,Norwich,2745,Simeon,0,9,0,5,0,0,0,23 Sep 15:00,0,0,50,1,Forward,0,0
0,-1307,Jackson,2,0,LIV(H) 2-5,Norwich,2746,Simeon,0,45,5,6,0,0,0,29 Sep 15:00,0,0,50,1,Forward,0,0
0,-1049,Jackson,0,0,CHE(A) 1-4,Norwich,2747,Simeon,0,0,0,7,0,0,0,06 Oct 15:00,0,0,50,0,Forward,0,0
0,-954,Jackson,0,0,ARS(H) 1-0,Norwich,2748,Simeon,0,0,0,8,0,0,0,20 Oct 17:30,0,0,50,0,Forward,0,0
0,-661,Jackson,0,0,AVL(A) 1-1,Norwich,2749,Simeon,0,0,0,9,0,0,0,27 Oct 12:45,0,0,50,0,Forward,0,0
0,-527,Jackson,0,0,STK(H) 1-0,Norwich,27410,Simeon,0,0,0,10,0,0,0,03 Nov 15:00,0,0,50,0,Forward,0,0
0,-355,Jackson,0,0,RDG(A) 0-0,Norwich,27411,Simeon,0,0,0,11,0,0,0,10 Nov 15:00,0,0,50,0,Forward,0,0
0,-464,Jackson,0,0,MUN(H) 1-0,Norwich,27412,Simeon,0,0,0,12,0,0,0,17 Nov 17:30,0,0,50,0,Forward,0,0
0,-381,Jackson,0,0,EVE(A) 1-1,Norwich,27413,Simeon,0,2,0,13,0,0,0,24 Nov 15:00,0,0,50,1,Forward,0,0
0,-149,Jackson,0,0,SOU(A) 1-1,Norwich,27414,Simeon,0,0,0,14,0,0,0,28 Nov 19:45,0,0,49,0,Forward,0,0
0,-168,Jackson,0,0,SUN(H) 2-1,Norwich,27415,Simeon,0,0,0,15,0,0,0,02 Dec 16:00,0,0,49,0,Forward,0,0
0,-271,Jackson,0,0,SWA(A) 4-3,Norwich,27416,Simeon,0,0,0,16,0,0,0,08 Dec 15:00,0,0,48,0,Forward,0,0
0,-99,Jackson,0,0,WIG(H) 2-1,Norwich,27417,Simeon,0,0,0,17,0,0,0,15 Dec 15:00,0,0,48,0,Forward,0,0
0,-115,Jackson,0,0,WBA(A) 1-2,Norwich,27418,Simeon,0,7,-4,18,0,0,0,22 Dec 15:00,0,0,48,1,Forward,0,0
0,-59,Jackson,0,0,CHE(H) 0-1,Norwich,27419,Simeon,0,0,0,19,0,0,0,26 Dec 15:00,0,0,48,0,Forward,0,0
0,-85,Jackson,0,0,MCI(H) 3-4,Norwich,27420,Simeon,0,17,1,20,0,0,0,29 Dec 15:00,0,0,48,1,Forward,0,0
0,-74,Jackson,0,0,WHU(A) 1-2,Norwich,27421,Simeon,0,21,11,21,0,0,1,01 Jan 15:00,0,0,48,4,Forward,0,0
0,-137,Jackson,0,0,NEW(H) 0-0,Norwich,27422,Simeon,0,67,2,22,0,1,0,12 Jan 15:00,0,0,48,2,Forward,0,0
0,-105,Jackson,0,0,LIV(A) 0-5,Norwich,27423,Simeon,0,0,0,23,0,0,0,19 Jan 15:00,0,0,47,0,Forward,0,0
0,-139,Jackson,0,0,TOT(H) 1-1,Norwich,27424,Simeon,0,0,0,24,0,0,0,30 Jan 19:45,0,0,47,0,Forward,0,0
0,-86,Jackson,0,0,QPR(A) 0-0,Norwich,27425,Simeon,0,0,0,25,0,0,0,02 Feb 12:45,0,0,47,0,Forward,0,0
0,-8,Jackson,0,0,FUL(H) 0-0,Norwich,27426,Simeon,0,15,1,26,0,0,0,09 Feb 15:00,0,0,47,1,Forward,0,0
0,-39,Jackson,0,0,EVE(H) 2-1,Norwich,27427,Simeon,0,0,0,27,0,0,0,23 Feb 15:00,0,0,47,0,Forward,0,0
0,-9,Jackson,0,0,MUN(A) 0-4,Norwich,27428,Simeon,0,0,0,28,0,0,0,02 Mar 15:00,0,0,47,0,Forward,0,0
0,26,Jackson,0,0,SOU(H) 0-0,Norwich,27429,Simeon,0,0,0,29,0,0,0,09 Mar 15:00,0,0,47,0,Forward,0,0
0,-15,Jackson,0,0,SUN(A) 1-1,Norwich,27430,Simeon,0,0,0,30,0,0,0,17 Mar 13:30,0,0,47,0,Forward,0,0
0,-37,Jackson,0,0,WIG(A) 0-1,Norwich,27431,Simeon,0,0,0,31,0,0,0,30 Mar 15:00,0,0,47,0,Forward,0,0
0,-36,Jackson,0,0,SWA(H) 2-2,Norwich,27432,Simeon,0,0,0,32,0,0,0,06 Apr 15:00,0,0,47,0,Forward,0,0
0,-34,Jackson,0,0,ARS(A) 1-3,Norwich,27433,Simeon,0,1,0,33,0,0,0,13 Apr 15:00,0,0,47,1,Forward,0,0
0,-7,Jackson,0,0,RDG(H) 2-1,Norwich,27434,Simeon,0,0,0,34,0,0,0,20 Apr 15:00,0,0,47,0,Forward,0,0
0,1,Jackson,0,0,STK(A) 0-1,Norwich,27435,Simeon,0,0,0,35,0,0,0,27 Apr 15:00,0,0,47,0,Forward,0,0
0,1,Jackson,0,0,AVL(H) 1-2,Norwich,27436,Simeon,0,1,0,36,0,0,0,04 May 15:00,0,0,47,1,Forward,0,0
0,8,Jackson,0,0,WBA(H) 4-0,Norwich,27437,Simeon,0,0,0,37,0,0,0,12 May 15:00,0,0,47,0,Forward,0,0
0,20,Jackson,0,0,MCI(A) 3-2,Norwich,27438,Simeon,0,0,0,38,0,0,0,19 May 16:00,0,0,47,0,Forward,0,0
0,0,Morison,3,0,FUL(A) 0-5,Norwich,2761,Steve,0,45,3,1,0,0,0,18 Aug 15:00,0,0,55,1,Forward,0,0
0,-6692,Morison,0,0,QPR(H) 1-1,Norwich,2762,Steve,0,4,0,2,0,0,0,25 Aug 15:00,0,0,55,1,Forward,0,0
0,-8307,Morison,0,0,TOT(A) 1-1,Norwich,2763,Steve,0,18,1,3,0,0,0,01 Sep 15:00,0,0,54,1,Forward,0,0
0,-5421,Morison,0,0,WHU(H) 0-0,Norwich,2764,Steve,0,28,2,4,0,0,0,15 Sep 12:45,0,0,53,1,Forward,0,0
0,-3247,Morison,1,0,NEW(A) 0-1,Norwich,2765,Steve,0,69,3,5,0,0,0,23 Sep 15:00,0,0,52,2,Forward,0,0
0,-2436,Morison,5,0,LIV(H) 2-5,Norwich,2766,Steve,0,78,21,6,0,0,0,29 Sep 15:00,0,0,51,6,Forward,0,1
0,-1108,Morison,0,0,CHE(A) 1-4,Norwich,2767,Steve,0,14,1,7,0,0,0,06 Oct 15:00,0,0,51,1,Forward,0,0
0,-1064,Morison,0,0,ARS(H) 1-0,Norwich,2768,Steve,0,1,0,8,0,0,0,20 Oct 17:30,0,0,51,1,Forward,0,0
0,-840,Morison,0,0,AVL(A) 1-1,Norwich,2769,Steve,0,21,5,9,0,0,0,27 Oct 12:45,0,0,50,1,Forward,0,0
0,-685,Morison,0,0,STK(H) 1-0,Norwich,27610,Steve,0,4,1,10,0,0,0,03 Nov 15:00,0,0,50,1,Forward,0,0
0,-434,Morison,0,0,RDG(A) 0-0,Norwich,27611,Steve,0,6,1,11,0,0,0,10 Nov 15:00,0,0,50,1,Forward,0,0
0,-690,Morison,0,0,MUN(H) 1-0,Norwich,27612,Steve,0,8,3,12,0,0,0,17 Nov 17:30,0,0,50,1,Forward,0,0
0,-648,Morison,0,0,EVE(A) 1-1,Norwich,27613,Steve,0,16,1,13,0,0,0,24 Nov 15:00,0,0,49,1,Forward,0,0
0,-268,Morison,0,0,SOU(A) 1-1,Norwich,27614,Steve,0,10,-4,14,0,0,0,28 Nov 19:45,0,0,49,1,Forward,0,0
0,-170,Morison,0,0,SUN(H) 2-1,Norwich,27615,Steve,0,0,0,15,0,0,0,02 Dec 16:00,0,0,49,0,Forward,0,0
0,-633,Morison,1,0,SWA(A) 4-3,Norwich,27616,Steve,0,9,2,16,0,0,0,08 Dec 15:00,0,0,49,1,Forward,0,0
0,-171,Morison,0,0,WIG(H) 2-1,Norwich,27617,Steve,0,1,0,17,0,0,0,15 Dec 15:00,0,0,49,1,Forward,0,0
0,-167,Morison,2,0,WBA(A) 1-2,Norwich,27618,Steve,0,90,-3,18,0,0,0,22 Dec 15:00,0,0,49,2,Forward,0,0
0,-70,Morison,0,0,CHE(H) 0-1,Norwich,27619,Steve,0,13,0,19,0,0,0,26 Dec 15:00,0,0,49,1,Forward,0,0
0,-259,Morison,2,0,MCI(H) 3-4,Norwich,27620,Steve,0,44,2,20,0,0,0,29 Dec 15:00,0,0,49,1,Forward,0,0
0,-405,Morison,0,0,WHU(A) 1-2,Norwich,27621,Steve,0,0,0,21,0,0,0,01 Jan 15:00,0,0,49,0,Forward,0,0
0,-1280,Morison,0,0,NEW(H) 0-0,Norwich,27622,Steve,0,0,0,22,0,0,0,12 Jan 15:00,0,0,49,0,Forward,0,0
0,-534,Morison,0,0,LIV(A) 0-5,Norwich,27623,Steve,0,0,0,23,0,0,0,19 Jan 15:00,0,0,49,0,Forward,0,0
0,-476,Morison,0,0,TOT(H) 1-1,Norwich,27624,Steve,0,0,0,24,0,0,0,30 Jan 19:45,0,0,49,0,Forward,0,0
0,-336,Morison,0,0,QPR(A) 0-0,Norwich,27625,Steve,0,0,0,25,0,0,0,02 Feb 12:45,0,0,49,0,Forward,0,0
0,-310,Morison,0,0,FUL(H) 0-0,Norwich,27626,Steve,0,0,0,26,0,0,0,09 Feb 15:00,0,0,49,0,Forward,0,0
0,-299,Morison,0,0,EVE(H) 2-1,Norwich,27627,Steve,0,0,0,27,0,0,0,23 Feb 15:00,0,0,49,0,Forward,0,0
0,-126,Morison,0,0,MUN(A) 0-4,Norwich,27628,Steve,0,0,0,28,0,0,0,02 Mar 15:00,0,0,49,0,Forward,0,0
0,-107,Morison,0,0,SOU(H) 0-0,Norwich,27629,Steve,0,0,0,29,0,0,0,09 Mar 15:00,0,0,49,0,Forward,0,0
0,-81,Morison,0,0,SUN(A) 1-1,Norwich,27630,Steve,0,0,0,30,0,0,0,17 Mar 13:30,0,0,49,0,Forward,0,0
0,-116,Morison,0,0,WIG(A) 0-1,Norwich,27631,Steve,0,0,0,31,0,0,0,30 Mar 15:00,0,0,49,0,Forward,0,0
0,-67,Morison,0,0,SWA(H) 2-2,Norwich,27632,Steve,0,0,0,32,0,0,0,06 Apr 15:00,0,0,49,0,Forward,0,0
0,-51,Morison,0,0,ARS(A) 1-3,Norwich,27633,Steve,0,0,0,33,0,0,0,13 Apr 15:00,0,0,49,0,Forward,0,0
0,-49,Morison,0,0,RDG(H) 2-1,Norwich,27634,Steve,0,0,0,34,0,0,0,20 Apr 15:00,0,0,49,0,Forward,0,0
0,-33,Morison,0,0,STK(A) 0-1,Norwich,27635,Steve,0,0,0,35,0,0,0,27 Apr 15:00,0,0,49,0,Forward,0,0
0,-39,Morison,0,0,AVL(H) 1-2,Norwich,27636,Steve,0,0,0,36,0,0,0,04 May 15:00,0,0,49,0,Forward,0,0
0,-26,Morison,0,0,WBA(H) 4-0,Norwich,27637,Steve,0,0,0,37,0,0,0,12 May 15:00,0,0,49,0,Forward,0,0
0,-24,Morison,0,0,MCI(A) 3-2,Norwich,27638,Steve,0,0,0,38,0,0,0,19 May 16:00,0,0,49,0,Forward,0,0
0,0,Wright-Phillips,2,0,SWA(H) 0-5,QPR,2891,Shaun,0,27,-7,1,0,0,0,18 Aug 15:00,0,0,55,1,Midfielder,0,0
0,-7115,Wright-Phillips,0,0,NOR(A) 1-1,QPR,2892,Shaun,0,0,0,2,0,0,0,25 Aug 15:00,0,0,55,0,Midfielder,0,0
0,-10089,Wright-Phillips,3,0,MCI(A) 1-3,QPR,2893,Shaun,0,90,0,3,0,0,0,01 Sep 17:30,0,0,53,2,Midfielder,0,0
0,-4356,Wright-Phillips,0,0,CHE(H) 0-0,QPR,2894,Shaun,0,68,1,4,0,1,0,15 Sep 15:00,0,0,53,3,Midfielder,0,0
0,-1698,Wright-Phillips,2,0,TOT(A) 1-2,QPR,2895,Shaun,0,76,4,5,0,0,0,23 Sep 16:00,0,0,52,2,Midfielder,0,0
0,-1282,Wright-Phillips,2,0,WHU(H) 1-2,QPR,2896,Shaun,0,55,2,6,0,0,0,01 Oct 20:00,0,0,52,1,Midfielder,0,0
0,-1554,Wright-Phillips,2,0,WBA(A) 2-3,QPR,2897,Shaun,0,57,-5,7,0,0,0,06 Oct 15:00,0,0,52,1,Midfielder,0,0
0,-1653,Wright-Phillips,0,0,EVE(H) 1-1,QPR,2898,Shaun,0,0,0,8,0,0,0,21 Oct 16:00,0,0,51,0,Midfielder,0,0
0,-1270,Wright-Phillips,0,0,ARS(A) 0-1,QPR,2899,Shaun,0,78,3,9,0,1,0,27 Oct 15:00,0,0,51,3,Midfielder,0,0
0,-583,Wright-Phillips,0,0,RDG(H) 1-1,QPR,28910,Shaun,0,0,0,10,0,0,0,04 Nov 13:30,0,0,51,0,Midfielder,0,0
0,-864,Wright-Phillips,0,0,STK(A) 0-1,QPR,28911,Shaun,0,0,0,11,0,0,0,10 Nov 15:00,0,0,50,0,Midfielder,0,0
0,-876,Wright-Phillips,0,0,SOU(H) 1-3,QPR,28912,Shaun,0,0,0,12,0,0,0,17 Nov 15:00,0,0,50,0,Midfielder,0,0
0,-884,Wright-Phillips,0,0,MUN(A) 1-3,QPR,28913,Shaun,0,0,0,13,0,0,0,24 Nov 15:00,0,0,50,0,Midfielder,0,0
0,-365,Wright-Phillips,0,0,SUN(A) 0-0,QPR,28914,Shaun,0,14,6,14,0,0,0,27 Nov 19:45,0,0,50,1,Midfielder,0,0
0,-258,Wright-Phillips,1,0,AVL(H) 1-1,QPR,28915,Shaun,0,90,-1,15,0,0,0,01 Dec 15:00,0,0,49,2,Midfielder,0,0
0,133,Wright-Phillips,2,0,WIG(A) 2-2,QPR,28916,Shaun,0,90,8,16,0,0,1,08 Dec 15:00,0,0,49,5,Midfielder,0,0
0,1031,Wright-Phillips,0,0,FUL(H) 2-1,QPR,28917,Shaun,0,85,14,17,0,1,0,15 Dec 15:00,0,0,49,3,Midfielder,0,0
0,59,Wright-Phillips,1,0,NEW(A) 0-1,QPR,28918,Shaun,0,35,1,18,0,0,0,22 Dec 15:00,0,0,49,1,Midfielder,0,0
0,-254,Wright-Phillips,2,0,WBA(H) 1-2,QPR,28919,Shaun,0,90,5,19,0,0,0,26 Dec 15:00,0,0,49,2,Midfielder,0,0
0,-431,Wright-Phillips,3,0,LIV(H) 0-3,QPR,28920,Shaun,0,79,3,20,0,0,0,30 Dec 16:00,0,0,49,2,Midfielder,0,0
0,-458,Wright-Phillips,0,0,CHE(A) 1-0,QPR,28921,Shaun,0,76,17,21,0,1,0,02 Jan 19:45,0,0,49,8,Midfielder,0,1
0,719,Wright-Phillips,0,0,TOT(H) 0-0,QPR,28922,Shaun,0,90,-6,22,0,1,0,12 Jan 12:45,0,0,49,3,Midfielder,0,0
0,1674,Wright-Phillips,0,0,WHU(A) 1-1,QPR,28923,Shaun,0,57,-1,23,0,0,0,19 Jan 15:00,0,0,49,1,Midfielder,0,0
0,-311,Wright-Phillips,0,0,MCI(H) 0-0,QPR,28924,Shaun,0,0,0,24,0,0,0,29 Jan 19:45,0,0,49,0,Midfielder,0,0
0,-603,Wright-Phillips,0,0,NOR(H) 0-0,QPR,28925,Shaun,0,53,1,25,0,0,0,02 Feb 12:45,0,0,49,1,Midfielder,0,0
0,-548,Wright-Phillips,0,0,SWA(A) 1-4,QPR,28926,Shaun,0,23,-2,26,0,0,0,09 Feb 15:00,0,0,49,1,Midfielder,0,0
0,-584,Wright-Phillips,0,0,MUN(H) 0-2,QPR,28927,Shaun,0,0,0,27,0,0,0,23 Feb 15:00,0,0,49,0,Midfielder,0,0
0,-486,Wright-Phillips,0,0,SOU(A) 2-1,QPR,28928,Shaun,0,0,0,28,0,0,0,02 Mar 15:00,0,0,49,0,Midfielder,0,0
0,-186,Wright-Phillips,0,0,SUN(H) 3-1,QPR,28929,Shaun,0,13,3,29,0,0,0,09 Mar 15:00,0,0,49,1,Midfielder,0,0
0,-168,Wright-Phillips,0,0,AVL(A) 2-3,QPR,28930,Shaun,0,0,0,30,0,0,0,16 Mar 15:00,0,0,49,0,Midfielder,0,0
0,-232,Wright-Phillips,0,0,FUL(A) 2-3,QPR,28931,Shaun,0,0,0,31,0,0,0,01 Apr 20:00,0,0,48,0,Midfielder,0,0
0,-446,Wright-Phillips,0,0,WIG(H) 1-1,QPR,28932,Shaun,0,0,0,32,0,0,0,07 Apr 16:10,0,0,48,0,Midfielder,0,0
0,-520,Wright-Phillips,0,0,EVE(A) 0-2,QPR,28933,Shaun,0,0,0,33,0,0,0,13 Apr 15:00,0,0,48,0,Midfielder,0,0
0,-295,Wright-Phillips,0,0,STK(H) 0-2,QPR,28934,Shaun,0,0,0,34,0,0,0,20 Apr 15:00,0,0,48,0,Midfielder,0,0
0,-316,Wright-Phillips,0,0,RDG(A) 0-0,QPR,28935,Shaun,0,0,0,35,0,0,0,28 Apr 13:30,0,0,48,0,Midfielder,0,0
0,-223,Wright-Phillips,0,0,ARS(H) 0-1,QPR,28936,Shaun,0,0,0,36,0,0,0,04 May 17:30,0,0,48,0,Midfielder,0,0
0,-90,Wright-Phillips,0,0,NEW(H) 1-2,QPR,28937,Shaun,0,0,0,37,0,0,0,12 May 15:00,0,0,48,0,Midfielder,0,0
0,-95,Wright-Phillips,0,0,LIV(A) 0-1,QPR,28938,Shaun,0,0,0,38,0,0,0,19 May 16:00,0,0,48,0,Midfielder,0,0
0,0,Derry,0,0,SWA(H) 0-5,QPR,2911,Shaun,0,5,1,1,0,0,0,18 Aug 15:00,0,0,45,1,Midfielder,0,0
0,-1877,Derry,0,0,NOR(A) 1-1,QPR,2912,Shaun,0,5,0,2,0,0,0,25 Aug 15:00,0,0,45,1,Midfielder,0,0
0,-1113,Derry,0,0,MCI(A) 1-3,QPR,2913,Shaun,0,0,0,3,0,0,0,01 Sep 17:30,0,0,44,0,Midfielder,0,0
0,-1190,Derry,0,0,CHE(H) 0-0,QPR,2914,Shaun,0,0,0,4,0,0,0,15 Sep 15:00,0,0,44,0,Midfielder,0,0
0,-947,Derry,0,0,TOT(A) 1-2,QPR,2915,Shaun,0,0,0,5,0,0,0,23 Sep 16:00,0,0,44,0,Midfielder,0,0
0,-701,Derry,0,0,WHU(H) 1-2,QPR,2916,Shaun,0,0,0,6,0,0,0,01 Oct 20:00,0,0,43,0,Midfielder,0,0
0,-410,Derry,0,0,WBA(A) 2-3,QPR,2917,Shaun,0,0,0,7,0,0,0,06 Oct 15:00,0,0,43,0,Midfielder,0,0
0,-438,Derry,0,0,EVE(H) 1-1,QPR,2918,Shaun,0,0,0,8,0,0,0,21 Oct 16:00,0,0,43,0,Midfielder,0,0
0,-322,Derry,0,0,ARS(A) 0-1,QPR,2919,Shaun,0,0,0,9,0,0,0,27 Oct 15:00,0,0,43,0,Midfielder,0,0
0,66,Derry,0,0,RDG(H) 1-1,QPR,29110,Shaun,0,0,0,10,0,0,0,04 Nov 13:30,0,0,42,0,Midfielder,0,0
0,454,Derry,0,0,STK(A) 0-1,QPR,29111,Shaun,0,0,0,11,0,0,0,10 Nov 15:00,0,0,42,0,Midfielder,0,0
0,250,Derry,1,0,SOU(H) 1-3,QPR,29112,Shaun,0,20,1,12,0,0,0,17 Nov 15:00,0,0,42,1,Midfielder,0,0
0,117,Derry,3,0,MUN(A) 1-3,QPR,29113,Shaun,0,90,4,13,0,0,0,24 Nov 15:00,0,0,42,2,Midfielder,0,0
0,441,Derry,0,0,SUN(A) 0-0,QPR,29114,Shaun,0,0,0,14,0,0,0,27 Nov 19:45,0,0,42,0,Midfielder,0,0
1,68,Derry,0,0,AVL(H) 1-1,QPR,29115,Shaun,0,52,4,15,0,0,0,01 Dec 15:00,0,0,42,0,Midfielder,0,0
0,-247,Derry,2,0,WIG(A) 2-2,QPR,29116,Shaun,0,90,11,16,0,0,0,08 Dec 15:00,0,0,42,2,Midfielder,0,0
0,6,Derry,0,0,FUL(H) 2-1,QPR,29117,Shaun,0,0,0,17,0,0,0,15 Dec 15:00,0,0,42,0,Midfielder,0,0
0,-66,Derry,1,0,NEW(A) 0-1,QPR,29118,Shaun,0,13,1,18,0,0,0,22 Dec 15:00,0,0,42,1,Midfielder,0,0
0,-154,Derry,0,0,WBA(H) 1-2,QPR,29119,Shaun,0,0,0,19,0,0,0,26 Dec 15:00,0,0,42,0,Midfielder,0,0
0,-310,Derry,0,0,LIV(H) 0-3,QPR,29120,Shaun,0,45,2,20,0,0,0,30 Dec 16:00,0,0,42,1,Midfielder,0,0
0,-191,Derry,0,0,CHE(A) 1-0,QPR,29121,Shaun,0,90,18,21,0,1,0,02 Jan 19:45,0,0,42,3,Midfielder,0,0
0,-168,Derry,0,0,TOT(H) 0-0,QPR,29122,Shaun,0,90,7,22,0,1,0,12 Jan 12:45,0,0,42,3,Midfielder,0,0
0,119,Derry,1,0,WHU(A) 1-1,QPR,29123,Shaun,0,90,6,23,0,0,0,19 Jan 15:00,0,0,42,2,Midfielder,0,0
0,169,Derry,0,0,MCI(H) 0-0,QPR,29124,Shaun,0,90,15,24,2,1,0,29 Jan 19:45,0,0,42,5,Midfielder,0,0
0,1467,Derry,0,0,NOR(H) 0-0,QPR,29125,Shaun,0,90,8,25,0,1,0,02 Feb 12:45,0,0,42,3,Midfielder,0,0
0,1370,Derry,2,0,SWA(A) 1-4,QPR,29126,Shaun,0,45,2,26,0,0,0,09 Feb 15:00,0,0,42,1,Midfielder,0,0
0,140,Derry,0,0,MUN(H) 0-2,QPR,29127,Shaun,0,0,0,27,0,0,0,23 Feb 15:00,0,0,42,0,Midfielder,0,0
0,-238,Derry,0,0,SOU(A) 2-1,QPR,29128,Shaun,0,0,0,28,0,0,0,02 Mar 15:00,0,0,42,0,Midfielder,0,0
0,-703,Derry,0,0,SUN(H) 3-1,QPR,29129,Shaun,0,0,0,29,0,0,0,09 Mar 15:00,0,0,42,0,Midfielder,0,0
0,-393,Derry,0,0,AVL(A) 2-3,QPR,29130,Shaun,0,0,0,30,0,0,0,16 Mar 15:00,0,0,42,0,Midfielder,0,0
0,-435,Derry,0,0,FUL(A) 2-3,QPR,29131,Shaun,0,0,0,31,0,0,0,01 Apr 20:00,0,0,42,0,Midfielder,0,0
0,-218,Derry,0,0,WIG(H) 1-1,QPR,29132,Shaun,0,0,0,32,0,0,0,07 Apr 16:10,0,0,42,0,Midfielder,0,0
0,-273,Derry,0,0,EVE(A) 0-2,QPR,29133,Shaun,0,0,0,33,0,0,0,13 Apr 15:00,0,0,42,0,Midfielder,0,0
0,-128,Derry,2,0,STK(H) 0-2,QPR,29134,Shaun,0,90,-1,34,0,0,0,20 Apr 15:00,0,0,42,2,Midfielder,0,0
0,-146,Derry,0,0,RDG(A) 0-0,QPR,29135,Shaun,0,0,0,35,0,0,0,28 Apr 13:30,0,0,42,0,Midfielder,0,0
1,-185,Derry,0,0,ARS(H) 0-1,QPR,29136,Shaun,0,45,3,36,0,0,0,04 May 17:30,0,0,42,0,Midfielder,0,0
0,-62,Derry,0,0,NEW(H) 1-2,QPR,29137,Shaun,0,45,2,37,0,0,0,12 May 15:00,0,0,42,1,Midfielder,0,0
1,-67,Derry,1,0,LIV(A) 0-1,QPR,29138,Shaun,0,90,6,38,0,0,0,19 May 16:00,0,0,42,1,Midfielder,0,0
1,0,Diakite,5,0,SWA(H) 0-5,QPR,2971,Samba,0,85,-1,1,0,0,0,18 Aug 15:00,0,0,45,1,Midfielder,0,0
0,-394,Diakite,1,0,NOR(A) 1-1,QPR,2972,Samba,0,85,7,2,0,0,0,25 Aug 15:00,0,0,45,2,Midfielder,0,0
0,-1097,Diakite,0,0,MCI(A) 1-3,QPR,2973,Samba,0,0,0,3,0,0,0,01 Sep 17:30,0,0,45,0,Midfielder,0,0
0,-1045,Diakite,0,0,CHE(H) 0-0,QPR,2974,Samba,0,0,0,4,0,0,0,15 Sep 15:00,0,0,44,0,Midfielder,0,0
0,-464,Diakite,0,0,TOT(A) 1-2,QPR,2975,Samba,0,0,0,5,0,0,0,23 Sep 16:00,0,0,44,0,Midfielder,0,0
0,-235,Diakite,0,0,WHU(H) 1-2,QPR,2976,Samba,0,20,-5,6,0,0,0,01 Oct 20:00,0,0,44,-2,Midfielder,1,0
0,-210,Diakite,0,0,WBA(A) 2-3,QPR,2977,Samba,0,0,0,7,0,0,0,06 Oct 15:00,0,0,44,0,Midfielder,0,0
1,-83,Diakite,1,0,EVE(H) 1-1,QPR,2978,Samba,0,90,8,8,0,0,0,21 Oct 16:00,0,0,44,1,Midfielder,0,0
0,-7,Diakite,1,0,ARS(A) 0-1,QPR,2979,Samba,0,90,6,9,0,0,0,27 Oct 15:00,0,0,44,2,Midfielder,0,0
0,52,Diakite,1,0,RDG(H) 1-1,QPR,29710,Samba,0,90,5,10,0,0,0,04 Nov 13:30,0,0,44,2,Midfielder,0,0
1,63,Diakite,1,0,STK(A) 0-1,QPR,29711,Samba,0,90,4,11,0,0,0,10 Nov 15:00,0,0,44,1,Midfielder,0,0
0,31,Diakite,2,0,SOU(H) 1-3,QPR,29712,Samba,0,70,7,12,0,0,0,17 Nov 15:00,0,0,44,2,Midfielder,0,0
0,-45,Diakite,0,0,MUN(A) 1-3,QPR,29713,Samba,0,0,0,13,0,0,0,24 Nov 15:00,0,0,44,0,Midfielder,0,0
1,-42,Diakite,0,0,SUN(A) 0-0,QPR,29714,Samba,0,64,9,14,0,1,0,27 Nov 19:45,0,0,44,2,Midfielder,0,0
0,106,Diakite,1,0,AVL(H) 1-1,QPR,29715,Samba,0,68,15,15,0,0,1,01 Dec 15:00,0,0,44,5,Midfielder,0,0
0,-55,Diakite,2,0,WIG(A) 2-2,QPR,29716,Samba,0,76,10,16,0,0,0,08 Dec 15:00,0,0,44,2,Midfielder,0,0
0,213,Diakite,0,0,FUL(H) 2-1,QPR,29717,Samba,0,0,0,17,0,0,0,15 Dec 15:00,0,0,44,0,Midfielder,0,0
0,-62,Diakite,0,0,NEW(A) 0-1,QPR,29718,Samba,0,0,0,18,0,0,0,22 Dec 15:00,0,0,44,0,Midfielder,0,0
0,-69,Diakite,0,0,WBA(H) 1-2,QPR,29719,Samba,0,27,-3,19,0,0,0,26 Dec 15:00,0,0,44,1,Midfielder,0,0
0,-83,Diakite,3,0,LIV(H) 0-3,QPR,29720,Samba,0,62,0,20,0,0,0,30 Dec 16:00,0,0,44,2,Midfielder,0,0
0,-30,Diakite,0,0,CHE(A) 1-0,QPR,29721,Samba,0,0,0,21,0,0,0,02 Jan 19:45,0,0,44,0,Midfielder,0,0
0,-214,Diakite,0,0,TOT(H) 0-0,QPR,29722,Samba,0,0,0,22,0,0,0,12 Jan 12:45,0,0,44,0,Midfielder,0,0
0,-213,Diakite,0,0,WHU(A) 1-1,QPR,29723,Samba,0,0,0,23,0,0,0,19 Jan 15:00,0,0,44,0,Midfielder,0,0
0,-166,Diakite,0,0,MCI(H) 0-0,QPR,29724,Samba,0,0,0,24,0,0,0,29 Jan 19:45,0,0,44,0,Midfielder,0,0
0,-87,Diakite,0,0,NOR(H) 0-0,QPR,29725,Samba,0,0,0,25,0,0,0,02 Feb 12:45,0,0,44,0,Midfielder,0,0
0,-70,Diakite,0,0,SWA(A) 1-4,QPR,29726,Samba,0,0,0,26,0,0,0,09 Feb 15:00,0,0,44,0,Midfielder,0,0
0,-21,Diakite,0,0,MUN(H) 0-2,QPR,29727,Samba,0,0,0,27,0,0,0,23 Feb 15:00,0,0,44,0,Midfielder,0,0
0,-2,Diakite,0,0,SOU(A) 2-1,QPR,29728,Samba,0,0,0,28,0,0,0,02 Mar 15:00,0,0,44,0,Midfielder,0,0
0,31,Diakite,0,0,SUN(H) 3-1,QPR,29729,Samba,0,0,0,29,0,0,0,09 Mar 15:00,0,0,44,0,Midfielder,0,0
0,4,Diakite,0,0,AVL(A) 2-3,QPR,29730,Samba,0,0,0,30,0,0,0,16 Mar 15:00,0,0,44,0,Midfielder,0,0
0,-21,Diakite,0,0,FUL(A) 2-3,QPR,29731,Samba,0,0,0,31,0,0,0,01 Apr 20:00,0,0,44,0,Midfielder,0,0
0,-19,Diakite,0,0,WIG(H) 1-1,QPR,29732,Samba,0,0,0,32,0,0,0,07 Apr 16:10,0,0,44,0,Midfielder,0,0
0,-8,Diakite,0,0,EVE(A) 0-2,QPR,29733,Samba,0,17,1,33,0,0,0,13 Apr 15:00,0,0,44,1,Midfielder,0,0
0,10,Diakite,0,0,STK(H) 0-2,QPR,29734,Samba,0,0,0,34,0,0,0,20 Apr 15:00,0,0,44,0,Midfielder,0,0
0,5,Diakite,0,0,RDG(A) 0-0,QPR,29735,Samba,0,0,0,35,0,0,0,28 Apr 13:30,0,0,44,0,Midfielder,0,0
0,-7,Diakite,0,0,ARS(H) 0-1,QPR,29736,Samba,0,0,0,36,0,0,0,04 May 17:30,0,0,44,0,Midfielder,0,0
0,-3,Diakite,0,0,NEW(H) 1-2,QPR,29737,Samba,0,0,0,37,0,0,0,12 May 15:00,0,0,44,0,Midfielder,0,0
0,3,Diakite,0,0,LIV(A) 0-1,QPR,29738,Samba,0,0,0,38,0,0,0,19 May 16:00,0,0,44,0,Midfielder,0,0
0,0,Cummings,0,0,CHE(A) 2-4,Reading,3141,Shaun,0,0,0,1,0,0,0,22 Aug 19:45,0,0,40,0,Defender,0,0
0,1089,Cummings,0,0,TOT(H) 1-3,Reading,3144,Shaun,0,0,0,4,0,0,0,16 Sep 16:00,0,0,39,0,Defender,0,0
0,-304,Cummings,0,0,WBA(A) 0-1,Reading,3145,Shaun,0,0,0,5,0,0,0,22 Sep 15:00,0,0,39,0,Defender,0,0
0,-277,Cummings,2,0,NEW(H) 2-2,Reading,3146,Shaun,0,90,9,6,0,0,0,29 Sep 15:00,0,0,39,1,Defender,0,0
0,115,Cummings,2,0,SWA(A) 2-2,Reading,3147,Shaun,0,90,10,7,0,0,0,06 Oct 15:00,0,0,39,1,Defender,0,0
0,186,Cummings,1,0,LIV(A) 0-1,Reading,3148,Shaun,0,90,10,8,0,0,0,20 Oct 15:00,0,0,39,2,Defender,0,0
1,185,Cummings,3,0,FUL(H) 3-3,Reading,3149,Shaun,0,90,13,9,0,0,0,27 Oct 15:00,0,0,39,0,Defender,0,0
0,53,Cummings,0,0,QPR(A) 1-1,Reading,31410,Shaun,0,0,0,10,0,0,0,04 Nov 13:30,0,0,39,0,Defender,0,0
0,-118,Cummings,0,0,NOR(H) 0-0,Reading,31411,Shaun,0,0,0,11,0,0,0,10 Nov 15:00,0,0,39,0,Defender,0,0
0,-135,Cummings,0,0,EVE(H) 2-1,Reading,31412,Shaun,0,0,0,12,0,0,0,17 Nov 15:00,0,0,39,0,Defender,0,0
0,-167,Cummings,0,0,WIG(A) 2-3,Reading,31413,Shaun,0,0,0,13,0,0,0,24 Nov 15:00,0,0,39,0,Defender,0,0
0,-148,Cummings,1,0,AVL(A) 0-1,Reading,31414,Shaun,0,90,6,14,0,0,0,27 Nov 20:00,0,0,39,2,Defender,0,0
0,-72,Cummings,4,0,MUN(H) 3-4,Reading,31415,Shaun,0,90,4,15,0,0,0,01 Dec 17:30,0,0,39,0,Defender,0,0
0,-65,Cummings,3,0,SUN(A) 0-3,Reading,31416,Shaun,0,90,8,16,0,0,0,11 Dec 19:45,0,0,39,1,Defender,0,0
0,-60,Cummings,5,0,ARS(H) 2-5,Reading,31417,Shaun,0,90,12,17,0,0,0,17 Dec 20:00,0,0,39,0,Defender,0,0
0,-44,Cummings,0,0,MCI(A) 0-1,Reading,31418,Shaun,0,0,0,18,0,0,0,22 Dec 15:00,0,0,39,0,Defender,0,0
0,-99,Cummings,0,0,SWA(H) 0-0,Reading,31419,Shaun,0,0,0,19,0,0,0,26 Dec 15:00,0,0,39,0,Defender,0,0
0,-181,Cummings,0,0,WHU(H) 1-0,Reading,31420,Shaun,0,0,0,20,0,0,0,29 Dec 15:00,0,0,39,0,Defender,0,0
0,-115,Cummings,0,0,TOT(A) 1-3,Reading,31421,Shaun,0,0,0,21,0,0,0,01 Jan 15:00,0,0,39,0,Defender,0,0
0,-563,Cummings,0,0,WBA(H) 3-2,Reading,31422,Shaun,0,0,0,22,0,0,0,12 Jan 15:00,0,0,39,0,Defender,0,0
0,206,Cummings,0,0,NEW(A) 2-1,Reading,31423,Shaun,0,0,0,23,0,0,0,19 Jan 15:00,0,0,38,0,Defender,0,0
0,330,Cummings,0,0,CHE(H) 2-2,Reading,31424,Shaun,0,0,0,24,0,0,0,30 Jan 20:00,0,0,38,0,Defender,0,0
0,141,Cummings,0,0,SUN(H) 2-1,Reading,31425,Shaun,0,0,0,25,0,0,0,02 Feb 15:00,0,0,38,0,Defender,0,0
0,131,Cummings,0,0,STK(A) 1-2,Reading,31426,Shaun,0,0,0,26,0,0,0,09 Feb 15:00,0,0,38,0,Defender,0,0
0,114,Cummings,0,0,WIG(H) 0-3,Reading,31427,Shaun,0,0,0,27,0,0,0,23 Feb 15:00,0,0,38,0,Defender,0,0
0,76,Cummings,0,0,EVE(A) 1-3,Reading,31428,Shaun,0,0,0,28,0,0,0,02 Mar 15:00,0,0,38,0,Defender,0,0
0,-38,Cummings,0,0,AVL(H) 1-2,Reading,31429,Shaun,0,0,0,29,0,0,0,09 Mar 15:00,0,0,38,0,Defender,0,0
0,39,Cummings,0,0,MUN(A) 0-1,Reading,31430,Shaun,0,0,0,30,0,0,0,16 Mar 17:30,0,0,38,0,Defender,0,0
0,-5,Cummings,0,0,ARS(A) 1-4,Reading,31431,Shaun,0,0,0,31,0,0,0,30 Mar 15:00,0,0,38,0,Defender,0,0
0,20,Cummings,0,0,SOU(H) 0-2,Reading,31432,Shaun,0,0,0,32,0,0,0,06 Apr 12:45,0,0,38,0,Defender,0,0
0,53,Cummings,0,0,LIV(H) 0-0,Reading,31433,Shaun,0,0,0,33,0,0,0,13 Apr 15:00,0,0,38,0,Defender,0,0
0,41,Cummings,0,0,NOR(A) 1-2,Reading,31434,Shaun,0,0,0,34,0,0,0,20 Apr 15:00,0,0,38,0,Defender,0,0
0,-20,Cummings,0,0,QPR(H) 0-0,Reading,31435,Shaun,0,0,0,35,0,0,0,28 Apr 13:30,0,0,38,0,Defender,0,0
0,5,Cummings,0,0,FUL(A) 4-2,Reading,31436,Shaun,0,0,0,36,0,0,0,04 May 15:00,0,0,38,0,Defender,0,0
0,-18,Cummings,0,0,MCI(H) 0-2,Reading,31437,Shaun,0,0,0,37,0,0,0,14 May 20:00,0,0,38,0,Defender,0,0
0,-4,Cummings,0,0,WHU(A) 2-4,Reading,31438,Shaun,0,0,0,38,0,0,0,19 May 16:00,0,0,38,0,Defender,0,0
0,0,Church,0,0,CHE(A) 2-4,Reading,3291,Simon,0,0,0,1,0,0,0,22 Aug 19:45,0,0,45,0,Forward,0,0
0,904,Church,0,0,TOT(H) 1-3,Reading,3294,Simon,0,0,0,4,0,0,0,16 Sep 16:00,0,0,44,0,Forward,0,0
0,-384,Church,0,0,WBA(A) 0-1,Reading,3295,Simon,0,0,0,5,0,0,0,22 Sep 15:00,0,0,44,0,Forward,0,0
0,-457,Church,0,0,NEW(H) 2-2,Reading,3296,Simon,0,0,0,6,0,0,0,29 Sep 15:00,0,0,44,0,Forward,0,0
0,-344,Church,0,0,SWA(A) 2-2,Reading,3297,Simon,0,0,0,7,0,0,0,06 Oct 15:00,0,0,44,0,Forward,0,0
0,-136,Church,0,0,LIV(A) 0-1,Reading,3298,Simon,0,0,0,8,0,0,0,20 Oct 15:00,0,0,43,0,Forward,0,0
0,318,Church,0,0,FUL(H) 3-3,Reading,3299,Simon,0,0,0,9,0,0,0,27 Oct 15:00,0,0,43,0,Forward,0,0
0,321,Church,0,0,QPR(A) 1-1,Reading,32910,Simon,0,0,0,10,0,0,0,04 Nov 13:30,0,0,43,0,Forward,0,0
0,-98,Church,0,0,NOR(H) 0-0,Reading,32911,Simon,0,0,0,11,0,0,0,10 Nov 15:00,0,0,43,0,Forward,0,0
0,-476,Church,0,0,EVE(H) 2-1,Reading,32912,Simon,0,0,0,12,0,0,0,17 Nov 15:00,0,0,43,0,Forward,0,0
0,-427,Church,0,0,WIG(A) 2-3,Reading,32913,Simon,0,0,0,13,0,0,0,24 Nov 15:00,0,0,43,0,Forward,0,0
0,-168,Church,0,0,AVL(A) 0-1,Reading,32914,Simon,0,0,0,14,0,0,0,27 Nov 20:00,0,0,43,0,Forward,0,0
0,-150,Church,0,0,MUN(H) 3-4,Reading,32915,Simon,0,0,0,15,0,0,0,01 Dec 17:30,0,0,43,0,Forward,0,0
0,-247,Church,0,0,SUN(A) 0-3,Reading,32916,Simon,0,0,0,16,0,0,0,11 Dec 19:45,0,0,43,0,Forward,0,0
0,-135,Church,0,0,ARS(H) 2-5,Reading,32917,Simon,0,0,0,17,0,0,0,17 Dec 20:00,0,0,43,0,Forward,0,0
0,-101,Church,0,0,MCI(A) 0-1,Reading,32918,Simon,0,0,0,18,0,0,0,22 Dec 15:00,0,0,42,0,Forward,0,0
0,147,Church,0,0,SWA(H) 0-0,Reading,32919,Simon,0,0,0,19,0,0,0,26 Dec 15:00,0,0,42,0,Forward,0,0
0,168,Church,0,0,WHU(H) 1-0,Reading,32920,Simon,0,0,0,20,0,0,0,29 Dec 15:00,0,0,42,0,Forward,0,0
0,58,Church,0,0,TOT(A) 1-3,Reading,32921,Simon,0,0,0,21,0,0,0,01 Jan 15:00,0,0,42,0,Forward,0,0
0,985,Church,0,0,WBA(H) 3-2,Reading,32922,Simon,0,0,0,22,0,0,0,12 Jan 15:00,0,0,42,0,Forward,0,0
0,374,Church,0,0,NEW(A) 2-1,Reading,32923,Simon,0,0,0,23,0,0,0,19 Jan 15:00,0,0,42,0,Forward,0,0
0,823,Church,0,0,CHE(H) 2-2,Reading,32924,Simon,0,0,0,24,0,0,0,30 Jan 20:00,0,0,42,0,Forward,0,0
0,880,Church,0,0,SUN(H) 2-1,Reading,32925,Simon,0,0,0,25,0,0,0,02 Feb 15:00,0,0,42,0,Forward,0,0
0,1366,Church,0,0,STK(A) 1-2,Reading,32926,Simon,0,0,0,26,0,0,0,09 Feb 15:00,0,0,42,0,Forward,0,0
0,-937,Church,0,0,WIG(H) 0-3,Reading,32927,Simon,0,0,0,27,0,0,0,23 Feb 15:00,0,0,42,0,Forward,0,0
0,-339,Church,0,0,EVE(A) 1-3,Reading,32928,Simon,0,0,0,28,0,0,0,02 Mar 15:00,0,0,42,0,Forward,0,0
0,-456,Church,0,0,AVL(H) 1-2,Reading,32929,Simon,0,0,0,29,0,0,0,09 Mar 15:00,0,0,42,0,Forward,0,0
0,-229,Church,0,0,MUN(A) 0-1,Reading,32930,Simon,0,0,0,30,0,0,0,16 Mar 17:30,0,0,42,0,Forward,0,0
0,-242,Church,0,0,ARS(A) 1-4,Reading,32931,Simon,0,0,0,31,0,0,0,30 Mar 15:00,0,0,42,0,Forward,0,0
0,-185,Church,0,0,SOU(H) 0-2,Reading,32932,Simon,0,0,0,32,0,0,0,06 Apr 12:45,0,0,42,0,Forward,0,0
0,-172,Church,0,0,LIV(H) 0-0,Reading,32933,Simon,0,0,0,33,0,0,0,13 Apr 15:00,0,0,42,0,Forward,0,0
0,-83,Church,0,0,NOR(A) 1-2,Reading,32934,Simon,0,0,0,34,0,0,0,20 Apr 15:00,0,0,42,0,Forward,0,0
0,-75,Church,0,0,QPR(H) 0-0,Reading,32935,Simon,0,0,0,35,0,0,0,28 Apr 13:30,0,0,42,0,Forward,0,0
0,-82,Church,0,0,FUL(A) 4-2,Reading,32936,Simon,0,0,0,36,0,0,0,04 May 15:00,0,0,42,0,Forward,0,0
0,-45,Church,0,0,MCI(H) 0-2,Reading,32937,Simon,0,0,0,37,0,0,0,14 May 20:00,0,0,42,0,Forward,0,0
0,-44,Church,0,0,WHU(A) 2-4,Reading,32938,Simon,0,0,0,38,0,0,0,19 May 16:00,0,0,42,0,Forward,0,0
0,0,De Ridder,0,0,MCI(A) 2-3,Southampton,3491,Steve,0,0,0,1,0,0,0,19 Aug 16:00,0,0,45,0,Midfielder,0,0
0,-615,De Ridder,0,0,WIG(H) 0-2,Southampton,3492,Steve,0,0,0,2,0,0,0,25 Aug 15:00,0,0,45,0,Midfielder,0,0
0,-833,De Ridder,0,0,MUN(H) 2-3,Southampton,3493,Steve,0,0,0,3,0,0,0,02 Sep 16:00,0,0,44,0,Midfielder,0,0
0,-524,De Ridder,0,0,ARS(A) 1-6,Southampton,3494,Steve,0,0,0,4,0,0,0,15 Sep 15:00,0,0,43,0,Midfielder,0,0
0,-192,De Ridder,0,0,AVL(H) 4-1,Southampton,3495,Steve,0,0,0,5,0,0,0,22 Sep 15:00,0,0,43,0,Midfielder,0,0
0,-102,De Ridder,0,0,EVE(A) 1-3,Southampton,3496,Steve,0,0,0,6,0,0,0,29 Sep 15:00,0,0,43,0,Midfielder,0,0
0,-29,De Ridder,0,0,FUL(H) 2-2,Southampton,3497,Steve,0,0,0,7,0,0,0,07 Oct 13:30,0,0,43,0,Midfielder,0,0
0,-52,De Ridder,0,0,WHU(A) 1-4,Southampton,3498,Steve,0,0,0,8,0,0,0,20 Oct 15:00,0,0,43,0,Midfielder,0,0
0,-52,De Ridder,0,0,TOT(H) 1-2,Southampton,3499,Steve,0,0,0,9,0,0,0,28 Oct 15:00,0,0,43,0,Midfielder,0,0
0,-56,De Ridder,0,0,WBA(A) 0-2,Southampton,34910,Steve,0,0,0,10,0,0,0,05 Nov 20:00,0,0,43,0,Midfielder,0,0
0,-39,De Ridder,0,0,SWA(H) 1-1,Southampton,34911,Steve,0,0,0,11,0,0,0,10 Nov 15:00,0,0,43,0,Midfielder,0,0
0,-63,De Ridder,0,0,QPR(A) 3-1,Southampton,34912,Steve,0,0,0,12,0,0,0,17 Nov 15:00,0,0,43,0,Midfielder,0,0
0,-64,De Ridder,0,0,NEW(H) 2-0,Southampton,34913,Steve,0,0,0,13,0,0,0,25 Nov 15:00,0,0,43,0,Midfielder,0,0
0,87,De Ridder,0,0,NOR(H) 1-1,Southampton,34914,Steve,0,0,0,14,0,0,0,28 Nov 19:45,0,0,42,0,Midfielder,0,0
0,131,De Ridder,0,0,LIV(A) 0-1,Southampton,34915,Steve,0,0,0,15,0,0,0,01 Dec 15:00,0,0,42,0,Midfielder,0,0
0,27,De Ridder,0,0,RDG(H) 1-0,Southampton,34916,Steve,0,0,0,16,0,0,0,08 Dec 15:00,0,0,42,0,Midfielder,0,0
0,171,De Ridder,0,0,SUN(H) 0-1,Southampton,34918,Steve,0,36,3,18,0,0,0,22 Dec 15:00,0,0,42,1,Midfielder,0,0
0,-16,De Ridder,0,0,FUL(A) 1-1,Southampton,34919,Steve,0,0,0,19,0,0,0,26 Dec 15:00,0,0,42,0,Midfielder,0,0
0,-60,De Ridder,0,0,STK(A) 3-3,Southampton,34920,Steve,0,0,0,20,0,0,0,29 Dec 15:00,0,0,42,0,Midfielder,0,0
1,-49,De Ridder,0,0,ARS(H) 1-1,Southampton,34921,Steve,0,8,2,21,0,0,0,01 Jan 17:30,0,0,42,0,Midfielder,0,0
0,-102,De Ridder,0,0,CHE(A) 2-2,Southampton,34922,Steve,0,0,0,22,0,0,0,16 Jan 19:45,0,0,42,0,Midfielder,0,0
0,-18,De Ridder,0,0,EVE(H) 0-0,Southampton,34923,Steve,0,4,0,23,0,0,0,21 Jan 20:00,0,0,42,1,Midfielder,0,0
0,2,De Ridder,0,0,MUN(A) 1-2,Southampton,34924,Steve,0,0,0,24,0,0,0,30 Jan 20:00,0,0,42,0,Midfielder,0,0
0,-111,De Ridder,0,0,WIG(A) 2-2,Southampton,34925,Steve,0,0,0,25,0,0,0,02 Feb 15:00,0,0,42,0,Midfielder,0,0
0,-154,De Ridder,0,0,MCI(H) 3-1,Southampton,34926,Steve,0,0,0,26,0,0,0,09 Feb 17:30,0,0,42,0,Midfielder,0,0
0,-90,De Ridder,0,0,NEW(A) 2-4,Southampton,34927,Steve,0,0,0,27,0,0,0,24 Feb 13:30,0,0,42,0,Midfielder,0,0
0,-46,De Ridder,0,0,QPR(H) 1-2,Southampton,34928,Steve,0,0,0,28,0,0,0,02 Mar 15:00,0,0,42,0,Midfielder,0,0
0,-46,De Ridder,0,0,NOR(A) 0-0,Southampton,34929,Steve,0,0,0,29,0,0,0,09 Mar 15:00,0,0,42,0,Midfielder,0,0
0,-20,De Ridder,0,0,LIV(H) 3-1,Southampton,34930,Steve,0,0,0,30,0,0,0,16 Mar 15:00,0,0,42,0,Midfielder,0,0
0,-43,De Ridder,0,0,CHE(H) 2-1,Southampton,34931,Steve,0,0,0,31,0,0,0,30 Mar 15:00,0,0,42,0,Midfielder,0,0
0,-5,De Ridder,0,0,RDG(A) 2-0,Southampton,34932,Steve,0,0,0,32,0,0,0,06 Apr 12:45,0,0,42,0,Midfielder,0,0
0,-9,De Ridder,0,0,WHU(H) 1-1,Southampton,34933,Steve,0,0,0,33,0,0,0,13 Apr 15:00,0,0,42,0,Midfielder,0,0
0,0,De Ridder,0,0,SWA(A) 0-0,Southampton,34934,Steve,0,0,0,34,0,0,0,20 Apr 15:00,0,0,42,0,Midfielder,0,0
0,-1,De Ridder,0,0,WBA(H) 0-3,Southampton,34935,Steve,0,0,0,35,0,0,0,27 Apr 15:00,0,0,42,0,Midfielder,0,0
0,0,De Ridder,0,0,TOT(A) 0-1,Southampton,34936,Steve,0,0,0,36,0,0,0,04 May 15:00,0,0,42,0,Midfielder,0,0
0,7,De Ridder,0,0,SUN(A) 1-1,Southampton,34937,Steve,0,0,0,37,0,0,0,12 May 15:00,0,0,42,0,Midfielder,0,0
0,8,De Ridder,0,0,STK(H) 1-1,Southampton,34938,Steve,0,0,0,38,0,0,0,19 May 16:00,0,0,42,0,Midfielder,0,0
0,0,Davis,2,0,MCI(A) 2-3,Southampton,3501,Steven,0,26,18,1,0,0,0,19 Aug 16:00,0,0,50,6,Midfielder,0,1
0,3908,Davis,1,0,WIG(H) 0-2,Southampton,3502,Steven,0,74,4,2,0,0,0,25 Aug 15:00,0,0,50,2,Midfielder,0,0
0,-1353,Davis,3,0,MUN(H) 2-3,Southampton,3503,Steven,0,90,10,3,0,0,0,02 Sep 16:00,0,0,50,2,Midfielder,0,0
0,-754,Davis,4,0,ARS(A) 1-6,Southampton,3504,Steven,0,45,7,4,0,0,0,15 Sep 15:00,0,0,50,1,Midfielder,0,0
0,-1115,Davis,1,0,AVL(H) 4-1,Southampton,3505,Steven,0,78,9,5,0,0,0,22 Sep 15:00,0,0,50,2,Midfielder,0,0
0,-965,Davis,3,0,EVE(A) 1-3,Southampton,3506,Steven,0,90,7,6,0,0,0,29 Sep 15:00,0,0,50,2,Midfielder,0,0
0,-660,Davis,2,0,FUL(H) 2-2,Southampton,3507,Steven,0,90,9,7,0,0,0,07 Oct 13:30,0,0,50,2,Midfielder,0,0
0,-646,Davis,4,0,WHU(A) 1-4,Southampton,3508,Steven,0,88,7,8,0,0,0,20 Oct 15:00,0,0,50,2,Midfielder,0,0
0,-519,Davis,2,0,TOT(H) 1-2,Southampton,3509,Steven,0,77,5,9,0,0,0,28 Oct 15:00,0,0,49,2,Midfielder,0,0
0,-386,Davis,2,0,WBA(A) 0-2,Southampton,35010,Steven,0,90,3,10,0,0,0,05 Nov 20:00,0,0,49,2,Midfielder,0,0
0,-341,Davis,0,0,SWA(H) 1-1,Southampton,35011,Steven,0,0,0,11,0,0,0,10 Nov 15:00,0,0,49,0,Midfielder,0,0
0,-398,Davis,0,0,QPR(A) 3-1,Southampton,35012,Steven,0,30,0,12,0,0,0,17 Nov 15:00,0,0,48,1,Midfielder,0,0
0,-357,Davis,0,0,NEW(H) 2-0,Southampton,35013,Steven,0,13,7,13,0,0,0,25 Nov 15:00,0,0,48,1,Midfielder,0,0
0,-228,Davis,0,0,NOR(H) 1-1,Southampton,35014,Steven,0,0,0,14,0,0,0,28 Nov 19:45,0,0,48,0,Midfielder,0,0
0,-248,Davis,0,0,LIV(A) 0-1,Southampton,35015,Steven,0,21,1,15,0,0,0,01 Dec 15:00,0,0,47,1,Midfielder,0,0
0,-312,Davis,0,0,RDG(H) 1-0,Southampton,35016,Steven,0,0,0,16,0,0,0,08 Dec 15:00,0,0,47,0,Midfielder,0,0
0,-165,Davis,0,0,SUN(H) 0-1,Southampton,35018,Steven,0,32,-2,18,0,0,0,22 Dec 15:00,0,0,46,1,Midfielder,0,0
0,-114,Davis,1,0,FUL(A) 1-1,Southampton,35019,Steven,0,77,4,19,0,0,0,26 Dec 15:00,0,0,46,2,Midfielder,0,0
0,-108,Davis,0,0,STK(A) 3-3,Southampton,35020,Steven,0,0,0,20,0,0,0,29 Dec 15:00,0,0,46,0,Midfielder,0,0
0,-106,Davis,1,0,ARS(H) 1-1,Southampton,35021,Steven,0,90,11,21,0,0,0,01 Jan 17:30,0,0,46,2,Midfielder,0,0
0,-87,Davis,2,0,CHE(A) 2-2,Southampton,35022,Steven,0,66,3,22,0,0,0,16 Jan 19:45,0,0,46,2,Midfielder,0,0
0,-171,Davis,0,0,EVE(H) 0-0,Southampton,35023,Steven,0,20,3,23,0,0,0,21 Jan 20:00,0,0,46,1,Midfielder,0,0
0,-172,Davis,0,0,MUN(A) 1-2,Southampton,35024,Steven,0,45,-5,24,0,0,0,30 Jan 20:00,0,0,46,1,Midfielder,0,0
0,-45,Davis,1,0,WIG(A) 2-2,Southampton,35025,Steven,0,45,6,25,0,0,0,02 Feb 15:00,0,0,45,1,Midfielder,0,0
0,-81,Davis,1,0,MCI(H) 3-1,Southampton,35026,Steven,0,79,37,26,3,0,0,09 Feb 17:30,0,0,45,10,Midfielder,0,1
0,833,Davis,2,0,NEW(A) 2-4,Southampton,35027,Steven,0,64,3,27,0,0,0,24 Feb 13:30,0,0,45,2,Midfielder,0,0
0,115,Davis,0,0,QPR(H) 1-2,Southampton,35028,Steven,0,0,0,28,0,0,0,02 Mar 15:00,0,0,45,0,Midfielder,0,0
0,348,Davis,0,0,NOR(A) 0-0,Southampton,35029,Steven,0,0,0,29,0,0,0,09 Mar 15:00,0,0,45,0,Midfielder,0,0
0,-304,Davis,0,0,LIV(H) 3-1,Southampton,35030,Steven,0,36,7,30,0,0,0,16 Mar 15:00,0,0,45,1,Midfielder,0,0
0,-93,Davis,1,0,CHE(H) 2-1,Southampton,35031,Steven,0,84,13,31,0,0,1,30 Mar 15:00,0,0,45,5,Midfielder,0,0
0,225,Davis,0,0,RDG(A) 2-0,Southampton,35032,Steven,0,87,21,32,0,1,0,06 Apr 12:45,0,0,45,3,Midfielder,0,0
0,307,Davis,1,0,WHU(H) 1-1,Southampton,35033,Steven,0,90,8,33,0,0,0,13 Apr 15:00,0,0,45,2,Midfielder,0,0
0,315,Davis,0,0,SWA(A) 0-0,Southampton,35034,Steven,0,90,6,34,0,1,0,20 Apr 15:00,0,0,45,3,Midfielder,0,0
0,496,Davis,3,0,WBA(H) 0-3,Southampton,35035,Steven,0,90,4,35,0,0,0,27 Apr 15:00,0,0,45,2,Midfielder,0,0
1,-34,Davis,1,0,TOT(A) 0-1,Southampton,35036,Steven,0,90,11,36,0,0,0,04 May 15:00,0,0,45,1,Midfielder,0,0
0,70,Davis,1,0,SUN(A) 1-1,Southampton,35037,Steven,0,90,5,37,0,0,0,12 May 15:00,0,0,45,2,Midfielder,0,0
0,55,Davis,1,0,STK(H) 1-1,Southampton,35038,Steven,0,73,23,38,2,0,1,19 May 16:00,0,0,45,7,Midfielder,0,0
0,0,Diao,0,0,RDG(A) 1-1,Stoke City,3691,Salif,0,0,0,1,0,0,0,18 Aug 15:00,0,0,45,0,Midfielder,0,0
0,-58,Diao,0,0,ARS(H) 0-0,Stoke City,3692,Salif,0,0,0,2,0,0,0,26 Aug 13:30,0,0,45,0,Midfielder,0,0
0,-98,Diao,0,0,WIG(A) 2-2,Stoke City,3693,Salif,0,0,0,3,0,0,0,01 Sep 15:00,0,0,45,0,Midfielder,0,0
0,-54,Diao,0,0,MCI(H) 1-1,Stoke City,3694,Salif,0,0,0,4,0,0,0,15 Sep 15:00,0,0,44,0,Midfielder,0,0
0,-28,Diao,0,0,CHE(A) 0-1,Stoke City,3695,Salif,0,0,0,5,0,0,0,22 Sep 15:00,0,0,44,0,Midfielder,0,0
0,-32,Diao,0,0,SWA(H) 2-0,Stoke City,3696,Salif,0,0,0,6,0,0,0,29 Sep 15:00,0,0,44,0,Midfielder,0,0
0,-8,Diao,0,0,LIV(A) 0-0,Stoke City,3697,Salif,0,0,0,7,0,0,0,07 Oct 15:00,0,0,44,0,Midfielder,0,0
0,0,Diao,0,0,MUN(A) 2-4,Stoke City,3698,Salif,0,0,0,8,0,0,0,20 Oct 15:00,0,0,43,0,Midfielder,0,0
0,33,Diao,0,0,SUN(H) 0-0,Stoke City,3699,Salif,0,0,0,9,0,0,0,27 Oct 15:00,0,0,43,0,Midfielder,0,0
0,20,Diao,0,0,NOR(A) 0-1,Stoke City,36910,Salif,0,0,0,10,0,0,0,03 Nov 15:00,0,0,43,0,Midfielder,0,0
0,5,Diao,0,0,QPR(H) 1-0,Stoke City,36911,Salif,0,0,0,11,0,0,0,10 Nov 15:00,0,0,43,0,Midfielder,0,0
0,-16,Diao,0,0,WHU(A) 1-1,Stoke City,36912,Salif,0,0,0,12,0,0,0,19 Nov 20:00,0,0,43,0,Midfielder,0,0
0,-5,Diao,0,0,FUL(H) 1-0,Stoke City,36913,Salif,0,0,0,13,0,0,0,24 Nov 15:00,0,0,43,0,Midfielder,0,0
0,-4,Diao,0,0,NEW(H) 2-1,Stoke City,36914,Salif,0,0,0,14,0,0,0,28 Nov 19:45,0,0,43,0,Midfielder,0,0
0,-7,Diao,0,0,WBA(A) 1-0,Stoke City,36915,Salif,0,0,0,15,0,0,0,01 Dec 15:00,0,0,43,0,Midfielder,0,0
0,11,Diao,0,0,AVL(A) 0-0,Stoke City,36916,Salif,0,0,0,16,0,0,0,08 Dec 15:00,0,0,43,0,Midfielder,0,0
0,4,Diao,0,0,EVE(H) 1-1,Stoke City,36917,Salif,0,0,0,17,0,0,0,15 Dec 15:00,0,0,43,0,Midfielder,0,0
0,-5,Diao,0,0,TOT(A) 0-0,Stoke City,36918,Salif,0,0,0,18,0,0,0,22 Dec 15:00,0,0,43,0,Midfielder,0,0
0,-4,Diao,0,0,LIV(H) 3-1,Stoke City,36919,Salif,0,0,0,19,0,0,0,26 Dec 19:45,0,0,43,0,Midfielder,0,0
0,1,Diao,0,0,SOU(H) 3-3,Stoke City,36920,Salif,0,0,0,20,0,0,0,29 Dec 15:00,0,0,43,0,Midfielder,0,0
0,-15,Diao,0,0,MCI(A) 0-3,Stoke City,36921,Salif,0,0,0,21,0,0,0,01 Jan 15:00,0,0,43,0,Midfielder,0,0
0,-9,Diao,0,0,CHE(H) 0-4,Stoke City,36922,Salif,0,0,0,22,0,0,0,12 Jan 15:00,0,0,43,0,Midfielder,0,0
0,1,Diao,0,0,SWA(A) 1-3,Stoke City,36923,Salif,0,0,0,23,0,0,0,19 Jan 15:00,0,0,43,0,Midfielder,0,0
0,-16,Diao,0,0,WIG(H) 2-2,Stoke City,36924,Salif,0,0,0,24,0,0,0,29 Jan 19:45,0,0,43,0,Midfielder,0,0
0,-7,Diao,0,0,ARS(A) 0-1,Stoke City,36925,Salif,0,0,0,25,0,0,0,02 Feb 15:00,0,0,43,0,Midfielder,0,0
0,-8,Diao,0,0,RDG(H) 2-1,Stoke City,36926,Salif,0,0,0,26,0,0,0,09 Feb 15:00,0,0,43,0,Midfielder,0,0
0,-32,Diao,0,0,FUL(A) 0-1,Stoke City,36927,Salif,0,0,0,27,0,0,0,23 Feb 12:45,0,0,43,0,Midfielder,0,0
0,-18,Diao,0,0,WHU(H) 0-1,Stoke City,36928,Salif,0,0,0,28,0,0,0,02 Mar 15:00,0,0,43,0,Midfielder,0,0
0,-15,Diao,0,0,NEW(A) 1-2,Stoke City,36929,Salif,0,0,0,29,0,0,0,10 Mar 15:00,0,0,43,0,Midfielder,0,0
0,-11,Diao,0,0,WBA(H) 0-0,Stoke City,36930,Salif,0,0,0,30,0,0,0,16 Mar 15:00,0,0,43,0,Midfielder,0,0
0,-9,Diao,0,0,EVE(A) 0-1,Stoke City,36931,Salif,0,0,0,31,0,0,0,30 Mar 17:30,0,0,43,0,Midfielder,0,0
0,-7,Diao,0,0,AVL(H) 1-3,Stoke City,36932,Salif,0,0,0,32,0,0,0,06 Apr 15:00,0,0,43,0,Midfielder,0,0
0,-5,Diao,0,0,MUN(H) 0-2,Stoke City,36933,Salif,0,0,0,33,0,0,0,14 Apr 14:05,0,0,43,0,Midfielder,0,0
0,-1,Diao,0,0,QPR(A) 2-0,Stoke City,36934,Salif,0,0,0,34,0,0,0,20 Apr 15:00,0,0,43,0,Midfielder,0,0
0,-7,Diao,0,0,NOR(H) 1-0,Stoke City,36935,Salif,0,0,0,35,0,0,0,27 Apr 15:00,0,0,43,0,Midfielder,0,0
0,-1,Diao,0,0,SUN(A) 1-1,Stoke City,36936,Salif,0,0,0,36,0,0,0,06 May 20:00,0,0,43,0,Midfielder,0,0
0,-4,Diao,0,0,TOT(H) 1-2,Stoke City,36937,Salif,0,0,0,37,0,0,0,12 May 13:30,0,0,43,0,Midfielder,0,0
0,-1,Diao,0,0,SOU(A) 1-1,Stoke City,36938,Salif,0,0,0,38,0,0,0,19 May 16:00,0,0,43,0,Midfielder,0,0
0,0,Mignolet,0,3,ARS(A) 0-0,Sunderland,3801,Simon,0,90,11,1,0,1,0,18 Aug 15:00,0,0,50,7,Goalkeeper,0,0
0,483,Mignolet,2,4,SWA(A) 2-2,Sunderland,3803,Simon,0,90,9,3,0,0,0,01 Sep 15:00,0,0,50,2,Goalkeeper,0,0
0,-337,Mignolet,1,5,LIV(H) 1-1,Sunderland,3804,Simon,0,90,9,4,0,0,0,15 Sep 17:30,0,0,50,3,Goalkeeper,0,0
0,657,Mignolet,1,2,WHU(A) 1-1,Sunderland,3805,Simon,0,90,7,5,0,0,0,22 Sep 15:00,0,0,50,2,Goalkeeper,0,0
0,3166,Mignolet,0,3,WIG(H) 1-0,Sunderland,3806,Simon,0,90,19,6,0,1,0,29 Sep 15:00,0,0,50,7,Goalkeeper,0,0
0,828,Mignolet,3,5,MCI(A) 0-3,Sunderland,3807,Simon,0,90,5,7,0,0,0,06 Oct 12:45,0,0,50,2,Goalkeeper,0,0
0,723,Mignolet,1,4,NEW(H) 1-1,Sunderland,3808,Simon,0,90,9,8,0,0,0,21 Oct 13:30,0,0,50,3,Goalkeeper,0,0
0,-428,Mignolet,0,4,STK(A) 0-0,Sunderland,3809,Simon,0,90,16,9,1,1,0,27 Oct 15:00,0,0,50,8,Goalkeeper,0,0
0,15548,Mignolet,1,3,AVL(H) 0-1,Sunderland,38010,Simon,0,90,6,10,0,0,0,03 Nov 15:00,0,0,50,3,Goalkeeper,0,0
0,-549,Mignolet,2,3,EVE(A) 1-2,Sunderland,38011,Simon,0,90,5,11,0,0,0,10 Nov 15:00,0,0,50,2,Goalkeeper,0,0
0,-671,Mignolet,1,7,FUL(A) 3-1,Sunderland,38012,Simon,0,90,17,12,0,0,0,18 Nov 16:00,0,0,50,4,Goalkeeper,0,0
0,5279,Mignolet,4,2,WBA(H) 2-4,Sunderland,38013,Simon,0,90,5,13,0,0,0,24 Nov 12:45,0,0,50,0,Goalkeeper,0,0
0,4293,Mignolet,0,6,QPR(H) 0-0,Sunderland,38014,Simon,0,90,14,14,0,1,0,27 Nov 19:45,0,0,50,8,Goalkeeper,0,0
0,10233,Mignolet,2,2,NOR(A) 1-2,Sunderland,38015,Simon,0,90,4,15,0,0,0,02 Dec 16:00,0,0,51,1,Goalkeeper,0,0
0,12638,Mignolet,0,2,RDG(H) 3-0,Sunderland,38016,Simon,0,90,18,16,0,1,0,11 Dec 19:45,0,0,51,6,Goalkeeper,0,0
0,-6788,Mignolet,3,2,MUN(A) 1-3,Sunderland,38017,Simon,0,90,4,17,0,0,0,15 Dec 15:00,0,0,51,1,Goalkeeper,0,0
0,-1139,Mignolet,0,3,SOU(A) 1-0,Sunderland,38018,Simon,0,90,19,18,0,1,0,22 Dec 15:00,0,0,51,7,Goalkeeper,0,0
0,-654,Mignolet,0,8,MCI(H) 1-0,Sunderland,38019,Simon,0,90,21,19,1,1,0,26 Dec 15:00,0,0,51,9,Goalkeeper,0,0
0,5896,Mignolet,2,7,TOT(H) 1-2,Sunderland,38020,Simon,0,90,8,20,0,0,0,29 Dec 12:45,0,0,51,3,Goalkeeper,0,0
0,10689,Mignolet,3,7,LIV(A) 0-3,Sunderland,38021,Simon,0,90,7,21,0,0,0,02 Jan 19:45,0,0,51,3,Goalkeeper,0,0
0,41733,Mignolet,0,3,WHU(H) 3-0,Sunderland,38022,Simon,0,90,18,22,0,1,0,12 Jan 15:00,0,0,52,7,Goalkeeper,0,0
0,23134,Mignolet,2,5,WIG(A) 3-2,Sunderland,38023,Simon,0,90,15,23,0,0,0,19 Jan 15:00,0,0,52,2,Goalkeeper,0,0
0,22107,Mignolet,0,4,SWA(H) 0-0,Sunderland,38024,Simon,0,90,11,24,0,1,0,29 Jan 19:45,0,0,53,7,Goalkeeper,0,0
0,37584,Mignolet,2,2,RDG(A) 1-2,Sunderland,38025,Simon,0,90,6,25,0,0,0,02 Feb 15:00,0,0,53,1,Goalkeeper,0,0
0,-2477,Mignolet,1,7,ARS(H) 0-1,Sunderland,38026,Simon,0,90,6,26,0,0,0,09 Feb 15:00,0,0,54,4,Goalkeeper,0,0
0,12838,Mignolet,2,4,WBA(A) 1-2,Sunderland,38027,Simon,0,90,6,27,0,0,0,23 Feb 15:00,0,0,54,2,Goalkeeper,0,0
0,4144,Mignolet,2,3,FUL(H) 2-2,Sunderland,38028,Simon,0,90,7,28,0,0,0,02 Mar 15:00,0,0,54,2,Goalkeeper,0,0
0,11428,Mignolet,3,3,QPR(A) 1-3,Sunderland,38029,Simon,0,90,6,29,0,0,0,09 Mar 15:00,0,0,54,2,Goalkeeper,0,0
0,967,Mignolet,1,0,NOR(H) 1-1,Sunderland,38030,Simon,0,90,7,30,0,0,0,17 Mar 13:30,0,0,54,2,Goalkeeper,0,0
0,-14442,Mignolet,1,6,MUN(H) 0-1,Sunderland,38031,Simon,0,90,7,31,0,0,0,30 Mar 12:45,0,0,54,4,Goalkeeper,0,0
0,-6546,Mignolet,2,2,CHE(A) 1-2,Sunderland,38032,Simon,0,90,5,32,0,0,0,07 Apr 15:00,0,0,54,1,Goalkeeper,0,0
0,-14910,Mignolet,0,4,NEW(A) 3-0,Sunderland,38033,Simon,0,90,20,33,0,1,0,14 Apr 12:00,0,0,54,7,Goalkeeper,0,0
1,-240,Mignolet,0,2,EVE(H) 1-0,Sunderland,38034,Simon,0,90,19,34,0,1,0,20 Apr 15:00,0,0,54,5,Goalkeeper,0,0
0,-127,Mignolet,6,5,AVL(A) 1-6,Sunderland,38035,Simon,0,90,9,35,0,0,0,29 Apr 20:00,0,0,54,0,Goalkeeper,0,0
0,-6916,Mignolet,1,3,STK(H) 1-1,Sunderland,38036,Simon,0,90,11,36,0,0,0,06 May 20:00,0,0,54,3,Goalkeeper,0,0
0,-947,Mignolet,1,8,SOU(H) 1-1,Sunderland,38037,Simon,0,90,14,37,0,0,0,12 May 15:00,0,0,53,4,Goalkeeper,0,0
0,-5128,Mignolet,1,10,TOT(A) 0-1,Sunderland,38038,Simon,0,90,7,38,0,0,0,19 May 16:00,0,0,53,5,Goalkeeper,0,0
0,0,Larsson,0,0,ARS(A) 0-0,Sunderland,3951,Sebastian,0,77,8,1,0,1,0,18 Aug 15:00,0,0,65,3,Midfielder,0,0
0,-29845,Larsson,2,0,SWA(A) 2-2,Sunderland,3953,Sebastian,0,90,18,3,0,0,1,01 Sep 15:00,0,0,64,5,Midfielder,0,0
1,-15548,Larsson,1,0,LIV(H) 1-1,Sunderland,3954,Sebastian,0,90,9,4,0,0,0,15 Sep 17:30,0,0,64,1,Midfielder,0,0
0,-10640,Larsson,0,0,WHU(A) 1-1,Sunderland,3955,Sebastian,0,61,12,5,0,1,1,22 Sep 15:00,0,0,63,6,Midfielder,0,0
0,-2822,Larsson,0,0,WIG(H) 1-0,Sunderland,3956,Sebastian,0,90,3,6,0,1,0,29 Sep 15:00,0,0,63,3,Midfielder,0,0
0,-9745,Larsson,3,0,MCI(A) 0-3,Sunderland,3957,Sebastian,0,90,0,7,0,0,0,06 Oct 12:45,0,0,63,2,Midfielder,0,0
0,-7297,Larsson,1,0,NEW(H) 1-1,Sunderland,3958,Sebastian,0,90,17,8,2,0,0,21 Oct 13:30,0,0,62,4,Midfielder,0,0
0,-4414,Larsson,0,0,STK(A) 0-0,Sunderland,3959,Sebastian,0,60,1,9,0,1,0,27 Oct 15:00,0,0,62,3,Midfielder,0,0
0,-7113,Larsson,1,0,AVL(H) 0-1,Sunderland,39510,Sebastian,0,90,3,10,0,0,0,03 Nov 15:00,0,0,62,2,Midfielder,0,0
0,-6588,Larsson,2,0,EVE(A) 1-2,Sunderland,39511,Sebastian,0,90,4,11,0,0,0,10 Nov 15:00,0,0,62,2,Midfielder,0,0
0,-5026,Larsson,1,0,FUL(A) 3-1,Sunderland,39512,Sebastian,0,69,14,12,0,0,0,18 Nov 16:00,0,0,62,2,Midfielder,0,0
0,-2609,Larsson,4,0,WBA(H) 2-4,Sunderland,39513,Sebastian,0,90,13,13,0,0,0,24 Nov 12:45,0,0,61,2,Midfielder,0,0
0,-1388,Larsson,0,0,QPR(H) 0-0,Sunderland,39514,Sebastian,0,90,14,14,0,1,0,27 Nov 19:45,0,0,61,3,Midfielder,0,0
0,-2043,Larsson,2,0,NOR(A) 1-2,Sunderland,39515,Sebastian,0,89,6,15,0,0,0,02 Dec 16:00,0,0,61,2,Midfielder,0,0
0,2304,Larsson,0,0,RDG(H) 3-0,Sunderland,39516,Sebastian,0,90,22,16,0,1,0,11 Dec 19:45,0,0,61,3,Midfielder,0,0
0,-6957,Larsson,3,0,MUN(A) 1-3,Sunderland,39517,Sebastian,0,90,6,17,0,0,0,15 Dec 15:00,0,0,61,2,Midfielder,0,0
1,-3655,Larsson,0,0,SOU(A) 1-0,Sunderland,39518,Sebastian,0,69,16,18,0,1,0,22 Dec 15:00,0,0,60,2,Midfielder,0,0
0,-4662,Larsson,0,0,MCI(H) 1-0,Sunderland,39519,Sebastian,0,77,4,19,0,1,0,26 Dec 15:00,0,0,60,3,Midfielder,0,0
0,-1895,Larsson,2,0,TOT(H) 1-2,Sunderland,39520,Sebastian,0,79,6,20,0,0,0,29 Dec 12:45,0,0,60,2,Midfielder,0,0
0,-1509,Larsson,3,0,LIV(A) 0-3,Sunderland,39521,Sebastian,0,61,4,21,0,0,0,02 Jan 19:45,0,0,60,2,Midfielder,0,0
0,-3941,Larsson,0,0,WHU(H) 3-0,Sunderland,39522,Sebastian,0,90,37,22,2,1,0,12 Jan 15:00,0,0,60,10,Midfielder,0,1
0,-72,Larsson,2,0,WIG(A) 3-2,Sunderland,39523,Sebastian,0,90,19,23,0,0,1,19 Jan 15:00,0,0,60,5,Midfielder,0,0
0,221,Larsson,0,0,SWA(H) 0-0,Sunderland,39524,Sebastian,0,90,19,24,3,1,0,29 Jan 19:45,0,0,60,6,Midfielder,0,0
0,1145,Larsson,1,0,RDG(A) 1-2,Sunderland,39525,Sebastian,0,45,6,25,0,0,0,02 Feb 15:00,0,0,60,1,Midfielder,0,0
1,-1964,Larsson,0,0,ARS(H) 0-1,Sunderland,39526,Sebastian,0,45,2,26,0,0,0,09 Feb 15:00,0,0,60,0,Midfielder,0,0
0,-1294,Larsson,2,0,WBA(A) 1-2,Sunderland,39527,Sebastian,0,75,3,27,0,0,0,23 Feb 15:00,0,0,59,2,Midfielder,0,0
0,-654,Larsson,2,0,FUL(H) 2-2,Sunderland,39528,Sebastian,0,90,4,28,0,0,0,02 Mar 15:00,0,0,59,2,Midfielder,0,0
0,-189,Larsson,3,0,QPR(A) 1-3,Sunderland,39529,Sebastian,0,90,0,29,0,0,0,09 Mar 15:00,0,0,59,2,Midfielder,0,0
1,-331,Larsson,1,0,NOR(H) 1-1,Sunderland,39530,Sebastian,0,90,11,30,0,0,0,17 Mar 13:30,0,0,59,1,Midfielder,0,0
0,-786,Larsson,0,0,MUN(H) 0-1,Sunderland,39531,Sebastian,0,13,0,31,0,0,0,30 Mar 12:45,0,0,59,1,Midfielder,0,0
0,-661,Larsson,2,0,CHE(A) 1-2,Sunderland,39532,Sebastian,0,70,5,32,0,0,0,07 Apr 15:00,0,0,59,2,Midfielder,0,0
0,-510,Larsson,0,0,NEW(A) 3-0,Sunderland,39533,Sebastian,0,90,28,33,1,1,1,14 Apr 12:00,0,0,59,7,Midfielder,0,0
0,646,Larsson,0,0,EVE(H) 1-0,Sunderland,39534,Sebastian,0,79,16,34,0,1,1,20 Apr 15:00,0,0,59,6,Midfielder,0,0
0,2112,Larsson,4,0,AVL(A) 1-6,Sunderland,39535,Sebastian,0,60,4,35,0,0,0,29 Apr 20:00,0,0,59,2,Midfielder,0,0
1,-511,Larsson,1,0,STK(H) 1-1,Sunderland,39536,Sebastian,0,85,5,36,0,0,1,06 May 20:00,0,0,59,4,Midfielder,0,0
0,2759,Larsson,0,0,SOU(H) 1-1,Sunderland,39537,Sebastian,0,73,3,37,0,1,0,12 May 15:00,0,0,59,3,Midfielder,0,0
0,-676,Larsson,1,0,TOT(A) 0-1,Sunderland,39538,Sebastian,0,90,6,38,0,0,0,19 May 16:00,0,0,59,2,Midfielder,0,0
0,0,Sessegnon,0,0,ARS(A) 0-0,Sunderland,3991,Stephane,0,62,7,1,0,1,0,18 Aug 15:00,0,0,80,3,Midfielder,0,0
0,-7114,Sessegnon,2,0,SWA(A) 2-2,Sunderland,3993,Stephane,0,83,10,3,0,0,0,01 Sep 15:00,0,0,80,2,Midfielder,0,0
0,-6455,Sessegnon,1,0,LIV(H) 1-1,Sunderland,3994,Stephane,0,90,2,4,0,0,0,15 Sep 17:30,0,0,79,2,Midfielder,0,0
0,-2837,Sessegnon,0,0,WHU(A) 1-1,Sunderland,3995,Stephane,0,70,9,5,0,1,0,22 Sep 15:00,0,0,78,3,Midfielder,0,0
0,-2160,Sessegnon,0,0,WIG(H) 1-0,Sunderland,3996,Stephane,0,90,23,6,2,1,0,29 Sep 15:00,0,0,77,5,Midfielder,0,0
0,-3143,Sessegnon,2,0,MCI(A) 0-3,Sunderland,3997,Stephane,0,82,-1,7,0,0,0,06 Oct 12:45,0,0,76,2,Midfielder,0,0
0,-1782,Sessegnon,1,0,NEW(H) 1-1,Sunderland,3998,Stephane,0,64,5,8,0,0,0,21 Oct 13:30,0,0,76,2,Midfielder,0,0
0,-1621,Sessegnon,0,0,STK(A) 0-0,Sunderland,3999,Stephane,0,30,4,9,0,0,0,27 Oct 15:00,0,0,75,1,Midfielder,0,0
0,-1176,Sessegnon,1,0,AVL(H) 0-1,Sunderland,39910,Stephane,0,66,0,10,0,0,0,03 Nov 15:00,0,0,75,2,Midfielder,0,0
0,-1586,Sessegnon,2,0,EVE(A) 1-2,Sunderland,39911,Stephane,0,90,6,11,0,0,0,10 Nov 15:00,0,0,74,2,Midfielder,0,0
0,-878,Sessegnon,1,0,FUL(A) 3-1,Sunderland,39912,Stephane,0,90,28,12,0,0,0,18 Nov 16:00,0,0,73,7,Midfielder,0,1
0,4159,Sessegnon,4,0,WBA(H) 2-4,Sunderland,39913,Stephane,0,90,38,13,3,0,1,24 Nov 12:45,0,0,73,13,Midfielder,0,1
0,28202,Sessegnon,0,0,QPR(H) 0-0,Sunderland,39914,Stephane,0,90,1,14,0,1,0,27 Nov 19:45,0,0,73,3,Midfielder,0,0
0,7259,Sessegnon,2,0,NOR(A) 1-2,Sunderland,39915,Stephane,0,90,0,15,0,0,0,02 Dec 16:00,0,0,74,2,Midfielder,0,0
0,68480,Sessegnon,0,0,RDG(H) 3-0,Sunderland,39916,Stephane,0,90,24,16,0,1,0,11 Dec 19:45,0,0,76,8,Midfielder,0,1
0,-32105,Sessegnon,3,0,MUN(A) 1-3,Sunderland,39917,Stephane,0,90,18,17,0,0,1,15 Dec 15:00,0,0,76,5,Midfielder,0,0
0,-6088,Sessegnon,0,0,SOU(A) 1-0,Sunderland,39918,Stephane,0,88,30,18,3,1,1,22 Dec 15:00,0,0,75,9,Midfielder,0,0
0,-4203,Sessegnon,0,0,MCI(H) 1-0,Sunderland,39919,Stephane,0,90,12,19,0,1,0,26 Dec 15:00,0,0,74,3,Midfielder,0,0
0,-984,Sessegnon,2,0,TOT(H) 1-2,Sunderland,39920,Stephane,0,90,-1,20,0,0,0,29 Dec 12:45,0,0,74,2,Midfielder,0,0
0,-12119,Sessegnon,2,0,LIV(A) 0-3,Sunderland,39921,Stephane,0,45,2,21,0,0,0,02 Jan 19:45,0,0,73,1,Midfielder,0,0
0,-25480,Sessegnon,0,0,WHU(H) 3-0,Sunderland,39922,Stephane,0,87,10,22,0,1,1,12 Jan 15:00,0,0,71,6,Midfielder,0,0
0,-4294,Sessegnon,2,0,WIG(A) 3-2,Sunderland,39923,Stephane,0,83,12,23,0,0,0,19 Jan 15:00,0,0,71,2,Midfielder,0,0
0,-4285,Sessegnon,0,0,SWA(H) 0-0,Sunderland,39924,Stephane,0,90,9,24,0,1,0,29 Jan 19:45,0,0,71,3,Midfielder,0,0
1,-2363,Sessegnon,1,0,RDG(A) 1-2,Sunderland,39925,Stephane,0,78,7,25,0,0,0,02 Feb 15:00,0,0,71,1,Midfielder,0,0
0,-4414,Sessegnon,1,0,ARS(H) 0-1,Sunderland,39926,Stephane,0,90,-1,26,0,0,0,09 Feb 15:00,0,0,69,2,Midfielder,0,0
0,-673,Sessegnon,2,0,WBA(A) 1-2,Sunderland,39927,Stephane,0,90,20,27,0,0,0,23 Feb 15:00,0,0,69,7,Midfielder,0,1
0,5629,Sessegnon,2,0,FUL(H) 2-2,Sunderland,39928,Stephane,0,90,31,28,3,0,0,02 Mar 15:00,0,0,69,10,Midfielder,0,1
0,46629,Sessegnon,3,0,QPR(A) 1-3,Sunderland,39929,Stephane,0,90,0,29,0,0,0,09 Mar 15:00,0,0,70,2,Midfielder,0,0
0,-3844,Sessegnon,1,0,NOR(H) 1-1,Sunderland,39930,Stephane,0,90,1,30,0,0,0,17 Mar 13:30,0,0,71,2,Midfielder,0,0
0,-14567,Sessegnon,1,0,MUN(H) 0-1,Sunderland,39931,Stephane,0,90,-4,31,0,0,0,30 Mar 12:45,0,0,70,2,Midfielder,0,0
0,-2138,Sessegnon,2,0,CHE(A) 1-2,Sunderland,39932,Stephane,0,90,-5,32,0,0,0,07 Apr 15:00,0,0,70,2,Midfielder,0,0
0,-4160,Sessegnon,0,0,NEW(A) 3-0,Sunderland,39933,Stephane,0,90,35,33,2,1,1,14 Apr 12:00,0,0,69,13,Midfielder,0,1
0,36502,Sessegnon,0,0,EVE(H) 1-0,Sunderland,39934,Stephane,0,90,33,34,3,1,0,20 Apr 15:00,0,0,70,11,Midfielder,0,1
0,52635,Sessegnon,6,0,AVL(A) 1-6,Sunderland,39935,Stephane,0,69,-1,35,0,0,0,29 Apr 20:00,0,0,72,-1,Midfielder,1,0
0,-68488,Sessegnon,0,0,STK(H) 1-1,Sunderland,39936,Stephane,0,0,0,36,0,0,0,06 May 20:00,0,0,70,0,Midfielder,0,0
0,-22814,Sessegnon,0,0,SOU(H) 1-1,Sunderland,39937,Stephane,0,0,0,37,0,0,0,12 May 15:00,0,0,68,0,Midfielder,0,0
0,-8414,Sessegnon,0,0,TOT(A) 0-1,Sunderland,39938,Stephane,0,0,0,38,0,0,0,19 May 16:00,0,0,67,0,Midfielder,0,0
0,0,Sinclair,0,0,QPR(A) 5-0,Man City,4181,Scott,0,14,24,1,0,0,0,18 Aug 15:00,0,0,70,6,Midfielder,0,1
0,-26660,Sinclair,0,0,WHU(H) 3-0,Man City,4182,Scott,0,0,0,2,0,0,0,25 Aug 12:45,0,0,70,0,Midfielder,0,0
0,-78687,Sinclair,0,0,QPR(H) 3-1,Man City,4183,Scott,0,0,0,3,0,0,0,01 Sep 17:30,0,0,68,0,Midfielder,0,0
0,-50353,Sinclair,1,0,STK(A) 1-1,Man City,4184,Scott,0,73,6,4,0,0,0,15 Sep 15:00,0,0,66,2,Midfielder,0,0
0,-13547,Sinclair,0,0,ARS(H) 1-1,Man City,4185,Scott,0,45,5,5,0,0,0,23 Sep 16:00,0,0,66,1,Midfielder,0,0
0,-10989,Sinclair,0,0,FUL(A) 2-1,Man City,4186,Scott,0,0,0,6,0,0,0,29 Sep 15:00,0,0,65,0,Midfielder,0,0
0,-10120,Sinclair,0,0,SUN(H) 3-0,Man City,4187,Scott,0,0,0,7,0,0,0,06 Oct 12:45,0,0,64,0,Midfielder,0,0
0,-8093,Sinclair,0,0,WBA(A) 2-1,Man City,4188,Scott,0,0,0,8,0,0,0,20 Oct 15:00,0,0,63,0,Midfielder,0,0
0,-3836,Sinclair,0,0,SWA(H) 1-0,Man City,4189,Scott,0,0,0,9,0,0,0,27 Oct 17:30,0,0,63,0,Midfielder,0,0
0,-4132,Sinclair,0,0,WHU(A) 0-0,Man City,41810,Scott,0,1,0,10,0,0,0,03 Nov 17:30,0,0,62,1,Midfielder,0,0
0,-2574,Sinclair,0,0,TOT(H) 2-1,Man City,41811,Scott,0,0,0,11,0,0,0,11 Nov 13:30,0,0,62,0,Midfielder,0,0
0,-2194,Sinclair,0,0,AVL(H) 5-0,Man City,41812,Scott,0,15,-5,12,0,0,0,17 Nov 15:00,0,0,62,1,Midfielder,0,0
0,-1841,Sinclair,0,0,CHE(A) 0-0,Man City,41813,Scott,0,0,0,13,0,0,0,25 Nov 16:00,0,0,62,0,Midfielder,0,0
0,-824,Sinclair,0,0,WIG(A) 2-0,Man City,41814,Scott,0,0,0,14,0,0,0,28 Nov 20:00,0,0,62,0,Midfielder,0,0
0,-934,Sinclair,0,0,EVE(H) 1-1,Man City,41815,Scott,0,0,0,15,0,0,0,01 Dec 15:00,0,0,62,0,Midfielder,0,0
0,-1400,Sinclair,0,0,MUN(H) 2-3,Man City,41816,Scott,0,0,0,16,0,0,0,09 Dec 13:30,0,0,61,0,Midfielder,0,0
0,-1212,Sinclair,0,0,NEW(A) 3-1,Man City,41817,Scott,0,0,0,17,0,0,0,15 Dec 12:45,0,0,61,0,Midfielder,0,0
0,-948,Sinclair,0,0,RDG(H) 1-0,Man City,41818,Scott,0,17,0,18,0,0,0,22 Dec 15:00,0,0,61,1,Midfielder,0,0
0,-512,Sinclair,0,0,SUN(A) 0-1,Man City,41819,Scott,0,0,0,19,0,0,0,26 Dec 15:00,0,0,61,0,Midfielder,0,0
0,-446,Sinclair,0,0,NOR(A) 4-3,Man City,41820,Scott,0,0,0,20,0,0,0,29 Dec 15:00,0,0,61,0,Midfielder,0,0
0,-507,Sinclair,0,0,STK(H) 3-0,Man City,41821,Scott,0,9,1,21,0,0,0,01 Jan 15:00,0,0,61,1,Midfielder,0,0
0,-1346,Sinclair,0,0,ARS(A) 2-0,Man City,41822,Scott,0,0,0,22,0,0,0,13 Jan 16:00,0,0,61,0,Midfielder,0,0
0,-640,Sinclair,0,0,FUL(H) 2-0,Man City,41823,Scott,0,0,0,23,0,0,0,19 Jan 15:00,0,0,61,0,Midfielder,0,0
0,-699,Sinclair,0,0,QPR(A) 0-0,Man City,41824,Scott,0,5,1,24,0,0,0,29 Jan 19:45,0,0,61,1,Midfielder,0,0
0,-325,Sinclair,0,0,LIV(H) 2-2,Man City,41825,Scott,0,0,0,25,0,0,0,03 Feb 16:00,0,0,61,0,Midfielder,0,0
0,-333,Sinclair,0,0,SOU(A) 1-3,Man City,41826,Scott,0,0,0,26,0,0,0,09 Feb 17:30,0,0,61,0,Midfielder,0,0
0,-444,Sinclair,0,0,CHE(H) 2-0,Man City,41827,Scott,0,0,0,27,0,0,0,24 Feb 13:30,0,0,60,0,Midfielder,0,0
0,-226,Sinclair,0,0,AVL(A) 1-0,Man City,41828,Scott,0,0,0,28,0,0,0,04 Mar 20:00,0,0,60,0,Midfielder,0,0
0,-135,Sinclair,1,0,EVE(A) 0-2,Man City,41830,Scott,0,8,1,30,0,0,0,16 Mar 12:45,0,0,60,1,Midfielder,0,0
0,-174,Sinclair,0,0,NEW(H) 4-0,Man City,41831,Scott,0,9,5,31,0,0,0,30 Mar 15:00,0,0,60,1,Midfielder,0,0
0,-111,Sinclair,0,0,MUN(A) 2-1,Man City,41832,Scott,0,0,0,32,0,0,0,08 Apr 20:00,0,0,60,0,Midfielder,0,0
0,-105,Sinclair,0,0,WIG(H) 1-0,Man City,41833,Scott,0,8,1,33,0,0,0,17 Apr 19:45,0,0,60,1,Midfielder,0,0
0,-70,Sinclair,0,0,TOT(A) 1-3,Man City,41834,Scott,0,8,1,34,0,0,0,21 Apr 13:30,0,0,60,1,Midfielder,0,0
0,-76,Sinclair,0,0,WHU(H) 2-1,Man City,41835,Scott,0,0,0,35,0,0,0,27 Apr 12:45,0,0,60,0,Midfielder,0,0
0,-61,Sinclair,0,0,WBA(H) 1-0,Man City,41836,Scott,0,0,0,36,0,0,0,07 May 19:45,0,0,60,0,Midfielder,0,0
0,-109,Sinclair,0,0,RDG(A) 2-0,Man City,41837,Scott,0,0,0,37,0,0,0,14 May 20:00,0,0,60,0,Midfielder,0,0
0,-129,Sinclair,0,0,NOR(H) 2-3,Man City,41838,Scott,0,0,0,38,0,0,0,19 May 16:00,0,0,60,0,Midfielder,0,0
0,0,Dobbie,0,0,QPR(A) 5-0,Swansea,4241,Stephen,0,0,0,1,0,0,0,18 Aug 15:00,0,0,45,0,Midfielder,0,0
0,-340,Dobbie,0,0,WHU(H) 3-0,Swansea,4242,Stephen,0,0,0,2,0,0,0,25 Aug 12:45,0,0,45,0,Midfielder,0,0
0,-205,Dobbie,0,0,SUN(H) 2-2,Swansea,4243,Stephen,0,0,0,3,0,0,0,01 Sep 15:00,0,0,44,0,Midfielder,0,0
0,-241,Dobbie,0,0,AVL(A) 0-2,Swansea,4244,Stephen,0,0,0,4,0,0,0,15 Sep 15:00,0,0,44,0,Midfielder,0,0
0,76,Dobbie,0,0,EVE(H) 0-3,Swansea,4245,Stephen,0,0,0,5,0,0,0,22 Sep 12:45,0,0,43,0,Midfielder,0,0
0,113,Dobbie,0,0,STK(A) 0-2,Swansea,4246,Stephen,0,0,0,6,0,0,0,29 Sep 15:00,0,0,43,0,Midfielder,0,0
0,38,Dobbie,0,0,RDG(H) 2-2,Swansea,4247,Stephen,0,0,0,7,0,0,0,06 Oct 15:00,0,0,43,0,Midfielder,0,0
0,-31,Dobbie,0,0,WIG(H) 2-1,Swansea,4248,Stephen,0,0,0,8,0,0,0,20 Oct 15:00,0,0,43,0,Midfielder,0,0
0,-19,Dobbie,0,0,MCI(A) 0-1,Swansea,4249,Stephen,0,0,0,9,0,0,0,27 Oct 17:30,0,0,43,0,Midfielder,0,0
0,-49,Dobbie,0,0,CHE(H) 1-1,Swansea,42410,Stephen,0,0,0,10,0,0,0,03 Nov 15:00,0,0,43,0,Midfielder,0,0
0,-29,Dobbie,0,0,SOU(A) 1-1,Swansea,42411,Stephen,0,0,0,11,0,0,0,10 Nov 15:00,0,0,43,0,Midfielder,0,0
0,-53,Dobbie,0,0,NEW(A) 2-1,Swansea,42412,Stephen,0,0,0,12,0,0,0,17 Nov 15:00,0,0,43,0,Midfielder,0,0
0,-127,Dobbie,0,0,LIV(H) 0-0,Swansea,42413,Stephen,0,0,0,13,0,0,0,25 Nov 13:30,0,0,43,0,Midfielder,0,0
0,-57,Dobbie,0,0,WBA(H) 3-1,Swansea,42414,Stephen,0,0,0,14,0,0,0,28 Nov 19:45,0,0,43,0,Midfielder,0,0
0,-77,Dobbie,0,0,ARS(A) 2-0,Swansea,42415,Stephen,0,0,0,15,0,0,0,01 Dec 15:00,0,0,43,0,Midfielder,0,0
0,-116,Dobbie,0,0,NOR(H) 3-4,Swansea,42416,Stephen,0,0,0,16,0,0,0,08 Dec 15:00,0,0,43,0,Midfielder,0,0
0,-62,Dobbie,0,0,TOT(A) 0-1,Swansea,42417,Stephen,0,0,0,17,0,0,0,16 Dec 13:30,0,0,43,0,Midfielder,0,0
0,-50,Dobbie,0,0,MUN(H) 1-1,Swansea,42418,Stephen,0,0,0,18,0,0,0,23 Dec 13:30,0,0,43,0,Midfielder,0,0
0,-32,Dobbie,0,0,RDG(A) 0-0,Swansea,42419,Stephen,0,0,0,19,0,0,0,26 Dec 15:00,0,0,43,0,Midfielder,0,0
0,-43,Dobbie,0,0,FUL(A) 2-1,Swansea,42420,Stephen,0,0,0,20,0,0,0,29 Dec 15:00,0,0,43,0,Midfielder,0,0
0,-25,Dobbie,0,0,AVL(H) 2-2,Swansea,42421,Stephen,0,0,0,21,0,0,0,01 Jan 15:00,0,0,43,0,Midfielder,0,0
0,-103,Dobbie,0,0,EVE(A) 0-0,Swansea,42422,Stephen,0,0,0,22,0,0,0,12 Jan 15:00,0,0,43,0,Midfielder,0,0
0,-43,Dobbie,0,0,STK(H) 3-1,Swansea,42423,Stephen,0,0,0,23,0,0,0,19 Jan 15:00,0,0,43,0,Midfielder,0,0
0,-49,Dobbie,0,0,SUN(A) 0-0,Swansea,42424,Stephen,0,0,0,24,0,0,0,29 Jan 19:45,0,0,43,0,Midfielder,0,0
0,-24,Dobbie,0,0,WHU(A) 0-1,Swansea,42425,Stephen,0,0,0,25,0,0,0,02 Feb 15:00,0,0,43,0,Midfielder,0,0
0,-20,Dobbie,0,0,LIV(A) 0-5,Swansea,42426,Stephen,0,0,0,26,0,0,0,17 Feb 15:00,0,0,43,0,Midfielder,0,0
0,-13,Dobbie,0,0,NEW(H) 1-0,Swansea,42428,Stephen,0,0,0,28,0,0,0,02 Mar 15:00,0,0,43,0,Midfielder,0,0
0,-7,Dobbie,0,0,WBA(A) 1-2,Swansea,42429,Stephen,0,0,0,29,0,0,0,09 Mar 15:00,0,0,43,0,Midfielder,0,0
0,-5,Dobbie,0,0,ARS(H) 0-2,Swansea,42430,Stephen,0,0,0,30,0,0,0,16 Mar 15:00,0,0,43,0,Midfielder,0,0
0,-5,Dobbie,0,0,TOT(H) 1-2,Swansea,42431,Stephen,0,0,0,31,0,0,0,30 Mar 15:00,0,0,43,0,Midfielder,0,0
0,-2,Dobbie,0,0,NOR(A) 2-2,Swansea,42432,Stephen,0,0,0,32,0,0,0,06 Apr 15:00,0,0,43,0,Midfielder,0,0
0,-6,Dobbie,0,0,SOU(H) 0-0,Swansea,42434,Stephen,0,0,0,34,0,0,0,20 Apr 15:00,0,0,43,0,Midfielder,0,0
0,-6,Dobbie,0,0,CHE(A) 0-2,Swansea,42435,Stephen,0,0,0,35,0,0,0,28 Apr 15:00,0,0,43,0,Midfielder,0,0
0,-6,Dobbie,0,0,WIG(A) 3-2,Swansea,42436,Stephen,0,0,0,36,0,0,0,07 May 19:45,0,0,43,0,Midfielder,0,0
0,-3,Dobbie,0,0,MUN(A) 1-2,Swansea,42437,Stephen,0,0,0,37,0,0,0,12 May 16:00,0,0,43,0,Midfielder,0,0
0,-2,Dobbie,0,0,FUL(H) 0-3,Swansea,42438,Stephen,0,0,0,38,0,0,0,19 May 16:00,0,0,43,0,Midfielder,0,0
0,0,Caulker,0,0,NEW(A) 1-2,Tottenham,4421,Steven,0,0,0,1,0,0,0,18 Aug 17:30,0,0,50,0,Defender,0,0
0,-2714,Caulker,0,0,WBA(H) 1-1,Tottenham,4422,Steven,0,0,0,2,0,0,0,25 Aug 15:00,0,0,50,0,Defender,0,0
0,-3296,Caulker,0,0,NOR(H) 1-1,Tottenham,4423,Steven,0,0,0,3,0,0,0,01 Sep 15:00,0,0,48,0,Defender,0,0
0,-2099,Caulker,0,0,RDG(A) 3-1,Tottenham,4424,Steven,0,0,0,4,0,0,0,16 Sep 16:00,0,0,47,0,Defender,0,0
0,-801,Caulker,0,0,QPR(H) 2-1,Tottenham,4425,Steven,0,45,19,5,0,0,1,23 Sep 16:00,0,0,47,4,Defender,0,0
0,-108,Caulker,2,0,MUN(A) 3-2,Tottenham,4426,Steven,0,90,8,6,0,0,0,29 Sep 17:30,0,0,47,1,Defender,0,0
0,2992,Caulker,0,0,AVL(H) 2-0,Tottenham,4427,Steven,0,90,37,7,3,1,0,07 Oct 15:00,0,0,47,15,Defender,0,1
0,16337,Caulker,4,0,CHE(H) 2-4,Tottenham,4428,Steven,0,90,3,8,0,0,0,20 Oct 12:45,0,0,47,0,Defender,0,0
0,9823,Caulker,1,0,SOU(A) 2-1,Tottenham,4429,Steven,0,90,19,9,0,0,0,28 Oct 15:00,0,0,47,2,Defender,0,0
0,14034,Caulker,1,0,WIG(H) 0-1,Tottenham,44210,Steven,0,90,-1,10,0,0,0,03 Nov 15:00,0,0,48,2,Defender,0,0
0,-271,Caulker,2,0,MCI(A) 1-2,Tottenham,44211,Steven,0,90,20,11,1,0,0,11 Nov 13:30,0,0,48,8,Defender,0,1
0,20856,Caulker,0,0,ARS(A) 2-5,Tottenham,44212,Steven,0,0,0,12,0,0,0,17 Nov 12:45,0,0,48,0,Defender,0,0
0,12438,Caulker,1,0,WHU(H) 3-1,Tottenham,44213,Steven,0,90,21,13,1,0,0,25 Nov 16:00,0,0,49,3,Defender,0,0
0,1882,Caulker,0,0,LIV(H) 2-1,Tottenham,44214,Steven,0,0,0,14,0,0,0,28 Nov 19:45,0,0,49,0,Defender,0,0
0,-6980,Caulker,0,0,FUL(A) 3-0,Tottenham,44215,Steven,0,90,15,15,0,1,0,01 Dec 15:00,0,0,49,6,Defender,0,0
0,2185,Caulker,2,0,EVE(A) 1-2,Tottenham,44216,Steven,0,90,4,16,0,0,0,09 Dec 15:00,0,0,49,1,Defender,0,0
0,3951,Caulker,0,0,SWA(H) 1-0,Tottenham,44217,Steven,0,0,0,17,0,0,0,16 Dec 13:30,0,0,49,0,Defender,0,0
0,-5667,Caulker,0,0,STK(H) 0-0,Tottenham,44218,Steven,0,90,8,18,0,1,0,22 Dec 15:00,0,0,49,6,Defender,0,0
0,4244,Caulker,0,0,AVL(A) 4-0,Tottenham,44219,Steven,0,0,0,19,0,0,0,26 Dec 17:30,0,0,49,0,Defender,0,0
0,-7704,Caulker,1,0,SUN(A) 2-1,Tottenham,44220,Steven,0,90,21,20,1,0,0,29 Dec 12:45,0,0,49,3,Defender,0,0
0,2839,Caulker,0,0,RDG(H) 3-1,Tottenham,44221,Steven,0,0,0,21,0,0,0,01 Jan 15:00,0,0,49,0,Defender,0,0
0,-14933,Caulker,0,0,QPR(A) 0-0,Tottenham,44222,Steven,0,0,0,22,0,0,0,12 Jan 12:45,0,0,48,0,Defender,0,0
0,-14029,Caulker,1,0,MUN(H) 1-1,Tottenham,44223,Steven,0,90,11,23,0,0,0,20 Jan 16:00,0,0,47,2,Defender,0,0
0,-2601,Caulker,0,0,NOR(A) 1-1,Tottenham,44224,Steven,0,0,0,24,0,0,0,30 Jan 19:45,0,0,47,0,Defender,0,0
0,-4557,Caulker,0,0,WBA(A) 1-0,Tottenham,44225,Steven,0,0,0,25,0,0,0,03 Feb 13:30,0,0,46,0,Defender,0,0
0,-3335,Caulker,1,0,NEW(H) 2-1,Tottenham,44226,Steven,0,90,14,26,0,0,0,09 Feb 12:45,0,0,45,2,Defender,0,0
0,1727,Caulker,2,0,WHU(A) 3-2,Tottenham,44227,Steven,0,90,33,27,2,0,1,25 Feb 20:00,0,0,45,6,Defender,0,0
0,2747,Caulker,0,0,ARS(H) 2-1,Tottenham,44228,Steven,0,0,0,28,0,0,0,03 Mar 16:00,0,0,45,0,Defender,0,0
0,157,Caulker,0,0,LIV(A) 2-3,Tottenham,44229,Steven,0,0,0,29,0,0,0,10 Mar 16:00,0,0,45,0,Defender,0,0
0,-2160,Caulker,1,0,FUL(H) 0-1,Tottenham,44230,Steven,0,90,6,30,0,0,0,17 Mar 15:00,0,0,45,2,Defender,0,0
0,-840,Caulker,0,0,SWA(A) 2-1,Tottenham,44231,Steven,0,0,0,31,0,0,0,30 Mar 15:00,0,0,45,0,Defender,0,0
0,-1554,Caulker,2,0,EVE(H) 2-2,Tottenham,44232,Steven,0,90,6,32,0,0,0,07 Apr 14:05,0,0,45,1,Defender,0,0
0,-679,Caulker,0,0,MCI(H) 3-1,Tottenham,44234,Steven,0,0,0,34,0,0,0,21 Apr 13:30,0,0,44,0,Defender,0,0
0,-617,Caulker,0,0,WIG(A) 2-2,Tottenham,44235,Steven,0,0,0,35,0,0,0,27 Apr 15:00,0,0,44,0,Defender,0,0
0,-292,Caulker,0,0,CHE(A) 2-2,Tottenham,44236,Steven,0,0,0,36,0,0,0,08 May 19:45,0,0,44,0,Defender,0,0
0,-693,Caulker,1,0,STK(A) 2-1,Tottenham,44237,Steven,0,90,13,37,0,0,0,12 May 13:30,0,0,44,2,Defender,0,0
0,266,Caulker,0,0,SUN(H) 1-0,Tottenham,44238,Steven,0,0,0,38,0,0,0,19 May 16:00,0,0,44,0,Defender,0,0
0,0,Parker,0,0,NEW(A) 1-2,Tottenham,4521,Scott,0,0,0,1,0,0,0,18 Aug 17:30,0,0,55,0,Midfielder,0,0
0,-5195,Parker,0,0,WBA(H) 1-1,Tottenham,4522,Scott,0,0,0,2,0,0,0,25 Aug 15:00,0,0,55,0,Midfielder,0,0
0,-4244,Parker,0,0,NOR(H) 1-1,Tottenham,4523,Scott,0,0,0,3,0,0,0,01 Sep 15:00,0,0,54,0,Midfielder,0,0
0,-2202,Parker,0,0,RDG(A) 3-1,Tottenham,4524,Scott,0,0,0,4,0,0,0,16 Sep 16:00,0,0,54,0,Midfielder,0,0
0,-888,Parker,0,0,QPR(H) 2-1,Tottenham,4525,Scott,0,0,0,5,0,0,0,23 Sep 16:00,0,0,54,0,Midfielder,0,0
0,-682,Parker,0,0,MUN(A) 3-2,Tottenham,4526,Scott,0,0,0,6,0,0,0,29 Sep 17:30,0,0,53,0,Midfielder,0,0
0,-505,Parker,0,0,AVL(H) 2-0,Tottenham,4527,Scott,0,0,0,7,0,0,0,07 Oct 15:00,0,0,53,0,Midfielder,0,0
0,-596,Parker,0,0,CHE(H) 2-4,Tottenham,4528,Scott,0,0,0,8,0,0,0,20 Oct 12:45,0,0,53,0,Midfielder,0,0
0,-460,Parker,0,0,SOU(A) 2-1,Tottenham,4529,Scott,0,0,0,9,0,0,0,28 Oct 15:00,0,0,53,0,Midfielder,0,0
0,-284,Parker,0,0,WIG(H) 0-1,Tottenham,45210,Scott,0,0,0,10,0,0,0,03 Nov 15:00,0,0,53,0,Midfielder,0,0
0,-270,Parker,0,0,MCI(A) 1-2,Tottenham,45211,Scott,0,0,0,11,0,0,0,11 Nov 13:30,0,0,53,0,Midfielder,0,0
0,-227,Parker,0,0,ARS(A) 2-5,Tottenham,45212,Scott,0,0,0,12,0,0,0,17 Nov 12:45,0,0,53,0,Midfielder,0,0
0,-247,Parker,0,0,WHU(H) 3-1,Tottenham,45213,Scott,0,0,0,13,0,0,0,25 Nov 16:00,0,0,53,0,Midfielder,0,0
0,-98,Parker,0,0,LIV(H) 2-1,Tottenham,45214,Scott,0,0,0,14,0,0,0,28 Nov 19:45,0,0,52,0,Midfielder,0,0
0,-90,Parker,0,0,FUL(A) 3-0,Tottenham,45215,Scott,0,0,0,15,0,0,0,01 Dec 15:00,0,0,52,0,Midfielder,0,0
0,-134,Parker,0,0,EVE(A) 1-2,Tottenham,45216,Scott,0,0,0,16,0,0,0,09 Dec 15:00,0,0,52,0,Midfielder,0,0
0,-52,Parker,0,0,SWA(H) 1-0,Tottenham,45217,Scott,0,1,0,17,0,0,0,16 Dec 13:30,0,0,52,1,Midfielder,0,0
0,308,Parker,0,0,STK(H) 0-0,Tottenham,45218,Scott,0,6,1,18,0,0,0,22 Dec 15:00,0,0,52,1,Midfielder,0,0
0,60,Parker,0,0,AVL(A) 4-0,Tottenham,45219,Scott,0,25,5,19,0,0,0,26 Dec 17:30,0,0,52,1,Midfielder,0,0
0,88,Parker,0,0,SUN(A) 2-1,Tottenham,45220,Scott,0,8,2,20,0,0,0,29 Dec 12:45,0,0,52,1,Midfielder,0,0
0,30,Parker,0,0,RDG(H) 3-1,Tottenham,45221,Scott,0,21,4,21,0,0,0,01 Jan 15:00,0,0,52,1,Midfielder,0,0
0,27,Parker,0,0,QPR(A) 0-0,Tottenham,45222,Scott,0,66,2,22,0,1,0,12 Jan 12:45,0,0,52,3,Midfielder,0,0
0,206,Parker,1,0,MUN(H) 1-1,Tottenham,45223,Scott,0,79,12,23,0,0,0,20 Jan 16:00,0,0,52,2,Midfielder,0,0
0,519,Parker,1,0,NOR(A) 1-1,Tottenham,45224,Scott,0,90,9,24,0,0,0,30 Jan 19:45,0,0,52,2,Midfielder,0,0
0,114,Parker,0,0,WBA(A) 1-0,Tottenham,45225,Scott,0,90,17,25,0,1,0,03 Feb 13:30,0,0,52,3,Midfielder,0,0
0,-10,Parker,1,0,NEW(H) 2-1,Tottenham,45226,Scott,0,90,21,26,1,0,0,09 Feb 12:45,0,0,52,3,Midfielder,0,0
0,355,Parker,2,0,WHU(A) 3-2,Tottenham,45227,Scott,0,87,12,27,0,0,0,25 Feb 20:00,0,0,52,2,Midfielder,0,0
0,74,Parker,1,0,ARS(H) 2-1,Tottenham,45228,Scott,0,90,21,28,0,0,1,03 Mar 16:00,0,0,52,5,Midfielder,0,0
0,1306,Parker,3,0,LIV(A) 2-3,Tottenham,45229,Scott,0,90,5,29,0,0,0,10 Mar 16:00,0,0,52,2,Midfielder,0,0
0,478,Parker,1,0,FUL(H) 0-1,Tottenham,45230,Scott,0,90,0,30,0,0,0,17 Mar 15:00,0,0,52,2,Midfielder,0,0
1,-27,Parker,1,0,SWA(A) 2-1,Tottenham,45231,Scott,0,90,14,31,0,0,0,30 Mar 15:00,0,0,52,1,Midfielder,0,0
0,-155,Parker,2,0,EVE(H) 2-2,Tottenham,45232,Scott,0,88,9,32,0,0,0,07 Apr 14:05,0,0,52,2,Midfielder,0,0
0,-74,Parker,1,0,MCI(H) 3-1,Tottenham,45234,Scott,0,60,11,34,0,0,0,21 Apr 13:30,0,0,52,2,Midfielder,0,0
0,9,Parker,2,0,WIG(A) 2-2,Tottenham,45235,Scott,0,72,-1,35,0,0,0,27 Apr 15:00,0,0,52,2,Midfielder,0,0
0,570,Parker,2,0,CHE(A) 2-2,Tottenham,45236,Scott,0,90,16,36,0,0,0,08 May 19:45,0,0,52,2,Midfielder,0,0
0,-223,Parker,1,0,STK(A) 2-1,Tottenham,45237,Scott,0,67,17,37,0,0,0,12 May 13:30,0,0,52,2,Midfielder,0,0
0,-2,Parker,0,0,SUN(H) 1-0,Tottenham,45238,Scott,0,63,8,38,0,1,0,19 May 16:00,0,0,52,3,Midfielder,0,0
0,0,Pienaar,0,0,MUN(H) 1-0,Everton,4561,Steven,0,90,18,1,0,1,0,20 Aug 20:00,0,0,65,3,Midfielder,0,0
0,-3358,Pienaar,1,0,AVL(A) 3-1,Everton,4562,Steven,0,90,39,2,3,0,0,25 Aug 15:00,0,0,65,10,Midfielder,0,1
0,56840,Pienaar,2,0,WBA(A) 0-2,Everton,4563,Steven,0,90,4,3,0,0,0,01 Sep 15:00,0,0,65,2,Midfielder,0,0
1,-2704,Pienaar,2,0,NEW(H) 2-2,Everton,4564,Steven,0,90,14,4,0,0,2,17 Sep 20:00,0,0,66,7,Midfielder,0,0
0,23108,Pienaar,0,0,SWA(A) 3-0,Everton,4565,Steven,0,84,17,5,0,1,1,22 Sep 12:45,0,0,66,6,Midfielder,0,0
0,52611,Pienaar,1,0,SOU(H) 3-1,Everton,4566,Steven,0,90,18,6,0,0,0,29 Sep 15:00,0,0,67,2,Midfielder,0,0
0,3759,Pienaar,2,0,WIG(A) 2-2,Everton,4567,Steven,0,90,36,7,3,0,1,06 Oct 15:00,0,0,68,8,Midfielder,0,0
0,73935,Pienaar,1,0,QPR(A) 1-1,Everton,4568,Steven,0,60,5,8,0,0,0,21 Oct 16:00,0,0,69,-1,Midfielder,1,0
0,-116041,Pienaar,0,0,LIV(H) 2-2,Everton,4569,Steven,0,0,0,9,0,0,0,28 Oct 13:30,0,0,69,0,Midfielder,0,0
0,-13149,Pienaar,2,0,FUL(A) 2-2,Everton,45610,Steven,0,90,7,10,0,0,0,03 Nov 15:00,0,0,69,2,Midfielder,0,0
0,-14740,Pienaar,1,0,SUN(H) 2-1,Everton,45611,Steven,0,90,21,11,0,0,0,10 Nov 15:00,0,0,69,2,Midfielder,0,0
0,-23338,Pienaar,2,0,RDG(A) 1-2,Everton,45612,Steven,0,90,2,12,0,0,0,17 Nov 15:00,0,0,68,2,Midfielder,0,0
0,112,Pienaar,1,0,NOR(H) 1-1,Everton,45613,Steven,0,90,10,13,0,0,0,24 Nov 15:00,0,0,68,2,Midfielder,0,0
0,-21151,Pienaar,1,0,ARS(H) 1-1,Everton,45614,Steven,0,90,4,14,0,0,0,28 Nov 19:45,0,0,68,2,Midfielder,0,0
0,-24092,Pienaar,1,0,MCI(A) 1-1,Everton,45615,Steven,0,90,11,15,0,0,0,01 Dec 15:00,0,0,66,2,Midfielder,0,0
0,-17230,Pienaar,1,0,TOT(H) 2-1,Everton,45616,Steven,0,90,29,16,3,0,0,09 Dec 15:00,0,0,65,10,Midfielder,0,1
0,340,Pienaar,1,0,STK(A) 1-1,Everton,45617,Steven,0,90,7,17,0,0,1,15 Dec 15:00,0,0,65,5,Midfielder,0,0
0,16733,Pienaar,1,0,WHU(A) 2-1,Everton,45618,Steven,0,87,46,18,3,0,1,22 Dec 15:00,0,0,65,13,Midfielder,0,1
0,122283,Pienaar,1,0,WIG(H) 2-1,Everton,45619,Steven,0,90,15,19,0,0,0,26 Dec 15:00,0,0,68,2,Midfielder,0,0
1,1328,Pienaar,2,0,CHE(H) 1-2,Everton,45620,Steven,0,79,20,20,1,0,0,30 Dec 13:30,0,0,68,7,Midfielder,0,1
1,5428,Pienaar,1,0,NEW(A) 2-1,Everton,45621,Steven,0,90,19,21,0,0,0,02 Jan 20:00,0,0,68,1,Midfielder,0,0
0,-29651,Pienaar,0,0,SWA(H) 0-0,Everton,45622,Steven,0,90,8,22,0,1,0,12 Jan 15:00,0,0,68,3,Midfielder,0,0
0,-20689,Pienaar,0,0,SOU(A) 0-0,Everton,45623,Steven,0,90,9,23,0,1,0,21 Jan 20:00,0,0,68,3,Midfielder,0,0
0,-12276,Pienaar,1,0,WBA(H) 2-1,Everton,45624,Steven,0,90,9,24,0,0,0,30 Jan 19:45,0,0,68,2,Midfielder,0,0
0,-5674,Pienaar,3,0,AVL(H) 3-3,Everton,45625,Steven,0,90,6,25,0,0,0,02 Feb 15:00,0,0,68,2,Midfielder,0,0
0,-26894,Pienaar,2,0,MUN(A) 0-2,Everton,45626,Steven,0,90,2,26,0,0,0,10 Feb 16:00,0,0,68,2,Midfielder,0,0
0,-5473,Pienaar,1,0,NOR(A) 1-2,Everton,45627,Steven,0,85,2,27,0,0,0,23 Feb 15:00,0,0,67,2,Midfielder,0,0
0,-3056,Pienaar,0,0,RDG(H) 3-1,Everton,45628,Steven,0,80,35,28,1,1,1,02 Mar 15:00,0,0,67,12,Midfielder,0,1
0,3412,Pienaar,0,0,MCI(H) 2-0,Everton,45630,Steven,0,60,7,30,0,1,0,16 Mar 12:45,0,0,67,0,Midfielder,1,0
0,-39417,Pienaar,0,0,STK(H) 1-0,Everton,45631,Steven,0,0,0,31,0,0,0,30 Mar 17:30,0,0,66,0,Midfielder,0,0
0,-13022,Pienaar,0,0,TOT(A) 2-2,Everton,45632,Steven,0,0,0,32,0,0,0,07 Apr 14:05,0,0,66,0,Midfielder,0,0
1,24442,Pienaar,0,0,ARS(A) 0-0,Everton,45633,Steven,0,90,4,33,0,1,0,16 Apr 19:45,0,0,66,2,Midfielder,0,0
0,261,Pienaar,1,0,SUN(A) 0-1,Everton,45634,Steven,0,90,8,34,0,0,0,20 Apr 15:00,0,0,66,2,Midfielder,0,0
0,-4679,Pienaar,0,0,FUL(H) 1-0,Everton,45635,Steven,0,90,36,35,3,1,0,27 Apr 15:00,0,0,66,11,Midfielder,0,1
0,-1712,Pienaar,0,0,LIV(A) 0-0,Everton,45636,Steven,0,90,0,36,0,1,0,05 May 13:30,0,0,66,3,Midfielder,0,0
0,9131,Pienaar,0,0,WHU(H) 2-0,Everton,45637,Steven,0,90,23,37,0,1,1,12 May 15:00,0,0,66,6,Midfielder,0,0
0,-1273,Pienaar,2,0,CHE(A) 1-2,Everton,45638,Steven,0,90,-2,38,0,0,0,19 May 16:00,0,0,66,2,Midfielder,0,0
0,0,Reid,0,0,LIV(H) 3-0,West Brom,4751,Steven,0,90,11,1,0,1,0,18 Aug 15:00,0,0,50,3,Midfielder,0,0
1,-94,Reid,1,0,TOT(A) 1-1,West Brom,4752,Steven,0,90,5,2,0,0,0,25 Aug 15:00,0,0,50,1,Midfielder,0,0
1,-204,Reid,0,0,EVE(H) 2-0,West Brom,4753,Steven,0,51,13,3,0,0,0,01 Sep 15:00,0,0,50,0,Midfielder,0,0
0,-244,Reid,0,0,FUL(A) 0-3,West Brom,4754,Steven,0,0,0,4,0,0,0,15 Sep 15:00,0,0,50,0,Midfielder,0,0
0,-237,Reid,0,0,RDG(H) 1-0,West Brom,4755,Steven,0,0,0,5,0,0,0,22 Sep 15:00,0,0,49,0,Midfielder,0,0
0,-193,Reid,0,0,AVL(A) 1-1,West Brom,4756,Steven,0,0,0,6,0,0,0,30 Sep 16:00,0,0,49,0,Midfielder,0,0
0,-170,Reid,0,0,QPR(H) 3-2,West Brom,4757,Steven,0,0,0,7,0,0,0,06 Oct 15:00,0,0,49,0,Midfielder,0,0
0,-122,Reid,0,0,MCI(H) 1-2,West Brom,4758,Steven,0,0,0,8,0,0,0,20 Oct 15:00,0,0,48,0,Midfielder,0,0
0,-61,Reid,0,0,NEW(A) 1-2,West Brom,4759,Steven,0,0,0,9,0,0,0,28 Oct 15:00,0,0,48,0,Midfielder,0,0
0,-63,Reid,0,0,SOU(H) 2-0,West Brom,47510,Steven,0,0,0,10,0,0,0,05 Nov 20:00,0,0,48,0,Midfielder,0,0
0,-39,Reid,0,0,WIG(A) 2-1,West Brom,47511,Steven,0,0,0,11,0,0,0,10 Nov 15:00,0,0,47,0,Midfielder,0,0
0,-27,Reid,0,0,CHE(H) 2-1,West Brom,47512,Steven,0,0,0,12,0,0,0,17 Nov 15:00,0,0,47,0,Midfielder,0,0
0,11,Reid,0,0,SUN(A) 4-2,West Brom,47513,Steven,0,0,0,13,0,0,0,24 Nov 12:45,0,0,47,0,Midfielder,0,0
0,12,Reid,0,0,SWA(A) 1-3,West Brom,47514,Steven,0,0,0,14,0,0,0,28 Nov 19:45,0,0,47,0,Midfielder,0,0
0,0,Reid,1,0,STK(H) 0-1,West Brom,47515,Steven,0,90,14,15,0,0,0,01 Dec 15:00,0,0,47,2,Midfielder,0,0
1,-2,Reid,2,0,ARS(A) 0-2,West Brom,47516,Steven,0,90,7,16,0,0,0,08 Dec 15:00,0,0,47,1,Midfielder,0,0
0,0,Reid,0,0,WHU(H) 0-0,West Brom,47517,Steven,0,0,0,17,0,0,0,16 Dec 16:00,0,0,47,0,Midfielder,0,0
0,-22,Reid,0,0,NOR(H) 2-1,West Brom,47518,Steven,0,0,0,18,0,0,0,22 Dec 15:00,0,0,47,0,Midfielder,0,0
0,-30,Reid,0,0,QPR(A) 2-1,West Brom,47519,Steven,0,0,0,19,0,0,0,26 Dec 15:00,0,0,47,0,Midfielder,0,0
0,-36,Reid,0,0,MUN(A) 0-2,West Brom,47520,Steven,0,0,0,20,0,0,0,29 Dec 15:00,0,0,47,0,Midfielder,0,0
0,-20,Reid,0,0,FUL(H) 1-2,West Brom,47521,Steven,0,0,0,21,0,0,0,01 Jan 12:45,0,0,47,0,Midfielder,0,0
0,-42,Reid,0,0,RDG(A) 2-3,West Brom,47522,Steven,0,0,0,22,0,0,0,12 Jan 15:00,0,0,47,0,Midfielder,0,0
0,-10,Reid,0,0,AVL(H) 2-2,West Brom,47523,Steven,0,0,0,23,0,0,0,19 Jan 17:30,0,0,47,0,Midfielder,0,0
0,-26,Reid,0,0,EVE(A) 1-2,West Brom,47524,Steven,0,0,0,24,0,0,0,30 Jan 19:45,0,0,47,0,Midfielder,0,0
0,0,Reid,1,0,TOT(H) 0-1,West Brom,47525,Steven,0,90,5,25,0,0,0,03 Feb 13:30,0,0,47,2,Midfielder,0,0
1,-4,Reid,0,0,LIV(A) 2-0,West Brom,47526,Steven,0,90,15,26,0,1,0,11 Feb 20:00,0,0,47,2,Midfielder,0,0
0,12,Reid,1,0,SUN(H) 2-1,West Brom,47527,Steven,0,90,17,27,0,0,0,23 Feb 15:00,0,0,47,2,Midfielder,0,0
0,6,Reid,1,0,CHE(A) 0-1,West Brom,47528,Steven,0,90,15,28,0,0,0,02 Mar 15:00,0,0,47,2,Midfielder,0,0
0,63,Reid,0,0,SWA(H) 2-1,West Brom,47529,Steven,0,0,0,29,0,0,0,09 Mar 15:00,0,0,47,0,Midfielder,0,0
0,-24,Reid,0,0,STK(A) 0-0,West Brom,47530,Steven,0,0,0,30,0,0,0,16 Mar 15:00,0,0,47,0,Midfielder,0,0
0,-10,Reid,0,0,WHU(A) 1-3,West Brom,47531,Steven,0,0,0,31,0,0,0,30 Mar 15:00,0,0,47,0,Midfielder,0,0
0,-3,Reid,0,0,ARS(H) 1-2,West Brom,47532,Steven,0,0,0,32,0,0,0,06 Apr 15:00,0,0,47,0,Midfielder,0,0
0,3,Reid,0,0,NEW(H) 1-1,West Brom,47534,Steven,0,0,0,34,0,0,0,20 Apr 15:00,0,0,47,0,Midfielder,0,0
0,5,Reid,0,0,SOU(A) 3-0,West Brom,47535,Steven,0,90,18,35,0,1,0,27 Apr 15:00,0,0,47,3,Midfielder,0,0
0,123,Reid,0,0,MCI(A) 0-1,West Brom,47536,Steven,0,0,0,36,0,0,0,07 May 19:45,0,0,47,0,Midfielder,0,0
0,-5,Reid,1,0,NOR(A) 0-4,West Brom,47537,Steven,0,45,4,37,0,0,0,12 May 15:00,0,0,47,1,Midfielder,0,0
0,-18,Reid,0,0,MUN(H) 5-5,West Brom,47538,Steven,0,0,0,38,0,0,0,19 May 16:00,0,0,47,0,Midfielder,0,0
0,0,Mantom,0,0,LIV(H) 3-0,West Brom,4811,Sam,0,0,0,1,0,0,0,18 Aug 15:00,0,0,45,0,Midfielder,0,0
0,-37,Mantom,0,0,TOT(A) 1-1,West Brom,4812,Sam,0,0,0,2,0,0,0,25 Aug 15:00,0,0,45,0,Midfielder,0,0
0,-54,Mantom,0,0,EVE(H) 2-0,West Brom,4813,Sam,0,0,0,3,0,0,0,01 Sep 15:00,0,0,45,0,Midfielder,0,0
0,-31,Mantom,0,0,FUL(A) 0-3,West Brom,4814,Sam,0,0,0,4,0,0,0,15 Sep 15:00,0,0,44,0,Midfielder,0,0
0,-8,Mantom,0,0,RDG(H) 1-0,West Brom,4815,Sam,0,0,0,5,0,0,0,22 Sep 15:00,0,0,44,0,Midfielder,0,0
0,-22,Mantom,0,0,AVL(A) 1-1,West Brom,4816,Sam,0,0,0,6,0,0,0,30 Sep 16:00,0,0,44,0,Midfielder,0,0
0,-6,Mantom,0,0,QPR(H) 3-2,West Brom,4817,Sam,0,0,0,7,0,0,0,06 Oct 15:00,0,0,44,0,Midfielder,0,0
0,-13,Mantom,0,0,MCI(H) 1-2,West Brom,4818,Sam,0,0,0,8,0,0,0,20 Oct 15:00,0,0,44,0,Midfielder,0,0
0,-18,Mantom,0,0,NEW(A) 1-2,West Brom,4819,Sam,0,0,0,9,0,0,0,28 Oct 15:00,0,0,44,0,Midfielder,0,0
0,3,Mantom,0,0,SOU(H) 2-0,West Brom,48110,Sam,0,0,0,10,0,0,0,05 Nov 20:00,0,0,44,0,Midfielder,0,0
0,0,Mantom,0,0,WIG(A) 2-1,West Brom,48111,Sam,0,0,0,11,0,0,0,10 Nov 15:00,0,0,44,0,Midfielder,0,0
0,-8,Mantom,0,0,CHE(H) 2-1,West Brom,48112,Sam,0,0,0,12,0,0,0,17 Nov 15:00,0,0,44,0,Midfielder,0,0
0,-8,Mantom,0,0,SUN(A) 4-2,West Brom,48113,Sam,0,0,0,13,0,0,0,24 Nov 12:45,0,0,44,0,Midfielder,0,0
0,0,Mantom,0,0,SWA(A) 1-3,West Brom,48114,Sam,0,0,0,14,0,0,0,28 Nov 19:45,0,0,44,0,Midfielder,0,0
0,3,Mantom,0,0,STK(H) 0-1,West Brom,48115,Sam,0,0,0,15,0,0,0,01 Dec 15:00,0,0,44,0,Midfielder,0,0
0,-8,Mantom,0,0,ARS(A) 0-2,West Brom,48116,Sam,0,0,0,16,0,0,0,08 Dec 15:00,0,0,44,0,Midfielder,0,0
0,-6,Mantom,0,0,WHU(H) 0-0,West Brom,48117,Sam,0,0,0,17,0,0,0,16 Dec 16:00,0,0,43,0,Midfielder,0,0
0,5,Mantom,0,0,NOR(H) 2-1,West Brom,48118,Sam,0,0,0,18,0,0,0,22 Dec 15:00,0,0,43,0,Midfielder,0,0
0,-2,Mantom,0,0,QPR(A) 2-1,West Brom,48119,Sam,0,0,0,19,0,0,0,26 Dec 15:00,0,0,43,0,Midfielder,0,0
0,-4,Mantom,0,0,MUN(A) 0-2,West Brom,48120,Sam,0,0,0,20,0,0,0,29 Dec 15:00,0,0,43,0,Midfielder,0,0
0,-3,Mantom,0,0,FUL(H) 1-2,West Brom,48121,Sam,0,0,0,21,0,0,0,01 Jan 12:45,0,0,43,0,Midfielder,0,0
0,-20,Mantom,0,0,RDG(A) 2-3,West Brom,48122,Sam,0,0,0,22,0,0,0,12 Jan 15:00,0,0,43,0,Midfielder,0,0
0,-3,Mantom,0,0,AVL(H) 2-2,West Brom,48123,Sam,0,0,0,23,0,0,0,19 Jan 17:30,0,0,43,0,Midfielder,0,0
0,7,Mantom,0,0,EVE(A) 1-2,West Brom,48124,Sam,0,0,0,24,0,0,0,30 Jan 19:45,0,0,43,0,Midfielder,0,0
0,4,Mantom,0,0,TOT(H) 0-1,West Brom,48125,Sam,0,0,0,25,0,0,0,03 Feb 13:30,0,0,43,0,Midfielder,0,0
0,-6,Mantom,0,0,LIV(A) 2-0,West Brom,48126,Sam,0,0,0,26,0,0,0,11 Feb 20:00,0,0,43,0,Midfielder,0,0
0,-22,Mantom,0,0,SUN(H) 2-1,West Brom,48127,Sam,0,0,0,27,0,0,0,23 Feb 15:00,0,0,43,0,Midfielder,0,0
0,-7,Mantom,0,0,CHE(A) 0-1,West Brom,48128,Sam,0,0,0,28,0,0,0,02 Mar 15:00,0,0,43,0,Midfielder,0,0
0,-6,Mantom,0,0,SWA(H) 2-1,West Brom,48129,Sam,0,0,0,29,0,0,0,09 Mar 15:00,0,0,43,0,Midfielder,0,0
0,-2,Mantom,0,0,STK(A) 0-0,West Brom,48130,Sam,0,0,0,30,0,0,0,16 Mar 15:00,0,0,43,0,Midfielder,0,0
0,-6,Mantom,0,0,WHU(A) 1-3,West Brom,48131,Sam,0,0,0,31,0,0,0,30 Mar 15:00,0,0,43,0,Midfielder,0,0
0,0,Mantom,0,0,ARS(H) 1-2,West Brom,48132,Sam,0,0,0,32,0,0,0,06 Apr 15:00,0,0,43,0,Midfielder,0,0
0,0,Mantom,0,0,NEW(H) 1-1,West Brom,48134,Sam,0,0,0,34,0,0,0,20 Apr 15:00,0,0,43,0,Midfielder,0,0
0,-3,Mantom,0,0,SOU(A) 3-0,West Brom,48135,Sam,0,0,0,35,0,0,0,27 Apr 15:00,0,0,43,0,Midfielder,0,0
0,-2,Mantom,0,0,MCI(A) 0-1,West Brom,48136,Sam,0,0,0,36,0,0,0,07 May 19:45,0,0,43,0,Midfielder,0,0
0,-2,Mantom,0,0,NOR(A) 0-4,West Brom,48137,Sam,0,0,0,37,0,0,0,12 May 15:00,0,0,43,0,Midfielder,0,0
0,-1,Mantom,0,0,MUN(H) 5-5,West Brom,48138,Sam,0,0,0,38,0,0,0,19 May 16:00,0,0,43,0,Midfielder,0,0
0,0,Allan,0,0,LIV(H) 3-0,West Brom,4821,Scott,0,0,0,1,0,0,0,18 Aug 15:00,0,0,45,0,Midfielder,0,0
0,-187,Allan,0,0,TOT(A) 1-1,West Brom,4822,Scott,0,0,0,2,0,0,0,25 Aug 15:00,0,0,45,0,Midfielder,0,0
0,-226,Allan,0,0,EVE(H) 2-0,West Brom,4823,Scott,0,0,0,3,0,0,0,01 Sep 15:00,0,0,44,0,Midfielder,0,0
0,-60,Allan,0,0,FUL(A) 0-3,West Brom,4824,Scott,0,0,0,4,0,0,0,15 Sep 15:00,0,0,44,0,Midfielder,0,0
0,-41,Allan,0,0,RDG(H) 1-0,West Brom,4825,Scott,0,0,0,5,0,0,0,22 Sep 15:00,0,0,44,0,Midfielder,0,0
0,-59,Allan,0,0,AVL(A) 1-1,West Brom,4826,Scott,0,0,0,6,0,0,0,30 Sep 16:00,0,0,44,0,Midfielder,0,0
0,-21,Allan,0,0,QPR(H) 3-2,West Brom,4827,Scott,0,0,0,7,0,0,0,06 Oct 15:00,0,0,44,0,Midfielder,0,0
0,-35,Allan,0,0,MCI(H) 1-2,West Brom,4828,Scott,0,0,0,8,0,0,0,20 Oct 15:00,0,0,44,0,Midfielder,0,0
0,-28,Allan,0,0,NEW(A) 1-2,West Brom,4829,Scott,0,0,0,9,0,0,0,28 Oct 15:00,0,0,44,0,Midfielder,0,0
0,41,Allan,0,0,SOU(H) 2-0,West Brom,48210,Scott,0,0,0,10,0,0,0,05 Nov 20:00,0,0,43,0,Midfielder,0,0
0,28,Allan,0,0,WIG(A) 2-1,West Brom,48211,Scott,0,0,0,11,0,0,0,10 Nov 15:00,0,0,43,0,Midfielder,0,0
0,-9,Allan,0,0,CHE(H) 2-1,West Brom,48212,Scott,0,0,0,12,0,0,0,17 Nov 15:00,0,0,43,0,Midfielder,0,0
0,-3,Allan,0,0,SUN(A) 4-2,West Brom,48213,Scott,0,0,0,13,0,0,0,24 Nov 12:45,0,0,43,0,Midfielder,0,0
0,-19,Allan,0,0,SWA(A) 1-3,West Brom,48214,Scott,0,0,0,14,0,0,0,28 Nov 19:45,0,0,43,0,Midfielder,0,0
0,9,Allan,0,0,STK(H) 0-1,West Brom,48215,Scott,0,0,0,15,0,0,0,01 Dec 15:00,0,0,43,0,Midfielder,0,0
0,-17,Allan,0,0,ARS(A) 0-2,West Brom,48216,Scott,0,0,0,16,0,0,0,08 Dec 15:00,0,0,43,0,Midfielder,0,0
0,-29,Allan,0,0,WHU(H) 0-0,West Brom,48217,Scott,0,0,0,17,0,0,0,16 Dec 16:00,0,0,43,0,Midfielder,0,0
0,-16,Allan,0,0,NOR(H) 2-1,West Brom,48218,Scott,0,0,0,18,0,0,0,22 Dec 15:00,0,0,43,0,Midfielder,0,0
0,-15,Allan,0,0,QPR(A) 2-1,West Brom,48219,Scott,0,0,0,19,0,0,0,26 Dec 15:00,0,0,43,0,Midfielder,0,0
0,-11,Allan,0,0,MUN(A) 0-2,West Brom,48220,Scott,0,0,0,20,0,0,0,29 Dec 15:00,0,0,43,0,Midfielder,0,0
0,-8,Allan,0,0,FUL(H) 1-2,West Brom,48221,Scott,0,0,0,21,0,0,0,01 Jan 12:45,0,0,43,0,Midfielder,0,0
0,-39,Allan,0,0,RDG(A) 2-3,West Brom,48222,Scott,0,0,0,22,0,0,0,12 Jan 15:00,0,0,43,0,Midfielder,0,0
0,-24,Allan,0,0,AVL(H) 2-2,West Brom,48223,Scott,0,0,0,23,0,0,0,19 Jan 17:30,0,0,43,0,Midfielder,0,0
0,-23,Allan,0,0,EVE(A) 1-2,West Brom,48224,Scott,0,0,0,24,0,0,0,30 Jan 19:45,0,0,43,0,Midfielder,0,0
0,-9,Allan,0,0,TOT(H) 0-1,West Brom,48225,Scott,0,0,0,25,0,0,0,03 Feb 13:30,0,0,43,0,Midfielder,0,0
0,13,Allan,0,0,LIV(A) 2-0,West Brom,48226,Scott,0,0,0,26,0,0,0,11 Feb 20:00,0,0,43,0,Midfielder,0,0
0,-13,Allan,0,0,SUN(H) 2-1,West Brom,48227,Scott,0,0,0,27,0,0,0,23 Feb 15:00,0,0,43,0,Midfielder,0,0
0,-7,Allan,0,0,CHE(A) 0-1,West Brom,48228,Scott,0,0,0,28,0,0,0,02 Mar 15:00,0,0,43,0,Midfielder,0,0
0,-7,Allan,0,0,SWA(H) 2-1,West Brom,48229,Scott,0,0,0,29,0,0,0,09 Mar 15:00,0,0,43,0,Midfielder,0,0
0,-2,Allan,0,0,STK(A) 0-0,West Brom,48230,Scott,0,0,0,30,0,0,0,16 Mar 15:00,0,0,43,0,Midfielder,0,0
0,20,Allan,0,0,WHU(A) 1-3,West Brom,48231,Scott,0,0,0,31,0,0,0,30 Mar 15:00,0,0,43,0,Midfielder,0,0
0,14,Allan,0,0,ARS(H) 1-2,West Brom,48232,Scott,0,0,0,32,0,0,0,06 Apr 15:00,0,0,43,0,Midfielder,0,0
0,11,Allan,0,0,NEW(H) 1-1,West Brom,48234,Scott,0,0,0,34,0,0,0,20 Apr 15:00,0,0,43,0,Midfielder,0,0
0,12,Allan,0,0,SOU(A) 3-0,West Brom,48235,Scott,0,0,0,35,0,0,0,27 Apr 15:00,0,0,43,0,Midfielder,0,0
0,17,Allan,0,0,MCI(A) 0-1,West Brom,48236,Scott,0,0,0,36,0,0,0,07 May 19:45,0,0,43,0,Midfielder,0,0
0,7,Allan,0,0,NOR(A) 0-4,West Brom,48237,Scott,0,0,0,37,0,0,0,12 May 15:00,0,0,43,0,Midfielder,0,0
0,6,Allan,0,0,MUN(H) 5-5,West Brom,48238,Scott,0,0,0,38,0,0,0,19 May 16:00,0,0,43,0,Midfielder,0,0
0,0,Cox,0,0,LIV(H) 3-0,West Brom,4871,Simon,0,0,0,1,0,0,0,18 Aug 15:00,0,0,45,0,Forward,0,0
0,-644,Cox,0,0,TOT(A) 1-1,West Brom,4872,Simon,0,0,0,2,0,0,0,25 Aug 15:00,0,0,45,0,Forward,0,0
0,-476,Cox,0,0,EVE(H) 2-0,West Brom,4873,Simon,0,0,0,3,0,0,0,01 Sep 15:00,0,0,45,0,Forward,0,0
0,-213,Cox,0,0,FUL(A) 0-3,West Brom,4874,Simon,0,0,0,4,0,0,0,15 Sep 15:00,0,0,45,0,Forward,0,0
0,-99,Cox,0,0,RDG(H) 1-0,West Brom,4875,Simon,0,0,0,5,0,0,0,22 Sep 15:00,0,0,45,0,Forward,0,0
0,-70,Cox,0,0,AVL(A) 1-1,West Brom,4876,Simon,0,0,0,6,0,0,0,30 Sep 16:00,0,0,45,0,Forward,0,0
0,-44,Cox,0,0,QPR(H) 3-2,West Brom,4877,Simon,0,0,0,7,0,0,0,06 Oct 15:00,0,0,45,0,Forward,0,0
0,-39,Cox,0,0,MCI(H) 1-2,West Brom,4878,Simon,0,0,0,8,0,0,0,20 Oct 15:00,0,0,45,0,Forward,0,0
0,-30,Cox,0,0,NEW(A) 1-2,West Brom,4879,Simon,0,0,0,9,0,0,0,28 Oct 15:00,0,0,45,0,Forward,0,0
0,-22,Cox,0,0,SOU(H) 2-0,West Brom,48710,Simon,0,0,0,10,0,0,0,05 Nov 20:00,0,0,45,0,Forward,0,0
0,-17,Cox,0,0,WIG(A) 2-1,West Brom,48711,Simon,0,0,0,11,0,0,0,10 Nov 15:00,0,0,45,0,Forward,0,0
0,-17,Cox,0,0,CHE(H) 2-1,West Brom,48712,Simon,0,0,0,12,0,0,0,17 Nov 15:00,0,0,45,0,Forward,0,0
0,-21,Cox,0,0,SUN(A) 4-2,West Brom,48713,Simon,0,0,0,13,0,0,0,24 Nov 12:45,0,0,45,0,Forward,0,0
0,-7,Cox,0,0,SWA(A) 1-3,West Brom,48714,Simon,0,0,0,14,0,0,0,28 Nov 19:45,0,0,45,0,Forward,0,0
0,-6,Cox,0,0,STK(H) 0-1,West Brom,48715,Simon,0,0,0,15,0,0,0,01 Dec 15:00,0,0,45,0,Forward,0,0
0,-13,Cox,0,0,ARS(A) 0-2,West Brom,48716,Simon,0,0,0,16,0,0,0,08 Dec 15:00,0,0,45,0,Forward,0,0
0,-8,Cox,0,0,WHU(H) 0-0,West Brom,48717,Simon,0,0,0,17,0,0,0,16 Dec 16:00,0,0,45,0,Forward,0,0
0,-11,Cox,0,0,NOR(H) 2-1,West Brom,48718,Simon,0,0,0,18,0,0,0,22 Dec 15:00,0,0,45,0,Forward,0,0
0,-3,Cox,0,0,QPR(A) 2-1,West Brom,48719,Simon,0,0,0,19,0,0,0,26 Dec 15:00,0,0,45,0,Forward,0,0
0,-8,Cox,0,0,MUN(A) 0-2,West Brom,48720,Simon,0,0,0,20,0,0,0,29 Dec 15:00,0,0,45,0,Forward,0,0
0,-9,Cox,0,0,FUL(H) 1-2,West Brom,48721,Simon,0,0,0,21,0,0,0,01 Jan 12:45,0,0,45,0,Forward,0,0
0,-29,Cox,0,0,RDG(A) 2-3,West Brom,48722,Simon,0,0,0,22,0,0,0,12 Jan 15:00,0,0,45,0,Forward,0,0
0,-9,Cox,0,0,AVL(H) 2-2,West Brom,48723,Simon,0,0,0,23,0,0,0,19 Jan 17:30,0,0,45,0,Forward,0,0
0,-9,Cox,0,0,EVE(A) 1-2,West Brom,48724,Simon,0,0,0,24,0,0,0,30 Jan 19:45,0,0,45,0,Forward,0,0
0,-5,Cox,0,0,TOT(H) 0-1,West Brom,48725,Simon,0,0,0,25,0,0,0,03 Feb 13:30,0,0,45,0,Forward,0,0
0,-8,Cox,0,0,LIV(A) 2-0,West Brom,48726,Simon,0,0,0,26,0,0,0,11 Feb 20:00,0,0,45,0,Forward,0,0
0,-3,Cox,0,0,SUN(H) 2-1,West Brom,48727,Simon,0,0,0,27,0,0,0,23 Feb 15:00,0,0,45,0,Forward,0,0
0,-1,Cox,0,0,CHE(A) 0-1,West Brom,48728,Simon,0,0,0,28,0,0,0,02 Mar 15:00,0,0,45,0,Forward,0,0
0,-2,Cox,0,0,SWA(H) 2-1,West Brom,48729,Simon,0,0,0,29,0,0,0,09 Mar 15:00,0,0,45,0,Forward,0,0
0,-2,Cox,0,0,STK(A) 0-0,West Brom,48730,Simon,0,0,0,30,0,0,0,16 Mar 15:00,0,0,45,0,Forward,0,0
0,-4,Cox,0,0,WHU(A) 1-3,West Brom,48731,Simon,0,0,0,31,0,0,0,30 Mar 15:00,0,0,45,0,Forward,0,0
0,-3,Cox,0,0,ARS(H) 1-2,West Brom,48732,Simon,0,0,0,32,0,0,0,06 Apr 15:00,0,0,45,0,Forward,0,0
0,-1,Cox,0,0,NEW(H) 1-1,West Brom,48734,Simon,0,0,0,34,0,0,0,20 Apr 15:00,0,0,45,0,Forward,0,0
0,-1,Cox,0,0,SOU(A) 3-0,West Brom,48735,Simon,0,0,0,35,0,0,0,27 Apr 15:00,0,0,45,0,Forward,0,0
0,-1,Cox,0,0,MCI(A) 0-1,West Brom,48736,Simon,0,0,0,36,0,0,0,07 May 19:45,0,0,45,0,Forward,0,0
0,-1,Cox,0,0,NOR(A) 0-4,West Brom,48737,Simon,0,0,0,37,0,0,0,12 May 15:00,0,0,45,0,Forward,0,0
0,0,Cox,0,0,MUN(H) 5-5,West Brom,48738,Simon,0,0,0,38,0,0,0,19 May 16:00,0,0,45,0,Forward,0,0
0,0,Long,0,0,LIV(H) 3-0,West Brom,4881,Shane,0,67,15,1,0,1,1,18 Aug 15:00,0,1,60,3,Forward,0,0
0,-611,Long,0,0,TOT(A) 1-1,West Brom,4882,Shane,0,61,0,2,0,1,0,25 Aug 15:00,0,0,60,2,Forward,0,0
0,-1896,Long,0,0,EVE(H) 2-0,West Brom,4883,Shane,0,74,26,3,2,1,0,01 Sep 15:00,0,0,60,8,Forward,0,1
0,7592,Long,2,0,FUL(A) 0-3,West Brom,4884,Shane,0,45,3,4,0,0,0,15 Sep 15:00,0,0,60,1,Forward,0,0
0,4432,Long,0,0,RDG(H) 1-0,West Brom,4885,Shane,0,26,11,5,0,0,1,22 Sep 15:00,0,0,60,4,Forward,0,0
0,-4053,Long,0,0,AVL(A) 1-1,West Brom,4886,Shane,0,71,19,6,3,1,0,30 Sep 16:00,0,0,60,9,Forward,0,1
0,9455,Long,1,0,QPR(H) 3-2,West Brom,4887,Shane,0,61,9,7,0,0,1,06 Oct 15:00,0,0,60,5,Forward,0,0
1,3191,Long,1,0,MCI(H) 1-2,West Brom,4888,Shane,0,80,19,8,0,0,0,20 Oct 15:00,0,0,60,5,Forward,0,1
0,16150,Long,1,0,NEW(A) 1-2,West Brom,4889,Shane,0,26,1,9,0,0,0,28 Oct 15:00,0,0,61,1,Forward,0,0
0,465,Long,0,0,SOU(H) 2-0,West Brom,48810,Shane,0,70,20,10,0,1,1,05 Nov 20:00,0,0,61,5,Forward,0,0
0,14157,Long,1,0,WIG(A) 2-1,West Brom,48811,Shane,0,67,16,11,0,0,0,10 Nov 15:00,0,0,61,2,Forward,0,0
0,-5001,Long,1,0,CHE(H) 2-1,West Brom,48812,Shane,0,79,37,12,3,0,1,17 Nov 15:00,0,0,61,12,Forward,0,1
1,45786,Long,0,0,SUN(A) 4-2,West Brom,48813,Shane,0,68,31,13,1,1,0,24 Nov 12:45,0,0,62,6,Forward,0,1
0,43666,Long,0,0,SWA(A) 1-3,West Brom,48814,Shane,0,0,0,14,0,0,0,28 Nov 19:45,0,0,63,0,Forward,0,0
0,24272,Long,1,0,STK(H) 0-1,West Brom,48815,Shane,0,90,0,15,0,0,0,01 Dec 15:00,0,0,64,2,Forward,0,0
0,-2328,Long,2,0,ARS(A) 0-2,West Brom,48816,Shane,0,90,12,16,0,0,0,08 Dec 15:00,0,0,64,2,Forward,0,0
0,3820,Long,0,0,WHU(H) 0-0,West Brom,48817,Shane,0,82,2,17,0,1,0,16 Dec 16:00,0,0,64,2,Forward,0,0
0,-1737,Long,0,0,NOR(H) 2-1,West Brom,48818,Shane,0,29,4,18,0,0,0,22 Dec 15:00,0,0,64,1,Forward,0,0
0,-13589,Long,0,0,QPR(A) 2-1,West Brom,48819,Shane,0,15,2,19,0,0,0,26 Dec 15:00,0,0,64,1,Forward,0,0
0,-29616,Long,2,0,MUN(A) 0-2,West Brom,48820,Shane,0,90,8,20,0,0,0,29 Dec 15:00,0,0,63,2,Forward,0,0
0,-9863,Long,0,0,FUL(H) 1-2,West Brom,48821,Shane,0,26,3,21,0,0,0,01 Jan 12:45,0,0,62,1,Forward,0,0
0,-36409,Long,0,0,RDG(A) 2-3,West Brom,48822,Shane,0,0,0,22,0,0,0,12 Jan 15:00,0,0,61,0,Forward,0,0
0,-25413,Long,0,0,AVL(H) 2-2,West Brom,48823,Shane,0,0,0,23,0,0,0,19 Jan 17:30,0,0,59,0,Forward,0,0
0,-14740,Long,0,0,EVE(A) 1-2,West Brom,48824,Shane,0,29,19,24,1,0,0,30 Jan 19:45,0,0,58,6,Forward,0,1
0,-1687,Long,1,0,TOT(H) 0-1,West Brom,48825,Shane,0,90,10,25,0,0,0,03 Feb 13:30,0,0,58,2,Forward,0,0
0,-465,Long,0,0,LIV(A) 2-0,West Brom,48826,Shane,0,85,13,26,0,1,0,11 Feb 20:00,0,0,58,2,Forward,0,0
0,2682,Long,0,0,SUN(H) 2-1,West Brom,48827,Shane,0,65,2,27,0,1,0,23 Feb 15:00,0,0,58,2,Forward,0,0
0,-2327,Long,1,0,CHE(A) 0-1,West Brom,48828,Shane,0,90,4,28,0,0,0,02 Mar 15:00,0,0,58,2,Forward,0,0
0,-2098,Long,0,0,SWA(H) 2-1,West Brom,48829,Shane,0,0,0,29,0,0,0,09 Mar 15:00,0,0,58,0,Forward,0,0
0,-4627,Long,0,0,STK(A) 0-0,West Brom,48830,Shane,0,15,1,30,0,0,0,16 Mar 15:00,0,0,58,1,Forward,0,0
1,-781,Long,2,0,WHU(A) 1-3,West Brom,48831,Shane,0,70,-8,31,0,0,0,30 Mar 15:00,0,0,58,1,Forward,0,0
0,-758,Long,2,0,ARS(H) 1-2,West Brom,48832,Shane,0,90,-1,32,0,0,1,06 Apr 15:00,0,0,58,5,Forward,0,0
0,-50,Long,0,0,NEW(H) 1-1,West Brom,48834,Shane,0,45,8,34,0,0,0,20 Apr 15:00,0,0,58,1,Forward,0,0
0,527,Long,0,0,SOU(A) 3-0,West Brom,48835,Shane,0,87,26,35,1,1,0,27 Apr 15:00,0,0,58,7,Forward,0,1
0,9199,Long,0,0,MCI(A) 0-1,West Brom,48836,Shane,0,10,-4,36,0,0,0,07 May 19:45,0,0,58,1,Forward,0,0
0,1703,Long,4,0,NOR(A) 0-4,West Brom,48837,Shane,0,90,13,37,0,0,0,12 May 15:00,0,0,58,2,Forward,0,0
0,-1707,Long,5,0,MUN(H) 5-5,West Brom,48838,Shane,0,78,-3,38,0,0,0,19 May 16:00,0,0,58,2,Forward,0,0
0,0,Henderson,0,0,AVL(H) 1-0,West Ham,4901,Stephen,0,0,0,1,0,0,0,18 Aug 15:00,0,0,40,0,Goalkeeper,0,0
0,48,Henderson,0,0,SWA(A) 0-3,West Ham,4902,Stephen,0,0,0,2,0,0,0,25 Aug 12:45,0,0,40,0,Goalkeeper,0,0
0,0,Henderson,0,0,FUL(H) 3-0,West Ham,4903,Stephen,0,0,0,3,0,0,0,01 Sep 12:45,0,0,40,0,Goalkeeper,0,0
0,132,Henderson,0,0,NOR(A) 0-0,West Ham,4904,Stephen,0,0,0,4,0,0,0,15 Sep 12:45,0,0,40,0,Goalkeeper,0,0
0,-418,Henderson,0,0,SUN(H) 1-1,West Ham,4905,Stephen,0,0,0,5,0,0,0,22 Sep 15:00,0,0,40,0,Goalkeeper,0,0
0,-331,Henderson,0,0,QPR(A) 2-1,West Ham,4906,Stephen,0,0,0,6,0,0,0,01 Oct 20:00,0,0,40,0,Goalkeeper,0,0
0,-193,Henderson,0,0,ARS(H) 1-3,West Ham,4907,Stephen,0,0,0,7,0,0,0,06 Oct 17:30,0,0,40,0,Goalkeeper,0,0
0,-815,Henderson,0,0,SOU(H) 4-1,West Ham,4908,Stephen,0,0,0,8,0,0,0,20 Oct 15:00,0,0,40,0,Goalkeeper,0,0
0,-1198,Henderson,0,0,WIG(A) 1-2,West Ham,4909,Stephen,0,0,0,9,0,0,0,27 Oct 15:00,0,0,40,0,Goalkeeper,0,0
0,-1072,Henderson,0,0,MCI(H) 0-0,West Ham,49010,Stephen,0,0,0,10,0,0,0,03 Nov 17:30,0,0,40,0,Goalkeeper,0,0
0,-833,Henderson,0,0,NEW(A) 1-0,West Ham,49011,Stephen,0,0,0,11,0,0,0,11 Nov 15:00,0,0,40,0,Goalkeeper,0,0
0,-811,Henderson,0,0,STK(H) 1-1,West Ham,49012,Stephen,0,0,0,12,0,0,0,19 Nov 20:00,0,0,40,0,Goalkeeper,0,0
0,-594,Henderson,0,0,TOT(A) 1-3,West Ham,49013,Stephen,0,0,0,13,0,0,0,25 Nov 16:00,0,0,40,0,Goalkeeper,0,0
0,-408,Henderson,0,0,MUN(A) 0-1,West Ham,49014,Stephen,0,0,0,14,0,0,0,28 Nov 20:00,0,0,40,0,Goalkeeper,0,0
0,-298,Henderson,0,0,CHE(H) 3-1,West Ham,49015,Stephen,0,0,0,15,0,0,0,01 Dec 12:45,0,0,39,0,Goalkeeper,0,0
0,-179,Henderson,0,0,LIV(H) 2-3,West Ham,49016,Stephen,0,0,0,16,0,0,0,09 Dec 16:00,0,0,39,0,Goalkeeper,0,0
0,-141,Henderson,0,0,WBA(A) 0-0,West Ham,49017,Stephen,0,0,0,17,0,0,0,16 Dec 16:00,0,0,39,0,Goalkeeper,0,0
0,-60,Henderson,0,0,EVE(H) 1-2,West Ham,49018,Stephen,0,0,0,18,0,0,0,22 Dec 15:00,0,0,39,0,Goalkeeper,0,0
0,51,Henderson,0,0,RDG(A) 0-1,West Ham,49020,Stephen,0,0,0,20,0,0,0,29 Dec 15:00,0,0,39,0,Goalkeeper,0,0
0,9,Henderson,0,0,NOR(H) 2-1,West Ham,49021,Stephen,0,0,0,21,0,0,0,01 Jan 15:00,0,0,39,0,Goalkeeper,0,0
0,-982,Henderson,0,0,SUN(A) 0-3,West Ham,49022,Stephen,0,0,0,22,0,0,0,12 Jan 15:00,0,0,39,0,Goalkeeper,0,0
0,-388,Henderson,0,0,ARS(A) 1-5,West Ham,49023,Stephen,0,0,0,23,0,0,0,23 Jan 19:45,0,0,39,0,Goalkeeper,0,0
0,1655,Henderson,0,0,FUL(A) 1-3,West Ham,49024,Stephen,0,0,0,24,0,0,0,30 Jan 20:00,0,0,39,0,Goalkeeper,0,0
0,521,Henderson,0,0,SWA(H) 1-0,West Ham,49025,Stephen,0,0,0,25,0,0,0,02 Feb 15:00,0,0,39,0,Goalkeeper,0,0
0,-389,Henderson,0,0,AVL(A) 1-2,West Ham,49026,Stephen,0,0,0,26,0,0,0,10 Feb 13:30,0,0,39,0,Goalkeeper,0,0
0,-199,Henderson,0,0,TOT(H) 2-3,West Ham,49027,Stephen,0,0,0,27,0,0,0,25 Feb 20:00,0,0,39,0,Goalkeeper,0,0
0,-117,Henderson,0,0,STK(A) 1-0,West Ham,49028,Stephen,0,0,0,28,0,0,0,02 Mar 15:00,0,0,39,0,Goalkeeper,0,0
0,-126,Henderson,0,0,CHE(A) 0-2,West Ham,49030,Stephen,0,0,0,30,0,0,0,17 Mar 16:00,0,0,39,0,Goalkeeper,0,0
0,-128,Henderson,0,0,WBA(H) 3-1,West Ham,49031,Stephen,0,0,0,31,0,0,0,30 Mar 15:00,0,0,39,0,Goalkeeper,0,0
0,-62,Henderson,0,0,LIV(A) 0-0,West Ham,49032,Stephen,0,0,0,32,0,0,0,07 Apr 13:30,0,0,39,0,Goalkeeper,0,0
0,-134,Henderson,0,0,MUN(H) 2-2,West Ham,49033,Stephen,0,0,0,33,0,0,0,17 Apr 19:45,0,0,39,0,Goalkeeper,0,0
0,-66,Henderson,0,0,WIG(H) 2-0,West Ham,49034,Stephen,0,0,1,34,0,0,0,20 Apr 15:00,0,0,39,0,Goalkeeper,0,0
0,91,Henderson,0,0,MCI(A) 1-2,West Ham,49035,Stephen,0,0,0,35,0,0,0,27 Apr 12:45,0,0,39,0,Goalkeeper,0,0
0,252,Henderson,0,0,NEW(H) 0-0,West Ham,49036,Stephen,0,0,0,36,0,0,0,04 May 15:00,0,0,39,0,Goalkeeper,0,0
0,89,Henderson,0,0,EVE(A) 0-2,West Ham,49037,Stephen,0,0,0,37,0,0,0,12 May 15:00,0,0,39,0,Goalkeeper,0,0
0,278,Henderson,0,0,RDG(H) 4-2,West Ham,49038,Stephen,0,0,0,38,0,0,0,19 May 16:00,0,0,39,0,Goalkeeper,0,0
0,0,Baldock,0,0,AVL(H) 1-0,West Ham,5051,Sam,0,0,0,1,0,0,0,18 Aug 15:00,0,0,45,0,Forward,0,0
0,-878,Baldock,0,0,SWA(A) 0-3,West Ham,5052,Sam,0,0,0,2,0,0,0,25 Aug 12:45,0,0,45,0,Forward,0,0
0,-895,Baldock,0,0,FUL(H) 3-0,West Ham,5053,Sam,0,0,0,3,0,0,0,01 Sep 12:45,0,0,45,0,Forward,0,0
0,-431,Baldock,0,0,NOR(A) 0-0,West Ham,5054,Sam,0,0,0,4,0,0,0,15 Sep 12:45,0,0,45,0,Forward,0,0
0,-181,Baldock,0,0,SUN(H) 1-1,West Ham,5055,Sam,0,0,0,5,0,0,0,22 Sep 15:00,0,0,45,0,Forward,0,0
0,-144,Baldock,0,0,QPR(A) 2-1,West Ham,5056,Sam,0,0,0,6,0,0,0,01 Oct 20:00,0,0,45,0,Forward,0,0
0,-80,Baldock,0,0,ARS(H) 1-3,West Ham,5057,Sam,0,0,0,7,0,0,0,06 Oct 17:30,0,0,45,0,Forward,0,0
0,-74,Baldock,0,0,SOU(H) 4-1,West Ham,5058,Sam,0,0,0,8,0,0,0,20 Oct 15:00,0,0,45,0,Forward,0,0
0,-48,Baldock,0,0,WIG(A) 1-2,West Ham,5059,Sam,0,0,0,9,0,0,0,27 Oct 15:00,0,0,45,0,Forward,0,0
0,-39,Baldock,0,0,MCI(H) 0-0,West Ham,50510,Sam,0,0,0,10,0,0,0,03 Nov 17:30,0,0,45,0,Forward,0,0
0,-26,Baldock,0,0,NEW(A) 1-0,West Ham,50511,Sam,0,0,0,11,0,0,0,11 Nov 15:00,0,0,45,0,Forward,0,0
0,-37,Baldock,0,0,STK(H) 1-1,West Ham,50512,Sam,0,0,0,12,0,0,0,19 Nov 20:00,0,0,45,0,Forward,0,0
0,-35,Baldock,0,0,TOT(A) 1-3,West Ham,50513,Sam,0,0,0,13,0,0,0,25 Nov 16:00,0,0,45,0,Forward,0,0
0,-8,Baldock,0,0,MUN(A) 0-1,West Ham,50514,Sam,0,0,0,14,0,0,0,28 Nov 20:00,0,0,45,0,Forward,0,0
0,-14,Baldock,0,0,CHE(H) 3-1,West Ham,50515,Sam,0,0,0,15,0,0,0,01 Dec 12:45,0,0,45,0,Forward,0,0
0,-21,Baldock,0,0,LIV(H) 2-3,West Ham,50516,Sam,0,0,0,16,0,0,0,09 Dec 16:00,0,0,45,0,Forward,0,0
0,-20,Baldock,0,0,WBA(A) 0-0,West Ham,50517,Sam,0,0,0,17,0,0,0,16 Dec 16:00,0,0,45,0,Forward,0,0
0,-9,Baldock,0,0,EVE(H) 1-2,West Ham,50518,Sam,0,0,0,18,0,0,0,22 Dec 15:00,0,0,45,0,Forward,0,0
0,-5,Baldock,0,0,RDG(A) 0-1,West Ham,50520,Sam,0,0,0,20,0,0,0,29 Dec 15:00,0,0,45,0,Forward,0,0
0,-7,Baldock,0,0,NOR(H) 2-1,West Ham,50521,Sam,0,0,0,21,0,0,0,01 Jan 15:00,0,0,45,0,Forward,0,0
0,-24,Baldock,0,0,SUN(A) 0-3,West Ham,50522,Sam,0,0,0,22,0,0,0,12 Jan 15:00,0,0,45,0,Forward,0,0
0,-12,Baldock,0,0,ARS(A) 1-5,West Ham,50523,Sam,0,0,0,23,0,0,0,23 Jan 19:45,0,0,45,0,Forward,0,0
0,-12,Baldock,0,0,FUL(A) 1-3,West Ham,50524,Sam,0,0,0,24,0,0,0,30 Jan 20:00,0,0,45,0,Forward,0,0
0,-3,Baldock,0,0,SWA(H) 1-0,West Ham,50525,Sam,0,0,0,25,0,0,0,02 Feb 15:00,0,0,45,0,Forward,0,0
0,-4,Baldock,0,0,AVL(A) 1-2,West Ham,50526,Sam,0,0,0,26,0,0,0,10 Feb 13:30,0,0,45,0,Forward,0,0
0,-7,Baldock,0,0,TOT(H) 2-3,West Ham,50527,Sam,0,0,0,27,0,0,0,25 Feb 20:00,0,0,45,0,Forward,0,0
0,-4,Baldock,0,0,STK(A) 1-0,West Ham,50528,Sam,0,0,0,28,0,0,0,02 Mar 15:00,0,0,45,0,Forward,0,0
0,-3,Baldock,0,0,CHE(A) 0-2,West Ham,50530,Sam,0,0,0,30,0,0,0,17 Mar 16:00,0,0,45,0,Forward,0,0
0,-3,Baldock,0,0,WBA(H) 3-1,West Ham,50531,Sam,0,0,0,31,0,0,0,30 Mar 15:00,0,0,45,0,Forward,0,0
0,-3,Baldock,0,0,LIV(A) 0-0,West Ham,50532,Sam,0,0,0,32,0,0,0,07 Apr 13:30,0,0,45,0,Forward,0,0
0,0,Baldock,0,0,MUN(H) 2-2,West Ham,50533,Sam,0,0,0,33,0,0,0,17 Apr 19:45,0,0,45,0,Forward,0,0
0,0,Baldock,0,0,WIG(H) 2-0,West Ham,50534,Sam,0,0,0,34,0,0,0,20 Apr 15:00,0,0,45,0,Forward,0,0
0,-2,Baldock,0,0,MCI(A) 1-2,West Ham,50535,Sam,0,0,0,35,0,0,0,27 Apr 12:45,0,0,45,0,Forward,0,0
0,-1,Baldock,0,0,NEW(H) 0-0,West Ham,50536,Sam,0,0,0,36,0,0,0,04 May 15:00,0,0,45,0,Forward,0,0
0,-2,Baldock,0,0,EVE(A) 0-2,West Ham,50537,Sam,0,0,0,37,0,0,0,12 May 15:00,0,0,45,0,Forward,0,0
0,-1,Baldock,0,0,RDG(H) 4-2,West Ham,50538,Sam,0,0,0,38,0,0,0,19 May 16:00,0,0,45,0,Forward,0,0
0,0,Maloney,2,0,CHE(H) 0-2,Wigan,5231,Shaun,0,47,7,1,0,0,0,19 Aug 13:30,0,0,50,1,Midfielder,0,0
0,-1162,Maloney,0,0,SOU(A) 2-0,Wigan,5232,Shaun,0,74,21,2,1,1,1,25 Aug 15:00,0,0,50,7,Midfielder,0,0
0,4283,Maloney,2,0,STK(H) 2-2,Wigan,5233,Shaun,0,90,20,3,0,0,0,01 Sep 15:00,0,0,50,7,Midfielder,0,1
0,10630,Maloney,1,0,MUN(A) 0-4,Wigan,5234,Shaun,0,58,6,4,0,0,0,15 Sep 15:00,0,0,50,1,Midfielder,0,0
0,1830,Maloney,2,0,FUL(H) 1-2,Wigan,5235,Shaun,0,90,3,5,0,0,0,22 Sep 15:00,0,0,50,2,Midfielder,0,0
0,-898,Maloney,1,0,SUN(A) 0-1,Wigan,5236,Shaun,0,59,3,6,0,0,0,29 Sep 15:00,0,0,50,1,Midfielder,0,0
1,-2105,Maloney,2,0,EVE(H) 2-2,Wigan,5237,Shaun,0,90,-4,7,0,0,1,06 Oct 15:00,0,0,50,4,Midfielder,0,0
1,1707,Maloney,2,0,SWA(A) 1-2,Wigan,5238,Shaun,0,90,17,8,0,0,0,20 Oct 15:00,0,0,50,1,Midfielder,0,0
0,123,Maloney,1,0,WHU(H) 2-1,Wigan,5239,Shaun,0,90,18,9,0,0,1,27 Oct 15:00,0,0,50,5,Midfielder,0,0
0,848,Maloney,0,0,TOT(A) 1-0,Wigan,52310,Shaun,0,90,18,10,0,1,1,03 Nov 15:00,0,0,50,6,Midfielder,0,0
0,13979,Maloney,2,0,WBA(H) 1-2,Wigan,52311,Shaun,0,90,-2,11,0,0,0,10 Nov 15:00,0,0,50,2,Midfielder,0,0
0,-890,Maloney,3,0,LIV(A) 0-3,Wigan,52312,Shaun,0,90,8,12,0,0,0,17 Nov 15:00,0,0,50,2,Midfielder,0,0
0,7863,Maloney,1,0,RDG(H) 3-2,Wigan,52313,Shaun,0,45,9,13,0,0,0,24 Nov 15:00,0,0,50,1,Midfielder,0,0
0,-10532,Maloney,0,0,MCI(H) 0-2,Wigan,52314,Shaun,0,0,0,14,0,0,0,28 Nov 20:00,0,0,50,0,Midfielder,0,0
0,-8462,Maloney,0,0,NEW(A) 0-3,Wigan,52315,Shaun,0,0,0,15,0,0,0,03 Dec 20:00,0,0,49,0,Midfielder,0,0
0,-8495,Maloney,0,0,QPR(H) 2-2,Wigan,52316,Shaun,0,15,2,16,0,0,0,08 Dec 15:00,0,0,48,1,Midfielder,0,0
0,-1694,Maloney,1,0,NOR(A) 1-2,Wigan,52317,Shaun,0,45,18,17,0,0,0,15 Dec 15:00,0,0,48,6,Midfielder,0,1
1,469,Maloney,1,0,ARS(H) 0-1,Wigan,52318,Shaun,0,88,4,18,0,0,0,22 Dec 12:45,0,0,48,1,Midfielder,0,0
0,-217,Maloney,2,0,EVE(A) 1-2,Wigan,52319,Shaun,0,90,16,19,0,0,0,26 Dec 15:00,0,0,48,2,Midfielder,0,0
1,345,Maloney,0,0,AVL(A) 3-0,Wigan,52320,Shaun,0,90,8,20,0,1,0,29 Dec 15:00,0,0,48,2,Midfielder,0,0
0,-299,Maloney,3,0,MUN(H) 0-4,Wigan,52321,Shaun,0,85,1,21,0,0,0,01 Jan 15:00,0,0,48,2,Midfielder,0,0
0,-2507,Maloney,1,0,FUL(A) 1-1,Wigan,52322,Shaun,0,90,24,22,1,0,1,12 Jan 15:00,0,0,48,6,Midfielder,0,0
0,1340,Maloney,3,0,SUN(H) 2-3,Wigan,52323,Shaun,0,90,12,23,0,0,1,19 Jan 15:00,0,0,48,5,Midfielder,0,0
0,2525,Maloney,2,0,STK(A) 2-2,Wigan,52324,Shaun,0,90,19,24,0,0,0,29 Jan 19:45,0,0,48,2,Midfielder,0,0
0,3261,Maloney,2,0,SOU(H) 2-2,Wigan,52325,Shaun,0,90,22,25,0,0,0,02 Feb 15:00,0,0,48,7,Midfielder,0,1
0,2230,Maloney,4,0,CHE(A) 1-4,Wigan,52326,Shaun,0,90,30,26,0,0,0,09 Feb 15:00,0,0,48,7,Midfielder,0,1
0,21718,Maloney,0,0,RDG(A) 3-0,Wigan,52327,Shaun,0,90,21,27,0,1,0,23 Feb 15:00,0,0,48,3,Midfielder,0,0
0,6497,Maloney,4,0,LIV(H) 0-4,Wigan,52328,Shaun,0,90,12,28,0,0,0,02 Mar 17:30,0,0,49,2,Midfielder,0,0
0,12486,Maloney,1,0,NEW(H) 2-1,Wigan,52330,Shaun,0,90,25,30,1,0,0,17 Mar 16:00,0,0,49,3,Midfielder,0,0
0,16097,Maloney,0,0,NOR(H) 1-0,Wigan,52331,Shaun,0,90,12,31,0,1,0,30 Mar 15:00,0,0,50,3,Midfielder,0,0
0,1701,Maloney,1,0,QPR(A) 1-1,Wigan,52332,Shaun,0,90,27,32,3,0,0,07 Apr 16:10,0,0,50,10,Midfielder,0,1
0,9142,Maloney,1,0,MCI(A) 0-1,Wigan,52333,Shaun,0,88,5,33,0,0,0,17 Apr 19:45,0,0,50,2,Midfielder,0,0
0,19965,Maloney,2,0,WHU(A) 0-2,Wigan,52334,Shaun,0,90,10,34,0,0,0,20 Apr 15:00,0,0,51,2,Midfielder,0,0
0,13352,Maloney,2,0,TOT(H) 2-2,Wigan,52335,Shaun,0,90,15,35,0,0,1,27 Apr 15:00,0,0,51,5,Midfielder,0,0
0,58068,Maloney,3,0,SWA(H) 2-3,Wigan,52336,Shaun,0,90,9,36,0,0,0,07 May 19:45,0,0,53,2,Midfielder,0,0
1,12826,Maloney,4,0,ARS(A) 1-4,Wigan,52337,Shaun,0,84,18,37,0,0,0,14 May 19:45,0,0,54,6,Midfielder,0,1
0,5482,Maloney,2,0,AVL(H) 2-2,Wigan,52338,Shaun,0,90,14,38,0,0,0,19 May 16:00,0,0,54,2,Midfielder,0,0
0,0,Santi Cazorla,0,0,SUN(H) 0-0,Arsenal,5461,Santi,0,90,11,1,0,1,0,18 Aug 15:00,0,0,90,3,Midfielder,0,0
0,20474,Santi Cazorla,0,0,STK(A) 0-0,Arsenal,5462,Santi,0,80,10,2,0,1,0,26 Aug 13:30,0,0,90,3,Midfielder,0,0
0,-11654,Santi Cazorla,0,0,LIV(A) 2-0,Arsenal,5463,Santi,0,90,38,3,2,1,1,02 Sep 13:30,0,0,90,13,Midfielder,0,1
0,95128,Santi Cazorla,1,0,SOU(H) 6-1,Arsenal,5464,Santi,0,90,23,4,0,0,1,15 Sep 15:00,0,0,91,5,Midfielder,0,0
0,29383,Santi Cazorla,1,0,MCI(A) 1-1,Arsenal,5465,Santi,0,90,26,5,2,0,1,23 Sep 16:00,0,0,92,7,Midfielder,0,0
0,40545,Santi Cazorla,2,0,CHE(H) 1-2,Arsenal,5466,Santi,0,90,-9,6,0,0,0,29 Sep 12:45,0,0,93,2,Midfielder,0,0
0,-4537,Santi Cazorla,1,0,WHU(A) 3-1,Arsenal,5467,Santi,0,90,21,7,1,0,0,06 Oct 17:30,0,0,93,8,Midfielder,0,1
0,91441,Santi Cazorla,1,0,NOR(A) 0-1,Arsenal,5468,Santi,0,90,4,8,0,0,0,20 Oct 17:30,0,0,94,2,Midfielder,0,0
0,16505,Santi Cazorla,0,0,QPR(H) 1-0,Arsenal,5469,Santi,0,90,15,9,0,1,0,27 Oct 15:00,0,0,95,3,Midfielder,0,0
0,-59152,Santi Cazorla,2,0,MUN(A) 1-2,Arsenal,54610,Santi,0,90,24,10,1,0,0,03 Nov 12:45,0,0,94,8,Midfielder,0,1
0,7268,Santi Cazorla,3,0,FUL(H) 3-3,Arsenal,54611,Santi,0,90,1,11,0,0,0,10 Nov 15:00,0,0,94,2,Midfielder,0,0
0,-30788,Santi Cazorla,2,0,TOT(H) 5-2,Arsenal,54612,Santi,0,90,36,12,3,0,1,17 Nov 12:45,0,0,94,13,Midfielder,0,1
0,71350,Santi Cazorla,0,0,AVL(A) 0-0,Arsenal,54613,Santi,0,90,4,13,0,1,0,24 Nov 17:30,0,0,94,3,Midfielder,0,0
0,5355,Santi Cazorla,1,0,EVE(A) 1-1,Arsenal,54614,Santi,0,90,4,14,0,0,0,28 Nov 19:45,0,0,95,2,Midfielder,0,0
0,4085,Santi Cazorla,2,0,SWA(H) 0-2,Arsenal,54615,Santi,0,90,20,15,0,0,0,01 Dec 15:00,0,0,95,2,Midfielder,0,0
0,-4762,Santi Cazorla,0,0,WBA(H) 2-0,Arsenal,54616,Santi,0,86,10,16,0,1,1,08 Dec 15:00,0,0,95,6,Midfielder,0,0
0,34510,Santi Cazorla,2,0,RDG(A) 5-2,Arsenal,54617,Santi,0,81,73,17,3,0,1,17 Dec 20:00,0,0,95,23,Midfielder,0,3
0,59346,Santi Cazorla,0,0,WIG(A) 1-0,Arsenal,54618,Santi,0,90,17,18,0,1,0,22 Dec 12:45,0,0,97,3,Midfielder,0,0
0,24865,Santi Cazorla,3,0,NEW(H) 7-3,Arsenal,54620,Santi,0,85,21,20,0,0,1,29 Dec 17:30,0,0,96,5,Midfielder,0,0
0,8096,Santi Cazorla,1,0,SOU(A) 1-1,Arsenal,54621,Santi,0,73,5,21,0,0,0,01 Jan 17:30,0,0,96,2,Midfielder,0,0
0,-69497,Santi Cazorla,2,0,MCI(H) 0-2,Arsenal,54622,Santi,0,90,4,22,0,0,0,13 Jan 16:00,0,0,96,2,Midfielder,0,0
0,42061,Santi Cazorla,1,0,WHU(H) 5-1,Arsenal,54623,Santi,0,90,19,23,0,0,0,23 Jan 19:45,0,0,96,7,Midfielder,0,1
1,-54780,Santi Cazorla,2,0,LIV(H) 2-2,Arsenal,54624,Santi,0,90,5,24,0,0,0,30 Jan 19:45,0,0,96,1,Midfielder,0,0
0,-28111,Santi Cazorla,0,0,STK(H) 1-0,Arsenal,54625,Santi,0,23,0,25,0,0,0,02 Feb 15:00,0,0,95,1,Midfielder,0,0
0,-67437,Santi Cazorla,0,0,SUN(A) 1-0,Arsenal,54626,Santi,0,90,21,26,0,1,0,09 Feb 15:00,0,0,93,8,Midfielder,0,1
0,10223,Santi Cazorla,1,0,AVL(H) 2-1,Arsenal,54627,Santi,0,90,40,27,3,0,0,23 Feb 15:00,0,0,93,15,Midfielder,0,2
0,11074,Santi Cazorla,2,0,TOT(A) 1-2,Arsenal,54628,Santi,0,90,3,28,0,0,0,03 Mar 16:00,0,0,93,2,Midfielder,0,0
0,6180,Santi Cazorla,0,0,SWA(A) 2-0,Arsenal,54630,Santi,0,90,19,30,0,1,0,16 Mar 15:00,0,0,93,3,Midfielder,0,0
0,108039,Santi Cazorla,1,0,RDG(H) 4-1,Arsenal,54631,Santi,0,90,28,31,2,0,1,30 Mar 15:00,0,0,95,12,Midfielder,0,1
0,149922,Santi Cazorla,1,0,WBA(A) 2-1,Arsenal,54632,Santi,0,88,14,32,0,0,0,06 Apr 15:00,0,0,98,2,Midfielder,0,0
0,121681,Santi Cazorla,0,0,EVE(H) 0-0,Arsenal,54633,Santi,0,90,12,33,0,1,0,16 Apr 19:45,0,0,101,3,Midfielder,0,0
0,-100003,Santi Cazorla,0,0,FUL(A) 1-0,Arsenal,54634,Santi,0,90,14,34,0,1,0,20 Apr 15:00,0,0,101,3,Midfielder,0,0
0,-113937,Santi Cazorla,1,0,MUN(H) 1-1,Arsenal,54635,Santi,0,90,6,35,0,0,0,28 Apr 16:00,0,0,98,2,Midfielder,0,0
0,-56202,Santi Cazorla,0,0,QPR(A) 1-0,Arsenal,54636,Santi,0,88,20,36,0,1,0,04 May 17:30,0,0,96,3,Midfielder,0,0
0,21570,Santi Cazorla,1,0,WIG(H) 4-1,Arsenal,54637,Santi,0,90,40,37,2,0,4,14 May 19:45,0,0,95,16,Midfielder,0,0
0,29945,Santi Cazorla,0,0,NEW(A) 1-0,Arsenal,54638,Santi,0,87,8,38,0,1,0,19 May 16:00,0,0,97,3,Midfielder,0,0
0,0,Wootton,0,0,EVE(A) 0-1,Man Utd,5641,Scott,0,0,0,1,0,0,0,20 Aug 20:00,0,0,40,0,Defender,0,0
0,264,Wootton,0,0,FUL(H) 3-2,Man Utd,5642,Scott,0,0,0,2,0,0,0,25 Aug 15:00,0,0,40,0,Defender,0,0
0,258,Wootton,0,0,SOU(A) 3-2,Man Utd,5643,Scott,0,0,0,3,0,0,0,02 Sep 16:00,0,0,40,0,Defender,0,0
0,81,Wootton,0,0,WIG(H) 4-0,Man Utd,5644,Scott,0,0,0,4,0,0,0,15 Sep 15:00,0,0,40,0,Defender,0,0
0,11,Wootton,0,0,LIV(A) 2-1,Man Utd,5645,Scott,0,0,0,5,0,0,0,23 Sep 13:30,0,0,40,0,Defender,0,0
0,40,Wootton,0,0,TOT(H) 2-3,Man Utd,5646,Scott,0,0,0,6,0,0,0,29 Sep 17:30,0,0,40,0,Defender,0,0
0,114,Wootton,0,0,NEW(A) 3-0,Man Utd,5647,Scott,0,0,0,7,0,0,0,07 Oct 16:00,0,0,40,0,Defender,0,0
0,110,Wootton,0,0,STK(H) 4-2,Man Utd,5648,Scott,0,0,0,8,0,0,0,20 Oct 15:00,0,0,40,0,Defender,0,0
0,-10,Wootton,0,0,CHE(A) 3-2,Man Utd,5649,Scott,0,0,0,9,0,0,0,28 Oct 16:00,0,0,40,0,Defender,0,0
0,-26,Wootton,0,0,ARS(H) 2-1,Man Utd,56410,Scott,0,0,0,10,0,0,0,03 Nov 12:45,0,0,40,0,Defender,0,0
0,8,Wootton,0,0,AVL(A) 3-2,Man Utd,56411,Scott,0,0,0,11,0,0,0,10 Nov 17:30,0,0,40,0,Defender,0,0
0,-6,Wootton,0,0,NOR(A) 0-1,Man Utd,56412,Scott,0,0,0,12,0,0,0,17 Nov 17:30,0,0,40,0,Defender,0,0
0,-1,Wootton,0,0,QPR(H) 3-1,Man Utd,56413,Scott,0,0,0,13,0,0,0,24 Nov 15:00,0,0,40,0,Defender,0,0
0,-24,Wootton,0,0,WHU(H) 1-0,Man Utd,56414,Scott,0,0,0,14,0,0,0,28 Nov 20:00,0,0,40,0,Defender,0,0
0,-17,Wootton,0,0,RDG(A) 4-3,Man Utd,56415,Scott,0,0,0,15,0,0,0,01 Dec 17:30,0,0,40,0,Defender,0,0
0,-3,Wootton,0,0,MCI(A) 3-2,Man Utd,56416,Scott,0,0,0,16,0,0,0,09 Dec 13:30,0,0,40,0,Defender,0,0
0,-1,Wootton,0,0,SUN(H) 3-1,Man Utd,56417,Scott,0,0,0,17,0,0,0,15 Dec 15:00,0,0,40,0,Defender,0,0
0,21,Wootton,0,0,SWA(A) 1-1,Man Utd,56418,Scott,0,0,0,18,0,0,0,23 Dec 13:30,0,0,40,0,Defender,0,0
0,25,Wootton,0,0,NEW(H) 4-3,Man Utd,56419,Scott,0,0,0,19,0,0,0,26 Dec 15:00,0,0,40,0,Defender,0,0
0,29,Wootton,0,0,WBA(H) 2-0,Man Utd,56420,Scott,0,0,0,20,0,0,0,29 Dec 15:00,0,0,40,0,Defender,0,0
0,18,Wootton,0,0,WIG(A) 4-0,Man Utd,56421,Scott,0,0,0,21,0,0,0,01 Jan 15:00,0,0,40,0,Defender,0,0
0,-40,Wootton,0,0,LIV(H) 2-1,Man Utd,56422,Scott,0,0,0,22,0,0,0,13 Jan 13:30,0,0,40,0,Defender,0,0
0,-111,Wootton,0,0,TOT(A) 1-1,Man Utd,56423,Scott,0,0,0,23,0,0,0,20 Jan 16:00,0,0,40,0,Defender,0,0
0,-128,Wootton,0,0,SOU(H) 2-1,Man Utd,56424,Scott,0,0,0,24,0,0,0,30 Jan 20:00,0,0,40,0,Defender,0,0
0,-52,Wootton,0,0,FUL(A) 1-0,Man Utd,56425,Scott,0,0,0,25,0,0,0,02 Feb 17:30,0,0,40,0,Defender,0,0
0,-35,Wootton,0,0,EVE(H) 2-0,Man Utd,56426,Scott,0,0,0,26,0,0,0,10 Feb 16:00,0,0,40,0,Defender,0,0
0,-36,Wootton,0,0,QPR(A) 2-0,Man Utd,56427,Scott,0,0,0,27,0,0,0,23 Feb 15:00,0,0,40,0,Defender,0,0
0,-24,Wootton,0,0,NOR(H) 4-0,Man Utd,56428,Scott,0,0,0,28,0,0,0,02 Mar 15:00,0,0,40,0,Defender,0,0
0,-17,Wootton,0,0,RDG(H) 1-0,Man Utd,56430,Scott,0,0,0,30,0,0,0,16 Mar 17:30,0,0,40,0,Defender,0,0
0,-19,Wootton,0,0,SUN(A) 1-0,Man Utd,56431,Scott,0,0,0,31,0,0,0,30 Mar 12:45,0,0,40,0,Defender,0,0
0,-10,Wootton,0,0,MCI(H) 1-2,Man Utd,56432,Scott,0,0,0,32,0,0,0,08 Apr 20:00,0,0,40,0,Defender,0,0
0,-12,Wootton,0,0,WHU(A) 2-2,Man Utd,56433,Scott,0,0,0,33,0,0,0,17 Apr 19:45,0,0,40,0,Defender,0,0
0,-4,Wootton,0,0,AVL(H) 3-0,Man Utd,56434,Scott,0,0,0,34,0,0,0,22 Apr 20:00,0,0,40,0,Defender,0,0
0,-11,Wootton,0,0,ARS(A) 1-1,Man Utd,56435,Scott,0,0,0,35,0,0,0,28 Apr 16:00,0,0,40,0,Defender,0,0
0,-8,Wootton,0,0,CHE(H) 0-1,Man Utd,56436,Scott,0,0,0,36,0,0,0,05 May 16:00,0,0,40,0,Defender,0,0
0,-2,Wootton,0,0,SWA(H) 2-1,Man Utd,56437,Scott,0,0,0,37,0,0,0,12 May 16:00,0,0,40,0,Defender,0,0
0,-5,Wootton,0,0,WBA(A) 5-5,Man Utd,56438,Scott,0,0,0,38,0,0,0,19 May 16:00,0,0,40,0,Defender,0,0
0,1273,Taylor,0,0,TOT(H) 1-3,Reading,5674,Stuart,0,0,0,4,0,0,0,16 Sep 16:00,0,0,40,0,Goalkeeper,0,0
0,224,Taylor,0,0,WBA(A) 0-1,Reading,5675,Stuart,0,0,0,5,0,0,0,22 Sep 15:00,0,0,40,0,Goalkeeper,0,0
0,21,Taylor,0,0,NEW(H) 2-2,Reading,5676,Stuart,0,0,0,6,0,0,0,29 Sep 15:00,0,0,40,0,Goalkeeper,0,0
0,6,Taylor,0,0,SWA(A) 2-2,Reading,5677,Stuart,0,0,0,7,0,0,0,06 Oct 15:00,0,0,40,0,Goalkeeper,0,0
0,65,Taylor,0,0,LIV(A) 0-1,Reading,5678,Stuart,0,0,0,8,0,0,0,20 Oct 15:00,0,0,40,0,Goalkeeper,0,0
0,-16,Taylor,0,0,FUL(H) 3-3,Reading,5679,Stuart,0,0,0,9,0,0,0,27 Oct 15:00,0,0,40,0,Goalkeeper,0,0
0,-139,Taylor,0,0,QPR(A) 1-1,Reading,56710,Stuart,0,0,0,10,0,0,0,04 Nov 13:30,0,0,40,0,Goalkeeper,0,0
0,-115,Taylor,0,0,NOR(H) 0-0,Reading,56711,Stuart,0,0,0,11,0,0,0,10 Nov 15:00,0,0,40,0,Goalkeeper,0,0
0,-78,Taylor,0,0,EVE(H) 2-1,Reading,56712,Stuart,0,0,0,12,0,0,0,17 Nov 15:00,0,0,40,0,Goalkeeper,0,0
0,-86,Taylor,0,0,WIG(A) 2-3,Reading,56713,Stuart,0,0,0,13,0,0,0,24 Nov 15:00,0,0,40,0,Goalkeeper,0,0
0,-69,Taylor,0,0,AVL(A) 0-1,Reading,56714,Stuart,0,0,0,14,0,0,0,27 Nov 20:00,0,0,40,0,Goalkeeper,0,0
0,-77,Taylor,0,0,MUN(H) 3-4,Reading,56715,Stuart,0,0,0,15,0,0,0,01 Dec 17:30,0,0,40,0,Goalkeeper,0,0
0,-75,Taylor,0,0,SUN(A) 0-3,Reading,56716,Stuart,0,0,0,16,0,0,0,11 Dec 19:45,0,0,40,0,Goalkeeper,0,0
0,-98,Taylor,0,0,ARS(H) 2-5,Reading,56717,Stuart,0,0,0,17,0,0,0,17 Dec 20:00,0,0,40,0,Goalkeeper,0,0
0,-47,Taylor,0,0,MCI(A) 0-1,Reading,56718,Stuart,0,0,0,18,0,0,0,22 Dec 15:00,0,0,40,0,Goalkeeper,0,0
0,-49,Taylor,0,0,SWA(H) 0-0,Reading,56719,Stuart,0,0,0,19,0,0,0,26 Dec 15:00,0,0,40,0,Goalkeeper,0,0
0,-25,Taylor,0,0,WHU(H) 1-0,Reading,56720,Stuart,0,0,0,20,0,0,0,29 Dec 15:00,0,0,40,0,Goalkeeper,0,0
0,-27,Taylor,0,0,TOT(A) 1-3,Reading,56721,Stuart,0,0,0,21,0,0,0,01 Jan 15:00,0,0,40,0,Goalkeeper,0,0
0,-446,Taylor,0,0,WBA(H) 3-2,Reading,56722,Stuart,0,0,0,22,0,0,0,12 Jan 15:00,0,0,40,0,Goalkeeper,0,0
0,-156,Taylor,0,0,NEW(A) 2-1,Reading,56723,Stuart,0,0,0,23,0,0,0,19 Jan 15:00,0,0,40,0,Goalkeeper,0,0
0,-173,Taylor,0,0,CHE(H) 2-2,Reading,56724,Stuart,0,0,0,24,0,0,0,30 Jan 20:00,0,0,40,0,Goalkeeper,0,0
0,-79,Taylor,0,0,SUN(H) 2-1,Reading,56725,Stuart,0,0,0,25,0,0,0,02 Feb 15:00,0,0,40,0,Goalkeeper,0,0
0,-22,Taylor,0,0,STK(A) 1-2,Reading,56726,Stuart,0,0,0,26,0,0,0,09 Feb 15:00,0,0,40,0,Goalkeeper,0,0
0,6,Taylor,0,0,WIG(H) 0-3,Reading,56727,Stuart,0,0,0,27,0,0,0,23 Feb 15:00,0,0,40,0,Goalkeeper,0,0
0,-13,Taylor,3,6,EVE(A) 1-3,Reading,56728,Stuart,0,90,6,28,0,0,0,02 Mar 15:00,0,0,40,3,Goalkeeper,0,0
0,1009,Taylor,2,2,AVL(H) 1-2,Reading,56729,Stuart,0,90,3,29,0,0,0,09 Mar 15:00,0,0,40,1,Goalkeeper,0,0
0,184,Taylor,1,4,MUN(A) 0-1,Reading,56730,Stuart,0,90,6,30,0,0,0,16 Mar 17:30,0,0,40,3,Goalkeeper,0,0
0,519,Taylor,4,2,ARS(A) 1-4,Reading,56731,Stuart,0,90,3,31,0,0,0,30 Mar 15:00,0,0,40,0,Goalkeeper,0,0
0,113,Taylor,0,0,SOU(H) 0-2,Reading,56732,Stuart,0,0,0,32,0,0,0,06 Apr 12:45,0,0,40,0,Goalkeeper,0,0
0,-119,Taylor,0,0,LIV(H) 0-0,Reading,56733,Stuart,0,0,0,33,0,0,0,13 Apr 15:00,0,0,40,0,Goalkeeper,0,0
0,-95,Taylor,0,0,NOR(A) 1-2,Reading,56734,Stuart,0,0,0,34,0,0,0,20 Apr 15:00,0,0,40,0,Goalkeeper,0,0
0,-51,Taylor,0,0,QPR(H) 0-0,Reading,56735,Stuart,0,0,0,35,0,0,0,28 Apr 13:30,0,0,40,0,Goalkeeper,0,0
0,-60,Taylor,0,0,FUL(A) 4-2,Reading,56736,Stuart,0,0,0,36,0,0,0,04 May 15:00,0,0,40,0,Goalkeeper,0,0
0,-27,Taylor,0,0,MCI(H) 0-2,Reading,56737,Stuart,0,0,0,37,0,0,0,14 May 20:00,0,0,40,0,Goalkeeper,0,0
0,-18,Taylor,0,0,WHU(A) 2-4,Reading,56738,Stuart,0,0,0,38,0,0,0,19 May 16:00,0,0,40,0,Goalkeeper,0,0
0,405,Bassong,1,0,QPR(H) 1-1,Norwich,5702,Sebastien,0,90,1,2,0,0,0,25 Aug 15:00,0,0,45,2,Defender,0,0
0,596,Bassong,1,0,TOT(A) 1-1,Norwich,5703,Sebastien,0,90,6,3,0,0,0,01 Sep 15:00,0,0,45,2,Defender,0,0
0,918,Bassong,0,0,WHU(H) 0-0,Norwich,5704,Sebastien,0,90,9,4,0,1,0,15 Sep 12:45,0,0,45,6,Defender,0,0
0,444,Bassong,0,0,NEW(A) 0-1,Norwich,5705,Sebastien,0,7,0,5,0,0,0,23 Sep 15:00,0,0,45,1,Defender,0,0
0,-139,Bassong,0,0,LIV(H) 2-5,Norwich,5706,Sebastien,0,0,0,6,0,0,0,29 Sep 15:00,0,0,45,0,Defender,0,0
0,-419,Bassong,4,0,CHE(A) 1-4,Norwich,5707,Sebastien,0,77,11,7,0,0,0,06 Oct 15:00,0,0,45,0,Defender,0,0
0,-74,Bassong,0,0,ARS(H) 1-0,Norwich,5708,Sebastien,0,90,21,8,1,1,0,20 Oct 17:30,0,0,45,7,Defender,0,0
0,479,Bassong,1,0,AVL(A) 1-1,Norwich,5709,Sebastien,0,90,7,9,0,0,0,27 Oct 12:45,0,0,45,2,Defender,0,0
0,606,Bassong,0,0,STK(H) 1-0,Norwich,57010,Sebastien,0,90,15,10,0,1,0,03 Nov 15:00,0,0,45,6,Defender,0,0
0,2040,Bassong,0,0,RDG(A) 0-0,Norwich,57011,Sebastien,0,90,10,11,0,1,0,10 Nov 15:00,0,0,45,6,Defender,0,0
0,1841,Bassong,0,0,MUN(H) 1-0,Norwich,57012,Sebastien,0,90,15,12,0,1,0,17 Nov 17:30,0,0,45,6,Defender,0,0
0,7622,Bassong,1,0,EVE(A) 1-1,Norwich,57013,Sebastien,0,90,18,13,2,0,0,24 Nov 15:00,0,0,45,10,Defender,0,1
0,19515,Bassong,1,0,SOU(A) 1-1,Norwich,57014,Sebastien,0,90,9,14,0,0,0,28 Nov 19:45,0,0,45,2,Defender,0,0
0,23272,Bassong,1,0,SUN(H) 2-1,Norwich,57015,Sebastien,0,90,26,15,1,0,0,02 Dec 16:00,0,0,46,9,Defender,0,1
0,42624,Bassong,3,0,SWA(A) 4-3,Norwich,57016,Sebastien,0,90,35,16,1,0,0,08 Dec 15:00,0,0,47,8,Defender,0,1
1,133480,Bassong,1,0,WIG(H) 2-1,Norwich,57017,Sebastien,0,90,16,17,0,0,0,15 Dec 15:00,0,0,50,1,Defender,0,0
0,38923,Bassong,2,0,WBA(A) 1-2,Norwich,57018,Sebastien,0,90,4,18,0,0,0,22 Dec 15:00,0,0,51,1,Defender,0,0
0,-1814,Bassong,1,0,CHE(H) 0-1,Norwich,57019,Sebastien,0,90,4,19,0,0,0,26 Dec 15:00,0,0,52,2,Defender,0,0
1,2998,Bassong,4,0,MCI(H) 3-4,Norwich,57020,Sebastien,0,90,4,20,0,0,1,29 Dec 15:00,0,0,52,2,Defender,0,0
0,9552,Bassong,2,0,WHU(A) 1-2,Norwich,57021,Sebastien,0,90,11,21,0,0,0,01 Jan 15:00,0,0,52,1,Defender,0,0
0,-10733,Bassong,0,0,NEW(H) 0-0,Norwich,57022,Sebastien,0,90,5,22,0,1,0,12 Jan 15:00,0,0,52,6,Defender,0,0
0,6329,Bassong,0,0,LIV(A) 0-5,Norwich,57023,Sebastien,0,0,0,23,0,0,0,19 Jan 15:00,0,0,52,0,Defender,0,0
0,-38071,Bassong,1,0,TOT(H) 1-1,Norwich,57024,Sebastien,0,90,6,24,0,0,0,30 Jan 19:45,0,0,52,2,Defender,0,0
1,3915,Bassong,0,0,QPR(A) 0-0,Norwich,57025,Sebastien,0,90,-2,25,0,1,0,02 Feb 12:45,0,0,52,5,Defender,0,0
0,6081,Bassong,0,0,FUL(H) 0-0,Norwich,57026,Sebastien,0,90,13,26,0,1,0,09 Feb 15:00,0,0,52,6,Defender,0,0
0,20462,Bassong,1,0,EVE(H) 2-1,Norwich,57027,Sebastien,0,90,20,27,0,0,1,23 Feb 15:00,0,0,53,5,Defender,0,0
0,6454,Bassong,4,0,MUN(A) 0-4,Norwich,57028,Sebastien,0,90,5,28,0,0,0,02 Mar 15:00,0,0,53,0,Defender,0,0
0,35992,Bassong,0,0,SOU(H) 0-0,Norwich,57029,Sebastien,0,90,13,29,0,1,0,09 Mar 15:00,0,0,54,6,Defender,0,0
0,4133,Bassong,1,0,SUN(A) 1-1,Norwich,57030,Sebastien,0,90,5,30,0,0,0,17 Mar 13:30,0,0,54,2,Defender,0,0
0,33,Bassong,1,0,WIG(A) 0-1,Norwich,57031,Sebastien,0,90,6,31,0,0,0,30 Mar 15:00,0,0,55,2,Defender,0,0
0,-1944,Bassong,2,0,SWA(H) 2-2,Norwich,57032,Sebastien,0,90,6,32,0,0,0,06 Apr 15:00,0,0,55,1,Defender,0,0
0,-13931,Bassong,3,0,ARS(A) 1-3,Norwich,57033,Sebastien,0,90,-2,33,0,0,0,13 Apr 15:00,0,0,55,1,Defender,0,0
0,1135,Bassong,1,0,RDG(H) 2-1,Norwich,57034,Sebastien,0,90,8,34,0,0,0,20 Apr 15:00,0,0,55,2,Defender,0,0
0,-8216,Bassong,1,0,STK(A) 0-1,Norwich,57035,Sebastien,0,85,3,35,0,0,0,27 Apr 15:00,0,0,54,2,Defender,0,0
0,-13785,Bassong,2,0,AVL(H) 1-2,Norwich,57036,Sebastien,0,90,12,36,0,0,0,04 May 15:00,0,0,54,1,Defender,0,0
0,-5433,Bassong,0,0,WBA(H) 4-0,Norwich,57037,Sebastien,0,90,20,37,0,1,0,12 May 15:00,0,0,53,6,Defender,0,0
0,-6177,Bassong,0,0,MCI(A) 3-2,Norwich,57038,Sebastien,0,0,0,38,0,0,0,19 May 16:00,0,0,53,0,Defender,0,0
0,4382,Fletcher,2,0,SWA(A) 2-2,Sunderland,5733,Steven,0,66,39,3,3,0,0,01 Sep 15:00,0,0,70,13,Forward,0,2
0,39120,Fletcher,1,0,LIV(H) 1-1,Sunderland,5734,Steven,0,85,24,4,3,0,0,15 Sep 17:30,0,0,70,9,Forward,0,1
0,41792,Fletcher,1,0,WHU(A) 1-1,Sunderland,5735,Steven,0,90,21,5,3,0,0,22 Sep 15:00,0,0,71,9,Forward,0,1
1,141778,Fletcher,0,0,WIG(H) 1-0,Sunderland,5736,Steven,0,90,25,6,3,1,0,29 Sep 15:00,0,0,74,8,Forward,0,1
0,7076,Fletcher,3,0,MCI(A) 0-3,Sunderland,5737,Steven,0,90,12,7,0,0,0,06 Oct 12:45,0,0,74,2,Forward,0,0
0,6096,Fletcher,1,0,NEW(H) 1-1,Sunderland,5738,Steven,0,90,2,8,0,0,0,21 Oct 13:30,0,0,74,2,Forward,0,0
0,-20391,Fletcher,0,0,STK(A) 0-0,Sunderland,5739,Steven,0,90,4,9,0,1,0,27 Oct 15:00,0,0,74,2,Forward,0,0
1,-2540,Fletcher,1,0,AVL(H) 0-1,Sunderland,57310,Steven,0,90,-1,10,0,0,0,03 Nov 15:00,0,0,74,1,Forward,0,0
0,-46347,Fletcher,0,0,EVE(A) 1-2,Sunderland,57311,Steven,0,68,-1,11,0,1,0,10 Nov 15:00,0,0,73,2,Forward,0,0
0,-68703,Fletcher,1,0,FUL(A) 3-1,Sunderland,57312,Steven,0,90,38,12,3,0,1,18 Nov 16:00,0,0,70,12,Forward,0,1
0,17265,Fletcher,4,0,WBA(H) 2-4,Sunderland,57313,Steven,0,90,2,13,0,0,1,24 Nov 12:45,0,0,70,5,Forward,0,0
0,27857,Fletcher,0,0,QPR(H) 0-0,Sunderland,57314,Steven,0,90,17,14,1,1,0,27 Nov 19:45,0,0,71,3,Forward,0,0
0,7855,Fletcher,2,0,NOR(A) 1-2,Sunderland,57315,Steven,0,45,1,15,0,0,0,02 Dec 16:00,0,0,71,1,Forward,0,0
1,17129,Fletcher,0,0,RDG(H) 3-0,Sunderland,57316,Steven,0,90,33,16,2,1,0,11 Dec 19:45,0,0,72,7,Forward,0,1
0,-51726,Fletcher,2,0,MUN(A) 1-3,Sunderland,57317,Steven,0,45,3,17,0,0,0,15 Dec 15:00,0,0,72,1,Forward,0,0
0,-31666,Fletcher,0,0,SOU(A) 1-0,Sunderland,57318,Steven,0,90,28,18,2,1,0,22 Dec 15:00,0,0,70,8,Forward,0,1
0,9593,Fletcher,0,0,MCI(H) 1-0,Sunderland,57319,Steven,0,90,9,19,0,1,0,26 Dec 15:00,0,0,70,2,Forward,0,0
0,10411,Fletcher,2,0,TOT(H) 1-2,Sunderland,57320,Steven,0,90,14,20,0,0,1,29 Dec 12:45,0,0,70,5,Forward,0,0
0,1991,Fletcher,3,0,LIV(A) 0-3,Sunderland,57321,Steven,0,90,4,21,0,0,0,02 Jan 19:45,0,0,70,2,Forward,0,0
0,-15425,Fletcher,0,0,WHU(H) 3-0,Sunderland,57322,Steven,0,78,22,22,0,1,1,12 Jan 15:00,0,0,70,5,Forward,0,0
0,-8577,Fletcher,2,0,WIG(A) 3-2,Sunderland,57323,Steven,0,90,57,23,3,0,0,19 Jan 15:00,0,0,70,13,Forward,0,2
0,74249,Fletcher,0,0,SWA(H) 0-0,Sunderland,57324,Steven,0,90,7,24,0,1,0,29 Jan 19:45,0,0,71,2,Forward,0,0
0,20160,Fletcher,2,0,RDG(A) 1-2,Sunderland,57325,Steven,0,90,8,25,0,0,0,02 Feb 15:00,0,0,72,2,Forward,0,0
0,-24470,Fletcher,1,0,ARS(H) 0-1,Sunderland,57326,Steven,0,90,11,26,0,0,0,09 Feb 15:00,0,0,72,2,Forward,0,0
0,1,Fletcher,2,0,WBA(A) 1-2,Sunderland,57327,Steven,0,90,-6,27,0,0,0,23 Feb 15:00,0,0,72,2,Forward,0,0
0,-2606,Fletcher,2,0,FUL(H) 2-2,Sunderland,57328,Steven,0,90,7,28,0,0,0,02 Mar 15:00,0,0,71,2,Forward,0,0
0,12370,Fletcher,3,0,QPR(A) 1-3,Sunderland,57329,Steven,0,90,28,29,1,0,0,09 Mar 15:00,0,0,71,7,Forward,0,1
0,-6825,Fletcher,1,0,NOR(H) 1-1,Sunderland,57330,Steven,0,90,6,30,0,0,0,17 Mar 13:30,0,0,71,2,Forward,0,0
0,-66663,Fletcher,0,0,MUN(H) 0-1,Sunderland,57331,Steven,0,0,0,31,0,0,0,30 Mar 12:45,0,0,70,0,Forward,0,0
0,-26605,Fletcher,0,0,CHE(A) 1-2,Sunderland,57332,Steven,0,0,0,32,0,0,0,07 Apr 15:00,0,0,69,0,Forward,0,0
0,-9502,Fletcher,0,0,NEW(A) 3-0,Sunderland,57333,Steven,0,0,0,33,0,0,0,14 Apr 12:00,0,0,68,0,Forward,0,0
0,-4010,Fletcher,0,0,EVE(H) 1-0,Sunderland,57334,Steven,0,0,0,34,0,0,0,20 Apr 15:00,0,0,68,0,Forward,0,0
0,-3321,Fletcher,0,0,AVL(A) 1-6,Sunderland,57335,Steven,0,0,0,35,0,0,0,29 Apr 20:00,0,0,67,0,Forward,0,0
0,-2361,Fletcher,0,0,STK(H) 1-1,Sunderland,57336,Steven,0,0,0,36,0,0,0,06 May 20:00,0,0,67,0,Forward,0,0
0,-1106,Fletcher,0,0,SOU(H) 1-1,Sunderland,57337,Steven,0,0,0,37,0,0,0,12 May 15:00,0,0,67,0,Forward,0,0
0,-916,Fletcher,0,0,TOT(A) 0-1,Sunderland,57338,Steven,0,0,0,38,0,0,0,19 May 16:00,0,0,67,0,Forward,0,0
0,338,Ki,0,0,SUN(H) 2-2,Swansea,5773,Sung-Yeung,0,13,2,3,0,0,0,01 Sep 15:00,0,0,60,1,Midfielder,0,0
0,224,Ki,0,0,AVL(A) 0-2,Swansea,5774,Sung-Yeung,0,0,0,4,0,0,0,15 Sep 15:00,0,0,60,0,Midfielder,0,0
1,-54,Ki,3,0,EVE(H) 0-3,Swansea,5775,Sung-Yeung,0,90,6,5,0,0,0,22 Sep 12:45,0,0,60,1,Midfielder,0,0
0,178,Ki,2,0,STK(A) 0-2,Swansea,5776,Sung-Yeung,0,90,4,6,0,0,0,29 Sep 15:00,0,0,60,2,Midfielder,0,0
0,42,Ki,2,0,RDG(H) 2-2,Swansea,5777,Sung-Yeung,0,90,16,7,0,0,0,06 Oct 15:00,0,0,60,2,Midfielder,0,0
1,5,Ki,1,0,WIG(H) 2-1,Swansea,5778,Sung-Yeung,0,90,21,8,0,0,0,20 Oct 15:00,0,0,60,1,Midfielder,0,0
0,-46,Ki,1,0,MCI(A) 0-1,Swansea,5779,Sung-Yeung,0,90,0,9,0,0,0,27 Oct 17:30,0,0,60,2,Midfielder,0,0
0,-17,Ki,1,0,CHE(H) 1-1,Swansea,57710,Sung-Yeung,0,90,0,10,0,0,0,03 Nov 15:00,0,0,60,2,Midfielder,0,0
0,51,Ki,1,0,SOU(A) 1-1,Swansea,57711,Sung-Yeung,0,90,12,11,0,0,0,10 Nov 15:00,0,0,60,2,Midfielder,0,0
0,-166,Ki,0,0,NEW(A) 2-1,Swansea,57712,Sung-Yeung,0,0,0,12,0,0,0,17 Nov 15:00,0,0,60,0,Midfielder,0,0
0,-89,Ki,0,0,LIV(H) 0-0,Swansea,57713,Sung-Yeung,0,45,3,13,0,0,0,25 Nov 13:30,0,0,60,1,Midfielder,0,0
0,1,Ki,1,0,WBA(H) 3-1,Swansea,57714,Sung-Yeung,0,90,10,14,0,0,0,28 Nov 19:45,0,0,60,2,Midfielder,0,0
0,3,Ki,0,0,ARS(A) 2-0,Swansea,57715,Sung-Yeung,0,90,17,15,0,1,0,01 Dec 15:00,0,0,60,3,Midfielder,0,0
0,47,Ki,4,0,NOR(H) 3-4,Swansea,57716,Sung-Yeung,0,90,12,16,0,0,0,08 Dec 15:00,0,0,60,2,Midfielder,0,0
0,-17,Ki,0,0,TOT(A) 0-1,Swansea,57717,Sung-Yeung,0,74,4,17,0,1,0,16 Dec 13:30,0,0,60,3,Midfielder,0,0
0,1,Ki,0,0,MUN(H) 1-1,Swansea,57718,Sung-Yeung,0,29,2,18,0,0,0,23 Dec 13:30,0,0,60,1,Midfielder,0,0
0,-22,Ki,0,0,RDG(A) 0-0,Swansea,57719,Sung-Yeung,0,90,11,19,1,1,0,26 Dec 15:00,0,0,60,4,Midfielder,0,0
0,1,Ki,1,0,FUL(A) 2-1,Swansea,57720,Sung-Yeung,0,45,12,20,0,0,0,29 Dec 15:00,0,0,60,1,Midfielder,0,0
0,-23,Ki,1,0,AVL(H) 2-2,Swansea,57721,Sung-Yeung,0,29,5,21,0,0,1,01 Jan 15:00,0,0,60,4,Midfielder,0,0
0,-23,Ki,0,0,EVE(A) 0-0,Swansea,57722,Sung-Yeung,0,90,12,22,0,1,0,12 Jan 15:00,0,0,60,3,Midfielder,0,0
0,6,Ki,1,0,STK(H) 3-1,Swansea,57723,Sung-Yeung,0,90,15,23,0,0,1,19 Jan 15:00,0,0,60,5,Midfielder,0,0
0,65,Ki,0,0,SUN(A) 0-0,Swansea,57724,Sung-Yeung,0,31,4,24,0,0,0,29 Jan 19:45,0,0,60,1,Midfielder,0,0
0,-10,Ki,1,0,WHU(A) 0-1,Swansea,57725,Sung-Yeung,0,90,17,25,0,0,0,02 Feb 15:00,0,0,60,2,Midfielder,0,0
0,81,Ki,0,0,LIV(A) 0-5,Swansea,57726,Sung-Yeung,0,0,0,26,0,0,0,17 Feb 15:00,0,0,60,0,Midfielder,0,0
0,-9,Ki,0,0,NEW(H) 1-0,Swansea,57728,Sung-Yeung,0,31,10,28,0,0,0,02 Mar 15:00,0,0,60,1,Midfielder,0,0
0,1,Ki,2,0,WBA(A) 1-2,Swansea,57729,Sung-Yeung,0,90,15,29,0,0,0,09 Mar 15:00,0,0,60,2,Midfielder,0,0
0,-13,Ki,0,0,ARS(H) 0-2,Swansea,57730,Sung-Yeung,0,65,0,30,0,1,0,16 Mar 15:00,0,0,60,3,Midfielder,0,0
0,11,Ki,0,0,TOT(H) 1-2,Swansea,57731,Sung-Yeung,0,34,8,31,0,0,1,30 Mar 15:00,0,0,60,4,Midfielder,0,0
0,22,Ki,2,0,NOR(A) 2-2,Swansea,57732,Sung-Yeung,0,90,14,32,0,0,0,06 Apr 15:00,0,0,60,2,Midfielder,0,0
0,15,Ki,0,0,SOU(H) 0-0,Swansea,57734,Sung-Yeung,0,30,-1,34,0,0,0,20 Apr 15:00,0,0,60,1,Midfielder,0,0
0,-8,Ki,2,0,CHE(A) 0-2,Swansea,57735,Sung-Yeung,0,90,5,35,0,0,0,28 Apr 15:00,0,0,60,2,Midfielder,0,0
0,29,Ki,0,0,WIG(A) 3-2,Swansea,57736,Sung-Yeung,0,0,0,36,0,0,0,07 May 19:45,0,0,60,0,Midfielder,0,0
0,-30,Ki,0,0,MUN(A) 1-2,Swansea,57737,Sung-Yeung,0,0,0,37,0,0,0,12 May 16:00,0,0,60,0,Midfielder,0,0
0,-36,Ki,0,0,FUL(H) 0-3,Swansea,57738,Sung-Yeung,0,0,0,38,0,0,0,19 May 16:00,0,0,60,0,Midfielder,0,0
0,3140,Maicon,1,0,STK(A) 1-1,Man City,5944,Sisenando,0,90,17,4,1,0,0,15 Sep 15:00,0,0,65,3,Defender,0,0
0,1794,Maicon,0,0,ARS(H) 1-1,Man City,5945,Sisenando,0,0,0,5,0,0,0,23 Sep 16:00,0,0,65,0,Defender,0,0
0,-1726,Maicon,0,0,FUL(A) 2-1,Man City,5946,Sisenando,0,0,0,6,0,0,0,29 Sep 15:00,0,0,65,0,Defender,0,0
0,-1748,Maicon,0,0,SUN(H) 3-0,Man City,5947,Sisenando,0,0,0,7,0,0,0,06 Oct 12:45,0,0,64,0,Defender,0,0
0,-938,Maicon,0,0,WBA(A) 2-1,Man City,5948,Sisenando,0,0,0,8,0,0,0,20 Oct 15:00,0,0,63,0,Defender,0,0
0,-330,Maicon,0,0,SWA(H) 1-0,Man City,5949,Sisenando,0,0,0,9,0,0,0,27 Oct 17:30,0,0,63,0,Defender,0,0
0,-241,Maicon,0,0,WHU(A) 0-0,Man City,59410,Sisenando,0,0,0,10,0,0,0,03 Nov 17:30,0,0,63,0,Defender,0,0
0,-75,Maicon,0,0,TOT(H) 2-1,Man City,59411,Sisenando,0,35,6,11,0,0,0,11 Nov 13:30,0,0,63,1,Defender,0,0
0,369,Maicon,0,0,AVL(H) 5-0,Man City,59412,Sisenando,0,90,12,12,0,1,0,17 Nov 15:00,0,0,63,6,Defender,0,0
0,495,Maicon,0,0,CHE(A) 0-0,Man City,59413,Sisenando,0,0,0,13,0,0,0,25 Nov 16:00,0,0,63,0,Defender,0,0
0,-56,Maicon,0,0,WIG(A) 2-0,Man City,59414,Sisenando,0,90,9,14,0,1,0,28 Nov 20:00,0,0,63,6,Defender,0,0
0,339,Maicon,1,0,EVE(H) 1-1,Man City,59415,Sisenando,0,90,15,15,1,0,0,01 Dec 15:00,0,0,63,3,Defender,0,0
0,275,Maicon,0,0,MUN(H) 2-3,Man City,59416,Sisenando,0,0,0,16,0,0,0,09 Dec 13:30,0,0,63,0,Defender,0,0
0,-374,Maicon,0,0,NEW(A) 3-1,Man City,59417,Sisenando,0,0,0,17,0,0,0,15 Dec 12:45,0,0,63,0,Defender,0,0
0,-492,Maicon,0,0,RDG(H) 1-0,Man City,59418,Sisenando,0,0,0,18,0,0,0,22 Dec 15:00,0,0,63,0,Defender,0,0
0,-393,Maicon,0,0,SUN(A) 0-1,Man City,59419,Sisenando,0,0,0,19,0,0,0,26 Dec 15:00,0,0,63,0,Defender,0,0
0,-293,Maicon,0,0,NOR(A) 4-3,Man City,59420,Sisenando,0,0,0,20,0,0,0,29 Dec 15:00,0,0,63,0,Defender,0,0
0,-204,Maicon,0,0,STK(H) 3-0,Man City,59421,Sisenando,0,0,0,21,0,0,0,01 Jan 15:00,0,0,63,0,Defender,0,0
0,-266,Maicon,0,0,ARS(A) 2-0,Man City,59422,Sisenando,0,0,0,22,0,0,0,13 Jan 16:00,0,0,62,0,Defender,0,0
0,-90,Maicon,0,0,FUL(H) 2-0,Man City,59423,Sisenando,0,0,0,23,0,0,0,19 Jan 15:00,0,0,62,0,Defender,0,0
0,-80,Maicon,0,0,QPR(A) 0-0,Man City,59424,Sisenando,0,0,0,24,0,0,0,29 Jan 19:45,0,0,62,0,Defender,0,0
0,-24,Maicon,0,0,LIV(H) 2-2,Man City,59425,Sisenando,0,17,-2,25,0,0,0,03 Feb 16:00,0,0,62,1,Defender,0,0
0,6,Maicon,0,0,SOU(A) 1-3,Man City,59426,Sisenando,0,18,1,26,0,0,0,09 Feb 17:30,0,0,62,1,Defender,0,0
0,-8,Maicon,0,0,CHE(H) 2-0,Man City,59427,Sisenando,0,0,0,27,0,0,0,24 Feb 13:30,0,0,62,0,Defender,0,0
0,-22,Maicon,0,0,AVL(A) 1-0,Man City,59428,Sisenando,0,0,0,28,0,0,0,04 Mar 20:00,0,0,62,0,Defender,0,0
0,-17,Maicon,0,0,EVE(A) 0-2,Man City,59430,Sisenando,0,0,0,30,0,0,0,16 Mar 12:45,0,0,62,0,Defender,0,0
0,-1,Maicon,0,0,NEW(H) 4-0,Man City,59431,Sisenando,0,0,0,31,0,0,0,30 Mar 15:00,0,0,62,0,Defender,0,0
0,-8,Maicon,0,0,MUN(A) 2-1,Man City,59432,Sisenando,0,0,0,32,0,0,0,08 Apr 20:00,0,0,62,0,Defender,0,0
0,-5,Maicon,0,0,WIG(H) 1-0,Man City,59433,Sisenando,0,0,0,33,0,0,0,17 Apr 19:45,0,0,62,0,Defender,0,0
0,-4,Maicon,0,0,TOT(A) 1-3,Man City,59434,Sisenando,0,0,0,34,0,0,0,21 Apr 13:30,0,0,62,0,Defender,0,0
0,-4,Maicon,0,0,WHU(H) 2-1,Man City,59435,Sisenando,0,0,0,35,0,0,0,27 Apr 12:45,0,0,62,0,Defender,0,0
0,-3,Maicon,0,0,WBA(H) 1-0,Man City,59436,Sisenando,0,15,-1,36,0,0,0,07 May 19:45,0,0,62,1,Defender,0,0
0,-2,Maicon,0,0,RDG(A) 2-0,Man City,59437,Sisenando,0,76,15,37,0,1,0,14 May 20:00,0,0,62,6,Defender,0,0
0,47,Maicon,0,0,NOR(H) 2-3,Man City,59438,Sisenando,0,0,0,38,0,0,0,19 May 16:00,0,0,62,0,Defender,0,0
0,510,Mbia,0,0,CHE(H) 0-0,QPR,5954,Stephane,0,0,0,4,0,0,0,15 Sep 15:00,0,0,50,0,Defender,0,0
0,-131,Mbia,0,0,TOT(A) 1-2,QPR,5955,Stephane,0,0,0,5,0,0,0,23 Sep 16:00,0,0,50,0,Defender,0,0
0,-32,Mbia,2,0,WHU(H) 1-2,QPR,5956,Stephane,0,90,8,6,0,0,0,01 Oct 20:00,0,0,50,1,Defender,0,0
0,45,Mbia,2,0,WBA(A) 2-3,QPR,5957,Stephane,0,69,4,7,0,0,0,06 Oct 15:00,0,0,50,1,Defender,0,0
0,-26,Mbia,1,0,EVE(H) 1-1,QPR,5958,Stephane,0,90,11,8,0,0,0,21 Oct 16:00,0,0,50,2,Defender,0,0
0,-14,Mbia,1,0,ARS(A) 0-1,QPR,5959,Stephane,0,79,-1,9,0,0,0,27 Oct 15:00,0,0,50,-1,Defender,1,0
0,-137,Mbia,0,0,RDG(H) 1-1,QPR,59510,Stephane,0,0,0,10,0,0,0,04 Nov 13:30,0,0,50,0,Defender,0,0
0,-60,Mbia,0,0,STK(A) 0-1,QPR,59511,Stephane,0,0,0,11,0,0,0,10 Nov 15:00,0,0,49,0,Defender,0,0
0,-44,Mbia,0,0,SOU(H) 1-3,QPR,59512,Stephane,0,0,0,12,0,0,0,17 Nov 15:00,0,0,49,0,Defender,0,0
1,-10,Mbia,3,0,MUN(A) 1-3,QPR,59513,Stephane,0,90,3,13,0,0,0,24 Nov 15:00,0,0,49,0,Defender,0,0
0,47,Mbia,0,0,SUN(A) 0-0,QPR,59514,Stephane,0,90,8,14,0,1,0,27 Nov 19:45,0,0,49,6,Defender,0,0
0,220,Mbia,1,0,AVL(H) 1-1,QPR,59515,Stephane,0,38,-1,15,0,0,0,01 Dec 15:00,0,0,49,1,Defender,0,0
0,-35,Mbia,2,0,WIG(A) 2-2,QPR,59516,Stephane,0,90,14,16,0,0,0,08 Dec 15:00,0,0,49,1,Defender,0,0
0,23,Mbia,1,0,FUL(H) 2-1,QPR,59517,Stephane,0,90,10,17,0,0,0,15 Dec 15:00,0,0,49,2,Defender,0,0
0,24,Mbia,1,0,NEW(A) 0-1,QPR,59518,Stephane,0,90,0,18,0,0,0,22 Dec 15:00,0,0,49,2,Defender,0,0
1,29,Mbia,2,0,WBA(H) 1-2,QPR,59519,Stephane,0,90,6,19,0,0,1,26 Dec 15:00,0,0,49,3,Defender,0,0
1,53,Mbia,3,0,LIV(H) 0-3,QPR,59520,Stephane,0,90,4,20,0,0,0,30 Dec 16:00,0,0,49,0,Defender,0,0
0,-10,Mbia,0,0,CHE(A) 1-0,QPR,59521,Stephane,0,90,15,21,0,1,0,02 Jan 19:45,0,0,49,6,Defender,0,0
1,167,Mbia,0,0,TOT(H) 0-0,QPR,59522,Stephane,0,90,8,22,0,1,0,12 Jan 12:45,0,0,49,5,Defender,0,0
0,326,Mbia,1,0,WHU(A) 1-1,QPR,59523,Stephane,0,90,11,23,0,0,0,19 Jan 15:00,0,0,49,2,Defender,0,0
1,238,Mbia,0,0,MCI(H) 0-0,QPR,59524,Stephane,0,90,8,24,0,1,0,29 Jan 19:45,0,0,49,5,Defender,0,0
1,959,Mbia,0,0,NOR(H) 0-0,QPR,59525,Stephane,0,68,5,25,0,1,0,02 Feb 12:45,0,0,49,5,Defender,0,0
0,103,Mbia,4,0,SWA(A) 1-4,QPR,59526,Stephane,0,90,-3,26,0,0,0,09 Feb 15:00,0,0,49,0,Defender,0,0
0,-125,Mbia,2,0,MUN(H) 0-2,QPR,59527,Stephane,0,90,7,27,0,0,0,23 Feb 15:00,0,0,49,1,Defender,0,0
1,-54,Mbia,1,0,SOU(A) 2-1,QPR,59528,Stephane,0,90,12,28,0,0,0,02 Mar 15:00,0,0,49,1,Defender,0,0
0,606,Mbia,1,0,SUN(H) 3-1,QPR,59529,Stephane,0,90,19,29,0,0,0,09 Mar 15:00,0,0,49,2,Defender,0,0
1,-120,Mbia,3,0,AVL(A) 2-3,QPR,59530,Stephane,0,90,-1,30,0,0,0,16 Mar 15:00,0,0,49,0,Defender,0,0
0,-228,Mbia,3,0,FUL(A) 2-3,QPR,59531,Stephane,0,90,15,31,0,0,1,01 Apr 20:00,0,0,49,4,Defender,0,0
0,114,Mbia,1,0,WIG(H) 1-1,QPR,59532,Stephane,0,90,17,32,2,0,1,07 Apr 16:10,0,0,49,7,Defender,0,0
0,6,Mbia,0,0,EVE(A) 0-2,QPR,59533,Stephane,0,0,0,33,0,0,0,13 Apr 15:00,0,0,49,0,Defender,0,0
0,174,Mbia,2,0,STK(H) 0-2,QPR,59534,Stephane,0,90,-5,34,0,0,0,20 Apr 15:00,0,0,49,1,Defender,0,0
0,-92,Mbia,0,0,RDG(A) 0-0,QPR,59535,Stephane,0,88,6,35,0,1,0,28 Apr 13:30,0,0,49,6,Defender,0,0
0,-237,Mbia,1,0,ARS(H) 0-1,QPR,59536,Stephane,0,45,-2,36,0,0,0,04 May 17:30,0,0,49,1,Defender,0,0
1,-74,Mbia,2,0,NEW(H) 1-2,QPR,59537,Stephane,0,45,1,37,0,0,0,12 May 15:00,0,0,49,-1,Defender,0,0
0,-129,Mbia,1,0,LIV(A) 0-1,QPR,59538,Stephane,0,90,-4,38,0,0,0,19 May 16:00,0,0,49,2,Defender,0,0
0,89,Nzonzi,1,0,MCI(H) 1-1,Stoke City,5974,Steven,0,90,7,4,0,0,0,15 Sep 15:00,0,0,50,2,Midfielder,0,0
0,87,Nzonzi,1,0,CHE(A) 0-1,Stoke City,5975,Steven,0,90,4,5,0,0,0,22 Sep 15:00,0,0,50,2,Midfielder,0,0
0,109,Nzonzi,0,0,SWA(H) 2-0,Stoke City,5976,Steven,0,90,10,6,0,1,0,29 Sep 15:00,0,0,50,3,Midfielder,0,0
0,29,Nzonzi,0,0,LIV(A) 0-0,Stoke City,5977,Steven,0,90,3,7,0,1,0,07 Oct 15:00,0,0,50,3,Midfielder,0,0
0,13,Nzonzi,4,0,MUN(A) 2-4,Stoke City,5978,Steven,0,90,11,8,0,0,1,20 Oct 15:00,0,0,50,5,Midfielder,0,0
0,328,Nzonzi,0,0,SUN(H) 0-0,Stoke City,5979,Steven,0,90,5,9,0,1,0,27 Oct 15:00,0,0,50,3,Midfielder,0,0
0,189,Nzonzi,1,0,NOR(A) 0-1,Stoke City,59710,Steven,0,90,4,10,0,0,0,03 Nov 15:00,0,0,50,2,Midfielder,0,0
1,105,Nzonzi,0,0,QPR(H) 1-0,Stoke City,59711,Steven,0,90,16,11,0,1,0,10 Nov 15:00,0,0,50,2,Midfielder,0,0
0,-17,Nzonzi,1,0,WHU(A) 1-1,Stoke City,59712,Steven,0,90,-2,12,0,0,0,19 Nov 20:00,0,0,50,2,Midfielder,0,0
0,138,Nzonzi,0,0,FUL(H) 1-0,Stoke City,59713,Steven,0,90,16,13,0,1,0,24 Nov 15:00,0,0,50,3,Midfielder,0,0
0,33,Nzonzi,1,0,NEW(H) 2-1,Stoke City,59714,Steven,0,90,17,14,0,0,0,28 Nov 19:45,0,0,50,2,Midfielder,0,0
0,-45,Nzonzi,0,0,WBA(A) 1-0,Stoke City,59715,Steven,0,90,15,15,0,1,0,01 Dec 15:00,0,0,50,3,Midfielder,0,0
0,-25,Nzonzi,0,0,AVL(A) 0-0,Stoke City,59716,Steven,0,90,10,16,0,1,0,08 Dec 15:00,0,0,50,3,Midfielder,0,0
0,-39,Nzonzi,1,0,EVE(H) 1-1,Stoke City,59717,Steven,0,90,15,17,3,0,0,15 Dec 15:00,0,0,50,5,Midfielder,0,0
1,118,Nzonzi,0,0,TOT(A) 0-0,Stoke City,59718,Steven,0,90,8,18,0,1,0,22 Dec 15:00,0,0,50,2,Midfielder,0,0
0,12,Nzonzi,1,0,LIV(H) 3-1,Stoke City,59719,Steven,0,90,14,19,0,0,0,26 Dec 19:45,0,0,50,2,Midfielder,0,0
0,158,Nzonzi,3,0,SOU(H) 3-3,Stoke City,59720,Steven,0,70,3,20,0,0,0,29 Dec 15:00,0,0,50,-1,Midfielder,1,0
1,-176,Nzonzi,3,0,MCI(A) 0-3,Stoke City,59721,Steven,0,90,5,21,0,0,0,01 Jan 15:00,0,0,50,1,Midfielder,0,0
0,-147,Nzonzi,4,0,CHE(H) 0-4,Stoke City,59722,Steven,0,90,16,22,0,0,0,12 Jan 15:00,0,0,50,2,Midfielder,0,0
0,55,Nzonzi,3,0,SWA(A) 1-3,Stoke City,59723,Steven,0,90,6,23,0,0,0,19 Jan 15:00,0,0,50,2,Midfielder,0,0
0,74,Nzonzi,2,0,WIG(H) 2-2,Stoke City,59724,Steven,0,67,6,24,0,0,0,29 Jan 19:45,0,0,50,2,Midfielder,0,0
0,-49,Nzonzi,1,0,ARS(A) 0-1,Stoke City,59725,Steven,0,90,6,25,0,0,0,02 Feb 15:00,0,0,50,2,Midfielder,0,0
0,-14,Nzonzi,1,0,RDG(H) 2-1,Stoke City,59726,Steven,0,90,21,26,0,0,0,09 Feb 15:00,0,0,50,2,Midfielder,0,0
1,8,Nzonzi,1,0,FUL(A) 0-1,Stoke City,59727,Steven,0,90,3,27,0,0,0,23 Feb 12:45,0,0,50,1,Midfielder,0,0
1,-61,Nzonzi,1,0,WHU(H) 0-1,Stoke City,59728,Steven,0,90,4,28,0,0,0,02 Mar 15:00,0,0,50,1,Midfielder,0,0
0,23,Nzonzi,2,0,NEW(A) 1-2,Stoke City,59729,Steven,0,90,7,29,0,0,0,10 Mar 15:00,0,0,50,2,Midfielder,0,0
0,32,Nzonzi,0,0,WBA(H) 0-0,Stoke City,59730,Steven,0,90,11,30,0,1,0,16 Mar 15:00,0,0,50,3,Midfielder,0,0
0,-11,Nzonzi,1,0,EVE(A) 0-1,Stoke City,59731,Steven,0,90,4,31,0,0,0,30 Mar 17:30,0,0,50,2,Midfielder,0,0
0,13,Nzonzi,3,0,AVL(H) 1-3,Stoke City,59732,Steven,0,90,5,32,0,0,0,06 Apr 15:00,0,0,50,2,Midfielder,0,0
0,-29,Nzonzi,2,0,MUN(H) 0-2,Stoke City,59733,Steven,0,90,4,33,0,0,0,14 Apr 14:05,0,0,50,2,Midfielder,0,0
1,10,Nzonzi,0,0,QPR(A) 2-0,Stoke City,59734,Steven,0,90,16,34,0,1,0,20 Apr 15:00,0,0,50,2,Midfielder,0,0
1,14,Nzonzi,0,0,NOR(H) 1-0,Stoke City,59735,Steven,0,90,17,35,0,1,0,27 Apr 15:00,0,0,50,2,Midfielder,0,0
1,-47,Nzonzi,1,0,SUN(A) 1-1,Stoke City,59736,Steven,0,90,12,36,0,0,0,06 May 20:00,0,0,50,1,Midfielder,0,0
0,24,Nzonzi,2,0,TOT(H) 1-2,Stoke City,59737,Steven,0,90,24,37,1,0,0,12 May 13:30,0,0,50,8,Midfielder,0,1
1,195,Nzonzi,1,0,SOU(A) 1-1,Stoke City,59738,Steven,0,90,7,38,0,0,0,19 May 16:00,0,0,50,1,Midfielder,0,0
0,2815,Cesar,0,5,CHE(H) 0-0,QPR,6004,Soares,0,90,13,4,1,1,0,15 Sep 15:00,0,0,50,8,Goalkeeper,0,0
0,15445,Cesar,2,8,TOT(A) 1-2,QPR,6005,Soares,0,90,8,5,0,0,0,23 Sep 16:00,0,0,50,3,Goalkeeper,0,0
0,9196,Cesar,2,3,WHU(H) 1-2,QPR,6006,Soares,0,90,4,6,0,0,0,01 Oct 20:00,0,0,50,2,Goalkeeper,0,0
0,573,Cesar,3,2,WBA(A) 2-3,QPR,6007,Soares,0,90,4,7,0,0,0,06 Oct 15:00,0,0,50,1,Goalkeeper,0,0
0,-3017,Cesar,1,2,EVE(H) 1-1,QPR,6008,Soares,1,90,15,8,2,0,1,21 Oct 16:00,0,0,50,5,Goalkeeper,0,0
0,-1336,Cesar,1,7,ARS(A) 0-1,QPR,6009,Soares,0,90,5,9,0,0,0,27 Oct 15:00,0,0,50,4,Goalkeeper,0,0
0,5849,Cesar,1,2,RDG(H) 1-1,QPR,60010,Soares,0,90,7,10,0,0,0,04 Nov 13:30,0,0,50,2,Goalkeeper,0,0
0,-500,Cesar,1,1,STK(A) 0-1,QPR,60011,Soares,0,90,6,11,0,0,0,10 Nov 15:00,0,0,50,2,Goalkeeper,0,0
0,-705,Cesar,3,7,SOU(H) 1-3,QPR,60012,Soares,0,90,7,12,0,0,0,17 Nov 15:00,0,0,50,3,Goalkeeper,0,0
0,-3124,Cesar,3,4,MUN(A) 1-3,QPR,60013,Soares,0,90,5,13,0,0,0,24 Nov 15:00,0,0,50,2,Goalkeeper,0,0
0,270,Cesar,0,1,SUN(A) 0-0,QPR,60014,Soares,0,45,7,14,0,0,0,27 Nov 19:45,0,0,50,1,Goalkeeper,0,0
0,-5382,Cesar,0,0,AVL(H) 1-1,QPR,60015,Soares,0,0,0,15,0,0,0,01 Dec 15:00,0,0,50,0,Goalkeeper,0,0
0,-3542,Cesar,0,0,WIG(A) 2-2,QPR,60016,Soares,0,0,0,16,0,0,0,08 Dec 15:00,0,0,50,0,Goalkeeper,0,0
0,-1842,Cesar,0,0,FUL(H) 2-1,QPR,60017,Soares,0,0,0,17,0,0,0,15 Dec 15:00,0,0,50,0,Goalkeeper,0,0
0,-1251,Cesar,0,0,NEW(A) 0-1,QPR,60018,Soares,0,0,0,18,0,0,0,22 Dec 15:00,0,0,50,0,Goalkeeper,0,0
0,-2286,Cesar,0,0,WBA(H) 1-2,QPR,60019,Soares,0,0,0,19,0,0,0,26 Dec 15:00,0,0,49,0,Goalkeeper,0,0
0,-739,Cesar,3,3,LIV(H) 0-3,QPR,60020,Soares,0,90,6,20,0,0,0,30 Dec 16:00,0,0,49,2,Goalkeeper,0,0
0,-573,Cesar,0,3,CHE(A) 1-0,QPR,60021,Soares,0,90,18,21,0,1,0,02 Jan 19:45,0,0,49,7,Goalkeeper,0,0
0,1835,Cesar,0,6,TOT(H) 0-0,QPR,60022,Soares,0,90,13,22,0,1,0,12 Jan 12:45,0,0,49,8,Goalkeeper,0,0
0,7594,Cesar,1,6,WHU(A) 1-1,QPR,60023,Soares,0,90,11,23,0,0,0,19 Jan 15:00,0,0,49,4,Goalkeeper,0,0
0,10214,Cesar,0,4,MCI(H) 0-0,QPR,60024,Soares,0,90,14,24,0,1,0,29 Jan 19:45,0,0,49,7,Goalkeeper,0,0
0,42076,Cesar,0,6,NOR(H) 0-0,QPR,60025,Soares,0,90,13,25,0,1,0,02 Feb 12:45,0,0,50,8,Goalkeeper,0,0
0,11978,Cesar,4,5,SWA(A) 1-4,QPR,60026,Soares,0,90,5,26,0,0,0,09 Feb 15:00,0,0,50,1,Goalkeeper,0,0
0,-1931,Cesar,2,4,MUN(H) 0-2,QPR,60027,Soares,0,90,4,27,0,0,0,23 Feb 15:00,0,0,50,2,Goalkeeper,0,0
0,-868,Cesar,1,3,SOU(A) 2-1,QPR,60028,Soares,0,73,13,28,0,0,0,02 Mar 15:00,0,0,50,3,Goalkeeper,0,0
0,-4495,Cesar,0,0,SUN(H) 3-1,QPR,60029,Soares,0,0,0,29,0,0,0,09 Mar 15:00,0,0,50,0,Goalkeeper,0,0
0,-9533,Cesar,3,3,AVL(A) 2-3,QPR,60030,Soares,0,90,4,30,0,0,0,16 Mar 15:00,0,0,50,2,Goalkeeper,0,0
0,-1482,Cesar,3,2,FUL(A) 2-3,QPR,60031,Soares,0,90,4,31,0,0,0,01 Apr 20:00,0,0,50,1,Goalkeeper,0,0
0,-850,Cesar,1,5,WIG(H) 1-1,QPR,60032,Soares,0,90,8,32,0,0,0,07 Apr 16:10,0,0,50,3,Goalkeeper,0,0
0,-4693,Cesar,2,4,EVE(A) 0-2,QPR,60033,Soares,0,90,7,33,0,0,0,13 Apr 15:00,0,0,50,2,Goalkeeper,0,0
0,-477,Cesar,0,0,STK(H) 0-2,QPR,60034,Soares,0,0,0,34,0,0,0,20 Apr 15:00,0,0,49,0,Goalkeeper,0,0
0,-2876,Cesar,0,0,RDG(A) 0-0,QPR,60035,Soares,0,0,0,35,0,0,0,28 Apr 13:30,0,0,49,0,Goalkeeper,0,0
0,-5110,Cesar,0,0,ARS(H) 0-1,QPR,60036,Soares,0,0,0,36,0,0,0,04 May 17:30,0,0,48,0,Goalkeeper,0,0
0,-3094,Cesar,0,0,NEW(H) 1-2,QPR,60037,Soares,0,0,0,37,0,0,0,12 May 15:00,0,0,48,0,Goalkeeper,0,0
0,-2687,Cesar,0,0,LIV(A) 0-1,QPR,60038,Soares,0,0,0,38,0,0,0,19 May 16:00,0,0,47,0,Goalkeeper,0,0
0,0,Gnabry,0,0,NOR(A) 0-1,Arsenal,6148,Serge,0,8,-6,8,0,0,0,20 Oct 17:30,0,0,45,1,Midfielder,0,0
0,102,Gnabry,0,0,QPR(H) 1-0,Arsenal,6149,Serge,0,0,0,9,0,0,0,27 Oct 15:00,0,0,45,0,Midfielder,0,0
0,24,Gnabry,0,0,MUN(A) 1-2,Arsenal,61410,Serge,0,0,0,10,0,0,0,03 Nov 12:45,0,0,45,0,Midfielder,0,0
0,3,Gnabry,0,0,FUL(H) 3-3,Arsenal,61411,Serge,0,0,0,11,0,0,0,10 Nov 15:00,0,0,45,0,Midfielder,0,0
0,3,Gnabry,0,0,TOT(H) 5-2,Arsenal,61412,Serge,0,0,0,12,0,0,0,17 Nov 12:45,0,0,45,0,Midfielder,0,0
0,-20,Gnabry,0,0,AVL(A) 0-0,Arsenal,61413,Serge,0,0,0,13,0,0,0,24 Nov 17:30,0,0,44,0,Midfielder,0,0
0,-3,Gnabry,0,0,EVE(A) 1-1,Arsenal,61414,Serge,0,0,0,14,0,0,0,28 Nov 19:45,0,0,43,0,Midfielder,0,0
0,17,Gnabry,0,0,SWA(H) 0-2,Arsenal,61415,Serge,0,0,0,15,0,0,0,01 Dec 15:00,0,0,43,0,Midfielder,0,0
0,9,Gnabry,0,0,WBA(H) 2-0,Arsenal,61416,Serge,0,0,0,16,0,0,0,08 Dec 15:00,0,0,43,0,Midfielder,0,0
0,-1,Gnabry,0,0,RDG(A) 5-2,Arsenal,61417,Serge,0,0,0,17,0,0,0,17 Dec 20:00,0,0,43,0,Midfielder,0,0
0,6,Gnabry,0,0,WIG(A) 1-0,Arsenal,61418,Serge,0,0,0,18,0,0,0,22 Dec 12:45,0,0,43,0,Midfielder,0,0
0,-4,Gnabry,0,0,NEW(H) 7-3,Arsenal,61420,Serge,0,0,0,20,0,0,0,29 Dec 17:30,0,0,43,0,Midfielder,0,0
0,-2,Gnabry,0,0,SOU(A) 1-1,Arsenal,61421,Serge,0,0,0,21,0,0,0,01 Jan 17:30,0,0,43,0,Midfielder,0,0
0,-2,Gnabry,0,0,MCI(H) 0-2,Arsenal,61422,Serge,0,0,0,22,0,0,0,13 Jan 16:00,0,0,43,0,Midfielder,0,0
0,5,Gnabry,0,0,WHU(H) 5-1,Arsenal,61423,Serge,0,0,0,23,0,0,0,23 Jan 19:45,0,0,43,0,Midfielder,0,0
0,5,Gnabry,0,0,LIV(H) 2-2,Arsenal,61424,Serge,0,0,0,24,0,0,0,30 Jan 19:45,0,0,43,0,Midfielder,0,0
0,6,Gnabry,0,0,STK(H) 1-0,Arsenal,61425,Serge,0,0,0,25,0,0,0,02 Feb 15:00,0,0,43,0,Midfielder,0,0
0,1,Gnabry,0,0,SUN(A) 1-0,Arsenal,61426,Serge,0,0,0,26,0,0,0,09 Feb 15:00,0,0,43,0,Midfielder,0,0
0,6,Gnabry,0,0,AVL(H) 2-1,Arsenal,61427,Serge,0,0,0,27,0,0,0,23 Feb 15:00,0,0,43,0,Midfielder,0,0
0,1,Gnabry,0,0,TOT(A) 1-2,Arsenal,61428,Serge,0,0,0,28,0,0,0,03 Mar 16:00,0,0,43,0,Midfielder,0,0
0,6,Gnabry,0,0,SWA(A) 2-0,Arsenal,61430,Serge,0,0,0,30,0,0,0,16 Mar 15:00,0,0,43,0,Midfielder,0,0
0,14,Gnabry,0,0,RDG(H) 4-1,Arsenal,61431,Serge,0,0,0,31,0,0,0,30 Mar 15:00,0,0,43,0,Midfielder,0,0
0,1,Gnabry,0,0,WBA(A) 2-1,Arsenal,61432,Serge,0,0,0,32,0,0,0,06 Apr 15:00,0,0,43,0,Midfielder,0,0
0,2,Gnabry,0,0,EVE(H) 0-0,Arsenal,61433,Serge,0,0,0,33,0,0,0,16 Apr 19:45,0,0,43,0,Midfielder,0,0
0,8,Gnabry,0,0,FUL(A) 1-0,Arsenal,61434,Serge,0,0,0,34,0,0,0,20 Apr 15:00,0,0,43,0,Midfielder,0,0
0,-6,Gnabry,0,0,MUN(H) 1-1,Arsenal,61435,Serge,0,0,0,35,0,0,0,28 Apr 16:00,0,0,43,0,Midfielder,0,0
0,1,Gnabry,0,0,QPR(A) 1-0,Arsenal,61436,Serge,0,0,0,36,0,0,0,04 May 17:30,0,0,43,0,Midfielder,0,0
0,3,Gnabry,0,0,WIG(H) 4-1,Arsenal,61437,Serge,0,0,0,37,0,0,0,14 May 19:45,0,0,43,0,Midfielder,0,0
0,6,Gnabry,0,0,NEW(A) 1-0,Arsenal,61438,Serge,0,0,0,38,0,0,0,19 May 16:00,0,0,43,0,Midfielder,0,0
0,0,Morrison,1,0,QPR(A) 1-1,Reading,62210,Sean,0,90,16,10,1,0,1,04 Nov 13:30,0,0,40,6,Defender,0,0
0,2595,Morrison,0,0,NOR(H) 0-0,Reading,62211,Sean,0,90,14,11,1,1,0,10 Nov 15:00,0,0,40,7,Defender,0,0
0,5871,Morrison,1,0,EVE(H) 2-1,Reading,62212,Sean,0,90,21,12,0,0,0,17 Nov 15:00,0,0,40,2,Defender,0,0
0,1019,Morrison,3,0,WIG(A) 2-3,Reading,62213,Sean,0,90,24,13,1,0,0,24 Nov 15:00,0,0,40,8,Defender,0,1
0,3543,Morrison,1,0,AVL(A) 0-1,Reading,62214,Sean,0,90,2,14,0,0,0,27 Nov 20:00,0,0,40,2,Defender,0,0
0,2213,Morrison,4,0,MUN(H) 3-4,Reading,62215,Sean,0,90,24,15,1,0,0,01 Dec 17:30,0,0,40,7,Defender,0,1
0,23983,Morrison,0,0,SUN(A) 0-3,Reading,62216,Sean,0,0,0,16,0,0,0,11 Dec 19:45,0,0,40,0,Defender,0,0
0,-7835,Morrison,0,0,ARS(H) 2-5,Reading,62217,Sean,0,0,0,17,0,0,0,17 Dec 20:00,0,0,41,0,Defender,0,0
0,-4929,Morrison,0,0,MCI(A) 0-1,Reading,62218,Sean,0,0,0,18,0,0,0,22 Dec 15:00,0,0,40,0,Defender,0,0
0,-3129,Morrison,0,0,SWA(H) 0-0,Reading,62219,Sean,0,0,0,19,0,0,0,26 Dec 15:00,0,0,39,0,Defender,0,0
0,1815,Morrison,0,0,WHU(H) 1-0,Reading,62220,Sean,0,0,0,20,0,0,0,29 Dec 15:00,0,0,39,0,Defender,0,0
0,819,Morrison,0,0,TOT(A) 1-3,Reading,62221,Sean,0,0,0,21,0,0,0,01 Jan 15:00,0,0,39,0,Defender,0,0
0,1368,Morrison,0,0,WBA(H) 3-2,Reading,62222,Sean,0,0,0,22,0,0,0,12 Jan 15:00,0,0,39,0,Defender,0,0
0,-1605,Morrison,0,0,NEW(A) 2-1,Reading,62223,Sean,0,0,0,23,0,0,0,19 Jan 15:00,0,0,39,0,Defender,0,0
0,-1506,Morrison,0,0,CHE(H) 2-2,Reading,62224,Sean,0,0,0,24,0,0,0,30 Jan 20:00,0,0,39,0,Defender,0,0
0,-1606,Morrison,0,0,SUN(H) 2-1,Reading,62225,Sean,0,0,0,25,0,0,0,02 Feb 15:00,0,0,39,0,Defender,0,0
0,-465,Morrison,0,0,STK(A) 1-2,Reading,62226,Sean,0,0,0,26,0,0,0,09 Feb 15:00,0,0,38,0,Defender,0,0
0,761,Morrison,3,0,WIG(H) 0-3,Reading,62227,Sean,0,90,3,27,0,0,0,23 Feb 15:00,0,0,38,1,Defender,0,0
0,3208,Morrison,0,0,EVE(A) 1-3,Reading,62228,Sean,0,0,0,28,0,0,0,02 Mar 15:00,0,0,38,0,Defender,0,0
0,1083,Morrison,0,0,AVL(H) 1-2,Reading,62229,Sean,0,0,0,29,0,0,0,09 Mar 15:00,0,0,38,0,Defender,0,0
0,65,Morrison,0,0,MUN(A) 0-1,Reading,62230,Sean,0,3,-4,30,0,0,0,16 Mar 17:30,0,0,38,1,Defender,0,0
0,-305,Morrison,0,0,ARS(A) 1-4,Reading,62231,Sean,0,0,0,31,0,0,0,30 Mar 15:00,0,0,38,0,Defender,0,0
0,-378,Morrison,2,0,SOU(H) 0-2,Reading,62232,Sean,0,90,-2,32,0,0,0,06 Apr 12:45,0,0,38,1,Defender,0,0
0,-106,Morrison,0,0,LIV(H) 0-0,Reading,62233,Sean,0,90,19,33,2,1,0,13 Apr 15:00,0,0,38,8,Defender,0,0
0,2848,Morrison,2,0,NOR(A) 1-2,Reading,62234,Sean,0,90,3,34,0,0,0,20 Apr 15:00,0,0,38,1,Defender,0,0
0,4248,Morrison,0,0,QPR(H) 0-0,Reading,62235,Sean,0,90,13,35,1,1,0,28 Apr 13:30,0,0,38,7,Defender,0,0
0,5183,Morrison,2,0,FUL(A) 4-2,Reading,62236,Sean,0,90,24,36,0,0,0,04 May 15:00,0,0,38,1,Defender,0,0
0,2083,Morrison,2,0,MCI(H) 0-2,Reading,62237,Sean,0,90,13,37,0,0,0,14 May 20:00,0,0,38,1,Defender,0,0
0,1945,Morrison,4,0,WHU(A) 2-4,Reading,62238,Sean,0,90,2,38,0,0,0,19 May 16:00,0,0,38,0,Defender,0,0
0,0,Johnstone,0,0,NOR(A) 0-1,Man Utd,62412,Sam,0,0,0,12,0,0,0,17 Nov 17:30,0,0,40,0,Goalkeeper,0,0
0,276,Johnstone,0,0,QPR(H) 3-1,Man Utd,62413,Sam,0,0,0,13,0,0,0,24 Nov 15:00,0,0,40,0,Goalkeeper,0,0
0,90,Johnstone,0,0,WHU(H) 1-0,Man Utd,62414,Sam,0,0,0,14,0,0,0,28 Nov 20:00,0,0,40,0,Goalkeeper,0,0
0,137,Johnstone,0,0,RDG(A) 4-3,Man Utd,62415,Sam,0,0,0,15,0,0,0,01 Dec 17:30,0,0,40,0,Goalkeeper,0,0
0,181,Johnstone,0,0,MCI(A) 3-2,Man Utd,62416,Sam,0,0,0,16,0,0,0,09 Dec 13:30,0,0,40,0,Goalkeeper,0,0
0,183,Johnstone,0,0,SUN(H) 3-1,Man Utd,62417,Sam,0,0,0,17,0,0,0,15 Dec 15:00,0,0,40,0,Goalkeeper,0,0
0,147,Johnstone,0,0,SWA(A) 1-1,Man Utd,62418,Sam,0,0,0,18,0,0,0,23 Dec 13:30,0,0,40,0,Goalkeeper,0,0
0,105,Johnstone,0,0,NEW(H) 4-3,Man Utd,62419,Sam,0,0,0,19,0,0,0,26 Dec 15:00,0,0,40,0,Goalkeeper,0,0
0,106,Johnstone,0,0,WBA(H) 2-0,Man Utd,62420,Sam,0,0,0,20,0,0,0,29 Dec 15:00,0,0,40,0,Goalkeeper,0,0
0,132,Johnstone,0,0,WIG(A) 4-0,Man Utd,62421,Sam,0,0,0,21,0,0,0,01 Jan 15:00,0,0,40,0,Goalkeeper,0,0
0,115,Johnstone,0,0,LIV(H) 2-1,Man Utd,62422,Sam,0,0,0,22,0,0,0,13 Jan 13:30,0,0,40,0,Goalkeeper,0,0
0,58,Johnstone,0,0,TOT(A) 1-1,Man Utd,62423,Sam,0,0,0,23,0,0,0,20 Jan 16:00,0,0,40,0,Goalkeeper,0,0
0,13,Johnstone,0,0,SOU(H) 2-1,Man Utd,62424,Sam,0,0,0,24,0,0,0,30 Jan 20:00,0,0,40,0,Goalkeeper,0,0
0,3,Johnstone,0,0,FUL(A) 1-0,Man Utd,62425,Sam,0,0,0,25,0,0,0,02 Feb 17:30,0,0,40,0,Goalkeeper,0,0
0,-9,Johnstone,0,0,EVE(H) 2-0,Man Utd,62426,Sam,0,0,0,26,0,0,0,10 Feb 16:00,0,0,40,0,Goalkeeper,0,0
0,4,Johnstone,0,0,QPR(A) 2-0,Man Utd,62427,Sam,0,0,0,27,0,0,0,23 Feb 15:00,0,0,40,0,Goalkeeper,0,0
0,-16,Johnstone,0,0,NOR(H) 4-0,Man Utd,62428,Sam,0,0,0,28,0,0,0,02 Mar 15:00,0,0,40,0,Goalkeeper,0,0
0,-14,Johnstone,0,0,RDG(H) 1-0,Man Utd,62430,Sam,0,0,0,30,0,0,0,16 Mar 17:30,0,0,40,0,Goalkeeper,0,0
0,-4,Johnstone,0,0,SUN(A) 1-0,Man Utd,62431,Sam,0,0,0,31,0,0,0,30 Mar 12:45,0,0,40,0,Goalkeeper,0,0
0,-11,Johnstone,0,0,MCI(H) 1-2,Man Utd,62432,Sam,0,0,0,32,0,0,0,08 Apr 20:00,0,0,40,0,Goalkeeper,0,0
0,-5,Johnstone,0,0,WHU(A) 2-2,Man Utd,62433,Sam,0,0,0,33,0,0,0,17 Apr 19:45,0,0,40,0,Goalkeeper,0,0
0,-6,Johnstone,0,0,AVL(H) 3-0,Man Utd,62434,Sam,0,0,0,34,0,0,0,22 Apr 20:00,0,0,40,0,Goalkeeper,0,0
0,-1,Johnstone,0,0,ARS(A) 1-1,Man Utd,62435,Sam,0,0,0,35,0,0,0,28 Apr 16:00,0,0,40,0,Goalkeeper,0,0
0,5,Johnstone,0,0,CHE(H) 0-1,Man Utd,62436,Sam,0,0,0,36,0,0,0,05 May 16:00,0,0,40,0,Goalkeeper,0,0
0,-1,Johnstone,0,0,SWA(H) 2-1,Man Utd,62437,Sam,0,0,0,37,0,0,0,12 May 16:00,0,0,40,0,Goalkeeper,0,0
0,9,Johnstone,0,0,WBA(A) 5-5,Man Utd,62438,Sam,0,0,0,38,0,0,0,19 May 16:00,0,0,40,0,Goalkeeper,0,0
0,0,Lletget,0,0,MUN(A) 0-1,West Ham,62914,Sebastian,0,0,0,14,0,0,0,28 Nov 20:00,0,0,45,0,Midfielder,0,0
0,5,Lletget,0,0,CHE(H) 3-1,West Ham,62915,Sebastian,0,0,0,15,0,0,0,01 Dec 12:45,0,0,45,0,Midfielder,0,0
0,7,Lletget,0,0,LIV(H) 2-3,West Ham,62916,Sebastian,0,0,0,16,0,0,0,09 Dec 16:00,0,0,45,0,Midfielder,0,0
0,6,Lletget,0,0,WBA(A) 0-0,West Ham,62917,Sebastian,0,0,0,17,0,0,0,16 Dec 16:00,0,0,45,0,Midfielder,0,0
0,0,Lletget,0,0,EVE(H) 1-2,West Ham,62918,Sebastian,0,0,0,18,0,0,0,22 Dec 15:00,0,0,45,0,Midfielder,0,0
0,10,Lletget,0,0,RDG(A) 0-1,West Ham,62920,Sebastian,0,0,0,20,0,0,0,29 Dec 15:00,0,0,45,0,Midfielder,0,0
0,1,Lletget,0,0,NOR(H) 2-1,West Ham,62921,Sebastian,0,0,0,21,0,0,0,01 Jan 15:00,0,0,45,0,Midfielder,0,0
0,-2,Lletget,0,0,SUN(A) 0-3,West Ham,62922,Sebastian,0,0,0,22,0,0,0,12 Jan 15:00,0,0,45,0,Midfielder,0,0
0,1,Lletget,0,0,ARS(A) 1-5,West Ham,62923,Sebastian,0,0,0,23,0,0,0,23 Jan 19:45,0,0,45,0,Midfielder,0,0
0,0,Lletget,0,0,FUL(A) 1-3,West Ham,62924,Sebastian,0,0,0,24,0,0,0,30 Jan 20:00,0,0,45,0,Midfielder,0,0
0,4,Lletget,0,0,SWA(H) 1-0,West Ham,62925,Sebastian,0,0,0,25,0,0,0,02 Feb 15:00,0,0,45,0,Midfielder,0,0
0,3,Lletget,0,0,AVL(A) 1-2,West Ham,62926,Sebastian,0,0,0,26,0,0,0,10 Feb 13:30,0,0,45,0,Midfielder,0,0
0,4,Lletget,0,0,TOT(H) 2-3,West Ham,62927,Sebastian,0,0,0,27,0,0,0,25 Feb 20:00,0,0,45,0,Midfielder,0,0
0,2,Lletget,0,0,STK(A) 1-0,West Ham,62928,Sebastian,0,0,0,28,0,0,0,02 Mar 15:00,0,0,45,0,Midfielder,0,0
0,3,Lletget,0,0,CHE(A) 0-2,West Ham,62930,Sebastian,0,0,0,30,0,0,0,17 Mar 16:00,0,0,45,0,Midfielder,0,0
0,4,Lletget,0,0,WBA(H) 3-1,West Ham,62931,Sebastian,0,0,0,31,0,0,0,30 Mar 15:00,0,0,45,0,Midfielder,0,0
0,8,Lletget,0,0,LIV(A) 0-0,West Ham,62932,Sebastian,0,0,0,32,0,0,0,07 Apr 13:30,0,0,45,0,Midfielder,0,0
0,1,Lletget,0,0,MUN(H) 2-2,West Ham,62933,Sebastian,0,0,0,33,0,0,0,17 Apr 19:45,0,0,45,0,Midfielder,0,0
0,1,Lletget,0,0,WIG(H) 2-0,West Ham,62934,Sebastian,0,0,0,34,0,0,0,20 Apr 15:00,0,0,45,0,Midfielder,0,0
0,2,Lletget,0,0,MCI(A) 1-2,West Ham,62935,Sebastian,0,0,0,35,0,0,0,27 Apr 12:45,0,0,45,0,Midfielder,0,0
0,2,Lletget,0,0,NEW(H) 0-0,West Ham,62936,Sebastian,0,0,0,36,0,0,0,04 May 15:00,0,0,45,0,Midfielder,0,0
0,5,Lletget,0,0,EVE(A) 0-2,West Ham,62937,Sebastian,0,0,0,37,0,0,0,12 May 15:00,0,0,45,0,Midfielder,0,0
0,8,Lletget,0,0,RDG(H) 4-2,West Ham,62938,Sebastian,0,0,0,38,0,0,0,19 May 16:00,0,0,45,0,Midfielder,0,0
0,93,Dawkins,0,0,EVE(A) 3-3,Aston Villa,67025,Simon,0,0,0,25,0,0,0,02 Feb 15:00,0,0,45,0,Midfielder,0,0
0,35,Dawkins,1,0,WHU(H) 2-1,Aston Villa,67026,Simon,0,27,4,26,0,0,0,10 Feb 13:30,0,0,45,1,Midfielder,0,0
0,0,Dawkins,1,0,ARS(A) 1-2,Aston Villa,67027,Simon,0,9,0,27,0,0,0,23 Feb 15:00,0,0,45,1,Midfielder,0,0
0,-6,Dawkins,0,0,MCI(H) 0-1,Aston Villa,67028,Simon,0,7,-3,28,0,0,0,04 Mar 20:00,0,0,45,1,Midfielder,0,0
0,-9,Dawkins,0,0,RDG(A) 2-1,Aston Villa,67029,Simon,0,0,0,29,0,0,0,09 Mar 15:00,0,0,44,0,Midfielder,0,0
0,7,Dawkins,0,0,QPR(H) 3-2,Aston Villa,67030,Simon,0,0,0,30,0,0,0,16 Mar 15:00,0,0,43,0,Midfielder,0,0
0,-4,Dawkins,0,0,LIV(H) 1-2,Aston Villa,67031,Simon,0,0,0,31,0,0,0,31 Mar 13:30,0,0,43,0,Midfielder,0,0
0,-7,Dawkins,0,0,STK(A) 3-1,Aston Villa,67032,Simon,0,0,0,32,0,0,0,06 Apr 15:00,0,0,43,0,Midfielder,0,0
0,-7,Dawkins,0,0,FUL(H) 1-1,Aston Villa,67033,Simon,0,0,0,33,0,0,0,13 Apr 15:00,0,0,42,0,Midfielder,0,0
0,5,Dawkins,0,0,MUN(A) 0-3,Aston Villa,67034,Simon,0,0,0,34,0,0,0,22 Apr 20:00,0,0,42,0,Midfielder,0,0
0,7,Dawkins,0,0,SUN(H) 6-1,Aston Villa,67035,Simon,0,0,0,35,0,0,0,29 Apr 20:00,0,0,42,0,Midfielder,0,0
0,13,Dawkins,0,0,NOR(A) 2-1,Aston Villa,67036,Simon,0,0,0,36,0,0,0,04 May 15:00,0,0,42,0,Midfielder,0,0
0,3,Dawkins,0,0,CHE(H) 1-2,Aston Villa,67037,Simon,0,0,0,37,0,0,0,11 May 12:45,0,0,42,0,Midfielder,0,0
0,16,Dawkins,0,0,WIG(A) 2-2,Aston Villa,67038,Simon,0,32,4,38,0,0,0,19 May 16:00,0,0,42,1,Midfielder,0,0
0,67,Manolev,0,0,MUN(H) 0-1,Fulham,67425,Stanislav,0,0,0,25,0,0,0,02 Feb 17:30,0,0,45,0,Defender,0,0
1,85,Manolev,0,0,NOR(A) 0-0,Fulham,67426,Stanislav,0,90,12,26,0,1,0,09 Feb 15:00,0,0,45,5,Defender,0,0
0,519,Manolev,0,0,STK(H) 1-0,Fulham,67427,Stanislav,0,0,0,27,0,0,0,23 Feb 12:45,0,0,45,0,Defender,0,0
0,-137,Manolev,0,0,SUN(A) 2-2,Fulham,67428,Stanislav,0,0,0,28,0,0,0,02 Mar 15:00,0,0,45,0,Defender,0,0
0,-51,Manolev,0,0,TOT(A) 1-0,Fulham,67430,Stanislav,0,0,0,30,0,0,0,17 Mar 15:00,0,0,43,0,Defender,0,0
0,-13,Manolev,0,0,QPR(H) 3-2,Fulham,67431,Stanislav,0,0,0,31,0,0,0,01 Apr 20:00,0,0,43,0,Defender,0,0
0,-10,Manolev,0,0,NEW(A) 0-1,Fulham,67432,Stanislav,0,80,4,32,0,1,0,07 Apr 15:00,0,0,42,6,Defender,0,0
0,1189,Manolev,0,0,CHE(H) 0-3,Fulham,67433,Stanislav,0,0,0,33,0,0,0,17 Apr 20:00,0,0,42,0,Defender,0,0
0,0,Manolev,1,0,ARS(H) 0-1,Fulham,67434,Stanislav,0,90,6,34,0,0,0,20 Apr 15:00,0,0,42,2,Defender,0,0
1,-39,Manolev,1,0,EVE(A) 0-1,Fulham,67435,Stanislav,0,90,3,35,0,0,0,27 Apr 15:00,0,0,42,1,Defender,0,0
0,-16,Manolev,0,0,RDG(H) 2-4,Fulham,67436,Stanislav,0,0,0,36,0,0,0,04 May 15:00,0,0,42,0,Defender,0,0
0,-87,Manolev,0,0,LIV(H) 1-3,Fulham,67437,Stanislav,0,0,0,37,0,0,0,12 May 15:00,0,0,42,0,Defender,0,0
0,-79,Manolev,0,0,SWA(A) 3-0,Fulham,67438,Stanislav,0,0,0,38,0,0,0,19 May 16:00,0,0,42,0,Defender,0,0
